record_id,protocol_id,scenario,scenario_index,method,training_seed,evaluation_episode_index,evaluation_seed_e,robot_random_seed,pedestrian_random_seed,robot_count,pedestrian_present,max_steps,control_step_s,safety_envelope,deterministic_action,start_xy_perturbation_m,start_yaw_perturbation_rad,pedestrian_phase_min_s,pedestrian_phase_max_s,pedestrian_speed_factor_min,pedestrian_speed_factor_max,successful_robots,fully_successful_episode,collision_episode,rr_collision_count,rp_collision_count,obstacle_collision_count,timeout_failure_count,deadlock_failure_count,rr_near_miss_count,rp_near_miss_count,average_completion_time_s,makespan_s,flowtime_s,average_waiting_time_s,average_path_length_m,astar_reference_path_length_m,executed_to_astar_ratio,trajectory_straightness,turning_per_m_rad_per_m,sharp_turn_count,min_rr_center_distance_m,min_rp_center_distance_m,safety_filter_intervention_count,safety_filter_evaluated_command_count,intervention_ratio,mean_normalized_intervention_magnitude,max_normalized_intervention_magnitude,pre_filter_min_pred_rr_distance_m,pre_filter_min_pred_rp_distance_m,pre_filter_rr_risk_observation_count,pre_filter_rp_risk_observation_count,mean_policy_inference_time_ms,p95_policy_inference_time_ms,mean_control_step_time_ms,episode_wall_time_s,real_time_factor,checkpoint_sha256,source_commit,config_sha256
main__static_clutter__IPPO__seed0__ep00,main_comparison,static_clutter,0,IPPO,0,0,0,0,,4,0,1800,0.1,ON,1,0.05,0.15,N/A,N/A,N/A,N/A,4,1,0,0,0,0,0,0,0,N/A,35.10792,37.893463,140.43168,1.799764,17.722646,21.1127,0.8394,0.733443,0.891307,1,0.671949,N/A,650,2269,0.286469810489202,0.118078,1.013985,0.571157,,244,,0.763,1.4895,1.1811,36.9521,0.952381,d8d5be0e8626ad49710c77eb6f182799ad00b97f9741ac6aa506e3a139696ef7,10bd6134d1956b59ae9f946801ced612b270f924,01bfa59f2db51d08661fdc0015eecf3c3d46ee084fd5d09ac0d955a2d1e713c7
main__static_clutter__IPPO__seed0__ep01,main_comparison,static_clutter,0,IPPO,0,1,1,1000004,,4,0,1800,0.1,ON,1,0.05,0.15,N/A,N/A,N/A,N/A,4,1,0,0,0,0,0,0,0,N/A,35.398572,38.751481,141.594288,2.242227,17.492983,21.2377,0.8237,0.738502,0.874791,1,0.716011,N/A,527,1897,0.277807063784923,0.102207,0.984015,0.608609,,347,,0.7466,1.7221,1.4089,40.0542,0.952381,d8d5be0e8626ad49710c77eb6f182799ad00b97f9741ac6aa506e3a139696ef7,10bd6134d1956b59ae9f946801ced612b270f924,01bfa59f2db51d08661fdc0015eecf3c3d46ee084fd5d09ac0d955a2d1e713c7
main__static_clutter__IPPO__seed0__ep02,main_comparison,static_clutter,0,IPPO,0,2,2,2000008,,4,0,1800,0.1,ON,1,0.05,0.15,N/A,N/A,N/A,N/A,4,1,0,0,0,0,0,0,0,N/A,35.277299,38.557458,141.109197,2.381924,16.851074,21.4252,0.7865,0.730573,0.920782,2,0.695983,N/A,426,1567,0.27185705169113,0.108255,1.013985,0.591585,,356,,0.9517,1.4725,1.1786,36.8421,0.952381,d8d5be0e8626ad49710c77eb6f182799ad00b97f9741ac6aa506e3a139696ef7,10bd6134d1956b59ae9f946801ced612b270f924,01bfa59f2db51d08661fdc0015eecf3c3d46ee084fd5d09ac0d955a2d1e713c7
main__static_clutter__IPPO__seed0__ep03,main_comparison,static_clutter,0,IPPO,0,3,3,3000012,,4,0,1800,0.1,ON,1,0.05,0.15,N/A,N/A,N/A,N/A,4,1,0,0,0,0,0,0,0,N/A,38.27367,38.475039,153.094682,1.820022,17.884892,21.1127,0.8471,0.747149,0.818641,1,0.72444,N/A,608,2051,0.296440760604583,0.125123,0.984015,0.615774,,326,,0.7458,1.3406,1.1677,39.2997,0.952381,d8d5be0e8626ad49710c77eb6f182799ad00b97f9741ac6aa506e3a139696ef7,10bd6134d1956b59ae9f946801ced612b270f924,01bfa59f2db51d08661fdc0015eecf3c3d46ee084fd5d09ac0d955a2d1e713c7
main__static_clutter__IPPO__seed0__ep04,main_comparison,static_clutter,0,IPPO,0,4,4,4000016,,4,0,1800,0.1,ON,1,0.05,0.15,N/A,N/A,N/A,N/A,4,1,0,0,0,0,0,0,0,N/A,36.701851,36.89536,146.807404,1.814521,17.348725,21.3627,0.8121,0.74111,0.920091,2,0.73789,N/A,539,1916,0.281315240083507,0.118784,1.013985,0.627206,,338,,0.7224,1.4064,1.2137,35.4731,0.952381,d8d5be0e8626ad49710c77eb6f182799ad00b97f9741ac6aa506e3a139696ef7,10bd6134d1956b59ae9f946801ced612b270f924,01bfa59f2db51d08661fdc0015eecf3c3d46ee084fd5d09ac0d955a2d1e713c7
main__static_clutter__IPPO__seed0__ep05,main_comparison,static_clutter,0,IPPO,0,5,5,5000020,,4,0,1800,0.1,ON,1,0.05,0.15,N/A,N/A,N/A,N/A,4,1,0,0,0,0,0,0,0,N/A,32.883928,36.719071,131.535713,1.711936,17.346532,21.3002,0.8144,0.714595,0.863807,3,0.688417,N/A,585,1999,0.292646323161581,0.099808,0.984015,0.585155,,407,,0.7007,1.6454,1.3542,37.7102,0.952381,d8d5be0e8626ad49710c77eb6f182799ad00b97f9741ac6aa506e3a139696ef7,10bd6134d1956b59ae9f946801ced612b270f924,01bfa59f2db51d08661fdc0015eecf3c3d46ee084fd5d09ac0d955a2d1e713c7
main__static_clutter__IPPO__seed0__ep06,main_comparison,static_clutter,0,IPPO,0,6,6,6000024,,4,0,1800,0.1,ON,1,0.05,0.15,N/A,N/A,N/A,N/A,4,1,0,0,0,0,0,0,0,N/A,36.648962,37.387078,146.595849,2.137852,17.836145,21.2377,0.8398,0.738007,0.933563,2,0.664132,N/A,540,1932,0.279503105590062,0.123685,1.013985,0.564512,,280,,0.9717,1.6322,1.3723,35.6935,0.952381,d8d5be0e8626ad49710c77eb6f182799ad00b97f9741ac6aa506e3a139696ef7,10bd6134d1956b59ae9f946801ced612b270f924,01bfa59f2db51d08661fdc0015eecf3c3d46ee084fd5d09ac0d955a2d1e713c7
main__static_clutter__IPPO__seed0__ep07,main_comparison,static_clutter,0,IPPO,0,7,7,7000028,,4,0,1800,0.1,ON,1,0.05,0.15,N/A,N/A,N/A,N/A,4,1,0,0,0,0,0,0,0,N/A,35.107218,38.845493,140.428871,2.05525,16.921706,21.3627,0.7921,0.710736,0.790551,1,0.709565,N/A,566,1994,0.283851554663992,0.122028,0.984015,0.60313,,335,,0.9288,1.7854,1.1288,37.1753,0.952381,d8d5be0e8626ad49710c77eb6f182799ad00b97f9741ac6aa506e3a139696ef7,10bd6134d1956b59ae9f946801ced612b270f924,01bfa59f2db51d08661fdc0015eecf3c3d46ee084fd5d09ac0d955a2d1e713c7
main__static_clutter__IPPO__seed0__ep08,main_comparison,static_clutter,0,IPPO,0,8,8,8000032,,4,0,1800,0.1,ON,1,0.05,0.15,N/A,N/A,N/A,N/A,4,1,0,0,0,0,0,0,0,N/A,36.523776,37.196745,146.095104,2.096869,17.479948,21.1127,0.8279,0.723295,0.91057,1,0.652474,N/A,560,2055,0.272506082725061,0.117205,1.013985,0.554603,,417,,0.8042,1.8793,1.3049,36.3056,0.952381,d8d5be0e8626ad49710c77eb6f182799ad00b97f9741ac6aa506e3a139696ef7,10bd6134d1956b59ae9f946801ced612b270f924,01bfa59f2db51d08661fdc0015eecf3c3d46ee084fd5d09ac0d955a2d1e713c7
main__static_clutter__IPPO__seed0__ep09,main_comparison,static_clutter,0,IPPO,0,9,9,9000036,,4,0,1800,0.1,ON,1,0.05,0.15,N/A,N/A,N/A,N/A,4,1,0,0,0,0,0,0,0,N/A,36.577123,38.403111,146.308493,1.329808,17.717692,21.2377,0.8343,0.725372,0.927069,1,0.698294,N/A,671,2333,0.287612516073725,0.114286,0.984015,0.59355,,339,,1.0419,1.5569,1.4815,36.5461,0.952381,d8d5be0e8626ad49710c77eb6f182799ad00b97f9741ac6aa506e3a139696ef7,10bd6134d1956b59ae9f946801ced612b270f924,01bfa59f2db51d08661fdc0015eecf3c3d46ee084fd5d09ac0d955a2d1e713c7
main__static_clutter__IPPO__seed1__ep00,main_comparison,static_clutter,0,IPPO,1,0,10000,10000030000,,4,0,1800,0.1,ON,1,0.05,0.15,N/A,N/A,N/A,N/A,4,1,0,0,0,0,0,0,0,N/A,35.258256,39.516929,141.033026,1.470122,17.291655,21.4252,0.8071,0.725719,0.988968,2,0.667863,N/A,541,1871,0.28915018706574,0.105895,1.013985,0.567683,,352,,1.0056,1.4908,1.1825,36.8775,0.952381,e0b2796ebf931dd4fdf6b934cfc38179614566baee33a14d4e9368b6a9488599,10bd6134d1956b59ae9f946801ced612b270f924,01bfa59f2db51d08661fdc0015eecf3c3d46ee084fd5d09ac0d955a2d1e713c7
main__static_clutter__IPPO__seed1__ep01,main_comparison,static_clutter,0,IPPO,1,1,10001,10001030004,,4,0,1800,0.1,ON,1,0.05,0.15,N/A,N/A,N/A,N/A,4,1,0,0,0,0,0,0,0,N/A,36.445845,38.696106,145.783379,1.807961,17.883432,21.3627,0.8371,0.732191,0.978039,1,0.648749,N/A,423,1431,0.295597484276729,0.124678,0.984015,0.551437,,285,,0.9427,1.5724,1.1106,37.2429,0.952381,e0b2796ebf931dd4fdf6b934cfc38179614566baee33a14d4e9368b6a9488599,10bd6134d1956b59ae9f946801ced612b270f924,01bfa59f2db51d08661fdc0015eecf3c3d46ee084fd5d09ac0d955a2d1e713c7
main__static_clutter__IPPO__seed1__ep02,main_comparison,static_clutter,0,IPPO,1,2,10002,10002030008,,4,0,1800,0.1,ON,1,0.05,0.15,N/A,N/A,N/A,N/A,4,1,0,0,0,0,0,0,0,N/A,33.901991,39.932483,135.607963,2.323463,18.002977,21.4252,0.8403,0.73617,0.951756,0,0.649913,N/A,353,1162,0.303786574870912,0.115668,1.013985,0.552426,,253,,0.7329,1.809,1.2115,37.2373,0.952381,e0b2796ebf931dd4fdf6b934cfc38179614566baee33a14d4e9368b6a9488599,10bd6134d1956b59ae9f946801ced612b270f924,01bfa59f2db51d08661fdc0015eecf3c3d46ee084fd5d09ac0d955a2d1e713c7
main__static_clutter__IPPO__seed1__ep03,main_comparison,static_clutter,0,IPPO,1,3,10003,10003030012,,4,0,1800,0.1,ON,1,0.05,0.15,N/A,N/A,N/A,N/A,4,1,0,0,0,0,0,0,0,N/A,39.231969,39.438129,156.927875,1.525621,17.878292,21.4252,0.8345,0.737144,0.981695,1,0.668925,N/A,394,1338,0.294469357249626,0.110974,0.984015,0.568586,,265,,0.9432,1.8892,1.1232,39.6286,0.952381,e0b2796ebf931dd4fdf6b934cfc38179614566baee33a14d4e9368b6a9488599,10bd6134d1956b59ae9f946801ced612b270f924,01bfa59f2db51d08661fdc0015eecf3c3d46ee084fd5d09ac0d955a2d1e713c7
main__static_clutter__IPPO__seed1__ep04,main_comparison,static_clutter,0,IPPO,1,4,10004,10004030016,,4,0,1800,0.1,ON,1,0.05,0.15,N/A,N/A,N/A,N/A,4,1,0,0,0,0,0,0,0,N/A,35.248754,36.107278,140.995015,2.199397,17.901151,21.4252,0.8355,0.735091,0.960011,1,0.626083,N/A,437,1460,0.299315068493151,0.10536,1.013985,0.53217,,385,,0.7696,1.6296,1.2774,33.9801,0.952381,e0b2796ebf931dd4fdf6b934cfc38179614566baee33a14d4e9368b6a9488599,10bd6134d1956b59ae9f946801ced612b270f924,01bfa59f2db51d08661fdc0015eecf3c3d46ee084fd5d09ac0d955a2d1e713c7
main__static_clutter__IPPO__seed1__ep05,main_comparison,static_clutter,0,IPPO,1,5,10005,10005030020,,4,0,1800,0.1,ON,1,0.05,0.15,N/A,N/A,N/A,N/A,4,1,0,0,0,0,0,0,0,N/A,33.545839,40.232571,134.183357,2.049734,17.480415,21.3002,0.8207,0.752553,0.991614,3,0.613851,N/A,489,1769,0.276427360090447,0.126957,0.984015,0.521774,,211,,0.858,1.4538,1.2884,39.2809,0.952381,e0b2796ebf931dd4fdf6b934cfc38179614566baee33a14d4e9368b6a9488599,10bd6134d1956b59ae9f946801ced612b270f924,01bfa59f2db51d08661fdc0015eecf3c3d46ee084fd5d09ac0d955a2d1e713c7
main__static_clutter__IPPO__seed1__ep06,main_comparison,static_clutter,0,IPPO,1,6,10006,10006030024,,4,0,1800,0.1,ON,1,0.05,0.15,N/A,N/A,N/A,N/A,4,1,0,0,0,0,0,0,0,N/A,34.727872,37.618419,138.911489,1.723136,16.662505,21.3627,0.78,0.720305,0.910484,2,0.67623,N/A,486,1781,0.272880404267266,0.126586,1.013985,0.574796,,251,,0.9584,1.5841,1.1922,36.1581,0.952381,e0b2796ebf931dd4fdf6b934cfc38179614566baee33a14d4e9368b6a9488599,10bd6134d1956b59ae9f946801ced612b270f924,01bfa59f2db51d08661fdc0015eecf3c3d46ee084fd5d09ac0d955a2d1e713c7
main__static_clutter__IPPO__seed1__ep07,main_comparison,static_clutter,0,IPPO,1,7,10007,10007030028,,4,0,1800,0.1,ON,1,0.05,0.15,N/A,N/A,N/A,N/A,4,1,0,0,0,0,0,0,0,N/A,38.118398,40.008864,152.473592,1.48685,17.416435,21.3002,0.8177,0.731421,0.808675,1,0.675459,N/A,480,1713,0.280210157618214,0.125387,0.984015,0.57414,,206,,0.7721,1.7733,1.2511,38.0439,0.952381,e0b2796ebf931dd4fdf6b934cfc38179614566baee33a14d4e9368b6a9488599,10bd6134d1956b59ae9f946801ced612b270f924,01bfa59f2db51d08661fdc0015eecf3c3d46ee084fd5d09ac0d955a2d1e713c7
main__static_clutter__IPPO__seed1__ep08,main_comparison,static_clutter,0,IPPO,1,8,10008,10008030032,,4,0,1800,0.1,ON,1,0.05,0.15,N/A,N/A,N/A,N/A,4,1,0,0,0,0,0,0,0,N/A,34.211574,36.913292,136.846295,1.653845,17.571889,21.2377,0.8274,0.724498,1.028837,1,0.624508,N/A,434,1380,0.314492753623188,0.106663,1.013985,0.530832,,281,,0.7722,1.5124,1.1536,38.4683,0.952381,e0b2796ebf931dd4fdf6b934cfc38179614566baee33a14d4e9368b6a9488599,10bd6134d1956b59ae9f946801ced612b270f924,01bfa59f2db51d08661fdc0015eecf3c3d46ee084fd5d09ac0d955a2d1e713c7
main__static_clutter__IPPO__seed1__ep09,main_comparison,static_clutter,0,IPPO,1,9,10009,10009030036,,4,0,1800,0.1,ON,1,0.05,0.15,N/A,N/A,N/A,N/A,4,1,0,0,0,0,0,0,0,N/A,32.779036,38.232251,131.116143,2.228539,17.221249,21.1127,0.8157,0.723817,1.028277,1,0.653792,N/A,448,1425,0.314385964912281,0.126325,0.984015,0.555723,,225,,0.7662,1.3573,1.1505,36.8524,0.952381,e0b2796ebf931dd4fdf6b934cfc38179614566baee33a14d4e9368b6a9488599,10bd6134d1956b59ae9f946801ced612b270f924,01bfa59f2db51d08661fdc0015eecf3c3d46ee084fd5d09ac0d955a2d1e713c7
main__static_clutter__IPPO__seed2__ep00,main_comparison,static_clutter,0,IPPO,2,0,20000,20000060000,,4,0,1800,0.1,ON,1,0.05,0.15,N/A,N/A,N/A,N/A,4,1,0,0,0,0,0,0,0,N/A,39.001017,39.965683,156.004067,1.744725,16.925475,21.1127,0.8017,0.74549,1.106983,1,0.688035,N/A,545,1819,0.299615173172073,0.113231,1.013985,0.58483,,232,,0.8176,1.5257,1.3935,36.7431,0.952381,7664b87f463a816a175c46705ffe15c4a380bc1ca435ebacac363077740341ee,10bd6134d1956b59ae9f946801ced612b270f924,01bfa59f2db51d08661fdc0015eecf3c3d46ee084fd5d09ac0d955a2d1e713c7
main__static_clutter__IPPO__seed2__ep01,main_comparison,static_clutter,0,IPPO,2,1,20001,20001060004,,4,0,1800,0.1,ON,1,0.05,0.15,N/A,N/A,N/A,N/A,4,1,0,0,0,0,0,0,0,N/A,35.89684,38.306006,143.587362,1.936577,17.322581,21.3627,0.8109,0.765895,1.057229,2,0.661778,N/A,619,2199,0.281491587085039,0.099196,0.984015,0.562511,,251,,0.8005,1.5411,1.1745,37.7732,0.952381,7664b87f463a816a175c46705ffe15c4a380bc1ca435ebacac363077740341ee,10bd6134d1956b59ae9f946801ced612b270f924,01bfa59f2db51d08661fdc0015eecf3c3d46ee084fd5d09ac0d955a2d1e713c7
main__static_clutter__IPPO__seed2__ep02,main_comparison,static_clutter,0,IPPO,2,2,20002,20002060008,,4,0,1800,0.1,ON,1,0.05,0.15,N/A,N/A,N/A,N/A,4,1,0,0,0,0,0,0,0,N/A,33.354096,37.183082,133.416383,2.051398,17.573302,21.3627,0.8226,0.741701,0.932202,1,0.703209,N/A,355,1368,0.259502923976608,0.109717,1.013985,0.597728,,206,,0.8879,1.3528,1.4613,36.1613,0.952381,7664b87f463a816a175c46705ffe15c4a380bc1ca435ebacac363077740341ee,10bd6134d1956b59ae9f946801ced612b270f924,01bfa59f2db51d08661fdc0015eecf3c3d46ee084fd5d09ac0d955a2d1e713c7
main__static_clutter__IPPO__seed2__ep03,main_comparison,static_clutter,0,IPPO,2,3,20003,20003060012,,4,0,1800,0.1,ON,1,0.05,0.15,N/A,N/A,N/A,N/A,4,1,0,0,0,0,0,0,0,N/A,36.701261,38.686684,146.805042,1.896998,17.412713,21.5502,0.808,0.745977,1.060981,1,0.658416,N/A,506,1932,0.261904761904762,0.108831,0.984015,0.559654,,290,,0.937,1.8387,1.2657,36.865,0.952381,7664b87f463a816a175c46705ffe15c4a380bc1ca435ebacac363077740341ee,10bd6134d1956b59ae9f946801ced612b270f924,01bfa59f2db51d08661fdc0015eecf3c3d46ee084fd5d09ac0d955a2d1e713c7
main__static_clutter__IPPO__seed2__ep04,main_comparison,static_clutter,0,IPPO,2,4,20004,20004060016,,4,0,1800,0.1,ON,1,0.05,0.15,N/A,N/A,N/A,N/A,4,1,0,0,0,0,0,0,0,N/A,35.542505,38.017301,142.170019,1.926737,17.227366,21.3002,0.8088,0.732647,0.921482,3,0.65648,N/A,547,1976,0.276821862348178,0.109611,1.013985,0.558008,,188,,0.81,1.6858,1.1512,39.2611,0.952381,7664b87f463a816a175c46705ffe15c4a380bc1ca435ebacac363077740341ee,10bd6134d1956b59ae9f946801ced612b270f924,01bfa59f2db51d08661fdc0015eecf3c3d46ee084fd5d09ac0d955a2d1e713c7
main__static_clutter__IPPO__seed2__ep05,main_comparison,static_clutter,0,IPPO,2,5,20005,20005060020,,4,0,1800,0.1,ON,1,0.05,0.15,N/A,N/A,N/A,N/A,4,1,0,0,0,0,0,0,0,N/A,38.370395,38.667633,153.48158,1.294291,17.344094,21.1752,0.8191,0.749882,1.172404,2,0.658786,N/A,544,2034,0.267453294001966,0.112182,0.984015,0.559968,,235,,0.8265,1.3612,1.1374,37.588,0.952381,7664b87f463a816a175c46705ffe15c4a380bc1ca435ebacac363077740341ee,10bd6134d1956b59ae9f946801ced612b270f924,01bfa59f2db51d08661fdc0015eecf3c3d46ee084fd5d09ac0d955a2d1e713c7
main__static_clutter__IPPO__seed2__ep06,main_comparison,static_clutter,0,IPPO,2,6,20006,20006060024,,4,0,1800,0.1,ON,1,0.05,0.15,N/A,N/A,N/A,N/A,4,1,0,0,0,0,0,0,0,N/A,34.473577,39.006041,137.894307,1.992714,17.576881,21.1127,0.8325,0.747643,1.052472,1,0.645459,N/A,451,1603,0.281347473487212,0.120417,1.013985,0.54864,,277,,0.811,1.599,1.1272,39.4837,0.952381,7664b87f463a816a175c46705ffe15c4a380bc1ca435ebacac363077740341ee,10bd6134d1956b59ae9f946801ced612b270f924,01bfa59f2db51d08661fdc0015eecf3c3d46ee084fd5d09ac0d955a2d1e713c7
main__static_clutter__IPPO__seed2__ep07,main_comparison,static_clutter,0,IPPO,2,7,20007,20007060028,,4,0,1800,0.1,ON,1,0.05,0.15,N/A,N/A,N/A,N/A,4,1,0,0,0,0,0,0,0,N/A,34.504805,38.814113,138.019219,1.31243,16.640029,21.2377,0.7835,0.731586,1.020251,2,0.651454,N/A,408,1396,0.292263610315186,0.108966,0.984015,0.553736,,271,,0.7954,1.3535,1.1881,36.1744,0.952381,7664b87f463a816a175c46705ffe15c4a380bc1ca435ebacac363077740341ee,10bd6134d1956b59ae9f946801ced612b270f924,01bfa59f2db51d08661fdc0015eecf3c3d46ee084fd5d09ac0d955a2d1e713c7
main__static_clutter__IPPO__seed2__ep08,main_comparison,static_clutter,0,IPPO,2,8,20008,20008060032,,4,0,1800,0.1,ON,1,0.05,0.15,N/A,N/A,N/A,N/A,4,1,0,0,0,0,0,0,0,N/A,37.617296,38.09467,150.469185,1.862688,17.087514,21.1127,0.8093,0.739743,0.994598,2,0.670708,N/A,374,1446,0.258644536652835,0.12117,1.013985,0.570102,,304,,0.7069,1.5362,1.3142,38.1502,0.952381,7664b87f463a816a175c46705ffe15c4a380bc1ca435ebacac363077740341ee,10bd6134d1956b59ae9f946801ced612b270f924,01bfa59f2db51d08661fdc0015eecf3c3d46ee084fd5d09ac0d955a2d1e713c7
main__static_clutter__IPPO__seed2__ep09,main_comparison,static_clutter,0,IPPO,2,9,20009,20009060036,,4,0,1800,0.1,ON,1,0.05,0.15,N/A,N/A,N/A,N/A,4,1,0,0,0,0,0,0,0,N/A,37.814973,39.753557,151.259894,2.25076,17.609733,21.1752,0.8316,0.721712,1.071356,3,0.716346,N/A,595,2225,0.267415730337079,0.115096,0.984015,0.608894,,265,,1.006,1.4403,1.2807,41.2658,0.952381,7664b87f463a816a175c46705ffe15c4a380bc1ca435ebacac363077740341ee,10bd6134d1956b59ae9f946801ced612b270f924,01bfa59f2db51d08661fdc0015eecf3c3d46ee084fd5d09ac0d955a2d1e713c7
main__static_clutter__IPPO__seed3__ep00,main_comparison,static_clutter,0,IPPO,3,0,30000,30000090000,,4,0,1800,0.1,ON,1,0.05,0.15,N/A,N/A,N/A,N/A,4,1,0,0,0,0,0,0,0,N/A,33.742076,39.382592,134.968305,2.030048,17.001263,21.1752,0.8029,0.726033,1.17168,1,0.601894,N/A,391,1455,0.26872852233677,0.111481,1.013985,0.51161,,240,,0.8417,1.4906,1.4459,41.1523,0.952381,3d2f89067b4858912f03a60135774c769f58f28ec0a9ba4e550afca8b4b30a97,10bd6134d1956b59ae9f946801ced612b270f924,01bfa59f2db51d08661fdc0015eecf3c3d46ee084fd5d09ac0d955a2d1e713c7
main__static_clutter__IPPO__seed3__ep01,main_comparison,static_clutter,0,IPPO,3,1,30001,30001090004,,4,0,1800,0.1,ON,1,0.05,0.15,N/A,N/A,N/A,N/A,4,1,0,0,0,0,0,0,0,N/A,37.802007,38.959643,151.208028,2.054556,16.491757,21.3002,0.7743,0.722881,0.935391,1,0.66059,N/A,323,1182,0.27326565143824,0.109674,0.984015,0.561501,,225,,1.0596,1.6399,1.338,40.1112,0.952381,3d2f89067b4858912f03a60135774c769f58f28ec0a9ba4e550afca8b4b30a97,10bd6134d1956b59ae9f946801ced612b270f924,01bfa59f2db51d08661fdc0015eecf3c3d46ee084fd5d09ac0d955a2d1e713c7
main__static_clutter__IPPO__seed3__ep02,main_comparison,static_clutter,0,IPPO,3,2,30002,30002090008,,4,0,1800,0.1,ON,1,0.05,0.15,N/A,N/A,N/A,N/A,4,1,0,0,0,0,0,0,0,N/A,39.027422,39.232559,156.109688,1.480863,17.251465,21.3627,0.8076,0.746929,1.091401,0,0.598813,N/A,405,1784,0.227017937219731,0.12259,1.013985,0.508991,,218,,0.7511,1.8381,1.3682,38.4032,0.952381,3d2f89067b4858912f03a60135774c769f58f28ec0a9ba4e550afca8b4b30a97,10bd6134d1956b59ae9f946801ced612b270f924,01bfa59f2db51d08661fdc0015eecf3c3d46ee084fd5d09ac0d955a2d1e713c7
main__static_clutter__IPPO__seed3__ep03,main_comparison,static_clutter,0,IPPO,3,3,30003,30003090012,,4,0,1800,0.1,ON,1,0.05,0.15,N/A,N/A,N/A,N/A,4,1,0,0,0,0,0,0,0,N/A,35.075608,38.857331,140.302433,1.523603,16.898356,21.3627,0.791,0.70931,0.87214,1,0.613577,N/A,328,1292,0.253869969040248,0.125738,0.984015,0.521541,,219,,0.9718,1.7765,1.2614,36.448,0.952381,3d2f89067b4858912f03a60135774c769f58f28ec0a9ba4e550afca8b4b30a97,10bd6134d1956b59ae9f946801ced612b270f924,01bfa59f2db51d08661fdc0015eecf3c3d46ee084fd5d09ac0d955a2d1e713c7
main__static_clutter__IPPO__seed3__ep04,main_comparison,static_clutter,0,IPPO,3,4,30004,30004090016,,4,0,1800,0.1,ON,1,0.05,0.15,N/A,N/A,N/A,N/A,4,1,0,0,0,0,0,0,0,N/A,35.356514,39.641997,141.426058,2.056458,17.42532,21.4877,0.8109,0.716768,0.989883,1,0.644839,N/A,398,1521,0.261669953977646,0.125057,1.013985,0.548114,,199,,0.9514,1.4149,1.3225,35.4046,0.952381,3d2f89067b4858912f03a60135774c769f58f28ec0a9ba4e550afca8b4b30a97,10bd6134d1956b59ae9f946801ced612b270f924,01bfa59f2db51d08661fdc0015eecf3c3d46ee084fd5d09ac0d955a2d1e713c7
main__static_clutter__IPPO__seed3__ep05,main_comparison,static_clutter,0,IPPO,3,5,30005,30005090020,,4,0,1800,0.1,ON,1,0.05,0.15,N/A,N/A,N/A,N/A,4,1,0,0,0,0,0,0,0,N/A,35.218783,39.214274,140.875134,2.147735,17.862133,21.2377,0.8411,0.732252,1.038837,0,0.658751,N/A,419,1517,0.276203032300593,0.098432,0.984015,0.559938,,224,,0.8863,1.4434,1.3897,37.1949,0.952381,3d2f89067b4858912f03a60135774c769f58f28ec0a9ba4e550afca8b4b30a97,10bd6134d1956b59ae9f946801ced612b270f924,01bfa59f2db51d08661fdc0015eecf3c3d46ee084fd5d09ac0d955a2d1e713c7
main__static_clutter__IPPO__seed3__ep06,main_comparison,static_clutter,0,IPPO,3,6,30006,30006090024,,4,0,1800,0.1,ON,1,0.05,0.15,N/A,N/A,N/A,N/A,4,1,0,0,0,0,0,0,0,N/A,35.505113,36.215766,142.02045,1.937825,17.808215,21.3002,0.8361,0.731297,1.108607,0,0.664028,N/A,360,1420,0.253521126760563,0.112885,1.013985,0.564424,,321,,0.961,1.3124,1.1342,36.765,0.952381,3d2f89067b4858912f03a60135774c769f58f28ec0a9ba4e550afca8b4b30a97,10bd6134d1956b59ae9f946801ced612b270f924,01bfa59f2db51d08661fdc0015eecf3c3d46ee084fd5d09ac0d955a2d1e713c7
main__static_clutter__IPPO__seed3__ep07,main_comparison,static_clutter,0,IPPO,3,7,30007,30007090028,,4,0,1800,0.1,ON,1,0.05,0.15,N/A,N/A,N/A,N/A,4,1,0,0,0,0,0,0,0,N/A,37.350436,38.360574,149.401742,2.137478,17.718483,21.3627,0.8294,0.742023,0.978076,0,0.659629,N/A,361,1475,0.244745762711864,0.124994,0.984015,0.560685,,255,,0.7449,1.4521,1.3567,38.6965,0.952381,3d2f89067b4858912f03a60135774c769f58f28ec0a9ba4e550afca8b4b30a97,10bd6134d1956b59ae9f946801ced612b270f924,01bfa59f2db51d08661fdc0015eecf3c3d46ee084fd5d09ac0d955a2d1e713c7
main__static_clutter__IPPO__seed3__ep08,main_comparison,static_clutter,0,IPPO,3,8,30008,30008090032,,4,0,1800,0.1,ON,1,0.05,0.15,N/A,N/A,N/A,N/A,4,1,0,0,0,0,0,0,0,N/A,33.206714,38.932895,132.826854,2.251037,16.963572,21.0502,0.8059,0.747354,1.006057,1,0.615642,N/A,313,1183,0.26458157227388,0.113881,1.013985,0.523296,,200,,0.8582,1.7079,1.4013,33.1243,0.952381,3d2f89067b4858912f03a60135774c769f58f28ec0a9ba4e550afca8b4b30a97,10bd6134d1956b59ae9f946801ced612b270f924,01bfa59f2db51d08661fdc0015eecf3c3d46ee084fd5d09ac0d955a2d1e713c7
main__static_clutter__IPPO__seed3__ep09,main_comparison,static_clutter,0,IPPO,3,9,30009,30009090036,,4,0,1800,0.1,ON,1,0.05,0.15,N/A,N/A,N/A,N/A,4,1,0,0,0,0,0,0,0,N/A,32.212273,39.154,128.849093,1.705341,17.364053,21.1752,0.82,0.748873,1.062005,0,0.649994,N/A,305,1176,0.259353741496599,0.102925,0.984015,0.552495,,214,,0.7587,1.6329,1.2498,40.5312,0.952381,3d2f89067b4858912f03a60135774c769f58f28ec0a9ba4e550afca8b4b30a97,10bd6134d1956b59ae9f946801ced612b270f924,01bfa59f2db51d08661fdc0015eecf3c3d46ee084fd5d09ac0d955a2d1e713c7
main__static_clutter__IPPO__seed4__ep00,main_comparison,static_clutter,0,IPPO,4,0,40000,40000120000,,4,0,1800,0.1,ON,1,0.05,0.15,N/A,N/A,N/A,N/A,4,1,0,0,0,0,0,0,0,N/A,36.920454,38.193285,147.681816,1.945046,17.769441,21.2377,0.8367,0.729257,0.948507,0,0.631807,N/A,393,1213,0.3239901071723,0.112049,1.013985,0.537036,,206,,0.7323,1.8465,1.1927,34.1161,0.952381,9ce87c00805ddeaf59283931abc8d72ac6818b0e69a066945d97a16097d121f7,10bd6134d1956b59ae9f946801ced612b270f924,01bfa59f2db51d08661fdc0015eecf3c3d46ee084fd5d09ac0d955a2d1e713c7
main__static_clutter__IPPO__seed4__ep01,main_comparison,static_clutter,0,IPPO,4,1,40001,40001120004,,4,0,1800,0.1,ON,1,0.05,0.15,N/A,N/A,N/A,N/A,4,1,0,0,0,0,0,0,0,N/A,36.304337,37.297353,145.217349,2.119908,17.246161,21.2377,0.8121,0.734699,1.012223,1,0.598886,N/A,466,1478,0.315290933694181,0.111312,0.984015,0.509053,,264,,0.9329,1.6165,1.1396,34.7854,0.952381,9ce87c00805ddeaf59283931abc8d72ac6818b0e69a066945d97a16097d121f7,10bd6134d1956b59ae9f946801ced612b270f924,01bfa59f2db51d08661fdc0015eecf3c3d46ee084fd5d09ac0d955a2d1e713c7
main__static_clutter__IPPO__seed4__ep02,main_comparison,static_clutter,0,IPPO,4,2,40002,40002120008,,4,0,1800,0.1,ON,1,0.05,0.15,N/A,N/A,N/A,N/A,4,1,0,0,0,0,0,0,0,N/A,36.607892,37.881038,146.431567,2.010939,16.916142,21.4252,0.7895,0.757624,1.055362,0,0.598878,N/A,412,1298,0.317411402157165,0.107433,1.013985,0.509046,,188,,0.8023,1.3142,1.2199,39.1342,0.952381,9ce87c00805ddeaf59283931abc8d72ac6818b0e69a066945d97a16097d121f7,10bd6134d1956b59ae9f946801ced612b270f924,01bfa59f2db51d08661fdc0015eecf3c3d46ee084fd5d09ac0d955a2d1e713c7
main__static_clutter__IPPO__seed4__ep03,main_comparison,static_clutter,0,IPPO,4,3,40003,40003120012,,4,0,1800,0.1,ON,1,0.05,0.15,N/A,N/A,N/A,N/A,4,1,0,0,0,0,0,0,0,N/A,36.004768,38.323573,144.019074,2.046146,17.622369,21.1127,0.8347,0.734407,1.1446,0,0.669332,N/A,516,1683,0.306595365418895,0.114033,0.984015,0.568932,,283,,1.0822,1.8929,1.1184,37.6371,0.952381,9ce87c00805ddeaf59283931abc8d72ac6818b0e69a066945d97a16097d121f7,10bd6134d1956b59ae9f946801ced612b270f924,01bfa59f2db51d08661fdc0015eecf3c3d46ee084fd5d09ac0d955a2d1e713c7
main__static_clutter__IPPO__seed4__ep04,main_comparison,static_clutter,0,IPPO,4,4,40004,40004120016,,4,0,1800,0.1,ON,1,0.05,0.15,N/A,N/A,N/A,N/A,4,1,0,0,0,0,0,0,0,N/A,34.673763,39.287143,138.695051,1.503635,17.017082,21.2377,0.8013,0.724752,1.094305,0,0.667531,N/A,411,1323,0.310657596371882,0.12454,1.013985,0.567402,,199,,1.0683,1.3785,1.1358,37.0817,0.952381,9ce87c00805ddeaf59283931abc8d72ac6818b0e69a066945d97a16097d121f7,10bd6134d1956b59ae9f946801ced612b270f924,01bfa59f2db51d08661fdc0015eecf3c3d46ee084fd5d09ac0d955a2d1e713c7
main__static_clutter__IPPO__seed4__ep05,main_comparison,static_clutter,0,IPPO,4,5,40005,40005120020,,4,0,1800,0.1,ON,1,0.05,0.15,N/A,N/A,N/A,N/A,4,1,0,0,0,0,0,0,0,N/A,35.923384,39.983826,143.693537,2.166267,16.411064,21.1752,0.775,0.725184,1.018181,1,0.664817,N/A,447,1445,0.309342560553633,0.137244,0.984015,0.565094,,235,,0.9579,1.7646,1.2467,39.866,0.952381,9ce87c00805ddeaf59283931abc8d72ac6818b0e69a066945d97a16097d121f7,10bd6134d1956b59ae9f946801ced612b270f924,01bfa59f2db51d08661fdc0015eecf3c3d46ee084fd5d09ac0d955a2d1e713c7
main__static_clutter__IPPO__seed4__ep06,main_comparison,static_clutter,0,IPPO,4,6,40006,40006120024,,4,0,1800,0.1,ON,1,0.05,0.15,N/A,N/A,N/A,N/A,4,1,0,0,0,0,0,0,0,N/A,32.706894,38.096077,130.827577,1.999875,17.432294,21.3002,0.8184,0.740927,1.012029,1,0.647469,N/A,515,1635,0.314984709480122,0.113086,1.013985,0.550349,,188,,0.7732,1.512,1.2314,36.0916,0.952381,9ce87c00805ddeaf59283931abc8d72ac6818b0e69a066945d97a16097d121f7,10bd6134d1956b59ae9f946801ced612b270f924,01bfa59f2db51d08661fdc0015eecf3c3d46ee084fd5d09ac0d955a2d1e713c7
main__static_clutter__IPPO__seed4__ep07,main_comparison,static_clutter,0,IPPO,4,7,40007,40007120028,,4,0,1800,0.1,ON,1,0.05,0.15,N/A,N/A,N/A,N/A,4,1,0,0,0,0,0,0,0,N/A,35.579763,37.960288,142.319051,1.816224,17.336756,21.1752,0.8187,0.741753,1.096657,2,0.641848,N/A,423,1276,0.331504702194357,0.113761,0.984015,0.545571,,290,,0.8287,1.6586,1.4417,41.5458,0.952381,9ce87c00805ddeaf59283931abc8d72ac6818b0e69a066945d97a16097d121f7,10bd6134d1956b59ae9f946801ced612b270f924,01bfa59f2db51d08661fdc0015eecf3c3d46ee084fd5d09ac0d955a2d1e713c7
main__static_clutter__IPPO__seed4__ep08,main_comparison,static_clutter,0,IPPO,4,8,40008,40008120032,,4,0,1800,0.1,ON,1,0.05,0.15,N/A,N/A,N/A,N/A,4,1,0,0,0,0,0,0,0,N/A,34.459412,38.890443,137.837647,2.339646,17.145679,21.3627,0.8026,0.72637,1.0631,0,0.673947,N/A,467,1432,0.326117318435754,0.116502,1.013985,0.572855,,220,,0.7978,1.7849,1.1358,37.7028,0.952381,9ce87c00805ddeaf59283931abc8d72ac6818b0e69a066945d97a16097d121f7,10bd6134d1956b59ae9f946801ced612b270f924,01bfa59f2db51d08661fdc0015eecf3c3d46ee084fd5d09ac0d955a2d1e713c7
main__static_clutter__IPPO__seed4__ep09,main_comparison,static_clutter,0,IPPO,4,9,40009,40009120036,,4,0,1800,0.1,ON,1,0.05,0.15,N/A,N/A,N/A,N/A,4,1,0,0,0,0,0,0,0,N/A,34.670932,38.30847,138.683727,1.445866,17.104839,21.3627,0.8007,0.742456,1.024874,0,0.636263,N/A,486,1791,0.271356783919598,0.116636,0.984015,0.540824,,239,,0.7142,1.3665,1.3547,35.7276,0.952381,9ce87c00805ddeaf59283931abc8d72ac6818b0e69a066945d97a16097d121f7,10bd6134d1956b59ae9f946801ced612b270f924,01bfa59f2db51d08661fdc0015eecf3c3d46ee084fd5d09ac0d955a2d1e713c7
main__static_clutter__IPPO__seed5__ep00,main_comparison,static_clutter,0,IPPO,5,0,50000,50000150000,,4,0,1800,0.1,ON,1,0.05,0.15,N/A,N/A,N/A,N/A,4,1,0,0,0,0,0,0,0,N/A,36.135305,36.653842,144.541218,2.334514,17.170322,21.2377,0.8085,0.701882,0.779378,1,0.682708,N/A,472,1396,0.33810888252149,0.115192,1.013985,0.580302,,334,,0.7883,1.8207,1.3688,37.6559,0.952381,f7367bcdbb9ed0a72de22fa47cc2b3c98f9f2911920a43a77f7c00d41934df2b,10bd6134d1956b59ae9f946801ced612b270f924,01bfa59f2db51d08661fdc0015eecf3c3d46ee084fd5d09ac0d955a2d1e713c7
main__static_clutter__IPPO__seed5__ep01,main_comparison,static_clutter,0,IPPO,5,1,50001,50001150004,,4,0,1800,0.1,ON,1,0.05,0.15,N/A,N/A,N/A,N/A,4,1,0,0,0,0,0,0,0,N/A,37.329749,37.526398,149.318996,2.528736,16.934916,21.1752,0.7998,0.734115,0.847749,0,0.66094,N/A,544,1644,0.330900243309002,0.101955,0.984015,0.561799,,277,,0.9645,1.7152,1.4159,39.5204,0.952381,f7367bcdbb9ed0a72de22fa47cc2b3c98f9f2911920a43a77f7c00d41934df2b,10bd6134d1956b59ae9f946801ced612b270f924,01bfa59f2db51d08661fdc0015eecf3c3d46ee084fd5d09ac0d955a2d1e713c7
main__static_clutter__IPPO__seed5__ep02,main_comparison,static_clutter,0,IPPO,5,2,50002,50002150008,,4,0,1800,0.1,ON,1,0.05,0.15,N/A,N/A,N/A,N/A,4,1,0,0,0,0,0,0,0,N/A,35.195973,37.29983,140.78389,2.216535,16.875598,21.1752,0.797,0.720625,0.976027,0,0.707387,N/A,410,1165,0.351931330472103,0.116531,1.013985,0.601279,,280,,0.7993,1.596,1.3524,38.2165,0.952381,f7367bcdbb9ed0a72de22fa47cc2b3c98f9f2911920a43a77f7c00d41934df2b,10bd6134d1956b59ae9f946801ced612b270f924,01bfa59f2db51d08661fdc0015eecf3c3d46ee084fd5d09ac0d955a2d1e713c7
main__static_clutter__IPPO__seed5__ep03,main_comparison,static_clutter,0,IPPO,5,3,50003,50003150012,,4,0,1800,0.1,ON,1,0.05,0.15,N/A,N/A,N/A,N/A,4,1,0,0,0,0,0,0,0,N/A,32.313441,38.225136,129.253766,1.919107,17.4119,21.3002,0.8175,0.740831,0.974736,1,0.645368,N/A,588,1585,0.370977917981072,0.112233,0.984015,0.548563,,296,,0.9093,1.8926,1.282,37.1133,0.952381,f7367bcdbb9ed0a72de22fa47cc2b3c98f9f2911920a43a77f7c00d41934df2b,10bd6134d1956b59ae9f946801ced612b270f924,01bfa59f2db51d08661fdc0015eecf3c3d46ee084fd5d09ac0d955a2d1e713c7
main__static_clutter__IPPO__seed5__ep04,main_comparison,static_clutter,0,IPPO,5,4,50004,50004150016,,4,0,1800,0.1,ON,1,0.05,0.15,N/A,N/A,N/A,N/A,4,1,0,0,0,0,0,0,0,N/A,36.748362,38.506236,146.993447,2.235464,17.235511,21.1127,0.8164,0.722407,0.947361,0,0.662402,N/A,508,1479,0.343475321162948,0.134531,1.013985,0.563041,,323,,0.7134,1.4899,1.2934,40.9213,0.952381,f7367bcdbb9ed0a72de22fa47cc2b3c98f9f2911920a43a77f7c00d41934df2b,10bd6134d1956b59ae9f946801ced612b270f924,01bfa59f2db51d08661fdc0015eecf3c3d46ee084fd5d09ac0d955a2d1e713c7
main__static_clutter__IPPO__seed5__ep05,main_comparison,static_clutter,0,IPPO,5,5,50005,50005150020,,4,0,1800,0.1,ON,1,0.05,0.15,N/A,N/A,N/A,N/A,4,1,0,0,0,0,0,0,0,N/A,37.230737,38.510991,148.922947,1.894638,17.554109,21.1127,0.8314,0.733147,0.970431,0,0.664525,N/A,427,1265,0.337549407114624,0.114195,0.984015,0.564846,,314,,0.9993,1.7664,1.1824,36.1422,0.952381,f7367bcdbb9ed0a72de22fa47cc2b3c98f9f2911920a43a77f7c00d41934df2b,10bd6134d1956b59ae9f946801ced612b270f924,01bfa59f2db51d08661fdc0015eecf3c3d46ee084fd5d09ac0d955a2d1e713c7
main__static_clutter__IPPO__seed5__ep06,main_comparison,static_clutter,0,IPPO,5,6,50006,50006150024,,4,0,1800,0.1,ON,1,0.05,0.15,N/A,N/A,N/A,N/A,4,1,0,0,0,0,0,0,0,N/A,36.21931,37.906418,144.877242,0.991477,17.879431,21.3002,0.8394,0.746045,1.006797,1,0.641143,N/A,548,1665,0.329129129129129,0.108458,1.013985,0.544971,,297,,0.9822,1.8659,1.3706,37.3742,0.952381,f7367bcdbb9ed0a72de22fa47cc2b3c98f9f2911920a43a77f7c00d41934df2b,10bd6134d1956b59ae9f946801ced612b270f924,01bfa59f2db51d08661fdc0015eecf3c3d46ee084fd5d09ac0d955a2d1e713c7
main__static_clutter__IPPO__seed5__ep07,main_comparison,static_clutter,0,IPPO,5,7,50007,50007150028,,4,0,1800,0.1,ON,1,0.05,0.15,N/A,N/A,N/A,N/A,4,1,0,0,0,0,0,0,0,N/A,36.806612,37.299346,147.226447,1.62532,16.688452,21.1127,0.7904,0.723697,0.952878,1,0.723982,N/A,490,1434,0.341701534170153,0.113152,0.984015,0.615385,,324,,0.9949,1.7322,1.2362,37.1084,0.952381,f7367bcdbb9ed0a72de22fa47cc2b3c98f9f2911920a43a77f7c00d41934df2b,10bd6134d1956b59ae9f946801ced612b270f924,01bfa59f2db51d08661fdc0015eecf3c3d46ee084fd5d09ac0d955a2d1e713c7
main__static_clutter__IPPO__seed5__ep08,main_comparison,static_clutter,0,IPPO,5,8,50008,50008150032,,4,0,1800,0.1,ON,1,0.05,0.15,N/A,N/A,N/A,N/A,4,1,0,0,0,0,0,0,0,N/A,34.687742,40.712343,138.750966,1.504535,18.141129,21.3002,0.8517,0.717836,0.939067,1,0.676009,N/A,547,1672,0.327153110047847,0.109981,1.013985,0.574608,,352,,1.0638,1.401,1.4572,35.7671,0.952381,f7367bcdbb9ed0a72de22fa47cc2b3c98f9f2911920a43a77f7c00d41934df2b,10bd6134d1956b59ae9f946801ced612b270f924,01bfa59f2db51d08661fdc0015eecf3c3d46ee084fd5d09ac0d955a2d1e713c7
main__static_clutter__IPPO__seed5__ep09,main_comparison,static_clutter,0,IPPO,5,9,50009,50009150036,,4,0,1800,0.1,ON,1,0.05,0.15,N/A,N/A,N/A,N/A,4,1,0,0,0,0,0,0,0,N/A,34.733768,38.839442,138.935072,1.844906,17.786509,21.1752,0.84,0.721632,0.996482,0,0.645063,N/A,483,1424,0.339185393258427,0.139345,0.984015,0.548304,,295,,0.8232,1.4594,1.377,37.4177,0.952381,f7367bcdbb9ed0a72de22fa47cc2b3c98f9f2911920a43a77f7c00d41934df2b,10bd6134d1956b59ae9f946801ced612b270f924,01bfa59f2db51d08661fdc0015eecf3c3d46ee084fd5d09ac0d955a2d1e713c7
main__static_clutter__IPPO__seed6__ep00,main_comparison,static_clutter,0,IPPO,6,0,60000,60000180000,,4,0,1800,0.1,ON,1,0.05,0.15,N/A,N/A,N/A,N/A,4,1,0,0,0,0,0,0,0,N/A,38.013911,38.21398,152.055642,2.10012,17.402868,21.1752,0.8219,0.719119,0.960497,1,0.698973,N/A,381,1118,0.340787119856887,0.120634,1.013985,0.594127,,263,,1.0656,1.4442,1.3153,37.2503,0.952381,937371beb7fdbbea65cd615566ed05051f7035bf817ee047a2019f4e0939a460,10bd6134d1956b59ae9f946801ced612b270f924,01bfa59f2db51d08661fdc0015eecf3c3d46ee084fd5d09ac0d955a2d1e713c7
main__static_clutter__IPPO__seed6__ep01,main_comparison,static_clutter,0,IPPO,6,1,60001,60001180004,,4,0,1800,0.1,ON,1,0.05,0.15,N/A,N/A,N/A,N/A,4,1,0,0,0,0,0,0,0,N/A,34.988688,41.062217,139.954753,1.826971,18.054742,21.1127,0.8552,0.729514,0.971877,1,0.67255,N/A,338,1228,0.275244299674267,0.118919,0.984015,0.571667,,305,,0.9581,1.815,1.1241,36.5607,0.952381,937371beb7fdbbea65cd615566ed05051f7035bf817ee047a2019f4e0939a460,10bd6134d1956b59ae9f946801ced612b270f924,01bfa59f2db51d08661fdc0015eecf3c3d46ee084fd5d09ac0d955a2d1e713c7
main__static_clutter__IPPO__seed6__ep02,main_comparison,static_clutter,0,IPPO,6,2,60002,60002180008,,4,0,1800,0.1,ON,1,0.05,0.15,N/A,N/A,N/A,N/A,4,1,0,0,0,0,0,0,0,N/A,35.376116,36.655867,141.504463,1.550318,17.702642,21.2377,0.8335,0.737423,0.941662,0,0.689427,N/A,404,1449,0.278812974465148,0.107975,1.013985,0.586013,,212,,0.7889,1.6941,1.294,37.5252,0.952381,937371beb7fdbbea65cd615566ed05051f7035bf817ee047a2019f4e0939a460,10bd6134d1956b59ae9f946801ced612b270f924,01bfa59f2db51d08661fdc0015eecf3c3d46ee084fd5d09ac0d955a2d1e713c7
main__static_clutter__IPPO__seed6__ep03,main_comparison,static_clutter,0,IPPO,6,3,60003,60003180012,,4,0,1800,0.1,ON,1,0.05,0.15,N/A,N/A,N/A,N/A,4,1,0,0,0,0,0,0,0,N/A,35.441574,39.142763,141.766296,1.677286,17.855299,21.3002,0.8383,0.709465,0.995528,1,0.668683,N/A,379,1315,0.288212927756654,0.119082,0.984015,0.56838,,299,,0.9477,1.3811,1.4832,35.9263,0.952381,937371beb7fdbbea65cd615566ed05051f7035bf817ee047a2019f4e0939a460,10bd6134d1956b59ae9f946801ced612b270f924,01bfa59f2db51d08661fdc0015eecf3c3d46ee084fd5d09ac0d955a2d1e713c7
main__static_clutter__IPPO__seed6__ep04,main_comparison,static_clutter,0,IPPO,6,4,60004,60004180016,,4,0,1800,0.1,ON,1,0.05,0.15,N/A,N/A,N/A,N/A,4,1,0,0,0,0,0,0,0,N/A,34.941668,37.859507,139.766672,1.422745,17.893469,21.1127,0.8475,0.727044,0.869133,3,0.706225,N/A,524,1796,0.291759465478842,0.122227,1.013985,0.600291,,319,,0.9443,1.3617,1.4481,38.0189,0.952381,937371beb7fdbbea65cd615566ed05051f7035bf817ee047a2019f4e0939a460,10bd6134d1956b59ae9f946801ced612b270f924,01bfa59f2db51d08661fdc0015eecf3c3d46ee084fd5d09ac0d955a2d1e713c7
main__static_clutter__IPPO__seed6__ep05,main_comparison,static_clutter,0,IPPO,6,5,60005,60005180020,,4,0,1800,0.1,ON,1,0.05,0.15,N/A,N/A,N/A,N/A,4,1,0,0,0,0,0,0,0,N/A,34.405501,37.789118,137.622005,2.211761,17.25925,21.2377,0.8127,0.722173,1.010056,2,0.67787,N/A,373,1218,0.30623973727422,0.096409,0.984015,0.576189,,319,,0.9975,1.6484,1.2229,37.8526,0.952381,937371beb7fdbbea65cd615566ed05051f7035bf817ee047a2019f4e0939a460,10bd6134d1956b59ae9f946801ced612b270f924,01bfa59f2db51d08661fdc0015eecf3c3d46ee084fd5d09ac0d955a2d1e713c7
main__static_clutter__IPPO__seed6__ep06,main_comparison,static_clutter,0,IPPO,6,6,60006,60006180024,,4,0,1800,0.1,ON,1,0.05,0.15,N/A,N/A,N/A,N/A,4,1,0,0,0,0,0,0,0,N/A,34.893922,38.929217,139.575688,2.034288,17.60493,21.1752,0.8314,0.727161,1.003564,2,0.694124,N/A,473,1587,0.298046628859483,0.113159,1.013985,0.590006,,251,,0.8374,1.6832,1.1054,39.2242,0.952381,937371beb7fdbbea65cd615566ed05051f7035bf817ee047a2019f4e0939a460,10bd6134d1956b59ae9f946801ced612b270f924,01bfa59f2db51d08661fdc0015eecf3c3d46ee084fd5d09ac0d955a2d1e713c7
main__static_clutter__IPPO__seed6__ep07,main_comparison,static_clutter,0,IPPO,6,7,60007,60007180028,,4,0,1800,0.1,ON,1,0.05,0.15,N/A,N/A,N/A,N/A,4,1,0,0,0,0,0,0,0,N/A,36.520319,38.731222,146.081276,1.849621,17.873403,21.3002,0.8391,0.703813,1.071491,0,0.688335,N/A,430,1423,0.302178496134926,0.111466,0.984015,0.585085,,389,,0.9319,1.4516,1.3896,38.0103,0.952381,937371beb7fdbbea65cd615566ed05051f7035bf817ee047a2019f4e0939a460,10bd6134d1956b59ae9f946801ced612b270f924,01bfa59f2db51d08661fdc0015eecf3c3d46ee084fd5d09ac0d955a2d1e713c7
main__static_clutter__IPPO__seed6__ep08,main_comparison,static_clutter,0,IPPO,6,8,60008,60008180032,,4,0,1800,0.1,ON,1,0.05,0.15,N/A,N/A,N/A,N/A,4,1,0,0,0,0,0,0,0,N/A,37.507723,39.347664,150.030894,1.699667,17.852251,21.3002,0.8381,0.716261,0.904964,1,0.676882,N/A,397,1275,0.311372549019608,0.128948,1.013985,0.57535,,417,,0.7372,1.4228,1.1293,39.3757,0.952381,937371beb7fdbbea65cd615566ed05051f7035bf817ee047a2019f4e0939a460,10bd6134d1956b59ae9f946801ced612b270f924,01bfa59f2db51d08661fdc0015eecf3c3d46ee084fd5d09ac0d955a2d1e713c7
main__static_clutter__IPPO__seed6__ep09,main_comparison,static_clutter,0,IPPO,6,9,60009,60009180036,,4,0,1800,0.1,ON,1,0.05,0.15,N/A,N/A,N/A,N/A,4,1,0,0,0,0,0,0,0,N/A,35.973169,39.714326,143.892674,1.858273,17.165248,21.1127,0.813,0.735601,0.994929,1,0.676629,N/A,411,1402,0.293152639087019,0.11479,0.984015,0.575134,,256,,0.8762,1.4008,1.3542,38.7636,0.952381,937371beb7fdbbea65cd615566ed05051f7035bf817ee047a2019f4e0939a460,10bd6134d1956b59ae9f946801ced612b270f924,01bfa59f2db51d08661fdc0015eecf3c3d46ee084fd5d09ac0d955a2d1e713c7
main__static_clutter__IPPO__seed7__ep00,main_comparison,static_clutter,0,IPPO,7,0,70000,70000210000,,4,0,1800,0.1,ON,1,0.05,0.15,N/A,N/A,N/A,N/A,4,1,0,0,0,0,0,0,0,N/A,35.629603,39.518432,142.518413,2.06427,17.330795,21.3627,0.8113,0.729102,1.013619,3,0.647384,N/A,393,1448,0.271408839779005,0.098747,1.013985,0.550276,,196,,0.881,1.8127,1.3988,38.8503,0.952381,a0a845140d55074030db87dd4690353541ab9398bd75fde564a7939169508d10,10bd6134d1956b59ae9f946801ced612b270f924,01bfa59f2db51d08661fdc0015eecf3c3d46ee084fd5d09ac0d955a2d1e713c7
main__static_clutter__IPPO__seed7__ep01,main_comparison,static_clutter,0,IPPO,7,1,70001,70001210004,,4,0,1800,0.1,ON,1,0.05,0.15,N/A,N/A,N/A,N/A,4,1,0,0,0,0,0,0,0,N/A,33.273508,35.942379,133.094032,2.326415,17.690957,21.1127,0.8379,0.744552,0.888516,2,0.642959,N/A,386,1331,0.290007513148009,0.116446,0.984015,0.546515,,188,,0.7441,1.8246,1.2146,40.9545,0.952381,a0a845140d55074030db87dd4690353541ab9398bd75fde564a7939169508d10,10bd6134d1956b59ae9f946801ced612b270f924,01bfa59f2db51d08661fdc0015eecf3c3d46ee084fd5d09ac0d955a2d1e713c7
main__static_clutter__IPPO__seed7__ep02,main_comparison,static_clutter,0,IPPO,7,2,70002,70002210008,,4,0,1800,0.1,ON,1,0.05,0.15,N/A,N/A,N/A,N/A,4,1,0,0,0,0,0,0,0,N/A,34.439998,37.453384,137.75999,2.207571,17.277755,21.1752,0.8159,0.740045,0.977498,3,0.636624,N/A,330,1294,0.255023183925811,0.122373,1.013985,0.54113,,173,,0.8857,1.4366,1.4869,37.086,0.952381,a0a845140d55074030db87dd4690353541ab9398bd75fde564a7939169508d10,10bd6134d1956b59ae9f946801ced612b270f924,01bfa59f2db51d08661fdc0015eecf3c3d46ee084fd5d09ac0d955a2d1e713c7
main__static_clutter__IPPO__seed7__ep03,main_comparison,static_clutter,0,IPPO,7,3,70003,70003210012,,4,0,1800,0.1,ON,1,0.05,0.15,N/A,N/A,N/A,N/A,4,1,0,0,0,0,0,0,0,N/A,35.34013,38.788123,141.360521,1.515162,17.306006,21.2377,0.8149,0.730766,0.893761,3,0.592882,N/A,320,1155,0.277056277056277,0.118365,0.984015,0.50395,,203,,0.9969,1.7499,1.4418,37.7465,0.952381,a0a845140d55074030db87dd4690353541ab9398bd75fde564a7939169508d10,10bd6134d1956b59ae9f946801ced612b270f924,01bfa59f2db51d08661fdc0015eecf3c3d46ee084fd5d09ac0d955a2d1e713c7
main__static_clutter__IPPO__seed7__ep04,main_comparison,static_clutter,0,IPPO,7,4,70004,70004210016,,4,0,1800,0.1,ON,1,0.05,0.15,N/A,N/A,N/A,N/A,4,1,0,0,0,0,0,0,0,N/A,34.703089,39.811762,138.812357,1.650043,17.633324,21.3627,0.8254,0.734252,0.982118,1,0.640692,N/A,261,957,0.272727272727273,0.097421,1.013985,0.544588,,189,,0.788,1.8176,1.3511,39.3157,0.952381,a0a845140d55074030db87dd4690353541ab9398bd75fde564a7939169508d10,10bd6134d1956b59ae9f946801ced612b270f924,01bfa59f2db51d08661fdc0015eecf3c3d46ee084fd5d09ac0d955a2d1e713c7
main__static_clutter__IPPO__seed7__ep05,main_comparison,static_clutter,0,IPPO,7,5,70005,70005210020,,4,0,1800,0.1,ON,1,0.05,0.15,N/A,N/A,N/A,N/A,4,1,0,0,0,0,0,0,0,N/A,34.300789,39.508044,137.203156,2.06208,16.614849,21.1127,0.787,0.749165,0.946889,2,0.639829,N/A,308,1104,0.278985507246377,0.109293,0.984015,0.543854,,228,,0.7845,1.8197,1.3372,36.5171,0.952381,a0a845140d55074030db87dd4690353541ab9398bd75fde564a7939169508d10,10bd6134d1956b59ae9f946801ced612b270f924,01bfa59f2db51d08661fdc0015eecf3c3d46ee084fd5d09ac0d955a2d1e713c7
main__static_clutter__IPPO__seed7__ep06,main_comparison,static_clutter,0,IPPO,7,6,70006,70006210024,,4,0,1800,0.1,ON,1,0.05,0.15,N/A,N/A,N/A,N/A,4,1,0,0,0,0,0,0,0,N/A,35.462653,37.399299,141.850612,1.73621,17.027623,21.3002,0.7994,0.749936,1.010846,2,0.662964,N/A,318,1207,0.263463131731566,0.11896,1.013985,0.563519,,233,,0.7808,1.5728,1.3606,36.1645,0.952381,a0a845140d55074030db87dd4690353541ab9398bd75fde564a7939169508d10,10bd6134d1956b59ae9f946801ced612b270f924,01bfa59f2db51d08661fdc0015eecf3c3d46ee084fd5d09ac0d955a2d1e713c7
main__static_clutter__IPPO__seed7__ep07,main_comparison,static_clutter,0,IPPO,7,7,70007,70007210028,,4,0,1800,0.1,ON,1,0.05,0.15,N/A,N/A,N/A,N/A,4,1,0,0,0,0,0,0,0,N/A,38.731732,40.694288,154.926927,1.959843,17.287949,21.3627,0.8093,0.763113,0.930642,4,0.652162,N/A,330,1198,0.275459098497496,0.099949,0.984015,0.554338,,241,,1.0594,1.4608,1.1914,35.1778,0.952381,a0a845140d55074030db87dd4690353541ab9398bd75fde564a7939169508d10,10bd6134d1956b59ae9f946801ced612b270f924,01bfa59f2db51d08661fdc0015eecf3c3d46ee084fd5d09ac0d955a2d1e713c7
main__static_clutter__IPPO__seed7__ep08,main_comparison,static_clutter,0,IPPO,7,8,70008,70008210032,,4,0,1800,0.1,ON,1,0.05,0.15,N/A,N/A,N/A,N/A,4,1,0,0,0,0,0,0,0,N/A,36.253845,37.43112,145.01538,1.61394,17.050408,21.0502,0.81,0.735458,1.043246,1,0.6341,N/A,235,889,0.264341957255343,0.128189,1.013985,0.538985,,182,,0.7954,1.8105,1.4858,39.8627,0.952381,a0a845140d55074030db87dd4690353541ab9398bd75fde564a7939169508d10,10bd6134d1956b59ae9f946801ced612b270f924,01bfa59f2db51d08661fdc0015eecf3c3d46ee084fd5d09ac0d955a2d1e713c7
main__static_clutter__IPPO__seed7__ep09,main_comparison,static_clutter,0,IPPO,7,9,70009,70009210036,,4,0,1800,0.1,ON,1,0.05,0.15,N/A,N/A,N/A,N/A,4,1,0,0,0,0,0,0,0,N/A,35.605901,37.638787,142.423605,1.891525,17.419881,21.2377,0.8202,0.748708,1.004857,3,0.597443,N/A,366,1271,0.287962234461054,0.114456,0.984015,0.507827,,159,,1.0853,1.7478,1.4726,35.4796,0.952381,a0a845140d55074030db87dd4690353541ab9398bd75fde564a7939169508d10,10bd6134d1956b59ae9f946801ced612b270f924,01bfa59f2db51d08661fdc0015eecf3c3d46ee084fd5d09ac0d955a2d1e713c7
main__dynamic_pedestrians__IPPO__seed0__ep00,main_comparison,dynamic_pedestrians,1,IPPO,0,0,100,100000300,100000397,4,1,1500,0.1,ON,1,0.05,0.15,0,10,0.9,1.1,4,1,0,0,0,0,0,0,0,0,33.222238,35.551646,132.88895,2.670831,13.065432,12.8192,1.0192,0.963239,0.78969,4,0.69125,0.842723,232,824,0.281553398058252,0.159028,0.883599,0.587562,0.716314,254,170,0.8555,1.6828,1.4497,34.0738,0.952381,b312ef205850c6002595548e5966a018cd5b1afcaea3151a64e15dbd1128b2ff,10bd6134d1956b59ae9f946801ced612b270f924,01bfa59f2db51d08661fdc0015eecf3c3d46ee084fd5d09ac0d955a2d1e713c7
main__dynamic_pedestrians__IPPO__seed0__ep01,main_comparison,dynamic_pedestrians,1,IPPO,0,1,101,101000304,101000401,4,1,1500,0.1,ON,1,0.05,0.15,0,10,0.9,1.1,4,1,0,0,0,0,0,0,0,0,32.360058,34.936818,129.440233,2.837934,13.033308,12.8118,1.0173,0.909662,0.85815,3,0.686712,0.738051,216,767,0.281616688396349,0.138536,0.822924,0.583705,0.627343,215,144,0.9369,1.3239,1.334,33.5976,0.952381,b312ef205850c6002595548e5966a018cd5b1afcaea3151a64e15dbd1128b2ff,10bd6134d1956b59ae9f946801ced612b270f924,01bfa59f2db51d08661fdc0015eecf3c3d46ee084fd5d09ac0d955a2d1e713c7
main__dynamic_pedestrians__IPPO__seed0__ep02,main_comparison,dynamic_pedestrians,1,IPPO,0,2,102,102000308,102000405,4,1,1500,0.1,ON,1,0.05,0.15,0,10,0.9,1.1,4,1,0,0,0,0,0,0,0,0,33.639164,34.53351,134.556656,2.670343,13.481394,12.8112,1.0523,0.942406,0.822887,2,0.64256,0.817933,202,782,0.258312020460358,0.157707,0.865798,0.546176,0.695243,241,161,0.9416,1.6024,1.2155,34.6333,0.952381,b312ef205850c6002595548e5966a018cd5b1afcaea3151a64e15dbd1128b2ff,10bd6134d1956b59ae9f946801ced612b270f924,01bfa59f2db51d08661fdc0015eecf3c3d46ee084fd5d09ac0d955a2d1e713c7
main__dynamic_pedestrians__IPPO__seed0__ep03,main_comparison,dynamic_pedestrians,1,IPPO,0,3,103,103000312,103000409,4,1,1500,0.1,ON,1,0.05,0.15,0,10,0.9,1.1,4,1,0,0,0,0,0,0,0,0,34.772884,34.956748,139.091535,2.561473,13.623396,12.8058,1.0638,0.941099,0.725739,2,0.674716,0.815251,315,1191,0.26448362720403,0.163062,0.872089,0.573509,0.692964,262,175,0.7036,1.6219,1.2257,33.8239,0.952381,b312ef205850c6002595548e5966a018cd5b1afcaea3151a64e15dbd1128b2ff,10bd6134d1956b59ae9f946801ced612b270f924,01bfa59f2db51d08661fdc0015eecf3c3d46ee084fd5d09ac0d955a2d1e713c7
main__dynamic_pedestrians__IPPO__seed0__ep04,main_comparison,dynamic_pedestrians,1,IPPO,0,4,104,104000316,104000413,4,1,1500,0.1,ON,1,0.05,0.15,0,10,0.9,1.1,4,1,0,0,0,0,0,0,0,0,29.625337,34.248288,118.501349,2.850576,13.548447,12.825,1.0564,0.950564,0.730911,3,0.672358,0.798724,245,858,0.285547785547785,0.146673,0.812937,0.571505,0.678915,197,131,0.8476,1.5757,1.4664,33.3856,0.952381,b312ef205850c6002595548e5966a018cd5b1afcaea3151a64e15dbd1128b2ff,10bd6134d1956b59ae9f946801ced612b270f924,01bfa59f2db51d08661fdc0015eecf3c3d46ee084fd5d09ac0d955a2d1e713c7
main__dynamic_pedestrians__IPPO__seed0__ep05,main_comparison,dynamic_pedestrians,1,IPPO,0,5,105,105000320,105000417,4,1,1500,0.1,ON,1,0.05,0.15,0,10,0.9,1.1,4,1,0,0,0,0,0,0,0,0,33.06867,35.200197,132.274679,2.842213,13.692653,12.8106,1.0689,0.944036,0.87338,3,0.676122,0.906803,200,714,0.280112044817927,0.163008,0.844968,0.574704,0.770782,260,173,0.8969,1.3996,1.4298,33.0182,0.952381,b312ef205850c6002595548e5966a018cd5b1afcaea3151a64e15dbd1128b2ff,10bd6134d1956b59ae9f946801ced612b270f924,01bfa59f2db51d08661fdc0015eecf3c3d46ee084fd5d09ac0d955a2d1e713c7
main__dynamic_pedestrians__IPPO__seed0__ep06,main_comparison,dynamic_pedestrians,1,IPPO,0,6,106,106000324,106000421,4,1,1500,0.1,ON,1,0.05,0.15,0,10,0.9,1.1,4,1,0,0,0,0,0,0,0,0,32.238548,35.214707,128.954193,2.10892,13.493875,12.7812,1.0558,0.925325,0.737556,4,0.690137,0.841119,258,920,0.280434782608696,0.149595,0.866593,0.586617,0.714951,253,168,1.0149,1.673,1.168,31.5883,0.952381,b312ef205850c6002595548e5966a018cd5b1afcaea3151a64e15dbd1128b2ff,10bd6134d1956b59ae9f946801ced612b270f924,01bfa59f2db51d08661fdc0015eecf3c3d46ee084fd5d09ac0d955a2d1e713c7
main__dynamic_pedestrians__IPPO__seed0__ep07,main_comparison,dynamic_pedestrians,1,IPPO,0,7,107,107000328,107000425,4,1,1500,0.1,ON,1,0.05,0.15,0,10,0.9,1.1,4,1,0,0,0,0,0,0,0,0,31.770243,36.461814,127.08097,2.897582,13.201833,12.804,1.0311,0.955634,0.828575,4,0.689732,0.836118,243,836,0.29066985645933,0.149358,0.865856,0.586272,0.7107,187,125,0.8628,1.3113,1.1719,31.4216,0.952381,b312ef205850c6002595548e5966a018cd5b1afcaea3151a64e15dbd1128b2ff,10bd6134d1956b59ae9f946801ced612b270f924,01bfa59f2db51d08661fdc0015eecf3c3d46ee084fd5d09ac0d955a2d1e713c7
main__dynamic_pedestrians__IPPO__seed0__ep08,main_comparison,dynamic_pedestrians,1,IPPO,0,8,108,108000332,108000429,4,1,1500,0.1,ON,1,0.05,0.15,0,10,0.9,1.1,4,1,0,0,0,0,0,0,0,0,30.341318,36.624448,121.365272,2.006194,13.219469,12.8087,1.0321,0.952903,0.781909,4,0.642832,0.851568,272,1006,0.27037773359841,0.164896,0.84031,0.546408,0.723833,242,161,1.0016,1.5327,1.1628,31.9615,0.952381,b312ef205850c6002595548e5966a018cd5b1afcaea3151a64e15dbd1128b2ff,10bd6134d1956b59ae9f946801ced612b270f924,01bfa59f2db51d08661fdc0015eecf3c3d46ee084fd5d09ac0d955a2d1e713c7
main__dynamic_pedestrians__IPPO__seed0__ep09,main_comparison,dynamic_pedestrians,1,IPPO,0,9,109,109000336,109000433,4,1,1500,0.1,ON,1,0.05,0.15,0,10,0.9,1.1,4,1,0,0,0,0,0,0,0,0,28.476607,34.772363,113.90643,2.904714,13.684023,12.8135,1.0679,0.930992,0.763759,2,0.709805,0.845544,216,811,0.266337854500616,0.158503,0.844926,0.603334,0.718712,239,160,0.8568,1.7031,1.2781,33.4,0.952381,b312ef205850c6002595548e5966a018cd5b1afcaea3151a64e15dbd1128b2ff,10bd6134d1956b59ae9f946801ced612b270f924,01bfa59f2db51d08661fdc0015eecf3c3d46ee084fd5d09ac0d955a2d1e713c7
main__dynamic_pedestrians__IPPO__seed1__ep00,main_comparison,dynamic_pedestrians,1,IPPO,1,0,10100,10100030300,10100030397,4,1,1500,0.1,ON,1,0.05,0.15,0,10,0.9,1.1,4,1,0,0,0,0,0,0,0,0,32.224899,35.855088,128.899595,1.467133,12.942411,12.8146,1.01,0.929747,0.812095,3,0.592373,0.887921,402,1095,0.367123287671233,0.140439,0.87782,0.503517,0.754733,256,171,0.8877,1.8568,1.4224,37.8615,0.952381,d9c02963765f119dd2d4a15519351a61bf2b18ceb69e21d244527e42ece7f41e,10bd6134d1956b59ae9f946801ced612b270f924,01bfa59f2db51d08661fdc0015eecf3c3d46ee084fd5d09ac0d955a2d1e713c7
main__dynamic_pedestrians__IPPO__seed1__ep01,main_comparison,dynamic_pedestrians,1,IPPO,1,1,10101,10101030304,10101030401,4,1,1500,0.1,ON,1,0.05,0.15,0,10,0.9,1.1,4,1,0,0,0,0,0,0,0,0,32.60333,36.681435,130.413322,1.311356,13.642802,12.8038,1.0655,0.94143,0.816816,5,0.615705,0.892821,418,1166,0.358490566037736,0.145692,0.871386,0.52335,0.758898,200,134,0.9164,1.434,1.4683,34.308,0.952381,d9c02963765f119dd2d4a15519351a61bf2b18ceb69e21d244527e42ece7f41e,10bd6134d1956b59ae9f946801ced612b270f924,01bfa59f2db51d08661fdc0015eecf3c3d46ee084fd5d09ac0d955a2d1e713c7
main__dynamic_pedestrians__IPPO__seed1__ep02,main_comparison,dynamic_pedestrians,1,IPPO,1,2,10102,10102030308,10102030405,4,1,1500,0.1,ON,1,0.05,0.15,0,10,0.9,1.1,4,1,0,0,0,0,0,0,0,0,34.232994,34.675896,136.931976,1.423647,13.757391,12.802,1.0746,0.946129,0.741024,4,0.630937,0.90218,389,1062,0.366290018832392,0.132205,0.82579,0.536296,0.766853,241,161,0.8846,1.7347,1.2879,35.6208,0.952381,d9c02963765f119dd2d4a15519351a61bf2b18ceb69e21d244527e42ece7f41e,10bd6134d1956b59ae9f946801ced612b270f924,01bfa59f2db51d08661fdc0015eecf3c3d46ee084fd5d09ac0d955a2d1e713c7
main__dynamic_pedestrians__IPPO__seed1__ep03,main_comparison,dynamic_pedestrians,1,IPPO,1,3,10103,10103030312,10103030409,4,1,1500,0.1,ON,1,0.05,0.15,0,10,0.9,1.1,4,1,0,0,0,0,0,0,0,0,32.035555,35.449039,128.142222,1.359861,12.869905,12.8151,1.0043,0.939157,0.697321,4,0.622129,0.830338,351,945,0.371428571428571,0.127065,0.855073,0.528809,0.705787,305,203,0.8652,1.7584,1.3152,35.8629,0.952381,d9c02963765f119dd2d4a15519351a61bf2b18ceb69e21d244527e42ece7f41e,10bd6134d1956b59ae9f946801ced612b270f924,01bfa59f2db51d08661fdc0015eecf3c3d46ee084fd5d09ac0d955a2d1e713c7
main__dynamic_pedestrians__IPPO__seed1__ep04,main_comparison,dynamic_pedestrians,1,IPPO,1,4,10104,10104030316,10104030413,4,1,1500,0.1,ON,1,0.05,0.15,0,10,0.9,1.1,4,1,0,0,0,0,0,0,0,0,30.36334,35.902863,121.453361,1.882058,13.420461,12.8093,1.0477,0.896823,0.804175,3,0.628664,0.852051,375,992,0.378024193548387,0.116662,0.865097,0.534364,0.724243,188,126,1.044,1.5925,1.3907,30.6927,0.952381,d9c02963765f119dd2d4a15519351a61bf2b18ceb69e21d244527e42ece7f41e,10bd6134d1956b59ae9f946801ced612b270f924,01bfa59f2db51d08661fdc0015eecf3c3d46ee084fd5d09ac0d955a2d1e713c7
main__dynamic_pedestrians__IPPO__seed1__ep05,main_comparison,dynamic_pedestrians,1,IPPO,1,5,10105,10105030320,10105030417,4,1,1500,0.1,ON,1,0.05,0.15,0,10,0.9,1.1,4,1,0,0,0,0,0,0,0,0,31.090922,36.201073,124.363686,1.406962,13.501428,12.817,1.0534,0.946331,0.786853,2,0.670787,0.84699,392,976,0.401639344262295,0.13757,0.823024,0.570169,0.719941,211,141,0.7423,1.4751,1.3008,32.2408,0.952381,d9c02963765f119dd2d4a15519351a61bf2b18ceb69e21d244527e42ece7f41e,10bd6134d1956b59ae9f946801ced612b270f924,01bfa59f2db51d08661fdc0015eecf3c3d46ee084fd5d09ac0d955a2d1e713c7
main__dynamic_pedestrians__IPPO__seed1__ep06,main_comparison,dynamic_pedestrians,1,IPPO,1,6,10106,10106030324,10106030421,4,1,1500,0.1,ON,1,0.05,0.15,0,10,0.9,1.1,4,1,0,0,0,0,0,0,0,0,32.30504,37.998937,129.220161,1.474322,13.216691,12.8254,1.0305,0.945888,0.709831,3,0.608714,0.855115,357,916,0.389737991266375,0.123562,0.844565,0.517407,0.726848,211,140,0.7238,1.4924,1.2018,34.5287,0.952381,d9c02963765f119dd2d4a15519351a61bf2b18ceb69e21d244527e42ece7f41e,10bd6134d1956b59ae9f946801ced612b270f924,01bfa59f2db51d08661fdc0015eecf3c3d46ee084fd5d09ac0d955a2d1e713c7
main__dynamic_pedestrians__IPPO__seed1__ep07,main_comparison,dynamic_pedestrians,1,IPPO,1,7,10107,10107030328,10107030425,4,1,1500,0.1,ON,1,0.05,0.15,0,10,0.9,1.1,4,1,0,0,0,0,0,0,0,0,33.504636,35.040226,134.018545,1.524763,13.106265,12.8021,1.0238,0.944156,0.782355,4,0.633378,0.899809,422,1088,0.387867647058823,0.147181,0.804838,0.538371,0.764837,193,129,0.7772,1.4642,1.2461,35.1258,0.952381,d9c02963765f119dd2d4a15519351a61bf2b18ceb69e21d244527e42ece7f41e,10bd6134d1956b59ae9f946801ced612b270f924,01bfa59f2db51d08661fdc0015eecf3c3d46ee084fd5d09ac0d955a2d1e713c7
main__dynamic_pedestrians__IPPO__seed1__ep08,main_comparison,dynamic_pedestrians,1,IPPO,1,8,10108,10108030332,10108030429,4,1,1500,0.1,ON,1,0.05,0.15,0,10,0.9,1.1,4,1,0,0,0,0,0,0,0,0,30.442438,35.308461,121.769751,1.234587,13.534539,12.8116,1.0564,0.944895,0.816546,1,0.602641,0.839536,370,1099,0.336669699727024,0.116538,0.875062,0.512245,0.713606,287,191,0.7493,1.3108,1.3572,32.6093,0.952381,d9c02963765f119dd2d4a15519351a61bf2b18ceb69e21d244527e42ece7f41e,10bd6134d1956b59ae9f946801ced612b270f924,01bfa59f2db51d08661fdc0015eecf3c3d46ee084fd5d09ac0d955a2d1e713c7
main__dynamic_pedestrians__IPPO__seed1__ep09,main_comparison,dynamic_pedestrians,1,IPPO,1,9,10109,10109030336,10109030433,4,1,1500,0.1,ON,1,0.05,0.15,0,10,0.9,1.1,4,1,0,0,0,0,0,0,0,0,32.107065,33.675055,128.428261,1.395264,13.13893,12.8057,1.026,0.958512,0.834753,0,0.605242,0.883251,386,991,0.389505549949546,0.135025,0.877345,0.514456,0.750764,257,171,1.019,1.6525,1.4949,33.0873,0.952381,d9c02963765f119dd2d4a15519351a61bf2b18ceb69e21d244527e42ece7f41e,10bd6134d1956b59ae9f946801ced612b270f924,01bfa59f2db51d08661fdc0015eecf3c3d46ee084fd5d09ac0d955a2d1e713c7
main__dynamic_pedestrians__IPPO__seed2__ep00,main_comparison,dynamic_pedestrians,1,IPPO,2,0,20100,20100060300,20100060397,4,1,1500,0.1,ON,1,0.05,0.15,0,10,0.9,1.1,4,1,0,0,0,0,0,0,0,0,29.357116,36.1153,117.428465,1.558166,13.182467,12.8041,1.0295,0.919921,0.748624,2,0.657689,0.79461,277,874,0.316933638443936,0.151586,0.816949,0.559035,0.675418,353,235,0.8801,1.7247,1.4158,33.9065,0.952381,079dc55227c823d2038fb781f829a1517493628ffdf9b8844df83ced833e96ed,10bd6134d1956b59ae9f946801ced612b270f924,01bfa59f2db51d08661fdc0015eecf3c3d46ee084fd5d09ac0d955a2d1e713c7
main__dynamic_pedestrians__IPPO__seed2__ep01,main_comparison,dynamic_pedestrians,1,IPPO,2,1,20101,20101060304,20101060401,4,1,1500,0.1,ON,1,0.05,0.15,0,10,0.9,1.1,4,1,0,0,0,0,0,0,0,0,32.329689,36.806638,129.318754,2.146371,13.089573,12.8226,1.0208,0.940706,0.795764,2,0.723652,0.872331,327,1032,0.316860465116279,0.175636,0.823102,0.615104,0.741482,276,184,1.0044,1.7002,1.1133,32.0144,0.952381,079dc55227c823d2038fb781f829a1517493628ffdf9b8844df83ced833e96ed,10bd6134d1956b59ae9f946801ced612b270f924,01bfa59f2db51d08661fdc0015eecf3c3d46ee084fd5d09ac0d955a2d1e713c7
main__dynamic_pedestrians__IPPO__seed2__ep02,main_comparison,dynamic_pedestrians,1,IPPO,2,2,20102,20102060308,20102060405,4,1,1500,0.1,ON,1,0.05,0.15,0,10,0.9,1.1,4,1,0,0,0,0,0,0,0,0,31.167181,36.761876,124.668722,2.074861,13.747536,12.7793,1.0758,0.951048,0.847061,7,0.672008,0.762646,366,1130,0.323893805309734,0.174209,0.872449,0.571207,0.648249,387,258,1.0659,1.5823,1.1427,32.4327,0.952381,079dc55227c823d2038fb781f829a1517493628ffdf9b8844df83ced833e96ed,10bd6134d1956b59ae9f946801ced612b270f924,01bfa59f2db51d08661fdc0015eecf3c3d46ee084fd5d09ac0d955a2d1e713c7
main__dynamic_pedestrians__IPPO__seed2__ep03,main_comparison,dynamic_pedestrians,1,IPPO,2,3,20103,20103060312,20103060409,4,1,1500,0.1,ON,1,0.05,0.15,0,10,0.9,1.1,4,1,0,0,0,0,0,0,0,0,31.200812,36.500894,124.803247,1.767933,13.341513,12.8008,1.0422,0.932323,0.774686,2,0.657347,0.832131,339,1060,0.319811320754717,0.187732,0.86903,0.558745,0.707312,346,230,0.8095,1.5708,1.3969,36.2748,0.952381,079dc55227c823d2038fb781f829a1517493628ffdf9b8844df83ced833e96ed,10bd6134d1956b59ae9f946801ced612b270f924,01bfa59f2db51d08661fdc0015eecf3c3d46ee084fd5d09ac0d955a2d1e713c7
main__dynamic_pedestrians__IPPO__seed2__ep04,main_comparison,dynamic_pedestrians,1,IPPO,2,4,20104,20104060316,20104060413,4,1,1500,0.1,ON,1,0.05,0.15,0,10,0.9,1.1,4,1,0,0,0,0,0,0,0,0,30.109587,35.612064,120.438346,1.814437,14.247822,12.8317,1.1104,0.95884,0.817741,4,0.684332,0.868598,416,1424,0.292134831460674,0.14947,0.850188,0.581682,0.738308,311,207,0.7868,1.7619,1.1305,34.1594,0.952381,079dc55227c823d2038fb781f829a1517493628ffdf9b8844df83ced833e96ed,10bd6134d1956b59ae9f946801ced612b270f924,01bfa59f2db51d08661fdc0015eecf3c3d46ee084fd5d09ac0d955a2d1e713c7
main__dynamic_pedestrians__IPPO__seed2__ep05,main_comparison,dynamic_pedestrians,1,IPPO,2,5,20105,20105060320,20105060417,4,1,1500,0.1,ON,1,0.05,0.15,0,10,0.9,1.1,4,1,0,0,0,0,0,0,0,0,32.238969,35.161512,128.955876,1.201573,13.555847,12.8201,1.0574,0.94807,0.968465,5,0.679385,0.784022,299,997,0.299899699097292,0.163731,0.804558,0.577477,0.666419,296,197,1.0882,1.4512,1.1282,35.0812,0.952381,079dc55227c823d2038fb781f829a1517493628ffdf9b8844df83ced833e96ed,10bd6134d1956b59ae9f946801ced612b270f924,01bfa59f2db51d08661fdc0015eecf3c3d46ee084fd5d09ac0d955a2d1e713c7
main__dynamic_pedestrians__IPPO__seed2__ep06,main_comparison,dynamic_pedestrians,1,IPPO,2,6,20106,20106060324,20106060421,4,1,1500,0.1,ON,1,0.05,0.15,0,10,0.9,1.1,4,1,0,0,0,0,0,0,0,0,31.993275,34.091612,127.9731,1.695203,13.604137,12.8368,1.0598,0.943284,0.834768,5,0.710257,0.826509,351,1272,0.275943396226415,0.175835,0.850524,0.603718,0.702533,353,236,0.8419,1.575,1.4186,33.0191,0.952381,079dc55227c823d2038fb781f829a1517493628ffdf9b8844df83ced833e96ed,10bd6134d1956b59ae9f946801ced612b270f924,01bfa59f2db51d08661fdc0015eecf3c3d46ee084fd5d09ac0d955a2d1e713c7
main__dynamic_pedestrians__IPPO__seed2__ep07,main_comparison,dynamic_pedestrians,1,IPPO,2,7,20107,20107060328,20107060425,4,1,1500,0.1,ON,1,0.05,0.15,0,10,0.9,1.1,4,1,0,0,0,0,0,0,0,0,32.030721,36.900066,128.122883,1.62189,13.518843,12.8072,1.0556,0.93198,0.891101,7,0.670323,0.791385,307,899,0.341490545050056,0.17335,0.887211,0.569774,0.672678,311,208,1.0427,1.661,1.4466,35.642,0.952381,079dc55227c823d2038fb781f829a1517493628ffdf9b8844df83ced833e96ed,10bd6134d1956b59ae9f946801ced612b270f924,01bfa59f2db51d08661fdc0015eecf3c3d46ee084fd5d09ac0d955a2d1e713c7
main__dynamic_pedestrians__IPPO__seed2__ep08,main_comparison,dynamic_pedestrians,1,IPPO,2,8,20108,20108060332,20108060429,4,1,1500,0.1,ON,1,0.05,0.15,0,10,0.9,1.1,4,1,0,0,0,0,0,0,0,0,32.887663,35.940403,131.550652,1.971245,13.436101,12.7667,1.0524,0.921996,0.852919,4,0.6367,0.828357,269,930,0.289247311827957,0.174032,0.887304,0.541195,0.704103,312,208,0.9631,1.3881,1.1083,35.4328,0.952381,079dc55227c823d2038fb781f829a1517493628ffdf9b8844df83ced833e96ed,10bd6134d1956b59ae9f946801ced612b270f924,01bfa59f2db51d08661fdc0015eecf3c3d46ee084fd5d09ac0d955a2d1e713c7
main__dynamic_pedestrians__IPPO__seed2__ep09,main_comparison,dynamic_pedestrians,1,IPPO,2,9,20109,20109060336,20109060433,4,1,1500,0.1,ON,1,0.05,0.15,0,10,0.9,1.1,4,1,0,0,0,0,0,0,0,0,32.284516,36.752725,129.138062,2.13295,14.12357,12.7992,1.1035,0.944633,0.811086,1,0.670879,0.839139,311,972,0.319958847736625,0.153636,0.858687,0.570247,0.713268,368,245,0.8285,1.61,1.1324,34.994,0.952381,079dc55227c823d2038fb781f829a1517493628ffdf9b8844df83ced833e96ed,10bd6134d1956b59ae9f946801ced612b270f924,01bfa59f2db51d08661fdc0015eecf3c3d46ee084fd5d09ac0d955a2d1e713c7
main__dynamic_pedestrians__IPPO__seed3__ep00,main_comparison,dynamic_pedestrians,1,IPPO,3,0,30100,30100090300,30100090397,4,1,1500,0.1,ON,1,0.05,0.15,0,10,0.9,1.1,4,1,0,0,0,0,0,0,0,0,31.822362,34.455598,127.289446,1.864909,13.280297,12.8087,1.0368,0.941635,0.864833,9,0.722891,0.875809,278,1238,0.224555735056543,0.170831,0.818627,0.614457,0.744438,301,201,0.7271,1.324,1.4301,34.1521,0.952381,07715cfcac7e888d879b5845f677c634d52aa64d135d8f3146afd9653392fe01,10bd6134d1956b59ae9f946801ced612b270f924,01bfa59f2db51d08661fdc0015eecf3c3d46ee084fd5d09ac0d955a2d1e713c7
main__dynamic_pedestrians__IPPO__seed3__ep01,main_comparison,dynamic_pedestrians,1,IPPO,3,1,30101,30101090304,30101090401,4,1,1500,0.1,ON,1,0.05,0.15,0,10,0.9,1.1,4,1,0,0,0,0,0,0,0,0,30.236642,33.745895,120.946567,2.236307,13.430948,12.8008,1.0492,0.948815,0.752282,7,0.727762,0.845836,257,1140,0.225438596491228,0.156725,0.849656,0.618598,0.718961,211,140,0.951,1.6594,1.4225,33.3478,0.952381,07715cfcac7e888d879b5845f677c634d52aa64d135d8f3146afd9653392fe01,10bd6134d1956b59ae9f946801ced612b270f924,01bfa59f2db51d08661fdc0015eecf3c3d46ee084fd5d09ac0d955a2d1e713c7
main__dynamic_pedestrians__IPPO__seed3__ep02,main_comparison,dynamic_pedestrians,1,IPPO,3,2,30102,30102090308,30102090405,4,1,1500,0.1,ON,1,0.05,0.15,0,10,0.9,1.1,4,1,0,0,0,0,0,0,0,0,32.171547,34.983307,128.68619,2.137828,13.486462,12.7797,1.0553,0.951836,0.833902,5,0.713347,0.760727,401,1932,0.207556935817805,0.184025,0.861068,0.606345,0.646618,225,150,1.0013,1.4201,1.4069,31.7563,0.952381,07715cfcac7e888d879b5845f677c634d52aa64d135d8f3146afd9653392fe01,10bd6134d1956b59ae9f946801ced612b270f924,01bfa59f2db51d08661fdc0015eecf3c3d46ee084fd5d09ac0d955a2d1e713c7
main__dynamic_pedestrians__IPPO__seed3__ep03,main_comparison,dynamic_pedestrians,1,IPPO,3,3,30103,30103090312,30103090409,4,1,1500,0.1,ON,1,0.05,0.15,0,10,0.9,1.1,4,1,0,0,0,0,0,0,0,0,32.425338,36.038642,129.70135,1.716799,13.591391,12.8254,1.0597,0.937561,0.714974,3,0.681126,0.789433,328,1514,0.21664464993395,0.152798,0.87059,0.578957,0.671018,238,158,0.8817,1.4564,1.3653,32.5282,0.952381,07715cfcac7e888d879b5845f677c634d52aa64d135d8f3146afd9653392fe01,10bd6134d1956b59ae9f946801ced612b270f924,01bfa59f2db51d08661fdc0015eecf3c3d46ee084fd5d09ac0d955a2d1e713c7
main__dynamic_pedestrians__IPPO__seed3__ep04,main_comparison,dynamic_pedestrians,1,IPPO,3,4,30104,30104090316,30104090413,4,1,1500,0.1,ON,1,0.05,0.15,0,10,0.9,1.1,4,1,0,0,0,0,0,0,0,0,32.333308,35.097187,129.333231,2.279061,12.942544,12.7917,1.0118,0.931392,0.772333,3,0.656851,0.812812,407,1865,0.218230563002681,0.16018,0.856312,0.558323,0.69089,215,144,0.7807,1.3681,1.3639,33.9002,0.952381,07715cfcac7e888d879b5845f677c634d52aa64d135d8f3146afd9653392fe01,10bd6134d1956b59ae9f946801ced612b270f924,01bfa59f2db51d08661fdc0015eecf3c3d46ee084fd5d09ac0d955a2d1e713c7
main__dynamic_pedestrians__IPPO__seed3__ep05,main_comparison,dynamic_pedestrians,1,IPPO,3,5,30105,30105090320,30105090417,4,1,1500,0.1,ON,1,0.05,0.15,0,10,0.9,1.1,4,1,0,0,0,0,0,0,0,0,34.054639,35.436312,136.218555,2.207143,13.298778,12.8011,1.0389,0.953938,0.842611,6,0.655915,0.803681,418,2217,0.188543076229138,0.173735,0.86781,0.557528,0.683129,269,180,0.9999,1.4711,1.4904,32.2742,0.952381,07715cfcac7e888d879b5845f677c634d52aa64d135d8f3146afd9653392fe01,10bd6134d1956b59ae9f946801ced612b270f924,01bfa59f2db51d08661fdc0015eecf3c3d46ee084fd5d09ac0d955a2d1e713c7
main__dynamic_pedestrians__IPPO__seed3__ep06,main_comparison,dynamic_pedestrians,1,IPPO,3,6,30106,30106090324,30106090421,4,1,1500,0.1,ON,1,0.05,0.15,0,10,0.9,1.1,4,1,0,0,0,0,0,0,0,0,31.463308,32.551012,125.853232,1.590906,12.743322,12.824,0.9937,0.920093,0.719126,5,0.661851,0.850281,351,1515,0.231683168316832,0.151898,0.867277,0.562573,0.722738,270,180,0.8618,1.4259,1.1844,32.1469,0.952381,07715cfcac7e888d879b5845f677c634d52aa64d135d8f3146afd9653392fe01,10bd6134d1956b59ae9f946801ced612b270f924,01bfa59f2db51d08661fdc0015eecf3c3d46ee084fd5d09ac0d955a2d1e713c7
main__dynamic_pedestrians__IPPO__seed3__ep07,main_comparison,dynamic_pedestrians,1,IPPO,3,7,30107,30107090328,30107090425,4,1,1500,0.1,ON,1,0.05,0.15,0,10,0.9,1.1,4,1,0,0,0,0,0,0,0,0,30.711636,33.421412,122.846545,1.811448,13.629664,12.8012,1.0647,0.947367,0.729318,4,0.711311,0.856077,343,1645,0.208510638297872,0.173186,0.82544,0.604615,0.727666,221,148,1.0598,1.7759,1.2236,31.2428,0.952381,07715cfcac7e888d879b5845f677c634d52aa64d135d8f3146afd9653392fe01,10bd6134d1956b59ae9f946801ced612b270f924,01bfa59f2db51d08661fdc0015eecf3c3d46ee084fd5d09ac0d955a2d1e713c7
main__dynamic_pedestrians__IPPO__seed3__ep08,main_comparison,dynamic_pedestrians,1,IPPO,3,8,30108,30108090332,30108090429,4,1,1500,0.1,ON,1,0.05,0.15,0,10,0.9,1.1,4,1,0,0,0,0,0,0,0,0,35.040069,35.22527,140.160277,2.123959,13.127146,12.8226,1.0237,0.938655,0.7794,6,0.698513,0.803534,350,1713,0.204319906596614,0.16587,0.846633,0.593736,0.683004,291,194,1.062,1.4047,1.19,34.2206,0.952381,07715cfcac7e888d879b5845f677c634d52aa64d135d8f3146afd9653392fe01,10bd6134d1956b59ae9f946801ced612b270f924,01bfa59f2db51d08661fdc0015eecf3c3d46ee084fd5d09ac0d955a2d1e713c7
main__dynamic_pedestrians__IPPO__seed3__ep09,main_comparison,dynamic_pedestrians,1,IPPO,3,9,30109,30109090336,30109090433,4,1,1500,0.1,ON,1,0.05,0.15,0,10,0.9,1.1,4,1,0,0,0,0,0,0,0,0,31.141253,34.480963,124.565013,2.408984,12.985433,12.8076,1.0139,0.935634,0.640361,0,0.669214,0.81006,327,1601,0.204247345409119,0.169742,0.856588,0.568832,0.688551,220,147,1.0784,1.4164,1.3135,32.0859,0.952381,07715cfcac7e888d879b5845f677c634d52aa64d135d8f3146afd9653392fe01,10bd6134d1956b59ae9f946801ced612b270f924,01bfa59f2db51d08661fdc0015eecf3c3d46ee084fd5d09ac0d955a2d1e713c7
main__dynamic_pedestrians__IPPO__seed4__ep00,main_comparison,dynamic_pedestrians,1,IPPO,4,0,40100,40100120300,40100120397,4,1,1500,0.1,ON,1,0.05,0.15,0,10,0.9,1.1,4,1,0,0,0,0,0,0,0,0,31.683954,36.893139,126.735817,1.297276,13.721451,12.8129,1.0709,0.944929,0.829411,1,0.679234,0.891313,450,1173,0.383631713554987,0.125717,0.89729,0.577349,0.757616,422,281,0.8812,1.8739,1.3074,34.9634,0.952381,649d968c6bc85cf4f2668400cf24732f884cf8691925ae67142d2fe815735db4,10bd6134d1956b59ae9f946801ced612b270f924,01bfa59f2db51d08661fdc0015eecf3c3d46ee084fd5d09ac0d955a2d1e713c7
main__dynamic_pedestrians__IPPO__seed4__ep01,main_comparison,dynamic_pedestrians,1,IPPO,4,1,40101,40101120304,40101120401,4,1,1500,0.1,ON,1,0.05,0.15,0,10,0.9,1.1,4,1,0,0,0,0,0,0,0,0,32.469174,34.970681,129.876696,1.274596,13.186662,12.8002,1.0302,0.926482,0.859947,2,0.695028,0.875087,470,1162,0.40447504302926,0.119625,0.812871,0.590773,0.743824,335,224,0.8199,1.5784,1.301,33.4153,0.952381,649d968c6bc85cf4f2668400cf24732f884cf8691925ae67142d2fe815735db4,10bd6134d1956b59ae9f946801ced612b270f924,01bfa59f2db51d08661fdc0015eecf3c3d46ee084fd5d09ac0d955a2d1e713c7
main__dynamic_pedestrians__IPPO__seed4__ep02,main_comparison,dynamic_pedestrians,1,IPPO,4,2,40102,40102120308,40102120405,4,1,1500,0.1,ON,1,0.05,0.15,0,10,0.9,1.1,4,1,0,0,0,0,0,0,0,0,32.298378,34.882586,129.193512,1.087313,13.578297,12.7837,1.0622,0.91655,1.008814,3,0.671645,0.854925,336,943,0.356309650053022,0.126028,0.820819,0.570898,0.726686,328,218,0.9741,1.3822,1.3327,34.7284,0.952381,649d968c6bc85cf4f2668400cf24732f884cf8691925ae67142d2fe815735db4,10bd6134d1956b59ae9f946801ced612b270f924,01bfa59f2db51d08661fdc0015eecf3c3d46ee084fd5d09ac0d955a2d1e713c7
main__dynamic_pedestrians__IPPO__seed4__ep03,main_comparison,dynamic_pedestrians,1,IPPO,4,3,40103,40103120312,40103120409,4,1,1500,0.1,ON,1,0.05,0.15,0,10,0.9,1.1,4,1,0,0,0,0,0,0,0,0,32.533189,36.217358,130.132758,1.224315,13.297527,12.828,1.0366,0.949828,0.941046,4,0.663824,0.89479,475,1156,0.410899653979239,0.129067,0.84578,0.56425,0.760572,408,272,1.099,1.6011,1.1945,33.9625,0.952381,649d968c6bc85cf4f2668400cf24732f884cf8691925ae67142d2fe815735db4,10bd6134d1956b59ae9f946801ced612b270f924,01bfa59f2db51d08661fdc0015eecf3c3d46ee084fd5d09ac0d955a2d1e713c7
main__dynamic_pedestrians__IPPO__seed4__ep04,main_comparison,dynamic_pedestrians,1,IPPO,4,4,40104,40104120316,40104120413,4,1,1500,0.1,ON,1,0.05,0.15,0,10,0.9,1.1,4,1,0,0,0,0,0,0,0,0,32.216687,35.439969,128.866747,1.340909,12.952373,12.81,1.0111,0.938132,0.904747,3,0.650054,0.833491,501,1219,0.410992616899098,0.131265,0.912234,0.552546,0.708467,278,186,1.008,1.4104,1.4152,33.2803,0.952381,649d968c6bc85cf4f2668400cf24732f884cf8691925ae67142d2fe815735db4,10bd6134d1956b59ae9f946801ced612b270f924,01bfa59f2db51d08661fdc0015eecf3c3d46ee084fd5d09ac0d955a2d1e713c7
main__dynamic_pedestrians__IPPO__seed4__ep05,main_comparison,dynamic_pedestrians,1,IPPO,4,5,40105,40105120320,40105120417,4,1,1500,0.1,ON,1,0.05,0.15,0,10,0.9,1.1,4,1,0,0,0,0,0,0,0,0,32.215006,35.531137,128.860022,1.263144,12.98452,12.7982,1.0146,0.949082,0.929629,1,0.725341,0.87536,515,1233,0.417680454176804,0.136726,0.84837,0.61654,0.744056,324,216,0.9685,1.5054,1.2017,32.2972,0.952381,649d968c6bc85cf4f2668400cf24732f884cf8691925ae67142d2fe815735db4,10bd6134d1956b59ae9f946801ced612b270f924,01bfa59f2db51d08661fdc0015eecf3c3d46ee084fd5d09ac0d955a2d1e713c7
main__dynamic_pedestrians__IPPO__seed4__ep06,main_comparison,dynamic_pedestrians,1,IPPO,4,6,40106,40106120324,40106120421,4,1,1500,0.1,ON,1,0.05,0.15,0,10,0.9,1.1,4,1,0,0,0,0,0,0,0,0,32.761293,35.093673,131.045172,1.530056,13.418253,12.7917,1.049,0.950923,0.785077,2,0.734881,0.917659,438,996,0.439759036144578,0.128247,0.845482,0.624649,0.78001,402,268,0.9724,1.6071,1.1026,34.8703,0.952381,649d968c6bc85cf4f2668400cf24732f884cf8691925ae67142d2fe815735db4,10bd6134d1956b59ae9f946801ced612b270f924,01bfa59f2db51d08661fdc0015eecf3c3d46ee084fd5d09ac0d955a2d1e713c7
main__dynamic_pedestrians__IPPO__seed4__ep07,main_comparison,dynamic_pedestrians,1,IPPO,4,7,40107,40107120328,40107120425,4,1,1500,0.1,ON,1,0.05,0.15,0,10,0.9,1.1,4,1,0,0,0,0,0,0,0,0,32.808022,35.53714,131.232089,1.23001,13.172113,12.8263,1.027,0.925917,0.946326,4,0.728084,0.863862,471,1231,0.382615759545085,0.11856,0.866995,0.618872,0.734282,337,225,0.9431,1.3538,1.4076,33.4004,0.952381,649d968c6bc85cf4f2668400cf24732f884cf8691925ae67142d2fe815735db4,10bd6134d1956b59ae9f946801ced612b270f924,01bfa59f2db51d08661fdc0015eecf3c3d46ee084fd5d09ac0d955a2d1e713c7
main__dynamic_pedestrians__IPPO__seed4__ep08,main_comparison,dynamic_pedestrians,1,IPPO,4,8,40108,40108120332,40108120429,4,1,1500,0.1,ON,1,0.05,0.15,0,10,0.9,1.1,4,1,0,0,0,0,0,0,0,0,31.24012,37.109042,124.960479,1.432141,13.402998,12.8172,1.0457,0.939079,0.864598,3,0.716361,0.834413,462,1132,0.408127208480565,0.133326,0.834149,0.608907,0.709251,371,247,1.0979,1.4666,1.1355,33.2544,0.952381,649d968c6bc85cf4f2668400cf24732f884cf8691925ae67142d2fe815735db4,10bd6134d1956b59ae9f946801ced612b270f924,01bfa59f2db51d08661fdc0015eecf3c3d46ee084fd5d09ac0d955a2d1e713c7
main__dynamic_pedestrians__IPPO__seed4__ep09,main_comparison,dynamic_pedestrians,1,IPPO,4,9,40109,40109120336,40109120433,4,1,1500,0.1,ON,1,0.05,0.15,0,10,0.9,1.1,4,1,0,0,0,0,0,0,0,0,32.81835,37.347725,131.273398,1.463608,13.540087,12.7997,1.0578,0.947814,0.793491,2,0.763848,0.851832,447,1052,0.42490494296578,0.138684,0.836011,0.649271,0.724057,343,229,1.0312,1.6365,1.3955,32.9885,0.952381,649d968c6bc85cf4f2668400cf24732f884cf8691925ae67142d2fe815735db4,10bd6134d1956b59ae9f946801ced612b270f924,01bfa59f2db51d08661fdc0015eecf3c3d46ee084fd5d09ac0d955a2d1e713c7
main__dynamic_pedestrians__IPPO__seed5__ep00,main_comparison,dynamic_pedestrians,1,IPPO,5,0,50100,50100150300,50100150397,4,1,1500,0.1,ON,1,0.05,0.15,0,10,0.9,1.1,4,1,0,0,0,0,0,0,0,0,32.845794,35.344605,131.383175,1.511048,12.813936,12.8252,0.9991,0.949248,0.778571,5,0.669995,0.972734,380,1394,0.272596843615495,0.134733,0.856867,0.569496,0.826824,112,74,0.827,1.4423,1.171,36.9539,0.952381,220f2150ebd6d42971c33b968dbbdae82bedb7d505f59246a34cfd6cd75a7756,10bd6134d1956b59ae9f946801ced612b270f924,01bfa59f2db51d08661fdc0015eecf3c3d46ee084fd5d09ac0d955a2d1e713c7
main__dynamic_pedestrians__IPPO__seed5__ep01,main_comparison,dynamic_pedestrians,1,IPPO,5,1,50101,50101150304,50101150401,4,1,1500,0.1,ON,1,0.05,0.15,0,10,0.9,1.1,4,1,0,0,0,0,0,0,0,0,29.228193,34.867606,116.91277,1.627599,13.245923,12.8201,1.0332,0.947173,0.852443,7,0.720485,0.92957,415,1434,0.289400278940028,0.139539,0.863508,0.612412,0.790135,97,64,0.7287,1.3294,1.303,31.5494,0.952381,220f2150ebd6d42971c33b968dbbdae82bedb7d505f59246a34cfd6cd75a7756,10bd6134d1956b59ae9f946801ced612b270f924,01bfa59f2db51d08661fdc0015eecf3c3d46ee084fd5d09ac0d955a2d1e713c7
main__dynamic_pedestrians__IPPO__seed5__ep02,main_comparison,dynamic_pedestrians,1,IPPO,5,2,50102,50102150308,50102150405,4,1,1500,0.1,ON,1,0.05,0.15,0,10,0.9,1.1,4,1,0,0,0,0,0,0,0,0,32.682434,35.776038,130.729737,1.440586,13.762034,12.7949,1.0756,0.931264,0.8305,3,0.660152,0.873846,391,1256,0.311305732484076,0.138681,0.842864,0.561129,0.742769,79,53,0.7445,1.7537,1.3802,33.0844,0.952381,220f2150ebd6d42971c33b968dbbdae82bedb7d505f59246a34cfd6cd75a7756,10bd6134d1956b59ae9f946801ced612b270f924,01bfa59f2db51d08661fdc0015eecf3c3d46ee084fd5d09ac0d955a2d1e713c7
main__dynamic_pedestrians__IPPO__seed5__ep03,main_comparison,dynamic_pedestrians,1,IPPO,5,3,50103,50103150312,50103150409,4,1,1500,0.1,ON,1,0.05,0.15,0,10,0.9,1.1,4,1,0,0,0,0,0,0,0,0,30.060282,37.100404,120.241127,1.937132,13.077585,12.8039,1.0214,0.930734,0.84141,4,0.679103,0.978873,451,1620,0.278395061728395,0.116383,0.846874,0.577238,0.832042,95,64,0.712,1.3037,1.2081,34.7256,0.952381,220f2150ebd6d42971c33b968dbbdae82bedb7d505f59246a34cfd6cd75a7756,10bd6134d1956b59ae9f946801ced612b270f924,01bfa59f2db51d08661fdc0015eecf3c3d46ee084fd5d09ac0d955a2d1e713c7
main__dynamic_pedestrians__IPPO__seed5__ep04,main_comparison,dynamic_pedestrians,1,IPPO,5,4,50104,50104150316,50104150413,4,1,1500,0.1,ON,1,0.05,0.15,0,10,0.9,1.1,4,1,0,0,0,0,0,0,0,0,32.077577,34.716185,128.310307,1.687845,13.42608,12.8089,1.0482,0.911437,0.910613,1,0.683768,0.868759,485,1578,0.307351077313054,0.145369,0.84396,0.581203,0.738445,102,68,0.9689,1.5304,1.2938,33.8374,0.952381,220f2150ebd6d42971c33b968dbbdae82bedb7d505f59246a34cfd6cd75a7756,10bd6134d1956b59ae9f946801ced612b270f924,01bfa59f2db51d08661fdc0015eecf3c3d46ee084fd5d09ac0d955a2d1e713c7
main__dynamic_pedestrians__IPPO__seed5__ep05,main_comparison,dynamic_pedestrians,1,IPPO,5,5,50105,50105150320,50105150417,4,1,1500,0.1,ON,1,0.05,0.15,0,10,0.9,1.1,4,1,0,0,0,0,0,0,0,0,34.796961,35.359357,139.187846,1.438144,13.155317,12.8037,1.0275,0.93166,0.895995,2,0.645163,0.899729,456,1740,0.262068965517241,0.14483,0.883691,0.548389,0.76477,70,47,0.9605,1.865,1.2956,33.4209,0.952381,220f2150ebd6d42971c33b968dbbdae82bedb7d505f59246a34cfd6cd75a7756,10bd6134d1956b59ae9f946801ced612b270f924,01bfa59f2db51d08661fdc0015eecf3c3d46ee084fd5d09ac0d955a2d1e713c7
main__dynamic_pedestrians__IPPO__seed5__ep06,main_comparison,dynamic_pedestrians,1,IPPO,5,6,50106,50106150324,50106150421,4,1,1500,0.1,ON,1,0.05,0.15,0,10,0.9,1.1,4,1,0,0,0,0,0,0,0,0,31.960065,35.001977,127.840262,1.442069,13.889352,12.8239,1.0831,0.974271,0.813044,0,0.652649,0.886513,485,1554,0.312097812097812,0.139473,0.863005,0.554751,0.753536,104,70,0.98,1.864,1.1547,33.435,0.952381,220f2150ebd6d42971c33b968dbbdae82bedb7d505f59246a34cfd6cd75a7756,10bd6134d1956b59ae9f946801ced612b270f924,01bfa59f2db51d08661fdc0015eecf3c3d46ee084fd5d09ac0d955a2d1e713c7
main__dynamic_pedestrians__IPPO__seed5__ep07,main_comparison,dynamic_pedestrians,1,IPPO,5,7,50107,50107150328,50107150425,4,1,1500,0.1,ON,1,0.05,0.15,0,10,0.9,1.1,4,1,0,0,0,0,0,0,0,0,33.712506,34.190421,134.850022,1.808647,13.231872,12.824,1.0318,0.931035,0.829302,3,0.588092,0.94109,389,1317,0.295368261199696,0.138855,0.87744,0.499878,0.799926,67,45,0.9966,1.5908,1.4933,33.6103,0.952381,220f2150ebd6d42971c33b968dbbdae82bedb7d505f59246a34cfd6cd75a7756,10bd6134d1956b59ae9f946801ced612b270f924,01bfa59f2db51d08661fdc0015eecf3c3d46ee084fd5d09ac0d955a2d1e713c7
main__dynamic_pedestrians__IPPO__seed5__ep08,main_comparison,dynamic_pedestrians,1,IPPO,5,8,50108,50108150332,50108150429,4,1,1500,0.1,ON,1,0.05,0.15,0,10,0.9,1.1,4,1,0,0,0,0,0,0,0,0,32.453425,34.299361,129.813699,1.567989,13.440101,12.812,1.049,0.924754,0.803827,2,0.701161,0.910093,437,1481,0.295070898041864,0.136202,0.825997,0.595987,0.773579,83,55,0.9458,1.8037,1.3829,33.1659,0.952381,220f2150ebd6d42971c33b968dbbdae82bedb7d505f59246a34cfd6cd75a7756,10bd6134d1956b59ae9f946801ced612b270f924,01bfa59f2db51d08661fdc0015eecf3c3d46ee084fd5d09ac0d955a2d1e713c7
main__dynamic_pedestrians__IPPO__seed5__ep09,main_comparison,dynamic_pedestrians,1,IPPO,5,9,50109,50109150336,50109150433,4,1,1500,0.1,ON,1,0.05,0.15,0,10,0.9,1.1,4,1,0,0,0,0,0,0,0,0,30.397162,37.321898,121.588647,1.755094,13.104891,12.8016,1.0237,0.965716,0.96265,5,0.644787,0.978588,437,1376,0.317587209302326,0.129682,0.815794,0.548069,0.831799,73,49,0.7531,1.3294,1.1375,33.2371,0.952381,220f2150ebd6d42971c33b968dbbdae82bedb7d505f59246a34cfd6cd75a7756,10bd6134d1956b59ae9f946801ced612b270f924,01bfa59f2db51d08661fdc0015eecf3c3d46ee084fd5d09ac0d955a2d1e713c7
main__dynamic_pedestrians__IPPO__seed6__ep00,main_comparison,dynamic_pedestrians,1,IPPO,6,0,60100,60100180300,60100180397,4,1,1500,0.1,ON,1,0.05,0.15,0,10,0.9,1.1,4,1,0,0,0,0,0,0,0,0,29.992818,35.7253,119.971271,1.514081,13.448222,12.7897,1.0515,0.950185,0.929966,4,0.62862,0.833978,510,1925,0.264935064935065,0.162758,0.842972,0.534327,0.708881,269,180,1.0636,1.531,1.2357,32.4889,0.952381,65af418f1e27017063ed5793bfdd7f777e76f37b9dd9a330382a7045a4598fe6,10bd6134d1956b59ae9f946801ced612b270f924,01bfa59f2db51d08661fdc0015eecf3c3d46ee084fd5d09ac0d955a2d1e713c7
main__dynamic_pedestrians__IPPO__seed6__ep01,main_comparison,dynamic_pedestrians,1,IPPO,6,1,60101,60101180304,60101180401,4,1,1500,0.1,ON,1,0.05,0.15,0,10,0.9,1.1,4,1,0,0,0,0,0,0,0,0,33.64692,37.613554,134.587678,0.936741,13.324144,12.8305,1.0385,0.948432,1.006103,3,0.64989,0.797822,519,1608,0.322761194029851,0.144789,0.861573,0.552406,0.678148,313,208,0.7206,1.7559,1.3358,34.1719,0.952381,65af418f1e27017063ed5793bfdd7f777e76f37b9dd9a330382a7045a4598fe6,10bd6134d1956b59ae9f946801ced612b270f924,01bfa59f2db51d08661fdc0015eecf3c3d46ee084fd5d09ac0d955a2d1e713c7
main__dynamic_pedestrians__IPPO__seed6__ep02,main_comparison,dynamic_pedestrians,1,IPPO,6,2,60102,60102180308,60102180405,4,1,1500,0.1,ON,1,0.05,0.15,0,10,0.9,1.1,4,1,0,0,0,0,0,0,0,0,33.932958,36.235838,135.731832,1.124334,13.711198,12.7817,1.0727,0.931819,0.922934,3,0.637356,0.881608,488,1646,0.296476306196841,0.168481,0.818729,0.541753,0.749367,262,174,0.8776,1.4159,1.4609,30.6335,0.952381,65af418f1e27017063ed5793bfdd7f777e76f37b9dd9a330382a7045a4598fe6,10bd6134d1956b59ae9f946801ced612b270f924,01bfa59f2db51d08661fdc0015eecf3c3d46ee084fd5d09ac0d955a2d1e713c7
main__dynamic_pedestrians__IPPO__seed6__ep03,main_comparison,dynamic_pedestrians,1,IPPO,6,3,60103,60103180312,60103180409,4,1,1500,0.1,ON,1,0.05,0.15,0,10,0.9,1.1,4,1,0,0,0,0,0,0,0,0,33.357411,36.917054,133.429643,1.140169,13.461334,12.8184,1.0502,0.940793,0.806671,4,0.595919,0.799649,562,2020,0.278217821782178,0.169514,0.868695,0.506531,0.679702,309,206,1.026,1.3618,1.3986,36.0958,0.952381,65af418f1e27017063ed5793bfdd7f777e76f37b9dd9a330382a7045a4598fe6,10bd6134d1956b59ae9f946801ced612b270f924,01bfa59f2db51d08661fdc0015eecf3c3d46ee084fd5d09ac0d955a2d1e713c7
main__dynamic_pedestrians__IPPO__seed6__ep04,main_comparison,dynamic_pedestrians,1,IPPO,6,4,60104,60104180316,60104180413,4,1,1500,0.1,ON,1,0.05,0.15,0,10,0.9,1.1,4,1,0,0,0,0,0,0,0,0,33.285984,36.225691,133.143936,1.125905,13.295563,12.8023,1.0385,0.925169,1.031331,3,0.623384,0.845967,535,1746,0.306414662084765,0.146554,0.867674,0.529876,0.719072,280,186,0.8547,1.3102,1.2988,34.1483,0.952381,65af418f1e27017063ed5793bfdd7f777e76f37b9dd9a330382a7045a4598fe6,10bd6134d1956b59ae9f946801ced612b270f924,01bfa59f2db51d08661fdc0015eecf3c3d46ee084fd5d09ac0d955a2d1e713c7
main__dynamic_pedestrians__IPPO__seed6__ep05,main_comparison,dynamic_pedestrians,1,IPPO,6,5,60105,60105180320,60105180417,4,1,1500,0.1,ON,1,0.05,0.15,0,10,0.9,1.1,4,1,0,0,0,0,0,0,0,0,31.184191,35.773378,124.736766,0.897839,13.285069,12.8081,1.0372,0.95506,0.923774,8,0.553905,0.821994,478,1614,0.296158612143742,0.169276,0.881453,0.47082,0.698695,251,168,0.799,1.802,1.2237,32.6675,0.952381,65af418f1e27017063ed5793bfdd7f777e76f37b9dd9a330382a7045a4598fe6,10bd6134d1956b59ae9f946801ced612b270f924,01bfa59f2db51d08661fdc0015eecf3c3d46ee084fd5d09ac0d955a2d1e713c7
main__dynamic_pedestrians__IPPO__seed6__ep06,main_comparison,dynamic_pedestrians,1,IPPO,6,6,60106,60106180324,60106180421,4,1,1500,0.1,ON,1,0.05,0.15,0,10,0.9,1.1,4,1,0,0,0,0,0,0,0,0,35.169866,35.355715,140.679464,1.535723,13.64738,12.784,1.0675,0.913929,0.964451,6,0.641978,0.796427,488,1633,0.298836497244336,0.175781,0.812205,0.545681,0.676963,223,149,1.0942,1.4013,1.1027,34.2723,0.952381,65af418f1e27017063ed5793bfdd7f777e76f37b9dd9a330382a7045a4598fe6,10bd6134d1956b59ae9f946801ced612b270f924,01bfa59f2db51d08661fdc0015eecf3c3d46ee084fd5d09ac0d955a2d1e713c7
main__dynamic_pedestrians__IPPO__seed6__ep07,main_comparison,dynamic_pedestrians,1,IPPO,6,7,60107,60107180328,60107180425,4,1,1500,0.1,ON,1,0.05,0.15,0,10,0.9,1.1,4,1,0,0,0,0,0,0,0,0,30.681652,35.209801,122.726608,1.31458,13.348281,12.8029,1.0426,0.939541,0.900419,2,0.663695,0.861732,456,1378,0.330914368650218,0.152116,0.829589,0.564141,0.732472,239,160,0.7645,1.856,1.289,33.8896,0.952381,65af418f1e27017063ed5793bfdd7f777e76f37b9dd9a330382a7045a4598fe6,10bd6134d1956b59ae9f946801ced612b270f924,01bfa59f2db51d08661fdc0015eecf3c3d46ee084fd5d09ac0d955a2d1e713c7
main__dynamic_pedestrians__IPPO__seed6__ep08,main_comparison,dynamic_pedestrians,1,IPPO,6,8,60108,60108180332,60108180429,4,1,1500,0.1,ON,1,0.05,0.15,0,10,0.9,1.1,4,1,0,0,0,0,0,0,0,0,30.332165,36.082259,121.32866,1.296326,13.297197,12.8158,1.0376,0.931515,0.847564,3,0.666065,0.85773,514,1655,0.310574018126888,0.164558,0.886338,0.566155,0.72907,202,134,0.7008,1.7997,1.3398,30.3019,0.952381,65af418f1e27017063ed5793bfdd7f777e76f37b9dd9a330382a7045a4598fe6,10bd6134d1956b59ae9f946801ced612b270f924,01bfa59f2db51d08661fdc0015eecf3c3d46ee084fd5d09ac0d955a2d1e713c7
main__dynamic_pedestrians__IPPO__seed6__ep09,main_comparison,dynamic_pedestrians,1,IPPO,6,9,60109,60109180336,60109180433,4,1,1500,0.1,ON,1,0.05,0.15,0,10,0.9,1.1,4,1,0,0,0,0,0,0,0,0,31.635983,34.655429,126.543933,1.26596,13.067806,12.8006,1.0209,0.941271,0.904135,7,0.649612,0.854122,553,1820,0.303846153846154,0.150965,0.850771,0.552171,0.726003,290,194,0.8863,1.6285,1.2124,37.7737,0.952381,65af418f1e27017063ed5793bfdd7f777e76f37b9dd9a330382a7045a4598fe6,10bd6134d1956b59ae9f946801ced612b270f924,01bfa59f2db51d08661fdc0015eecf3c3d46ee084fd5d09ac0d955a2d1e713c7
main__dynamic_pedestrians__IPPO__seed7__ep00,main_comparison,dynamic_pedestrians,1,IPPO,7,0,70100,70100210300,70100210397,4,1,1500,0.1,ON,1,0.05,0.15,0,10,0.9,1.1,4,1,0,0,0,0,0,0,0,0,32.84341,36.414628,131.37364,1.125748,13.12948,12.7997,1.0258,0.944991,0.801889,1,0.610169,0.87394,605,2562,0.236143637782982,0.132108,0.860942,0.518643,0.742849,321,214,0.9509,1.5845,1.4332,33.2909,0.952381,a8fba2f91b95c40e8dfb0408da18e13ab01a442adb4c7fc6e64b89deaeb90ede,10bd6134d1956b59ae9f946801ced612b270f924,01bfa59f2db51d08661fdc0015eecf3c3d46ee084fd5d09ac0d955a2d1e713c7
main__dynamic_pedestrians__IPPO__seed7__ep01,main_comparison,dynamic_pedestrians,1,IPPO,7,1,70101,70101210304,70101210401,4,1,1500,0.1,ON,1,0.05,0.15,0,10,0.9,1.1,4,1,0,0,0,0,0,0,0,0,33.686375,34.683352,134.745499,1.215952,13.520342,12.8093,1.0555,0.956969,0.688439,0,0.643115,0.887201,629,2801,0.224562656194216,0.134171,0.816311,0.546648,0.754121,271,181,0.8897,1.8152,1.2102,34.7266,0.952381,a8fba2f91b95c40e8dfb0408da18e13ab01a442adb4c7fc6e64b89deaeb90ede,10bd6134d1956b59ae9f946801ced612b270f924,01bfa59f2db51d08661fdc0015eecf3c3d46ee084fd5d09ac0d955a2d1e713c7
main__dynamic_pedestrians__IPPO__seed7__ep02,main_comparison,dynamic_pedestrians,1,IPPO,7,2,70102,70102210308,70102210405,4,1,1500,0.1,ON,1,0.05,0.15,0,10,0.9,1.1,4,1,0,0,0,0,0,0,0,0,32.521031,36.272275,130.084126,1.372958,13.573973,12.7926,1.0611,0.951748,0.83912,7,0.685519,0.840598,638,2514,0.253778838504375,0.12533,0.830932,0.582691,0.714509,302,201,0.7893,1.8915,1.2345,34.3829,0.952381,a8fba2f91b95c40e8dfb0408da18e13ab01a442adb4c7fc6e64b89deaeb90ede,10bd6134d1956b59ae9f946801ced612b270f924,01bfa59f2db51d08661fdc0015eecf3c3d46ee084fd5d09ac0d955a2d1e713c7
main__dynamic_pedestrians__IPPO__seed7__ep03,main_comparison,dynamic_pedestrians,1,IPPO,7,3,70103,70103210312,70103210409,4,1,1500,0.1,ON,1,0.05,0.15,0,10,0.9,1.1,4,1,0,0,0,0,0,0,0,0,31.487241,35.718396,125.948964,1.048359,13.444954,12.7877,1.0514,0.934108,0.893538,6,0.657655,0.864184,726,2993,0.242565987303709,0.1344,0.885227,0.559007,0.734556,268,179,0.7036,1.8755,1.2977,32.4483,0.952381,a8fba2f91b95c40e8dfb0408da18e13ab01a442adb4c7fc6e64b89deaeb90ede,10bd6134d1956b59ae9f946801ced612b270f924,01bfa59f2db51d08661fdc0015eecf3c3d46ee084fd5d09ac0d955a2d1e713c7
main__dynamic_pedestrians__IPPO__seed7__ep04,main_comparison,dynamic_pedestrians,1,IPPO,7,4,70104,70104210316,70104210413,4,1,1500,0.1,ON,1,0.05,0.15,0,10,0.9,1.1,4,1,0,0,0,0,0,0,0,0,30.921817,33.727831,123.687267,1.233919,13.526218,12.7963,1.057,0.937668,0.821351,1,0.665072,0.858075,755,2940,0.256802721088435,0.151629,0.878601,0.565311,0.729364,231,154,1.0588,1.3368,1.4375,37.8144,0.952381,a8fba2f91b95c40e8dfb0408da18e13ab01a442adb4c7fc6e64b89deaeb90ede,10bd6134d1956b59ae9f946801ced612b270f924,01bfa59f2db51d08661fdc0015eecf3c3d46ee084fd5d09ac0d955a2d1e713c7
main__dynamic_pedestrians__IPPO__seed7__ep05,main_comparison,dynamic_pedestrians,1,IPPO,7,5,70105,70105210320,70105210417,4,1,1500,0.1,ON,1,0.05,0.15,0,10,0.9,1.1,4,1,0,0,0,0,0,0,0,0,31.730135,35.303621,126.920541,1.258984,13.2149,12.8235,1.0305,0.940715,0.820365,5,0.686147,0.87747,752,2838,0.264975334742777,0.147618,0.855267,0.583225,0.74585,262,175,0.7163,1.5756,1.4091,35.2677,0.952381,a8fba2f91b95c40e8dfb0408da18e13ab01a442adb4c7fc6e64b89deaeb90ede,10bd6134d1956b59ae9f946801ced612b270f924,01bfa59f2db51d08661fdc0015eecf3c3d46ee084fd5d09ac0d955a2d1e713c7
main__dynamic_pedestrians__IPPO__seed7__ep06,main_comparison,dynamic_pedestrians,1,IPPO,7,6,70106,70106210324,70106210421,4,1,1500,0.1,ON,1,0.05,0.15,0,10,0.9,1.1,4,1,0,0,0,0,0,0,0,0,34.032773,37.324503,136.13109,1.522501,13.433652,12.8126,1.0485,0.955355,0.72744,3,0.68824,0.820852,747,2771,0.26957776975821,0.148155,0.870979,0.585004,0.697724,270,180,0.8566,1.898,1.102,35.6345,0.952381,a8fba2f91b95c40e8dfb0408da18e13ab01a442adb4c7fc6e64b89deaeb90ede,10bd6134d1956b59ae9f946801ced612b270f924,01bfa59f2db51d08661fdc0015eecf3c3d46ee084fd5d09ac0d955a2d1e713c7
main__dynamic_pedestrians__IPPO__seed7__ep07,main_comparison,dynamic_pedestrians,1,IPPO,7,7,70107,70107210328,70107210425,4,1,1500,0.1,ON,1,0.05,0.15,0,10,0.9,1.1,4,1,0,0,0,0,0,0,0,0,31.859006,36.524043,127.436024,1.366065,13.56061,12.7875,1.0605,0.928143,0.821469,6,0.647594,0.821594,686,2561,0.267864115579852,0.134841,0.845097,0.550455,0.698355,304,202,0.9945,1.7315,1.1773,33.3924,0.952381,a8fba2f91b95c40e8dfb0408da18e13ab01a442adb4c7fc6e64b89deaeb90ede,10bd6134d1956b59ae9f946801ced612b270f924,01bfa59f2db51d08661fdc0015eecf3c3d46ee084fd5d09ac0d955a2d1e713c7
main__dynamic_pedestrians__IPPO__seed7__ep08,main_comparison,dynamic_pedestrians,1,IPPO,7,8,70108,70108210332,70108210429,4,1,1500,0.1,ON,1,0.05,0.15,0,10,0.9,1.1,4,1,0,0,0,0,0,0,0,0,32.787779,35.36061,131.151115,1.464304,12.995303,12.8135,1.0142,0.938522,0.884246,3,0.634748,0.827939,697,2833,0.246028944581716,0.120802,0.811841,0.539536,0.703748,245,164,1.0878,1.3712,1.3076,33.5857,0.952381,a8fba2f91b95c40e8dfb0408da18e13ab01a442adb4c7fc6e64b89deaeb90ede,10bd6134d1956b59ae9f946801ced612b270f924,01bfa59f2db51d08661fdc0015eecf3c3d46ee084fd5d09ac0d955a2d1e713c7
main__dynamic_pedestrians__IPPO__seed7__ep09,main_comparison,dynamic_pedestrians,1,IPPO,7,9,70109,70109210336,70109210433,4,1,1500,0.1,ON,1,0.05,0.15,0,10,0.9,1.1,4,1,0,0,0,0,0,0,0,0,33.827,36.109122,135.308001,1.287326,13.374955,12.8218,1.0431,0.939381,0.777672,1,0.649515,0.892768,563,2199,0.256025466120964,0.144653,0.864804,0.552088,0.758852,251,168,0.7885,1.3721,1.3677,31.4118,0.952381,a8fba2f91b95c40e8dfb0408da18e13ab01a442adb4c7fc6e64b89deaeb90ede,10bd6134d1956b59ae9f946801ced612b270f924,01bfa59f2db51d08661fdc0015eecf3c3d46ee084fd5d09ac0d955a2d1e713c7
main__mixed_complex__IPPO__seed0__ep00,main_comparison,mixed_complex,2,IPPO,0,0,200,200000600,200000697,4,1,2000,0.1,ON,1,0.05,0.15,0,10,0.9,1.1,4,1,0,0,0,0,0,0,0,0,44.598348,50.25004,178.393391,1.140061,21.768226,23.0091,0.9461,0.779667,0.738223,1,0.910102,0.761678,692,2078,0.333012512030799,0.170343,0.814661,0.773587,0.647426,311,208,1.0275,1.8879,1.3304,43.987,0.952381,c816a0a2e474f564c26022ff443412bd615571fb63f1a522a6a48f17f6ef3913,10bd6134d1956b59ae9f946801ced612b270f924,01bfa59f2db51d08661fdc0015eecf3c3d46ee084fd5d09ac0d955a2d1e713c7
main__mixed_complex__IPPO__seed0__ep01,main_comparison,mixed_complex,2,IPPO,0,1,201,201000604,201000701,4,1,2000,0.1,ON,1,0.05,0.15,0,10,0.9,1.1,4,1,0,0,0,0,0,0,0,0,44.622815,47.822316,178.491261,1.22706,21.330511,23.1342,0.922,0.771236,0.700637,0,0.840284,0.779933,579,1672,0.346291866028708,0.148175,0.870008,0.714242,0.662943,410,273,0.9828,1.6792,1.3784,50.514,0.952381,c816a0a2e474f564c26022ff443412bd615571fb63f1a522a6a48f17f6ef3913,10bd6134d1956b59ae9f946801ced612b270f924,01bfa59f2db51d08661fdc0015eecf3c3d46ee084fd5d09ac0d955a2d1e713c7
main__mixed_complex__IPPO__seed0__ep02,main_comparison,mixed_complex,2,IPPO,0,2,202,202000608,202000705,4,1,2000,0.1,ON,1,0.05,0.15,0,10,0.9,1.1,4,1,0,0,0,0,0,0,0,0,47.163309,51.996083,188.653235,0.737846,21.672782,22.9326,0.9451,0.812486,0.788274,0,0.797578,0.87903,625,1964,0.318228105906314,0.179553,0.824451,0.677941,0.747176,429,286,0.7264,1.6167,1.247,46.6619,0.952381,c816a0a2e474f564c26022ff443412bd615571fb63f1a522a6a48f17f6ef3913,10bd6134d1956b59ae9f946801ced612b270f924,01bfa59f2db51d08661fdc0015eecf3c3d46ee084fd5d09ac0d955a2d1e713c7
main__mixed_complex__IPPO__seed0__ep03,main_comparison,mixed_complex,2,IPPO,0,3,203,203000612,203000709,4,1,2000,0.1,ON,1,0.05,0.15,0,10,0.9,1.1,4,1,0,0,0,0,0,0,0,0,46.338221,51.456675,185.352885,1.233001,21.353183,23.0527,0.9263,0.794507,0.760643,0,0.813248,0.795916,616,1846,0.333694474539545,0.186098,0.813453,0.691261,0.676529,297,198,0.9367,1.8913,1.3811,51.0876,0.952381,c816a0a2e474f564c26022ff443412bd615571fb63f1a522a6a48f17f6ef3913,10bd6134d1956b59ae9f946801ced612b270f924,01bfa59f2db51d08661fdc0015eecf3c3d46ee084fd5d09ac0d955a2d1e713c7
main__mixed_complex__IPPO__seed0__ep04,main_comparison,mixed_complex,2,IPPO,0,4,204,204000616,204000713,4,1,2000,0.1,ON,1,0.05,0.15,0,10,0.9,1.1,4,1,0,0,0,0,0,0,0,0,46.508413,49.57514,186.033651,1.039918,21.219416,23.1777,0.9155,0.778542,0.788854,0,0.831987,0.800479,574,1699,0.337845791642143,0.150343,0.84913,0.707189,0.680407,384,256,0.7802,1.8151,1.1291,46.9717,0.952381,c816a0a2e474f564c26022ff443412bd615571fb63f1a522a6a48f17f6ef3913,10bd6134d1956b59ae9f946801ced612b270f924,01bfa59f2db51d08661fdc0015eecf3c3d46ee084fd5d09ac0d955a2d1e713c7
main__mixed_complex__IPPO__seed0__ep05,main_comparison,mixed_complex,2,IPPO,0,5,205,205000620,205000717,4,1,2000,0.1,ON,1,0.05,0.15,0,10,0.9,1.1,4,1,0,0,0,0,0,0,0,0,47.355203,48.968527,189.420812,1.194246,21.670762,23.1388,0.9366,0.800494,0.780856,0,0.87303,0.831402,652,2104,0.309885931558935,0.148374,0.851539,0.742075,0.706692,307,205,0.707,1.3493,1.42,48.7653,0.952381,c816a0a2e474f564c26022ff443412bd615571fb63f1a522a6a48f17f6ef3913,10bd6134d1956b59ae9f946801ced612b270f924,01bfa59f2db51d08661fdc0015eecf3c3d46ee084fd5d09ac0d955a2d1e713c7
main__mixed_complex__IPPO__seed0__ep06,main_comparison,mixed_complex,2,IPPO,0,6,206,206000624,206000721,4,1,2000,0.1,ON,1,0.05,0.15,0,10,0.9,1.1,4,1,0,0,0,0,0,0,0,0,47.453011,48.954601,189.812042,0.884109,21.300171,22.9948,0.9263,0.796333,0.800677,0,0.800699,0.772111,667,1973,0.338063862138875,0.132659,0.849992,0.680594,0.656294,244,162,1.0584,1.4446,1.1227,47.1634,0.952381,c816a0a2e474f564c26022ff443412bd615571fb63f1a522a6a48f17f6ef3913,10bd6134d1956b59ae9f946801ced612b270f924,01bfa59f2db51d08661fdc0015eecf3c3d46ee084fd5d09ac0d955a2d1e713c7
main__mixed_complex__IPPO__seed0__ep07,main_comparison,mixed_complex,2,IPPO,0,7,207,207000628,207000725,4,1,2000,0.1,ON,1,0.05,0.15,0,10,0.9,1.1,4,1,0,0,0,0,0,0,0,0,49.320403,51.531471,197.281612,1.224747,20.707964,23.0529,0.8983,0.779062,0.802902,0,0.888495,0.763519,547,1616,0.338490099009901,0.16787,0.843949,0.755221,0.648992,339,226,1.0661,1.4256,1.3499,53.2661,0.952381,c816a0a2e474f564c26022ff443412bd615571fb63f1a522a6a48f17f6ef3913,10bd6134d1956b59ae9f946801ced612b270f924,01bfa59f2db51d08661fdc0015eecf3c3d46ee084fd5d09ac0d955a2d1e713c7
main__mixed_complex__IPPO__seed0__ep08,main_comparison,mixed_complex,2,IPPO,0,8,208,208000632,208000729,4,1,2000,0.1,ON,1,0.05,0.15,0,10,0.9,1.1,4,1,0,0,0,0,0,0,0,0,48.93262,51.08286,195.730481,1.004466,20.610174,22.9902,0.8965,0.780391,0.782379,0,0.810611,0.830395,596,1919,0.310578426263679,0.167933,0.860909,0.689019,0.705835,377,252,0.8827,1.364,1.2122,47.6293,0.952381,c816a0a2e474f564c26022ff443412bd615571fb63f1a522a6a48f17f6ef3913,10bd6134d1956b59ae9f946801ced612b270f924,01bfa59f2db51d08661fdc0015eecf3c3d46ee084fd5d09ac0d955a2d1e713c7
main__mixed_complex__IPPO__seed0__ep09,main_comparison,mixed_complex,2,IPPO,0,9,209,209000636,209000733,4,1,2000,0.1,ON,1,0.05,0.15,0,10,0.9,1.1,4,1,0,0,0,0,0,0,0,0,48.335823,52.1062,193.343291,1.163636,21.40794,23.0095,0.9304,0.78146,0.854455,0,0.80094,0.816198,532,1603,0.331877729257642,0.156051,0.831996,0.680799,0.693768,425,284,0.7241,1.8702,1.3396,47.1985,0.952381,c816a0a2e474f564c26022ff443412bd615571fb63f1a522a6a48f17f6ef3913,10bd6134d1956b59ae9f946801ced612b270f924,01bfa59f2db51d08661fdc0015eecf3c3d46ee084fd5d09ac0d955a2d1e713c7
main__mixed_complex__IPPO__seed1__ep00,main_comparison,mixed_complex,2,IPPO,1,0,10200,10200030600,10200030697,4,1,2000,0.1,ON,1,0.05,0.15,0,10,0.9,1.1,4,1,0,0,0,0,0,0,0,0,47.923653,50.743064,191.694611,0.903689,21.565451,22.9948,0.9378,0.795458,0.679464,0,0.781843,0.827627,700,2136,0.327715355805244,0.152924,0.847343,0.664566,0.703483,311,208,0.731,1.7086,1.223,50.3066,0.952381,1fbd01db609cb367b8689493c2daa4c3e64028a2d4fbec6dc09bb85029d13841,10bd6134d1956b59ae9f946801ced612b270f924,01bfa59f2db51d08661fdc0015eecf3c3d46ee084fd5d09ac0d955a2d1e713c7
main__mixed_complex__IPPO__seed1__ep01,main_comparison,mixed_complex,2,IPPO,1,1,10201,10201030604,10201030701,4,1,2000,0.1,ON,1,0.05,0.15,0,10,0.9,1.1,4,1,0,0,0,0,0,0,0,0,46.807032,50.727482,187.228128,1.192317,21.999229,23.1388,0.9507,0.788855,0.752497,0,0.742254,0.829063,591,2080,0.284134615384615,0.166386,0.805557,0.630916,0.704703,472,314,0.899,1.5462,1.3992,46.0313,0.952381,1fbd01db609cb367b8689493c2daa4c3e64028a2d4fbec6dc09bb85029d13841,10bd6134d1956b59ae9f946801ced612b270f924,01bfa59f2db51d08661fdc0015eecf3c3d46ee084fd5d09ac0d955a2d1e713c7
main__mixed_complex__IPPO__seed1__ep02,main_comparison,mixed_complex,2,IPPO,1,2,10202,10202030608,10202030705,4,1,2000,0.1,ON,1,0.05,0.15,0,10,0.9,1.1,4,1,0,0,0,0,0,0,0,0,46.781148,52.92639,187.12459,0.922286,21.24185,22.8845,0.9282,0.779626,0.728123,0,0.757828,0.763398,532,1693,0.314235085646781,0.143454,0.844789,0.644154,0.648888,453,302,0.9545,1.6495,1.3578,48.8004,0.952381,1fbd01db609cb367b8689493c2daa4c3e64028a2d4fbec6dc09bb85029d13841,10bd6134d1956b59ae9f946801ced612b270f924,01bfa59f2db51d08661fdc0015eecf3c3d46ee084fd5d09ac0d955a2d1e713c7
main__mixed_complex__IPPO__seed1__ep03,main_comparison,mixed_complex,2,IPPO,1,3,10203,10203030612,10203030709,4,1,2000,0.1,ON,1,0.05,0.15,0,10,0.9,1.1,4,1,0,0,0,0,0,0,0,0,48.610461,53.237343,194.441845,0.882285,20.350833,23.1154,0.8804,0.793735,0.708989,0,0.749089,0.8411,585,1773,0.32994923857868,0.181563,0.837519,0.636725,0.714935,342,228,0.8415,1.7512,1.2424,52.5441,0.952381,1fbd01db609cb367b8689493c2daa4c3e64028a2d4fbec6dc09bb85029d13841,10bd6134d1956b59ae9f946801ced612b270f924,01bfa59f2db51d08661fdc0015eecf3c3d46ee084fd5d09ac0d955a2d1e713c7
main__mixed_complex__IPPO__seed1__ep04,main_comparison,mixed_complex,2,IPPO,1,4,10204,10204030616,10204030713,4,1,2000,0.1,ON,1,0.05,0.15,0,10,0.9,1.1,4,1,0,0,0,0,0,0,0,0,45.476406,52.19,181.905622,1.058069,21.479843,22.9467,0.9361,0.78804,0.789744,0,0.863717,0.777583,492,1658,0.296743063932449,0.145844,0.890785,0.734159,0.660946,383,256,0.8047,1.3093,1.1747,53.7819,0.952381,1fbd01db609cb367b8689493c2daa4c3e64028a2d4fbec6dc09bb85029d13841,10bd6134d1956b59ae9f946801ced612b270f924,01bfa59f2db51d08661fdc0015eecf3c3d46ee084fd5d09ac0d955a2d1e713c7
main__mixed_complex__IPPO__seed1__ep05,main_comparison,mixed_complex,2,IPPO,1,5,10205,10205030620,10205030717,4,1,2000,0.1,ON,1,0.05,0.15,0,10,0.9,1.1,4,1,0,0,0,0,0,0,0,0,47.405691,49.337348,189.622762,0.888734,21.39035,23.1777,0.9229,0.791563,0.826463,1,0.827308,0.817216,617,1886,0.327147401908802,0.171382,0.808351,0.703212,0.694634,406,270,0.7565,1.8355,1.1064,50.5631,0.952381,1fbd01db609cb367b8689493c2daa4c3e64028a2d4fbec6dc09bb85029d13841,10bd6134d1956b59ae9f946801ced612b270f924,01bfa59f2db51d08661fdc0015eecf3c3d46ee084fd5d09ac0d955a2d1e713c7
main__mixed_complex__IPPO__seed1__ep06,main_comparison,mixed_complex,2,IPPO,1,6,10206,10206030624,10206030721,4,1,2000,0.1,ON,1,0.05,0.15,0,10,0.9,1.1,4,1,0,0,0,0,0,0,0,0,51.868011,52.289904,207.472044,1.078671,21.160163,23.1195,0.9153,0.813082,0.759048,1,0.766254,0.880501,565,1764,0.320294784580499,0.168948,0.839817,0.651316,0.748426,345,230,0.8766,1.4957,1.4544,47.2469,0.952381,1fbd01db609cb367b8689493c2daa4c3e64028a2d4fbec6dc09bb85029d13841,10bd6134d1956b59ae9f946801ced612b270f924,01bfa59f2db51d08661fdc0015eecf3c3d46ee084fd5d09ac0d955a2d1e713c7
main__mixed_complex__IPPO__seed1__ep07,main_comparison,mixed_complex,2,IPPO,1,7,10207,10207030628,10207030725,4,1,2000,0.1,ON,1,0.05,0.15,0,10,0.9,1.1,4,1,0,0,0,0,0,0,0,0,46.516627,51.832059,186.066509,0.933116,21.84539,23.0527,0.9476,0.789558,0.724529,1,0.749998,0.857786,752,2408,0.312292358803987,0.167325,0.855541,0.637498,0.729118,383,256,0.9084,1.8199,1.3196,48.1119,0.952381,1fbd01db609cb367b8689493c2daa4c3e64028a2d4fbec6dc09bb85029d13841,10bd6134d1956b59ae9f946801ced612b270f924,01bfa59f2db51d08661fdc0015eecf3c3d46ee084fd5d09ac0d955a2d1e713c7
main__mixed_complex__IPPO__seed1__ep08,main_comparison,mixed_complex,2,IPPO,1,8,10208,10208030632,10208030729,4,1,2000,0.1,ON,1,0.05,0.15,0,10,0.9,1.1,4,1,0,0,0,0,0,0,0,0,50.923625,51.188243,203.694501,1.394714,21.342931,23.2011,0.9199,0.780782,0.792337,1,0.761446,0.815205,507,1590,0.318867924528302,0.142064,0.833636,0.647229,0.692924,417,278,0.9441,1.6979,1.356,51.4969,0.952381,1fbd01db609cb367b8689493c2daa4c3e64028a2d4fbec6dc09bb85029d13841,10bd6134d1956b59ae9f946801ced612b270f924,01bfa59f2db51d08661fdc0015eecf3c3d46ee084fd5d09ac0d955a2d1e713c7
main__mixed_complex__IPPO__seed1__ep09,main_comparison,mixed_complex,2,IPPO,1,9,10209,10209030636,10209030733,4,1,2000,0.1,ON,1,0.05,0.15,0,10,0.9,1.1,4,1,0,0,0,0,0,0,0,0,47.212923,51.226471,188.851692,1.120261,21.024821,23.0529,0.912,0.805554,0.725072,0,0.801264,0.814244,529,1664,0.317908653846154,0.174955,0.850988,0.681074,0.692108,284,190,1.0169,1.36,1.3376,52.6545,0.952381,1fbd01db609cb367b8689493c2daa4c3e64028a2d4fbec6dc09bb85029d13841,10bd6134d1956b59ae9f946801ced612b270f924,01bfa59f2db51d08661fdc0015eecf3c3d46ee084fd5d09ac0d955a2d1e713c7
main__mixed_complex__IPPO__seed2__ep00,main_comparison,mixed_complex,2,IPPO,2,0,20200,20200060600,20200060697,4,1,2000,0.1,ON,1,0.05,0.15,0,10,0.9,1.1,4,1,0,0,0,0,0,0,0,0,48.965129,51.628851,195.860514,0.877103,22.547983,22.9323,0.9832,0.769977,0.604407,2,0.870519,0.752257,582,1817,0.320308200330215,0.168459,0.845863,0.739941,0.639418,345,230,0.7994,1.8332,1.1407,47.1297,0.952381,fb66774708e955e5a7f4e731e254741a468abdc67e7b99439b86acb740233df2,10bd6134d1956b59ae9f946801ced612b270f924,01bfa59f2db51d08661fdc0015eecf3c3d46ee084fd5d09ac0d955a2d1e713c7
main__mixed_complex__IPPO__seed2__ep01,main_comparison,mixed_complex,2,IPPO,2,1,20201,20201060604,20201060701,4,1,2000,0.1,ON,1,0.05,0.15,0,10,0.9,1.1,4,1,0,0,0,0,0,0,0,0,49.027203,49.910001,196.108811,0.737156,22.123633,23.0576,0.9595,0.768171,0.617274,2,0.837587,0.775013,676,2088,0.323754789272031,0.155452,0.838692,0.711949,0.658761,388,259,0.9344,1.482,1.3159,49.1169,0.952381,fb66774708e955e5a7f4e731e254741a468abdc67e7b99439b86acb740233df2,10bd6134d1956b59ae9f946801ced612b270f924,01bfa59f2db51d08661fdc0015eecf3c3d46ee084fd5d09ac0d955a2d1e713c7
main__mixed_complex__IPPO__seed2__ep02,main_comparison,mixed_complex,2,IPPO,2,2,20202,20202060608,20202060705,4,1,2000,0.1,ON,1,0.05,0.15,0,10,0.9,1.1,4,1,0,0,0,0,0,0,0,0,47.917451,49.066292,191.669804,0.960171,21.214959,22.947,0.9245,0.803212,0.651985,1,0.827697,0.772548,627,1969,0.318435754189944,0.149541,0.87027,0.703542,0.656665,376,251,0.9,1.6284,1.3538,47.5566,0.952381,fb66774708e955e5a7f4e731e254741a468abdc67e7b99439b86acb740233df2,10bd6134d1956b59ae9f946801ced612b270f924,01bfa59f2db51d08661fdc0015eecf3c3d46ee084fd5d09ac0d955a2d1e713c7
main__mixed_complex__IPPO__seed2__ep03,main_comparison,mixed_complex,2,IPPO,2,3,20203,20203060612,20203060709,4,1,2000,0.1,ON,1,0.05,0.15,0,10,0.9,1.1,4,1,0,0,0,0,0,0,0,0,51.566185,51.834016,206.264741,0.614993,22.470208,23.1966,0.9687,0.772447,0.715611,2,0.921149,0.797978,653,2047,0.319003419638495,0.158245,0.877109,0.782976,0.678281,277,184,0.8336,1.5969,1.267,53.8991,0.952381,fb66774708e955e5a7f4e731e254741a468abdc67e7b99439b86acb740233df2,10bd6134d1956b59ae9f946801ced612b270f924,01bfa59f2db51d08661fdc0015eecf3c3d46ee084fd5d09ac0d955a2d1e713c7
main__mixed_complex__IPPO__seed2__ep04,main_comparison,mixed_complex,2,IPPO,2,4,20204,20204060616,20204060713,4,1,2000,0.1,ON,1,0.05,0.15,0,10,0.9,1.1,4,1,0,0,0,0,0,0,0,0,41.331176,46.749779,165.324703,0.830592,21.348213,22.8654,0.9336,0.779394,0.811701,1,0.824448,0.83739,630,2069,0.304494925084582,0.165747,0.828432,0.700781,0.711782,335,223,1.0692,1.8209,1.1392,47.4104,0.952381,fb66774708e955e5a7f4e731e254741a468abdc67e7b99439b86acb740233df2,10bd6134d1956b59ae9f946801ced612b270f924,01bfa59f2db51d08661fdc0015eecf3c3d46ee084fd5d09ac0d955a2d1e713c7
main__mixed_complex__IPPO__seed2__ep05,main_comparison,mixed_complex,2,IPPO,2,5,20205,20205060620,20205060717,4,1,2000,0.1,ON,1,0.05,0.15,0,10,0.9,1.1,4,1,0,0,0,0,0,0,0,0,45.261726,48.100414,181.046905,0.656911,21.453982,23.1342,0.9274,0.792766,0.652,2,0.851264,0.728747,613,2096,0.292461832061069,0.166433,0.83846,0.723574,0.619435,447,298,1.0807,1.8375,1.3315,49.0545,0.952381,fb66774708e955e5a7f4e731e254741a468abdc67e7b99439b86acb740233df2,10bd6134d1956b59ae9f946801ced612b270f924,01bfa59f2db51d08661fdc0015eecf3c3d46ee084fd5d09ac0d955a2d1e713c7
main__mixed_complex__IPPO__seed2__ep06,main_comparison,mixed_complex,2,IPPO,2,6,20206,20206060624,20206060721,4,1,2000,0.1,ON,1,0.05,0.15,0,10,0.9,1.1,4,1,0,0,0,0,0,0,0,0,47.430719,51.836377,189.722877,0.82636,21.031413,23.1823,0.9072,0.794278,0.766367,1,0.833661,0.796426,741,2220,0.333783783783784,0.151066,0.827376,0.708612,0.676962,414,276,1.0139,1.404,1.3201,48.8957,0.952381,fb66774708e955e5a7f4e731e254741a468abdc67e7b99439b86acb740233df2,10bd6134d1956b59ae9f946801ced612b270f924,01bfa59f2db51d08661fdc0015eecf3c3d46ee084fd5d09ac0d955a2d1e713c7
main__mixed_complex__IPPO__seed2__ep07,main_comparison,mixed_complex,2,IPPO,2,7,20207,20207060628,20207060725,4,1,2000,0.1,ON,1,0.05,0.15,0,10,0.9,1.1,4,1,0,0,0,0,0,0,0,0,44.864729,49.654017,179.458915,0.917155,21.836295,22.9902,0.9498,0.789749,0.700077,2,0.808239,0.791391,619,1909,0.324253535882661,0.158368,0.841412,0.687003,0.672682,233,155,0.8858,1.6605,1.279,53.4588,0.952381,fb66774708e955e5a7f4e731e254741a468abdc67e7b99439b86acb740233df2,10bd6134d1956b59ae9f946801ced612b270f924,01bfa59f2db51d08661fdc0015eecf3c3d46ee084fd5d09ac0d955a2d1e713c7
main__mixed_complex__IPPO__seed2__ep08,main_comparison,mixed_complex,2,IPPO,2,8,20208,20208060632,20208060729,4,1,2000,0.1,ON,1,0.05,0.15,0,10,0.9,1.1,4,1,0,0,0,0,0,0,0,0,45.877003,51.32221,183.508011,1.014275,21.297936,23.0529,0.9239,0.781107,0.684504,1,0.849101,0.760915,616,1989,0.309703368526898,0.158129,0.835333,0.721736,0.646778,350,233,0.7303,1.4547,1.2721,46.7269,0.952381,fb66774708e955e5a7f4e731e254741a468abdc67e7b99439b86acb740233df2,10bd6134d1956b59ae9f946801ced612b270f924,01bfa59f2db51d08661fdc0015eecf3c3d46ee084fd5d09ac0d955a2d1e713c7
main__mixed_complex__IPPO__seed2__ep09,main_comparison,mixed_complex,2,IPPO,2,9,20209,20209060636,20209060733,4,1,2000,0.1,ON,1,0.05,0.15,0,10,0.9,1.1,4,1,0,0,0,0,0,0,0,0,50.728929,50.992574,202.915718,0.934269,21.413172,23.2401,0.9214,0.799961,0.735853,2,0.819632,0.823397,506,1695,0.298525073746313,0.17407,0.812442,0.696687,0.699887,290,194,0.9406,1.6444,1.3056,51.2841,0.952381,fb66774708e955e5a7f4e731e254741a468abdc67e7b99439b86acb740233df2,10bd6134d1956b59ae9f946801ced612b270f924,01bfa59f2db51d08661fdc0015eecf3c3d46ee084fd5d09ac0d955a2d1e713c7
main__mixed_complex__IPPO__seed3__ep00,main_comparison,mixed_complex,2,IPPO,3,0,30200,30200090600,30200090697,4,1,2000,0.1,ON,1,0.05,0.15,0,10,0.9,1.1,4,1,0,0,0,0,0,0,0,0,47.719178,48.957861,190.876713,0.99026,20.917356,23.1823,0.9023,0.766038,0.700115,0,0.870882,0.750102,562,1755,0.32022792022792,0.170532,0.884788,0.74025,0.637587,344,230,0.7135,1.4548,1.3694,48.9485,0.952381,ce169a520d3f3260d6f6ed9538e6c51d338945ce69aa96ca2ea184f582061d30,10bd6134d1956b59ae9f946801ced612b270f924,01bfa59f2db51d08661fdc0015eecf3c3d46ee084fd5d09ac0d955a2d1e713c7
main__mixed_complex__IPPO__seed3__ep01,main_comparison,mixed_complex,2,IPPO,3,1,30201,30201090604,30201090701,4,1,2000,0.1,ON,1,0.05,0.15,0,10,0.9,1.1,4,1,0,0,0,0,0,0,0,0,46.724916,49.956136,186.899665,0.940981,21.030893,22.9467,0.9165,0.770885,0.715221,0,0.864187,0.796126,548,1731,0.316580011554015,0.161412,0.871094,0.734559,0.676707,287,191,0.7221,1.358,1.2667,52.8512,0.952381,ce169a520d3f3260d6f6ed9538e6c51d338945ce69aa96ca2ea184f582061d30,10bd6134d1956b59ae9f946801ced612b270f924,01bfa59f2db51d08661fdc0015eecf3c3d46ee084fd5d09ac0d955a2d1e713c7
main__mixed_complex__IPPO__seed3__ep02,main_comparison,mixed_complex,2,IPPO,3,2,30202,30202090608,30202090705,4,1,2000,0.1,ON,1,0.05,0.15,0,10,0.9,1.1,4,1,0,0,0,0,0,0,0,0,46.795182,47.692348,187.180726,0.941905,21.854312,23.1777,0.9429,0.7789,0.806788,0,0.856475,0.844268,630,2023,0.311418685121107,0.155073,0.870527,0.728004,0.717628,325,216,0.9575,1.8484,1.4389,52.7969,0.952381,ce169a520d3f3260d6f6ed9538e6c51d338945ce69aa96ca2ea184f582061d30,10bd6134d1956b59ae9f946801ced612b270f924,01bfa59f2db51d08661fdc0015eecf3c3d46ee084fd5d09ac0d955a2d1e713c7
main__mixed_complex__IPPO__seed3__ep03,main_comparison,mixed_complex,2,IPPO,3,3,30203,30203090612,30203090709,4,1,2000,0.1,ON,1,0.05,0.15,0,10,0.9,1.1,4,1,0,0,0,0,0,0,0,0,49.202155,49.458166,196.808619,1.083637,20.592788,23.1388,0.89,0.788909,0.867013,1,0.845986,0.799457,533,1835,0.290463215258856,0.165234,0.892505,0.719088,0.679539,437,291,1.0703,1.7513,1.4837,52.2244,0.952381,ce169a520d3f3260d6f6ed9538e6c51d338945ce69aa96ca2ea184f582061d30,10bd6134d1956b59ae9f946801ced612b270f924,01bfa59f2db51d08661fdc0015eecf3c3d46ee084fd5d09ac0d955a2d1e713c7
main__mixed_complex__IPPO__seed3__ep04,main_comparison,mixed_complex,2,IPPO,3,4,30204,30204090616,30204090713,4,1,2000,0.1,ON,1,0.05,0.15,0,10,0.9,1.1,4,1,0,0,0,0,0,0,0,0,43.258828,47.379259,173.035312,1.133167,21.362474,23.1342,0.9234,0.771959,0.773361,0,0.861192,0.783174,488,1437,0.339596381350035,0.149393,0.86136,0.732013,0.665698,306,204,1.0007,1.5726,1.147,50.5897,0.952381,ce169a520d3f3260d6f6ed9538e6c51d338945ce69aa96ca2ea184f582061d30,10bd6134d1956b59ae9f946801ced612b270f924,01bfa59f2db51d08661fdc0015eecf3c3d46ee084fd5d09ac0d955a2d1e713c7
main__mixed_complex__IPPO__seed3__ep05,main_comparison,mixed_complex,2,IPPO,3,5,30205,30205090620,30205090717,4,1,2000,0.1,ON,1,0.05,0.15,0,10,0.9,1.1,4,1,0,0,0,0,0,0,0,0,47.263535,48.398286,189.054139,0.84256,21.433012,23.0092,0.9315,0.800991,0.725786,1,0.834925,0.765885,488,1548,0.315245478036176,0.166365,0.80629,0.709686,0.651003,297,198,0.9659,1.8449,1.2518,50.0611,0.952381,ce169a520d3f3260d6f6ed9538e6c51d338945ce69aa96ca2ea184f582061d30,10bd6134d1956b59ae9f946801ced612b270f924,01bfa59f2db51d08661fdc0015eecf3c3d46ee084fd5d09ac0d955a2d1e713c7
main__mixed_complex__IPPO__seed3__ep06,main_comparison,mixed_complex,2,IPPO,3,6,30206,30206090624,30206090721,4,1,2000,0.1,ON,1,0.05,0.15,0,10,0.9,1.1,4,1,0,0,0,0,0,0,0,0,48.923003,50.620267,195.692011,1.025249,21.307582,23.0719,0.9235,0.76676,0.722156,0,0.829207,0.730952,714,2226,0.320754716981132,0.153803,0.820135,0.704826,0.621309,354,236,0.7223,1.3779,1.3021,52.9927,0.952381,ce169a520d3f3260d6f6ed9538e6c51d338945ce69aa96ca2ea184f582061d30,10bd6134d1956b59ae9f946801ced612b270f924,01bfa59f2db51d08661fdc0015eecf3c3d46ee084fd5d09ac0d955a2d1e713c7
main__mixed_complex__IPPO__seed3__ep07,main_comparison,mixed_complex,2,IPPO,3,7,30207,30207090628,30207090725,4,1,2000,0.1,ON,1,0.05,0.15,0,10,0.9,1.1,4,1,0,0,0,0,0,0,0,0,49.304905,49.722189,197.219621,0.992368,21.704685,23.0573,0.9413,0.757848,0.777525,0,0.827092,0.763344,580,1764,0.328798185941043,0.152858,0.775503,0.703028,0.648843,331,220,0.8292,1.8896,1.348,50.5278,0.952381,ce169a520d3f3260d6f6ed9538e6c51d338945ce69aa96ca2ea184f582061d30,10bd6134d1956b59ae9f946801ced612b270f924,01bfa59f2db51d08661fdc0015eecf3c3d46ee084fd5d09ac0d955a2d1e713c7
main__mixed_complex__IPPO__seed3__ep08,main_comparison,mixed_complex,2,IPPO,3,8,30208,30208090632,30208090729,4,1,2000,0.1,ON,1,0.05,0.15,0,10,0.9,1.1,4,1,0,0,0,0,0,0,0,0,46.946588,51.448133,187.786352,1.365085,21.186057,23.1151,0.9165,0.78524,0.796435,0,0.851894,0.814792,603,2026,0.297630799605133,0.171119,0.839065,0.72411,0.692573,368,245,0.7245,1.351,1.3779,53.4604,0.952381,ce169a520d3f3260d6f6ed9538e6c51d338945ce69aa96ca2ea184f582061d30,10bd6134d1956b59ae9f946801ced612b270f924,01bfa59f2db51d08661fdc0015eecf3c3d46ee084fd5d09ac0d955a2d1e713c7
main__mixed_complex__IPPO__seed3__ep09,main_comparison,mixed_complex,2,IPPO,3,9,30209,30209090636,30209090733,4,1,2000,0.1,ON,1,0.05,0.15,0,10,0.9,1.1,4,1,0,0,0,0,0,0,0,0,47.71546,50.151587,190.86184,1.012496,22.549055,23.0576,0.9779,0.785446,0.82978,0,0.821503,0.761582,687,2263,0.303579319487406,0.145444,0.839811,0.698278,0.647344,406,271,0.8728,1.5468,1.2904,48.8053,0.952381,ce169a520d3f3260d6f6ed9538e6c51d338945ce69aa96ca2ea184f582061d30,10bd6134d1956b59ae9f946801ced612b270f924,01bfa59f2db51d08661fdc0015eecf3c3d46ee084fd5d09ac0d955a2d1e713c7
main__mixed_complex__IPPO__seed4__ep00,main_comparison,mixed_complex,2,IPPO,4,0,40200,40200120600,40200120697,4,1,2000,0.1,ON,1,0.05,0.15,0,10,0.9,1.1,4,1,0,0,0,0,0,0,0,0,50.390888,50.652842,201.563551,1.070499,22.141708,23.0526,0.9605,0.764505,0.634208,1,0.821195,0.813981,535,1774,0.301578354002255,0.151795,0.866464,0.698016,0.691883,446,297,1.052,1.6674,1.2751,49.5949,0.952381,02e1ff865f48369c6b477c97fb98429805282c6f474c49949d06095819b7263a,10bd6134d1956b59ae9f946801ced612b270f924,01bfa59f2db51d08661fdc0015eecf3c3d46ee084fd5d09ac0d955a2d1e713c7
main__mixed_complex__IPPO__seed4__ep01,main_comparison,mixed_complex,2,IPPO,4,1,40201,40201120604,40201120701,4,1,2000,0.1,ON,1,0.05,0.15,0,10,0.9,1.1,4,1,0,0,0,0,0,0,0,0,46.022132,50.105905,184.088528,1.186158,21.276984,23.0529,0.923,0.778462,0.645421,1,0.851608,0.838835,435,1485,0.292929292929293,0.140617,0.844311,0.723867,0.71301,317,212,1.0132,1.5124,1.1109,49.5108,0.952381,02e1ff865f48369c6b477c97fb98429805282c6f474c49949d06095819b7263a,10bd6134d1956b59ae9f946801ced612b270f924,01bfa59f2db51d08661fdc0015eecf3c3d46ee084fd5d09ac0d955a2d1e713c7
main__mixed_complex__IPPO__seed4__ep02,main_comparison,mixed_complex,2,IPPO,4,2,40202,40202120608,40202120705,4,1,2000,0.1,ON,1,0.05,0.15,0,10,0.9,1.1,4,1,0,0,0,0,0,0,0,0,51.046205,51.311436,204.18482,0.984011,21.596565,22.9904,0.9394,0.786089,0.615042,0,0.835711,0.848025,685,2270,0.301762114537445,0.172896,0.844786,0.710354,0.720821,300,200,0.8937,1.8048,1.2862,48.6455,0.952381,02e1ff865f48369c6b477c97fb98429805282c6f474c49949d06095819b7263a,10bd6134d1956b59ae9f946801ced612b270f924,01bfa59f2db51d08661fdc0015eecf3c3d46ee084fd5d09ac0d955a2d1e713c7
main__mixed_complex__IPPO__seed4__ep03,main_comparison,mixed_complex,2,IPPO,4,3,40203,40203120612,40203120709,4,1,2000,0.1,ON,1,0.05,0.15,0,10,0.9,1.1,4,1,0,0,0,0,0,0,0,0,43.21658,47.757868,172.866319,1.018115,20.770979,23.0141,0.9025,0.773839,0.67538,2,0.870378,0.788018,614,2032,0.302165354330709,0.170425,0.870019,0.739822,0.669816,325,216,1.0214,1.6815,1.241,51.261,0.952381,02e1ff865f48369c6b477c97fb98429805282c6f474c49949d06095819b7263a,10bd6134d1956b59ae9f946801ced612b270f924,01bfa59f2db51d08661fdc0015eecf3c3d46ee084fd5d09ac0d955a2d1e713c7
main__mixed_complex__IPPO__seed4__ep04,main_comparison,mixed_complex,2,IPPO,4,4,40204,40204120616,40204120713,4,1,2000,0.1,ON,1,0.05,0.15,0,10,0.9,1.1,4,1,0,0,0,0,0,0,0,0,49.985783,50.245712,199.94313,1.012736,21.680419,22.7771,0.9519,0.763029,0.604262,0,0.866172,0.794514,675,2433,0.277435265104809,0.164751,0.817838,0.736246,0.675337,317,211,0.7678,1.5716,1.4239,48.7882,0.952381,02e1ff865f48369c6b477c97fb98429805282c6f474c49949d06095819b7263a,10bd6134d1956b59ae9f946801ced612b270f924,01bfa59f2db51d08661fdc0015eecf3c3d46ee084fd5d09ac0d955a2d1e713c7
main__mixed_complex__IPPO__seed4__ep05,main_comparison,mixed_complex,2,IPPO,4,5,40205,40205120620,40205120717,4,1,2000,0.1,ON,1,0.05,0.15,0,10,0.9,1.1,4,1,0,0,0,0,0,0,0,0,44.96747,49.163735,179.869882,0.915399,21.966664,23.0095,0.9547,0.765698,0.635168,1,0.819132,0.761699,559,1955,0.285933503836317,0.154411,0.824646,0.696262,0.647444,305,203,0.8081,1.735,1.4715,46.8058,0.952381,02e1ff865f48369c6b477c97fb98429805282c6f474c49949d06095819b7263a,10bd6134d1956b59ae9f946801ced612b270f924,01bfa59f2db51d08661fdc0015eecf3c3d46ee084fd5d09ac0d955a2d1e713c7
main__mixed_complex__IPPO__seed4__ep06,main_comparison,mixed_complex,2,IPPO,4,6,40206,40206120624,40206120721,4,1,2000,0.1,ON,1,0.05,0.15,0,10,0.9,1.1,4,1,0,0,0,0,0,0,0,0,47.487266,49.00878,189.949065,1.129976,21.850431,23.0576,0.9476,0.757203,0.703934,0,0.847674,0.790114,612,2016,0.303571428571428,0.163723,0.881427,0.720523,0.671596,397,264,1.0105,1.6616,1.3586,47.9759,0.952381,02e1ff865f48369c6b477c97fb98429805282c6f474c49949d06095819b7263a,10bd6134d1956b59ae9f946801ced612b270f924,01bfa59f2db51d08661fdc0015eecf3c3d46ee084fd5d09ac0d955a2d1e713c7
main__mixed_complex__IPPO__seed4__ep07,main_comparison,mixed_complex,2,IPPO,4,7,40207,40207120628,40207120725,4,1,2000,0.1,ON,1,0.05,0.15,0,10,0.9,1.1,4,1,0,0,0,0,0,0,0,0,47.567997,50.612923,190.271987,0.921085,22.171323,23.2011,0.9556,0.778034,0.607294,1,0.834162,0.764659,617,2101,0.293669681104236,0.155792,0.824447,0.709038,0.64996,452,302,1.0226,1.5526,1.3498,55.1148,0.952381,02e1ff865f48369c6b477c97fb98429805282c6f474c49949d06095819b7263a,10bd6134d1956b59ae9f946801ced612b270f924,01bfa59f2db51d08661fdc0015eecf3c3d46ee084fd5d09ac0d955a2d1e713c7
main__mixed_complex__IPPO__seed4__ep08,main_comparison,mixed_complex,2,IPPO,4,8,40208,40208120632,40208120729,4,1,2000,0.1,ON,1,0.05,0.15,0,10,0.9,1.1,4,1,0,0,0,0,0,0,0,0,50.364275,50.626097,201.457102,1.214801,21.821928,23.0716,0.9458,0.760461,0.722346,0,0.865237,0.824831,708,2262,0.312997347480106,0.170449,0.812978,0.735451,0.701107,288,192,0.7452,1.8498,1.2188,49.7111,0.952381,02e1ff865f48369c6b477c97fb98429805282c6f474c49949d06095819b7263a,10bd6134d1956b59ae9f946801ced612b270f924,01bfa59f2db51d08661fdc0015eecf3c3d46ee084fd5d09ac0d955a2d1e713c7
main__mixed_complex__IPPO__seed4__ep09,main_comparison,mixed_complex,2,IPPO,4,9,40209,40209120636,40209120733,4,1,2000,0.1,ON,1,0.05,0.15,0,10,0.9,1.1,4,1,0,0,0,0,0,0,0,0,47.947874,50.502965,191.791496,1.00734,21.604581,23.1342,0.9339,0.757406,0.708005,1,0.855834,0.843852,575,2025,0.283950617283951,0.163214,0.851098,0.727459,0.717274,296,198,0.7279,1.3931,1.4186,51.138,0.952381,02e1ff865f48369c6b477c97fb98429805282c6f474c49949d06095819b7263a,10bd6134d1956b59ae9f946801ced612b270f924,01bfa59f2db51d08661fdc0015eecf3c3d46ee084fd5d09ac0d955a2d1e713c7
main__mixed_complex__IPPO__seed5__ep00,main_comparison,mixed_complex,2,IPPO,5,0,50200,50200150600,50200150697,4,1,2000,0.1,ON,1,0.05,0.15,0,10,0.9,1.1,4,1,0,0,0,0,0,0,0,0,46.274819,49.002838,185.099274,0.985669,21.471326,23.1966,0.9256,0.774335,0.78221,2,0.868772,0.781274,684,2344,0.291808873720136,0.141697,0.808647,0.738456,0.664083,415,276,0.9031,1.7489,1.2461,49.8168,0.952381,8cbb86c59a476f4897551199b5550973b5d2c7f74f478ce620d61d091c039f9b,10bd6134d1956b59ae9f946801ced612b270f924,01bfa59f2db51d08661fdc0015eecf3c3d46ee084fd5d09ac0d955a2d1e713c7
main__mixed_complex__IPPO__seed5__ep01,main_comparison,mixed_complex,2,IPPO,5,1,50201,50201150604,50201150701,4,1,2000,0.1,ON,1,0.05,0.15,0,10,0.9,1.1,4,1,0,0,0,0,0,0,0,0,44.200178,49.741522,176.800712,0.763121,21.215491,23.1154,0.9178,0.765053,0.81968,2,0.844011,0.760026,627,1976,0.317307692307692,0.164112,0.839932,0.71741,0.646022,357,238,0.8316,1.5543,1.1018,53.6112,0.952381,8cbb86c59a476f4897551199b5550973b5d2c7f74f478ce620d61d091c039f9b,10bd6134d1956b59ae9f946801ced612b270f924,01bfa59f2db51d08661fdc0015eecf3c3d46ee084fd5d09ac0d955a2d1e713c7
main__mixed_complex__IPPO__seed5__ep02,main_comparison,mixed_complex,2,IPPO,5,2,50202,50202150608,50202150705,4,1,2000,0.1,ON,1,0.05,0.15,0,10,0.9,1.1,4,1,0,0,0,0,0,0,0,0,47.675659,50.497621,190.702634,1.160806,22.461903,23.0527,0.9744,0.777296,0.74668,2,0.752253,0.758719,637,2239,0.284502009825815,0.177234,0.834189,0.639415,0.644912,287,192,0.7006,1.4477,1.4533,47.383,0.952381,8cbb86c59a476f4897551199b5550973b5d2c7f74f478ce620d61d091c039f9b,10bd6134d1956b59ae9f946801ced612b270f924,01bfa59f2db51d08661fdc0015eecf3c3d46ee084fd5d09ac0d955a2d1e713c7
main__mixed_complex__IPPO__seed5__ep03,main_comparison,mixed_complex,2,IPPO,5,3,50203,50203150612,50203150709,4,1,2000,0.1,ON,1,0.05,0.15,0,10,0.9,1.1,4,1,0,0,0,0,0,0,0,0,49.870475,51.181815,199.481901,0.926636,20.941558,22.9467,0.9126,0.777764,0.731677,3,0.779387,0.759526,497,1582,0.314159292035398,0.18141,0.822649,0.662479,0.645597,362,241,0.9929,1.5689,1.2123,52.3358,0.952381,8cbb86c59a476f4897551199b5550973b5d2c7f74f478ce620d61d091c039f9b,10bd6134d1956b59ae9f946801ced612b270f924,01bfa59f2db51d08661fdc0015eecf3c3d46ee084fd5d09ac0d955a2d1e713c7
main__mixed_complex__IPPO__seed5__ep04,main_comparison,mixed_complex,2,IPPO,5,4,50204,50204150616,50204150713,4,1,2000,0.1,ON,1,0.05,0.15,0,10,0.9,1.1,4,1,0,0,0,0,0,0,0,0,46.51862,50.979113,186.07448,0.811235,21.532612,23.1198,0.9313,0.773974,0.757963,3,0.854547,0.73645,553,1813,0.305019305019305,0.156162,0.874616,0.726365,0.625982,359,240,0.8043,1.7632,1.3383,49.3579,0.952381,8cbb86c59a476f4897551199b5550973b5d2c7f74f478ce620d61d091c039f9b,10bd6134d1956b59ae9f946801ced612b270f924,01bfa59f2db51d08661fdc0015eecf3c3d46ee084fd5d09ac0d955a2d1e713c7
main__mixed_complex__IPPO__seed5__ep05,main_comparison,mixed_complex,2,IPPO,5,5,50205,50205150620,50205150717,4,1,2000,0.1,ON,1,0.05,0.15,0,10,0.9,1.1,4,1,0,0,0,0,0,0,0,0,44.508956,49.564721,178.035823,1.208192,21.498762,22.9279,0.9377,0.766642,0.752977,2,0.760658,0.736325,498,1607,0.309894212818917,0.163289,0.837368,0.64656,0.625876,404,270,1.001,1.5724,1.2125,48.5002,0.952381,8cbb86c59a476f4897551199b5550973b5d2c7f74f478ce620d61d091c039f9b,10bd6134d1956b59ae9f946801ced612b270f924,01bfa59f2db51d08661fdc0015eecf3c3d46ee084fd5d09ac0d955a2d1e713c7
main__mixed_complex__IPPO__seed5__ep06,main_comparison,mixed_complex,2,IPPO,5,6,50206,50206150624,50206150721,4,1,2000,0.1,ON,1,0.05,0.15,0,10,0.9,1.1,4,1,0,0,0,0,0,0,0,0,47.26722,52.064187,189.068882,1.194541,21.821253,23.1342,0.9432,0.761737,0.842013,1,0.750861,0.760673,574,2028,0.283037475345168,0.15368,0.861541,0.638232,0.646572,457,305,1.0638,1.4601,1.3312,51.5389,0.952381,8cbb86c59a476f4897551199b5550973b5d2c7f74f478ce620d61d091c039f9b,10bd6134d1956b59ae9f946801ced612b270f924,01bfa59f2db51d08661fdc0015eecf3c3d46ee084fd5d09ac0d955a2d1e713c7
main__mixed_complex__IPPO__seed5__ep07,main_comparison,mixed_complex,2,IPPO,5,7,50207,50207150628,50207150725,4,1,2000,0.1,ON,1,0.05,0.15,0,10,0.9,1.1,4,1,0,0,0,0,0,0,0,0,47.902326,50.729009,191.609303,0.843257,21.73268,23.2401,0.9351,0.793265,0.706725,2,0.755807,0.704611,724,2281,0.317404647084612,0.162889,0.839627,0.642436,0.59892,352,235,0.7637,1.8091,1.4318,44.8327,0.952381,8cbb86c59a476f4897551199b5550973b5d2c7f74f478ce620d61d091c039f9b,10bd6134d1956b59ae9f946801ced612b270f924,01bfa59f2db51d08661fdc0015eecf3c3d46ee084fd5d09ac0d955a2d1e713c7
main__mixed_complex__IPPO__seed5__ep08,main_comparison,mixed_complex,2,IPPO,5,8,50208,50208150632,50208150729,4,1,2000,0.1,ON,1,0.05,0.15,0,10,0.9,1.1,4,1,0,0,0,0,0,0,0,0,43.597272,48.816412,174.389086,1.000704,21.403759,23.2445,0.9208,0.779567,0.917859,2,0.786508,0.704136,528,1801,0.29317046085508,0.145257,0.840873,0.668532,0.598516,319,212,0.7134,1.7424,1.4002,49.2812,0.952381,8cbb86c59a476f4897551199b5550973b5d2c7f74f478ce620d61d091c039f9b,10bd6134d1956b59ae9f946801ced612b270f924,01bfa59f2db51d08661fdc0015eecf3c3d46ee084fd5d09ac0d955a2d1e713c7
main__mixed_complex__IPPO__seed5__ep09,main_comparison,mixed_complex,2,IPPO,5,9,50209,50209150636,50209150733,4,1,2000,0.1,ON,1,0.05,0.15,0,10,0.9,1.1,4,1,0,0,0,0,0,0,0,0,51.439126,51.706322,205.756504,1.046025,21.121009,22.7817,0.9271,0.771293,0.762404,2,0.807123,0.753034,669,2085,0.320863309352518,0.145555,0.84832,0.686055,0.640079,350,233,0.9196,1.4617,1.424,52.3799,0.952381,8cbb86c59a476f4897551199b5550973b5d2c7f74f478ce620d61d091c039f9b,10bd6134d1956b59ae9f946801ced612b270f924,01bfa59f2db51d08661fdc0015eecf3c3d46ee084fd5d09ac0d955a2d1e713c7
main__mixed_complex__IPPO__seed6__ep00,main_comparison,mixed_complex,2,IPPO,6,0,60200,60200180600,60200180697,4,1,2000,0.1,ON,1,0.05,0.15,0,10,0.9,1.1,4,1,0,0,0,0,0,0,0,0,44.874137,49.413582,179.496548,0.903374,21.503562,22.9018,0.9389,0.74149,0.720178,1,0.847706,0.786662,563,1758,0.320250284414107,0.171041,0.831008,0.72055,0.668663,260,174,0.7579,1.561,1.2057,48.3399,0.952381,95a32e5132dcbe1c08750d056b0be52db1d5bb2ac142815c58c42064ba807fdd,10bd6134d1956b59ae9f946801ced612b270f924,01bfa59f2db51d08661fdc0015eecf3c3d46ee084fd5d09ac0d955a2d1e713c7
main__mixed_complex__IPPO__seed6__ep01,main_comparison,mixed_complex,2,IPPO,6,1,60201,60201180604,60201180701,4,1,2000,0.1,ON,1,0.05,0.15,0,10,0.9,1.1,4,1,0,0,0,0,0,0,0,0,49.247522,49.503759,196.990086,1.017548,21.07028,23.0095,0.9157,0.76604,0.653545,1,0.883652,0.741239,538,1790,0.300558659217877,0.153149,0.869081,0.751104,0.630053,361,240,0.8248,1.4797,1.2012,47.6168,0.952381,95a32e5132dcbe1c08750d056b0be52db1d5bb2ac142815c58c42064ba807fdd,10bd6134d1956b59ae9f946801ced612b270f924,01bfa59f2db51d08661fdc0015eecf3c3d46ee084fd5d09ac0d955a2d1e713c7
main__mixed_complex__IPPO__seed6__ep02,main_comparison,mixed_complex,2,IPPO,6,2,60202,60202180608,60202180705,4,1,2000,0.1,ON,1,0.05,0.15,0,10,0.9,1.1,4,1,0,0,0,0,0,0,0,0,48.545246,50.802366,194.180983,0.838688,22.301871,23.1777,0.9622,0.772558,0.746573,1,0.853925,0.806703,566,1858,0.304628632938644,0.163447,0.830714,0.725836,0.685698,284,189,1.0917,1.4566,1.4961,46.487,0.952381,95a32e5132dcbe1c08750d056b0be52db1d5bb2ac142815c58c42064ba807fdd,10bd6134d1956b59ae9f946801ced612b270f924,01bfa59f2db51d08661fdc0015eecf3c3d46ee084fd5d09ac0d955a2d1e713c7
main__mixed_complex__IPPO__seed6__ep03,main_comparison,mixed_complex,2,IPPO,6,3,60203,60203180612,60203180709,4,1,2000,0.1,ON,1,0.05,0.15,0,10,0.9,1.1,4,1,0,0,0,0,0,0,0,0,45.53594,49.680891,182.143762,0.848863,22.071683,22.9692,0.9609,0.784431,0.6622,0,0.762944,0.84813,531,1639,0.323978035387431,0.162485,0.821799,0.648502,0.72091,377,251,1.0098,1.3816,1.3647,45.0982,0.952381,95a32e5132dcbe1c08750d056b0be52db1d5bb2ac142815c58c42064ba807fdd,10bd6134d1956b59ae9f946801ced612b270f924,01bfa59f2db51d08661fdc0015eecf3c3d46ee084fd5d09ac0d955a2d1e713c7
main__mixed_complex__IPPO__seed6__ep04,main_comparison,mixed_complex,2,IPPO,6,4,60204,60204180616,60204180713,4,1,2000,0.1,ON,1,0.05,0.15,0,10,0.9,1.1,4,1,0,0,0,0,0,0,0,0,44.934145,48.466947,179.736579,0.870421,21.248388,22.8654,0.9293,0.791039,0.751914,0,0.804616,0.782674,632,1958,0.322778345250255,0.142208,0.828836,0.683924,0.665273,436,291,0.9574,1.5553,1.1618,48.9977,0.952381,95a32e5132dcbe1c08750d056b0be52db1d5bb2ac142815c58c42064ba807fdd,10bd6134d1956b59ae9f946801ced612b270f924,01bfa59f2db51d08661fdc0015eecf3c3d46ee084fd5d09ac0d955a2d1e713c7
main__mixed_complex__IPPO__seed6__ep05,main_comparison,mixed_complex,2,IPPO,6,5,60205,60205180620,60205180717,4,1,2000,0.1,ON,1,0.05,0.15,0,10,0.9,1.1,4,1,0,0,0,0,0,0,0,0,46.211467,48.255155,184.845869,0.807452,21.678022,23.1342,0.9371,0.776433,0.724523,0,0.897903,0.743378,496,1649,0.300788356579745,0.170661,0.821514,0.763218,0.631871,464,309,0.7285,1.7779,1.4242,49.5392,0.952381,95a32e5132dcbe1c08750d056b0be52db1d5bb2ac142815c58c42064ba807fdd,10bd6134d1956b59ae9f946801ced612b270f924,01bfa59f2db51d08661fdc0015eecf3c3d46ee084fd5d09ac0d955a2d1e713c7
main__mixed_complex__IPPO__seed6__ep06,main_comparison,mixed_complex,2,IPPO,6,6,60206,60206180624,60206180721,4,1,2000,0.1,ON,1,0.05,0.15,0,10,0.9,1.1,4,1,0,0,0,0,0,0,0,0,51.058989,51.324284,204.235955,0.786893,20.829812,23.1777,0.8987,0.770054,0.696534,2,0.846602,0.832956,602,1970,0.305583756345178,0.154222,0.840134,0.719612,0.708012,401,267,0.7336,1.3222,1.4838,48.1411,0.952381,95a32e5132dcbe1c08750d056b0be52db1d5bb2ac142815c58c42064ba807fdd,10bd6134d1956b59ae9f946801ced612b270f924,01bfa59f2db51d08661fdc0015eecf3c3d46ee084fd5d09ac0d955a2d1e713c7
main__mixed_complex__IPPO__seed6__ep07,main_comparison,mixed_complex,2,IPPO,6,7,60207,60207180628,60207180725,4,1,2000,0.1,ON,1,0.05,0.15,0,10,0.9,1.1,4,1,0,0,0,0,0,0,0,0,50.882357,51.576056,203.529427,0.920794,21.903213,22.822,0.9597,0.784681,0.719077,1,0.935681,0.777137,637,1996,0.319138276553106,0.150422,0.849655,0.795329,0.660566,295,196,0.9029,1.5348,1.3968,46.5005,0.952381,95a32e5132dcbe1c08750d056b0be52db1d5bb2ac142815c58c42064ba807fdd,10bd6134d1956b59ae9f946801ced612b270f924,01bfa59f2db51d08661fdc0015eecf3c3d46ee084fd5d09ac0d955a2d1e713c7
main__mixed_complex__IPPO__seed6__ep08,main_comparison,mixed_complex,2,IPPO,6,8,60208,60208180632,60208180729,4,1,2000,0.1,ON,1,0.05,0.15,0,10,0.9,1.1,4,1,0,0,0,0,0,0,0,0,48.391118,52.315188,193.56447,1.076058,21.90058,23.1342,0.9467,0.775828,0.746128,1,0.865525,0.750696,533,1627,0.32759680393362,0.171534,0.841663,0.735696,0.638092,362,241,1.0858,1.3255,1.2586,45.6065,0.952381,95a32e5132dcbe1c08750d056b0be52db1d5bb2ac142815c58c42064ba807fdd,10bd6134d1956b59ae9f946801ced612b270f924,01bfa59f2db51d08661fdc0015eecf3c3d46ee084fd5d09ac0d955a2d1e713c7
main__mixed_complex__IPPO__seed6__ep09,main_comparison,mixed_complex,2,IPPO,6,9,60209,60209180636,60209180733,4,1,2000,0.1,ON,1,0.05,0.15,0,10,0.9,1.1,4,1,0,0,0,0,0,0,0,0,47.355529,49.049169,189.422117,1.159176,21.416569,23.1195,0.9263,0.780868,0.734903,1,0.867294,0.763484,554,1783,0.310712282669658,0.149609,0.864166,0.7372,0.648961,385,257,0.9073,1.8301,1.2867,46.7434,0.952381,95a32e5132dcbe1c08750d056b0be52db1d5bb2ac142815c58c42064ba807fdd,10bd6134d1956b59ae9f946801ced612b270f924,01bfa59f2db51d08661fdc0015eecf3c3d46ee084fd5d09ac0d955a2d1e713c7
main__mixed_complex__IPPO__seed7__ep00,main_comparison,mixed_complex,2,IPPO,7,0,70200,70200210600,70200210697,4,1,2000,0.1,ON,1,0.05,0.15,0,10,0.9,1.1,4,1,0,0,0,0,0,0,0,0,46.149723,50.826221,184.598891,1.0829,21.584818,22.9279,0.9414,0.76952,0.80152,0,0.821185,0.709435,546,1735,0.314697406340058,0.150665,0.859944,0.698007,0.60707,311,208,0.8376,1.6015,1.2101,48.9006,0.952381,91f906bcfcc33f0f6bf1ea48306af9c328fe32521dd39676cdf7fa55ff254b0f,10bd6134d1956b59ae9f946801ced612b270f924,01bfa59f2db51d08661fdc0015eecf3c3d46ee084fd5d09ac0d955a2d1e713c7
main__mixed_complex__IPPO__seed7__ep01,main_comparison,mixed_complex,2,IPPO,7,1,70201,70201210604,70201210701,4,1,2000,0.1,ON,1,0.05,0.15,0,10,0.9,1.1,4,1,0,0,0,0,0,0,0,0,47.240947,52.705605,188.963787,0.685889,21.906416,23.0095,0.9521,0.791705,0.791542,0,0.834121,0.719719,507,1562,0.324583866837388,0.15646,0.827936,0.709003,0.620226,304,202,0.8526,1.5744,1.1551,50.6335,0.952381,91f906bcfcc33f0f6bf1ea48306af9c328fe32521dd39676cdf7fa55ff254b0f,10bd6134d1956b59ae9f946801ced612b270f924,01bfa59f2db51d08661fdc0015eecf3c3d46ee084fd5d09ac0d955a2d1e713c7
main__mixed_complex__IPPO__seed7__ep02,main_comparison,mixed_complex,2,IPPO,7,2,70202,70202210608,70202210705,4,1,2000,0.1,ON,1,0.05,0.15,0,10,0.9,1.1,4,1,0,0,0,0,0,0,0,0,50.141623,50.402331,200.566493,1.088829,22.268486,23.0893,0.9645,0.785597,0.753739,1,0.821297,0.7,626,1911,0.327577184720042,0.163713,0.849226,0.698103,0.567545,310,207,0.8824,1.7713,1.2974,48.6943,0.952381,91f906bcfcc33f0f6bf1ea48306af9c328fe32521dd39676cdf7fa55ff254b0f,10bd6134d1956b59ae9f946801ced612b270f924,01bfa59f2db51d08661fdc0015eecf3c3d46ee084fd5d09ac0d955a2d1e713c7
main__mixed_complex__IPPO__seed7__ep03,main_comparison,mixed_complex,2,IPPO,7,3,70203,70203210612,70203210709,4,1,2000,0.1,ON,1,0.05,0.15,0,10,0.9,1.1,4,1,0,0,0,0,0,0,0,0,47.423177,49.068973,189.692708,0.858754,21.460101,23.0576,0.9307,0.796294,0.683386,0,0.811795,0.7,552,1625,0.339692307692308,0.161684,0.832687,0.690026,0.577486,368,245,0.8359,1.6851,1.3296,47.3612,0.952381,91f906bcfcc33f0f6bf1ea48306af9c328fe32521dd39676cdf7fa55ff254b0f,10bd6134d1956b59ae9f946801ced612b270f924,01bfa59f2db51d08661fdc0015eecf3c3d46ee084fd5d09ac0d955a2d1e713c7
main__mixed_complex__IPPO__seed7__ep04,main_comparison,mixed_complex,2,IPPO,7,4,70204,70204210616,70204210713,4,1,2000,0.1,ON,1,0.05,0.15,0,10,0.9,1.1,4,1,0,0,0,0,0,0,0,0,47.238582,50.672088,188.954328,0.765207,21.887495,23.1777,0.9443,0.794711,0.726995,0,0.819121,0.767179,432,1254,0.344497607655502,0.175436,0.875081,0.696252,0.680936,355,237,0.7759,1.6404,1.2024,49.443,0.952381,91f906bcfcc33f0f6bf1ea48306af9c328fe32521dd39676cdf7fa55ff254b0f,10bd6134d1956b59ae9f946801ced612b270f924,01bfa59f2db51d08661fdc0015eecf3c3d46ee084fd5d09ac0d955a2d1e713c7
main__mixed_complex__IPPO__seed7__ep05,main_comparison,mixed_complex,2,IPPO,7,5,70205,70205210620,70205210717,4,1,2000,0.1,ON,1,0.05,0.15,0,10,0.9,1.1,4,1,0,0,0,0,0,0,0,0,47.876826,50.332824,191.507305,1.017545,22.255271,23.0716,0.9646,0.780539,0.762048,1,0.783145,0.70796,511,1760,0.290340909090909,0.172007,0.828263,0.665673,0.605182,388,259,0.9722,1.5262,1.1058,48.4058,0.952381,91f906bcfcc33f0f6bf1ea48306af9c328fe32521dd39676cdf7fa55ff254b0f,10bd6134d1956b59ae9f946801ced612b270f924,01bfa59f2db51d08661fdc0015eecf3c3d46ee084fd5d09ac0d955a2d1e713c7
main__mixed_complex__IPPO__seed7__ep06,main_comparison,mixed_complex,2,IPPO,7,6,70206,70206210624,70206210721,4,1,2000,0.1,ON,1,0.05,0.15,0,10,0.9,1.1,4,1,0,0,0,0,0,0,0,0,45.946695,51.402964,183.786778,0.844573,21.847689,23.0095,0.9495,0.762337,0.752233,1,0.767368,0.712376,669,2000,0.3345,0.149665,0.851175,0.652263,0.610832,335,223,0.8708,1.7046,1.1917,44.7169,0.952381,91f906bcfcc33f0f6bf1ea48306af9c328fe32521dd39676cdf7fa55ff254b0f,10bd6134d1956b59ae9f946801ced612b270f924,01bfa59f2db51d08661fdc0015eecf3c3d46ee084fd5d09ac0d955a2d1e713c7
main__mixed_complex__IPPO__seed7__ep07,main_comparison,mixed_complex,2,IPPO,7,7,70207,70207210628,70207210725,4,1,2000,0.1,ON,1,0.05,0.15,0,10,0.9,1.1,4,1,0,0,0,0,0,0,0,0,46.331674,50.341674,185.326694,1.220534,21.087451,22.9467,0.919,0.796692,0.647669,1,0.74431,0.71827,679,2275,0.298461538461538,0.148943,0.832767,0.632663,0.618372,420,280,0.9971,1.5132,1.2361,51.4117,0.952381,91f906bcfcc33f0f6bf1ea48306af9c328fe32521dd39676cdf7fa55ff254b0f,10bd6134d1956b59ae9f946801ced612b270f924,01bfa59f2db51d08661fdc0015eecf3c3d46ee084fd5d09ac0d955a2d1e713c7
main__mixed_complex__IPPO__seed7__ep08,main_comparison,mixed_complex,2,IPPO,7,8,70208,70208210632,70208210729,4,1,2000,0.1,ON,1,0.05,0.15,0,10,0.9,1.1,4,1,0,0,0,0,0,0,0,0,46.71174,51.504178,186.846962,0.939522,22.423704,23.1823,0.9673,0.770711,0.693676,0,0.767483,0.70857,535,1812,0.295253863134658,0.166963,0.830778,0.65236,0.605963,304,203,0.7003,1.5361,1.3942,50.2009,0.952381,91f906bcfcc33f0f6bf1ea48306af9c328fe32521dd39676cdf7fa55ff254b0f,10bd6134d1956b59ae9f946801ced612b270f924,01bfa59f2db51d08661fdc0015eecf3c3d46ee084fd5d09ac0d955a2d1e713c7
main__mixed_complex__IPPO__seed7__ep09,main_comparison,mixed_complex,2,IPPO,7,9,70209,70209210636,70209210733,4,1,2000,0.1,ON,1,0.05,0.15,0,10,0.9,1.1,4,1,0,0,0,0,0,0,0,0,46.273704,50.162944,185.094815,1.146747,22.154653,22.9642,0.9647,0.758355,0.722244,0,0.762683,0.7,497,1630,0.304907975460123,0.147344,0.826916,0.648281,0.578372,299,200,0.7459,1.6365,1.2133,50.3475,0.952381,91f906bcfcc33f0f6bf1ea48306af9c328fe32521dd39676cdf7fa55ff254b0f,10bd6134d1956b59ae9f946801ced612b270f924,01bfa59f2db51d08661fdc0015eecf3c3d46ee084fd5d09ac0d955a2d1e713c7
main__static_clutter__MAPPO__seed0__ep00,main_comparison,static_clutter,0,MAPPO,0,0,0,0,,4,0,1800,0.1,ON,1,0.05,0.15,N/A,N/A,N/A,N/A,4,1,0,0,0,0,0,0,0,N/A,32.927412,36.981179,131.709646,4.62091,18.319364,21.1127,0.8677,0.71533,1.020233,3,0.620158,N/A,414,1260,0.328571428571429,0.140222,1.013985,0.527134,,202,,1.0045,1.7726,1.1523,36.6938,0.952381,ec1c383b4649fd531346da64525d395fd2beca8789ffa7fbd7a970cde43fc117,10bd6134d1956b59ae9f946801ced612b270f924,a15ec6ff235901b1692c7cf9dbd2346970be0864d8b509cdf162d5443047cac2
main__static_clutter__MAPPO__seed0__ep01,main_comparison,static_clutter,0,MAPPO,0,1,1,1000004,,4,0,1800,0.1,ON,1,0.05,0.15,N/A,N/A,N/A,N/A,4,1,0,0,0,0,0,0,0,N/A,33.825631,38.731201,135.302523,5.276202,17.51652,21.2377,0.8248,0.713952,1.271397,4,0.605766,N/A,438,1510,0.290066225165563,0.131423,0.984015,0.514901,,269,,0.7871,1.6062,1.1575,36.8557,0.952381,ec1c383b4649fd531346da64525d395fd2beca8789ffa7fbd7a970cde43fc117,10bd6134d1956b59ae9f946801ced612b270f924,a15ec6ff235901b1692c7cf9dbd2346970be0864d8b509cdf162d5443047cac2
main__static_clutter__MAPPO__seed0__ep02,main_comparison,static_clutter,0,MAPPO,0,2,2,2000008,,4,0,1800,0.1,ON,1,0.05,0.15,N/A,N/A,N/A,N/A,4,1,0,0,0,0,0,0,0,N/A,35.525096,38.628248,142.100383,4.563699,17.997764,21.4252,0.84,0.717861,1.07876,3,0.587102,N/A,403,1388,0.290345821325648,0.159632,1.013985,0.499036,,324,,1.0107,1.8674,1.2154,37.1002,0.952381,ec1c383b4649fd531346da64525d395fd2beca8789ffa7fbd7a970cde43fc117,10bd6134d1956b59ae9f946801ced612b270f924,a15ec6ff235901b1692c7cf9dbd2346970be0864d8b509cdf162d5443047cac2
main__static_clutter__MAPPO__seed0__ep03,main_comparison,static_clutter,0,MAPPO,0,3,3,3000012,,4,0,1800,0.1,ON,1,0.05,0.15,N/A,N/A,N/A,N/A,4,1,0,0,0,0,0,0,0,N/A,35.852919,40.18045,143.411674,3.825826,18.070547,21.1127,0.8559,0.734147,1.028434,5,0.603887,N/A,509,1673,0.30424387328153,0.143241,0.984015,0.513304,,359,,1.0954,1.6998,1.2229,36.9975,0.952381,ec1c383b4649fd531346da64525d395fd2beca8789ffa7fbd7a970cde43fc117,10bd6134d1956b59ae9f946801ced612b270f924,a15ec6ff235901b1692c7cf9dbd2346970be0864d8b509cdf162d5443047cac2
main__static_clutter__MAPPO__seed0__ep04,main_comparison,static_clutter,0,MAPPO,0,4,4,4000016,,4,0,1800,0.1,ON,1,0.05,0.15,N/A,N/A,N/A,N/A,4,1,0,0,0,0,0,0,0,N/A,35.720828,36.977727,142.883313,4.537216,18.214113,21.3627,0.8526,0.722453,1.016478,2,0.612862,N/A,452,1469,0.307692307692308,0.141441,1.013985,0.520933,,256,,0.7279,1.7442,1.253,35.4991,0.952381,ec1c383b4649fd531346da64525d395fd2beca8789ffa7fbd7a970cde43fc117,10bd6134d1956b59ae9f946801ced612b270f924,a15ec6ff235901b1692c7cf9dbd2346970be0864d8b509cdf162d5443047cac2
main__static_clutter__MAPPO__seed0__ep05,main_comparison,static_clutter,0,MAPPO,0,5,5,5000020,,4,0,1800,0.1,ON,1,0.05,0.15,N/A,N/A,N/A,N/A,4,1,0,0,0,0,0,0,0,N/A,36.452165,38.126538,145.80866,3.400947,18.15343,21.3002,0.8523,0.739937,1.240944,1,0.624555,N/A,509,1623,0.313616759088108,0.142743,0.984015,0.530872,,283,,1.049,1.3649,1.3407,34.9088,0.952381,ec1c383b4649fd531346da64525d395fd2beca8789ffa7fbd7a970cde43fc117,10bd6134d1956b59ae9f946801ced612b270f924,a15ec6ff235901b1692c7cf9dbd2346970be0864d8b509cdf162d5443047cac2
main__static_clutter__MAPPO__seed0__ep06,main_comparison,static_clutter,0,MAPPO,0,6,6,6000024,,4,0,1800,0.1,ON,1,0.05,0.15,N/A,N/A,N/A,N/A,4,1,0,0,0,0,0,0,0,N/A,34.141794,39.283568,136.567174,4.009086,17.702878,21.2377,0.8336,0.737827,1.058217,5,0.600837,N/A,436,1490,0.292617449664429,0.125089,1.013985,0.510711,,194,,1.0968,1.4467,1.341,34.4589,0.952381,ec1c383b4649fd531346da64525d395fd2beca8789ffa7fbd7a970cde43fc117,10bd6134d1956b59ae9f946801ced612b270f924,a15ec6ff235901b1692c7cf9dbd2346970be0864d8b509cdf162d5443047cac2
main__static_clutter__MAPPO__seed0__ep07,main_comparison,static_clutter,0,MAPPO,0,7,7,7000028,,4,0,1800,0.1,ON,1,0.05,0.15,N/A,N/A,N/A,N/A,4,1,0,0,0,0,0,0,0,N/A,32.996172,38.277091,131.98469,5.748258,18.222943,21.3627,0.853,0.734991,1.053451,1,0.591825,N/A,351,1058,0.331758034026465,0.136274,0.984015,0.503051,,275,,0.767,1.3846,1.3495,36.0369,0.952381,ec1c383b4649fd531346da64525d395fd2beca8789ffa7fbd7a970cde43fc117,10bd6134d1956b59ae9f946801ced612b270f924,a15ec6ff235901b1692c7cf9dbd2346970be0864d8b509cdf162d5443047cac2
main__static_clutter__MAPPO__seed0__ep08,main_comparison,static_clutter,0,MAPPO,0,8,8,8000032,,4,0,1800,0.1,ON,1,0.05,0.15,N/A,N/A,N/A,N/A,4,1,0,0,0,0,0,0,0,N/A,36.737022,38.168091,146.948089,4.876883,17.63441,21.1127,0.8353,0.736935,1.034238,0,0.593285,N/A,447,1677,0.26654740608229,0.129118,1.013985,0.504292,,266,,1.0979,1.383,1.2416,35.7043,0.952381,ec1c383b4649fd531346da64525d395fd2beca8789ffa7fbd7a970cde43fc117,10bd6134d1956b59ae9f946801ced612b270f924,a15ec6ff235901b1692c7cf9dbd2346970be0864d8b509cdf162d5443047cac2
main__static_clutter__MAPPO__seed0__ep09,main_comparison,static_clutter,0,MAPPO,0,9,9,9000036,,4,0,1800,0.1,ON,1,0.05,0.15,N/A,N/A,N/A,N/A,4,1,0,0,0,0,0,0,0,N/A,33.430093,38.109646,133.72037,5.305028,18.164611,21.2377,0.8553,0.748962,0.9084,3,0.629868,N/A,418,1355,0.308487084870849,0.131705,0.984015,0.535387,,164,,0.8556,1.715,1.2747,38.9944,0.952381,ec1c383b4649fd531346da64525d395fd2beca8789ffa7fbd7a970cde43fc117,10bd6134d1956b59ae9f946801ced612b270f924,a15ec6ff235901b1692c7cf9dbd2346970be0864d8b509cdf162d5443047cac2
main__static_clutter__MAPPO__seed1__ep00,main_comparison,static_clutter,0,MAPPO,1,0,10000,10000030000,,4,0,1800,0.1,ON,1,0.05,0.15,N/A,N/A,N/A,N/A,4,1,0,0,0,0,0,0,0,N/A,38.970379,39.175231,155.881517,3.689217,17.990759,21.4252,0.8397,0.740935,0.976224,4,0.687256,N/A,528,2019,0.261515601783061,0.103248,1.013985,0.584168,,367,,0.8456,1.8189,1.3868,41.953,0.952381,321f4caa0245b40b17f57578eafff31f67d31111f5f6185b74e7150ac54a2c09,10bd6134d1956b59ae9f946801ced612b270f924,a15ec6ff235901b1692c7cf9dbd2346970be0864d8b509cdf162d5443047cac2
main__static_clutter__MAPPO__seed1__ep01,main_comparison,static_clutter,0,MAPPO,1,1,10001,10001030004,,4,0,1800,0.1,ON,1,0.05,0.15,N/A,N/A,N/A,N/A,4,1,0,0,0,0,0,0,0,N/A,38.680633,40.131053,154.722533,4.758887,18.01839,21.3627,0.8435,0.746717,0.928646,4,0.697149,N/A,491,1809,0.271420674405749,0.116059,0.984015,0.592577,,283,,1.0151,1.8062,1.4701,45.7286,0.952381,321f4caa0245b40b17f57578eafff31f67d31111f5f6185b74e7150ac54a2c09,10bd6134d1956b59ae9f946801ced612b270f924,a15ec6ff235901b1692c7cf9dbd2346970be0864d8b509cdf162d5443047cac2
main__static_clutter__MAPPO__seed1__ep02,main_comparison,static_clutter,0,MAPPO,1,2,10002,10002030008,,4,0,1800,0.1,ON,1,0.05,0.15,N/A,N/A,N/A,N/A,4,1,0,0,0,0,0,0,0,N/A,36.657344,37.618002,146.629374,4.453392,17.519732,21.4252,0.8177,0.725442,0.832136,2,0.685185,N/A,342,1350,0.253333333333333,0.1182,1.013985,0.582408,,373,,0.8273,1.675,1.4803,40.5029,0.952381,321f4caa0245b40b17f57578eafff31f67d31111f5f6185b74e7150ac54a2c09,10bd6134d1956b59ae9f946801ced612b270f924,a15ec6ff235901b1692c7cf9dbd2346970be0864d8b509cdf162d5443047cac2
main__static_clutter__MAPPO__seed1__ep03,main_comparison,static_clutter,0,MAPPO,1,3,10003,10003030012,,4,0,1800,0.1,ON,1,0.05,0.15,N/A,N/A,N/A,N/A,4,1,0,0,0,0,0,0,0,N/A,39.525707,39.733336,158.102829,4.100674,16.877664,21.4252,0.7877,0.762686,1.072088,4,0.633813,N/A,533,2215,0.240632054176072,0.117658,0.984015,0.538741,,346,,1.0027,1.5123,1.2973,42.9803,0.952381,321f4caa0245b40b17f57578eafff31f67d31111f5f6185b74e7150ac54a2c09,10bd6134d1956b59ae9f946801ced612b270f924,a15ec6ff235901b1692c7cf9dbd2346970be0864d8b509cdf162d5443047cac2
main__static_clutter__MAPPO__seed1__ep04,main_comparison,static_clutter,0,MAPPO,1,4,10004,10004030016,,4,0,1800,0.1,ON,1,0.05,0.15,N/A,N/A,N/A,N/A,4,1,0,0,0,0,0,0,0,N/A,40.166792,40.377626,160.667169,4.369716,17.746328,21.4252,0.8283,0.711514,0.983406,3,0.677924,N/A,541,2118,0.255429650613787,0.094417,1.013985,0.576236,,293,,1.0004,1.7155,1.3356,42.8268,0.952381,321f4caa0245b40b17f57578eafff31f67d31111f5f6185b74e7150ac54a2c09,10bd6134d1956b59ae9f946801ced612b270f924,a15ec6ff235901b1692c7cf9dbd2346970be0864d8b509cdf162d5443047cac2
main__static_clutter__MAPPO__seed1__ep05,main_comparison,static_clutter,0,MAPPO,1,5,10005,10005030020,,4,0,1800,0.1,ON,1,0.05,0.15,N/A,N/A,N/A,N/A,4,1,0,0,0,0,0,0,0,N/A,39.747358,39.956095,158.989432,3.937247,17.793222,21.3002,0.8354,0.707959,0.956127,0,0.658219,N/A,540,2169,0.24896265560166,0.10474,0.984015,0.559486,,331,,0.9441,1.7107,1.4536,40.5607,0.952381,321f4caa0245b40b17f57578eafff31f67d31111f5f6185b74e7150ac54a2c09,10bd6134d1956b59ae9f946801ced612b270f924,a15ec6ff235901b1692c7cf9dbd2346970be0864d8b509cdf162d5443047cac2
main__static_clutter__MAPPO__seed1__ep06,main_comparison,static_clutter,0,MAPPO,1,6,10006,10006030024,,4,0,1800,0.1,ON,1,0.05,0.15,N/A,N/A,N/A,N/A,4,1,0,0,0,0,0,0,0,N/A,35.310289,37.886194,141.241156,3.767197,17.942708,21.3627,0.8399,0.724432,0.932048,2,0.6704,N/A,465,1706,0.272567409144197,0.108861,1.013985,0.56984,,352,,0.9067,1.3413,1.105,39.1394,0.952381,321f4caa0245b40b17f57578eafff31f67d31111f5f6185b74e7150ac54a2c09,10bd6134d1956b59ae9f946801ced612b270f924,a15ec6ff235901b1692c7cf9dbd2346970be0864d8b509cdf162d5443047cac2
main__static_clutter__MAPPO__seed1__ep07,main_comparison,static_clutter,0,MAPPO,1,7,10007,10007030028,,4,0,1800,0.1,ON,1,0.05,0.15,N/A,N/A,N/A,N/A,4,1,0,0,0,0,0,0,0,N/A,41.362036,41.578846,165.448143,3.247055,17.825968,21.3002,0.8369,0.72482,1.069362,3,0.65772,N/A,477,1970,0.242131979695431,0.111784,0.984015,0.559062,,331,,0.7886,1.5581,1.3429,41.3003,0.952381,321f4caa0245b40b17f57578eafff31f67d31111f5f6185b74e7150ac54a2c09,10bd6134d1956b59ae9f946801ced612b270f924,a15ec6ff235901b1692c7cf9dbd2346970be0864d8b509cdf162d5443047cac2
main__static_clutter__MAPPO__seed1__ep08,main_comparison,static_clutter,0,MAPPO,1,8,10008,10008030032,,4,0,1800,0.1,ON,1,0.05,0.15,N/A,N/A,N/A,N/A,4,1,0,0,0,0,0,0,0,N/A,36.113244,37.229726,144.452976,5.896878,17.702527,21.2377,0.8335,0.727666,0.941163,2,0.718422,N/A,552,2067,0.267053701015965,0.125647,1.013985,0.610659,,358,,0.8777,1.8415,1.3261,42.1311,0.952381,321f4caa0245b40b17f57578eafff31f67d31111f5f6185b74e7150ac54a2c09,10bd6134d1956b59ae9f946801ced612b270f924,a15ec6ff235901b1692c7cf9dbd2346970be0864d8b509cdf162d5443047cac2
main__static_clutter__MAPPO__seed1__ep09,main_comparison,static_clutter,0,MAPPO,1,9,10009,10009030036,,4,0,1800,0.1,ON,1,0.05,0.15,N/A,N/A,N/A,N/A,4,1,0,0,0,0,0,0,0,N/A,40.08757,40.424912,160.350281,4.259123,18.476085,21.1127,0.8751,0.720166,0.920534,4,0.695334,N/A,582,2371,0.245466048080978,0.117221,0.984015,0.591034,,259,,0.8209,1.7475,1.1369,43.2858,0.952381,321f4caa0245b40b17f57578eafff31f67d31111f5f6185b74e7150ac54a2c09,10bd6134d1956b59ae9f946801ced612b270f924,a15ec6ff235901b1692c7cf9dbd2346970be0864d8b509cdf162d5443047cac2
main__static_clutter__MAPPO__seed2__ep00,main_comparison,static_clutter,0,MAPPO,2,0,20000,20000060000,,4,0,1800,0.1,ON,1,0.05,0.15,N/A,N/A,N/A,N/A,4,1,0,0,0,0,0,0,0,N/A,36.330861,37.292397,145.323443,1.236315,18.207529,21.1127,0.8624,0.727091,1.253242,1,0.644261,N/A,497,1757,0.282868525896414,0.12089,1.013985,0.547622,,161,,1.0882,1.3012,1.1355,43.7225,0.952381,6a0bd037f8697b5eeac73779131a2229fbd81cd7b7caaf3ba8127a7e59942fe5,10bd6134d1956b59ae9f946801ced612b270f924,a15ec6ff235901b1692c7cf9dbd2346970be0864d8b509cdf162d5443047cac2
main__static_clutter__MAPPO__seed2__ep01,main_comparison,static_clutter,0,MAPPO,2,1,20001,20001060004,,4,0,1800,0.1,ON,1,0.05,0.15,N/A,N/A,N/A,N/A,4,1,0,0,0,0,0,0,0,N/A,35.630035,40.249953,142.520142,1.372707,17.012312,21.3627,0.7964,0.71874,1.225272,2,0.59128,N/A,426,1493,0.285331547220362,0.137312,0.984015,0.502588,,190,,0.7128,1.7566,1.495,39.4133,0.952381,6a0bd037f8697b5eeac73779131a2229fbd81cd7b7caaf3ba8127a7e59942fe5,10bd6134d1956b59ae9f946801ced612b270f924,a15ec6ff235901b1692c7cf9dbd2346970be0864d8b509cdf162d5443047cac2
main__static_clutter__MAPPO__seed2__ep02,main_comparison,static_clutter,0,MAPPO,2,2,20002,20002060008,,4,0,1800,0.1,ON,1,0.05,0.15,N/A,N/A,N/A,N/A,4,1,0,0,0,0,0,0,0,N/A,36.86266,39.369531,147.450639,1.489393,17.697832,21.3627,0.8284,0.697262,1.252408,3,0.655506,N/A,417,1420,0.293661971830986,0.129319,1.013985,0.55718,,166,,0.8309,1.6977,1.376,39.4839,0.952381,6a0bd037f8697b5eeac73779131a2229fbd81cd7b7caaf3ba8127a7e59942fe5,10bd6134d1956b59ae9f946801ced612b270f924,a15ec6ff235901b1692c7cf9dbd2346970be0864d8b509cdf162d5443047cac2
main__static_clutter__MAPPO__seed2__ep03,main_comparison,static_clutter,0,MAPPO,2,3,20003,20003060012,,4,0,1800,0.1,ON,1,0.05,0.15,N/A,N/A,N/A,N/A,4,1,0,0,0,0,0,0,0,N/A,35.451025,37.211175,141.804099,1.41644,17.912638,21.5502,0.8312,0.723678,1.203329,1,0.608524,N/A,530,1814,0.292171995589857,0.129049,0.984015,0.517246,,167,,1.0683,1.6005,1.4268,37.6963,0.952381,6a0bd037f8697b5eeac73779131a2229fbd81cd7b7caaf3ba8127a7e59942fe5,10bd6134d1956b59ae9f946801ced612b270f924,a15ec6ff235901b1692c7cf9dbd2346970be0864d8b509cdf162d5443047cac2
main__static_clutter__MAPPO__seed2__ep04,main_comparison,static_clutter,0,MAPPO,2,4,20004,20004060016,,4,0,1800,0.1,ON,1,0.05,0.15,N/A,N/A,N/A,N/A,4,1,0,0,0,0,0,0,0,N/A,34.216935,38.017922,136.867741,1.370831,18.277298,21.3002,0.8581,0.711485,1.086135,3,0.656239,N/A,528,1678,0.314660309892729,0.127257,1.013985,0.557803,,189,,0.8808,1.4547,1.2088,39.2353,0.952381,6a0bd037f8697b5eeac73779131a2229fbd81cd7b7caaf3ba8127a7e59942fe5,10bd6134d1956b59ae9f946801ced612b270f924,a15ec6ff235901b1692c7cf9dbd2346970be0864d8b509cdf162d5443047cac2
main__static_clutter__MAPPO__seed2__ep05,main_comparison,static_clutter,0,MAPPO,2,5,20005,20005060020,,4,0,1800,0.1,ON,1,0.05,0.15,N/A,N/A,N/A,N/A,4,1,0,0,0,0,0,0,0,N/A,33.414799,35.960928,133.659197,0.983896,17.718749,21.1752,0.8368,0.710944,1.332659,1,0.621428,N/A,501,1649,0.303820497271073,0.127998,0.984015,0.528214,,199,,0.8938,1.6675,1.1772,40.7995,0.952381,6a0bd037f8697b5eeac73779131a2229fbd81cd7b7caaf3ba8127a7e59942fe5,10bd6134d1956b59ae9f946801ced612b270f924,a15ec6ff235901b1692c7cf9dbd2346970be0864d8b509cdf162d5443047cac2
main__static_clutter__MAPPO__seed2__ep06,main_comparison,static_clutter,0,MAPPO,2,6,20006,20006060024,,4,0,1800,0.1,ON,1,0.05,0.15,N/A,N/A,N/A,N/A,4,1,0,0,0,0,0,0,0,N/A,33.25245,36.159223,133.0098,1.179378,17.245172,21.1127,0.8168,0.714663,1.17083,1,0.670831,N/A,383,1261,0.303727200634417,0.119056,1.013985,0.570207,,165,,1.0207,1.78,1.4634,40.6377,0.952381,6a0bd037f8697b5eeac73779131a2229fbd81cd7b7caaf3ba8127a7e59942fe5,10bd6134d1956b59ae9f946801ced612b270f924,a15ec6ff235901b1692c7cf9dbd2346970be0864d8b509cdf162d5443047cac2
main__static_clutter__MAPPO__seed2__ep07,main_comparison,static_clutter,0,MAPPO,2,7,20007,20007060028,,4,0,1800,0.1,ON,1,0.05,0.15,N/A,N/A,N/A,N/A,4,1,0,0,0,0,0,0,0,N/A,34.907776,37.341588,139.631105,1.342568,17.97144,21.2377,0.8462,0.702113,0.960205,1,0.644521,N/A,393,1302,0.30184331797235,0.129841,0.984015,0.547843,,176,,0.8169,1.4098,1.4708,41.9372,0.952381,6a0bd037f8697b5eeac73779131a2229fbd81cd7b7caaf3ba8127a7e59942fe5,10bd6134d1956b59ae9f946801ced612b270f924,a15ec6ff235901b1692c7cf9dbd2346970be0864d8b509cdf162d5443047cac2
main__static_clutter__MAPPO__seed2__ep08,main_comparison,static_clutter,0,MAPPO,2,8,20008,20008060032,,4,0,1800,0.1,ON,1,0.05,0.15,N/A,N/A,N/A,N/A,4,1,0,0,0,0,0,0,0,N/A,33.624661,35.988027,134.498643,1.524892,17.389279,21.1127,0.8236,0.718286,1.176631,2,0.658939,N/A,561,1858,0.301937567276642,0.113412,1.013985,0.560099,,213,,0.7738,1.3919,1.1158,39.8875,0.952381,6a0bd037f8697b5eeac73779131a2229fbd81cd7b7caaf3ba8127a7e59942fe5,10bd6134d1956b59ae9f946801ced612b270f924,a15ec6ff235901b1692c7cf9dbd2346970be0864d8b509cdf162d5443047cac2
main__static_clutter__MAPPO__seed2__ep09,main_comparison,static_clutter,0,MAPPO,2,9,20009,20009060036,,4,0,1800,0.1,ON,1,0.05,0.15,N/A,N/A,N/A,N/A,4,1,0,0,0,0,0,0,0,N/A,39.437473,39.644661,157.749893,1.125969,17.338294,21.1752,0.8188,0.703652,1.113803,2,0.638634,N/A,498,1588,0.31360201511335,0.118743,0.984015,0.542839,,230,,1.0269,1.5661,1.4868,42.1303,0.952381,6a0bd037f8697b5eeac73779131a2229fbd81cd7b7caaf3ba8127a7e59942fe5,10bd6134d1956b59ae9f946801ced612b270f924,a15ec6ff235901b1692c7cf9dbd2346970be0864d8b509cdf162d5443047cac2
main__static_clutter__MAPPO__seed3__ep00,main_comparison,static_clutter,0,MAPPO,3,0,30000,30000090000,,4,0,1800,0.1,ON,1,0.05,0.15,N/A,N/A,N/A,N/A,4,1,0,0,0,0,0,0,0,N/A,40.498877,48.904,161.995506,2.981636,17.521021,21.1752,0.8274,0.709312,1.029155,2,0.630591,N/A,473,1739,0.271995399654974,0.120059,1.013985,0.536003,,272,,1.085,1.6246,1.3182,36.3988,0.952381,719530eb98e793eb5a65cd49772fe7dffecf6aae016fcf70507b708c346a2fe1,10bd6134d1956b59ae9f946801ced612b270f924,a15ec6ff235901b1692c7cf9dbd2346970be0864d8b509cdf162d5443047cac2
main__static_clutter__MAPPO__seed3__ep01,main_comparison,static_clutter,0,MAPPO,3,1,30001,30001090004,,4,0,1800,0.1,ON,1,0.05,0.15,N/A,N/A,N/A,N/A,4,1,0,0,0,0,0,0,0,N/A,41.279202,48.61787,165.116808,2.386562,17.198912,21.3002,0.8075,0.721461,1.073941,0,0.683088,N/A,495,1845,0.268292682926829,0.114969,0.984015,0.580624,,206,,1.0816,1.7069,1.4052,38.0019,0.952381,719530eb98e793eb5a65cd49772fe7dffecf6aae016fcf70507b708c346a2fe1,10bd6134d1956b59ae9f946801ced612b270f924,a15ec6ff235901b1692c7cf9dbd2346970be0864d8b509cdf162d5443047cac2
main__static_clutter__MAPPO__seed3__ep02,main_comparison,static_clutter,0,MAPPO,3,2,30002,30002090008,,4,0,1800,0.1,ON,1,0.05,0.15,N/A,N/A,N/A,N/A,4,1,0,0,0,0,0,0,0,N/A,42.109707,45.92225,168.438826,2.1722,17.398556,21.3627,0.8144,0.721219,1.04522,1,0.635491,N/A,488,1834,0.26608505997819,0.121685,1.013985,0.540167,,269,,0.7165,1.6343,1.4383,36.4205,0.952381,719530eb98e793eb5a65cd49772fe7dffecf6aae016fcf70507b708c346a2fe1,10bd6134d1956b59ae9f946801ced612b270f924,a15ec6ff235901b1692c7cf9dbd2346970be0864d8b509cdf162d5443047cac2
main__static_clutter__MAPPO__seed3__ep03,main_comparison,static_clutter,0,MAPPO,3,3,30003,30003090012,,4,0,1800,0.1,ON,1,0.05,0.15,N/A,N/A,N/A,N/A,4,1,0,0,0,0,0,0,0,N/A,41.632233,45.842934,166.528932,2.474117,17.678076,21.3627,0.8275,0.73122,1.021603,2,0.611197,N/A,476,1859,0.256051640667025,0.119116,0.984015,0.519517,,272,,0.9022,1.579,1.2757,34.4363,0.952381,719530eb98e793eb5a65cd49772fe7dffecf6aae016fcf70507b708c346a2fe1,10bd6134d1956b59ae9f946801ced612b270f924,a15ec6ff235901b1692c7cf9dbd2346970be0864d8b509cdf162d5443047cac2
main__static_clutter__MAPPO__seed3__ep04,main_comparison,static_clutter,0,MAPPO,3,4,30004,30004090016,,4,0,1800,0.1,ON,1,0.05,0.15,N/A,N/A,N/A,N/A,4,1,0,0,0,0,0,0,0,N/A,41.798934,45.776156,167.195736,2.561832,17.803552,21.4877,0.8285,0.726114,1.164564,0,0.656795,N/A,416,1618,0.257107540173053,0.13925,1.013985,0.558276,,212,,0.858,1.792,1.3794,34.4932,0.952381,719530eb98e793eb5a65cd49772fe7dffecf6aae016fcf70507b708c346a2fe1,10bd6134d1956b59ae9f946801ced612b270f924,a15ec6ff235901b1692c7cf9dbd2346970be0864d8b509cdf162d5443047cac2
main__static_clutter__MAPPO__seed3__ep05,main_comparison,static_clutter,0,MAPPO,3,5,30005,30005090020,,4,0,1800,0.1,ON,1,0.05,0.15,N/A,N/A,N/A,N/A,4,1,0,0,0,0,0,0,0,N/A,41.686476,45.1734,166.745902,2.963453,17.667195,21.2377,0.8319,0.714827,0.934726,0,0.633858,N/A,478,1818,0.262926292629263,0.105553,0.984015,0.53878,,217,,0.9301,1.3339,1.4624,33.0932,0.952381,719530eb98e793eb5a65cd49772fe7dffecf6aae016fcf70507b708c346a2fe1,10bd6134d1956b59ae9f946801ced612b270f924,a15ec6ff235901b1692c7cf9dbd2346970be0864d8b509cdf162d5443047cac2
main__static_clutter__MAPPO__seed3__ep06,main_comparison,static_clutter,0,MAPPO,3,6,30006,30006090024,,4,0,1800,0.1,ON,1,0.05,0.15,N/A,N/A,N/A,N/A,4,1,0,0,0,0,0,0,0,N/A,42.819157,45.663261,171.276628,2.024959,17.502396,21.3002,0.8217,0.745069,0.967441,1,0.642876,N/A,512,1819,0.281473336998351,0.11055,1.013985,0.546444,,261,,0.7157,1.4645,1.4428,33.9147,0.952381,719530eb98e793eb5a65cd49772fe7dffecf6aae016fcf70507b708c346a2fe1,10bd6134d1956b59ae9f946801ced612b270f924,a15ec6ff235901b1692c7cf9dbd2346970be0864d8b509cdf162d5443047cac2
main__static_clutter__MAPPO__seed3__ep07,main_comparison,static_clutter,0,MAPPO,3,7,30007,30007090028,,4,0,1800,0.1,ON,1,0.05,0.15,N/A,N/A,N/A,N/A,4,1,0,0,0,0,0,0,0,N/A,39.009516,48.063043,156.038065,3.012743,17.995613,21.3627,0.8424,0.729483,0.997742,1,0.604694,N/A,539,2053,0.262542620555285,0.114998,0.984015,0.51399,,271,,0.8322,1.8705,1.3263,33.7618,0.952381,719530eb98e793eb5a65cd49772fe7dffecf6aae016fcf70507b708c346a2fe1,10bd6134d1956b59ae9f946801ced612b270f924,a15ec6ff235901b1692c7cf9dbd2346970be0864d8b509cdf162d5443047cac2
main__static_clutter__MAPPO__seed3__ep08,main_comparison,static_clutter,0,MAPPO,3,8,30008,30008090032,,4,0,1800,0.1,ON,1,0.05,0.15,N/A,N/A,N/A,N/A,4,1,0,0,0,0,0,0,0,N/A,38.168494,45.488687,152.673977,2.914026,17.226215,21.0502,0.8183,0.738443,0.985991,0,0.63556,N/A,485,1841,0.263443780554047,0.139339,1.013985,0.540226,,178,,0.8663,1.6951,1.4153,35.7824,0.952381,719530eb98e793eb5a65cd49772fe7dffecf6aae016fcf70507b708c346a2fe1,10bd6134d1956b59ae9f946801ced612b270f924,a15ec6ff235901b1692c7cf9dbd2346970be0864d8b509cdf162d5443047cac2
main__static_clutter__MAPPO__seed3__ep09,main_comparison,static_clutter,0,MAPPO,3,9,30009,30009090036,,4,0,1800,0.1,ON,1,0.05,0.15,N/A,N/A,N/A,N/A,4,1,0,0,0,0,0,0,0,N/A,42.745526,46.050628,170.982105,2.819336,17.278741,21.1752,0.816,0.735836,0.965868,0,0.630755,N/A,421,1660,0.253614457831325,0.128674,0.984015,0.536142,,200,,0.8214,1.4456,1.1381,37.0238,0.952381,719530eb98e793eb5a65cd49772fe7dffecf6aae016fcf70507b708c346a2fe1,10bd6134d1956b59ae9f946801ced612b270f924,a15ec6ff235901b1692c7cf9dbd2346970be0864d8b509cdf162d5443047cac2
main__static_clutter__MAPPO__seed4__ep00,main_comparison,static_clutter,0,MAPPO,4,0,40000,40000120000,,4,0,1800,0.1,ON,1,0.05,0.15,N/A,N/A,N/A,N/A,4,1,0,0,0,0,0,0,0,N/A,42.495833,47.570052,169.98333,0.779476,16.965458,21.2377,0.7988,0.711501,0.883662,1,0.616224,N/A,338,1093,0.309240622140897,0.111292,1.013985,0.52379,,296,,0.7822,1.3929,1.2685,43.5927,0.952381,840482c27686e25edc4533601879d72af9f5e2173bf0e8e5130a49ebff58043b,10bd6134d1956b59ae9f946801ced612b270f924,a15ec6ff235901b1692c7cf9dbd2346970be0864d8b509cdf162d5443047cac2
main__static_clutter__MAPPO__seed4__ep01,main_comparison,static_clutter,0,MAPPO,4,1,40001,40001120004,,4,0,1800,0.1,ON,1,0.05,0.15,N/A,N/A,N/A,N/A,4,1,0,0,0,0,0,0,0,N/A,40.337605,47.52805,161.350421,0.680981,17.118308,21.2377,0.806,0.719408,1.04091,0,0.592369,N/A,297,948,0.313291139240506,0.109382,0.984015,0.503514,,235,,0.8231,1.4813,1.1636,43.3335,0.952381,840482c27686e25edc4533601879d72af9f5e2173bf0e8e5130a49ebff58043b,10bd6134d1956b59ae9f946801ced612b270f924,a15ec6ff235901b1692c7cf9dbd2346970be0864d8b509cdf162d5443047cac2
main__static_clutter__MAPPO__seed4__ep02,main_comparison,static_clutter,0,MAPPO,4,2,40002,40002120008,,4,0,1800,0.1,ON,1,0.05,0.15,N/A,N/A,N/A,N/A,4,1,0,0,0,0,0,0,0,N/A,40.500628,47.864526,162.002512,0.792303,17.175415,21.4252,0.8016,0.751101,0.86411,0,0.594351,N/A,312,965,0.323316062176166,0.140621,1.013985,0.505199,,295,,0.8167,1.6605,1.3944,47.0183,0.952381,840482c27686e25edc4533601879d72af9f5e2173bf0e8e5130a49ebff58043b,10bd6134d1956b59ae9f946801ced612b270f924,a15ec6ff235901b1692c7cf9dbd2346970be0864d8b509cdf162d5443047cac2
main__static_clutter__MAPPO__seed4__ep03,main_comparison,static_clutter,0,MAPPO,4,3,40003,40003120012,,4,0,1800,0.1,ON,1,0.05,0.15,N/A,N/A,N/A,N/A,4,1,0,0,0,0,0,0,0,N/A,40.688199,46.310193,162.752797,0.769395,17.334671,21.1127,0.8211,0.758429,1.023262,1,0.613658,N/A,283,933,0.303322615219721,0.123572,0.984015,0.521609,,265,,0.9309,1.5389,1.1763,43.8075,0.952381,840482c27686e25edc4533601879d72af9f5e2173bf0e8e5130a49ebff58043b,10bd6134d1956b59ae9f946801ced612b270f924,a15ec6ff235901b1692c7cf9dbd2346970be0864d8b509cdf162d5443047cac2
main__static_clutter__MAPPO__seed4__ep04,main_comparison,static_clutter,0,MAPPO,4,4,40004,40004120016,,4,0,1800,0.1,ON,1,0.05,0.15,N/A,N/A,N/A,N/A,4,1,0,0,0,0,0,0,0,N/A,43.532838,45.145971,174.131351,0.690052,16.473942,21.2377,0.7757,0.749707,0.914336,1,0.614343,N/A,330,1099,0.300272975432211,0.119872,1.013985,0.522192,,237,,0.8893,1.8283,1.3911,44.4933,0.952381,840482c27686e25edc4533601879d72af9f5e2173bf0e8e5130a49ebff58043b,10bd6134d1956b59ae9f946801ced612b270f924,a15ec6ff235901b1692c7cf9dbd2346970be0864d8b509cdf162d5443047cac2
main__static_clutter__MAPPO__seed4__ep05,main_comparison,static_clutter,0,MAPPO,4,5,40005,40005120020,,4,0,1800,0.1,ON,1,0.05,0.15,N/A,N/A,N/A,N/A,4,1,0,0,0,0,0,0,0,N/A,45.757021,45.995807,183.028086,0.711194,16.975219,21.1752,0.8017,0.736374,0.925626,2,0.608644,N/A,263,858,0.306526806526806,0.116104,0.984015,0.517347,,253,,0.7663,1.31,1.2225,42.0092,0.952381,840482c27686e25edc4533601879d72af9f5e2173bf0e8e5130a49ebff58043b,10bd6134d1956b59ae9f946801ced612b270f924,a15ec6ff235901b1692c7cf9dbd2346970be0864d8b509cdf162d5443047cac2
main__static_clutter__MAPPO__seed4__ep06,main_comparison,static_clutter,0,MAPPO,4,6,40006,40006120024,,4,0,1800,0.1,ON,1,0.05,0.15,N/A,N/A,N/A,N/A,4,1,0,0,0,0,0,0,0,N/A,42.205564,47.564642,168.822257,0.676368,17.775488,21.3002,0.8345,0.743679,0.891719,2,0.581492,N/A,260,886,0.293453724604966,0.105542,1.013985,0.494268,,250,,0.8235,1.3893,1.361,41.6389,0.952381,840482c27686e25edc4533601879d72af9f5e2173bf0e8e5130a49ebff58043b,10bd6134d1956b59ae9f946801ced612b270f924,a15ec6ff235901b1692c7cf9dbd2346970be0864d8b509cdf162d5443047cac2
main__static_clutter__MAPPO__seed4__ep07,main_comparison,static_clutter,0,MAPPO,4,7,40007,40007120028,,4,0,1800,0.1,ON,1,0.05,0.15,N/A,N/A,N/A,N/A,4,1,0,0,0,0,0,0,0,N/A,43.349355,46.028654,173.397419,0.695831,17.283962,21.1752,0.8162,0.737574,0.945941,2,0.607912,N/A,260,804,0.323383084577115,0.099279,0.984015,0.516725,,242,,0.7747,1.699,1.418,43.9935,0.952381,840482c27686e25edc4533601879d72af9f5e2173bf0e8e5130a49ebff58043b,10bd6134d1956b59ae9f946801ced612b270f924,a15ec6ff235901b1692c7cf9dbd2346970be0864d8b509cdf162d5443047cac2
main__static_clutter__MAPPO__seed4__ep08,main_comparison,static_clutter,0,MAPPO,4,8,40008,40008120032,,4,0,1800,0.1,ON,1,0.05,0.15,N/A,N/A,N/A,N/A,4,1,0,0,0,0,0,0,0,N/A,44.118655,47.205943,176.474622,0.676396,16.857756,21.3627,0.7891,0.753945,0.891978,1,0.630824,N/A,338,1068,0.316479400749064,0.121683,1.013985,0.5362,,263,,0.7759,1.577,1.3734,41.3214,0.952381,840482c27686e25edc4533601879d72af9f5e2173bf0e8e5130a49ebff58043b,10bd6134d1956b59ae9f946801ced612b270f924,a15ec6ff235901b1692c7cf9dbd2346970be0864d8b509cdf162d5443047cac2
main__static_clutter__MAPPO__seed4__ep09,main_comparison,static_clutter,0,MAPPO,4,9,40009,40009120036,,4,0,1800,0.1,ON,1,0.05,0.15,N/A,N/A,N/A,N/A,4,1,0,0,0,0,0,0,0,N/A,41.908273,48.454672,167.633093,0.797512,17.461317,21.3627,0.8174,0.724161,0.965503,1,0.632445,N/A,253,771,0.328145265888456,0.115855,0.984015,0.537578,,264,,0.8868,1.8849,1.1898,39.618,0.952381,840482c27686e25edc4533601879d72af9f5e2173bf0e8e5130a49ebff58043b,10bd6134d1956b59ae9f946801ced612b270f924,a15ec6ff235901b1692c7cf9dbd2346970be0864d8b509cdf162d5443047cac2
main__static_clutter__MAPPO__seed5__ep00,main_comparison,static_clutter,0,MAPPO,5,0,50000,50000150000,,4,0,1800,0.1,ON,1,0.05,0.15,N/A,N/A,N/A,N/A,4,1,0,0,0,0,0,0,0,N/A,36.102638,50.917147,144.410552,4.033536,17.303161,21.2377,0.8147,0.708686,0.982696,3,0.665024,N/A,441,1479,0.298174442190669,0.131097,1.013985,0.565271,,300,,0.7115,1.8585,1.2275,38.2007,0.952381,a3c26d6f95db7d9cd8142bb14d4501f05c5894c92a3ea977c6fa12033aa48b39,10bd6134d1956b59ae9f946801ced612b270f924,a15ec6ff235901b1692c7cf9dbd2346970be0864d8b509cdf162d5443047cac2
main__static_clutter__MAPPO__seed5__ep01,main_comparison,static_clutter,0,MAPPO,5,1,50001,50001150004,,4,0,1800,0.1,ON,1,0.05,0.15,N/A,N/A,N/A,N/A,4,1,0,0,0,0,0,0,0,N/A,35.632231,47.695468,142.528926,3.79873,17.370734,21.1752,0.8203,0.707411,1.005588,3,0.611876,N/A,387,1363,0.283932501834189,0.122899,0.984015,0.520094,,199,,0.8876,1.6194,1.1213,35.6641,0.952381,a3c26d6f95db7d9cd8142bb14d4501f05c5894c92a3ea977c6fa12033aa48b39,10bd6134d1956b59ae9f946801ced612b270f924,a15ec6ff235901b1692c7cf9dbd2346970be0864d8b509cdf162d5443047cac2
main__static_clutter__MAPPO__seed5__ep02,main_comparison,static_clutter,0,MAPPO,5,2,50002,50002150008,,4,0,1800,0.1,ON,1,0.05,0.15,N/A,N/A,N/A,N/A,4,1,0,0,0,0,0,0,0,N/A,36.944264,47.078943,147.777054,4.216274,17.728652,21.1752,0.8372,0.705211,1.200049,0,0.661105,N/A,447,1537,0.290826284970722,0.121679,1.013985,0.561939,,251,,0.9761,1.6715,1.1421,36.7592,0.952381,a3c26d6f95db7d9cd8142bb14d4501f05c5894c92a3ea977c6fa12033aa48b39,10bd6134d1956b59ae9f946801ced612b270f924,a15ec6ff235901b1692c7cf9dbd2346970be0864d8b509cdf162d5443047cac2
main__static_clutter__MAPPO__seed5__ep03,main_comparison,static_clutter,0,MAPPO,5,3,50003,50003150012,,4,0,1800,0.1,ON,1,0.05,0.15,N/A,N/A,N/A,N/A,4,1,0,0,0,0,0,0,0,N/A,36.393586,49.286014,145.574343,3.734024,17.776461,21.3002,0.8346,0.709195,1.020163,1,0.667094,N/A,412,1399,0.294496068620443,0.145611,0.984015,0.56703,,272,,0.8987,1.5599,1.4966,35.5285,0.952381,a3c26d6f95db7d9cd8142bb14d4501f05c5894c92a3ea977c6fa12033aa48b39,10bd6134d1956b59ae9f946801ced612b270f924,a15ec6ff235901b1692c7cf9dbd2346970be0864d8b509cdf162d5443047cac2
main__static_clutter__MAPPO__seed5__ep04,main_comparison,static_clutter,0,MAPPO,5,4,50004,50004150016,,4,0,1800,0.1,ON,1,0.05,0.15,N/A,N/A,N/A,N/A,4,1,0,0,0,0,0,0,0,N/A,34.48832,48.592909,137.953278,4.169647,17.060001,21.1127,0.808,0.709466,1.156106,3,0.648971,N/A,400,1489,0.268636668905306,0.10294,1.013985,0.551625,,306,,1.0717,1.895,1.3696,37.1679,0.952381,a3c26d6f95db7d9cd8142bb14d4501f05c5894c92a3ea977c6fa12033aa48b39,10bd6134d1956b59ae9f946801ced612b270f924,a15ec6ff235901b1692c7cf9dbd2346970be0864d8b509cdf162d5443047cac2
main__static_clutter__MAPPO__seed5__ep05,main_comparison,static_clutter,0,MAPPO,5,5,50005,50005150020,,4,0,1800,0.1,ON,1,0.05,0.15,N/A,N/A,N/A,N/A,4,1,0,0,0,0,0,0,0,N/A,34.108307,51.038787,136.433229,5.410559,17.266643,21.1127,0.8178,0.731404,0.968804,1,0.665959,N/A,328,1138,0.288224956063269,0.141873,0.984015,0.566065,,310,,1.0878,1.4672,1.2547,38.5058,0.952381,a3c26d6f95db7d9cd8142bb14d4501f05c5894c92a3ea977c6fa12033aa48b39,10bd6134d1956b59ae9f946801ced612b270f924,a15ec6ff235901b1692c7cf9dbd2346970be0864d8b509cdf162d5443047cac2
main__static_clutter__MAPPO__seed5__ep06,main_comparison,static_clutter,0,MAPPO,5,6,50006,50006150024,,4,0,1800,0.1,ON,1,0.05,0.15,N/A,N/A,N/A,N/A,4,1,0,0,0,0,0,0,0,N/A,36.439271,50.719485,145.757083,3.886947,17.477236,21.3002,0.8205,0.727558,1.145435,1,0.652938,N/A,332,1108,0.299638989169675,0.122603,1.013985,0.554998,,335,,0.9833,1.4227,1.3731,36.8622,0.952381,a3c26d6f95db7d9cd8142bb14d4501f05c5894c92a3ea977c6fa12033aa48b39,10bd6134d1956b59ae9f946801ced612b270f924,a15ec6ff235901b1692c7cf9dbd2346970be0864d8b509cdf162d5443047cac2
main__static_clutter__MAPPO__seed5__ep07,main_comparison,static_clutter,0,MAPPO,5,7,50007,50007150028,,4,0,1800,0.1,ON,1,0.05,0.15,N/A,N/A,N/A,N/A,4,1,0,0,0,0,0,0,0,N/A,37.295215,46.431307,149.180861,3.818937,18.197785,21.1127,0.8619,0.698954,1.003344,1,0.617692,N/A,356,1238,0.287560581583199,0.128044,0.984015,0.525039,,278,,0.9253,1.8056,1.336,32.8979,0.952381,a3c26d6f95db7d9cd8142bb14d4501f05c5894c92a3ea977c6fa12033aa48b39,10bd6134d1956b59ae9f946801ced612b270f924,a15ec6ff235901b1692c7cf9dbd2346970be0864d8b509cdf162d5443047cac2
main__static_clutter__MAPPO__seed5__ep08,main_comparison,static_clutter,0,MAPPO,5,8,50008,50008150032,,4,0,1800,0.1,ON,1,0.05,0.15,N/A,N/A,N/A,N/A,4,1,0,0,0,0,0,0,0,N/A,36.837744,50.038022,147.350975,2.575575,17.509941,21.3002,0.8221,0.707245,0.972204,2,0.663415,N/A,416,1399,0.297355253752681,0.126319,1.013985,0.563903,,284,,1.0506,1.899,1.3053,40.4093,0.952381,a3c26d6f95db7d9cd8142bb14d4501f05c5894c92a3ea977c6fa12033aa48b39,10bd6134d1956b59ae9f946801ced612b270f924,a15ec6ff235901b1692c7cf9dbd2346970be0864d8b509cdf162d5443047cac2
main__static_clutter__MAPPO__seed5__ep09,main_comparison,static_clutter,0,MAPPO,5,9,50009,50009150036,,4,0,1800,0.1,ON,1,0.05,0.15,N/A,N/A,N/A,N/A,4,1,0,0,0,0,0,0,0,N/A,34.523257,49.181618,138.09303,3.605214,17.152119,21.1752,0.81,0.710849,1.096746,3,0.684768,N/A,323,1185,0.272573839662447,0.131151,0.984015,0.582052,,276,,1.0652,1.3948,1.2009,34.8822,0.952381,a3c26d6f95db7d9cd8142bb14d4501f05c5894c92a3ea977c6fa12033aa48b39,10bd6134d1956b59ae9f946801ced612b270f924,a15ec6ff235901b1692c7cf9dbd2346970be0864d8b509cdf162d5443047cac2
main__static_clutter__MAPPO__seed6__ep00,main_comparison,static_clutter,0,MAPPO,6,0,60000,60000180000,,4,0,1800,0.1,ON,1,0.05,0.15,N/A,N/A,N/A,N/A,4,1,0,0,0,0,0,0,0,N/A,37.489569,37.687017,149.958275,1.664705,17.834628,21.1752,0.8422,0.740892,0.988638,3,0.724699,N/A,369,1268,0.291009463722397,0.130233,1.013985,0.615994,,227,,1.0896,1.4032,1.2427,44.9672,0.952381,4ef9ed257bf9b92f926da310e13a03f687b3473a94b0db93bf5c23291c5be255,10bd6134d1956b59ae9f946801ced612b270f924,a15ec6ff235901b1692c7cf9dbd2346970be0864d8b509cdf162d5443047cac2
main__static_clutter__MAPPO__seed6__ep01,main_comparison,static_clutter,0,MAPPO,6,1,60001,60001180004,,4,0,1800,0.1,ON,1,0.05,0.15,N/A,N/A,N/A,N/A,4,1,0,0,0,0,0,0,0,N/A,35.825332,36.991543,143.301327,1.42038,17.78208,21.1127,0.8422,0.739152,1.021912,4,0.6876,N/A,307,1074,0.28584729981378,0.123706,0.984015,0.58446,,218,,1.0282,1.4259,1.4616,43.3377,0.952381,4ef9ed257bf9b92f926da310e13a03f687b3473a94b0db93bf5c23291c5be255,10bd6134d1956b59ae9f946801ced612b270f924,a15ec6ff235901b1692c7cf9dbd2346970be0864d8b509cdf162d5443047cac2
main__static_clutter__MAPPO__seed6__ep02,main_comparison,static_clutter,0,MAPPO,6,2,60002,60002180008,,4,0,1800,0.1,ON,1,0.05,0.15,N/A,N/A,N/A,N/A,4,1,0,0,0,0,0,0,0,N/A,35.551297,36.442935,142.205188,1.18983,18.07561,21.2377,0.8511,0.726213,1.067678,3,0.673105,N/A,342,1208,0.283112582781457,0.153445,1.013985,0.572139,,248,,0.7692,1.6676,1.1147,47.9389,0.952381,4ef9ed257bf9b92f926da310e13a03f687b3473a94b0db93bf5c23291c5be255,10bd6134d1956b59ae9f946801ced612b270f924,a15ec6ff235901b1692c7cf9dbd2346970be0864d8b509cdf162d5443047cac2
main__static_clutter__MAPPO__seed6__ep03,main_comparison,static_clutter,0,MAPPO,6,3,60003,60003180012,,4,0,1800,0.1,ON,1,0.05,0.15,N/A,N/A,N/A,N/A,4,1,0,0,0,0,0,0,0,N/A,33.803306,35.515391,135.213225,1.076711,17.06491,21.3002,0.8012,0.704871,0.94528,5,0.704769,N/A,400,1519,0.263331138907176,0.128878,0.984015,0.599054,,226,,0.8769,1.5641,1.3196,42.6871,0.952381,4ef9ed257bf9b92f926da310e13a03f687b3473a94b0db93bf5c23291c5be255,10bd6134d1956b59ae9f946801ced612b270f924,a15ec6ff235901b1692c7cf9dbd2346970be0864d8b509cdf162d5443047cac2
main__static_clutter__MAPPO__seed6__ep04,main_comparison,static_clutter,0,MAPPO,6,4,60004,60004180016,,4,0,1800,0.1,ON,1,0.05,0.15,N/A,N/A,N/A,N/A,4,1,0,0,0,0,0,0,0,N/A,34.562602,36.271365,138.250408,1.028796,17.413291,21.1127,0.8248,0.696818,1.019334,3,0.71406,N/A,408,1448,0.281767955801105,0.123082,1.013985,0.606951,,214,,0.8563,1.3128,1.4864,41.2646,0.952381,4ef9ed257bf9b92f926da310e13a03f687b3473a94b0db93bf5c23291c5be255,10bd6134d1956b59ae9f946801ced612b270f924,a15ec6ff235901b1692c7cf9dbd2346970be0864d8b509cdf162d5443047cac2
main__static_clutter__MAPPO__seed6__ep05,main_comparison,static_clutter,0,MAPPO,6,5,60005,60005180020,,4,0,1800,0.1,ON,1,0.05,0.15,N/A,N/A,N/A,N/A,4,1,0,0,0,0,0,0,0,N/A,35.221946,35.418056,140.887784,1.451051,17.820411,21.2377,0.8391,0.722673,1.070776,2,0.686467,N/A,388,1324,0.293051359516616,0.135799,0.984015,0.583497,,238,,1.0024,1.455,1.1479,42.9668,0.952381,4ef9ed257bf9b92f926da310e13a03f687b3473a94b0db93bf5c23291c5be255,10bd6134d1956b59ae9f946801ced612b270f924,a15ec6ff235901b1692c7cf9dbd2346970be0864d8b509cdf162d5443047cac2
main__static_clutter__MAPPO__seed6__ep06,main_comparison,static_clutter,0,MAPPO,6,6,60006,60006180024,,4,0,1800,0.1,ON,1,0.05,0.15,N/A,N/A,N/A,N/A,4,1,0,0,0,0,0,0,0,N/A,37.735139,37.933814,150.940555,1.258977,17.587397,21.1752,0.8306,0.705665,1.057001,1,0.694135,N/A,375,1278,0.293427230046948,0.127181,1.013985,0.590015,,255,,0.9948,1.5769,1.4277,45.5051,0.952381,4ef9ed257bf9b92f926da310e13a03f687b3473a94b0db93bf5c23291c5be255,10bd6134d1956b59ae9f946801ced612b270f924,a15ec6ff235901b1692c7cf9dbd2346970be0864d8b509cdf162d5443047cac2
main__static_clutter__MAPPO__seed6__ep07,main_comparison,static_clutter,0,MAPPO,6,7,60007,60007180028,,4,0,1800,0.1,ON,1,0.05,0.15,N/A,N/A,N/A,N/A,4,1,0,0,0,0,0,0,0,N/A,35.492946,36.353155,141.971782,1.289695,17.89189,21.3002,0.84,0.716096,1.013244,6,0.736892,N/A,402,1341,0.299776286353467,0.130038,0.984015,0.626358,,225,,0.9835,1.399,1.4545,41.5443,0.952381,4ef9ed257bf9b92f926da310e13a03f687b3473a94b0db93bf5c23291c5be255,10bd6134d1956b59ae9f946801ced612b270f924,a15ec6ff235901b1692c7cf9dbd2346970be0864d8b509cdf162d5443047cac2
main__static_clutter__MAPPO__seed6__ep08,main_comparison,static_clutter,0,MAPPO,6,8,60008,60008180032,,4,0,1800,0.1,ON,1,0.05,0.15,N/A,N/A,N/A,N/A,4,1,0,0,0,0,0,0,0,N/A,39.350207,39.556958,157.400828,0.859841,17.779815,21.3002,0.8347,0.731424,1.081567,3,0.718749,N/A,334,1127,0.296362023070098,0.130912,1.013985,0.610937,,231,,0.9741,1.8856,1.1859,44.3434,0.952381,4ef9ed257bf9b92f926da310e13a03f687b3473a94b0db93bf5c23291c5be255,10bd6134d1956b59ae9f946801ced612b270f924,a15ec6ff235901b1692c7cf9dbd2346970be0864d8b509cdf162d5443047cac2
main__static_clutter__MAPPO__seed6__ep09,main_comparison,static_clutter,0,MAPPO,6,9,60009,60009180036,,4,0,1800,0.1,ON,1,0.05,0.15,N/A,N/A,N/A,N/A,4,1,0,0,0,0,0,0,0,N/A,36.004923,36.194948,144.019692,1.120458,17.231471,21.1127,0.8162,0.734374,1.023182,2,0.707729,N/A,389,1325,0.293584905660377,0.121233,0.984015,0.60157,,215,,0.85,1.7702,1.4382,44.7839,0.952381,4ef9ed257bf9b92f926da310e13a03f687b3473a94b0db93bf5c23291c5be255,10bd6134d1956b59ae9f946801ced612b270f924,a15ec6ff235901b1692c7cf9dbd2346970be0864d8b509cdf162d5443047cac2
main__static_clutter__MAPPO__seed7__ep00,main_comparison,static_clutter,0,MAPPO,7,0,70000,70000210000,,4,0,1800,0.1,ON,1,0.05,0.15,N/A,N/A,N/A,N/A,4,1,0,0,0,0,0,0,0,N/A,37.651044,37.849299,150.604174,3.224237,17.629104,21.3627,0.8252,0.709438,0.961642,1,0.67469,N/A,434,1854,0.234088457389428,0.139794,1.013985,0.573487,,268,,1.0907,1.7915,1.2042,37.5226,0.952381,299d06ba45073c5edd950efbcf8b612a5df29b4d69460f2285caf150fe46db37,10bd6134d1956b59ae9f946801ced612b270f924,a15ec6ff235901b1692c7cf9dbd2346970be0864d8b509cdf162d5443047cac2
main__static_clutter__MAPPO__seed7__ep01,main_comparison,static_clutter,0,MAPPO,7,1,70001,70001210004,,4,0,1800,0.1,ON,1,0.05,0.15,N/A,N/A,N/A,N/A,4,1,0,0,0,0,0,0,0,N/A,33.825923,36.312439,135.303693,4.29304,17.640324,21.1127,0.8355,0.724418,1.086503,6,0.65993,N/A,370,1510,0.245033112582781,0.134148,0.984015,0.56094,,194,,0.7918,1.7971,1.4847,36.7906,0.952381,299d06ba45073c5edd950efbcf8b612a5df29b4d69460f2285caf150fe46db37,10bd6134d1956b59ae9f946801ced612b270f924,a15ec6ff235901b1692c7cf9dbd2346970be0864d8b509cdf162d5443047cac2
main__static_clutter__MAPPO__seed7__ep02,main_comparison,static_clutter,0,MAPPO,7,2,70002,70002210008,,4,0,1800,0.1,ON,1,0.05,0.15,N/A,N/A,N/A,N/A,4,1,0,0,0,0,0,0,0,N/A,36.943172,37.137888,147.772689,4.561913,18.221666,21.1752,0.8605,0.705993,1.077971,5,0.619781,N/A,435,1965,0.221374045801527,0.158335,1.013985,0.526814,,259,,1.0388,1.7393,1.1719,37.0838,0.952381,299d06ba45073c5edd950efbcf8b612a5df29b4d69460f2285caf150fe46db37,10bd6134d1956b59ae9f946801ced612b270f924,a15ec6ff235901b1692c7cf9dbd2346970be0864d8b509cdf162d5443047cac2
main__static_clutter__MAPPO__seed7__ep03,main_comparison,static_clutter,0,MAPPO,7,3,70003,70003210012,,4,0,1800,0.1,ON,1,0.05,0.15,N/A,N/A,N/A,N/A,4,1,0,0,0,0,0,0,0,N/A,34.492837,35.041811,137.971348,2.770035,17.57695,21.2377,0.8276,0.703028,0.897002,3,0.669923,N/A,459,2092,0.219407265774379,0.133401,0.984015,0.569434,,251,,0.9082,1.5337,1.4634,38.9467,0.952381,299d06ba45073c5edd950efbcf8b612a5df29b4d69460f2285caf150fe46db37,10bd6134d1956b59ae9f946801ced612b270f924,a15ec6ff235901b1692c7cf9dbd2346970be0864d8b509cdf162d5443047cac2
main__static_clutter__MAPPO__seed7__ep04,main_comparison,static_clutter,0,MAPPO,7,4,70004,70004210016,,4,0,1800,0.1,ON,1,0.05,0.15,N/A,N/A,N/A,N/A,4,1,0,0,0,0,0,0,0,N/A,35.794902,36.604594,143.17961,4.289086,18.10787,21.3627,0.8476,0.704343,0.98314,2,0.68474,N/A,428,1855,0.230727762803235,0.150669,1.013985,0.582029,,256,,0.8394,1.4023,1.1793,36.906,0.952381,299d06ba45073c5edd950efbcf8b612a5df29b4d69460f2285caf150fe46db37,10bd6134d1956b59ae9f946801ced612b270f924,a15ec6ff235901b1692c7cf9dbd2346970be0864d8b509cdf162d5443047cac2
main__static_clutter__MAPPO__seed7__ep05,main_comparison,static_clutter,0,MAPPO,7,5,70005,70005210020,,4,0,1800,0.1,ON,1,0.05,0.15,N/A,N/A,N/A,N/A,4,1,0,0,0,0,0,0,0,N/A,31.135069,33.505495,124.540276,4.172083,17.317814,21.1127,0.8203,0.71237,0.895899,1,0.624402,N/A,554,2434,0.227608874281019,0.167199,0.984015,0.530741,,273,,0.8069,1.5275,1.2772,38.9694,0.952381,299d06ba45073c5edd950efbcf8b612a5df29b4d69460f2285caf150fe46db37,10bd6134d1956b59ae9f946801ced612b270f924,a15ec6ff235901b1692c7cf9dbd2346970be0864d8b509cdf162d5443047cac2
main__static_clutter__MAPPO__seed7__ep06,main_comparison,static_clutter,0,MAPPO,7,6,70006,70006210024,,4,0,1800,0.1,ON,1,0.05,0.15,N/A,N/A,N/A,N/A,4,1,0,0,0,0,0,0,0,N/A,35.439726,35.626925,141.758904,3.464676,17.608965,21.3002,0.8267,0.712122,0.893026,4,0.658003,N/A,303,1335,0.226966292134831,0.136796,1.013985,0.559302,,323,,0.8499,1.3423,1.2433,37.5038,0.952381,299d06ba45073c5edd950efbcf8b612a5df29b4d69460f2285caf150fe46db37,10bd6134d1956b59ae9f946801ced612b270f924,a15ec6ff235901b1692c7cf9dbd2346970be0864d8b509cdf162d5443047cac2
main__static_clutter__MAPPO__seed7__ep07,main_comparison,static_clutter,0,MAPPO,7,7,70007,70007210028,,4,0,1800,0.1,ON,1,0.05,0.15,N/A,N/A,N/A,N/A,4,1,0,0,0,0,0,0,0,N/A,32.22288,34.983468,128.89152,3.598627,17.306729,21.3627,0.8101,0.723908,1.118615,5,0.646228,N/A,419,1885,0.222281167108753,0.144764,0.984015,0.549293,,160,,0.912,1.4915,1.384,37.2296,0.952381,299d06ba45073c5edd950efbcf8b612a5df29b4d69460f2285caf150fe46db37,10bd6134d1956b59ae9f946801ced612b270f924,a15ec6ff235901b1692c7cf9dbd2346970be0864d8b509cdf162d5443047cac2
main__static_clutter__MAPPO__seed7__ep08,main_comparison,static_clutter,0,MAPPO,7,8,70008,70008210032,,4,0,1800,0.1,ON,1,0.05,0.15,N/A,N/A,N/A,N/A,4,1,0,0,0,0,0,0,0,N/A,37.601723,37.799731,150.406891,4.63784,18.017783,21.0502,0.8559,0.716548,1.004425,4,0.647745,N/A,552,2253,0.245006657789614,0.151967,1.013985,0.550583,,218,,0.8356,1.6298,1.166,39.2769,0.952381,299d06ba45073c5edd950efbcf8b612a5df29b4d69460f2285caf150fe46db37,10bd6134d1956b59ae9f946801ced612b270f924,a15ec6ff235901b1692c7cf9dbd2346970be0864d8b509cdf162d5443047cac2
main__static_clutter__MAPPO__seed7__ep09,main_comparison,static_clutter,0,MAPPO,7,9,70009,70009210036,,4,0,1800,0.1,ON,1,0.05,0.15,N/A,N/A,N/A,N/A,4,1,0,0,0,0,0,0,0,N/A,36.289374,37.812564,145.157494,3.712372,17.496241,21.2377,0.8238,0.712167,1.011932,4,0.668612,N/A,354,1624,0.217980295566503,0.13521,0.984015,0.56832,,232,,0.9238,1.7318,1.3841,36.3363,0.952381,299d06ba45073c5edd950efbcf8b612a5df29b4d69460f2285caf150fe46db37,10bd6134d1956b59ae9f946801ced612b270f924,a15ec6ff235901b1692c7cf9dbd2346970be0864d8b509cdf162d5443047cac2
main__dynamic_pedestrians__MAPPO__seed0__ep00,main_comparison,dynamic_pedestrians,1,MAPPO,0,0,100,100000300,100000397,4,1,1500,0.1,ON,1,0.05,0.15,0,10,0.9,1.1,4,1,0,0,0,0,0,0,0,0,32.383357,36.638896,129.53343,2.888765,13.34724,12.8192,1.0412,0.963844,0.741798,3,0.69499,0.925007,293,1102,0.265880217785844,0.149805,0.879018,0.590742,0.786256,194,129,0.8326,1.5073,1.3301,35.4136,0.952381,ff4a2fa76f06790ca78040ecf4d7df38359d529c0be7e7e0347d0da47c594728,10bd6134d1956b59ae9f946801ced612b270f924,a15ec6ff235901b1692c7cf9dbd2346970be0864d8b509cdf162d5443047cac2
main__dynamic_pedestrians__MAPPO__seed0__ep01,main_comparison,dynamic_pedestrians,1,MAPPO,0,1,101,101000304,101000401,4,1,1500,0.1,ON,1,0.05,0.15,0,10,0.9,1.1,4,1,0,0,0,0,0,0,0,0,30.163672,34.330438,120.654688,2.978358,13.057966,12.8118,1.0192,0.930341,0.680878,4,0.676713,0.821574,333,1211,0.274979355904211,0.139942,0.865507,0.575206,0.698338,174,116,0.7263,1.8316,1.2535,33.4542,0.952381,ff4a2fa76f06790ca78040ecf4d7df38359d529c0be7e7e0347d0da47c594728,10bd6134d1956b59ae9f946801ced612b270f924,a15ec6ff235901b1692c7cf9dbd2346970be0864d8b509cdf162d5443047cac2
main__dynamic_pedestrians__MAPPO__seed0__ep02,main_comparison,dynamic_pedestrians,1,MAPPO,0,2,102,102000308,102000405,4,1,1500,0.1,ON,1,0.05,0.15,0,10,0.9,1.1,4,1,0,0,0,0,0,0,0,0,32.775298,36.864083,131.10119,2.408219,13.453813,12.8112,1.0502,0.950655,0.750521,7,0.70453,0.855568,275,1150,0.239130434782609,0.141364,0.878111,0.598851,0.727233,201,134,0.9309,1.3469,1.1291,33.4804,0.952381,ff4a2fa76f06790ca78040ecf4d7df38359d529c0be7e7e0347d0da47c594728,10bd6134d1956b59ae9f946801ced612b270f924,a15ec6ff235901b1692c7cf9dbd2346970be0864d8b509cdf162d5443047cac2
main__dynamic_pedestrians__MAPPO__seed0__ep03,main_comparison,dynamic_pedestrians,1,MAPPO,0,3,103,103000312,103000409,4,1,1500,0.1,ON,1,0.05,0.15,0,10,0.9,1.1,4,1,0,0,0,0,0,0,0,0,33.39743,35.150086,133.589722,2.414207,13.307673,12.8058,1.0392,0.926017,0.776342,4,0.705357,0.83612,342,1394,0.245337159253946,0.147189,0.81344,0.599554,0.710702,209,139,0.7108,1.4036,1.493,33.4883,0.952381,ff4a2fa76f06790ca78040ecf4d7df38359d529c0be7e7e0347d0da47c594728,10bd6134d1956b59ae9f946801ced612b270f924,a15ec6ff235901b1692c7cf9dbd2346970be0864d8b509cdf162d5443047cac2
main__dynamic_pedestrians__MAPPO__seed0__ep04,main_comparison,dynamic_pedestrians,1,MAPPO,0,4,104,104000316,104000413,4,1,1500,0.1,ON,1,0.05,0.15,0,10,0.9,1.1,4,1,0,0,0,0,0,0,0,0,32.926934,34.727935,131.707737,3.044387,13.495161,12.825,1.0523,0.93071,0.827971,5,0.71848,0.882412,421,1512,0.278439153439153,0.128565,0.866291,0.610708,0.75005,239,159,0.7886,1.7501,1.321,34.5593,0.952381,ff4a2fa76f06790ca78040ecf4d7df38359d529c0be7e7e0347d0da47c594728,10bd6134d1956b59ae9f946801ced612b270f924,a15ec6ff235901b1692c7cf9dbd2346970be0864d8b509cdf162d5443047cac2
main__dynamic_pedestrians__MAPPO__seed0__ep05,main_comparison,dynamic_pedestrians,1,MAPPO,0,5,105,105000320,105000417,4,1,1500,0.1,ON,1,0.05,0.15,0,10,0.9,1.1,4,1,0,0,0,0,0,0,0,0,35.146858,38.455233,140.587431,2.629684,13.301175,12.8106,1.0383,0.924292,0.658341,4,0.687955,0.82844,373,1462,0.255129958960328,0.126463,0.834081,0.584762,0.704174,244,163,0.8909,1.5836,1.3407,33.3336,0.952381,ff4a2fa76f06790ca78040ecf4d7df38359d529c0be7e7e0347d0da47c594728,10bd6134d1956b59ae9f946801ced612b270f924,a15ec6ff235901b1692c7cf9dbd2346970be0864d8b509cdf162d5443047cac2
main__dynamic_pedestrians__MAPPO__seed0__ep06,main_comparison,dynamic_pedestrians,1,MAPPO,0,6,106,106000324,106000421,4,1,1500,0.1,ON,1,0.05,0.15,0,10,0.9,1.1,4,1,0,0,0,0,0,0,0,0,33.082837,33.922852,132.331349,2.924211,13.290855,12.7812,1.0399,0.97309,0.728889,3,0.710011,0.823473,340,1353,0.251293422025129,0.126236,0.852374,0.603509,0.699952,224,150,0.705,1.6522,1.1605,34.4465,0.952381,ff4a2fa76f06790ca78040ecf4d7df38359d529c0be7e7e0347d0da47c594728,10bd6134d1956b59ae9f946801ced612b270f924,a15ec6ff235901b1692c7cf9dbd2346970be0864d8b509cdf162d5443047cac2
main__dynamic_pedestrians__MAPPO__seed0__ep07,main_comparison,dynamic_pedestrians,1,MAPPO,0,7,107,107000328,107000425,4,1,1500,0.1,ON,1,0.05,0.15,0,10,0.9,1.1,4,1,0,0,0,0,0,0,0,0,32.803684,34.182529,131.214735,3.110936,13.413544,12.804,1.0476,0.946143,0.698696,2,0.69824,0.889201,269,1095,0.245662100456621,0.138106,0.867329,0.593504,0.755821,164,110,0.7595,1.5809,1.197,35.9674,0.952381,ff4a2fa76f06790ca78040ecf4d7df38359d529c0be7e7e0347d0da47c594728,10bd6134d1956b59ae9f946801ced612b270f924,a15ec6ff235901b1692c7cf9dbd2346970be0864d8b509cdf162d5443047cac2
main__dynamic_pedestrians__MAPPO__seed0__ep08,main_comparison,dynamic_pedestrians,1,MAPPO,0,8,108,108000332,108000429,4,1,1500,0.1,ON,1,0.05,0.15,0,10,0.9,1.1,4,1,0,0,0,0,0,0,0,0,34.037053,35.877193,136.148213,3.509688,13.477988,12.8087,1.0522,0.953527,0.725168,7,0.725152,0.916342,376,1491,0.252179745137492,0.156243,0.82442,0.616379,0.778891,152,102,0.9993,1.3286,1.3015,35.7687,0.952381,ff4a2fa76f06790ca78040ecf4d7df38359d529c0be7e7e0347d0da47c594728,10bd6134d1956b59ae9f946801ced612b270f924,a15ec6ff235901b1692c7cf9dbd2346970be0864d8b509cdf162d5443047cac2
main__dynamic_pedestrians__MAPPO__seed0__ep09,main_comparison,dynamic_pedestrians,1,MAPPO,0,9,109,109000336,109000433,4,1,1500,0.1,ON,1,0.05,0.15,0,10,0.9,1.1,4,1,0,0,0,0,0,0,0,0,33.575375,34.810409,134.301498,3.752584,13.135093,12.8135,1.0251,0.943672,0.662703,0,0.657124,0.837009,369,1393,0.264895908111988,0.156763,0.839429,0.558555,0.711458,190,126,0.8944,1.6961,1.2477,32.6364,0.952381,ff4a2fa76f06790ca78040ecf4d7df38359d529c0be7e7e0347d0da47c594728,10bd6134d1956b59ae9f946801ced612b270f924,a15ec6ff235901b1692c7cf9dbd2346970be0864d8b509cdf162d5443047cac2
main__dynamic_pedestrians__MAPPO__seed1__ep00,main_comparison,dynamic_pedestrians,1,MAPPO,1,0,10100,10100030300,10100030397,4,1,1500,0.1,ON,1,0.05,0.15,0,10,0.9,1.1,4,1,0,0,0,0,0,0,0,0,28.937964,36.873945,115.751856,1.896481,13.12538,12.8146,1.0243,0.930175,0.957082,2,0.700347,0.862999,341,1221,0.279279279279279,0.146492,0.866797,0.595295,0.733549,188,125,1.097,1.6141,1.2781,33.0567,0.952381,0f00ce21cc6b271e6e5b8f78ff900dbf7ea8424224e5079bbbd35108c07b5b9b,10bd6134d1956b59ae9f946801ced612b270f924,a15ec6ff235901b1692c7cf9dbd2346970be0864d8b509cdf162d5443047cac2
main__dynamic_pedestrians__MAPPO__seed1__ep01,main_comparison,dynamic_pedestrians,1,MAPPO,1,1,10101,10101030304,10101030401,4,1,1500,0.1,ON,1,0.05,0.15,0,10,0.9,1.1,4,1,0,0,0,0,0,0,0,0,31.408911,35.35776,125.635646,1.682175,13.245931,12.8038,1.0345,0.94077,0.862121,1,0.721524,0.840218,348,1264,0.275316455696203,0.14202,0.85724,0.613295,0.714185,146,98,0.781,1.6471,1.3081,34.5536,0.952381,0f00ce21cc6b271e6e5b8f78ff900dbf7ea8424224e5079bbbd35108c07b5b9b,10bd6134d1956b59ae9f946801ced612b270f924,a15ec6ff235901b1692c7cf9dbd2346970be0864d8b509cdf162d5443047cac2
main__dynamic_pedestrians__MAPPO__seed1__ep02,main_comparison,dynamic_pedestrians,1,MAPPO,1,2,10102,10102030308,10102030405,4,1,1500,0.1,ON,1,0.05,0.15,0,10,0.9,1.1,4,1,0,0,0,0,0,0,0,0,32.482099,33.935774,129.928395,1.471023,13.717042,12.802,1.0715,0.976782,0.805326,4,0.719313,0.843557,300,1129,0.265721877767936,0.151161,0.865506,0.611416,0.717024,225,150,0.9777,1.5199,1.4786,38.0146,0.952381,0f00ce21cc6b271e6e5b8f78ff900dbf7ea8424224e5079bbbd35108c07b5b9b,10bd6134d1956b59ae9f946801ced612b270f924,a15ec6ff235901b1692c7cf9dbd2346970be0864d8b509cdf162d5443047cac2
main__dynamic_pedestrians__MAPPO__seed1__ep03,main_comparison,dynamic_pedestrians,1,MAPPO,1,3,10103,10103030312,10103030409,4,1,1500,0.1,ON,1,0.05,0.15,0,10,0.9,1.1,4,1,0,0,0,0,0,0,0,0,34.207235,35.922363,136.82894,1.331561,13.748933,12.8151,1.0729,0.929308,0.881684,4,0.733819,0.820795,277,1104,0.250905797101449,0.142269,0.842277,0.623746,0.697676,199,132,0.915,1.7321,1.4238,33.1978,0.952381,0f00ce21cc6b271e6e5b8f78ff900dbf7ea8424224e5079bbbd35108c07b5b9b,10bd6134d1956b59ae9f946801ced612b270f924,a15ec6ff235901b1692c7cf9dbd2346970be0864d8b509cdf162d5443047cac2
main__dynamic_pedestrians__MAPPO__seed1__ep04,main_comparison,dynamic_pedestrians,1,MAPPO,1,4,10104,10104030316,10104030413,4,1,1500,0.1,ON,1,0.05,0.15,0,10,0.9,1.1,4,1,0,0,0,0,0,0,0,0,33.784773,36.579482,135.139091,1.676547,13.312297,12.8093,1.0393,0.935941,0.820712,2,0.770085,0.839037,345,1269,0.271867612293144,0.151778,0.846428,0.654572,0.713182,247,164,0.722,1.7491,1.3226,34.6167,0.952381,0f00ce21cc6b271e6e5b8f78ff900dbf7ea8424224e5079bbbd35108c07b5b9b,10bd6134d1956b59ae9f946801ced612b270f924,a15ec6ff235901b1692c7cf9dbd2346970be0864d8b509cdf162d5443047cac2
main__dynamic_pedestrians__MAPPO__seed1__ep05,main_comparison,dynamic_pedestrians,1,MAPPO,1,5,10105,10105030320,10105030417,4,1,1500,0.1,ON,1,0.05,0.15,0,10,0.9,1.1,4,1,0,0,0,0,0,0,0,0,34.084229,35.762959,136.336914,1.853173,13.148452,12.817,1.0259,0.955367,0.779384,1,0.689949,0.920557,340,1273,0.267085624509034,0.151336,0.820637,0.586457,0.782473,277,184,0.8953,1.433,1.2683,34.1366,0.952381,0f00ce21cc6b271e6e5b8f78ff900dbf7ea8424224e5079bbbd35108c07b5b9b,10bd6134d1956b59ae9f946801ced612b270f924,a15ec6ff235901b1692c7cf9dbd2346970be0864d8b509cdf162d5443047cac2
main__dynamic_pedestrians__MAPPO__seed1__ep06,main_comparison,dynamic_pedestrians,1,MAPPO,1,6,10106,10106030324,10106030421,4,1,1500,0.1,ON,1,0.05,0.15,0,10,0.9,1.1,4,1,0,0,0,0,0,0,0,0,31.224924,35.310793,124.899695,1.575069,13.485711,12.8254,1.0515,0.946746,0.877868,4,0.703565,0.91473,386,1464,0.263661202185792,0.159216,0.842151,0.59803,0.77752,174,116,0.9019,1.859,1.2899,32.4329,0.952381,0f00ce21cc6b271e6e5b8f78ff900dbf7ea8424224e5079bbbd35108c07b5b9b,10bd6134d1956b59ae9f946801ced612b270f924,a15ec6ff235901b1692c7cf9dbd2346970be0864d8b509cdf162d5443047cac2
main__dynamic_pedestrians__MAPPO__seed1__ep07,main_comparison,dynamic_pedestrians,1,MAPPO,1,7,10107,10107030328,10107030425,4,1,1500,0.1,ON,1,0.05,0.15,0,10,0.9,1.1,4,1,0,0,0,0,0,0,0,0,30.407165,35.357998,121.628658,1.199037,13.666132,12.8021,1.0675,0.936649,0.752041,3,0.718965,0.837961,310,1268,0.244479495268139,0.129019,0.83821,0.61112,0.712267,149,100,0.9945,1.7524,1.2418,32.1945,0.952381,0f00ce21cc6b271e6e5b8f78ff900dbf7ea8424224e5079bbbd35108c07b5b9b,10bd6134d1956b59ae9f946801ced612b270f924,a15ec6ff235901b1692c7cf9dbd2346970be0864d8b509cdf162d5443047cac2
main__dynamic_pedestrians__MAPPO__seed1__ep08,main_comparison,dynamic_pedestrians,1,MAPPO,1,8,10108,10108030332,10108030429,4,1,1500,0.1,ON,1,0.05,0.15,0,10,0.9,1.1,4,1,0,0,0,0,0,0,0,0,30.587689,35.780796,122.350757,1.187754,13.110771,12.8116,1.0234,0.949614,0.988945,3,0.684517,0.824296,324,1229,0.263628966639544,0.132665,0.870877,0.581839,0.700651,193,129,1.0366,1.4572,1.3532,34.3681,0.952381,0f00ce21cc6b271e6e5b8f78ff900dbf7ea8424224e5079bbbd35108c07b5b9b,10bd6134d1956b59ae9f946801ced612b270f924,a15ec6ff235901b1692c7cf9dbd2346970be0864d8b509cdf162d5443047cac2
main__dynamic_pedestrians__MAPPO__seed1__ep09,main_comparison,dynamic_pedestrians,1,MAPPO,1,9,10109,10109030336,10109030433,4,1,1500,0.1,ON,1,0.05,0.15,0,10,0.9,1.1,4,1,0,0,0,0,0,0,0,0,30.813294,34.515888,123.253177,1.908981,13.643678,12.8057,1.0654,0.915366,0.861787,0,0.668544,0.823419,364,1362,0.267254038179148,0.125923,0.869878,0.568262,0.699906,248,166,0.7759,1.823,1.2796,35.5094,0.952381,0f00ce21cc6b271e6e5b8f78ff900dbf7ea8424224e5079bbbd35108c07b5b9b,10bd6134d1956b59ae9f946801ced612b270f924,a15ec6ff235901b1692c7cf9dbd2346970be0864d8b509cdf162d5443047cac2
main__dynamic_pedestrians__MAPPO__seed2__ep00,main_comparison,dynamic_pedestrians,1,MAPPO,2,0,20100,20100060300,20100060397,4,1,1500,0.1,ON,1,0.05,0.15,0,10,0.9,1.1,4,1,0,0,0,0,0,0,0,0,33.349801,35.787389,133.399206,2.748834,13.484404,12.8041,1.0531,0.958629,0.732417,4,0.681648,0.858202,305,1167,0.261353898886033,0.164064,0.827092,0.5794,0.729472,217,144,1.07,1.5587,1.1913,33.7561,0.952381,ed04c8a5e8d6d1e7298bb5d8677fb0d9ce116f77e5bb0771f4beb4edac29f640,10bd6134d1956b59ae9f946801ced612b270f924,a15ec6ff235901b1692c7cf9dbd2346970be0864d8b509cdf162d5443047cac2
main__dynamic_pedestrians__MAPPO__seed2__ep01,main_comparison,dynamic_pedestrians,1,MAPPO,2,1,20101,20101060304,20101060401,4,1,1500,0.1,ON,1,0.05,0.15,0,10,0.9,1.1,4,1,0,0,0,0,0,0,0,0,32.962069,34.613124,131.848276,1.835618,13.870053,12.8226,1.0817,0.940131,0.725809,8,0.666155,0.868891,377,1504,0.250664893617021,0.154069,0.836274,0.566232,0.738558,226,151,0.9717,1.5048,1.2655,33.9959,0.952381,ed04c8a5e8d6d1e7298bb5d8677fb0d9ce116f77e5bb0771f4beb4edac29f640,10bd6134d1956b59ae9f946801ced612b270f924,a15ec6ff235901b1692c7cf9dbd2346970be0864d8b509cdf162d5443047cac2
main__dynamic_pedestrians__MAPPO__seed2__ep02,main_comparison,dynamic_pedestrians,1,MAPPO,2,2,20102,20102060308,20102060405,4,1,1500,0.1,ON,1,0.05,0.15,0,10,0.9,1.1,4,1,0,0,0,0,0,0,0,0,32.467657,36.18756,129.87063,2.670227,13.762714,12.7793,1.077,0.924379,0.783514,5,0.671237,0.850462,307,1139,0.269534679543459,0.14107,0.837055,0.570552,0.722892,166,111,0.9799,1.5556,1.3431,31.819,0.952381,ed04c8a5e8d6d1e7298bb5d8677fb0d9ce116f77e5bb0771f4beb4edac29f640,10bd6134d1956b59ae9f946801ced612b270f924,a15ec6ff235901b1692c7cf9dbd2346970be0864d8b509cdf162d5443047cac2
main__dynamic_pedestrians__MAPPO__seed2__ep03,main_comparison,dynamic_pedestrians,1,MAPPO,2,3,20103,20103060312,20103060409,4,1,1500,0.1,ON,1,0.05,0.15,0,10,0.9,1.1,4,1,0,0,0,0,0,0,0,0,30.858192,35.64132,123.432769,2.504095,13.584347,12.8008,1.0612,0.948304,0.7975,4,0.640358,0.895451,321,1185,0.270886075949367,0.140678,0.864149,0.544304,0.761133,175,117,1.0012,1.3417,1.3348,32.9722,0.952381,ed04c8a5e8d6d1e7298bb5d8677fb0d9ce116f77e5bb0771f4beb4edac29f640,10bd6134d1956b59ae9f946801ced612b270f924,a15ec6ff235901b1692c7cf9dbd2346970be0864d8b509cdf162d5443047cac2
main__dynamic_pedestrians__MAPPO__seed2__ep04,main_comparison,dynamic_pedestrians,1,MAPPO,2,4,20104,20104060316,20104060413,4,1,1500,0.1,ON,1,0.05,0.15,0,10,0.9,1.1,4,1,0,0,0,0,0,0,0,0,32.569047,34.149683,130.276189,2.188898,13.553194,12.8317,1.0562,0.942832,0.868893,2,0.64234,0.8729,268,998,0.268537074148297,0.124006,0.865502,0.545989,0.741965,221,147,0.8565,1.8499,1.449,32.8903,0.952381,ed04c8a5e8d6d1e7298bb5d8677fb0d9ce116f77e5bb0771f4beb4edac29f640,10bd6134d1956b59ae9f946801ced612b270f924,a15ec6ff235901b1692c7cf9dbd2346970be0864d8b509cdf162d5443047cac2
main__dynamic_pedestrians__MAPPO__seed2__ep05,main_comparison,dynamic_pedestrians,1,MAPPO,2,5,20105,20105060320,20105060417,4,1,1500,0.1,ON,1,0.05,0.15,0,10,0.9,1.1,4,1,0,0,0,0,0,0,0,0,32.028888,37.929976,128.115551,2.913964,13.263218,12.8201,1.0346,0.945207,0.643297,3,0.671268,0.86935,422,1710,0.246783625730994,0.128418,0.85429,0.570578,0.738947,251,168,0.7513,1.7003,1.1107,32.1886,0.952381,ed04c8a5e8d6d1e7298bb5d8677fb0d9ce116f77e5bb0771f4beb4edac29f640,10bd6134d1956b59ae9f946801ced612b270f924,a15ec6ff235901b1692c7cf9dbd2346970be0864d8b509cdf162d5443047cac2
main__dynamic_pedestrians__MAPPO__seed2__ep06,main_comparison,dynamic_pedestrians,1,MAPPO,2,6,20106,20106060324,20106060421,4,1,1500,0.1,ON,1,0.05,0.15,0,10,0.9,1.1,4,1,0,0,0,0,0,0,0,0,34.583024,35.449196,138.332096,1.980126,13.883078,12.8368,1.0815,0.943187,0.766172,2,0.673747,0.88414,325,1213,0.267930750206101,0.145027,0.861746,0.572685,0.751519,212,142,0.9858,1.4312,1.1844,34.3329,0.952381,ed04c8a5e8d6d1e7298bb5d8677fb0d9ce116f77e5bb0771f4beb4edac29f640,10bd6134d1956b59ae9f946801ced612b270f924,a15ec6ff235901b1692c7cf9dbd2346970be0864d8b509cdf162d5443047cac2
main__dynamic_pedestrians__MAPPO__seed2__ep07,main_comparison,dynamic_pedestrians,1,MAPPO,2,7,20107,20107060328,20107060425,4,1,1500,0.1,ON,1,0.05,0.15,0,10,0.9,1.1,4,1,0,0,0,0,0,0,0,0,29.503577,36.312531,118.01431,2.152252,13.075379,12.8072,1.0209,0.949358,0.824135,5,0.676661,0.910957,352,1308,0.269113149847095,0.158682,0.874992,0.575162,0.774313,184,122,1.0361,1.4198,1.1948,36.0752,0.952381,ed04c8a5e8d6d1e7298bb5d8677fb0d9ce116f77e5bb0771f4beb4edac29f640,10bd6134d1956b59ae9f946801ced612b270f924,a15ec6ff235901b1692c7cf9dbd2346970be0864d8b509cdf162d5443047cac2
main__dynamic_pedestrians__MAPPO__seed2__ep08,main_comparison,dynamic_pedestrians,1,MAPPO,2,8,20108,20108060332,20108060429,4,1,1500,0.1,ON,1,0.05,0.15,0,10,0.9,1.1,4,1,0,0,0,0,0,0,0,0,32.694561,37.476518,130.778244,2.650058,13.437722,12.7667,1.0526,0.917862,0.725523,2,0.674839,0.839742,331,1271,0.260424862313139,0.12311,0.810673,0.573613,0.713781,221,148,0.8584,1.3022,1.411,31.1136,0.952381,ed04c8a5e8d6d1e7298bb5d8677fb0d9ce116f77e5bb0771f4beb4edac29f640,10bd6134d1956b59ae9f946801ced612b270f924,a15ec6ff235901b1692c7cf9dbd2346970be0864d8b509cdf162d5443047cac2
main__dynamic_pedestrians__MAPPO__seed2__ep09,main_comparison,dynamic_pedestrians,1,MAPPO,2,9,20109,20109060336,20109060433,4,1,1500,0.1,ON,1,0.05,0.15,0,10,0.9,1.1,4,1,0,0,0,0,0,0,0,0,31.221797,36.779804,124.887189,3.070406,13.001441,12.7992,1.0158,0.928076,0.662045,1,0.650103,0.84504,283,1122,0.25222816399287,0.142147,0.888225,0.552588,0.718284,191,127,1.0136,1.5383,1.256,32.7358,0.952381,ed04c8a5e8d6d1e7298bb5d8677fb0d9ce116f77e5bb0771f4beb4edac29f640,10bd6134d1956b59ae9f946801ced612b270f924,a15ec6ff235901b1692c7cf9dbd2346970be0864d8b509cdf162d5443047cac2
main__dynamic_pedestrians__MAPPO__seed3__ep00,main_comparison,dynamic_pedestrians,1,MAPPO,3,0,30100,30100090300,30100090397,4,1,1500,0.1,ON,1,0.05,0.15,0,10,0.9,1.1,4,1,0,0,0,0,0,0,0,0,33.841158,34.020471,135.364633,1.578311,13.561258,12.8087,1.0588,0.933047,0.818764,4,0.700126,0.853026,347,1298,0.2673343605547,0.148211,0.874018,0.595107,0.725072,190,126,1.0525,1.8481,1.1168,33.5043,0.952381,c49bd02165e78b3faef62928782ceb9d78ec7c0c032be83b0beff632a8ded4e7,10bd6134d1956b59ae9f946801ced612b270f924,a15ec6ff235901b1692c7cf9dbd2346970be0864d8b509cdf162d5443047cac2
main__dynamic_pedestrians__MAPPO__seed3__ep01,main_comparison,dynamic_pedestrians,1,MAPPO,3,1,30101,30101090304,30101090401,4,1,1500,0.1,ON,1,0.05,0.15,0,10,0.9,1.1,4,1,0,0,0,0,0,0,0,0,31.118488,36.142557,124.47395,2.351688,13.252996,12.8008,1.0353,0.934285,0.584554,5,0.694999,0.823012,375,1463,0.256322624743677,0.125692,0.868225,0.59075,0.699561,176,118,0.8488,1.6576,1.3734,32.5592,0.952381,c49bd02165e78b3faef62928782ceb9d78ec7c0c032be83b0beff632a8ded4e7,10bd6134d1956b59ae9f946801ced612b270f924,a15ec6ff235901b1692c7cf9dbd2346970be0864d8b509cdf162d5443047cac2
main__dynamic_pedestrians__MAPPO__seed3__ep02,main_comparison,dynamic_pedestrians,1,MAPPO,3,2,30102,30102090308,30102090405,4,1,1500,0.1,ON,1,0.05,0.15,0,10,0.9,1.1,4,1,0,0,0,0,0,0,0,0,32.108423,35.858551,128.433694,1.746531,13.04388,12.7797,1.0207,0.919918,0.662687,5,0.730138,0.766703,294,1018,0.288801571709234,0.140469,0.845451,0.620617,0.651697,166,110,0.8965,1.4226,1.2626,36.6875,0.952381,c49bd02165e78b3faef62928782ceb9d78ec7c0c032be83b0beff632a8ded4e7,10bd6134d1956b59ae9f946801ced612b270f924,a15ec6ff235901b1692c7cf9dbd2346970be0864d8b509cdf162d5443047cac2
main__dynamic_pedestrians__MAPPO__seed3__ep03,main_comparison,dynamic_pedestrians,1,MAPPO,3,3,30103,30103090312,30103090409,4,1,1500,0.1,ON,1,0.05,0.15,0,10,0.9,1.1,4,1,0,0,0,0,0,0,0,0,31.199965,35.31052,124.79986,1.284386,13.185005,12.8254,1.028,0.923623,0.736718,3,0.734778,0.800334,327,1208,0.270695364238411,0.144712,0.829616,0.624561,0.680284,214,143,0.7275,1.4162,1.1285,34.4812,0.952381,c49bd02165e78b3faef62928782ceb9d78ec7c0c032be83b0beff632a8ded4e7,10bd6134d1956b59ae9f946801ced612b270f924,a15ec6ff235901b1692c7cf9dbd2346970be0864d8b509cdf162d5443047cac2
main__dynamic_pedestrians__MAPPO__seed3__ep04,main_comparison,dynamic_pedestrians,1,MAPPO,3,4,30104,30104090316,30104090413,4,1,1500,0.1,ON,1,0.05,0.15,0,10,0.9,1.1,4,1,0,0,0,0,0,0,0,0,32.126563,34.478459,128.506254,1.592698,13.517869,12.7917,1.0568,0.922294,0.770099,3,0.658988,0.843463,341,1485,0.22962962962963,0.149409,0.852489,0.56014,0.716944,171,114,1.0916,1.3367,1.2773,32.2866,0.952381,c49bd02165e78b3faef62928782ceb9d78ec7c0c032be83b0beff632a8ded4e7,10bd6134d1956b59ae9f946801ced612b270f924,a15ec6ff235901b1692c7cf9dbd2346970be0864d8b509cdf162d5443047cac2
main__dynamic_pedestrians__MAPPO__seed3__ep05,main_comparison,dynamic_pedestrians,1,MAPPO,3,5,30105,30105090320,30105090417,4,1,1500,0.1,ON,1,0.05,0.15,0,10,0.9,1.1,4,1,0,0,0,0,0,0,0,0,34.440278,35.373114,137.761111,1.60455,13.001456,12.8011,1.0157,0.927499,0.845635,3,0.68352,0.827471,381,1364,0.279325513196481,0.139172,0.803413,0.580992,0.70335,207,138,0.874,1.8423,1.1336,29.7804,0.952381,c49bd02165e78b3faef62928782ceb9d78ec7c0c032be83b0beff632a8ded4e7,10bd6134d1956b59ae9f946801ced612b270f924,a15ec6ff235901b1692c7cf9dbd2346970be0864d8b509cdf162d5443047cac2
main__dynamic_pedestrians__MAPPO__seed3__ep06,main_comparison,dynamic_pedestrians,1,MAPPO,3,6,30106,30106090324,30106090421,4,1,1500,0.1,ON,1,0.05,0.15,0,10,0.9,1.1,4,1,0,0,0,0,0,0,0,0,30.480714,36.238183,121.922857,1.404153,13.134083,12.824,1.0242,0.933966,0.692435,4,0.760839,0.815544,348,1341,0.259507829977629,0.145288,0.871567,0.646713,0.693213,210,140,0.9925,1.87,1.2321,35.2971,0.952381,c49bd02165e78b3faef62928782ceb9d78ec7c0c032be83b0beff632a8ded4e7,10bd6134d1956b59ae9f946801ced612b270f924,a15ec6ff235901b1692c7cf9dbd2346970be0864d8b509cdf162d5443047cac2
main__dynamic_pedestrians__MAPPO__seed3__ep07,main_comparison,dynamic_pedestrians,1,MAPPO,3,7,30107,30107090328,30107090425,4,1,1500,0.1,ON,1,0.05,0.15,0,10,0.9,1.1,4,1,0,0,0,0,0,0,0,0,32.738919,34.40664,130.955675,1.459742,13.136481,12.8012,1.0262,0.942969,0.662667,5,0.758473,0.797151,373,1384,0.269508670520231,0.152603,0.881488,0.644702,0.677578,254,170,0.8918,1.5053,1.2347,36.5788,0.952381,c49bd02165e78b3faef62928782ceb9d78ec7c0c032be83b0beff632a8ded4e7,10bd6134d1956b59ae9f946801ced612b270f924,a15ec6ff235901b1692c7cf9dbd2346970be0864d8b509cdf162d5443047cac2
main__dynamic_pedestrians__MAPPO__seed3__ep08,main_comparison,dynamic_pedestrians,1,MAPPO,3,8,30108,30108090332,30108090429,4,1,1500,0.1,ON,1,0.05,0.15,0,10,0.9,1.1,4,1,0,0,0,0,0,0,0,0,33.210381,35.970663,132.841524,1.801506,13.184494,12.8226,1.0282,0.904564,0.74802,3,0.721083,0.8723,368,1365,0.26959706959707,0.140201,0.827465,0.612921,0.741455,211,140,0.9752,1.3554,1.486,34.0725,0.952381,c49bd02165e78b3faef62928782ceb9d78ec7c0c032be83b0beff632a8ded4e7,10bd6134d1956b59ae9f946801ced612b270f924,a15ec6ff235901b1692c7cf9dbd2346970be0864d8b509cdf162d5443047cac2
main__dynamic_pedestrians__MAPPO__seed3__ep09,main_comparison,dynamic_pedestrians,1,MAPPO,3,9,30109,30109090336,30109090433,4,1,1500,0.1,ON,1,0.05,0.15,0,10,0.9,1.1,4,1,0,0,0,0,0,0,0,0,32.82241,36.707944,131.289641,1.945605,13.209716,12.8076,1.0314,0.91968,0.717047,4,0.724687,0.818717,320,1209,0.264681555004136,0.139187,0.866269,0.615984,0.69591,243,162,1.0739,1.3401,1.3662,31.9225,0.952381,c49bd02165e78b3faef62928782ceb9d78ec7c0c032be83b0beff632a8ded4e7,10bd6134d1956b59ae9f946801ced612b270f924,a15ec6ff235901b1692c7cf9dbd2346970be0864d8b509cdf162d5443047cac2
main__dynamic_pedestrians__MAPPO__seed4__ep00,main_comparison,dynamic_pedestrians,1,MAPPO,4,0,40100,40100120300,40100120397,4,1,1500,0.1,ON,1,0.05,0.15,0,10,0.9,1.1,4,1,0,0,0,0,0,0,0,0,28.315244,34.919625,113.260977,2.13408,13.757337,12.8129,1.0737,0.924509,0.874296,6,0.634701,0.906449,327,1099,0.2975432211101,0.132937,0.816657,0.539496,0.770481,256,170,0.7683,1.8508,1.2852,35.7298,0.952381,851644064e0971fda7cfd8bb07c9fdb625dea9bdb6bde0d0b96a36619ad97e43,10bd6134d1956b59ae9f946801ced612b270f924,a15ec6ff235901b1692c7cf9dbd2346970be0864d8b509cdf162d5443047cac2
main__dynamic_pedestrians__MAPPO__seed4__ep01,main_comparison,dynamic_pedestrians,1,MAPPO,4,1,40101,40101120304,40101120401,4,1,1500,0.1,ON,1,0.05,0.15,0,10,0.9,1.1,4,1,0,0,0,0,0,0,0,0,32.733117,35.29776,130.932467,2.246741,13.692873,12.8002,1.0697,0.933369,0.831316,3,0.659902,0.842383,327,1208,0.270695364238411,0.129237,0.826211,0.560916,0.716026,213,142,0.9644,1.5618,1.3891,34.0676,0.952381,851644064e0971fda7cfd8bb07c9fdb625dea9bdb6bde0d0b96a36619ad97e43,10bd6134d1956b59ae9f946801ced612b270f924,a15ec6ff235901b1692c7cf9dbd2346970be0864d8b509cdf162d5443047cac2
main__dynamic_pedestrians__MAPPO__seed4__ep02,main_comparison,dynamic_pedestrians,1,MAPPO,4,2,40102,40102120308,40102120405,4,1,1500,0.1,ON,1,0.05,0.15,0,10,0.9,1.1,4,1,0,0,0,0,0,0,0,0,31.114865,34.287418,124.459459,2.357295,13.933834,12.7837,1.09,0.9393,0.739637,4,0.632964,0.837938,398,1508,0.263925729442971,0.135359,0.814513,0.53802,0.712247,228,152,1.0348,1.6627,1.1881,32.9713,0.952381,851644064e0971fda7cfd8bb07c9fdb625dea9bdb6bde0d0b96a36619ad97e43,10bd6134d1956b59ae9f946801ced612b270f924,a15ec6ff235901b1692c7cf9dbd2346970be0864d8b509cdf162d5443047cac2
main__dynamic_pedestrians__MAPPO__seed4__ep03,main_comparison,dynamic_pedestrians,1,MAPPO,4,3,40103,40103120312,40103120409,4,1,1500,0.1,ON,1,0.05,0.15,0,10,0.9,1.1,4,1,0,0,0,0,0,0,0,0,32.61987,33.618292,130.479481,2.7347,13.594919,12.828,1.0598,0.938074,0.856232,4,0.670976,0.852967,405,1400,0.289285714285714,0.145001,0.858218,0.57033,0.725022,236,157,0.9408,1.3949,1.1794,31.9113,0.952381,851644064e0971fda7cfd8bb07c9fdb625dea9bdb6bde0d0b96a36619ad97e43,10bd6134d1956b59ae9f946801ced612b270f924,a15ec6ff235901b1692c7cf9dbd2346970be0864d8b509cdf162d5443047cac2
main__dynamic_pedestrians__MAPPO__seed4__ep04,main_comparison,dynamic_pedestrians,1,MAPPO,4,4,40104,40104120316,40104120413,4,1,1500,0.1,ON,1,0.05,0.15,0,10,0.9,1.1,4,1,0,0,0,0,0,0,0,0,31.446187,36.80614,125.784746,2.702478,13.238744,12.81,1.0335,0.936218,0.820004,2,0.636647,0.885995,353,1297,0.272166538164996,0.126541,0.895639,0.54115,0.753096,242,162,0.8642,1.7268,1.2363,32.4309,0.952381,851644064e0971fda7cfd8bb07c9fdb625dea9bdb6bde0d0b96a36619ad97e43,10bd6134d1956b59ae9f946801ced612b270f924,a15ec6ff235901b1692c7cf9dbd2346970be0864d8b509cdf162d5443047cac2
main__dynamic_pedestrians__MAPPO__seed4__ep05,main_comparison,dynamic_pedestrians,1,MAPPO,4,5,40105,40105120320,40105120417,4,1,1500,0.1,ON,1,0.05,0.15,0,10,0.9,1.1,4,1,0,0,0,0,0,0,0,0,35.725761,36.466649,142.903044,2.193886,13.390602,12.7982,1.0463,0.943412,0.658617,5,0.676572,0.878247,337,1356,0.248525073746313,0.137523,0.837783,0.575086,0.74651,204,136,1.0472,1.3558,1.314,33.387,0.952381,851644064e0971fda7cfd8bb07c9fdb625dea9bdb6bde0d0b96a36619ad97e43,10bd6134d1956b59ae9f946801ced612b270f924,a15ec6ff235901b1692c7cf9dbd2346970be0864d8b509cdf162d5443047cac2
main__dynamic_pedestrians__MAPPO__seed4__ep06,main_comparison,dynamic_pedestrians,1,MAPPO,4,6,40106,40106120324,40106120421,4,1,1500,0.1,ON,1,0.05,0.15,0,10,0.9,1.1,4,1,0,0,0,0,0,0,0,0,32.954176,37.115172,131.816705,2.249147,13.64758,12.7917,1.0669,0.90691,0.81143,4,0.681396,0.870351,377,1497,0.251837007348029,0.162407,0.907156,0.579187,0.739798,177,118,1.0499,1.4509,1.1643,33.3385,0.952381,851644064e0971fda7cfd8bb07c9fdb625dea9bdb6bde0d0b96a36619ad97e43,10bd6134d1956b59ae9f946801ced612b270f924,a15ec6ff235901b1692c7cf9dbd2346970be0864d8b509cdf162d5443047cac2
main__dynamic_pedestrians__MAPPO__seed4__ep07,main_comparison,dynamic_pedestrians,1,MAPPO,4,7,40107,40107120328,40107120425,4,1,1500,0.1,ON,1,0.05,0.15,0,10,0.9,1.1,4,1,0,0,0,0,0,0,0,0,30.958189,35.789243,123.832754,2.222201,13.165463,12.8263,1.0264,0.922224,0.813131,5,0.641205,0.857196,288,1084,0.265682656826568,0.14503,0.856607,0.545025,0.728616,170,114,0.8149,1.5866,1.2941,34.788,0.952381,851644064e0971fda7cfd8bb07c9fdb625dea9bdb6bde0d0b96a36619ad97e43,10bd6134d1956b59ae9f946801ced612b270f924,a15ec6ff235901b1692c7cf9dbd2346970be0864d8b509cdf162d5443047cac2
main__dynamic_pedestrians__MAPPO__seed4__ep08,main_comparison,dynamic_pedestrians,1,MAPPO,4,8,40108,40108120332,40108120429,4,1,1500,0.1,ON,1,0.05,0.15,0,10,0.9,1.1,4,1,0,0,0,0,0,0,0,0,33.314782,38.39299,133.25913,2.390977,13.724932,12.8172,1.0708,0.929327,0.83881,2,0.675709,0.971643,347,1411,0.245924875974486,0.159587,0.857535,0.574352,0.825896,191,128,0.9983,1.6239,1.2695,31.5327,0.952381,851644064e0971fda7cfd8bb07c9fdb625dea9bdb6bde0d0b96a36619ad97e43,10bd6134d1956b59ae9f946801ced612b270f924,a15ec6ff235901b1692c7cf9dbd2346970be0864d8b509cdf162d5443047cac2
main__dynamic_pedestrians__MAPPO__seed4__ep09,main_comparison,dynamic_pedestrians,1,MAPPO,4,9,40109,40109120336,40109120433,4,1,1500,0.1,ON,1,0.05,0.15,0,10,0.9,1.1,4,1,0,0,0,0,0,0,0,0,32.685196,36.357432,130.740783,3.01852,13.295072,12.7997,1.0387,0.942982,0.844615,6,0.669605,0.868712,391,1458,0.268175582990398,0.14637,0.849682,0.569165,0.738405,169,113,0.757,1.8526,1.1914,31.6705,0.952381,851644064e0971fda7cfd8bb07c9fdb625dea9bdb6bde0d0b96a36619ad97e43,10bd6134d1956b59ae9f946801ced612b270f924,a15ec6ff235901b1692c7cf9dbd2346970be0864d8b509cdf162d5443047cac2
main__dynamic_pedestrians__MAPPO__seed5__ep00,main_comparison,dynamic_pedestrians,1,MAPPO,5,0,50100,50100150300,50100150397,4,1,1500,0.1,ON,1,0.05,0.15,0,10,0.9,1.1,4,1,0,0,0,0,0,0,0,0,32.696691,35.896731,130.786765,2.013094,13.013217,12.8252,1.0147,0.952097,0.887176,2,0.63259,0.923777,337,1167,0.288774635818338,0.156774,0.83097,0.537702,0.78521,247,165,0.7983,1.4409,1.4203,33.6925,0.952381,16bb3ca5765ef85894c0d249a7d137fba179a84e8f8926c4419573ffacb58c56,10bd6134d1956b59ae9f946801ced612b270f924,a15ec6ff235901b1692c7cf9dbd2346970be0864d8b509cdf162d5443047cac2
main__dynamic_pedestrians__MAPPO__seed5__ep01,main_comparison,dynamic_pedestrians,1,MAPPO,5,1,50101,50101150304,50101150401,4,1,1500,0.1,ON,1,0.05,0.15,0,10,0.9,1.1,4,1,0,0,0,0,0,0,0,0,32.343327,35.953924,129.373307,2.500989,12.991266,12.8201,1.0133,0.95461,0.865804,2,0.674915,0.932482,378,1438,0.262865090403338,0.130727,0.854128,0.573678,0.79261,179,119,1.0251,1.4167,1.356,33.212,0.952381,16bb3ca5765ef85894c0d249a7d137fba179a84e8f8926c4419573ffacb58c56,10bd6134d1956b59ae9f946801ced612b270f924,a15ec6ff235901b1692c7cf9dbd2346970be0864d8b509cdf162d5443047cac2
main__dynamic_pedestrians__MAPPO__seed5__ep02,main_comparison,dynamic_pedestrians,1,MAPPO,5,2,50102,50102150308,50102150405,4,1,1500,0.1,ON,1,0.05,0.15,0,10,0.9,1.1,4,1,0,0,0,0,0,0,0,0,33.873981,36.191488,135.495923,2.372586,13.290308,12.7949,1.0387,0.946909,0.822297,0,0.66226,0.95584,316,1149,0.275021758050479,0.127328,0.814422,0.562921,0.812464,223,149,1.0277,1.6932,1.1788,30.8209,0.952381,16bb3ca5765ef85894c0d249a7d137fba179a84e8f8926c4419573ffacb58c56,10bd6134d1956b59ae9f946801ced612b270f924,a15ec6ff235901b1692c7cf9dbd2346970be0864d8b509cdf162d5443047cac2
main__dynamic_pedestrians__MAPPO__seed5__ep03,main_comparison,dynamic_pedestrians,1,MAPPO,5,3,50103,50103150312,50103150409,4,1,1500,0.1,ON,1,0.05,0.15,0,10,0.9,1.1,4,1,0,0,0,0,0,0,0,0,34.162528,34.343341,136.650112,2.356466,13.161538,12.8039,1.0279,0.936727,0.844649,4,0.682412,1.031228,282,986,0.286004056795132,0.14471,0.865277,0.58005,0.876544,201,134,0.8371,1.8551,1.2313,34.3067,0.952381,16bb3ca5765ef85894c0d249a7d137fba179a84e8f8926c4419573ffacb58c56,10bd6134d1956b59ae9f946801ced612b270f924,a15ec6ff235901b1692c7cf9dbd2346970be0864d8b509cdf162d5443047cac2
main__dynamic_pedestrians__MAPPO__seed5__ep04,main_comparison,dynamic_pedestrians,1,MAPPO,5,4,50104,50104150316,50104150413,4,1,1500,0.1,ON,1,0.05,0.15,0,10,0.9,1.1,4,1,0,0,0,0,0,0,0,0,33.091589,34.458573,132.366355,2.277895,13.440415,12.8089,1.0493,0.921329,1.011894,1,0.647934,0.875518,375,1403,0.267284390591589,0.150791,0.823909,0.550744,0.74419,240,160,0.8639,1.6353,1.2426,35.465,0.952381,16bb3ca5765ef85894c0d249a7d137fba179a84e8f8926c4419573ffacb58c56,10bd6134d1956b59ae9f946801ced612b270f924,a15ec6ff235901b1692c7cf9dbd2346970be0864d8b509cdf162d5443047cac2
main__dynamic_pedestrians__MAPPO__seed5__ep05,main_comparison,dynamic_pedestrians,1,MAPPO,5,5,50105,50105150320,50105150417,4,1,1500,0.1,ON,1,0.05,0.15,0,10,0.9,1.1,4,1,0,0,0,0,0,0,0,0,31.558456,33.211665,126.233824,2.062639,13.672692,12.8037,1.0679,0.945538,0.858617,3,0.724854,0.947522,356,1293,0.275328692962104,0.129958,0.866619,0.616126,0.805394,267,178,0.7119,1.6101,1.3806,29.9067,0.952381,16bb3ca5765ef85894c0d249a7d137fba179a84e8f8926c4419573ffacb58c56,10bd6134d1956b59ae9f946801ced612b270f924,a15ec6ff235901b1692c7cf9dbd2346970be0864d8b509cdf162d5443047cac2
main__dynamic_pedestrians__MAPPO__seed5__ep06,main_comparison,dynamic_pedestrians,1,MAPPO,5,6,50106,50106150324,50106150421,4,1,1500,0.1,ON,1,0.05,0.15,0,10,0.9,1.1,4,1,0,0,0,0,0,0,0,0,29.557006,35.288763,118.228025,1.866121,13.028597,12.8239,1.016,0.951035,0.802963,2,0.668972,0.917663,386,1487,0.259583053127102,0.156596,0.859854,0.568626,0.780014,228,152,1.0629,1.6679,1.3628,35.775,0.952381,16bb3ca5765ef85894c0d249a7d137fba179a84e8f8926c4419573ffacb58c56,10bd6134d1956b59ae9f946801ced612b270f924,a15ec6ff235901b1692c7cf9dbd2346970be0864d8b509cdf162d5443047cac2
main__dynamic_pedestrians__MAPPO__seed5__ep07,main_comparison,dynamic_pedestrians,1,MAPPO,5,7,50107,50107150328,50107150425,4,1,1500,0.1,ON,1,0.05,0.15,0,10,0.9,1.1,4,1,0,0,0,0,0,0,0,0,32.694889,36.488923,130.779555,2.107055,13.522911,12.824,1.0545,0.90494,0.961507,3,0.636932,0.880077,424,1538,0.275682704811443,0.147493,0.862185,0.541392,0.748065,195,130,0.8993,1.5696,1.4371,35.021,0.952381,16bb3ca5765ef85894c0d249a7d137fba179a84e8f8926c4419573ffacb58c56,10bd6134d1956b59ae9f946801ced612b270f924,a15ec6ff235901b1692c7cf9dbd2346970be0864d8b509cdf162d5443047cac2
main__dynamic_pedestrians__MAPPO__seed5__ep08,main_comparison,dynamic_pedestrians,1,MAPPO,5,8,50108,50108150332,50108150429,4,1,1500,0.1,ON,1,0.05,0.15,0,10,0.9,1.1,4,1,0,0,0,0,0,0,0,0,30.420852,34.512873,121.683409,2.584058,13.636952,12.812,1.0644,0.938643,0.809122,1,0.687126,0.90957,380,1427,0.266292922214436,0.116279,0.877451,0.584057,0.773135,206,137,0.8397,1.5616,1.4075,33.423,0.952381,16bb3ca5765ef85894c0d249a7d137fba179a84e8f8926c4419573ffacb58c56,10bd6134d1956b59ae9f946801ced612b270f924,a15ec6ff235901b1692c7cf9dbd2346970be0864d8b509cdf162d5443047cac2
main__dynamic_pedestrians__MAPPO__seed5__ep09,main_comparison,dynamic_pedestrians,1,MAPPO,5,9,50109,50109150336,50109150433,4,1,1500,0.1,ON,1,0.05,0.15,0,10,0.9,1.1,4,1,0,0,0,0,0,0,0,0,30.331238,34.338247,121.324952,2.442005,13.632967,12.8016,1.0649,0.938019,0.932771,0,0.668828,0.920058,324,1208,0.268211920529801,0.141802,0.865184,0.568504,0.782049,198,132,0.7791,1.3862,1.3114,35.0509,0.952381,16bb3ca5765ef85894c0d249a7d137fba179a84e8f8926c4419573ffacb58c56,10bd6134d1956b59ae9f946801ced612b270f924,a15ec6ff235901b1692c7cf9dbd2346970be0864d8b509cdf162d5443047cac2
main__dynamic_pedestrians__MAPPO__seed6__ep00,main_comparison,dynamic_pedestrians,1,MAPPO,6,0,60100,60100180300,60100180397,4,1,1500,0.1,ON,1,0.05,0.15,0,10,0.9,1.1,4,1,0,0,0,0,0,0,0,0,31.862298,36.121471,127.449193,1.29663,13.068612,12.7897,1.0218,0.927221,0.797195,4,0.60924,0.898731,290,1119,0.259159964253798,0.14728,0.916941,0.517854,0.763921,229,152,1.0571,1.4147,1.3534,34.983,0.952381,b56d990f86e127ab112ddac2fb337b251ae17f5ad76b8178586de0d9fb632c9d,10bd6134d1956b59ae9f946801ced612b270f924,a15ec6ff235901b1692c7cf9dbd2346970be0864d8b509cdf162d5443047cac2
main__dynamic_pedestrians__MAPPO__seed6__ep01,main_comparison,dynamic_pedestrians,1,MAPPO,6,1,60101,60101180304,60101180401,4,1,1500,0.1,ON,1,0.05,0.15,0,10,0.9,1.1,4,1,0,0,0,0,0,0,0,0,32.095033,35.052369,128.380132,1.015183,13.547615,12.8305,1.0559,0.939393,0.782054,4,0.606632,0.899456,391,1501,0.260493004663558,0.137847,0.834473,0.515637,0.764538,182,122,1.0026,1.8411,1.2572,33.4677,0.952381,b56d990f86e127ab112ddac2fb337b251ae17f5ad76b8178586de0d9fb632c9d,10bd6134d1956b59ae9f946801ced612b270f924,a15ec6ff235901b1692c7cf9dbd2346970be0864d8b509cdf162d5443047cac2
main__dynamic_pedestrians__MAPPO__seed6__ep02,main_comparison,dynamic_pedestrians,1,MAPPO,6,2,60102,60102180308,60102180405,4,1,1500,0.1,ON,1,0.05,0.15,0,10,0.9,1.1,4,1,0,0,0,0,0,0,0,0,30.20645,34.296934,120.825801,1.121039,13.851491,12.7817,1.0837,0.935554,0.809591,6,0.647872,0.886846,287,1090,0.263302752293578,0.137947,0.818141,0.550691,0.753819,126,84,1.0205,1.842,1.2548,33.8499,0.952381,b56d990f86e127ab112ddac2fb337b251ae17f5ad76b8178586de0d9fb632c9d,10bd6134d1956b59ae9f946801ced612b270f924,a15ec6ff235901b1692c7cf9dbd2346970be0864d8b509cdf162d5443047cac2
main__dynamic_pedestrians__MAPPO__seed6__ep03,main_comparison,dynamic_pedestrians,1,MAPPO,6,3,60103,60103180312,60103180409,4,1,1500,0.1,ON,1,0.05,0.15,0,10,0.9,1.1,4,1,0,0,0,0,0,0,0,0,33.787943,34.37871,135.151771,1.3462,13.600206,12.8184,1.061,0.93971,0.83299,6,0.637786,0.806093,343,1261,0.272006344171293,0.142957,0.816835,0.542118,0.685179,201,134,0.8932,1.6604,1.268,35.6918,0.952381,b56d990f86e127ab112ddac2fb337b251ae17f5ad76b8178586de0d9fb632c9d,10bd6134d1956b59ae9f946801ced612b270f924,a15ec6ff235901b1692c7cf9dbd2346970be0864d8b509cdf162d5443047cac2
main__dynamic_pedestrians__MAPPO__seed6__ep04,main_comparison,dynamic_pedestrians,1,MAPPO,6,4,60104,60104180316,60104180413,4,1,1500,0.1,ON,1,0.05,0.15,0,10,0.9,1.1,4,1,0,0,0,0,0,0,0,0,31.184427,35.299737,124.737708,1.608082,13.666678,12.8023,1.0675,0.960147,0.718178,4,0.650329,0.850921,394,1715,0.229737609329446,0.149503,0.874279,0.552779,0.723283,198,132,1.037,1.4881,1.279,32.8241,0.952381,b56d990f86e127ab112ddac2fb337b251ae17f5ad76b8178586de0d9fb632c9d,10bd6134d1956b59ae9f946801ced612b270f924,a15ec6ff235901b1692c7cf9dbd2346970be0864d8b509cdf162d5443047cac2
main__dynamic_pedestrians__MAPPO__seed6__ep05,main_comparison,dynamic_pedestrians,1,MAPPO,6,5,60105,60105180320,60105180417,4,1,1500,0.1,ON,1,0.05,0.15,0,10,0.9,1.1,4,1,0,0,0,0,0,0,0,0,31.594438,36.183435,126.37775,1.80048,13.459953,12.8081,1.0509,0.935949,0.668622,2,0.669466,0.868966,455,1600,0.284375,0.149451,0.806876,0.569046,0.738621,229,153,1.0357,1.6342,1.2574,34.8806,0.952381,b56d990f86e127ab112ddac2fb337b251ae17f5ad76b8178586de0d9fb632c9d,10bd6134d1956b59ae9f946801ced612b270f924,a15ec6ff235901b1692c7cf9dbd2346970be0864d8b509cdf162d5443047cac2
main__dynamic_pedestrians__MAPPO__seed6__ep06,main_comparison,dynamic_pedestrians,1,MAPPO,6,6,60106,60106180324,60106180421,4,1,1500,0.1,ON,1,0.05,0.15,0,10,0.9,1.1,4,1,0,0,0,0,0,0,0,0,32.260246,37.284109,129.040982,1.656401,13.630551,12.784,1.0662,0.910673,0.717158,1,0.624157,0.858201,258,987,0.261398176291793,0.144069,0.895997,0.530533,0.729471,220,146,0.9791,1.5536,1.3217,37.2695,0.952381,b56d990f86e127ab112ddac2fb337b251ae17f5ad76b8178586de0d9fb632c9d,10bd6134d1956b59ae9f946801ced612b270f924,a15ec6ff235901b1692c7cf9dbd2346970be0864d8b509cdf162d5443047cac2
main__dynamic_pedestrians__MAPPO__seed6__ep07,main_comparison,dynamic_pedestrians,1,MAPPO,6,7,60107,60107180328,60107180425,4,1,1500,0.1,ON,1,0.05,0.15,0,10,0.9,1.1,4,1,0,0,0,0,0,0,0,0,33.452339,35.078293,133.809354,1.584123,13.34128,12.8029,1.042,0.958166,0.731301,2,0.646232,0.884253,384,1526,0.251638269986894,0.133823,0.855785,0.549297,0.751615,191,127,1.026,1.8584,1.1073,34.8668,0.952381,b56d990f86e127ab112ddac2fb337b251ae17f5ad76b8178586de0d9fb632c9d,10bd6134d1956b59ae9f946801ced612b270f924,a15ec6ff235901b1692c7cf9dbd2346970be0864d8b509cdf162d5443047cac2
main__dynamic_pedestrians__MAPPO__seed6__ep08,main_comparison,dynamic_pedestrians,1,MAPPO,6,8,60108,60108180332,60108180429,4,1,1500,0.1,ON,1,0.05,0.15,0,10,0.9,1.1,4,1,0,0,0,0,0,0,0,0,28.474325,34.225923,113.897301,1.489781,13.520422,12.8158,1.055,0.956486,0.768988,1,0.577417,0.84821,293,1096,0.267335766423358,0.135489,0.863596,0.490804,0.720979,215,144,0.8826,1.5365,1.3893,34.1062,0.952381,b56d990f86e127ab112ddac2fb337b251ae17f5ad76b8178586de0d9fb632c9d,10bd6134d1956b59ae9f946801ced612b270f924,a15ec6ff235901b1692c7cf9dbd2346970be0864d8b509cdf162d5443047cac2
main__dynamic_pedestrians__MAPPO__seed6__ep09,main_comparison,dynamic_pedestrians,1,MAPPO,6,9,60109,60109180336,60109180433,4,1,1500,0.1,ON,1,0.05,0.15,0,10,0.9,1.1,4,1,0,0,0,0,0,0,0,0,35.413577,36.517385,141.654307,1.59172,13.40035,12.8006,1.0469,0.94763,0.705357,2,0.700106,0.838502,360,1303,0.276285495011512,0.153081,0.837077,0.59509,0.712727,233,155,0.9967,1.3979,1.3233,34.38,0.952381,b56d990f86e127ab112ddac2fb337b251ae17f5ad76b8178586de0d9fb632c9d,10bd6134d1956b59ae9f946801ced612b270f924,a15ec6ff235901b1692c7cf9dbd2346970be0864d8b509cdf162d5443047cac2
main__dynamic_pedestrians__MAPPO__seed7__ep00,main_comparison,dynamic_pedestrians,1,MAPPO,7,0,70100,70100210300,70100210397,4,1,1500,0.1,ON,1,0.05,0.15,0,10,0.9,1.1,4,1,0,0,0,0,0,0,0,0,34.187634,35.592083,136.750537,1.055224,13.688066,12.7997,1.0694,0.930416,0.835869,7,0.685308,0.908292,357,1259,0.283558379666402,0.141834,0.916198,0.582512,0.772048,205,137,0.9512,1.4491,1.4545,32.7593,0.952381,4607c21b2eb4a7a8f399ce755480a47d973b10f48a6daa24eba74568f388c86d,10bd6134d1956b59ae9f946801ced612b270f924,a15ec6ff235901b1692c7cf9dbd2346970be0864d8b509cdf162d5443047cac2
main__dynamic_pedestrians__MAPPO__seed7__ep01,main_comparison,dynamic_pedestrians,1,MAPPO,7,1,70101,70101210304,70101210401,4,1,1500,0.1,ON,1,0.05,0.15,0,10,0.9,1.1,4,1,0,0,0,0,0,0,0,0,30.500516,35.83451,122.002062,1.175019,13.055798,12.8093,1.0192,0.963001,0.776534,8,0.623453,0.900674,385,1426,0.269985974754558,0.162708,0.801044,0.529935,0.765573,188,126,1.0187,1.7834,1.2133,37.1311,0.952381,4607c21b2eb4a7a8f399ce755480a47d973b10f48a6daa24eba74568f388c86d,10bd6134d1956b59ae9f946801ced612b270f924,a15ec6ff235901b1692c7cf9dbd2346970be0864d8b509cdf162d5443047cac2
main__dynamic_pedestrians__MAPPO__seed7__ep02,main_comparison,dynamic_pedestrians,1,MAPPO,7,2,70102,70102210308,70102210405,4,1,1500,0.1,ON,1,0.05,0.15,0,10,0.9,1.1,4,1,0,0,0,0,0,0,0,0,31.135037,34.183157,124.540148,0.951655,13.053716,12.7926,1.0204,0.94721,0.915627,5,0.659465,0.892412,432,1742,0.247990815154994,0.125462,0.809708,0.560546,0.75855,169,112,0.7192,1.3755,1.352,32.5525,0.952381,4607c21b2eb4a7a8f399ce755480a47d973b10f48a6daa24eba74568f388c86d,10bd6134d1956b59ae9f946801ced612b270f924,a15ec6ff235901b1692c7cf9dbd2346970be0864d8b509cdf162d5443047cac2
main__dynamic_pedestrians__MAPPO__seed7__ep03,main_comparison,dynamic_pedestrians,1,MAPPO,7,3,70103,70103210312,70103210409,4,1,1500,0.1,ON,1,0.05,0.15,0,10,0.9,1.1,4,1,0,0,0,0,0,0,0,0,32.830539,34.339005,131.322155,0.977151,12.955674,12.7877,1.0131,0.948356,0.740246,3,0.651067,0.882445,317,1135,0.279295154185022,0.130943,0.833389,0.553407,0.750078,224,149,0.8252,1.3314,1.485,31.8838,0.952381,4607c21b2eb4a7a8f399ce755480a47d973b10f48a6daa24eba74568f388c86d,10bd6134d1956b59ae9f946801ced612b270f924,a15ec6ff235901b1692c7cf9dbd2346970be0864d8b509cdf162d5443047cac2
main__dynamic_pedestrians__MAPPO__seed7__ep04,main_comparison,dynamic_pedestrians,1,MAPPO,7,4,70104,70104210316,70104210413,4,1,1500,0.1,ON,1,0.05,0.15,0,10,0.9,1.1,4,1,0,0,0,0,0,0,0,0,34.315696,35.828801,137.262784,1.031543,13.486119,12.7963,1.0539,0.940209,0.734413,3,0.660694,0.843879,277,996,0.278112449799197,0.129908,0.87506,0.56159,0.717297,227,151,0.8679,1.8176,1.2044,35.4452,0.952381,4607c21b2eb4a7a8f399ce755480a47d973b10f48a6daa24eba74568f388c86d,10bd6134d1956b59ae9f946801ced612b270f924,a15ec6ff235901b1692c7cf9dbd2346970be0864d8b509cdf162d5443047cac2
main__dynamic_pedestrians__MAPPO__seed7__ep05,main_comparison,dynamic_pedestrians,1,MAPPO,7,5,70105,70105210320,70105210417,4,1,1500,0.1,ON,1,0.05,0.15,0,10,0.9,1.1,4,1,0,0,0,0,0,0,0,0,32.901348,34.470423,131.605391,0.677146,13.638481,12.8235,1.0636,0.944087,0.848358,4,0.685844,0.954019,338,1226,0.275693311582382,0.168829,0.837965,0.582967,0.810916,142,94,1.0848,1.3043,1.3035,35.2819,0.952381,4607c21b2eb4a7a8f399ce755480a47d973b10f48a6daa24eba74568f388c86d,10bd6134d1956b59ae9f946801ced612b270f924,a15ec6ff235901b1692c7cf9dbd2346970be0864d8b509cdf162d5443047cac2
main__dynamic_pedestrians__MAPPO__seed7__ep06,main_comparison,dynamic_pedestrians,1,MAPPO,7,6,70106,70106210324,70106210421,4,1,1500,0.1,ON,1,0.05,0.15,0,10,0.9,1.1,4,1,0,0,0,0,0,0,0,0,34.754817,36.89501,139.019267,1.104392,13.525895,12.8126,1.0557,0.924074,0.793993,3,0.640717,0.904963,313,1106,0.283001808318264,0.140348,0.885192,0.544609,0.769219,239,160,0.7789,1.807,1.2412,35.4387,0.952381,4607c21b2eb4a7a8f399ce755480a47d973b10f48a6daa24eba74568f388c86d,10bd6134d1956b59ae9f946801ced612b270f924,a15ec6ff235901b1692c7cf9dbd2346970be0864d8b509cdf162d5443047cac2
main__dynamic_pedestrians__MAPPO__seed7__ep07,main_comparison,dynamic_pedestrians,1,MAPPO,7,7,70107,70107210328,70107210425,4,1,1500,0.1,ON,1,0.05,0.15,0,10,0.9,1.1,4,1,0,0,0,0,0,0,0,0,32.494937,33.880222,129.979747,0.796947,13.321699,12.7875,1.0418,0.937578,0.839636,1,0.646194,0.91059,335,1206,0.277777777777778,0.144119,0.836138,0.549265,0.774002,208,138,0.7833,1.6049,1.3904,35.1807,0.952381,4607c21b2eb4a7a8f399ce755480a47d973b10f48a6daa24eba74568f388c86d,10bd6134d1956b59ae9f946801ced612b270f924,a15ec6ff235901b1692c7cf9dbd2346970be0864d8b509cdf162d5443047cac2
main__dynamic_pedestrians__MAPPO__seed7__ep08,main_comparison,dynamic_pedestrians,1,MAPPO,7,8,70108,70108210332,70108210429,4,1,1500,0.1,ON,1,0.05,0.15,0,10,0.9,1.1,4,1,0,0,0,0,0,0,0,0,31.183348,36.893677,124.733392,1.293014,13.427614,12.8135,1.0479,0.928686,0.851047,6,0.648952,0.91665,375,1363,0.275128393250183,0.12952,0.854616,0.55161,0.779153,269,180,1.0479,1.5459,1.3198,33.9583,0.952381,4607c21b2eb4a7a8f399ce755480a47d973b10f48a6daa24eba74568f388c86d,10bd6134d1956b59ae9f946801ced612b270f924,a15ec6ff235901b1692c7cf9dbd2346970be0864d8b509cdf162d5443047cac2
main__dynamic_pedestrians__MAPPO__seed7__ep09,main_comparison,dynamic_pedestrians,1,MAPPO,7,9,70109,70109210336,70109210433,4,1,1500,0.1,ON,1,0.05,0.15,0,10,0.9,1.1,4,1,0,0,0,0,0,0,0,0,32.210415,35.117884,128.84166,1.068848,13.299944,12.8218,1.0373,0.940469,0.841767,3,0.637398,0.884713,332,1147,0.289450741063644,0.143666,0.870692,0.541789,0.752006,203,135,0.9226,1.5084,1.4693,33.5318,0.952381,4607c21b2eb4a7a8f399ce755480a47d973b10f48a6daa24eba74568f388c86d,10bd6134d1956b59ae9f946801ced612b270f924,a15ec6ff235901b1692c7cf9dbd2346970be0864d8b509cdf162d5443047cac2
main__mixed_complex__MAPPO__seed0__ep00,main_comparison,mixed_complex,2,MAPPO,0,0,200,200000600,200000697,4,1,2000,0.1,ON,1,0.05,0.15,0,10,0.9,1.1,4,1,0,0,0,0,0,0,0,0,46.698791,50.051615,186.795162,0.971802,21.075328,23.0091,0.916,0.76161,0.728665,0,0.893446,0.778558,654,2004,0.326347305389222,0.165004,0.904011,0.759429,0.661775,371,248,0.8776,1.4473,1.1327,50.1507,0.952381,0ca502417fc7ce8cc715ac05c7cd72fcb2ab4cb604afa783f55aae11b03dfdbc,10bd6134d1956b59ae9f946801ced612b270f924,a15ec6ff235901b1692c7cf9dbd2346970be0864d8b509cdf162d5443047cac2
main__mixed_complex__MAPPO__seed0__ep01,main_comparison,mixed_complex,2,MAPPO,0,1,201,201000604,201000701,4,1,2000,0.1,ON,1,0.05,0.15,0,10,0.9,1.1,4,1,0,0,0,0,0,0,0,0,46.873584,51.059598,187.494335,1.20083,21.650348,23.1342,0.9359,0.766312,0.7878,0,0.910853,0.725307,492,1583,0.310802274162982,0.158445,0.836424,0.774225,0.616511,366,244,1.0517,1.4733,1.4129,52.934,0.952381,0ca502417fc7ce8cc715ac05c7cd72fcb2ab4cb604afa783f55aae11b03dfdbc,10bd6134d1956b59ae9f946801ced612b270f924,a15ec6ff235901b1692c7cf9dbd2346970be0864d8b509cdf162d5443047cac2
main__mixed_complex__MAPPO__seed0__ep02,main_comparison,mixed_complex,2,MAPPO,0,2,202,202000608,202000705,4,1,2000,0.1,ON,1,0.05,0.15,0,10,0.9,1.1,4,1,0,0,0,0,0,0,0,0,45.691138,48.881298,182.764551,0.858607,22.006455,22.9326,0.9596,0.759828,0.728526,0,0.888533,0.76356,667,2291,0.291139240506329,0.151739,0.783714,0.755253,0.649026,340,227,1.0474,1.8082,1.1157,44.5851,0.952381,0ca502417fc7ce8cc715ac05c7cd72fcb2ab4cb604afa783f55aae11b03dfdbc,10bd6134d1956b59ae9f946801ced612b270f924,a15ec6ff235901b1692c7cf9dbd2346970be0864d8b509cdf162d5443047cac2
main__mixed_complex__MAPPO__seed0__ep03,main_comparison,mixed_complex,2,MAPPO,0,3,203,203000612,203000709,4,1,2000,0.1,ON,1,0.05,0.15,0,10,0.9,1.1,4,1,0,0,0,0,0,0,0,0,47.78654,51.485668,191.146161,1.142175,21.006671,23.0527,0.9112,0.738574,0.596288,1,0.868509,0.771616,674,2165,0.311316397228637,0.155279,0.80829,0.738232,0.655873,484,323,1.0018,1.464,1.3255,48.5845,0.952381,0ca502417fc7ce8cc715ac05c7cd72fcb2ab4cb604afa783f55aae11b03dfdbc,10bd6134d1956b59ae9f946801ced612b270f924,a15ec6ff235901b1692c7cf9dbd2346970be0864d8b509cdf162d5443047cac2
main__mixed_complex__MAPPO__seed0__ep04,main_comparison,mixed_complex,2,MAPPO,0,4,204,204000616,204000713,4,1,2000,0.1,ON,1,0.05,0.15,0,10,0.9,1.1,4,1,0,0,0,0,0,0,0,0,50.168989,51.15391,200.675954,1.016458,20.970066,23.1777,0.9048,0.790969,0.782544,0,0.845494,0.877957,520,1695,0.306784660766962,0.156118,0.85561,0.71867,0.746264,276,184,0.7793,1.4968,1.1821,49.6941,0.952381,0ca502417fc7ce8cc715ac05c7cd72fcb2ab4cb604afa783f55aae11b03dfdbc,10bd6134d1956b59ae9f946801ced612b270f924,a15ec6ff235901b1692c7cf9dbd2346970be0864d8b509cdf162d5443047cac2
main__mixed_complex__MAPPO__seed0__ep05,main_comparison,mixed_complex,2,MAPPO,0,5,205,205000620,205000717,4,1,2000,0.1,ON,1,0.05,0.15,0,10,0.9,1.1,4,1,0,0,0,0,0,0,0,0,49.269725,52.539965,197.078899,1.286014,21.022318,23.1388,0.9085,0.770205,0.751457,0,0.881993,0.758969,648,1991,0.325464590657961,0.168081,0.857579,0.749694,0.645123,327,218,0.7596,1.3002,1.3504,44.034,0.952381,0ca502417fc7ce8cc715ac05c7cd72fcb2ab4cb604afa783f55aae11b03dfdbc,10bd6134d1956b59ae9f946801ced612b270f924,a15ec6ff235901b1692c7cf9dbd2346970be0864d8b509cdf162d5443047cac2
main__mixed_complex__MAPPO__seed0__ep06,main_comparison,mixed_complex,2,MAPPO,0,6,206,206000624,206000721,4,1,2000,0.1,ON,1,0.05,0.15,0,10,0.9,1.1,4,1,0,0,0,0,0,0,0,0,47.355087,48.756421,189.420348,0.852215,21.782523,22.9948,0.9473,0.771708,0.713417,0,0.966408,0.74305,600,1910,0.31413612565445,0.169205,0.865003,0.821447,0.631593,406,270,0.9363,1.8591,1.1253,48.2871,0.952381,0ca502417fc7ce8cc715ac05c7cd72fcb2ab4cb604afa783f55aae11b03dfdbc,10bd6134d1956b59ae9f946801ced612b270f924,a15ec6ff235901b1692c7cf9dbd2346970be0864d8b509cdf162d5443047cac2
main__mixed_complex__MAPPO__seed0__ep07,main_comparison,mixed_complex,2,MAPPO,0,7,207,207000628,207000725,4,1,2000,0.1,ON,1,0.05,0.15,0,10,0.9,1.1,4,1,0,0,0,0,0,0,0,0,48.032171,49.147454,192.128685,1.242504,22.171574,23.0529,0.9618,0.775223,0.723017,0,0.859023,0.754881,545,1728,0.315393518518518,0.139576,0.822047,0.73017,0.641649,404,269,0.8364,1.5719,1.1123,54.7786,0.952381,0ca502417fc7ce8cc715ac05c7cd72fcb2ab4cb604afa783f55aae11b03dfdbc,10bd6134d1956b59ae9f946801ced612b270f924,a15ec6ff235901b1692c7cf9dbd2346970be0864d8b509cdf162d5443047cac2
main__mixed_complex__MAPPO__seed0__ep08,main_comparison,mixed_complex,2,MAPPO,0,8,208,208000632,208000729,4,1,2000,0.1,ON,1,0.05,0.15,0,10,0.9,1.1,4,1,0,0,0,0,0,0,0,0,43.995118,49.655948,175.980473,1.074613,21.741759,22.9902,0.9457,0.751618,0.769821,0,0.854505,0.74085,596,2029,0.293740758994579,0.196125,0.846634,0.726329,0.629723,424,282,0.8713,1.5138,1.2319,51.5966,0.952381,0ca502417fc7ce8cc715ac05c7cd72fcb2ab4cb604afa783f55aae11b03dfdbc,10bd6134d1956b59ae9f946801ced612b270f924,a15ec6ff235901b1692c7cf9dbd2346970be0864d8b509cdf162d5443047cac2
main__mixed_complex__MAPPO__seed0__ep09,main_comparison,mixed_complex,2,MAPPO,0,9,209,209000636,209000733,4,1,2000,0.1,ON,1,0.05,0.15,0,10,0.9,1.1,4,1,0,0,0,0,0,0,0,0,45.644622,52.124101,182.578489,1.078814,21.302548,23.0095,0.9258,0.770422,0.729462,0,0.875772,0.78782,550,1813,0.303364589078875,0.154045,0.837734,0.744406,0.669647,367,244,1.0379,1.6755,1.2914,46.4161,0.952381,0ca502417fc7ce8cc715ac05c7cd72fcb2ab4cb604afa783f55aae11b03dfdbc,10bd6134d1956b59ae9f946801ced612b270f924,a15ec6ff235901b1692c7cf9dbd2346970be0864d8b509cdf162d5443047cac2
main__mixed_complex__MAPPO__seed1__ep00,main_comparison,mixed_complex,2,MAPPO,1,0,10200,10200030600,10200030697,4,1,2000,0.1,ON,1,0.05,0.15,0,10,0.9,1.1,4,1,0,0,0,0,0,0,0,0,48.77807,53.761018,195.112281,0.984038,21.232617,22.9948,0.9234,0.764112,0.870203,3,0.848455,0.85427,616,1997,0.308462694041062,0.177904,0.845722,0.721187,0.72613,392,262,1.0992,1.8126,1.3156,48.521,0.952381,9bb98e4f7d842e98fa4b512044747bc0b4c47124b2236f646416b2580d4dfee9,10bd6134d1956b59ae9f946801ced612b270f924,a15ec6ff235901b1692c7cf9dbd2346970be0864d8b509cdf162d5443047cac2
main__mixed_complex__MAPPO__seed1__ep01,main_comparison,mixed_complex,2,MAPPO,1,1,10201,10201030604,10201030701,4,1,2000,0.1,ON,1,0.05,0.15,0,10,0.9,1.1,4,1,0,0,0,0,0,0,0,0,46.590727,50.173754,186.362908,1.395802,21.929969,23.1388,0.9478,0.759867,0.803305,2,0.847628,0.774353,689,1979,0.348155634158666,0.133917,0.84799,0.720483,0.6582,409,273,0.8979,1.5694,1.2226,51.8282,0.952381,9bb98e4f7d842e98fa4b512044747bc0b4c47124b2236f646416b2580d4dfee9,10bd6134d1956b59ae9f946801ced612b270f924,a15ec6ff235901b1692c7cf9dbd2346970be0864d8b509cdf162d5443047cac2
main__mixed_complex__MAPPO__seed1__ep02,main_comparison,mixed_complex,2,MAPPO,1,2,10202,10202030608,10202030705,4,1,2000,0.1,ON,1,0.05,0.15,0,10,0.9,1.1,4,1,0,0,0,0,0,0,0,0,52.990152,53.265103,211.96061,1.224179,21.32932,22.8845,0.932,0.781346,0.7024,1,0.838473,0.818349,551,1688,0.326421800947867,0.148853,0.844471,0.712702,0.695597,347,232,1.0532,1.3261,1.2855,49.9555,0.952381,9bb98e4f7d842e98fa4b512044747bc0b4c47124b2236f646416b2580d4dfee9,10bd6134d1956b59ae9f946801ced612b270f924,a15ec6ff235901b1692c7cf9dbd2346970be0864d8b509cdf162d5443047cac2
main__mixed_complex__MAPPO__seed1__ep03,main_comparison,mixed_complex,2,MAPPO,1,3,10203,10203030612,10203030709,4,1,2000,0.1,ON,1,0.05,0.15,0,10,0.9,1.1,4,1,0,0,0,0,0,0,0,0,46.834368,50.135988,187.337471,1.285625,22.016666,23.1154,0.9525,0.776504,0.783524,2,0.802539,0.842607,633,1943,0.32578486875965,0.153534,0.869042,0.682159,0.716216,358,238,0.9333,1.6918,1.2919,44.3272,0.952381,9bb98e4f7d842e98fa4b512044747bc0b4c47124b2236f646416b2580d4dfee9,10bd6134d1956b59ae9f946801ced612b270f924,a15ec6ff235901b1692c7cf9dbd2346970be0864d8b509cdf162d5443047cac2
main__mixed_complex__MAPPO__seed1__ep04,main_comparison,mixed_complex,2,MAPPO,1,4,10204,10204030616,10204030713,4,1,2000,0.1,ON,1,0.05,0.15,0,10,0.9,1.1,4,1,0,0,0,0,0,0,0,0,47.537507,51.094268,190.150029,1.429282,21.527109,22.9467,0.9381,0.764855,0.888447,1,0.809144,0.820478,597,1919,0.311099531005732,0.16099,0.809956,0.687772,0.697406,365,244,1.0415,1.6847,1.244,51.1283,0.952381,9bb98e4f7d842e98fa4b512044747bc0b4c47124b2236f646416b2580d4dfee9,10bd6134d1956b59ae9f946801ced612b270f924,a15ec6ff235901b1692c7cf9dbd2346970be0864d8b509cdf162d5443047cac2
main__mixed_complex__MAPPO__seed1__ep05,main_comparison,mixed_complex,2,MAPPO,1,5,10205,10205030620,10205030717,4,1,2000,0.1,ON,1,0.05,0.15,0,10,0.9,1.1,4,1,0,0,0,0,0,0,0,0,46.444951,52.306801,185.779803,0.662932,21.628462,23.1777,0.9332,0.764291,0.787648,1,0.855209,0.855083,550,1608,0.342039800995025,0.174771,0.774778,0.726928,0.726821,403,269,0.9318,1.7253,1.2187,46.4507,0.952381,9bb98e4f7d842e98fa4b512044747bc0b4c47124b2236f646416b2580d4dfee9,10bd6134d1956b59ae9f946801ced612b270f924,a15ec6ff235901b1692c7cf9dbd2346970be0864d8b509cdf162d5443047cac2
main__mixed_complex__MAPPO__seed1__ep06,main_comparison,mixed_complex,2,MAPPO,1,6,10206,10206030624,10206030721,4,1,2000,0.1,ON,1,0.05,0.15,0,10,0.9,1.1,4,1,0,0,0,0,0,0,0,0,52.267402,52.538739,209.069607,0.991975,21.61517,23.1195,0.9349,0.769922,0.767072,3,0.87514,0.8193,608,1936,0.31404958677686,0.152308,0.877326,0.743869,0.696405,344,229,0.7487,1.6617,1.125,46.3038,0.952381,9bb98e4f7d842e98fa4b512044747bc0b4c47124b2236f646416b2580d4dfee9,10bd6134d1956b59ae9f946801ced612b270f924,a15ec6ff235901b1692c7cf9dbd2346970be0864d8b509cdf162d5443047cac2
main__mixed_complex__MAPPO__seed1__ep07,main_comparison,mixed_complex,2,MAPPO,1,7,10207,10207030628,10207030725,4,1,2000,0.1,ON,1,0.05,0.15,0,10,0.9,1.1,4,1,0,0,0,0,0,0,0,0,43.801827,49.089549,175.207307,0.991272,21.304288,23.0527,0.9242,0.768576,0.727763,0,0.851437,0.780561,639,2003,0.319021467798302,0.174977,0.851494,0.723722,0.663477,394,263,0.9615,1.4096,1.3395,51.5077,0.952381,9bb98e4f7d842e98fa4b512044747bc0b4c47124b2236f646416b2580d4dfee9,10bd6134d1956b59ae9f946801ced612b270f924,a15ec6ff235901b1692c7cf9dbd2346970be0864d8b509cdf162d5443047cac2
main__mixed_complex__MAPPO__seed1__ep08,main_comparison,mixed_complex,2,MAPPO,1,8,10208,10208030632,10208030729,4,1,2000,0.1,ON,1,0.05,0.15,0,10,0.9,1.1,4,1,0,0,0,0,0,0,0,0,46.322739,48.583243,185.290957,0.915457,20.218998,23.2011,0.8715,0.787057,0.790036,3,0.784381,0.769807,658,1847,0.356253383865728,0.175721,0.874639,0.666724,0.654336,425,283,0.8278,1.4485,1.3635,47.4739,0.952381,9bb98e4f7d842e98fa4b512044747bc0b4c47124b2236f646416b2580d4dfee9,10bd6134d1956b59ae9f946801ced612b270f924,a15ec6ff235901b1692c7cf9dbd2346970be0864d8b509cdf162d5443047cac2
main__mixed_complex__MAPPO__seed1__ep09,main_comparison,mixed_complex,2,MAPPO,1,9,10209,10209030636,10209030733,4,1,2000,0.1,ON,1,0.05,0.15,0,10,0.9,1.1,4,1,0,0,0,0,0,0,0,0,48.745298,51.430406,194.981193,0.742887,21.441014,23.0529,0.9301,0.787087,0.756918,2,0.810172,0.806988,554,1639,0.338010982306284,0.161757,0.824868,0.688646,0.685939,299,200,0.9901,1.7381,1.1834,48.1581,0.952381,9bb98e4f7d842e98fa4b512044747bc0b4c47124b2236f646416b2580d4dfee9,10bd6134d1956b59ae9f946801ced612b270f924,a15ec6ff235901b1692c7cf9dbd2346970be0864d8b509cdf162d5443047cac2
main__mixed_complex__MAPPO__seed2__ep00,main_comparison,mixed_complex,2,MAPPO,2,0,20200,20200060600,20200060697,4,1,2000,0.1,ON,1,0.05,0.15,0,10,0.9,1.1,4,1,0,0,0,0,0,0,0,0,47.628883,52.080017,190.515533,1.110049,21.48592,22.9323,0.9369,0.783614,0.837381,1,0.825994,0.735585,668,2186,0.305580969807868,0.151127,0.854151,0.702095,0.625728,386,257,1.0042,1.6473,1.2602,49.1058,0.952381,37a60b6c598a8fb52ef0630130a0ff25612e37a333346153c086f87037cb7f26,10bd6134d1956b59ae9f946801ced612b270f924,a15ec6ff235901b1692c7cf9dbd2346970be0864d8b509cdf162d5443047cac2
main__mixed_complex__MAPPO__seed2__ep01,main_comparison,mixed_complex,2,MAPPO,2,1,20201,20201060604,20201060701,4,1,2000,0.1,ON,1,0.05,0.15,0,10,0.9,1.1,4,1,0,0,0,0,0,0,0,0,52.289124,52.560569,209.156495,0.967029,21.587451,23.0576,0.9362,0.770472,0.735125,0,0.758208,0.7,609,1752,0.347602739726027,0.191491,0.804441,0.644477,0.587614,251,168,0.9442,1.4285,1.1423,45.3632,0.952381,37a60b6c598a8fb52ef0630130a0ff25612e37a333346153c086f87037cb7f26,10bd6134d1956b59ae9f946801ced612b270f924,a15ec6ff235901b1692c7cf9dbd2346970be0864d8b509cdf162d5443047cac2
main__mixed_complex__MAPPO__seed2__ep02,main_comparison,mixed_complex,2,MAPPO,2,2,20202,20202060608,20202060705,4,1,2000,0.1,ON,1,0.05,0.15,0,10,0.9,1.1,4,1,0,0,0,0,0,0,0,0,47.608883,49.755299,190.435532,0.870772,21.457905,22.947,0.9351,0.793294,0.814448,0,0.856104,0.731688,629,1988,0.316398390342052,0.148999,0.861201,0.727689,0.622363,350,233,0.7022,1.4638,1.3852,49.3708,0.952381,37a60b6c598a8fb52ef0630130a0ff25612e37a333346153c086f87037cb7f26,10bd6134d1956b59ae9f946801ced612b270f924,a15ec6ff235901b1692c7cf9dbd2346970be0864d8b509cdf162d5443047cac2
main__mixed_complex__MAPPO__seed2__ep03,main_comparison,mixed_complex,2,MAPPO,2,3,20203,20203060612,20203060709,4,1,2000,0.1,ON,1,0.05,0.15,0,10,0.9,1.1,4,1,0,0,0,0,0,0,0,0,49.533031,51.279167,198.132123,1.36739,21.739387,23.1966,0.9372,0.754753,0.864097,0,0.807083,0.733764,701,2158,0.32483781278962,0.166083,0.858686,0.686021,0.624155,488,325,1.0551,1.3193,1.301,49.2123,0.952381,37a60b6c598a8fb52ef0630130a0ff25612e37a333346153c086f87037cb7f26,10bd6134d1956b59ae9f946801ced612b270f924,a15ec6ff235901b1692c7cf9dbd2346970be0864d8b509cdf162d5443047cac2
main__mixed_complex__MAPPO__seed2__ep04,main_comparison,mixed_complex,2,MAPPO,2,4,20204,20204060616,20204060713,4,1,2000,0.1,ON,1,0.05,0.15,0,10,0.9,1.1,4,1,0,0,0,0,0,0,0,0,48.941001,51.805625,195.764003,0.89756,21.357549,22.8654,0.9341,0.770181,0.858458,0,0.855433,0.746418,579,1796,0.322383073496659,0.151301,0.852083,0.727118,0.635082,350,233,0.8316,1.691,1.126,45.3338,0.952381,37a60b6c598a8fb52ef0630130a0ff25612e37a333346153c086f87037cb7f26,10bd6134d1956b59ae9f946801ced612b270f924,a15ec6ff235901b1692c7cf9dbd2346970be0864d8b509cdf162d5443047cac2
main__mixed_complex__MAPPO__seed2__ep05,main_comparison,mixed_complex,2,MAPPO,2,5,20205,20205060620,20205060717,4,1,2000,0.1,ON,1,0.05,0.15,0,10,0.9,1.1,4,1,0,0,0,0,0,0,0,0,48.583762,51.355867,194.335048,1.256808,21.633443,23.1342,0.9351,0.813756,0.739166,0,0.833657,0.764877,654,2040,0.320588235294118,0.158812,0.820529,0.708608,0.651022,406,271,0.7182,1.6807,1.1342,48.0139,0.952381,37a60b6c598a8fb52ef0630130a0ff25612e37a333346153c086f87037cb7f26,10bd6134d1956b59ae9f946801ced612b270f924,a15ec6ff235901b1692c7cf9dbd2346970be0864d8b509cdf162d5443047cac2
main__mixed_complex__MAPPO__seed2__ep06,main_comparison,mixed_complex,2,MAPPO,2,6,20206,20206060624,20206060721,4,1,2000,0.1,ON,1,0.05,0.15,0,10,0.9,1.1,4,1,0,0,0,0,0,0,0,0,45.70817,50.015886,182.832681,1.121256,21.608533,23.1823,0.9321,0.796319,0.846481,1,0.874446,0.754195,646,2249,0.287238772787906,0.155771,0.87169,0.743279,0.641797,358,239,0.7258,1.8114,1.3008,47.4244,0.952381,37a60b6c598a8fb52ef0630130a0ff25612e37a333346153c086f87037cb7f26,10bd6134d1956b59ae9f946801ced612b270f924,a15ec6ff235901b1692c7cf9dbd2346970be0864d8b509cdf162d5443047cac2
main__mixed_complex__MAPPO__seed2__ep07,main_comparison,mixed_complex,2,MAPPO,2,7,20207,20207060628,20207060725,4,1,2000,0.1,ON,1,0.05,0.15,0,10,0.9,1.1,4,1,0,0,0,0,0,0,0,0,44.877173,48.623857,179.50869,1.15161,21.706724,22.9902,0.9442,0.754911,0.653572,1,0.845733,0.807161,623,1962,0.317533129459735,0.168717,0.86625,0.718873,0.687534,365,243,1.0945,1.5927,1.4456,50.8744,0.952381,37a60b6c598a8fb52ef0630130a0ff25612e37a333346153c086f87037cb7f26,10bd6134d1956b59ae9f946801ced612b270f924,a15ec6ff235901b1692c7cf9dbd2346970be0864d8b509cdf162d5443047cac2
main__mixed_complex__MAPPO__seed2__ep08,main_comparison,mixed_complex,2,MAPPO,2,8,20208,20208060632,20208060729,4,1,2000,0.1,ON,1,0.05,0.15,0,10,0.9,1.1,4,1,0,0,0,0,0,0,0,0,45.245846,51.264767,180.983385,1.068519,21.334923,23.0529,0.9255,0.773014,0.835064,0,0.792833,0.79294,666,2058,0.323615160349854,0.155521,0.829074,0.673908,0.675255,347,232,0.8032,1.5156,1.329,50.6099,0.952381,37a60b6c598a8fb52ef0630130a0ff25612e37a333346153c086f87037cb7f26,10bd6134d1956b59ae9f946801ced612b270f924,a15ec6ff235901b1692c7cf9dbd2346970be0864d8b509cdf162d5443047cac2
main__mixed_complex__MAPPO__seed2__ep09,main_comparison,mixed_complex,2,MAPPO,2,9,20209,20209060636,20209060733,4,1,2000,0.1,ON,1,0.05,0.15,0,10,0.9,1.1,4,1,0,0,0,0,0,0,0,0,47.667375,52.174677,190.669501,1.142785,21.688785,23.2401,0.9332,0.766138,0.716149,1,0.817777,0.780218,468,1552,0.301546391752577,0.168152,0.790777,0.69511,0.664269,341,227,0.8951,1.651,1.3168,47.8478,0.952381,37a60b6c598a8fb52ef0630130a0ff25612e37a333346153c086f87037cb7f26,10bd6134d1956b59ae9f946801ced612b270f924,a15ec6ff235901b1692c7cf9dbd2346970be0864d8b509cdf162d5443047cac2
main__mixed_complex__MAPPO__seed3__ep00,main_comparison,mixed_complex,2,MAPPO,3,0,30200,30200090600,30200090697,4,1,2000,0.1,ON,1,0.05,0.15,0,10,0.9,1.1,4,1,0,0,0,0,0,0,0,0,46.952521,50.033635,187.810083,1.285363,21.626011,23.1823,0.9329,0.785197,0.730579,2,0.828089,0.8227,591,2014,0.293445878848064,0.163959,0.856271,0.703876,0.699295,341,228,0.9139,1.368,1.1414,53.6308,0.952381,c45a8e9f7fbaccddb1f1ca519e29fef66b0e7446efa6c7104be796e719d0f8ce,10bd6134d1956b59ae9f946801ced612b270f924,a15ec6ff235901b1692c7cf9dbd2346970be0864d8b509cdf162d5443047cac2
main__mixed_complex__MAPPO__seed3__ep01,main_comparison,mixed_complex,2,MAPPO,3,1,30201,30201090604,30201090701,4,1,2000,0.1,ON,1,0.05,0.15,0,10,0.9,1.1,4,1,0,0,0,0,0,0,0,0,46.636823,49.230867,186.547291,1.180691,21.508514,22.9467,0.9373,0.790102,0.766704,3,0.876191,0.776639,665,2354,0.28249787595582,0.149216,0.808446,0.744762,0.660143,375,250,1.0139,1.7829,1.3014,54.0865,0.952381,c45a8e9f7fbaccddb1f1ca519e29fef66b0e7446efa6c7104be796e719d0f8ce,10bd6134d1956b59ae9f946801ced612b270f924,a15ec6ff235901b1692c7cf9dbd2346970be0864d8b509cdf162d5443047cac2
main__mixed_complex__MAPPO__seed3__ep02,main_comparison,mixed_complex,2,MAPPO,3,2,30202,30202090608,30202090705,4,1,2000,0.1,ON,1,0.05,0.15,0,10,0.9,1.1,4,1,0,0,0,0,0,0,0,0,43.75766,50.748936,175.030641,0.913697,20.650064,23.1777,0.8909,0.793505,0.653688,2,0.872182,0.800517,684,1971,0.34703196347032,0.146017,0.851056,0.741355,0.68044,304,203,1.0074,1.5643,1.2985,50.1852,0.952381,c45a8e9f7fbaccddb1f1ca519e29fef66b0e7446efa6c7104be796e719d0f8ce,10bd6134d1956b59ae9f946801ced612b270f924,a15ec6ff235901b1692c7cf9dbd2346970be0864d8b509cdf162d5443047cac2
main__mixed_complex__MAPPO__seed3__ep03,main_comparison,mixed_complex,2,MAPPO,3,3,30203,30203090612,30203090709,4,1,2000,0.1,ON,1,0.05,0.15,0,10,0.9,1.1,4,1,0,0,0,0,0,0,0,0,47.312006,49.32798,189.248024,1.264901,21.246202,23.1388,0.9182,0.785851,0.761533,5,0.832748,0.818773,648,2273,0.285085789705235,0.186234,0.83349,0.707836,0.695957,364,243,1.0204,1.863,1.2305,51.0066,0.952381,c45a8e9f7fbaccddb1f1ca519e29fef66b0e7446efa6c7104be796e719d0f8ce,10bd6134d1956b59ae9f946801ced612b270f924,a15ec6ff235901b1692c7cf9dbd2346970be0864d8b509cdf162d5443047cac2
main__mixed_complex__MAPPO__seed3__ep04,main_comparison,mixed_complex,2,MAPPO,3,4,30204,30204090616,30204090713,4,1,2000,0.1,ON,1,0.05,0.15,0,10,0.9,1.1,4,1,0,0,0,0,0,0,0,0,46.108202,49.748833,184.432808,1.129621,21.226813,23.1342,0.9176,0.802018,0.80171,3,0.860269,0.856475,621,1843,0.336950623982637,0.169954,0.8414,0.731229,0.728004,362,241,1.0909,1.6096,1.3684,51.98,0.952381,c45a8e9f7fbaccddb1f1ca519e29fef66b0e7446efa6c7104be796e719d0f8ce,10bd6134d1956b59ae9f946801ced612b270f924,a15ec6ff235901b1692c7cf9dbd2346970be0864d8b509cdf162d5443047cac2
main__mixed_complex__MAPPO__seed3__ep05,main_comparison,mixed_complex,2,MAPPO,3,5,30205,30205090620,30205090717,4,1,2000,0.1,ON,1,0.05,0.15,0,10,0.9,1.1,4,1,0,0,0,0,0,0,0,0,45.358815,47.746051,181.435261,1.069335,21.563096,23.0092,0.9372,0.791571,0.684745,3,0.834164,0.807402,442,1333,0.331582895723931,0.151436,0.854122,0.70904,0.686291,331,220,0.907,1.6444,1.4944,55.043,0.952381,c45a8e9f7fbaccddb1f1ca519e29fef66b0e7446efa6c7104be796e719d0f8ce,10bd6134d1956b59ae9f946801ced612b270f924,a15ec6ff235901b1692c7cf9dbd2346970be0864d8b509cdf162d5443047cac2
main__mixed_complex__MAPPO__seed3__ep06,main_comparison,mixed_complex,2,MAPPO,3,6,30206,30206090624,30206090721,4,1,2000,0.1,ON,1,0.05,0.15,0,10,0.9,1.1,4,1,0,0,0,0,0,0,0,0,46.19692,47.264064,184.787678,0.753962,21.600237,23.0719,0.9362,0.792129,0.669631,2,0.783485,0.807211,598,1827,0.327312534209086,0.193838,0.82588,0.665962,0.68613,321,214,0.9326,1.6422,1.2275,53.5665,0.952381,c45a8e9f7fbaccddb1f1ca519e29fef66b0e7446efa6c7104be796e719d0f8ce,10bd6134d1956b59ae9f946801ced612b270f924,a15ec6ff235901b1692c7cf9dbd2346970be0864d8b509cdf162d5443047cac2
main__mixed_complex__MAPPO__seed3__ep07,main_comparison,mixed_complex,2,MAPPO,3,7,30207,30207090628,30207090725,4,1,2000,0.1,ON,1,0.05,0.15,0,10,0.9,1.1,4,1,0,0,0,0,0,0,0,0,50.264346,52.030544,201.057384,1.172101,21.594073,23.0573,0.9365,0.791035,0.736892,1,0.822857,0.794939,572,1830,0.312568306010929,0.160702,0.844986,0.699429,0.675698,403,268,1.0467,1.8288,1.2146,51.8396,0.952381,c45a8e9f7fbaccddb1f1ca519e29fef66b0e7446efa6c7104be796e719d0f8ce,10bd6134d1956b59ae9f946801ced612b270f924,a15ec6ff235901b1692c7cf9dbd2346970be0864d8b509cdf162d5443047cac2
main__mixed_complex__MAPPO__seed3__ep08,main_comparison,mixed_complex,2,MAPPO,3,8,30208,30208090632,30208090729,4,1,2000,0.1,ON,1,0.05,0.15,0,10,0.9,1.1,4,1,0,0,0,0,0,0,0,0,45.233934,49.60788,180.935734,1.410726,21.280552,23.1151,0.9206,0.790778,0.804108,1,0.841713,0.818893,511,1577,0.324032974001268,0.179766,0.872605,0.715456,0.696059,401,268,0.7843,1.8699,1.127,45.2773,0.952381,c45a8e9f7fbaccddb1f1ca519e29fef66b0e7446efa6c7104be796e719d0f8ce,10bd6134d1956b59ae9f946801ced612b270f924,a15ec6ff235901b1692c7cf9dbd2346970be0864d8b509cdf162d5443047cac2
main__mixed_complex__MAPPO__seed3__ep09,main_comparison,mixed_complex,2,MAPPO,3,9,30209,30209090636,30209090733,4,1,2000,0.1,ON,1,0.05,0.15,0,10,0.9,1.1,4,1,0,0,0,0,0,0,0,0,46.446802,49.385151,185.787208,1.171795,21.660141,23.0576,0.9394,0.805293,0.719382,1,0.782234,0.785688,731,2322,0.314814814814815,0.159437,0.822769,0.664899,0.667835,406,271,1.0985,1.3306,1.2346,53.3973,0.952381,c45a8e9f7fbaccddb1f1ca519e29fef66b0e7446efa6c7104be796e719d0f8ce,10bd6134d1956b59ae9f946801ced612b270f924,a15ec6ff235901b1692c7cf9dbd2346970be0864d8b509cdf162d5443047cac2
main__mixed_complex__MAPPO__seed4__ep00,main_comparison,mixed_complex,2,MAPPO,4,0,40200,40200120600,40200120697,4,1,2000,0.1,ON,1,0.05,0.15,0,10,0.9,1.1,4,1,0,0,0,0,0,0,0,0,50.581654,50.844562,202.326615,0.755813,21.482314,23.0526,0.9319,0.781049,0.778186,1,0.898177,0.790167,617,1975,0.312405063291139,0.169098,0.8014,0.76345,0.671642,424,283,0.8257,1.3021,1.3047,48.9084,0.952381,e636f42911fd38bd9840b30fc3b2209eac23d4212d0409ef97cf77ff3e60b89e,10bd6134d1956b59ae9f946801ced612b270f924,a15ec6ff235901b1692c7cf9dbd2346970be0864d8b509cdf162d5443047cac2
main__mixed_complex__MAPPO__seed4__ep01,main_comparison,mixed_complex,2,MAPPO,4,1,40201,40201120604,40201120701,4,1,2000,0.1,ON,1,0.05,0.15,0,10,0.9,1.1,4,1,0,0,0,0,0,0,0,0,46.095878,48.300192,184.383511,0.954731,22.323716,23.0529,0.9684,0.801758,0.762335,2,0.789307,0.755036,527,1684,0.312945368171021,0.168465,0.941066,0.670911,0.641781,365,243,0.9759,1.6494,1.3531,51.923,0.952381,e636f42911fd38bd9840b30fc3b2209eac23d4212d0409ef97cf77ff3e60b89e,10bd6134d1956b59ae9f946801ced612b270f924,a15ec6ff235901b1692c7cf9dbd2346970be0864d8b509cdf162d5443047cac2
main__mixed_complex__MAPPO__seed4__ep02,main_comparison,mixed_complex,2,MAPPO,4,2,40202,40202120608,40202120705,4,1,2000,0.1,ON,1,0.05,0.15,0,10,0.9,1.1,4,1,0,0,0,0,0,0,0,0,50.551662,51.852064,202.206648,1.126259,22.243541,22.9904,0.9675,0.776701,0.727684,2,0.871528,0.74655,673,2224,0.302607913669065,0.174189,0.830626,0.740798,0.634568,371,248,0.904,1.7455,1.2862,48.7943,0.952381,e636f42911fd38bd9840b30fc3b2209eac23d4212d0409ef97cf77ff3e60b89e,10bd6134d1956b59ae9f946801ced612b270f924,a15ec6ff235901b1692c7cf9dbd2346970be0864d8b509cdf162d5443047cac2
main__mixed_complex__MAPPO__seed4__ep03,main_comparison,mixed_complex,2,MAPPO,4,3,40203,40203120612,40203120709,4,1,2000,0.1,ON,1,0.05,0.15,0,10,0.9,1.1,4,1,0,0,0,0,0,0,0,0,50.631088,50.894243,202.524351,1.294821,21.754481,23.0141,0.9453,0.78302,0.734467,2,0.871909,0.77612,623,1815,0.343250688705234,0.154876,0.811256,0.741123,0.659702,415,277,0.9668,1.6521,1.2804,49.0156,0.952381,e636f42911fd38bd9840b30fc3b2209eac23d4212d0409ef97cf77ff3e60b89e,10bd6134d1956b59ae9f946801ced612b270f924,a15ec6ff235901b1692c7cf9dbd2346970be0864d8b509cdf162d5443047cac2
main__mixed_complex__MAPPO__seed4__ep04,main_comparison,mixed_complex,2,MAPPO,4,4,40204,40204120616,40204120713,4,1,2000,0.1,ON,1,0.05,0.15,0,10,0.9,1.1,4,1,0,0,0,0,0,0,0,0,47.905749,49.640815,191.622995,1.405699,21.792934,22.7771,0.9568,0.801317,0.744615,2,0.85829,0.773095,672,2109,0.318634423897582,0.148785,0.817256,0.729546,0.657131,304,203,0.9564,1.3979,1.4174,45.8116,0.952381,e636f42911fd38bd9840b30fc3b2209eac23d4212d0409ef97cf77ff3e60b89e,10bd6134d1956b59ae9f946801ced612b270f924,a15ec6ff235901b1692c7cf9dbd2346970be0864d8b509cdf162d5443047cac2
main__mixed_complex__MAPPO__seed4__ep05,main_comparison,mixed_complex,2,MAPPO,4,5,40205,40205120620,40205120717,4,1,2000,0.1,ON,1,0.05,0.15,0,10,0.9,1.1,4,1,0,0,0,0,0,0,0,0,45.984947,48.722323,183.939788,1.018459,21.831235,23.0095,0.9488,0.770663,0.737312,1,0.827373,0.758889,587,1754,0.334663625997719,0.165339,0.849213,0.703267,0.645056,362,241,1.0601,1.4463,1.357,53.2901,0.952381,e636f42911fd38bd9840b30fc3b2209eac23d4212d0409ef97cf77ff3e60b89e,10bd6134d1956b59ae9f946801ced612b270f924,a15ec6ff235901b1692c7cf9dbd2346970be0864d8b509cdf162d5443047cac2
main__mixed_complex__MAPPO__seed4__ep06,main_comparison,mixed_complex,2,MAPPO,4,6,40206,40206120624,40206120721,4,1,2000,0.1,ON,1,0.05,0.15,0,10,0.9,1.1,4,1,0,0,0,0,0,0,0,0,48.890283,49.858915,195.56113,0.971451,22.157182,23.0576,0.9609,0.782939,0.779665,2,0.817205,0.818582,682,2346,0.290707587382779,0.174858,0.835174,0.694624,0.695795,351,234,0.8963,1.8076,1.4158,52.0579,0.952381,e636f42911fd38bd9840b30fc3b2209eac23d4212d0409ef97cf77ff3e60b89e,10bd6134d1956b59ae9f946801ced612b270f924,a15ec6ff235901b1692c7cf9dbd2346970be0864d8b509cdf162d5443047cac2
main__mixed_complex__MAPPO__seed4__ep07,main_comparison,mixed_complex,2,MAPPO,4,7,40207,40207120628,40207120725,4,1,2000,0.1,ON,1,0.05,0.15,0,10,0.9,1.1,4,1,0,0,0,0,0,0,0,0,42.42757,43.888459,169.710279,1.251538,22.265804,23.2011,0.9597,0.798011,0.775777,3,0.882508,0.81522,563,1731,0.32524552281918,0.149369,0.856913,0.750132,0.692937,307,205,0.9833,1.445,1.2616,52.7867,0.952381,e636f42911fd38bd9840b30fc3b2209eac23d4212d0409ef97cf77ff3e60b89e,10bd6134d1956b59ae9f946801ced612b270f924,a15ec6ff235901b1692c7cf9dbd2346970be0864d8b509cdf162d5443047cac2
main__mixed_complex__MAPPO__seed4__ep08,main_comparison,mixed_complex,2,MAPPO,4,8,40208,40208120632,40208120729,4,1,2000,0.1,ON,1,0.05,0.15,0,10,0.9,1.1,4,1,0,0,0,0,0,0,0,0,52.216505,52.487587,208.866018,1.043615,21.299361,23.0716,0.9232,0.778578,0.86554,2,0.880236,0.772761,569,1714,0.331971995332555,0.161244,0.838872,0.7482,0.656847,307,204,0.842,1.7603,1.4171,47.3317,0.952381,e636f42911fd38bd9840b30fc3b2209eac23d4212d0409ef97cf77ff3e60b89e,10bd6134d1956b59ae9f946801ced612b270f924,a15ec6ff235901b1692c7cf9dbd2346970be0864d8b509cdf162d5443047cac2
main__mixed_complex__MAPPO__seed4__ep09,main_comparison,mixed_complex,2,MAPPO,4,9,40209,40209120636,40209120733,4,1,2000,0.1,ON,1,0.05,0.15,0,10,0.9,1.1,4,1,0,0,0,0,0,0,0,0,52.735955,53.009635,210.943821,0.875404,21.722132,23.1342,0.939,0.786435,0.671723,2,0.795296,0.822536,613,1858,0.329924650161464,0.162492,0.823979,0.676002,0.699156,391,260,0.9273,1.6142,1.178,50.7906,0.952381,e636f42911fd38bd9840b30fc3b2209eac23d4212d0409ef97cf77ff3e60b89e,10bd6134d1956b59ae9f946801ced612b270f924,a15ec6ff235901b1692c7cf9dbd2346970be0864d8b509cdf162d5443047cac2
main__mixed_complex__MAPPO__seed5__ep00,main_comparison,mixed_complex,2,MAPPO,5,0,50200,50200150600,50200150697,4,1,2000,0.1,ON,1,0.05,0.15,0,10,0.9,1.1,4,1,0,0,0,0,0,0,0,0,47.706647,50.587138,190.826587,1.378012,21.411472,23.1966,0.923,0.776831,0.74771,1,0.927773,0.782599,694,2146,0.323392357875116,0.152861,0.862478,0.788607,0.665209,298,198,1.021,1.3506,1.3756,51.2062,0.952381,e6a2846538f683858547fe4180abdaf81394daa57a969cd7b89cd97ba0793342,10bd6134d1956b59ae9f946801ced612b270f924,a15ec6ff235901b1692c7cf9dbd2346970be0864d8b509cdf162d5443047cac2
main__mixed_complex__MAPPO__seed5__ep01,main_comparison,mixed_complex,2,MAPPO,5,1,50201,50201150604,50201150701,4,1,2000,0.1,ON,1,0.05,0.15,0,10,0.9,1.1,4,1,0,0,0,0,0,0,0,0,41.898975,48.308413,167.595898,1.122986,22.292276,23.1154,0.9644,0.748786,0.710639,1,0.861396,0.805664,701,2270,0.308810572687225,0.170463,0.80948,0.732186,0.684814,325,216,1.0323,1.3038,1.4412,48.8732,0.952381,e6a2846538f683858547fe4180abdaf81394daa57a969cd7b89cd97ba0793342,10bd6134d1956b59ae9f946801ced612b270f924,a15ec6ff235901b1692c7cf9dbd2346970be0864d8b509cdf162d5443047cac2
main__mixed_complex__MAPPO__seed5__ep02,main_comparison,mixed_complex,2,MAPPO,5,2,50202,50202150608,50202150705,4,1,2000,0.1,ON,1,0.05,0.15,0,10,0.9,1.1,4,1,0,0,0,0,0,0,0,0,46.528559,49.437652,186.114235,1.000052,21.297132,23.0527,0.9238,0.769669,0.721098,1,0.895207,0.74769,629,1986,0.316717019133938,0.151494,0.846191,0.760926,0.635537,386,257,0.7774,1.3965,1.363,51.4396,0.952381,e6a2846538f683858547fe4180abdaf81394daa57a969cd7b89cd97ba0793342,10bd6134d1956b59ae9f946801ced612b270f924,a15ec6ff235901b1692c7cf9dbd2346970be0864d8b509cdf162d5443047cac2
main__mixed_complex__MAPPO__seed5__ep03,main_comparison,mixed_complex,2,MAPPO,5,3,50203,50203150612,50203150709,4,1,2000,0.1,ON,1,0.05,0.15,0,10,0.9,1.1,4,1,0,0,0,0,0,0,0,0,48.113282,50.380306,192.453127,0.963431,22.43341,22.9467,0.9776,0.78988,0.67551,2,0.911355,0.832831,677,1980,0.341919191919192,0.162974,0.850281,0.774652,0.707906,281,188,1.0469,1.3314,1.1584,54.2074,0.952381,e6a2846538f683858547fe4180abdaf81394daa57a969cd7b89cd97ba0793342,10bd6134d1956b59ae9f946801ced612b270f924,a15ec6ff235901b1692c7cf9dbd2346970be0864d8b509cdf162d5443047cac2
main__mixed_complex__MAPPO__seed5__ep04,main_comparison,mixed_complex,2,MAPPO,5,4,50204,50204150616,50204150713,4,1,2000,0.1,ON,1,0.05,0.15,0,10,0.9,1.1,4,1,0,0,0,0,0,0,0,0,50.183333,50.44425,200.733333,1.025582,21.799836,23.1198,0.9429,0.769429,0.742413,1,0.874521,0.840968,592,1879,0.315061202767429,0.164658,0.824591,0.743343,0.714823,356,238,0.9876,1.3496,1.1854,51.5818,0.952381,e6a2846538f683858547fe4180abdaf81394daa57a969cd7b89cd97ba0793342,10bd6134d1956b59ae9f946801ced612b270f924,a15ec6ff235901b1692c7cf9dbd2346970be0864d8b509cdf162d5443047cac2
main__mixed_complex__MAPPO__seed5__ep05,main_comparison,mixed_complex,2,MAPPO,5,5,50205,50205150620,50205150717,4,1,2000,0.1,ON,1,0.05,0.15,0,10,0.9,1.1,4,1,0,0,0,0,0,0,0,0,48.856724,49.111007,195.426895,0.97542,21.823384,22.9279,0.9518,0.75727,0.671381,1,0.889313,0.822344,512,1507,0.339747843397478,0.139399,0.802013,0.755916,0.698992,412,274,0.7663,1.4743,1.4832,48.2157,0.952381,e6a2846538f683858547fe4180abdaf81394daa57a969cd7b89cd97ba0793342,10bd6134d1956b59ae9f946801ced612b270f924,a15ec6ff235901b1692c7cf9dbd2346970be0864d8b509cdf162d5443047cac2
main__mixed_complex__MAPPO__seed5__ep06,main_comparison,mixed_complex,2,MAPPO,5,6,50206,50206150624,50206150721,4,1,2000,0.1,ON,1,0.05,0.15,0,10,0.9,1.1,4,1,0,0,0,0,0,0,0,0,48.387103,48.639038,193.548412,0.832563,21.614874,23.1342,0.9343,0.767234,0.575635,1,0.821804,0.847806,571,1695,0.336873156342183,0.161989,0.846216,0.698533,0.720635,309,206,0.7771,1.4268,1.4242,51.1024,0.952381,e6a2846538f683858547fe4180abdaf81394daa57a969cd7b89cd97ba0793342,10bd6134d1956b59ae9f946801ced612b270f924,a15ec6ff235901b1692c7cf9dbd2346970be0864d8b509cdf162d5443047cac2
main__mixed_complex__MAPPO__seed5__ep07,main_comparison,mixed_complex,2,MAPPO,5,7,50207,50207150628,50207150725,4,1,2000,0.1,ON,1,0.05,0.15,0,10,0.9,1.1,4,1,0,0,0,0,0,0,0,0,45.498881,50.175139,181.995523,1.063832,21.932443,23.2401,0.9437,0.776511,0.716606,2,0.841168,0.834223,671,1958,0.342696629213483,0.162312,0.859965,0.714993,0.709089,430,286,0.8768,1.6207,1.4215,49.7774,0.952381,e6a2846538f683858547fe4180abdaf81394daa57a969cd7b89cd97ba0793342,10bd6134d1956b59ae9f946801ced612b270f924,a15ec6ff235901b1692c7cf9dbd2346970be0864d8b509cdf162d5443047cac2
main__mixed_complex__MAPPO__seed5__ep08,main_comparison,mixed_complex,2,MAPPO,5,8,50208,50208150632,50208150729,4,1,2000,0.1,ON,1,0.05,0.15,0,10,0.9,1.1,4,1,0,0,0,0,0,0,0,0,45.125776,49.88225,180.503104,1.138497,22.234882,23.2445,0.9566,0.772594,0.762059,1,0.840873,0.803265,628,1987,0.316054353296427,0.161377,0.865016,0.714742,0.682775,350,233,0.9535,1.4625,1.4628,46.4968,0.952381,e6a2846538f683858547fe4180abdaf81394daa57a969cd7b89cd97ba0793342,10bd6134d1956b59ae9f946801ced612b270f924,a15ec6ff235901b1692c7cf9dbd2346970be0864d8b509cdf162d5443047cac2
main__mixed_complex__MAPPO__seed5__ep09,main_comparison,mixed_complex,2,MAPPO,5,9,50209,50209150636,50209150733,4,1,2000,0.1,ON,1,0.05,0.15,0,10,0.9,1.1,4,1,0,0,0,0,0,0,0,0,46.692331,48.606575,186.769325,0.876215,22.083367,22.7817,0.9693,0.777076,0.709937,1,0.8318,0.786458,596,1923,0.309932397295892,0.162991,0.855549,0.70703,0.66849,429,286,0.7231,1.6376,1.4897,51.2016,0.952381,e6a2846538f683858547fe4180abdaf81394daa57a969cd7b89cd97ba0793342,10bd6134d1956b59ae9f946801ced612b270f924,a15ec6ff235901b1692c7cf9dbd2346970be0864d8b509cdf162d5443047cac2
main__mixed_complex__MAPPO__seed6__ep00,main_comparison,mixed_complex,2,MAPPO,6,0,60200,60200180600,60200180697,4,1,2000,0.1,ON,1,0.05,0.15,0,10,0.9,1.1,4,1,0,0,0,0,0,0,0,0,50.224618,53.045686,200.898473,1.052677,20.891791,22.9018,0.9122,0.796449,0.727589,0,0.844353,0.738708,600,1801,0.333148250971682,0.159497,0.809822,0.7177,0.627902,335,224,1.0781,1.798,1.2364,48.8903,0.952381,be0fc729bb8d0d485bb80c427b94aecfdfb3c2bde20e06ada2f436a88984e96a,10bd6134d1956b59ae9f946801ced612b270f924,a15ec6ff235901b1692c7cf9dbd2346970be0864d8b509cdf162d5443047cac2
main__mixed_complex__MAPPO__seed6__ep01,main_comparison,mixed_complex,2,MAPPO,6,1,60201,60201180604,60201180701,4,1,2000,0.1,ON,1,0.05,0.15,0,10,0.9,1.1,4,1,0,0,0,0,0,0,0,0,43.657464,51.071371,174.629857,0.915966,22.559501,23.0095,0.9804,0.810089,0.799848,1,0.797379,0.789023,650,2106,0.308641975308642,0.168837,0.7896,0.677772,0.670669,405,270,1.0669,1.5627,1.1741,46.0408,0.952381,be0fc729bb8d0d485bb80c427b94aecfdfb3c2bde20e06ada2f436a88984e96a,10bd6134d1956b59ae9f946801ced612b270f924,a15ec6ff235901b1692c7cf9dbd2346970be0864d8b509cdf162d5443047cac2
main__mixed_complex__MAPPO__seed6__ep02,main_comparison,mixed_complex,2,MAPPO,6,2,60202,60202180608,60202180705,4,1,2000,0.1,ON,1,0.05,0.15,0,10,0.9,1.1,4,1,0,0,0,0,0,0,0,0,50.610984,50.874039,202.443937,0.986099,21.45272,23.1777,0.9256,0.774008,0.751644,1,0.851588,0.777001,589,1795,0.328133704735376,0.176315,0.854127,0.723849,0.660451,319,213,0.8693,1.6279,1.1629,51.094,0.952381,be0fc729bb8d0d485bb80c427b94aecfdfb3c2bde20e06ada2f436a88984e96a,10bd6134d1956b59ae9f946801ced612b270f924,a15ec6ff235901b1692c7cf9dbd2346970be0864d8b509cdf162d5443047cac2
main__mixed_complex__MAPPO__seed6__ep03,main_comparison,mixed_complex,2,MAPPO,6,3,60203,60203180612,60203180709,4,1,2000,0.1,ON,1,0.05,0.15,0,10,0.9,1.1,4,1,0,0,0,0,0,0,0,0,48.17346,52.147222,192.693841,1.183852,21.564884,22.9692,0.9389,0.773313,0.801915,1,0.846827,0.781142,572,1652,0.346246973365617,0.148004,0.852276,0.719803,0.663971,413,276,1.0055,1.7924,1.3365,41.3984,0.952381,be0fc729bb8d0d485bb80c427b94aecfdfb3c2bde20e06ada2f436a88984e96a,10bd6134d1956b59ae9f946801ced612b270f924,a15ec6ff235901b1692c7cf9dbd2346970be0864d8b509cdf162d5443047cac2
main__mixed_complex__MAPPO__seed6__ep04,main_comparison,mixed_complex,2,MAPPO,6,4,60204,60204180616,60204180713,4,1,2000,0.1,ON,1,0.05,0.15,0,10,0.9,1.1,4,1,0,0,0,0,0,0,0,0,47.398795,51.334078,189.59518,1.145611,21.594498,22.8654,0.9444,0.769482,0.823739,0,0.839301,0.804985,663,2015,0.329032258064516,0.168922,0.843905,0.713406,0.684238,374,250,0.7574,1.4751,1.1384,47.3877,0.952381,be0fc729bb8d0d485bb80c427b94aecfdfb3c2bde20e06ada2f436a88984e96a,10bd6134d1956b59ae9f946801ced612b270f924,a15ec6ff235901b1692c7cf9dbd2346970be0864d8b509cdf162d5443047cac2
main__mixed_complex__MAPPO__seed6__ep05,main_comparison,mixed_complex,2,MAPPO,6,5,60205,60205180620,60205180717,4,1,2000,0.1,ON,1,0.05,0.15,0,10,0.9,1.1,4,1,0,0,0,0,0,0,0,0,48.300065,49.321272,193.20026,1.070228,21.193171,23.1342,0.9161,0.792464,0.640143,1,0.879188,0.80459,660,2049,0.322108345534407,0.159601,0.87275,0.74731,0.683902,386,257,1.0005,1.7022,1.4567,50.7793,0.952381,be0fc729bb8d0d485bb80c427b94aecfdfb3c2bde20e06ada2f436a88984e96a,10bd6134d1956b59ae9f946801ced612b270f924,a15ec6ff235901b1692c7cf9dbd2346970be0864d8b509cdf162d5443047cac2
main__mixed_complex__MAPPO__seed6__ep06,main_comparison,mixed_complex,2,MAPPO,6,6,60206,60206180624,60206180721,4,1,2000,0.1,ON,1,0.05,0.15,0,10,0.9,1.1,4,1,0,0,0,0,0,0,0,0,47.871553,50.299107,191.486212,1.093904,21.517577,23.1777,0.9284,0.778829,0.795842,1,0.838787,0.828464,564,1787,0.315612758813654,0.163694,0.842158,0.712969,0.704194,313,208,0.9836,1.8213,1.139,55.2317,0.952381,be0fc729bb8d0d485bb80c427b94aecfdfb3c2bde20e06ada2f436a88984e96a,10bd6134d1956b59ae9f946801ced612b270f924,a15ec6ff235901b1692c7cf9dbd2346970be0864d8b509cdf162d5443047cac2
main__mixed_complex__MAPPO__seed6__ep07,main_comparison,mixed_complex,2,MAPPO,6,7,60207,60207180628,60207180725,4,1,2000,0.1,ON,1,0.05,0.15,0,10,0.9,1.1,4,1,0,0,0,0,0,0,0,0,48.628651,51.493409,194.514604,1.140211,21.122276,22.822,0.9255,0.76695,0.830821,0,0.892011,0.750338,573,1787,0.32064913262451,0.156613,0.846197,0.758209,0.637788,343,228,0.9207,1.5207,1.3129,47.7439,0.952381,be0fc729bb8d0d485bb80c427b94aecfdfb3c2bde20e06ada2f436a88984e96a,10bd6134d1956b59ae9f946801ced612b270f924,a15ec6ff235901b1692c7cf9dbd2346970be0864d8b509cdf162d5443047cac2
main__mixed_complex__MAPPO__seed6__ep08,main_comparison,mixed_complex,2,MAPPO,6,8,60208,60208180632,60208180729,4,1,2000,0.1,ON,1,0.05,0.15,0,10,0.9,1.1,4,1,0,0,0,0,0,0,0,0,44.04106,50.871844,176.164241,1.067686,20.830585,23.1342,0.9004,0.775553,0.878928,0,0.809462,0.755193,533,1652,0.322639225181598,0.177109,0.861752,0.688042,0.641914,362,242,0.8187,1.8824,1.2036,48.3632,0.952381,be0fc729bb8d0d485bb80c427b94aecfdfb3c2bde20e06ada2f436a88984e96a,10bd6134d1956b59ae9f946801ced612b270f924,a15ec6ff235901b1692c7cf9dbd2346970be0864d8b509cdf162d5443047cac2
main__mixed_complex__MAPPO__seed6__ep09,main_comparison,mixed_complex,2,MAPPO,6,9,60209,60209180636,60209180733,4,1,2000,0.1,ON,1,0.05,0.15,0,10,0.9,1.1,4,1,0,0,0,0,0,0,0,0,48.519914,51.808155,194.079655,0.989895,21.966986,23.1195,0.9501,0.762707,0.887719,0,0.83553,0.818998,600,1946,0.308324768756424,0.146996,0.831295,0.710201,0.696148,463,309,0.9358,1.8724,1.4965,49.6421,0.952381,be0fc729bb8d0d485bb80c427b94aecfdfb3c2bde20e06ada2f436a88984e96a,10bd6134d1956b59ae9f946801ced612b270f924,a15ec6ff235901b1692c7cf9dbd2346970be0864d8b509cdf162d5443047cac2
main__mixed_complex__MAPPO__seed7__ep00,main_comparison,mixed_complex,2,MAPPO,7,0,70200,70200210600,70200210697,4,1,2000,0.1,ON,1,0.05,0.15,0,10,0.9,1.1,4,1,0,0,0,0,0,0,0,0,48.974274,51.015032,195.897094,1.122463,21.168745,22.9279,0.9233,0.770497,0.78367,0,0.835542,0.768141,616,1866,0.330117899249732,0.161607,0.84767,0.710211,0.65292,449,300,0.7705,1.4911,1.2232,52.0532,0.952381,eab3d77c6f40495132dedf0d69ec50ff214661db19ef84577a7df6302eab57ca,10bd6134d1956b59ae9f946801ced612b270f924,a15ec6ff235901b1692c7cf9dbd2346970be0864d8b509cdf162d5443047cac2
main__mixed_complex__MAPPO__seed7__ep01,main_comparison,mixed_complex,2,MAPPO,7,1,70201,70201210604,70201210701,4,1,2000,0.1,ON,1,0.05,0.15,0,10,0.9,1.1,4,1,0,0,0,0,0,0,0,0,49.026552,52.93073,196.106207,1.278934,22.211783,23.0095,0.9653,0.781487,0.867161,1,0.810627,0.801763,471,1555,0.302893890675241,0.170391,0.876626,0.689033,0.681498,317,211,1.0244,1.8478,1.3262,51.7135,0.952381,eab3d77c6f40495132dedf0d69ec50ff214661db19ef84577a7df6302eab57ca,10bd6134d1956b59ae9f946801ced612b270f924,a15ec6ff235901b1692c7cf9dbd2346970be0864d8b509cdf162d5443047cac2
main__mixed_complex__MAPPO__seed7__ep02,main_comparison,mixed_complex,2,MAPPO,7,2,70202,70202210608,70202210705,4,1,2000,0.1,ON,1,0.05,0.15,0,10,0.9,1.1,4,1,0,0,0,0,0,0,0,0,46.564532,50.293408,186.258129,0.9841,22.232929,23.0893,0.9629,0.747438,0.893066,1,0.809746,0.798762,571,1743,0.327596098680436,0.180702,0.796831,0.688284,0.678947,350,233,0.8576,1.4234,1.4455,52.747,0.952381,eab3d77c6f40495132dedf0d69ec50ff214661db19ef84577a7df6302eab57ca,10bd6134d1956b59ae9f946801ced612b270f924,a15ec6ff235901b1692c7cf9dbd2346970be0864d8b509cdf162d5443047cac2
main__mixed_complex__MAPPO__seed7__ep03,main_comparison,mixed_complex,2,MAPPO,7,3,70203,70203210612,70203210709,4,1,2000,0.1,ON,1,0.05,0.15,0,10,0.9,1.1,4,1,0,0,0,0,0,0,0,0,45.499709,51.170295,181.998837,1.174153,22.160891,23.0576,0.9611,0.765379,0.8989,1,0.796977,0.814137,567,1800,0.315,0.157214,0.854134,0.67743,0.692017,408,272,0.9397,1.8198,1.1879,52.5563,0.952381,eab3d77c6f40495132dedf0d69ec50ff214661db19ef84577a7df6302eab57ca,10bd6134d1956b59ae9f946801ced612b270f924,a15ec6ff235901b1692c7cf9dbd2346970be0864d8b509cdf162d5443047cac2
main__mixed_complex__MAPPO__seed7__ep04,main_comparison,mixed_complex,2,MAPPO,7,4,70204,70204210616,70204210713,4,1,2000,0.1,ON,1,0.05,0.15,0,10,0.9,1.1,4,1,0,0,0,0,0,0,0,0,46.232336,49.043911,184.929345,1.056031,21.620416,23.1777,0.9328,0.796372,0.926005,1,0.827387,0.779775,620,1937,0.320082601961797,0.138584,0.835454,0.703279,0.662809,278,186,1.0207,1.3739,1.4521,51.272,0.952381,eab3d77c6f40495132dedf0d69ec50ff214661db19ef84577a7df6302eab57ca,10bd6134d1956b59ae9f946801ced612b270f924,a15ec6ff235901b1692c7cf9dbd2346970be0864d8b509cdf162d5443047cac2
main__mixed_complex__MAPPO__seed7__ep05,main_comparison,mixed_complex,2,MAPPO,7,5,70205,70205210620,70205210717,4,1,2000,0.1,ON,1,0.05,0.15,0,10,0.9,1.1,4,1,0,0,0,0,0,0,0,0,50.453053,50.715319,201.812214,1.105493,21.526684,23.0716,0.933,0.770327,0.830947,0,0.803164,0.789978,488,1634,0.298653610771114,0.170342,0.827611,0.68269,0.671481,437,292,1.0304,1.8504,1.2878,51.1998,0.952381,eab3d77c6f40495132dedf0d69ec50ff214661db19ef84577a7df6302eab57ca,10bd6134d1956b59ae9f946801ced612b270f924,a15ec6ff235901b1692c7cf9dbd2346970be0864d8b509cdf162d5443047cac2
main__mixed_complex__MAPPO__seed7__ep06,main_comparison,mixed_complex,2,MAPPO,7,6,70206,70206210624,70206210721,4,1,2000,0.1,ON,1,0.05,0.15,0,10,0.9,1.1,4,1,0,0,0,0,0,0,0,0,48.135987,50.592681,192.54395,1.093524,21.931675,23.0095,0.9532,0.761577,0.926978,1,0.830599,0.804246,673,2269,0.296606434552666,0.158961,0.81749,0.706009,0.683609,403,269,1.0147,1.3114,1.4496,48.0203,0.952381,eab3d77c6f40495132dedf0d69ec50ff214661db19ef84577a7df6302eab57ca,10bd6134d1956b59ae9f946801ced612b270f924,a15ec6ff235901b1692c7cf9dbd2346970be0864d8b509cdf162d5443047cac2
main__mixed_complex__MAPPO__seed7__ep07,main_comparison,mixed_complex,2,MAPPO,7,7,70207,70207210628,70207210725,4,1,2000,0.1,ON,1,0.05,0.15,0,10,0.9,1.1,4,1,0,0,0,0,0,0,0,0,49.917508,53.362404,199.670032,1.240667,21.663115,22.9467,0.9441,0.7598,0.864482,1,0.781051,0.791785,641,1858,0.344994617868676,0.135479,0.830651,0.663894,0.673018,327,218,0.8036,1.5483,1.4006,51.2483,0.952381,eab3d77c6f40495132dedf0d69ec50ff214661db19ef84577a7df6302eab57ca,10bd6134d1956b59ae9f946801ced612b270f924,a15ec6ff235901b1692c7cf9dbd2346970be0864d8b509cdf162d5443047cac2
main__mixed_complex__MAPPO__seed7__ep08,main_comparison,mixed_complex,2,MAPPO,7,8,70208,70208210632,70208210729,4,1,2000,0.1,ON,1,0.05,0.15,0,10,0.9,1.1,4,1,0,0,0,0,0,0,0,0,47.274259,52.047525,189.097036,0.946602,21.959624,23.1823,0.9473,0.77978,0.799199,1,0.790037,0.787326,711,2213,0.321283325802079,0.171289,0.859504,0.671531,0.669227,366,244,1.0049,1.8166,1.236,53.2628,0.952381,eab3d77c6f40495132dedf0d69ec50ff214661db19ef84577a7df6302eab57ca,10bd6134d1956b59ae9f946801ced612b270f924,a15ec6ff235901b1692c7cf9dbd2346970be0864d8b509cdf162d5443047cac2
main__mixed_complex__MAPPO__seed7__ep09,main_comparison,mixed_complex,2,MAPPO,7,9,70209,70209210636,70209210733,4,1,2000,0.1,ON,1,0.05,0.15,0,10,0.9,1.1,4,1,0,0,0,0,0,0,0,0,48.102243,50.61743,192.408974,1.024075,22.104846,22.9642,0.9626,0.777732,0.843887,1,0.765092,0.802393,612,1779,0.344013490725126,0.165731,0.845375,0.650328,0.682034,258,172,1.0562,1.8376,1.1676,52.0644,0.952381,eab3d77c6f40495132dedf0d69ec50ff214661db19ef84577a7df6302eab57ca,10bd6134d1956b59ae9f946801ced612b270f924,a15ec6ff235901b1692c7cf9dbd2346970be0864d8b509cdf162d5443047cac2
main__static_clutter__MADDPG-style__seed0__ep00,main_comparison,static_clutter,0,MADDPG-style,0,0,0,0,,4,0,1800,0.1,ON,1,0.05,0.15,N/A,N/A,N/A,N/A,4,1,0,0,0,0,0,0,0,N/A,36.469906,37.790631,145.879625,1.017437,17.011017,21.1127,0.8057,0.756976,0.962708,0,0.7049,N/A,368,1381,0.266473569876901,0.128608,1.013556,0.599165,,166,,1.0457,1.6889,1.1684,35.4158,0.952381,265e89e44b989dc8a332a4791c1d4edc3c47ad009cce9068ca2f8c1e544878bc,10bd6134d1956b59ae9f946801ced612b270f924,578d09fe08dd07cde7981c884d7bc11ea81fcbc5722bc41604d547bdffa3117d
main__static_clutter__MADDPG-style__seed0__ep01,main_comparison,static_clutter,0,MADDPG-style,0,1,1,1000004,,4,0,1800,0.1,ON,1,0.05,0.15,N/A,N/A,N/A,N/A,4,1,0,0,0,0,0,0,0,N/A,38.162028,38.364802,152.648114,1.314028,17.3784,21.2377,0.8183,0.741562,0.894882,1,0.713082,N/A,428,1601,0.267332916926921,0.115376,0.983599,0.60612,,212,,0.7862,1.8957,1.1183,34.7497,0.952381,265e89e44b989dc8a332a4791c1d4edc3c47ad009cce9068ca2f8c1e544878bc,10bd6134d1956b59ae9f946801ced612b270f924,578d09fe08dd07cde7981c884d7bc11ea81fcbc5722bc41604d547bdffa3117d
main__static_clutter__MADDPG-style__seed0__ep02,main_comparison,static_clutter,0,MADDPG-style,0,2,2,2000008,,4,0,1800,0.1,ON,1,0.05,0.15,N/A,N/A,N/A,N/A,4,1,0,0,0,0,0,0,0,N/A,33.923125,38.987428,135.692501,1.101062,17.296327,21.4252,0.8073,0.733694,0.992105,2,0.714916,N/A,346,1280,0.2703125,0.107541,1.013556,0.607678,,253,,0.8675,1.5081,1.2706,35.525,0.952381,265e89e44b989dc8a332a4791c1d4edc3c47ad009cce9068ca2f8c1e544878bc,10bd6134d1956b59ae9f946801ced612b270f924,578d09fe08dd07cde7981c884d7bc11ea81fcbc5722bc41604d547bdffa3117d
main__static_clutter__MADDPG-style__seed0__ep03,main_comparison,static_clutter,0,MADDPG-style,0,3,3,3000012,,4,0,1800,0.1,ON,1,0.05,0.15,N/A,N/A,N/A,N/A,4,1,0,0,0,0,0,0,0,N/A,34.163157,38.56443,136.652629,1.073396,17.109917,21.1127,0.8104,0.732863,0.900243,1,0.670543,N/A,407,1514,0.268824306472919,0.123007,0.983599,0.569962,,202,,0.8534,1.3132,1.4641,38.4883,0.952381,265e89e44b989dc8a332a4791c1d4edc3c47ad009cce9068ca2f8c1e544878bc,10bd6134d1956b59ae9f946801ced612b270f924,578d09fe08dd07cde7981c884d7bc11ea81fcbc5722bc41604d547bdffa3117d
main__static_clutter__MADDPG-style__seed0__ep04,main_comparison,static_clutter,0,MADDPG-style,0,4,4,4000016,,4,0,1800,0.1,ON,1,0.05,0.15,N/A,N/A,N/A,N/A,4,1,0,0,0,0,0,0,0,N/A,36.755289,38.014326,147.021155,1.310763,16.863536,21.3627,0.7894,0.75245,0.915426,2,0.68948,N/A,362,1353,0.267553584626755,0.112818,1.013556,0.586058,,288,,0.7084,1.4443,1.3499,37.5981,0.952381,265e89e44b989dc8a332a4791c1d4edc3c47ad009cce9068ca2f8c1e544878bc,10bd6134d1956b59ae9f946801ced612b270f924,578d09fe08dd07cde7981c884d7bc11ea81fcbc5722bc41604d547bdffa3117d
main__static_clutter__MADDPG-style__seed0__ep05,main_comparison,static_clutter,0,MADDPG-style,0,5,5,5000020,,4,0,1800,0.1,ON,1,0.05,0.15,N/A,N/A,N/A,N/A,4,1,0,0,0,0,0,0,0,N/A,36.898419,37.399943,147.593677,1.503972,17.075368,21.3002,0.8017,0.739308,0.913556,0,0.65289,N/A,346,1323,0.261526832955404,0.13303,0.983599,0.554957,,189,,0.8129,1.409,1.353,36.834,0.952381,265e89e44b989dc8a332a4791c1d4edc3c47ad009cce9068ca2f8c1e544878bc,10bd6134d1956b59ae9f946801ced612b270f924,578d09fe08dd07cde7981c884d7bc11ea81fcbc5722bc41604d547bdffa3117d
main__static_clutter__MADDPG-style__seed0__ep06,main_comparison,static_clutter,0,MADDPG-style,0,6,6,6000024,,4,0,1800,0.1,ON,1,0.05,0.15,N/A,N/A,N/A,N/A,4,1,0,0,0,0,0,0,0,N/A,33.600377,38.270123,134.401506,1.064736,17.515279,21.2377,0.8247,0.725417,0.917548,2,0.688804,N/A,373,1356,0.275073746312684,0.114841,1.013556,0.585483,,217,,0.7268,1.5546,1.3973,35.5523,0.952381,265e89e44b989dc8a332a4791c1d4edc3c47ad009cce9068ca2f8c1e544878bc,10bd6134d1956b59ae9f946801ced612b270f924,578d09fe08dd07cde7981c884d7bc11ea81fcbc5722bc41604d547bdffa3117d
main__static_clutter__MADDPG-style__seed0__ep07,main_comparison,static_clutter,0,MADDPG-style,0,7,7,7000028,,4,0,1800,0.1,ON,1,0.05,0.15,N/A,N/A,N/A,N/A,4,1,0,0,0,0,0,0,0,N/A,35.753315,36.898137,143.01326,1.401488,17.624274,21.3627,0.825,0.728204,0.764415,1,0.686731,N/A,370,1364,0.271260997067449,0.122809,0.983599,0.583722,,244,,1.0477,1.6781,1.2444,33.9192,0.952381,265e89e44b989dc8a332a4791c1d4edc3c47ad009cce9068ca2f8c1e544878bc,10bd6134d1956b59ae9f946801ced612b270f924,578d09fe08dd07cde7981c884d7bc11ea81fcbc5722bc41604d547bdffa3117d
main__static_clutter__MADDPG-style__seed0__ep08,main_comparison,static_clutter,0,MADDPG-style,0,8,8,8000032,,4,0,1800,0.1,ON,1,0.05,0.15,N/A,N/A,N/A,N/A,4,1,0,0,0,0,0,0,0,N/A,34.79857,35.823648,139.194278,1.236537,17.398134,21.1127,0.8241,0.735288,0.950957,1,0.65497,N/A,394,1339,0.294249439880508,0.130967,1.013556,0.556724,,256,,0.873,1.6129,1.3922,38.8758,0.952381,265e89e44b989dc8a332a4791c1d4edc3c47ad009cce9068ca2f8c1e544878bc,10bd6134d1956b59ae9f946801ced612b270f924,578d09fe08dd07cde7981c884d7bc11ea81fcbc5722bc41604d547bdffa3117d
main__static_clutter__MADDPG-style__seed0__ep09,main_comparison,static_clutter,0,MADDPG-style,0,9,9,9000036,,4,0,1800,0.1,ON,1,0.05,0.15,N/A,N/A,N/A,N/A,4,1,0,0,0,0,0,0,0,N/A,34.018927,37.841801,136.075708,1.351999,17.519956,21.2377,0.8249,0.750101,0.975338,0,0.675914,N/A,429,1537,0.279115159401431,0.116752,0.983599,0.574527,,288,,1.0701,1.3545,1.2092,35.1386,0.952381,265e89e44b989dc8a332a4791c1d4edc3c47ad009cce9068ca2f8c1e544878bc,10bd6134d1956b59ae9f946801ced612b270f924,578d09fe08dd07cde7981c884d7bc11ea81fcbc5722bc41604d547bdffa3117d
main__static_clutter__MADDPG-style__seed1__ep00,main_comparison,static_clutter,0,MADDPG-style,1,0,10000,10000030000,,4,0,1800,0.1,ON,1,0.05,0.15,N/A,N/A,N/A,N/A,4,1,0,0,0,0,0,0,0,N/A,38.257069,38.458354,153.028276,1.892612,17.278026,21.4252,0.8064,0.75424,0.954809,0,0.670418,N/A,390,1497,0.260521042084168,0.103181,1.009355,0.569855,,250,,0.8704,1.7288,1.1818,33.9975,0.952381,aee990dc0ea64b2a5f68ad07aed8a5ea50dea95bc4d99078f5ad6f301644c905,10bd6134d1956b59ae9f946801ced612b270f924,578d09fe08dd07cde7981c884d7bc11ea81fcbc5722bc41604d547bdffa3117d
main__static_clutter__MADDPG-style__seed1__ep01,main_comparison,static_clutter,0,MADDPG-style,1,1,10001,10001030004,,4,0,1800,0.1,ON,1,0.05,0.15,N/A,N/A,N/A,N/A,4,1,0,0,0,0,0,0,0,N/A,34.235781,37.783904,136.943126,1.615773,17.553051,21.3627,0.8217,0.734981,0.959425,0,0.750704,N/A,378,1459,0.259081562714188,0.132278,0.979522,0.638099,,257,,0.8197,1.8984,1.3567,36.3086,0.952381,aee990dc0ea64b2a5f68ad07aed8a5ea50dea95bc4d99078f5ad6f301644c905,10bd6134d1956b59ae9f946801ced612b270f924,578d09fe08dd07cde7981c884d7bc11ea81fcbc5722bc41604d547bdffa3117d
main__static_clutter__MADDPG-style__seed1__ep02,main_comparison,static_clutter,0,MADDPG-style,1,2,10002,10002030008,,4,0,1800,0.1,ON,1,0.05,0.15,N/A,N/A,N/A,N/A,4,1,0,0,0,0,0,0,0,N/A,34.851976,38.442439,139.407903,1.644907,17.573813,21.4252,0.8202,0.737389,0.925744,0,0.686034,N/A,338,1329,0.254326561324304,0.117768,1.009355,0.583129,,258,,1.0291,1.7836,1.2485,35.3701,0.952381,aee990dc0ea64b2a5f68ad07aed8a5ea50dea95bc4d99078f5ad6f301644c905,10bd6134d1956b59ae9f946801ced612b270f924,578d09fe08dd07cde7981c884d7bc11ea81fcbc5722bc41604d547bdffa3117d
main__static_clutter__MADDPG-style__seed1__ep03,main_comparison,static_clutter,0,MADDPG-style,1,3,10003,10003030012,,4,0,1800,0.1,ON,1,0.05,0.15,N/A,N/A,N/A,N/A,4,1,0,0,0,0,0,0,0,N/A,35.555974,37.720503,142.223896,1.892087,17.371116,21.4252,0.8108,0.744171,0.791684,1,0.728033,N/A,405,1442,0.280859916782247,0.141563,0.979522,0.618828,,239,,1.0471,1.7124,1.42,35.2862,0.952381,aee990dc0ea64b2a5f68ad07aed8a5ea50dea95bc4d99078f5ad6f301644c905,10bd6134d1956b59ae9f946801ced612b270f924,578d09fe08dd07cde7981c884d7bc11ea81fcbc5722bc41604d547bdffa3117d
main__static_clutter__MADDPG-style__seed1__ep04,main_comparison,static_clutter,0,MADDPG-style,1,4,10004,10004030016,,4,0,1800,0.1,ON,1,0.05,0.15,N/A,N/A,N/A,N/A,4,1,0,0,0,0,0,0,0,N/A,34.407075,38.414592,137.628299,1.358737,17.174533,21.4252,0.8016,0.739107,1.017428,0,0.704588,N/A,457,1675,0.272835820895522,0.115333,1.009355,0.5989,,215,,1.0994,1.5091,1.3523,35.0516,0.952381,aee990dc0ea64b2a5f68ad07aed8a5ea50dea95bc4d99078f5ad6f301644c905,10bd6134d1956b59ae9f946801ced612b270f924,578d09fe08dd07cde7981c884d7bc11ea81fcbc5722bc41604d547bdffa3117d
main__static_clutter__MADDPG-style__seed1__ep05,main_comparison,static_clutter,0,MADDPG-style,1,5,10005,10005030020,,4,0,1800,0.1,ON,1,0.05,0.15,N/A,N/A,N/A,N/A,4,1,0,0,0,0,0,0,0,N/A,36.349889,38.221896,145.399557,1.950586,17.450555,21.3002,0.8193,0.738666,0.932363,0,0.753556,N/A,416,1535,0.271009771986971,0.114995,0.979522,0.640523,,204,,0.8883,1.8355,1.1481,34.4132,0.952381,aee990dc0ea64b2a5f68ad07aed8a5ea50dea95bc4d99078f5ad6f301644c905,10bd6134d1956b59ae9f946801ced612b270f924,578d09fe08dd07cde7981c884d7bc11ea81fcbc5722bc41604d547bdffa3117d
main__static_clutter__MADDPG-style__seed1__ep06,main_comparison,static_clutter,0,MADDPG-style,1,6,10006,10006030024,,4,0,1800,0.1,ON,1,0.05,0.15,N/A,N/A,N/A,N/A,4,1,0,0,0,0,0,0,0,N/A,35.269943,36.490151,141.079774,1.371866,17.538756,21.3627,0.821,0.73504,0.817864,1,0.730156,N/A,370,1463,0.252904989747095,0.104397,1.009355,0.620633,,205,,1.0931,1.4943,1.425,37.8586,0.952381,aee990dc0ea64b2a5f68ad07aed8a5ea50dea95bc4d99078f5ad6f301644c905,10bd6134d1956b59ae9f946801ced612b270f924,578d09fe08dd07cde7981c884d7bc11ea81fcbc5722bc41604d547bdffa3117d
main__static_clutter__MADDPG-style__seed1__ep07,main_comparison,static_clutter,0,MADDPG-style,1,7,10007,10007030028,,4,0,1800,0.1,ON,1,0.05,0.15,N/A,N/A,N/A,N/A,4,1,0,0,0,0,0,0,0,N/A,37.951558,38.151316,151.806233,1.373359,17.744333,21.3002,0.8331,0.718651,0.903847,0,0.696393,N/A,295,1047,0.281757402101242,0.108795,0.979522,0.591934,,223,,1.089,1.7131,1.2713,38.4563,0.952381,aee990dc0ea64b2a5f68ad07aed8a5ea50dea95bc4d99078f5ad6f301644c905,10bd6134d1956b59ae9f946801ced612b270f924,578d09fe08dd07cde7981c884d7bc11ea81fcbc5722bc41604d547bdffa3117d
main__static_clutter__MADDPG-style__seed1__ep08,main_comparison,static_clutter,0,MADDPG-style,1,8,10008,10008030032,,4,0,1800,0.1,ON,1,0.05,0.15,N/A,N/A,N/A,N/A,4,1,0,0,0,0,0,0,0,N/A,35.68381,38.479216,142.735239,1.386888,17.157821,21.2377,0.8079,0.733507,0.925664,0,0.705761,N/A,432,1579,0.27359088030399,0.130218,1.009355,0.599897,,187,,0.8583,1.3931,1.3784,40.5174,0.952381,aee990dc0ea64b2a5f68ad07aed8a5ea50dea95bc4d99078f5ad6f301644c905,10bd6134d1956b59ae9f946801ced612b270f924,578d09fe08dd07cde7981c884d7bc11ea81fcbc5722bc41604d547bdffa3117d
main__static_clutter__MADDPG-style__seed1__ep09,main_comparison,static_clutter,0,MADDPG-style,1,9,10009,10009030036,,4,0,1800,0.1,ON,1,0.05,0.15,N/A,N/A,N/A,N/A,4,1,0,0,0,0,0,0,0,N/A,34.204757,37.751166,136.819028,1.40065,17.063632,21.1127,0.8082,0.766592,0.944374,0,0.712976,N/A,383,1314,0.291476407914764,0.120657,0.979522,0.60603,,237,,0.8207,1.3805,1.3891,40.7318,0.952381,aee990dc0ea64b2a5f68ad07aed8a5ea50dea95bc4d99078f5ad6f301644c905,10bd6134d1956b59ae9f946801ced612b270f924,578d09fe08dd07cde7981c884d7bc11ea81fcbc5722bc41604d547bdffa3117d
main__static_clutter__MADDPG-style__seed2__ep00,main_comparison,static_clutter,0,MADDPG-style,2,0,20000,20000060000,,4,0,1800,0.1,ON,1,0.05,0.15,N/A,N/A,N/A,N/A,4,1,0,0,0,0,0,0,0,N/A,36.500373,36.692875,146.001494,1.098452,18.061275,21.1127,0.8555,0.733288,0.975817,1,0.70185,N/A,429,1667,0.257348530293941,0.122434,1.007627,0.596572,,290,,0.7286,1.6627,1.2271,38.9831,0.952381,8d50d5990df7d0ef7138b722e2cd761cb2dffb6adbf1f051db41adad6fa0f010,10bd6134d1956b59ae9f946801ced612b270f924,578d09fe08dd07cde7981c884d7bc11ea81fcbc5722bc41604d547bdffa3117d
main__static_clutter__MADDPG-style__seed2__ep01,main_comparison,static_clutter,0,MADDPG-style,2,1,20001,20001060004,,4,0,1800,0.1,ON,1,0.05,0.15,N/A,N/A,N/A,N/A,4,1,0,0,0,0,0,0,0,N/A,35.069364,37.182735,140.277457,1.351802,17.454409,21.3627,0.8171,0.733742,1.001325,0,0.71745,N/A,282,1141,0.24715162138475,0.119998,0.977845,0.609832,,262,,0.7526,1.7906,1.3149,34.4154,0.952381,8d50d5990df7d0ef7138b722e2cd761cb2dffb6adbf1f051db41adad6fa0f010,10bd6134d1956b59ae9f946801ced612b270f924,578d09fe08dd07cde7981c884d7bc11ea81fcbc5722bc41604d547bdffa3117d
main__static_clutter__MADDPG-style__seed2__ep02,main_comparison,static_clutter,0,MADDPG-style,2,2,20002,20002060008,,4,0,1800,0.1,ON,1,0.05,0.15,N/A,N/A,N/A,N/A,4,1,0,0,0,0,0,0,0,N/A,35.125015,38.399407,140.50006,1.945354,17.161075,21.3627,0.8033,0.727568,0.945497,2,0.677096,N/A,374,1387,0.269646719538572,0.116291,1.007627,0.575532,,181,,0.7219,1.5574,1.165,38.3049,0.952381,8d50d5990df7d0ef7138b722e2cd761cb2dffb6adbf1f051db41adad6fa0f010,10bd6134d1956b59ae9f946801ced612b270f924,578d09fe08dd07cde7981c884d7bc11ea81fcbc5722bc41604d547bdffa3117d
main__static_clutter__MADDPG-style__seed2__ep03,main_comparison,static_clutter,0,MADDPG-style,2,3,20003,20003060012,,4,0,1800,0.1,ON,1,0.05,0.15,N/A,N/A,N/A,N/A,4,1,0,0,0,0,0,0,0,N/A,33.897712,37.920687,135.590848,1.176627,16.933954,21.5502,0.7858,0.719552,0.932928,2,0.668304,N/A,390,1523,0.25607353906763,0.116863,0.977845,0.568059,,206,,1.0023,1.5859,1.3169,37.6962,0.952381,8d50d5990df7d0ef7138b722e2cd761cb2dffb6adbf1f051db41adad6fa0f010,10bd6134d1956b59ae9f946801ced612b270f924,578d09fe08dd07cde7981c884d7bc11ea81fcbc5722bc41604d547bdffa3117d
main__static_clutter__MADDPG-style__seed2__ep04,main_comparison,static_clutter,0,MADDPG-style,2,4,20004,20004060016,,4,0,1800,0.1,ON,1,0.05,0.15,N/A,N/A,N/A,N/A,4,1,0,0,0,0,0,0,0,N/A,36.909508,38.890974,147.638032,1.151486,17.367702,21.3002,0.8154,0.711706,0.977823,2,0.61327,N/A,392,1439,0.272411396803336,0.126758,1.007627,0.52128,,229,,0.8095,1.5825,1.4776,38.3866,0.952381,8d50d5990df7d0ef7138b722e2cd761cb2dffb6adbf1f051db41adad6fa0f010,10bd6134d1956b59ae9f946801ced612b270f924,578d09fe08dd07cde7981c884d7bc11ea81fcbc5722bc41604d547bdffa3117d
main__static_clutter__MADDPG-style__seed2__ep05,main_comparison,static_clutter,0,MADDPG-style,2,5,20005,20005060020,,4,0,1800,0.1,ON,1,0.05,0.15,N/A,N/A,N/A,N/A,4,1,0,0,0,0,0,0,0,N/A,33.947311,36.543355,135.789244,1.254529,17.866318,21.1752,0.8437,0.725462,0.793785,2,0.660981,N/A,426,1614,0.263940520446097,0.120668,0.977845,0.561834,,279,,0.7161,1.7444,1.2865,34.0394,0.952381,8d50d5990df7d0ef7138b722e2cd761cb2dffb6adbf1f051db41adad6fa0f010,10bd6134d1956b59ae9f946801ced612b270f924,578d09fe08dd07cde7981c884d7bc11ea81fcbc5722bc41604d547bdffa3117d
main__static_clutter__MADDPG-style__seed2__ep06,main_comparison,static_clutter,0,MADDPG-style,2,6,20006,20006060024,,4,0,1800,0.1,ON,1,0.05,0.15,N/A,N/A,N/A,N/A,4,1,0,0,0,0,0,0,0,N/A,34.128289,36.85531,136.513155,1.5717,17.722589,21.1127,0.8394,0.720945,0.929856,2,0.696685,N/A,379,1381,0.274438812454743,0.109177,1.007627,0.592182,,262,,0.8457,1.5746,1.3645,40.0172,0.952381,8d50d5990df7d0ef7138b722e2cd761cb2dffb6adbf1f051db41adad6fa0f010,10bd6134d1956b59ae9f946801ced612b270f924,578d09fe08dd07cde7981c884d7bc11ea81fcbc5722bc41604d547bdffa3117d
main__static_clutter__MADDPG-style__seed2__ep07,main_comparison,static_clutter,0,MADDPG-style,2,7,20007,20007060028,,4,0,1800,0.1,ON,1,0.05,0.15,N/A,N/A,N/A,N/A,4,1,0,0,0,0,0,0,0,N/A,33.288546,37.514777,133.154184,1.834646,17.774206,21.2377,0.8369,0.727808,0.961041,3,0.677997,N/A,356,1505,0.236544850498339,0.118671,0.977845,0.576298,,270,,0.7016,1.6249,1.4072,33.6291,0.952381,8d50d5990df7d0ef7138b722e2cd761cb2dffb6adbf1f051db41adad6fa0f010,10bd6134d1956b59ae9f946801ced612b270f924,578d09fe08dd07cde7981c884d7bc11ea81fcbc5722bc41604d547bdffa3117d
main__static_clutter__MADDPG-style__seed2__ep08,main_comparison,static_clutter,0,MADDPG-style,2,8,20008,20008060032,,4,0,1800,0.1,ON,1,0.05,0.15,N/A,N/A,N/A,N/A,4,1,0,0,0,0,0,0,0,N/A,35.789912,38.147879,143.159649,1.468207,16.974799,21.1127,0.804,0.737504,0.86462,2,0.66946,N/A,339,1243,0.272727272727273,0.124537,1.007627,0.569041,,226,,0.8061,1.3135,1.3131,36.393,0.952381,8d50d5990df7d0ef7138b722e2cd761cb2dffb6adbf1f051db41adad6fa0f010,10bd6134d1956b59ae9f946801ced612b270f924,578d09fe08dd07cde7981c884d7bc11ea81fcbc5722bc41604d547bdffa3117d
main__static_clutter__MADDPG-style__seed2__ep09,main_comparison,static_clutter,0,MADDPG-style,2,9,20009,20009060036,,4,0,1800,0.1,ON,1,0.05,0.15,N/A,N/A,N/A,N/A,4,1,0,0,0,0,0,0,0,N/A,34.712959,37.291821,138.851838,1.69435,17.258434,21.1752,0.815,0.74463,1.131233,2,0.625141,N/A,339,1140,0.297368421052632,0.120071,0.977845,0.53137,,197,,0.8585,1.4808,1.4938,38.9731,0.952381,8d50d5990df7d0ef7138b722e2cd761cb2dffb6adbf1f051db41adad6fa0f010,10bd6134d1956b59ae9f946801ced612b270f924,578d09fe08dd07cde7981c884d7bc11ea81fcbc5722bc41604d547bdffa3117d
main__static_clutter__MADDPG-style__seed3__ep00,main_comparison,static_clutter,0,MADDPG-style,3,0,30000,30000090000,,4,0,1800,0.1,ON,1,0.05,0.15,N/A,N/A,N/A,N/A,4,1,0,0,0,0,0,0,0,N/A,35.893033,39.245224,143.572133,1.880513,17.131266,21.1752,0.809,0.753013,1.047576,1,0.651786,N/A,390,1415,0.275618374558304,0.129848,0.987543,0.554018,,197,,0.7567,1.7065,1.3562,38.9541,0.952381,b5e23d8162fb227f99bf3a99a5e0591ae6bddc2da5b83952399efeb2cbec6b21,10bd6134d1956b59ae9f946801ced612b270f924,578d09fe08dd07cde7981c884d7bc11ea81fcbc5722bc41604d547bdffa3117d
main__static_clutter__MADDPG-style__seed3__ep01,main_comparison,static_clutter,0,MADDPG-style,3,1,30001,30001090004,,4,0,1800,0.1,ON,1,0.05,0.15,N/A,N/A,N/A,N/A,4,1,0,0,0,0,0,0,0,N/A,34.559127,37.325026,138.236507,1.48091,17.417021,21.3002,0.8177,0.755702,0.98004,2,0.669535,N/A,382,1444,0.264542936288089,0.111269,0.999194,0.569105,,245,,0.9556,1.3137,1.3757,36.0017,0.952381,b5e23d8162fb227f99bf3a99a5e0591ae6bddc2da5b83952399efeb2cbec6b21,10bd6134d1956b59ae9f946801ced612b270f924,578d09fe08dd07cde7981c884d7bc11ea81fcbc5722bc41604d547bdffa3117d
main__static_clutter__MADDPG-style__seed3__ep02,main_comparison,static_clutter,0,MADDPG-style,3,2,30002,30002090008,,4,0,1800,0.1,ON,1,0.05,0.15,N/A,N/A,N/A,N/A,4,1,0,0,0,0,0,0,0,N/A,31.586473,38.274872,126.345893,1.878801,17.447708,21.3627,0.8167,0.725251,0.937171,2,0.64754,N/A,363,1351,0.268689859363434,0.118476,0.996818,0.550409,,226,,0.8785,1.7516,1.1999,39.8582,0.952381,b5e23d8162fb227f99bf3a99a5e0591ae6bddc2da5b83952399efeb2cbec6b21,10bd6134d1956b59ae9f946801ced612b270f924,578d09fe08dd07cde7981c884d7bc11ea81fcbc5722bc41604d547bdffa3117d
main__static_clutter__MADDPG-style__seed3__ep03,main_comparison,static_clutter,0,MADDPG-style,3,3,30003,30003090012,,4,0,1800,0.1,ON,1,0.05,0.15,N/A,N/A,N/A,N/A,4,1,0,0,0,0,0,0,0,N/A,34.318,39.715991,137.271999,1.270829,17.009682,21.3627,0.7962,0.736425,1.015514,1,0.67689,N/A,273,1066,0.25609756097561,0.132418,0.980607,0.575357,,211,,1.0912,1.6155,1.2363,36.5697,0.952381,b5e23d8162fb227f99bf3a99a5e0591ae6bddc2da5b83952399efeb2cbec6b21,10bd6134d1956b59ae9f946801ced612b270f924,578d09fe08dd07cde7981c884d7bc11ea81fcbc5722bc41604d547bdffa3117d
main__static_clutter__MADDPG-style__seed3__ep04,main_comparison,static_clutter,0,MADDPG-style,3,4,30004,30004090016,,4,0,1800,0.1,ON,1,0.05,0.15,N/A,N/A,N/A,N/A,4,1,0,0,0,0,0,0,0,N/A,35.896069,37.487141,143.584276,1.642867,17.2429,21.4877,0.8025,0.751212,0.922382,3,0.664905,N/A,348,1295,0.268725868725869,0.118268,0.970575,0.565169,,257,,0.7412,1.5037,1.1852,35.7927,0.952381,b5e23d8162fb227f99bf3a99a5e0591ae6bddc2da5b83952399efeb2cbec6b21,10bd6134d1956b59ae9f946801ced612b270f924,578d09fe08dd07cde7981c884d7bc11ea81fcbc5722bc41604d547bdffa3117d
main__static_clutter__MADDPG-style__seed3__ep05,main_comparison,static_clutter,0,MADDPG-style,3,5,30005,30005090020,,4,0,1800,0.1,ON,1,0.05,0.15,N/A,N/A,N/A,N/A,4,1,0,0,0,0,0,0,0,N/A,36.235078,38.205511,144.940312,1.294623,17.597316,21.2377,0.8286,0.715965,1.00086,1,0.675766,N/A,417,1696,0.245872641509434,0.132072,0.963288,0.574401,,278,,0.8791,1.3279,1.1273,35.298,0.952381,b5e23d8162fb227f99bf3a99a5e0591ae6bddc2da5b83952399efeb2cbec6b21,10bd6134d1956b59ae9f946801ced612b270f924,578d09fe08dd07cde7981c884d7bc11ea81fcbc5722bc41604d547bdffa3117d
main__static_clutter__MADDPG-style__seed3__ep06,main_comparison,static_clutter,0,MADDPG-style,3,6,30006,30006090024,,4,0,1800,0.1,ON,1,0.05,0.15,N/A,N/A,N/A,N/A,4,1,0,0,0,0,0,0,0,N/A,36.692072,36.980912,146.768286,1.568846,17.371456,21.3002,0.8156,0.750685,1.150394,1,0.676263,N/A,361,1286,0.280715396578538,0.124715,0.986587,0.574823,,221,,0.9762,1.7877,1.1391,36.734,0.952381,b5e23d8162fb227f99bf3a99a5e0591ae6bddc2da5b83952399efeb2cbec6b21,10bd6134d1956b59ae9f946801ced612b270f924,578d09fe08dd07cde7981c884d7bc11ea81fcbc5722bc41604d547bdffa3117d
main__static_clutter__MADDPG-style__seed3__ep07,main_comparison,static_clutter,0,MADDPG-style,3,7,30007,30007090028,,4,0,1800,0.1,ON,1,0.05,0.15,N/A,N/A,N/A,N/A,4,1,0,0,0,0,0,0,0,N/A,36.976767,40.135033,147.907067,1.615857,16.958933,21.3627,0.7939,0.739566,0.891772,3,0.706961,N/A,354,1297,0.272937548188126,0.118591,0.997873,0.600917,,287,,0.9254,1.4732,1.2458,38.6913,0.952381,b5e23d8162fb227f99bf3a99a5e0591ae6bddc2da5b83952399efeb2cbec6b21,10bd6134d1956b59ae9f946801ced612b270f924,578d09fe08dd07cde7981c884d7bc11ea81fcbc5722bc41604d547bdffa3117d
main__static_clutter__MADDPG-style__seed3__ep08,main_comparison,static_clutter,0,MADDPG-style,3,8,30008,30008090032,,4,0,1800,0.1,ON,1,0.05,0.15,N/A,N/A,N/A,N/A,4,1,0,0,0,0,0,0,0,N/A,33.322089,37.469405,133.288358,1.664878,17.41407,21.0502,0.8273,0.746315,1.046507,2,0.655376,N/A,421,1612,0.261166253101737,0.130309,0.999363,0.557069,,217,,0.964,1.4358,1.2227,35.6996,0.952381,b5e23d8162fb227f99bf3a99a5e0591ae6bddc2da5b83952399efeb2cbec6b21,10bd6134d1956b59ae9f946801ced612b270f924,578d09fe08dd07cde7981c884d7bc11ea81fcbc5722bc41604d547bdffa3117d
main__static_clutter__MADDPG-style__seed3__ep09,main_comparison,static_clutter,0,MADDPG-style,3,9,30009,30009090036,,4,0,1800,0.1,ON,1,0.05,0.15,N/A,N/A,N/A,N/A,4,1,0,0,0,0,0,0,0,N/A,33.406569,38.377219,133.626274,1.98043,17.38898,21.1752,0.8212,0.734589,1.066027,1,0.681093,N/A,446,1682,0.265160523186682,0.103277,0.998459,0.578929,,198,,0.9608,1.3914,1.1018,39.6843,0.952381,b5e23d8162fb227f99bf3a99a5e0591ae6bddc2da5b83952399efeb2cbec6b21,10bd6134d1956b59ae9f946801ced612b270f924,578d09fe08dd07cde7981c884d7bc11ea81fcbc5722bc41604d547bdffa3117d
main__static_clutter__MADDPG-style__seed4__ep00,main_comparison,static_clutter,0,MADDPG-style,4,0,40000,40000120000,,4,0,1800,0.1,ON,1,0.05,0.15,N/A,N/A,N/A,N/A,4,1,0,0,0,0,0,0,0,N/A,34.759949,37.475367,139.039798,1.206241,17.1958,21.2377,0.8097,0.734802,0.910116,1,0.682481,N/A,391,1386,0.282106782106782,0.126473,1.007086,0.580109,,202,,0.9942,1.6615,1.198,35.7196,0.952381,3de4efe35506de3c921c6d0844c76d3ec51075f53bc30cc62b81b95825d499dd,10bd6134d1956b59ae9f946801ced612b270f924,578d09fe08dd07cde7981c884d7bc11ea81fcbc5722bc41604d547bdffa3117d
main__static_clutter__MADDPG-style__seed4__ep01,main_comparison,static_clutter,0,MADDPG-style,4,1,40001,40001120004,,4,0,1800,0.1,ON,1,0.05,0.15,N/A,N/A,N/A,N/A,4,1,0,0,0,0,0,0,0,N/A,32.193667,38.539977,128.774667,1.147816,16.987832,21.2377,0.7999,0.73111,0.933668,1,0.639989,N/A,400,1542,0.259403372243839,0.132763,0.97732,0.54399,,224,,0.7371,1.6352,1.4041,39.5918,0.952381,3de4efe35506de3c921c6d0844c76d3ec51075f53bc30cc62b81b95825d499dd,10bd6134d1956b59ae9f946801ced612b270f924,578d09fe08dd07cde7981c884d7bc11ea81fcbc5722bc41604d547bdffa3117d
main__static_clutter__MADDPG-style__seed4__ep02,main_comparison,static_clutter,0,MADDPG-style,4,2,40002,40002120008,,4,0,1800,0.1,ON,1,0.05,0.15,N/A,N/A,N/A,N/A,4,1,0,0,0,0,0,0,0,N/A,37.497121,37.694606,149.988482,1.248335,16.968216,21.4252,0.792,0.752841,0.803854,2,0.631398,N/A,371,1378,0.269230769230769,0.113575,1.007086,0.536689,,178,,1.0745,1.6505,1.1129,37.0842,0.952381,3de4efe35506de3c921c6d0844c76d3ec51075f53bc30cc62b81b95825d499dd,10bd6134d1956b59ae9f946801ced612b270f924,578d09fe08dd07cde7981c884d7bc11ea81fcbc5722bc41604d547bdffa3117d
main__static_clutter__MADDPG-style__seed4__ep03,main_comparison,static_clutter,0,MADDPG-style,4,3,40003,40003120012,,4,0,1800,0.1,ON,1,0.05,0.15,N/A,N/A,N/A,N/A,4,1,0,0,0,0,0,0,0,N/A,35.831433,38.384981,143.325732,1.449764,16.862906,21.1127,0.7987,0.734843,0.99555,3,0.716172,N/A,311,1190,0.261344537815126,0.137458,0.97732,0.608746,,227,,0.7196,1.4229,1.3609,34.1628,0.952381,3de4efe35506de3c921c6d0844c76d3ec51075f53bc30cc62b81b95825d499dd,10bd6134d1956b59ae9f946801ced612b270f924,578d09fe08dd07cde7981c884d7bc11ea81fcbc5722bc41604d547bdffa3117d
main__static_clutter__MADDPG-style__seed4__ep04,main_comparison,static_clutter,0,MADDPG-style,4,4,40004,40004120016,,4,0,1800,0.1,ON,1,0.05,0.15,N/A,N/A,N/A,N/A,4,1,0,0,0,0,0,0,0,N/A,34.062815,38.375921,136.251259,1.044872,17.605207,21.2377,0.829,0.763209,0.811335,3,0.753868,N/A,374,1415,0.264310954063604,0.105724,1.007086,0.640788,,272,,0.7239,1.8074,1.2711,36.1381,0.952381,3de4efe35506de3c921c6d0844c76d3ec51075f53bc30cc62b81b95825d499dd,10bd6134d1956b59ae9f946801ced612b270f924,578d09fe08dd07cde7981c884d7bc11ea81fcbc5722bc41604d547bdffa3117d
main__static_clutter__MADDPG-style__seed4__ep05,main_comparison,static_clutter,0,MADDPG-style,4,5,40005,40005120020,,4,0,1800,0.1,ON,1,0.05,0.15,N/A,N/A,N/A,N/A,4,1,0,0,0,0,0,0,0,N/A,35.19843,36.471459,140.793718,1.017161,17.217124,21.1752,0.8131,0.764116,0.773343,0,0.708082,N/A,384,1394,0.275466284074605,0.11963,0.97732,0.601869,,217,,1.0711,1.7927,1.2357,40.9264,0.952381,3de4efe35506de3c921c6d0844c76d3ec51075f53bc30cc62b81b95825d499dd,10bd6134d1956b59ae9f946801ced612b270f924,578d09fe08dd07cde7981c884d7bc11ea81fcbc5722bc41604d547bdffa3117d
main__static_clutter__MADDPG-style__seed4__ep06,main_comparison,static_clutter,0,MADDPG-style,4,6,40006,40006120024,,4,0,1800,0.1,ON,1,0.05,0.15,N/A,N/A,N/A,N/A,4,1,0,0,0,0,0,0,0,N/A,35.88911,39.555369,143.556442,1.068893,16.685793,21.3002,0.7834,0.746373,0.811252,1,0.747644,N/A,401,1515,0.264686468646865,0.120997,1.007086,0.635498,,205,,0.8821,1.4978,1.1831,36.2855,0.952381,3de4efe35506de3c921c6d0844c76d3ec51075f53bc30cc62b81b95825d499dd,10bd6134d1956b59ae9f946801ced612b270f924,578d09fe08dd07cde7981c884d7bc11ea81fcbc5722bc41604d547bdffa3117d
main__static_clutter__MADDPG-style__seed4__ep07,main_comparison,static_clutter,0,MADDPG-style,4,7,40007,40007120028,,4,0,1800,0.1,ON,1,0.05,0.15,N/A,N/A,N/A,N/A,4,1,0,0,0,0,0,0,0,N/A,37.87613,38.662436,151.504518,1.051467,16.711517,21.1752,0.7892,0.716307,0.879683,1,0.738965,N/A,455,1782,0.255331088664422,0.117881,0.97732,0.62812,,193,,1.0913,1.4574,1.2752,38.2964,0.952381,3de4efe35506de3c921c6d0844c76d3ec51075f53bc30cc62b81b95825d499dd,10bd6134d1956b59ae9f946801ced612b270f924,578d09fe08dd07cde7981c884d7bc11ea81fcbc5722bc41604d547bdffa3117d
main__static_clutter__MADDPG-style__seed4__ep08,main_comparison,static_clutter,0,MADDPG-style,4,8,40008,40008120032,,4,0,1800,0.1,ON,1,0.05,0.15,N/A,N/A,N/A,N/A,4,1,0,0,0,0,0,0,0,N/A,35.255386,38.890651,141.021543,1.416368,17.409329,21.3627,0.8149,0.74085,0.994183,1,0.725144,N/A,314,1055,0.297630331753555,0.115395,1.007086,0.616373,,244,,0.9796,1.8455,1.3591,38.7317,0.952381,3de4efe35506de3c921c6d0844c76d3ec51075f53bc30cc62b81b95825d499dd,10bd6134d1956b59ae9f946801ced612b270f924,578d09fe08dd07cde7981c884d7bc11ea81fcbc5722bc41604d547bdffa3117d
main__static_clutter__MADDPG-style__seed4__ep09,main_comparison,static_clutter,0,MADDPG-style,4,9,40009,40009120036,,4,0,1800,0.1,ON,1,0.05,0.15,N/A,N/A,N/A,N/A,4,1,0,0,0,0,0,0,0,N/A,36.035637,37.023543,144.142548,0.916583,17.066345,21.3627,0.7989,0.750431,0.930385,2,0.697925,N/A,396,1478,0.267929634641407,0.10828,0.97732,0.593237,,246,,0.9458,1.836,1.2494,39.712,0.952381,3de4efe35506de3c921c6d0844c76d3ec51075f53bc30cc62b81b95825d499dd,10bd6134d1956b59ae9f946801ced612b270f924,578d09fe08dd07cde7981c884d7bc11ea81fcbc5722bc41604d547bdffa3117d
main__static_clutter__MADDPG-style__seed5__ep00,main_comparison,static_clutter,0,MADDPG-style,5,0,50000,50000150000,,4,0,1800,0.1,ON,1,0.05,0.15,N/A,N/A,N/A,N/A,4,1,0,0,0,0,0,0,0,N/A,36.12893,37.072426,144.51572,0.967476,17.951588,21.2377,0.8453,0.723862,0.93786,1,0.727085,N/A,282,1081,0.260869565217391,0.125299,1.014333,0.618023,,247,,0.9105,1.7969,1.4078,36.0731,0.952381,b18fa14f7a04693e3e892422a03c1606401a1b19bc238230d073cfdb317f53c6,10bd6134d1956b59ae9f946801ced612b270f924,578d09fe08dd07cde7981c884d7bc11ea81fcbc5722bc41604d547bdffa3117d
main__static_clutter__MADDPG-style__seed5__ep01,main_comparison,static_clutter,0,MADDPG-style,5,1,50001,50001150004,,4,0,1800,0.1,ON,1,0.05,0.15,N/A,N/A,N/A,N/A,4,1,0,0,0,0,0,0,0,N/A,33.221701,37.246544,132.886805,1.530763,17.104532,21.1752,0.8078,0.731319,0.927734,2,0.764344,N/A,421,1517,0.277521423862887,0.139631,0.984352,0.649693,,257,,0.9856,1.5283,1.3038,35.3546,0.952381,b18fa14f7a04693e3e892422a03c1606401a1b19bc238230d073cfdb317f53c6,10bd6134d1956b59ae9f946801ced612b270f924,578d09fe08dd07cde7981c884d7bc11ea81fcbc5722bc41604d547bdffa3117d
main__static_clutter__MADDPG-style__seed5__ep02,main_comparison,static_clutter,0,MADDPG-style,5,2,50002,50002150008,,4,0,1800,0.1,ON,1,0.05,0.15,N/A,N/A,N/A,N/A,4,1,0,0,0,0,0,0,0,N/A,33.781847,37.565742,135.127387,1.409864,17.121885,21.1752,0.8086,0.73955,0.973943,2,0.748792,N/A,448,1754,0.255416191562144,0.113621,1.014333,0.636473,,201,,0.9804,1.3014,1.2333,37.3869,0.952381,b18fa14f7a04693e3e892422a03c1606401a1b19bc238230d073cfdb317f53c6,10bd6134d1956b59ae9f946801ced612b270f924,578d09fe08dd07cde7981c884d7bc11ea81fcbc5722bc41604d547bdffa3117d
main__static_clutter__MADDPG-style__seed5__ep03,main_comparison,static_clutter,0,MADDPG-style,5,3,50003,50003150012,,4,0,1800,0.1,ON,1,0.05,0.15,N/A,N/A,N/A,N/A,4,1,0,0,0,0,0,0,0,N/A,33.964624,38.473966,135.858497,1.634726,17.781852,21.3002,0.8348,0.751081,1.031028,1,0.670533,N/A,335,1244,0.269292604501608,0.12187,0.984352,0.569953,,230,,0.8016,1.3187,1.457,36.784,0.952381,b18fa14f7a04693e3e892422a03c1606401a1b19bc238230d073cfdb317f53c6,10bd6134d1956b59ae9f946801ced612b270f924,578d09fe08dd07cde7981c884d7bc11ea81fcbc5722bc41604d547bdffa3117d
main__static_clutter__MADDPG-style__seed5__ep04,main_comparison,static_clutter,0,MADDPG-style,5,4,50004,50004150016,,4,0,1800,0.1,ON,1,0.05,0.15,N/A,N/A,N/A,N/A,4,1,0,0,0,0,0,0,0,N/A,36.349752,39.087707,145.399009,1.471876,16.617883,21.1127,0.7871,0.734261,1.029599,1,0.739797,N/A,376,1422,0.264416315049227,0.135656,1.014333,0.628827,,200,,1.0358,1.8786,1.2457,35.2051,0.952381,b18fa14f7a04693e3e892422a03c1606401a1b19bc238230d073cfdb317f53c6,10bd6134d1956b59ae9f946801ced612b270f924,578d09fe08dd07cde7981c884d7bc11ea81fcbc5722bc41604d547bdffa3117d
main__static_clutter__MADDPG-style__seed5__ep05,main_comparison,static_clutter,0,MADDPG-style,5,5,50005,50005150020,,4,0,1800,0.1,ON,1,0.05,0.15,N/A,N/A,N/A,N/A,4,1,0,0,0,0,0,0,0,N/A,37.012317,39.284063,148.049269,1.19152,17.426134,21.1127,0.8254,0.734398,0.972882,1,0.741006,N/A,434,1604,0.270573566084788,0.103277,0.984352,0.629855,,208,,1.0821,1.3953,1.1187,38.7933,0.952381,b18fa14f7a04693e3e892422a03c1606401a1b19bc238230d073cfdb317f53c6,10bd6134d1956b59ae9f946801ced612b270f924,578d09fe08dd07cde7981c884d7bc11ea81fcbc5722bc41604d547bdffa3117d
main__static_clutter__MADDPG-style__seed5__ep06,main_comparison,static_clutter,0,MADDPG-style,5,6,50006,50006150024,,4,0,1800,0.1,ON,1,0.05,0.15,N/A,N/A,N/A,N/A,4,1,0,0,0,0,0,0,0,N/A,37.896791,38.096274,151.587162,1.417633,17.068905,21.3002,0.8014,0.710032,0.982833,1,0.719147,N/A,403,1410,0.28581560283688,0.09919,1.014333,0.611275,,215,,0.7996,1.7002,1.1851,35.8906,0.952381,b18fa14f7a04693e3e892422a03c1606401a1b19bc238230d073cfdb317f53c6,10bd6134d1956b59ae9f946801ced612b270f924,578d09fe08dd07cde7981c884d7bc11ea81fcbc5722bc41604d547bdffa3117d
main__static_clutter__MADDPG-style__seed5__ep07,main_comparison,static_clutter,0,MADDPG-style,5,7,50007,50007150028,,4,0,1800,0.1,ON,1,0.05,0.15,N/A,N/A,N/A,N/A,4,1,0,0,0,0,0,0,0,N/A,34.249447,35.352872,136.997788,1.101267,17.64724,21.1127,0.8359,0.747329,0.931596,1,0.741483,N/A,405,1537,0.263500325309044,0.119589,0.984352,0.630261,,195,,0.7594,1.3058,1.1681,36.5566,0.952381,b18fa14f7a04693e3e892422a03c1606401a1b19bc238230d073cfdb317f53c6,10bd6134d1956b59ae9f946801ced612b270f924,578d09fe08dd07cde7981c884d7bc11ea81fcbc5722bc41604d547bdffa3117d
main__static_clutter__MADDPG-style__seed5__ep08,main_comparison,static_clutter,0,MADDPG-style,5,8,50008,50008150032,,4,0,1800,0.1,ON,1,0.05,0.15,N/A,N/A,N/A,N/A,4,1,0,0,0,0,0,0,0,N/A,35.375393,37.435839,141.50157,1.122747,17.297438,21.3002,0.8121,0.735456,0.941236,1,0.711589,N/A,439,1795,0.244568245125348,0.120231,1.014333,0.604851,,236,,0.8908,1.7103,1.2816,34.6187,0.952381,b18fa14f7a04693e3e892422a03c1606401a1b19bc238230d073cfdb317f53c6,10bd6134d1956b59ae9f946801ced612b270f924,578d09fe08dd07cde7981c884d7bc11ea81fcbc5722bc41604d547bdffa3117d
main__static_clutter__MADDPG-style__seed5__ep09,main_comparison,static_clutter,0,MADDPG-style,5,9,50009,50009150036,,4,0,1800,0.1,ON,1,0.05,0.15,N/A,N/A,N/A,N/A,4,1,0,0,0,0,0,0,0,N/A,33.171738,37.634247,132.68695,1.169651,17.314604,21.1752,0.8177,0.724065,0.970406,2,0.725784,N/A,377,1398,0.26967095851216,0.118448,0.984352,0.616917,,283,,0.7384,1.3951,1.23,33.2462,0.952381,b18fa14f7a04693e3e892422a03c1606401a1b19bc238230d073cfdb317f53c6,10bd6134d1956b59ae9f946801ced612b270f924,578d09fe08dd07cde7981c884d7bc11ea81fcbc5722bc41604d547bdffa3117d
main__static_clutter__MADDPG-style__seed6__ep00,main_comparison,static_clutter,0,MADDPG-style,6,0,60000,60000180000,,4,0,1800,0.1,ON,1,0.05,0.15,N/A,N/A,N/A,N/A,4,1,0,0,0,0,0,0,0,N/A,37.459468,38.070898,149.837871,1.377092,17.258815,21.1752,0.815,0.710088,1.01905,1,0.67242,N/A,454,1604,0.283042394014963,0.116836,1.014274,0.571557,,249,,0.9268,1.8733,1.2314,39.6454,0.952381,610379e1059e7fb271a6fd193f910ee4a566658aefff59646b2b377b9d608819,10bd6134d1956b59ae9f946801ced612b270f924,578d09fe08dd07cde7981c884d7bc11ea81fcbc5722bc41604d547bdffa3117d
main__static_clutter__MADDPG-style__seed6__ep01,main_comparison,static_clutter,0,MADDPG-style,6,1,60001,60001180004,,4,0,1800,0.1,ON,1,0.05,0.15,N/A,N/A,N/A,N/A,4,1,0,0,0,0,0,0,0,N/A,38.798169,39.00216,155.192675,1.250767,17.885439,21.1127,0.8471,0.723857,1.113196,1,0.664528,N/A,405,1496,0.27072192513369,0.119716,0.984296,0.564849,,205,,0.8898,1.8132,1.3531,38.6845,0.952381,610379e1059e7fb271a6fd193f910ee4a566658aefff59646b2b377b9d608819,10bd6134d1956b59ae9f946801ced612b270f924,578d09fe08dd07cde7981c884d7bc11ea81fcbc5722bc41604d547bdffa3117d
main__static_clutter__MADDPG-style__seed6__ep02,main_comparison,static_clutter,0,MADDPG-style,6,2,60002,60002180008,,4,0,1800,0.1,ON,1,0.05,0.15,N/A,N/A,N/A,N/A,4,1,0,0,0,0,0,0,0,N/A,36.809724,37.003772,147.238895,1.518336,16.832864,21.2377,0.7926,0.7489,1.193354,0,0.672506,N/A,423,1459,0.289924605894448,0.129482,1.014274,0.57163,,175,,0.7021,1.8182,1.4706,38.3197,0.952381,610379e1059e7fb271a6fd193f910ee4a566658aefff59646b2b377b9d608819,10bd6134d1956b59ae9f946801ced612b270f924,578d09fe08dd07cde7981c884d7bc11ea81fcbc5722bc41604d547bdffa3117d
main__static_clutter__MADDPG-style__seed6__ep03,main_comparison,static_clutter,0,MADDPG-style,6,3,60003,60003180012,,4,0,1800,0.1,ON,1,0.05,0.15,N/A,N/A,N/A,N/A,4,1,0,0,0,0,0,0,0,N/A,35.030323,38.564929,140.121293,1.141546,16.9312,21.3002,0.7949,0.741915,1.027863,0,0.623907,N/A,360,1289,0.279286268425136,0.12468,0.984296,0.530321,,220,,1.0239,1.3566,1.1717,34.2109,0.952381,610379e1059e7fb271a6fd193f910ee4a566658aefff59646b2b377b9d608819,10bd6134d1956b59ae9f946801ced612b270f924,578d09fe08dd07cde7981c884d7bc11ea81fcbc5722bc41604d547bdffa3117d
main__static_clutter__MADDPG-style__seed6__ep04,main_comparison,static_clutter,0,MADDPG-style,6,4,60004,60004180016,,4,0,1800,0.1,ON,1,0.05,0.15,N/A,N/A,N/A,N/A,4,1,0,0,0,0,0,0,0,N/A,34.339417,37.370466,137.357669,1.602099,16.76806,21.1127,0.7942,0.732127,0.936661,1,0.682551,N/A,387,1416,0.273305084745763,0.11594,1.014274,0.580168,,216,,1.0914,1.4939,1.4782,35.923,0.952381,610379e1059e7fb271a6fd193f910ee4a566658aefff59646b2b377b9d608819,10bd6134d1956b59ae9f946801ced612b270f924,578d09fe08dd07cde7981c884d7bc11ea81fcbc5722bc41604d547bdffa3117d
main__static_clutter__MADDPG-style__seed6__ep05,main_comparison,static_clutter,0,MADDPG-style,6,5,60005,60005180020,,4,0,1800,0.1,ON,1,0.05,0.15,N/A,N/A,N/A,N/A,4,1,0,0,0,0,0,0,0,N/A,30.98826,36.767523,123.953041,1.474512,17.313191,21.2377,0.8152,0.737107,1.110381,0,0.673948,N/A,436,1521,0.286653517422748,0.128377,0.984296,0.572856,,269,,1.0716,1.641,1.1755,36.3226,0.952381,610379e1059e7fb271a6fd193f910ee4a566658aefff59646b2b377b9d608819,10bd6134d1956b59ae9f946801ced612b270f924,578d09fe08dd07cde7981c884d7bc11ea81fcbc5722bc41604d547bdffa3117d
main__static_clutter__MADDPG-style__seed6__ep06,main_comparison,static_clutter,0,MADDPG-style,6,6,60006,60006180024,,4,0,1800,0.1,ON,1,0.05,0.15,N/A,N/A,N/A,N/A,4,1,0,0,0,0,0,0,0,N/A,35.003788,37.581724,140.015153,1.989876,17.011252,21.1752,0.8034,0.722034,0.959113,0,0.713015,N/A,374,1508,0.248010610079576,0.108315,1.014274,0.606063,,247,,1.0853,1.4952,1.4243,36.914,0.952381,610379e1059e7fb271a6fd193f910ee4a566658aefff59646b2b377b9d608819,10bd6134d1956b59ae9f946801ced612b270f924,578d09fe08dd07cde7981c884d7bc11ea81fcbc5722bc41604d547bdffa3117d
main__static_clutter__MADDPG-style__seed6__ep07,main_comparison,static_clutter,0,MADDPG-style,6,7,60007,60007180028,,4,0,1800,0.1,ON,1,0.05,0.15,N/A,N/A,N/A,N/A,4,1,0,0,0,0,0,0,0,N/A,33.681925,38.502504,134.727699,1.590991,17.552663,21.3002,0.8241,0.756545,0.926727,0,0.647084,N/A,384,1504,0.25531914893617,0.122423,0.984296,0.550021,,283,,1.0081,1.3743,1.2178,37.3795,0.952381,610379e1059e7fb271a6fd193f910ee4a566658aefff59646b2b377b9d608819,10bd6134d1956b59ae9f946801ced612b270f924,578d09fe08dd07cde7981c884d7bc11ea81fcbc5722bc41604d547bdffa3117d
main__static_clutter__MADDPG-style__seed6__ep08,main_comparison,static_clutter,0,MADDPG-style,6,8,60008,60008180032,,4,0,1800,0.1,ON,1,0.05,0.15,N/A,N/A,N/A,N/A,4,1,0,0,0,0,0,0,0,N/A,36.579668,36.772567,146.318673,1.294311,17.062965,21.3002,0.8011,0.744094,0.896378,0,0.680009,N/A,442,1617,0.27334570191713,0.121158,1.014274,0.578008,,245,,1.089,1.5361,1.4358,36.7323,0.952381,610379e1059e7fb271a6fd193f910ee4a566658aefff59646b2b377b9d608819,10bd6134d1956b59ae9f946801ced612b270f924,578d09fe08dd07cde7981c884d7bc11ea81fcbc5722bc41604d547bdffa3117d
main__static_clutter__MADDPG-style__seed6__ep09,main_comparison,static_clutter,0,MADDPG-style,6,9,60009,60009180036,,4,0,1800,0.1,ON,1,0.05,0.15,N/A,N/A,N/A,N/A,4,1,0,0,0,0,0,0,0,N/A,37.528136,38.234054,150.112545,1.424374,17.538258,21.1127,0.8307,0.732523,1.002213,1,0.679294,N/A,350,1311,0.26697177726926,0.118968,0.984296,0.5774,,256,,1.0945,1.4165,1.3059,37.6257,0.952381,610379e1059e7fb271a6fd193f910ee4a566658aefff59646b2b377b9d608819,10bd6134d1956b59ae9f946801ced612b270f924,578d09fe08dd07cde7981c884d7bc11ea81fcbc5722bc41604d547bdffa3117d
main__static_clutter__MADDPG-style__seed7__ep00,main_comparison,static_clutter,0,MADDPG-style,7,0,70000,70000210000,,4,0,1800,0.1,ON,1,0.05,0.15,N/A,N/A,N/A,N/A,4,1,0,0,0,0,0,0,0,N/A,33.759803,38.490165,135.039211,1.09267,17.729395,21.3627,0.8299,0.735727,0.981939,1,0.679291,N/A,432,1620,0.266666666666667,0.117339,1.010318,0.577397,,234,,0.7396,1.8027,1.1567,37.6575,0.952381,c738af6d3e69b215243d37883e031bfe13257a76895d86e02874959facc4aa79,10bd6134d1956b59ae9f946801ced612b270f924,578d09fe08dd07cde7981c884d7bc11ea81fcbc5722bc41604d547bdffa3117d
main__static_clutter__MADDPG-style__seed7__ep01,main_comparison,static_clutter,0,MADDPG-style,7,1,70001,70001210004,,4,0,1800,0.1,ON,1,0.05,0.15,N/A,N/A,N/A,N/A,4,1,0,0,0,0,0,0,0,N/A,32.815102,37.992215,131.26041,1.445694,16.631408,21.1127,0.7877,0.741408,0.88408,0,0.680976,N/A,425,1673,0.25403466826061,0.117041,0.980456,0.578829,,169,,0.823,1.3126,1.2625,36.2319,0.952381,c738af6d3e69b215243d37883e031bfe13257a76895d86e02874959facc4aa79,10bd6134d1956b59ae9f946801ced612b270f924,578d09fe08dd07cde7981c884d7bc11ea81fcbc5722bc41604d547bdffa3117d
main__static_clutter__MADDPG-style__seed7__ep02,main_comparison,static_clutter,0,MADDPG-style,7,2,70002,70002210008,,4,0,1800,0.1,ON,1,0.05,0.15,N/A,N/A,N/A,N/A,4,1,0,0,0,0,0,0,0,N/A,34.67021,37.791708,138.68084,1.18825,17.406285,21.1752,0.822,0.711532,0.803572,2,0.704575,N/A,371,1290,0.287596899224806,0.101747,1.010318,0.598889,,110,,0.8003,1.398,1.4631,35.7387,0.952381,c738af6d3e69b215243d37883e031bfe13257a76895d86e02874959facc4aa79,10bd6134d1956b59ae9f946801ced612b270f924,578d09fe08dd07cde7981c884d7bc11ea81fcbc5722bc41604d547bdffa3117d
main__static_clutter__MADDPG-style__seed7__ep03,main_comparison,static_clutter,0,MADDPG-style,7,3,70003,70003210012,,4,0,1800,0.1,ON,1,0.05,0.15,N/A,N/A,N/A,N/A,4,1,0,0,0,0,0,0,0,N/A,36.096533,40.573695,144.386131,1.280404,17.804425,21.2377,0.8383,0.728503,0.844034,0,0.68084,N/A,346,1204,0.287375415282392,0.135055,0.980456,0.578714,,280,,0.8996,1.7281,1.367,38.076,0.952381,c738af6d3e69b215243d37883e031bfe13257a76895d86e02874959facc4aa79,10bd6134d1956b59ae9f946801ced612b270f924,578d09fe08dd07cde7981c884d7bc11ea81fcbc5722bc41604d547bdffa3117d
main__static_clutter__MADDPG-style__seed7__ep04,main_comparison,static_clutter,0,MADDPG-style,7,4,70004,70004210016,,4,0,1800,0.1,ON,1,0.05,0.15,N/A,N/A,N/A,N/A,4,1,0,0,0,0,0,0,0,N/A,36.918478,39.332376,147.673911,1.553134,17.868909,21.3627,0.8365,0.729905,0.978643,0,0.704828,N/A,433,1676,0.258353221957041,0.12591,1.010318,0.599104,,231,,1.0197,1.5694,1.1249,37.4125,0.952381,c738af6d3e69b215243d37883e031bfe13257a76895d86e02874959facc4aa79,10bd6134d1956b59ae9f946801ced612b270f924,578d09fe08dd07cde7981c884d7bc11ea81fcbc5722bc41604d547bdffa3117d
main__static_clutter__MADDPG-style__seed7__ep05,main_comparison,static_clutter,0,MADDPG-style,7,5,70005,70005210020,,4,0,1800,0.1,ON,1,0.05,0.15,N/A,N/A,N/A,N/A,4,1,0,0,0,0,0,0,0,N/A,35.466157,36.9155,141.864627,1.152627,17.17591,21.1127,0.8135,0.720305,0.801895,1,0.70366,N/A,328,1279,0.256450351837373,0.121855,0.980456,0.598111,,247,,0.9779,1.538,1.2075,36.2677,0.952381,c738af6d3e69b215243d37883e031bfe13257a76895d86e02874959facc4aa79,10bd6134d1956b59ae9f946801ced612b270f924,578d09fe08dd07cde7981c884d7bc11ea81fcbc5722bc41604d547bdffa3117d
main__static_clutter__MADDPG-style__seed7__ep06,main_comparison,static_clutter,0,MADDPG-style,7,6,70006,70006210024,,4,0,1800,0.1,ON,1,0.05,0.15,N/A,N/A,N/A,N/A,4,1,0,0,0,0,0,0,0,N/A,36.322914,39.967612,145.291657,1.400316,17.803431,21.3002,0.8358,0.710407,0.998651,2,0.661688,N/A,434,1560,0.278205128205128,0.124233,1.010318,0.562434,,266,,0.9651,1.5319,1.4567,36.9329,0.952381,c738af6d3e69b215243d37883e031bfe13257a76895d86e02874959facc4aa79,10bd6134d1956b59ae9f946801ced612b270f924,578d09fe08dd07cde7981c884d7bc11ea81fcbc5722bc41604d547bdffa3117d
main__static_clutter__MADDPG-style__seed7__ep07,main_comparison,static_clutter,0,MADDPG-style,7,7,70007,70007210028,,4,0,1800,0.1,ON,1,0.05,0.15,N/A,N/A,N/A,N/A,4,1,0,0,0,0,0,0,0,N/A,33.793945,37.094927,135.175782,1.571086,17.667608,21.3627,0.827,0.723564,0.839726,1,0.714907,N/A,353,1346,0.262258543833581,0.120052,0.980456,0.607671,,278,,0.8414,1.3515,1.1466,36.0569,0.952381,c738af6d3e69b215243d37883e031bfe13257a76895d86e02874959facc4aa79,10bd6134d1956b59ae9f946801ced612b270f924,578d09fe08dd07cde7981c884d7bc11ea81fcbc5722bc41604d547bdffa3117d
main__static_clutter__MADDPG-style__seed7__ep08,main_comparison,static_clutter,0,MADDPG-style,7,8,70008,70008210032,,4,0,1800,0.1,ON,1,0.05,0.15,N/A,N/A,N/A,N/A,4,1,0,0,0,0,0,0,0,N/A,36.662308,39.42038,146.649232,1.173901,17.43131,21.0502,0.8281,0.745907,0.873625,1,0.673833,N/A,395,1388,0.284582132564841,0.10654,1.010318,0.572758,,220,,0.957,1.8211,1.307,37.6218,0.952381,c738af6d3e69b215243d37883e031bfe13257a76895d86e02874959facc4aa79,10bd6134d1956b59ae9f946801ced612b270f924,578d09fe08dd07cde7981c884d7bc11ea81fcbc5722bc41604d547bdffa3117d
main__static_clutter__MADDPG-style__seed7__ep09,main_comparison,static_clutter,0,MADDPG-style,7,9,70009,70009210036,,4,0,1800,0.1,ON,1,0.05,0.15,N/A,N/A,N/A,N/A,4,1,0,0,0,0,0,0,0,N/A,34.358244,37.301872,137.432977,1.004401,17.632547,21.2377,0.8302,0.728183,0.933862,1,0.709714,N/A,419,1543,0.271548930654569,0.119696,0.980456,0.603257,,284,,0.9598,1.392,1.4908,37.1867,0.952381,c738af6d3e69b215243d37883e031bfe13257a76895d86e02874959facc4aa79,10bd6134d1956b59ae9f946801ced612b270f924,578d09fe08dd07cde7981c884d7bc11ea81fcbc5722bc41604d547bdffa3117d
main__dynamic_pedestrians__MADDPG-style__seed0__ep00,main_comparison,dynamic_pedestrians,1,MADDPG-style,0,0,100,100000300,100000397,4,1,1500,0.1,ON,1,0.05,0.15,0,10,0.9,1.1,4,1,0,0,0,0,0,0,0,0,33.271814,36.555553,133.087255,2.347994,13.228005,12.8192,1.0319,0.933806,0.94531,5,0.701223,0.827804,325,1070,0.303738317757009,0.156497,0.806951,0.59604,0.703633,214,143,0.9013,1.3878,1.3917,38.8886,0.952381,22ba23afb82dd8ade0b6717a95e954dfced88a7275649ffa84ea24636e9fc8e4,10bd6134d1956b59ae9f946801ced612b270f924,578d09fe08dd07cde7981c884d7bc11ea81fcbc5722bc41604d547bdffa3117d
main__dynamic_pedestrians__MADDPG-style__seed0__ep01,main_comparison,dynamic_pedestrians,1,MADDPG-style,0,1,101,101000304,101000401,4,1,1500,0.1,ON,1,0.05,0.15,0,10,0.9,1.1,4,1,0,0,0,0,0,0,0,0,32.676021,38.803724,130.704085,2.39294,13.552941,12.8118,1.0579,0.916579,0.842429,2,0.688409,0.852314,388,1364,0.284457478005865,0.164833,0.902569,0.585148,0.724467,245,164,1.0497,1.6075,1.1646,36.8887,0.952381,22ba23afb82dd8ade0b6717a95e954dfced88a7275649ffa84ea24636e9fc8e4,10bd6134d1956b59ae9f946801ced612b270f924,578d09fe08dd07cde7981c884d7bc11ea81fcbc5722bc41604d547bdffa3117d
main__dynamic_pedestrians__MADDPG-style__seed0__ep02,main_comparison,dynamic_pedestrians,1,MADDPG-style,0,2,102,102000308,102000405,4,1,1500,0.1,ON,1,0.05,0.15,0,10,0.9,1.1,4,1,0,0,0,0,0,0,0,0,33.620986,37.199909,134.483943,2.106955,13.380863,12.8112,1.0445,0.911264,0.986612,5,0.702873,0.793347,301,1080,0.278703703703704,0.160581,0.855959,0.597442,0.674345,263,176,0.9171,1.4194,1.3414,33.3571,0.952381,22ba23afb82dd8ade0b6717a95e954dfced88a7275649ffa84ea24636e9fc8e4,10bd6134d1956b59ae9f946801ced612b270f924,578d09fe08dd07cde7981c884d7bc11ea81fcbc5722bc41604d547bdffa3117d
main__dynamic_pedestrians__MADDPG-style__seed0__ep03,main_comparison,dynamic_pedestrians,1,MADDPG-style,0,3,103,103000312,103000409,4,1,1500,0.1,ON,1,0.05,0.15,0,10,0.9,1.1,4,1,0,0,0,0,0,0,0,0,30.970054,35.385855,123.880217,2.263631,13.147991,12.8058,1.0267,0.906104,0.764743,7,0.707142,0.835286,335,1136,0.294894366197183,0.146168,0.894657,0.601071,0.709993,247,164,0.8115,1.7337,1.4148,36.2414,0.952381,22ba23afb82dd8ade0b6717a95e954dfced88a7275649ffa84ea24636e9fc8e4,10bd6134d1956b59ae9f946801ced612b270f924,578d09fe08dd07cde7981c884d7bc11ea81fcbc5722bc41604d547bdffa3117d
main__dynamic_pedestrians__MADDPG-style__seed0__ep04,main_comparison,dynamic_pedestrians,1,MADDPG-style,0,4,104,104000316,104000413,4,1,1500,0.1,ON,1,0.05,0.15,0,10,0.9,1.1,4,1,0,0,0,0,0,0,0,0,32.024961,39.061026,128.099843,2.968125,13.023006,12.825,1.0154,0.921803,0.907649,0,0.66165,0.808161,305,1073,0.284249767008388,0.142654,0.86252,0.562402,0.686937,203,136,0.7288,1.3654,1.2724,38.6761,0.952381,22ba23afb82dd8ade0b6717a95e954dfced88a7275649ffa84ea24636e9fc8e4,10bd6134d1956b59ae9f946801ced612b270f924,578d09fe08dd07cde7981c884d7bc11ea81fcbc5722bc41604d547bdffa3117d
main__dynamic_pedestrians__MADDPG-style__seed0__ep05,main_comparison,dynamic_pedestrians,1,MADDPG-style,0,5,105,105000320,105000417,4,1,1500,0.1,ON,1,0.05,0.15,0,10,0.9,1.1,4,1,0,0,0,0,0,0,0,0,30.267167,38.853733,121.068669,2.568501,13.030806,12.8106,1.0172,0.906634,0.863802,3,0.68811,0.847257,310,1194,0.25963149078727,0.144872,0.882587,0.584894,0.720168,286,191,0.8622,1.4845,1.2985,40.014,0.952381,22ba23afb82dd8ade0b6717a95e954dfced88a7275649ffa84ea24636e9fc8e4,10bd6134d1956b59ae9f946801ced612b270f924,578d09fe08dd07cde7981c884d7bc11ea81fcbc5722bc41604d547bdffa3117d
main__dynamic_pedestrians__MADDPG-style__seed0__ep06,main_comparison,dynamic_pedestrians,1,MADDPG-style,0,6,106,106000324,106000421,4,1,1500,0.1,ON,1,0.05,0.15,0,10,0.9,1.1,4,1,0,0,0,0,0,0,0,0,35.52247,39.373871,142.08988,2.196017,13.995299,12.7812,1.095,0.898514,0.798554,0,0.705105,0.857228,329,1205,0.273029045643154,0.132259,0.875867,0.599339,0.728644,235,157,1.062,1.8783,1.4317,38.0286,0.952381,22ba23afb82dd8ade0b6717a95e954dfced88a7275649ffa84ea24636e9fc8e4,10bd6134d1956b59ae9f946801ced612b270f924,578d09fe08dd07cde7981c884d7bc11ea81fcbc5722bc41604d547bdffa3117d
main__dynamic_pedestrians__MADDPG-style__seed0__ep07,main_comparison,dynamic_pedestrians,1,MADDPG-style,0,7,107,107000328,107000425,4,1,1500,0.1,ON,1,0.05,0.15,0,10,0.9,1.1,4,1,0,0,0,0,0,0,0,0,32.730901,38.036109,130.923604,2.012707,13.036055,12.804,1.0181,0.912764,0.839517,8,0.669782,0.835253,273,914,0.298687089715536,0.147585,0.882111,0.569314,0.709965,169,113,0.9241,1.4329,1.1938,36.5429,0.952381,22ba23afb82dd8ade0b6717a95e954dfced88a7275649ffa84ea24636e9fc8e4,10bd6134d1956b59ae9f946801ced612b270f924,578d09fe08dd07cde7981c884d7bc11ea81fcbc5722bc41604d547bdffa3117d
main__dynamic_pedestrians__MADDPG-style__seed0__ep08,main_comparison,dynamic_pedestrians,1,MADDPG-style,0,8,108,108000332,108000429,4,1,1500,0.1,ON,1,0.05,0.15,0,10,0.9,1.1,4,1,0,0,0,0,0,0,0,0,34.273461,37.469734,137.093843,2.588385,13.15525,12.8087,1.0271,0.905466,0.89213,6,0.691476,0.85149,360,1255,0.286852589641434,0.157782,0.877602,0.587755,0.723767,292,195,0.9099,1.8853,1.3026,35.7972,0.952381,22ba23afb82dd8ade0b6717a95e954dfced88a7275649ffa84ea24636e9fc8e4,10bd6134d1956b59ae9f946801ced612b270f924,578d09fe08dd07cde7981c884d7bc11ea81fcbc5722bc41604d547bdffa3117d
main__dynamic_pedestrians__MADDPG-style__seed0__ep09,main_comparison,dynamic_pedestrians,1,MADDPG-style,0,9,109,109000336,109000433,4,1,1500,0.1,ON,1,0.05,0.15,0,10,0.9,1.1,4,1,0,0,0,0,0,0,0,0,32.152451,36.135705,128.609802,1.706591,13.469906,12.8135,1.0512,0.909662,0.827269,4,0.664855,0.817192,289,1010,0.286138613861386,0.137261,0.815186,0.565127,0.694613,258,172,0.7225,1.8589,1.4413,36.3614,0.952381,22ba23afb82dd8ade0b6717a95e954dfced88a7275649ffa84ea24636e9fc8e4,10bd6134d1956b59ae9f946801ced612b270f924,578d09fe08dd07cde7981c884d7bc11ea81fcbc5722bc41604d547bdffa3117d
main__dynamic_pedestrians__MADDPG-style__seed1__ep00,main_comparison,dynamic_pedestrians,1,MADDPG-style,1,0,10100,10100030300,10100030397,4,1,1500,0.1,ON,1,0.05,0.15,0,10,0.9,1.1,4,1,0,0,0,0,0,0,0,0,37.058705,37.253999,148.234821,1.989602,13.531399,12.8146,1.0559,0.915136,0.784918,5,0.646419,0.796173,354,1272,0.278301886792453,0.192104,0.871005,0.549456,0.676747,198,132,0.7184,1.4668,1.4082,36.2487,0.952381,24ef00c2101fb55789b2c53c0d8fdb6699713f040a0d78b211b9ee757a25c938,10bd6134d1956b59ae9f946801ced612b270f924,578d09fe08dd07cde7981c884d7bc11ea81fcbc5722bc41604d547bdffa3117d
main__dynamic_pedestrians__MADDPG-style__seed1__ep01,main_comparison,dynamic_pedestrians,1,MADDPG-style,1,1,10101,10101030304,10101030401,4,1,1500,0.1,ON,1,0.05,0.15,0,10,0.9,1.1,4,1,0,0,0,0,0,0,0,0,34.153087,35.88901,136.612348,1.6239,13.375651,12.8038,1.0447,0.920435,0.931182,2,0.680921,0.772137,374,1475,0.253559322033898,0.179259,0.835442,0.578783,0.656316,249,166,0.8682,1.4527,1.3968,36.6307,0.952381,24ef00c2101fb55789b2c53c0d8fdb6699713f040a0d78b211b9ee757a25c938,10bd6134d1956b59ae9f946801ced612b270f924,578d09fe08dd07cde7981c884d7bc11ea81fcbc5722bc41604d547bdffa3117d
main__dynamic_pedestrians__MADDPG-style__seed1__ep02,main_comparison,dynamic_pedestrians,1,MADDPG-style,1,2,10102,10102030308,10102030405,4,1,1500,0.1,ON,1,0.05,0.15,0,10,0.9,1.1,4,1,0,0,0,0,0,0,0,0,35.236168,35.422348,140.944671,1.929115,13.28757,12.802,1.0379,0.950396,0.84097,5,0.67324,0.785827,356,1434,0.248256624825662,0.141094,0.84743,0.572254,0.667953,272,182,0.7914,1.7415,1.3507,35.7175,0.952381,24ef00c2101fb55789b2c53c0d8fdb6699713f040a0d78b211b9ee757a25c938,10bd6134d1956b59ae9f946801ced612b270f924,578d09fe08dd07cde7981c884d7bc11ea81fcbc5722bc41604d547bdffa3117d
main__dynamic_pedestrians__MADDPG-style__seed1__ep03,main_comparison,dynamic_pedestrians,1,MADDPG-style,1,3,10103,10103030312,10103030409,4,1,1500,0.1,ON,1,0.05,0.15,0,10,0.9,1.1,4,1,0,0,0,0,0,0,0,0,33.84644,35.526092,135.385762,1.931837,13.540392,12.8151,1.0566,0.931453,0.799531,3,0.655234,0.804405,358,1393,0.25699928212491,0.199261,0.827221,0.556949,0.683744,140,93,1.0903,1.6181,1.4089,34.6302,0.952381,24ef00c2101fb55789b2c53c0d8fdb6699713f040a0d78b211b9ee757a25c938,10bd6134d1956b59ae9f946801ced612b270f924,578d09fe08dd07cde7981c884d7bc11ea81fcbc5722bc41604d547bdffa3117d
main__dynamic_pedestrians__MADDPG-style__seed1__ep04,main_comparison,dynamic_pedestrians,1,MADDPG-style,1,4,10104,10104030316,10104030413,4,1,1500,0.1,ON,1,0.05,0.15,0,10,0.9,1.1,4,1,0,0,0,0,0,0,0,0,31.858645,35.39771,127.43458,1.699668,13.730932,12.8093,1.0719,0.941667,0.895725,3,0.664992,0.804087,304,1251,0.243005595523581,0.180915,0.869618,0.565243,0.683474,255,170,1.0616,1.8936,1.1651,36.0096,0.952381,24ef00c2101fb55789b2c53c0d8fdb6699713f040a0d78b211b9ee757a25c938,10bd6134d1956b59ae9f946801ced612b270f924,578d09fe08dd07cde7981c884d7bc11ea81fcbc5722bc41604d547bdffa3117d
main__dynamic_pedestrians__MADDPG-style__seed1__ep05,main_comparison,dynamic_pedestrians,1,MADDPG-style,1,5,10105,10105030320,10105030417,4,1,1500,0.1,ON,1,0.05,0.15,0,10,0.9,1.1,4,1,0,0,0,0,0,0,0,0,32.980428,36.345921,131.92171,1.768176,13.488941,12.817,1.0524,0.906774,0.927284,7,0.633829,0.781492,375,1453,0.258086717136958,0.158426,0.863881,0.538755,0.664268,242,161,0.9694,1.7659,1.278,34.2937,0.952381,24ef00c2101fb55789b2c53c0d8fdb6699713f040a0d78b211b9ee757a25c938,10bd6134d1956b59ae9f946801ced612b270f924,578d09fe08dd07cde7981c884d7bc11ea81fcbc5722bc41604d547bdffa3117d
main__dynamic_pedestrians__MADDPG-style__seed1__ep06,main_comparison,dynamic_pedestrians,1,MADDPG-style,1,6,10106,10106030324,10106030421,4,1,1500,0.1,ON,1,0.05,0.15,0,10,0.9,1.1,4,1,0,0,0,0,0,0,0,0,35.435645,35.622823,141.742578,1.702044,13.556399,12.8254,1.057,0.929091,0.951333,7,0.656704,0.801295,380,1499,0.253502334889927,0.167004,0.862068,0.558198,0.6811,201,134,1.0749,1.4972,1.1469,37.0324,0.952381,24ef00c2101fb55789b2c53c0d8fdb6699713f040a0d78b211b9ee757a25c938,10bd6134d1956b59ae9f946801ced612b270f924,578d09fe08dd07cde7981c884d7bc11ea81fcbc5722bc41604d547bdffa3117d
main__dynamic_pedestrians__MADDPG-style__seed1__ep07,main_comparison,dynamic_pedestrians,1,MADDPG-style,1,7,10107,10107030328,10107030425,4,1,1500,0.1,ON,1,0.05,0.15,0,10,0.9,1.1,4,1,0,0,0,0,0,0,0,0,31.476531,33.60796,125.906125,1.697511,13.929587,12.8021,1.0881,0.93737,0.94271,6,0.625154,0.853721,316,1347,0.234595397178916,0.169559,0.860562,0.531381,0.725663,220,147,1.0555,1.3266,1.4529,35.9186,0.952381,24ef00c2101fb55789b2c53c0d8fdb6699713f040a0d78b211b9ee757a25c938,10bd6134d1956b59ae9f946801ced612b270f924,578d09fe08dd07cde7981c884d7bc11ea81fcbc5722bc41604d547bdffa3117d
main__dynamic_pedestrians__MADDPG-style__seed1__ep08,main_comparison,dynamic_pedestrians,1,MADDPG-style,1,8,10108,10108030332,10108030429,4,1,1500,0.1,ON,1,0.05,0.15,0,10,0.9,1.1,4,1,0,0,0,0,0,0,0,0,37.263126,37.459442,149.052505,1.731429,13.534941,12.8116,1.0565,0.929645,0.946335,3,0.661044,0.823545,433,1895,0.228496042216359,0.185481,0.860382,0.561887,0.700013,302,202,1.0106,1.5998,1.2063,33.4297,0.952381,24ef00c2101fb55789b2c53c0d8fdb6699713f040a0d78b211b9ee757a25c938,10bd6134d1956b59ae9f946801ced612b270f924,578d09fe08dd07cde7981c884d7bc11ea81fcbc5722bc41604d547bdffa3117d
main__dynamic_pedestrians__MADDPG-style__seed1__ep09,main_comparison,dynamic_pedestrians,1,MADDPG-style,1,9,10109,10109030336,10109030433,4,1,1500,0.1,ON,1,0.05,0.15,0,10,0.9,1.1,4,1,0,0,0,0,0,0,0,0,37.39062,37.587573,149.562481,1.99013,13.31807,12.8057,1.04,0.93626,0.718724,2,0.633068,0.831089,315,1176,0.267857142857143,0.157352,0.87128,0.538108,0.706425,188,126,0.7743,1.5823,1.229,32.2952,0.952381,24ef00c2101fb55789b2c53c0d8fdb6699713f040a0d78b211b9ee757a25c938,10bd6134d1956b59ae9f946801ced612b270f924,578d09fe08dd07cde7981c884d7bc11ea81fcbc5722bc41604d547bdffa3117d
main__dynamic_pedestrians__MADDPG-style__seed2__ep00,main_comparison,dynamic_pedestrians,1,MADDPG-style,2,0,20100,20100060300,20100060397,4,1,1500,0.1,ON,1,0.05,0.15,0,10,0.9,1.1,4,1,0,0,0,0,0,0,0,0,36.557774,44.495203,146.231094,2.531988,13.537105,12.8041,1.0572,0.91611,0.992604,5,0.682346,0.882949,265,1096,0.241788321167883,0.176492,0.93807,0.579994,0.750507,171,114,0.8504,1.4819,1.4652,32.1082,0.952381,656b5a2950388f1e8c3ac5af14a6ff77d248c8267b7e5c4bc8dfbe0218789a38,10bd6134d1956b59ae9f946801ced612b270f924,578d09fe08dd07cde7981c884d7bc11ea81fcbc5722bc41604d547bdffa3117d
main__dynamic_pedestrians__MADDPG-style__seed2__ep01,main_comparison,dynamic_pedestrians,1,MADDPG-style,2,1,20101,20101060304,20101060401,4,1,1500,0.1,ON,1,0.05,0.15,0,10,0.9,1.1,4,1,0,0,0,0,0,0,0,0,37.826598,42.504041,151.306391,2.742449,12.885594,12.8226,1.0049,0.926294,0.966723,7,0.712338,0.798731,252,1060,0.237735849056604,0.167742,0.94304,0.605488,0.678921,168,112,0.8892,1.3144,1.4799,33.453,0.952381,656b5a2950388f1e8c3ac5af14a6ff77d248c8267b7e5c4bc8dfbe0218789a38,10bd6134d1956b59ae9f946801ced612b270f924,578d09fe08dd07cde7981c884d7bc11ea81fcbc5722bc41604d547bdffa3117d
main__dynamic_pedestrians__MADDPG-style__seed2__ep02,main_comparison,dynamic_pedestrians,1,MADDPG-style,2,2,20102,20102060308,20102060405,4,1,1500,0.1,ON,1,0.05,0.15,0,10,0.9,1.1,4,1,0,0,0,0,0,0,0,0,36.052059,42.034744,144.208235,2.652233,13.289261,12.7793,1.0399,0.925639,0.955806,0,0.64867,0.829534,294,1163,0.252794496990542,0.179094,0.943196,0.551369,0.705104,135,90,1.0136,1.5093,1.3862,35.1891,0.952381,656b5a2950388f1e8c3ac5af14a6ff77d248c8267b7e5c4bc8dfbe0218789a38,10bd6134d1956b59ae9f946801ced612b270f924,578d09fe08dd07cde7981c884d7bc11ea81fcbc5722bc41604d547bdffa3117d
main__dynamic_pedestrians__MADDPG-style__seed2__ep03,main_comparison,dynamic_pedestrians,1,MADDPG-style,2,3,20103,20103060312,20103060409,4,1,1500,0.1,ON,1,0.05,0.15,0,10,0.9,1.1,4,1,0,0,0,0,0,0,0,0,34.19033,40.4054,136.761321,2.648464,13.508039,12.8008,1.0552,0.935518,0.947054,5,0.750349,0.872615,281,1291,0.217660728117738,0.183161,0.987882,0.637797,0.741723,217,144,1.0147,1.6306,1.1887,36.2785,0.952381,656b5a2950388f1e8c3ac5af14a6ff77d248c8267b7e5c4bc8dfbe0218789a38,10bd6134d1956b59ae9f946801ced612b270f924,578d09fe08dd07cde7981c884d7bc11ea81fcbc5722bc41604d547bdffa3117d
main__dynamic_pedestrians__MADDPG-style__seed2__ep04,main_comparison,dynamic_pedestrians,1,MADDPG-style,2,4,20104,20104060316,20104060413,4,1,1500,0.1,ON,1,0.05,0.15,0,10,0.9,1.1,4,1,0,0,0,0,0,0,0,0,37.741819,43.809569,150.967275,2.584633,13.614522,12.8317,1.061,0.943365,0.955397,2,0.667411,0.849691,297,1293,0.22969837587007,0.174651,0.929768,0.5673,0.722237,181,120,0.9498,1.6272,1.2642,34.4116,0.952381,656b5a2950388f1e8c3ac5af14a6ff77d248c8267b7e5c4bc8dfbe0218789a38,10bd6134d1956b59ae9f946801ced612b270f924,578d09fe08dd07cde7981c884d7bc11ea81fcbc5722bc41604d547bdffa3117d
main__dynamic_pedestrians__MADDPG-style__seed2__ep05,main_comparison,dynamic_pedestrians,1,MADDPG-style,2,5,20105,20105060320,20105060417,4,1,1500,0.1,ON,1,0.05,0.15,0,10,0.9,1.1,4,1,0,0,0,0,0,0,0,0,32.614189,40.236197,130.456758,2.66109,13.699471,12.8201,1.0686,0.927142,1.083273,5,0.716069,0.787189,306,1321,0.231642694928085,0.188878,0.991223,0.608659,0.669111,254,169,0.9372,1.871,1.4051,35.7261,0.952381,656b5a2950388f1e8c3ac5af14a6ff77d248c8267b7e5c4bc8dfbe0218789a38,10bd6134d1956b59ae9f946801ced612b270f924,578d09fe08dd07cde7981c884d7bc11ea81fcbc5722bc41604d547bdffa3117d
main__dynamic_pedestrians__MADDPG-style__seed2__ep06,main_comparison,dynamic_pedestrians,1,MADDPG-style,2,6,20106,20106060324,20106060421,4,1,1500,0.1,ON,1,0.05,0.15,0,10,0.9,1.1,4,1,0,0,0,0,0,0,0,0,37.21791,44.741317,148.871638,2.771943,13.619547,12.8368,1.061,0.942693,0.916611,5,0.717475,0.869697,236,978,0.241308793456033,0.185894,0.947533,0.609854,0.739243,227,152,0.8834,1.3987,1.276,32.9231,0.952381,656b5a2950388f1e8c3ac5af14a6ff77d248c8267b7e5c4bc8dfbe0218789a38,10bd6134d1956b59ae9f946801ced612b270f924,578d09fe08dd07cde7981c884d7bc11ea81fcbc5722bc41604d547bdffa3117d
main__dynamic_pedestrians__MADDPG-style__seed2__ep07,main_comparison,dynamic_pedestrians,1,MADDPG-style,2,7,20107,20107060328,20107060425,4,1,1500,0.1,ON,1,0.05,0.15,0,10,0.9,1.1,4,1,0,0,0,0,0,0,0,0,36.427493,44.516342,145.70997,2.952037,13.270243,12.8072,1.0362,0.954413,0.916733,3,0.682125,0.793044,271,1194,0.226968174204355,0.156596,0.953683,0.579807,0.674087,207,138,1.0994,1.6962,1.2786,34.2302,0.952381,656b5a2950388f1e8c3ac5af14a6ff77d248c8267b7e5c4bc8dfbe0218789a38,10bd6134d1956b59ae9f946801ced612b270f924,578d09fe08dd07cde7981c884d7bc11ea81fcbc5722bc41604d547bdffa3117d
main__dynamic_pedestrians__MADDPG-style__seed2__ep08,main_comparison,dynamic_pedestrians,1,MADDPG-style,2,8,20108,20108060332,20108060429,4,1,1500,0.1,ON,1,0.05,0.15,0,10,0.9,1.1,4,1,0,0,0,0,0,0,0,0,36.303535,42.284991,145.21414,3.363623,13.167341,12.7667,1.0314,0.926283,0.902711,9,0.695931,0.823088,259,1085,0.238709677419355,0.173326,0.963078,0.591541,0.699625,215,143,1.0035,1.503,1.3439,35.4619,0.952381,656b5a2950388f1e8c3ac5af14a6ff77d248c8267b7e5c4bc8dfbe0218789a38,10bd6134d1956b59ae9f946801ced612b270f924,578d09fe08dd07cde7981c884d7bc11ea81fcbc5722bc41604d547bdffa3117d
main__dynamic_pedestrians__MADDPG-style__seed2__ep09,main_comparison,dynamic_pedestrians,1,MADDPG-style,2,9,20109,20109060336,20109060433,4,1,1500,0.1,ON,1,0.05,0.15,0,10,0.9,1.1,4,1,0,0,0,0,0,0,0,0,36.546191,42.299974,146.184762,1.827801,13.411729,12.7992,1.0479,0.915246,0.904024,3,0.733289,0.832848,280,1107,0.25293586269196,0.199163,0.981767,0.623296,0.707921,199,133,0.9127,1.6141,1.399,34.1101,0.952381,656b5a2950388f1e8c3ac5af14a6ff77d248c8267b7e5c4bc8dfbe0218789a38,10bd6134d1956b59ae9f946801ced612b270f924,578d09fe08dd07cde7981c884d7bc11ea81fcbc5722bc41604d547bdffa3117d
main__dynamic_pedestrians__MADDPG-style__seed3__ep00,main_comparison,dynamic_pedestrians,1,MADDPG-style,3,0,30100,30100090300,30100090397,4,1,1500,0.1,ON,1,0.05,0.15,0,10,0.9,1.1,4,1,0,0,0,0,0,0,0,0,31.81653,51.250805,127.26612,2.517579,13.93705,12.8087,1.0881,0.928556,0.821016,2,0.616034,0.725197,361,1518,0.237812911725955,0.143109,0.90231,0.523629,0.616946,132,88,0.8762,1.318,1.4997,28.4501,0.952381,0102f4da9e9216ccef46082fd9d22153a63eb42c8ee3a3367744f62bfc2bb4b0,10bd6134d1956b59ae9f946801ced612b270f924,578d09fe08dd07cde7981c884d7bc11ea81fcbc5722bc41604d547bdffa3117d
main__dynamic_pedestrians__MADDPG-style__seed3__ep01,main_comparison,dynamic_pedestrians,1,MADDPG-style,3,1,30101,30101090304,30101090401,4,1,1500,0.1,ON,1,0.05,0.15,0,10,0.9,1.1,4,1,0,0,0,0,0,0,0,0,34.001715,47.640706,136.006859,2.949274,13.757466,12.8008,1.0747,0.927476,0.889029,2,0.600314,0.748684,368,1594,0.230865746549561,0.151633,0.917906,0.510267,0.637404,167,112,0.7968,1.3679,1.2175,32.0335,0.952381,0102f4da9e9216ccef46082fd9d22153a63eb42c8ee3a3367744f62bfc2bb4b0,10bd6134d1956b59ae9f946801ced612b270f924,578d09fe08dd07cde7981c884d7bc11ea81fcbc5722bc41604d547bdffa3117d
main__dynamic_pedestrians__MADDPG-style__seed3__ep02,main_comparison,dynamic_pedestrians,1,MADDPG-style,3,2,30102,30102090308,30102090405,4,1,1500,0.1,ON,1,0.05,0.15,0,10,0.9,1.1,4,1,0,0,0,0,0,0,0,0,34.109466,49.306441,136.437864,2.397601,13.549696,12.7797,1.0603,0.911792,0.9121,5,0.63214,0.72695,370,1539,0.240415854450942,0.146828,0.925085,0.537319,0.618473,242,161,0.9725,1.6305,1.3913,30.0335,0.952381,0102f4da9e9216ccef46082fd9d22153a63eb42c8ee3a3367744f62bfc2bb4b0,10bd6134d1956b59ae9f946801ced612b270f924,578d09fe08dd07cde7981c884d7bc11ea81fcbc5722bc41604d547bdffa3117d
main__dynamic_pedestrians__MADDPG-style__seed3__ep03,main_comparison,dynamic_pedestrians,1,MADDPG-style,3,3,30103,30103090312,30103090409,4,1,1500,0.1,ON,1,0.05,0.15,0,10,0.9,1.1,4,1,0,0,0,0,0,0,0,0,34.596719,49.520339,138.386878,3.016985,13.931515,12.8254,1.0862,0.946357,0.80838,4,0.611542,0.748589,386,1586,0.243379571248424,0.157605,0.886208,0.519811,0.637321,206,138,0.8517,1.7686,1.2014,31.7075,0.952381,0102f4da9e9216ccef46082fd9d22153a63eb42c8ee3a3367744f62bfc2bb4b0,10bd6134d1956b59ae9f946801ced612b270f924,578d09fe08dd07cde7981c884d7bc11ea81fcbc5722bc41604d547bdffa3117d
main__dynamic_pedestrians__MADDPG-style__seed3__ep04,main_comparison,dynamic_pedestrians,1,MADDPG-style,3,4,30104,30104090316,30104090413,4,1,1500,0.1,ON,1,0.05,0.15,0,10,0.9,1.1,4,1,0,0,0,0,0,0,0,0,31.800514,48.878723,127.202055,2.835446,14.098931,12.7917,1.1022,0.913246,0.917642,1,0.571458,0.750533,360,1544,0.233160621761658,0.166368,0.91062,0.485739,0.639014,250,167,0.7732,1.4918,1.3395,31.9682,0.952381,0102f4da9e9216ccef46082fd9d22153a63eb42c8ee3a3367744f62bfc2bb4b0,10bd6134d1956b59ae9f946801ced612b270f924,578d09fe08dd07cde7981c884d7bc11ea81fcbc5722bc41604d547bdffa3117d
main__dynamic_pedestrians__MADDPG-style__seed3__ep05,main_comparison,dynamic_pedestrians,1,MADDPG-style,3,5,30105,30105090320,30105090417,4,1,1500,0.1,ON,1,0.05,0.15,0,10,0.9,1.1,4,1,0,0,0,0,0,0,0,0,34.955876,48.511997,139.823505,3.449003,14.389954,12.8011,1.1241,0.900145,0.989664,3,0.626758,0.705717,371,1585,0.234069400630915,0.169288,0.892217,0.532745,0.599979,218,146,1.0605,1.8245,1.3757,31.6415,0.952381,0102f4da9e9216ccef46082fd9d22153a63eb42c8ee3a3367744f62bfc2bb4b0,10bd6134d1956b59ae9f946801ced612b270f924,578d09fe08dd07cde7981c884d7bc11ea81fcbc5722bc41604d547bdffa3117d
main__dynamic_pedestrians__MADDPG-style__seed3__ep06,main_comparison,dynamic_pedestrians,1,MADDPG-style,3,6,30106,30106090324,30106090421,4,1,1500,0.1,ON,1,0.05,0.15,0,10,0.9,1.1,4,1,0,0,0,0,0,0,0,0,35.468871,51.02554,141.875482,2.920436,13.096306,12.824,1.0212,0.891719,0.993306,3,0.607226,0.750599,354,1511,0.234281932495036,0.166427,0.896107,0.516142,0.639072,242,161,0.8244,1.6231,1.4853,32.4376,0.952381,0102f4da9e9216ccef46082fd9d22153a63eb42c8ee3a3367744f62bfc2bb4b0,10bd6134d1956b59ae9f946801ced612b270f924,578d09fe08dd07cde7981c884d7bc11ea81fcbc5722bc41604d547bdffa3117d
main__dynamic_pedestrians__MADDPG-style__seed3__ep07,main_comparison,dynamic_pedestrians,1,MADDPG-style,3,7,30107,30107090328,30107090425,4,1,1500,0.1,ON,1,0.05,0.15,0,10,0.9,1.1,4,1,0,0,0,0,0,0,0,0,36.130125,50.150043,144.520502,2.853414,13.614019,12.8012,1.0635,0.908077,0.952693,0,0.594305,0.770253,319,1257,0.253778838504375,0.165,0.965078,0.505159,0.65619,251,167,1.0962,1.8868,1.4016,32.6758,0.952381,0102f4da9e9216ccef46082fd9d22153a63eb42c8ee3a3367744f62bfc2bb4b0,10bd6134d1956b59ae9f946801ced612b270f924,578d09fe08dd07cde7981c884d7bc11ea81fcbc5722bc41604d547bdffa3117d
main__dynamic_pedestrians__MADDPG-style__seed3__ep08,main_comparison,dynamic_pedestrians,1,MADDPG-style,3,8,30108,30108090332,30108090429,4,1,1500,0.1,ON,1,0.05,0.15,0,10,0.9,1.1,4,1,0,0,0,0,0,0,0,0,34.779709,51.293647,139.118834,2.901612,13.348546,12.8226,1.041,0.923068,0.941745,3,0.602681,0.7,361,1411,0.255846917080085,0.159335,0.918724,0.512279,0.586742,242,162,0.7401,1.5839,1.4618,32.2443,0.952381,0102f4da9e9216ccef46082fd9d22153a63eb42c8ee3a3367744f62bfc2bb4b0,10bd6134d1956b59ae9f946801ced612b270f924,578d09fe08dd07cde7981c884d7bc11ea81fcbc5722bc41604d547bdffa3117d
main__dynamic_pedestrians__MADDPG-style__seed3__ep09,main_comparison,dynamic_pedestrians,1,MADDPG-style,3,9,30109,30109090336,30109090433,4,1,1500,0.1,ON,1,0.05,0.15,0,10,0.9,1.1,4,1,0,0,0,0,0,0,0,0,35.045898,50.834483,140.183594,2.551938,14.078044,12.8076,1.0992,0.927697,0.894575,5,0.624985,0.76675,283,1187,0.238416175231676,0.154416,0.946204,0.531237,0.653139,190,127,0.7361,1.8094,1.3734,29.7486,0.952381,0102f4da9e9216ccef46082fd9d22153a63eb42c8ee3a3367744f62bfc2bb4b0,10bd6134d1956b59ae9f946801ced612b270f924,578d09fe08dd07cde7981c884d7bc11ea81fcbc5722bc41604d547bdffa3117d
main__dynamic_pedestrians__MADDPG-style__seed4__ep00,main_comparison,dynamic_pedestrians,1,MADDPG-style,4,0,40100,40100120300,40100120397,4,1,1500,0.1,ON,1,0.05,0.15,0,10,0.9,1.1,4,1,0,0,0,0,0,0,0,0,32.4338,35.886413,129.735199,2.459224,13.977981,12.8129,1.0909,0.944583,0.961087,6,0.598061,0.924267,404,1301,0.310530361260569,0.142822,0.826551,0.508351,0.785627,259,173,0.7964,1.4895,1.1184,38.6979,0.952381,7cd8e17820e512a3f842a0f68bd27b7bf2ac3d8be10b9cd054b3857fa2c7fb2c,10bd6134d1956b59ae9f946801ced612b270f924,578d09fe08dd07cde7981c884d7bc11ea81fcbc5722bc41604d547bdffa3117d
main__dynamic_pedestrians__MADDPG-style__seed4__ep01,main_comparison,dynamic_pedestrians,1,MADDPG-style,4,1,40101,40101120304,40101120401,4,1,1500,0.1,ON,1,0.05,0.15,0,10,0.9,1.1,4,1,0,0,0,0,0,0,0,0,33.493486,34.849569,133.973944,3.451175,13.191268,12.8002,1.0306,0.973047,0.9003,3,0.602957,0.972449,385,1262,0.305071315372425,0.13691,0.836897,0.512513,0.826582,210,140,0.7479,1.8529,1.3776,35.5218,0.952381,7cd8e17820e512a3f842a0f68bd27b7bf2ac3d8be10b9cd054b3857fa2c7fb2c,10bd6134d1956b59ae9f946801ced612b270f924,578d09fe08dd07cde7981c884d7bc11ea81fcbc5722bc41604d547bdffa3117d
main__dynamic_pedestrians__MADDPG-style__seed4__ep02,main_comparison,dynamic_pedestrians,1,MADDPG-style,4,2,40102,40102120308,40102120405,4,1,1500,0.1,ON,1,0.05,0.15,0,10,0.9,1.1,4,1,0,0,0,0,0,0,0,0,30.202788,34.164639,120.81115,2.96229,13.841707,12.7837,1.0828,0.93565,0.928327,5,0.613234,0.872177,400,1280,0.3125,0.147174,0.792409,0.521249,0.74135,161,108,0.8638,1.5553,1.2465,36.7661,0.952381,7cd8e17820e512a3f842a0f68bd27b7bf2ac3d8be10b9cd054b3857fa2c7fb2c,10bd6134d1956b59ae9f946801ced612b270f924,578d09fe08dd07cde7981c884d7bc11ea81fcbc5722bc41604d547bdffa3117d
main__dynamic_pedestrians__MADDPG-style__seed4__ep03,main_comparison,dynamic_pedestrians,1,MADDPG-style,4,3,40103,40103120312,40103120409,4,1,1500,0.1,ON,1,0.05,0.15,0,10,0.9,1.1,4,1,0,0,0,0,0,0,0,0,31.676996,36.434987,126.707984,3.276197,13.203826,12.828,1.0293,0.953469,0.913466,3,0.594883,0.872895,449,1358,0.330633284241532,0.136602,0.822994,0.50565,0.741961,230,153,0.9927,1.733,1.1894,34.2507,0.952381,7cd8e17820e512a3f842a0f68bd27b7bf2ac3d8be10b9cd054b3857fa2c7fb2c,10bd6134d1956b59ae9f946801ced612b270f924,578d09fe08dd07cde7981c884d7bc11ea81fcbc5722bc41604d547bdffa3117d
main__dynamic_pedestrians__MADDPG-style__seed4__ep04,main_comparison,dynamic_pedestrians,1,MADDPG-style,4,4,40104,40104120316,40104120413,4,1,1500,0.1,ON,1,0.05,0.15,0,10,0.9,1.1,4,1,0,0,0,0,0,0,0,0,33.971033,35.304674,135.88413,2.594338,13.751644,12.81,1.0735,0.918376,0.726296,3,0.609322,0.924257,339,1054,0.321631878557875,0.121995,0.821205,0.517924,0.785619,236,157,0.9472,1.5883,1.4102,33.9602,0.952381,7cd8e17820e512a3f842a0f68bd27b7bf2ac3d8be10b9cd054b3857fa2c7fb2c,10bd6134d1956b59ae9f946801ced612b270f924,578d09fe08dd07cde7981c884d7bc11ea81fcbc5722bc41604d547bdffa3117d
main__dynamic_pedestrians__MADDPG-style__seed4__ep05,main_comparison,dynamic_pedestrians,1,MADDPG-style,4,5,40105,40105120320,40105120417,4,1,1500,0.1,ON,1,0.05,0.15,0,10,0.9,1.1,4,1,0,0,0,0,0,0,0,0,32.494621,35.173747,129.978485,2.96635,14.027868,12.7982,1.0961,0.93222,0.823549,1,0.623262,0.922828,403,1197,0.336675020885547,0.144729,0.830585,0.529772,0.784404,210,140,0.8473,1.3208,1.3177,39.8269,0.952381,7cd8e17820e512a3f842a0f68bd27b7bf2ac3d8be10b9cd054b3857fa2c7fb2c,10bd6134d1956b59ae9f946801ced612b270f924,578d09fe08dd07cde7981c884d7bc11ea81fcbc5722bc41604d547bdffa3117d
main__dynamic_pedestrians__MADDPG-style__seed4__ep06,main_comparison,dynamic_pedestrians,1,MADDPG-style,4,6,40106,40106120324,40106120421,4,1,1500,0.1,ON,1,0.05,0.15,0,10,0.9,1.1,4,1,0,0,0,0,0,0,0,0,32.02433,36.507261,128.097322,3.43882,13.885971,12.7917,1.0855,0.940861,0.785367,4,0.682438,0.919399,428,1380,0.310144927536232,0.149014,0.831641,0.580072,0.78149,221,147,0.7897,1.588,1.1141,33.2018,0.952381,7cd8e17820e512a3f842a0f68bd27b7bf2ac3d8be10b9cd054b3857fa2c7fb2c,10bd6134d1956b59ae9f946801ced612b270f924,578d09fe08dd07cde7981c884d7bc11ea81fcbc5722bc41604d547bdffa3117d
main__dynamic_pedestrians__MADDPG-style__seed4__ep07,main_comparison,dynamic_pedestrians,1,MADDPG-style,4,7,40107,40107120328,40107120425,4,1,1500,0.1,ON,1,0.05,0.15,0,10,0.9,1.1,4,1,0,0,0,0,0,0,0,0,36.220012,36.818572,144.880048,2.626222,13.203581,12.8263,1.0294,0.951971,0.880269,4,0.63411,0.967135,410,1381,0.296886314265025,0.152407,0.814433,0.538993,0.822065,203,136,0.9099,1.4854,1.4516,34.6217,0.952381,7cd8e17820e512a3f842a0f68bd27b7bf2ac3d8be10b9cd054b3857fa2c7fb2c,10bd6134d1956b59ae9f946801ced612b270f924,578d09fe08dd07cde7981c884d7bc11ea81fcbc5722bc41604d547bdffa3117d
main__dynamic_pedestrians__MADDPG-style__seed4__ep08,main_comparison,dynamic_pedestrians,1,MADDPG-style,4,8,40108,40108120332,40108120429,4,1,1500,0.1,ON,1,0.05,0.15,0,10,0.9,1.1,4,1,0,0,0,0,0,0,0,0,32.430663,35.932262,129.722651,2.65171,14.153145,12.8172,1.1042,0.936005,0.869188,4,0.680462,0.860792,440,1359,0.323767476085357,0.13958,0.811233,0.578392,0.731673,338,225,0.7685,1.6356,1.1972,35.2828,0.952381,7cd8e17820e512a3f842a0f68bd27b7bf2ac3d8be10b9cd054b3857fa2c7fb2c,10bd6134d1956b59ae9f946801ced612b270f924,578d09fe08dd07cde7981c884d7bc11ea81fcbc5722bc41604d547bdffa3117d
main__dynamic_pedestrians__MADDPG-style__seed4__ep09,main_comparison,dynamic_pedestrians,1,MADDPG-style,4,9,40109,40109120336,40109120433,4,1,1500,0.1,ON,1,0.05,0.15,0,10,0.9,1.1,4,1,0,0,0,0,0,0,0,0,30.768148,36.766137,123.072591,2.948336,13.690065,12.7997,1.0696,0.925525,0.870575,5,0.627059,0.96633,424,1370,0.30948905109489,0.113213,0.799077,0.533,0.82138,311,207,0.7274,1.672,1.3132,36.1616,0.952381,7cd8e17820e512a3f842a0f68bd27b7bf2ac3d8be10b9cd054b3857fa2c7fb2c,10bd6134d1956b59ae9f946801ced612b270f924,578d09fe08dd07cde7981c884d7bc11ea81fcbc5722bc41604d547bdffa3117d
main__dynamic_pedestrians__MADDPG-style__seed5__ep00,main_comparison,dynamic_pedestrians,1,MADDPG-style,5,0,50100,50100150300,50100150397,4,1,1500,0.1,ON,1,0.05,0.15,0,10,0.9,1.1,4,1,0,0,0,0,0,0,0,0,33.553197,46.542065,134.212789,2.627604,14.253691,12.8252,1.1114,0.923634,1.017584,3,0.63936,0.842974,367,1283,0.286048324240062,0.18412,0.87467,0.543456,0.716528,169,113,1.0494,1.7944,1.4253,36.7912,0.952381,e64b997c2083e072d9e46c5cadf5057466da9c9a08b370e3f938098054510aee,10bd6134d1956b59ae9f946801ced612b270f924,578d09fe08dd07cde7981c884d7bc11ea81fcbc5722bc41604d547bdffa3117d
main__dynamic_pedestrians__MADDPG-style__seed5__ep01,main_comparison,dynamic_pedestrians,1,MADDPG-style,5,1,50101,50101150304,50101150401,4,1,1500,0.1,ON,1,0.05,0.15,0,10,0.9,1.1,4,1,0,0,0,0,0,0,0,0,32.006096,42.721509,128.024384,1.755537,14.106727,12.8201,1.1004,0.93562,0.931733,4,0.609622,0.887405,376,1316,0.285714285714286,0.174522,0.908871,0.518179,0.754294,157,105,0.8482,1.5528,1.2603,36.6832,0.952381,e64b997c2083e072d9e46c5cadf5057466da9c9a08b370e3f938098054510aee,10bd6134d1956b59ae9f946801ced612b270f924,578d09fe08dd07cde7981c884d7bc11ea81fcbc5722bc41604d547bdffa3117d
main__dynamic_pedestrians__MADDPG-style__seed5__ep02,main_comparison,dynamic_pedestrians,1,MADDPG-style,5,2,50102,50102150308,50102150405,4,1,1500,0.1,ON,1,0.05,0.15,0,10,0.9,1.1,4,1,0,0,0,0,0,0,0,0,34.942768,42.607912,139.77107,2.219447,13.793166,12.7949,1.078,0.956055,0.930805,1,0.589643,0.85643,424,1408,0.301136363636364,0.161938,0.889242,0.501196,0.727966,142,95,1.0077,1.7138,1.3853,36.1904,0.952381,e64b997c2083e072d9e46c5cadf5057466da9c9a08b370e3f938098054510aee,10bd6134d1956b59ae9f946801ced612b270f924,578d09fe08dd07cde7981c884d7bc11ea81fcbc5722bc41604d547bdffa3117d
main__dynamic_pedestrians__MADDPG-style__seed5__ep03,main_comparison,dynamic_pedestrians,1,MADDPG-style,5,3,50103,50103150312,50103150409,4,1,1500,0.1,ON,1,0.05,0.15,0,10,0.9,1.1,4,1,0,0,0,0,0,0,0,0,32.91382,45.247113,131.655279,2.320297,13.784123,12.8039,1.0766,0.915421,0.93517,2,0.61691,0.786511,420,1576,0.266497461928934,0.184225,0.879182,0.524374,0.668535,183,122,0.8069,1.6168,1.3499,36.1035,0.952381,e64b997c2083e072d9e46c5cadf5057466da9c9a08b370e3f938098054510aee,10bd6134d1956b59ae9f946801ced612b270f924,578d09fe08dd07cde7981c884d7bc11ea81fcbc5722bc41604d547bdffa3117d
main__dynamic_pedestrians__MADDPG-style__seed5__ep04,main_comparison,dynamic_pedestrians,1,MADDPG-style,5,4,50104,50104150316,50104150413,4,1,1500,0.1,ON,1,0.05,0.15,0,10,0.9,1.1,4,1,0,0,0,0,0,0,0,0,35.182106,42.308577,140.728425,3.117696,14.100183,12.8089,1.1008,0.908167,0.894412,2,0.608687,0.820661,349,1208,0.288907284768212,0.182596,0.909429,0.517384,0.697561,130,87,0.7092,1.5526,1.4119,37.0909,0.952381,e64b997c2083e072d9e46c5cadf5057466da9c9a08b370e3f938098054510aee,10bd6134d1956b59ae9f946801ced612b270f924,578d09fe08dd07cde7981c884d7bc11ea81fcbc5722bc41604d547bdffa3117d
main__dynamic_pedestrians__MADDPG-style__seed5__ep05,main_comparison,dynamic_pedestrians,1,MADDPG-style,5,5,50105,50105150320,50105150417,4,1,1500,0.1,ON,1,0.05,0.15,0,10,0.9,1.1,4,1,0,0,0,0,0,0,0,0,33.561223,43.386427,134.244894,2.107147,14.089935,12.8037,1.1005,0.939853,0.84882,2,0.584875,0.813338,415,1392,0.298132183908046,0.181461,0.860267,0.497144,0.691338,167,111,1.005,1.4571,1.3465,39.062,0.952381,e64b997c2083e072d9e46c5cadf5057466da9c9a08b370e3f938098054510aee,10bd6134d1956b59ae9f946801ced612b270f924,578d09fe08dd07cde7981c884d7bc11ea81fcbc5722bc41604d547bdffa3117d
main__dynamic_pedestrians__MADDPG-style__seed5__ep06,main_comparison,dynamic_pedestrians,1,MADDPG-style,5,6,50106,50106150324,50106150421,4,1,1500,0.1,ON,1,0.05,0.15,0,10,0.9,1.1,4,1,0,0,0,0,0,0,0,0,35.883012,47.466048,143.532048,2.485915,14.25982,12.8239,1.112,0.920974,0.884312,2,0.634162,0.884322,348,1160,0.3,0.184109,0.913275,0.539037,0.751674,116,78,0.806,1.6365,1.2443,32.6276,0.952381,e64b997c2083e072d9e46c5cadf5057466da9c9a08b370e3f938098054510aee,10bd6134d1956b59ae9f946801ced612b270f924,578d09fe08dd07cde7981c884d7bc11ea81fcbc5722bc41604d547bdffa3117d
main__dynamic_pedestrians__MADDPG-style__seed5__ep07,main_comparison,dynamic_pedestrians,1,MADDPG-style,5,7,50107,50107150328,50107150425,4,1,1500,0.1,ON,1,0.05,0.15,0,10,0.9,1.1,4,1,0,0,0,0,0,0,0,0,32.660105,45.703067,130.640419,3.426991,13.427991,12.824,1.0471,0.915733,0.996205,6,0.604922,0.893709,331,1084,0.305350553505535,0.174872,0.848868,0.514183,0.759653,174,116,0.7996,1.6334,1.3148,36.4959,0.952381,e64b997c2083e072d9e46c5cadf5057466da9c9a08b370e3f938098054510aee,10bd6134d1956b59ae9f946801ced612b270f924,578d09fe08dd07cde7981c884d7bc11ea81fcbc5722bc41604d547bdffa3117d
main__dynamic_pedestrians__MADDPG-style__seed5__ep08,main_comparison,dynamic_pedestrians,1,MADDPG-style,5,8,50108,50108150332,50108150429,4,1,1500,0.1,ON,1,0.05,0.15,0,10,0.9,1.1,4,1,0,0,0,0,0,0,0,0,34.704092,46.145309,138.81637,2.79622,13.436632,12.812,1.0488,0.916404,0.821761,1,0.64666,0.842737,346,1156,0.299307958477509,0.178013,0.886124,0.549661,0.716327,110,73,1.0419,1.7443,1.2314,35.8597,0.952381,e64b997c2083e072d9e46c5cadf5057466da9c9a08b370e3f938098054510aee,10bd6134d1956b59ae9f946801ced612b270f924,578d09fe08dd07cde7981c884d7bc11ea81fcbc5722bc41604d547bdffa3117d
main__dynamic_pedestrians__MADDPG-style__seed5__ep09,main_comparison,dynamic_pedestrians,1,MADDPG-style,5,9,50109,50109150336,50109150433,4,1,1500,0.1,ON,1,0.05,0.15,0,10,0.9,1.1,4,1,0,0,0,0,0,0,0,0,34.022429,44.35405,136.089717,2.585635,13.667301,12.8016,1.0676,0.946353,1.069517,3,0.601588,0.813965,349,1234,0.282820097244733,0.199015,0.90523,0.51135,0.69187,155,104,0.7064,1.802,1.2674,36.0077,0.952381,e64b997c2083e072d9e46c5cadf5057466da9c9a08b370e3f938098054510aee,10bd6134d1956b59ae9f946801ced612b270f924,578d09fe08dd07cde7981c884d7bc11ea81fcbc5722bc41604d547bdffa3117d
main__dynamic_pedestrians__MADDPG-style__seed6__ep00,main_comparison,dynamic_pedestrians,1,MADDPG-style,6,0,60100,60100180300,60100180397,4,1,1500,0.1,ON,1,0.05,0.15,0,10,0.9,1.1,4,1,0,0,0,0,0,0,0,0,34.31353,37.922722,137.25412,2.572659,13.248242,12.7897,1.0359,0.920877,0.666421,0,0.646096,0.828939,411,1324,0.310422960725076,0.162833,0.844225,0.549181,0.704598,212,141,1.0086,1.368,1.1059,34.1355,0.952381,55ab5e18005370f7641f6c74aa68d386319af0225724805412c14f44c0ea8343,10bd6134d1956b59ae9f946801ced612b270f924,578d09fe08dd07cde7981c884d7bc11ea81fcbc5722bc41604d547bdffa3117d
main__dynamic_pedestrians__MADDPG-style__seed6__ep01,main_comparison,dynamic_pedestrians,1,MADDPG-style,6,1,60101,60101180304,60101180401,4,1,1500,0.1,ON,1,0.05,0.15,0,10,0.9,1.1,4,1,0,0,0,0,0,0,0,0,31.875763,39.176087,127.503053,2.340677,13.394211,12.8305,1.0439,0.953102,0.769486,2,0.63287,0.855666,386,1369,0.281957633308985,0.142279,0.792482,0.53794,0.727316,233,155,0.7614,1.4852,1.4769,35.8337,0.952381,55ab5e18005370f7641f6c74aa68d386319af0225724805412c14f44c0ea8343,10bd6134d1956b59ae9f946801ced612b270f924,578d09fe08dd07cde7981c884d7bc11ea81fcbc5722bc41604d547bdffa3117d
main__dynamic_pedestrians__MADDPG-style__seed6__ep02,main_comparison,dynamic_pedestrians,1,MADDPG-style,6,2,60102,60102180308,60102180405,4,1,1500,0.1,ON,1,0.05,0.15,0,10,0.9,1.1,4,1,0,0,0,0,0,0,0,0,37.727774,38.425593,150.911097,2.619712,13.638012,12.7817,1.067,0.943861,0.797549,2,0.674813,0.86043,290,978,0.296523517382413,0.137065,0.822671,0.573591,0.731366,219,146,0.805,1.8327,1.1062,35.2825,0.952381,55ab5e18005370f7641f6c74aa68d386319af0225724805412c14f44c0ea8343,10bd6134d1956b59ae9f946801ced612b270f924,578d09fe08dd07cde7981c884d7bc11ea81fcbc5722bc41604d547bdffa3117d
main__dynamic_pedestrians__MADDPG-style__seed6__ep03,main_comparison,dynamic_pedestrians,1,MADDPG-style,6,3,60103,60103180312,60103180409,4,1,1500,0.1,ON,1,0.05,0.15,0,10,0.9,1.1,4,1,0,0,0,0,0,0,0,0,32.840907,37.542664,131.363626,2.232551,13.721994,12.8184,1.0705,0.939503,0.77671,2,0.665878,0.864111,285,1013,0.281342546890424,0.150811,0.821777,0.565996,0.734495,198,132,1.0726,1.4199,1.2188,35.9439,0.952381,55ab5e18005370f7641f6c74aa68d386319af0225724805412c14f44c0ea8343,10bd6134d1956b59ae9f946801ced612b270f924,578d09fe08dd07cde7981c884d7bc11ea81fcbc5722bc41604d547bdffa3117d
main__dynamic_pedestrians__MADDPG-style__seed6__ep04,main_comparison,dynamic_pedestrians,1,MADDPG-style,6,4,60104,60104180316,60104180413,4,1,1500,0.1,ON,1,0.05,0.15,0,10,0.9,1.1,4,1,0,0,0,0,0,0,0,0,32.075969,38.860676,128.303877,2.343867,13.75798,12.8023,1.0747,0.914751,0.680166,1,0.628674,0.80349,303,1016,0.298228346456693,0.123069,0.865287,0.534373,0.682966,180,120,0.9321,1.7132,1.1492,33.3351,0.952381,55ab5e18005370f7641f6c74aa68d386319af0225724805412c14f44c0ea8343,10bd6134d1956b59ae9f946801ced612b270f924,578d09fe08dd07cde7981c884d7bc11ea81fcbc5722bc41604d547bdffa3117d
main__dynamic_pedestrians__MADDPG-style__seed6__ep05,main_comparison,dynamic_pedestrians,1,MADDPG-style,6,5,60105,60105180320,60105180417,4,1,1500,0.1,ON,1,0.05,0.15,0,10,0.9,1.1,4,1,0,0,0,0,0,0,0,0,35.577395,39.198722,142.309579,3.187377,13.74012,12.8081,1.0728,0.945474,0.724895,2,0.642131,0.815108,351,1329,0.264108352144469,0.150573,0.840568,0.545812,0.692842,190,127,0.7456,1.7157,1.3465,33.0209,0.952381,55ab5e18005370f7641f6c74aa68d386319af0225724805412c14f44c0ea8343,10bd6134d1956b59ae9f946801ced612b270f924,578d09fe08dd07cde7981c884d7bc11ea81fcbc5722bc41604d547bdffa3117d
main__dynamic_pedestrians__MADDPG-style__seed6__ep06,main_comparison,dynamic_pedestrians,1,MADDPG-style,6,6,60106,60106180324,60106180421,4,1,1500,0.1,ON,1,0.05,0.15,0,10,0.9,1.1,4,1,0,0,0,0,0,0,0,0,35.613852,38.212596,142.455409,2.767187,13.090784,12.784,1.024,0.950559,0.722665,2,0.670133,0.892057,356,1214,0.293245469522241,0.158638,0.827991,0.569613,0.758248,167,111,0.8975,1.4404,1.4901,35.8322,0.952381,55ab5e18005370f7641f6c74aa68d386319af0225724805412c14f44c0ea8343,10bd6134d1956b59ae9f946801ced612b270f924,578d09fe08dd07cde7981c884d7bc11ea81fcbc5722bc41604d547bdffa3117d
main__dynamic_pedestrians__MADDPG-style__seed6__ep07,main_comparison,dynamic_pedestrians,1,MADDPG-style,6,7,60107,60107180328,60107180425,4,1,1500,0.1,ON,1,0.05,0.15,0,10,0.9,1.1,4,1,0,0,0,0,0,0,0,0,34.436908,39.089282,137.747631,2.344585,13.941477,12.8029,1.0889,0.931079,0.766511,1,0.662817,0.798463,353,1199,0.29441201000834,0.121884,0.857523,0.563394,0.678694,210,140,0.7107,1.8602,1.1594,35.3734,0.952381,55ab5e18005370f7641f6c74aa68d386319af0225724805412c14f44c0ea8343,10bd6134d1956b59ae9f946801ced612b270f924,578d09fe08dd07cde7981c884d7bc11ea81fcbc5722bc41604d547bdffa3117d
main__dynamic_pedestrians__MADDPG-style__seed6__ep08,main_comparison,dynamic_pedestrians,1,MADDPG-style,6,8,60108,60108180332,60108180429,4,1,1500,0.1,ON,1,0.05,0.15,0,10,0.9,1.1,4,1,0,0,0,0,0,0,0,0,34.321973,37.175846,137.287891,2.357825,13.66153,12.8158,1.066,0.939373,0.655323,2,0.673259,0.863263,342,1219,0.280557834290402,0.140088,0.822471,0.57227,0.733774,244,162,0.929,1.7975,1.2916,34.7738,0.952381,55ab5e18005370f7641f6c74aa68d386319af0225724805412c14f44c0ea8343,10bd6134d1956b59ae9f946801ced612b270f924,578d09fe08dd07cde7981c884d7bc11ea81fcbc5722bc41604d547bdffa3117d
main__dynamic_pedestrians__MADDPG-style__seed6__ep09,main_comparison,dynamic_pedestrians,1,MADDPG-style,6,9,60109,60109180336,60109180433,4,1,1500,0.1,ON,1,0.05,0.15,0,10,0.9,1.1,4,1,0,0,0,0,0,0,0,0,35.153667,37.869592,140.614667,1.860824,13.764665,12.8006,1.0753,0.932541,0.760768,1,0.63578,0.852056,290,1029,0.281827016520894,0.148406,0.829119,0.540413,0.724248,266,177,0.8424,1.6267,1.4419,36.7213,0.952381,55ab5e18005370f7641f6c74aa68d386319af0225724805412c14f44c0ea8343,10bd6134d1956b59ae9f946801ced612b270f924,578d09fe08dd07cde7981c884d7bc11ea81fcbc5722bc41604d547bdffa3117d
main__dynamic_pedestrians__MADDPG-style__seed7__ep00,main_comparison,dynamic_pedestrians,1,MADDPG-style,7,0,70100,70100210300,70100210397,4,1,1500,0.1,ON,1,0.05,0.15,0,10,0.9,1.1,4,1,0,0,0,0,0,0,0,0,31.146498,32.280291,124.585991,2.331023,13.28886,12.7997,1.0382,0.906214,0.823756,5,0.617219,0.832943,486,1606,0.302615193026152,0.163149,0.915528,0.524636,0.708001,241,161,0.9055,1.4432,1.2735,36.2414,0.952381,65a79fa7953143f37d69a4298069a2c482d0277f8c6220ea84382484544d4211,10bd6134d1956b59ae9f946801ced612b270f924,578d09fe08dd07cde7981c884d7bc11ea81fcbc5722bc41604d547bdffa3117d
main__dynamic_pedestrians__MADDPG-style__seed7__ep01,main_comparison,dynamic_pedestrians,1,MADDPG-style,7,1,70101,70101210304,70101210401,4,1,1500,0.1,ON,1,0.05,0.15,0,10,0.9,1.1,4,1,0,0,0,0,0,0,0,0,30.314563,34.743656,121.258252,1.47594,13.35127,12.8093,1.0423,0.916806,0.750698,3,0.575495,0.73312,450,1464,0.307377049180328,0.166924,0.931935,0.48917,0.623152,158,106,0.709,1.4138,1.3877,36.7084,0.952381,65a79fa7953143f37d69a4298069a2c482d0277f8c6220ea84382484544d4211,10bd6134d1956b59ae9f946801ced612b270f924,578d09fe08dd07cde7981c884d7bc11ea81fcbc5722bc41604d547bdffa3117d
main__dynamic_pedestrians__MADDPG-style__seed7__ep02,main_comparison,dynamic_pedestrians,1,MADDPG-style,7,2,70102,70102210308,70102210405,4,1,1500,0.1,ON,1,0.05,0.15,0,10,0.9,1.1,4,1,0,0,0,0,0,0,0,0,31.562792,36.019187,126.251166,2.015321,13.249829,12.7926,1.0357,0.911128,0.742591,4,0.610246,0.820996,488,1690,0.288757396449704,0.153476,0.910496,0.518709,0.697847,266,178,1.0905,1.5956,1.1082,37.1452,0.952381,65a79fa7953143f37d69a4298069a2c482d0277f8c6220ea84382484544d4211,10bd6134d1956b59ae9f946801ced612b270f924,578d09fe08dd07cde7981c884d7bc11ea81fcbc5722bc41604d547bdffa3117d
main__dynamic_pedestrians__MADDPG-style__seed7__ep03,main_comparison,dynamic_pedestrians,1,MADDPG-style,7,3,70103,70103210312,70103210409,4,1,1500,0.1,ON,1,0.05,0.15,0,10,0.9,1.1,4,1,0,0,0,0,0,0,0,0,29.256588,35.096723,117.026353,2.23749,13.768871,12.7877,1.0767,0.930223,0.77131,6,0.602415,0.817373,366,1229,0.29780309194467,0.158121,0.879125,0.512053,0.694767,226,150,1.0205,1.3174,1.1491,32.5209,0.952381,65a79fa7953143f37d69a4298069a2c482d0277f8c6220ea84382484544d4211,10bd6134d1956b59ae9f946801ced612b270f924,578d09fe08dd07cde7981c884d7bc11ea81fcbc5722bc41604d547bdffa3117d
main__dynamic_pedestrians__MADDPG-style__seed7__ep04,main_comparison,dynamic_pedestrians,1,MADDPG-style,7,4,70104,70104210316,70104210413,4,1,1500,0.1,ON,1,0.05,0.15,0,10,0.9,1.1,4,1,0,0,0,0,0,0,0,0,32.250356,34.534448,129.001426,1.958356,13.312255,12.7963,1.0403,0.940661,0.745819,2,0.588463,0.798911,375,1237,0.303152789005659,0.157966,0.869401,0.500194,0.679075,209,140,0.9318,1.8606,1.3156,39.6462,0.952381,65a79fa7953143f37d69a4298069a2c482d0277f8c6220ea84382484544d4211,10bd6134d1956b59ae9f946801ced612b270f924,578d09fe08dd07cde7981c884d7bc11ea81fcbc5722bc41604d547bdffa3117d
main__dynamic_pedestrians__MADDPG-style__seed7__ep05,main_comparison,dynamic_pedestrians,1,MADDPG-style,7,5,70105,70105210320,70105210417,4,1,1500,0.1,ON,1,0.05,0.15,0,10,0.9,1.1,4,1,0,0,0,0,0,0,0,0,28.607176,34.767736,114.428703,1.617165,13.681121,12.8235,1.0669,0.913686,0.780277,3,0.610785,0.772059,431,1494,0.288487282463186,0.161234,0.895836,0.519167,0.65625,295,196,0.9492,1.4685,1.1968,34.2753,0.952381,65a79fa7953143f37d69a4298069a2c482d0277f8c6220ea84382484544d4211,10bd6134d1956b59ae9f946801ced612b270f924,578d09fe08dd07cde7981c884d7bc11ea81fcbc5722bc41604d547bdffa3117d
main__dynamic_pedestrians__MADDPG-style__seed7__ep06,main_comparison,dynamic_pedestrians,1,MADDPG-style,7,6,70106,70106210324,70106210421,4,1,1500,0.1,ON,1,0.05,0.15,0,10,0.9,1.1,4,1,0,0,0,0,0,0,0,0,32.201765,33.010906,128.807061,1.582821,13.626332,12.8126,1.0635,0.922597,0.784986,0,0.62067,0.789659,400,1318,0.303490136570562,0.160509,0.901865,0.527569,0.671211,256,170,0.9323,1.6775,1.4336,36.6531,0.952381,65a79fa7953143f37d69a4298069a2c482d0277f8c6220ea84382484544d4211,10bd6134d1956b59ae9f946801ced612b270f924,578d09fe08dd07cde7981c884d7bc11ea81fcbc5722bc41604d547bdffa3117d
main__dynamic_pedestrians__MADDPG-style__seed7__ep07,main_comparison,dynamic_pedestrians,1,MADDPG-style,7,7,70107,70107210328,70107210425,4,1,1500,0.1,ON,1,0.05,0.15,0,10,0.9,1.1,4,1,0,0,0,0,0,0,0,0,30.574408,34.782949,122.297633,2.392694,13.544895,12.7875,1.0592,0.918469,0.778047,2,0.59715,0.787051,381,1314,0.289954337899543,0.14599,0.885704,0.507577,0.668993,197,131,0.7048,1.3264,1.2013,35.1986,0.952381,65a79fa7953143f37d69a4298069a2c482d0277f8c6220ea84382484544d4211,10bd6134d1956b59ae9f946801ced612b270f924,578d09fe08dd07cde7981c884d7bc11ea81fcbc5722bc41604d547bdffa3117d
main__dynamic_pedestrians__MADDPG-style__seed7__ep08,main_comparison,dynamic_pedestrians,1,MADDPG-style,7,8,70108,70108210332,70108210429,4,1,1500,0.1,ON,1,0.05,0.15,0,10,0.9,1.1,4,1,0,0,0,0,0,0,0,0,28.110774,32.161816,112.443094,2.440654,13.269298,12.8135,1.0356,0.900905,0.918006,1,0.618181,0.786054,475,1615,0.294117647058823,0.178279,0.927913,0.525454,0.668146,208,138,0.9271,1.8988,1.3366,35.0512,0.952381,65a79fa7953143f37d69a4298069a2c482d0277f8c6220ea84382484544d4211,10bd6134d1956b59ae9f946801ced612b270f924,578d09fe08dd07cde7981c884d7bc11ea81fcbc5722bc41604d547bdffa3117d
main__dynamic_pedestrians__MADDPG-style__seed7__ep09,main_comparison,dynamic_pedestrians,1,MADDPG-style,7,9,70109,70109210336,70109210433,4,1,1500,0.1,ON,1,0.05,0.15,0,10,0.9,1.1,4,1,0,0,0,0,0,0,0,0,31.299618,34.079567,125.198474,2.159313,13.38325,12.8218,1.0438,0.926612,0.72746,4,0.640032,0.751909,468,1538,0.304291287386216,0.143435,0.931305,0.544027,0.639122,269,179,0.8681,1.8894,1.3071,35.1307,0.952381,65a79fa7953143f37d69a4298069a2c482d0277f8c6220ea84382484544d4211,10bd6134d1956b59ae9f946801ced612b270f924,578d09fe08dd07cde7981c884d7bc11ea81fcbc5722bc41604d547bdffa3117d
main__mixed_complex__MADDPG-style__seed0__ep00,main_comparison,mixed_complex,2,MADDPG-style,0,0,200,200000600,200000697,4,1,2000,0.1,ON,1,0.05,0.15,0,10,0.9,1.1,4,1,0,0,0,0,0,0,0,0,46.746673,51.019231,186.986694,0.832142,21.326828,23.0091,0.9269,0.796452,0.831277,1,0.80614,0.814291,652,1889,0.345156167284277,0.173555,0.833354,0.685219,0.654525,404,269,1.0114,1.5412,1.1653,48.9702,0.952381,123843d5f0936dc739f563b8fa202a9fdc32ee41f6ea2205276c188101cc4fe1,10bd6134d1956b59ae9f946801ced612b270f924,578d09fe08dd07cde7981c884d7bc11ea81fcbc5722bc41604d547bdffa3117d
main__mixed_complex__MADDPG-style__seed0__ep01,main_comparison,mixed_complex,2,MADDPG-style,0,1,201,201000604,201000701,4,1,2000,0.1,ON,1,0.05,0.15,0,10,0.9,1.1,4,1,0,0,0,0,0,0,0,0,50.426437,50.872674,201.705748,0.946078,21.071172,23.1342,0.9108,0.790836,0.739162,1,0.821416,0.76162,546,1546,0.353169469598965,0.162214,0.860403,0.698203,0.717903,356,237,1.0111,1.6952,1.437,50.3567,0.952381,123843d5f0936dc739f563b8fa202a9fdc32ee41f6ea2205276c188101cc4fe1,10bd6134d1956b59ae9f946801ced612b270f924,578d09fe08dd07cde7981c884d7bc11ea81fcbc5722bc41604d547bdffa3117d
main__mixed_complex__MADDPG-style__seed0__ep02,main_comparison,mixed_complex,2,MADDPG-style,0,2,202,202000608,202000705,4,1,2000,0.1,ON,1,0.05,0.15,0,10,0.9,1.1,4,1,0,0,0,0,0,0,0,0,49.714981,50.587312,198.859924,1.020008,21.348865,22.9326,0.9309,0.794331,0.820413,2,0.729385,0.766091,657,1821,0.360790774299835,0.18611,0.81919,0.619978,0.646146,415,276,0.7392,1.5827,1.3509,53.0229,0.952381,123843d5f0936dc739f563b8fa202a9fdc32ee41f6ea2205276c188101cc4fe1,10bd6134d1956b59ae9f946801ced612b270f924,578d09fe08dd07cde7981c884d7bc11ea81fcbc5722bc41604d547bdffa3117d
main__mixed_complex__MADDPG-style__seed0__ep03,main_comparison,mixed_complex,2,MADDPG-style,0,3,203,203000612,203000709,4,1,2000,0.1,ON,1,0.05,0.15,0,10,0.9,1.1,4,1,0,0,0,0,0,0,0,0,49.875451,50.134828,199.501805,0.751119,22.233689,23.0527,0.9645,0.792244,0.83273,1,0.805072,0.775517,564,1797,0.313856427378965,0.164444,0.834009,0.684311,0.685976,405,270,0.8811,1.8169,1.2219,54.3894,0.952381,123843d5f0936dc739f563b8fa202a9fdc32ee41f6ea2205276c188101cc4fe1,10bd6134d1956b59ae9f946801ced612b270f924,578d09fe08dd07cde7981c884d7bc11ea81fcbc5722bc41604d547bdffa3117d
main__mixed_complex__MADDPG-style__seed0__ep04,main_comparison,mixed_complex,2,MADDPG-style,0,4,204,204000616,204000713,4,1,2000,0.1,ON,1,0.05,0.15,0,10,0.9,1.1,4,1,0,0,0,0,0,0,0,0,47.231322,47.477479,188.92529,1.209966,21.396196,23.1777,0.9231,0.789414,0.877627,1,0.780656,0.718789,606,1854,0.326860841423948,0.160951,0.786642,0.663558,0.605211,311,207,1.0123,1.8038,1.2803,48.6539,0.952381,123843d5f0936dc739f563b8fa202a9fdc32ee41f6ea2205276c188101cc4fe1,10bd6134d1956b59ae9f946801ced612b270f924,578d09fe08dd07cde7981c884d7bc11ea81fcbc5722bc41604d547bdffa3117d
main__mixed_complex__MADDPG-style__seed0__ep05,main_comparison,mixed_complex,2,MADDPG-style,0,5,205,205000620,205000717,4,1,2000,0.1,ON,1,0.05,0.15,0,10,0.9,1.1,4,1,0,0,0,0,0,0,0,0,46.208483,50.068166,184.833932,0.987922,21.366828,23.1388,0.9234,0.805564,0.905333,1,0.744965,0.843925,696,2161,0.322073114298936,0.152536,0.849808,0.63322,0.643235,358,238,0.8782,1.6124,1.4572,47.277,0.952381,123843d5f0936dc739f563b8fa202a9fdc32ee41f6ea2205276c188101cc4fe1,10bd6134d1956b59ae9f946801ced612b270f924,578d09fe08dd07cde7981c884d7bc11ea81fcbc5722bc41604d547bdffa3117d
main__mixed_complex__MADDPG-style__seed0__ep06,main_comparison,mixed_complex,2,MADDPG-style,0,6,206,206000624,206000721,4,1,2000,0.1,ON,1,0.05,0.15,0,10,0.9,1.1,4,1,0,0,0,0,0,0,0,0,42.153862,45.430814,168.615448,0.784975,21.61219,22.9948,0.9399,0.79427,0.775355,2,0.784168,0.787184,570,1677,0.339892665474061,0.148671,0.807176,0.666543,0.693844,348,232,0.9191,1.472,1.4979,51.2229,0.952381,123843d5f0936dc739f563b8fa202a9fdc32ee41f6ea2205276c188101cc4fe1,10bd6134d1956b59ae9f946801ced612b270f924,578d09fe08dd07cde7981c884d7bc11ea81fcbc5722bc41604d547bdffa3117d
main__mixed_complex__MADDPG-style__seed0__ep07,main_comparison,mixed_complex,2,MADDPG-style,0,7,207,207000628,207000725,4,1,2000,0.1,ON,1,0.05,0.15,0,10,0.9,1.1,4,1,0,0,0,0,0,0,0,0,46.547748,48.111301,186.190992,0.653286,21.486413,23.0529,0.932,0.776289,0.871371,0,0.74795,0.710653,624,1765,0.353541076487252,0.176329,0.85896,0.635757,0.655597,294,196,0.884,1.3638,1.4084,49.4999,0.952381,123843d5f0936dc739f563b8fa202a9fdc32ee41f6ea2205276c188101cc4fe1,10bd6134d1956b59ae9f946801ced612b270f924,578d09fe08dd07cde7981c884d7bc11ea81fcbc5722bc41604d547bdffa3117d
main__mixed_complex__MADDPG-style__seed0__ep08,main_comparison,mixed_complex,2,MADDPG-style,0,8,208,208000632,208000729,4,1,2000,0.1,ON,1,0.05,0.15,0,10,0.9,1.1,4,1,0,0,0,0,0,0,0,0,46.881913,48.493549,187.527652,1.051462,21.767698,22.9902,0.9468,0.796852,0.802269,1,0.751177,0.803143,612,2013,0.304023845007452,0.193264,0.843931,0.638501,0.668086,352,235,1.0676,1.3188,1.2551,48.7143,0.952381,123843d5f0936dc739f563b8fa202a9fdc32ee41f6ea2205276c188101cc4fe1,10bd6134d1956b59ae9f946801ced612b270f924,578d09fe08dd07cde7981c884d7bc11ea81fcbc5722bc41604d547bdffa3117d
main__mixed_complex__MADDPG-style__seed0__ep09,main_comparison,mixed_complex,2,MADDPG-style,0,9,209,209000636,209000733,4,1,2000,0.1,ON,1,0.05,0.15,0,10,0.9,1.1,4,1,0,0,0,0,0,0,0,0,49.019711,49.41039,196.078845,0.879682,21.427443,23.0095,0.9312,0.777098,0.810544,2,0.827321,0.777908,660,2099,0.314435445450214,0.176288,0.879301,0.703223,0.659632,281,187,1.0387,1.5091,1.3954,47.2,0.952381,123843d5f0936dc739f563b8fa202a9fdc32ee41f6ea2205276c188101cc4fe1,10bd6134d1956b59ae9f946801ced612b270f924,578d09fe08dd07cde7981c884d7bc11ea81fcbc5722bc41604d547bdffa3117d
main__mixed_complex__MADDPG-style__seed1__ep00,main_comparison,mixed_complex,2,MADDPG-style,1,0,10200,10200030600,10200030697,4,1,2000,0.1,ON,1,0.05,0.15,0,10,0.9,1.1,4,1,0,0,0,0,0,0,0,0,49.30969,49.566239,197.238761,1.097679,21.366684,22.9948,0.9292,0.776865,0.776245,3,0.855657,0.741903,601,1855,0.323989218328841,0.146972,0.830072,0.727309,0.669311,320,214,0.9431,1.4512,1.3367,51.4551,0.952381,c9bf02b3eba796eead854fa043aba6aa177db2b1d628e2818e0424346362cefa,10bd6134d1956b59ae9f946801ced612b270f924,578d09fe08dd07cde7981c884d7bc11ea81fcbc5722bc41604d547bdffa3117d
main__mixed_complex__MADDPG-style__seed1__ep01,main_comparison,mixed_complex,2,MADDPG-style,1,1,10201,10201030604,10201030701,4,1,2000,0.1,ON,1,0.05,0.15,0,10,0.9,1.1,4,1,0,0,0,0,0,0,0,0,45.590871,48.945469,182.363482,1.251004,21.466593,23.1388,0.9277,0.796156,0.816553,1,0.804964,0.806471,524,1510,0.347019867549669,0.167079,0.802403,0.684219,0.692567,392,261,0.9797,1.7354,1.2017,49.2044,0.952381,c9bf02b3eba796eead854fa043aba6aa177db2b1d628e2818e0424346362cefa,10bd6134d1956b59ae9f946801ced612b270f924,578d09fe08dd07cde7981c884d7bc11ea81fcbc5722bc41604d547bdffa3117d
main__mixed_complex__MADDPG-style__seed1__ep02,main_comparison,mixed_complex,2,MADDPG-style,1,2,10202,10202030608,10202030705,4,1,2000,0.1,ON,1,0.05,0.15,0,10,0.9,1.1,4,1,0,0,0,0,0,0,0,0,48.774457,49.028329,195.097827,1.168453,21.002946,22.8845,0.9178,0.770203,0.836682,0,0.857433,0.710173,572,1656,0.345410628019324,0.161231,0.86393,0.728818,0.622094,376,250,0.8867,1.3541,1.1877,47.8393,0.952381,c9bf02b3eba796eead854fa043aba6aa177db2b1d628e2818e0424346362cefa,10bd6134d1956b59ae9f946801ced612b270f924,578d09fe08dd07cde7981c884d7bc11ea81fcbc5722bc41604d547bdffa3117d
main__mixed_complex__MADDPG-style__seed1__ep03,main_comparison,mixed_complex,2,MADDPG-style,1,3,10203,10203030612,10203030709,4,1,2000,0.1,ON,1,0.05,0.15,0,10,0.9,1.1,4,1,0,0,0,0,0,0,0,0,44.460159,47.86449,177.840635,0.983083,20.82049,23.1154,0.9007,0.749249,0.897088,2,0.857672,0.742725,583,1779,0.327712197863968,0.166812,0.779286,0.729021,0.625127,338,225,1.0001,1.8738,1.174,48.1844,0.952381,c9bf02b3eba796eead854fa043aba6aa177db2b1d628e2818e0424346362cefa,10bd6134d1956b59ae9f946801ced612b270f924,578d09fe08dd07cde7981c884d7bc11ea81fcbc5722bc41604d547bdffa3117d
main__mixed_complex__MADDPG-style__seed1__ep04,main_comparison,mixed_complex,2,MADDPG-style,1,4,10204,10204030616,10204030713,4,1,2000,0.1,ON,1,0.05,0.15,0,10,0.9,1.1,4,1,0,0,0,0,0,0,0,0,48.899499,49.153996,195.597994,0.885368,20.817388,22.9467,0.9072,0.774682,0.860213,3,0.856952,0.725131,492,1323,0.3718820861678,0.127705,0.89917,0.728409,0.61114,449,299,0.903,1.3959,1.4704,48.295,0.952381,c9bf02b3eba796eead854fa043aba6aa177db2b1d628e2818e0424346362cefa,10bd6134d1956b59ae9f946801ced612b270f924,578d09fe08dd07cde7981c884d7bc11ea81fcbc5722bc41604d547bdffa3117d
main__mixed_complex__MADDPG-style__seed1__ep05,main_comparison,mixed_complex,2,MADDPG-style,1,5,10205,10205030620,10205030717,4,1,2000,0.1,ON,1,0.05,0.15,0,10,0.9,1.1,4,1,0,0,0,0,0,0,0,0,45.06389,48.240588,180.25556,0.969787,21.120924,23.1777,0.9113,0.781782,0.802847,1,0.785183,0.725918,671,2029,0.330704780680138,0.166466,0.830461,0.667405,0.635539,417,278,0.9866,1.4889,1.4963,50.5167,0.952381,c9bf02b3eba796eead854fa043aba6aa177db2b1d628e2818e0424346362cefa,10bd6134d1956b59ae9f946801ced612b270f924,578d09fe08dd07cde7981c884d7bc11ea81fcbc5722bc41604d547bdffa3117d
main__mixed_complex__MADDPG-style__seed1__ep06,main_comparison,mixed_complex,2,MADDPG-style,1,6,10206,10206030624,10206030721,4,1,2000,0.1,ON,1,0.05,0.15,0,10,0.9,1.1,4,1,0,0,0,0,0,0,0,0,45.733087,48.966401,182.932349,1.062378,21.508017,23.1195,0.9303,0.782426,0.76991,2,0.855123,0.808413,746,1998,0.373373373373373,0.177858,0.873664,0.726854,0.627899,401,268,1.0933,1.5399,1.3868,48.3217,0.952381,c9bf02b3eba796eead854fa043aba6aa177db2b1d628e2818e0424346362cefa,10bd6134d1956b59ae9f946801ced612b270f924,578d09fe08dd07cde7981c884d7bc11ea81fcbc5722bc41604d547bdffa3117d
main__mixed_complex__MADDPG-style__seed1__ep07,main_comparison,mixed_complex,2,MADDPG-style,1,7,10207,10207030628,10207030725,4,1,2000,0.1,ON,1,0.05,0.15,0,10,0.9,1.1,4,1,0,0,0,0,0,0,0,0,51.427188,51.694324,205.708752,1.22535,21.796044,23.0527,0.9455,0.766005,0.763376,2,0.846312,0.749896,648,1894,0.342133051742344,0.1665,0.835845,0.719365,0.672626,317,211,0.8921,1.4578,1.4451,48.9567,0.952381,c9bf02b3eba796eead854fa043aba6aa177db2b1d628e2818e0424346362cefa,10bd6134d1956b59ae9f946801ced612b270f924,578d09fe08dd07cde7981c884d7bc11ea81fcbc5722bc41604d547bdffa3117d
main__mixed_complex__MADDPG-style__seed1__ep08,main_comparison,mixed_complex,2,MADDPG-style,1,8,10208,10208030632,10208030729,4,1,2000,0.1,ON,1,0.05,0.15,0,10,0.9,1.1,4,1,0,0,0,0,0,0,0,0,48.084254,50.6231,192.337015,1.259903,21.385939,23.2011,0.9218,0.765243,0.782104,2,0.840838,0.806275,616,1956,0.314928425357873,0.162418,0.819142,0.714712,0.639929,398,265,0.9721,1.4839,1.2015,49.8589,0.952381,c9bf02b3eba796eead854fa043aba6aa177db2b1d628e2818e0424346362cefa,10bd6134d1956b59ae9f946801ced612b270f924,578d09fe08dd07cde7981c884d7bc11ea81fcbc5722bc41604d547bdffa3117d
main__mixed_complex__MADDPG-style__seed1__ep09,main_comparison,mixed_complex,2,MADDPG-style,1,9,10209,10209030636,10209030733,4,1,2000,0.1,ON,1,0.05,0.15,0,10,0.9,1.1,4,1,0,0,0,0,0,0,0,0,46.795216,48.919767,187.180865,1.023581,21.388952,23.0529,0.9278,0.784119,0.876752,3,0.815055,0.740654,609,1747,0.348597595878649,0.173458,0.878796,0.692797,0.610484,352,235,0.7427,1.497,1.3184,51.7988,0.952381,c9bf02b3eba796eead854fa043aba6aa177db2b1d628e2818e0424346362cefa,10bd6134d1956b59ae9f946801ced612b270f924,578d09fe08dd07cde7981c884d7bc11ea81fcbc5722bc41604d547bdffa3117d
main__mixed_complex__MADDPG-style__seed2__ep00,main_comparison,mixed_complex,2,MADDPG-style,2,0,20200,20200060600,20200060697,4,1,2000,0.1,ON,1,0.05,0.15,0,10,0.9,1.1,4,1,0,0,0,0,0,0,0,0,45.549197,52.823657,182.196789,0.932344,21.006995,22.9323,0.916,0.772474,0.675395,5,0.857137,0.812964,703,2176,0.323069852941177,0.146141,0.862548,0.728566,0.530119,331,221,0.7114,1.3768,1.2105,50.1627,0.952381,cc36ef565d23ea12f69f2e258676d8f46e8de79927a7aa951bc31c77354f20c3,10bd6134d1956b59ae9f946801ced612b270f924,578d09fe08dd07cde7981c884d7bc11ea81fcbc5722bc41604d547bdffa3117d
main__mixed_complex__MADDPG-style__seed2__ep01,main_comparison,mixed_complex,2,MADDPG-style,2,1,20201,20201060604,20201060701,4,1,2000,0.1,ON,1,0.05,0.15,0,10,0.9,1.1,4,1,0,0,0,0,0,0,0,0,45.912739,51.922128,183.650956,0.934388,20.67482,23.0576,0.8967,0.7753,0.719425,1,0.84038,0.880308,848,2661,0.318677189026682,0.150641,0.843434,0.714323,0.546594,373,248,1.032,1.5676,1.124,47.1491,0.952381,cc36ef565d23ea12f69f2e258676d8f46e8de79927a7aa951bc31c77354f20c3,10bd6134d1956b59ae9f946801ced612b270f924,578d09fe08dd07cde7981c884d7bc11ea81fcbc5722bc41604d547bdffa3117d
main__mixed_complex__MADDPG-style__seed2__ep02,main_comparison,mixed_complex,2,MADDPG-style,2,2,20202,20202060608,20202060705,4,1,2000,0.1,ON,1,0.05,0.15,0,10,0.9,1.1,4,1,0,0,0,0,0,0,0,0,49.22515,51.174217,196.900601,1.13462,21.376073,22.947,0.9315,0.77072,0.717762,2,0.838372,0.788202,822,2658,0.309255079006772,0.178148,0.847648,0.712616,0.608567,373,248,0.9076,1.7937,1.2181,51.2211,0.952381,cc36ef565d23ea12f69f2e258676d8f46e8de79927a7aa951bc31c77354f20c3,10bd6134d1956b59ae9f946801ced612b270f924,578d09fe08dd07cde7981c884d7bc11ea81fcbc5722bc41604d547bdffa3117d
main__mixed_complex__MADDPG-style__seed2__ep03,main_comparison,mixed_complex,2,MADDPG-style,2,3,20203,20203060612,20203060709,4,1,2000,0.1,ON,1,0.05,0.15,0,10,0.9,1.1,4,1,0,0,0,0,0,0,0,0,47.20634,53.192869,188.825359,1.197925,20.931686,23.1966,0.9024,0.752334,0.712145,5,0.812245,0.942234,647,1993,0.324636226793778,0.161788,0.775641,0.690408,0.541182,473,315,1.0011,1.5105,1.2543,55.0019,0.952381,cc36ef565d23ea12f69f2e258676d8f46e8de79927a7aa951bc31c77354f20c3,10bd6134d1956b59ae9f946801ced612b270f924,578d09fe08dd07cde7981c884d7bc11ea81fcbc5722bc41604d547bdffa3117d
main__mixed_complex__MADDPG-style__seed2__ep04,main_comparison,mixed_complex,2,MADDPG-style,2,4,20204,20204060616,20204060713,4,1,2000,0.1,ON,1,0.05,0.15,0,10,0.9,1.1,4,1,0,0,0,0,0,0,0,0,46.639582,54.254326,186.558329,1.04676,21.454221,22.8654,0.9383,0.759707,0.756912,4,0.808833,0.861388,536,1867,0.287091590787359,0.164235,0.85217,0.687508,0.58818,470,314,0.7863,1.8272,1.4815,55.8238,0.952381,cc36ef565d23ea12f69f2e258676d8f46e8de79927a7aa951bc31c77354f20c3,10bd6134d1956b59ae9f946801ced612b270f924,578d09fe08dd07cde7981c884d7bc11ea81fcbc5722bc41604d547bdffa3117d
main__mixed_complex__MADDPG-style__seed2__ep05,main_comparison,mixed_complex,2,MADDPG-style,2,5,20205,20205060620,20205060717,4,1,2000,0.1,ON,1,0.05,0.15,0,10,0.9,1.1,4,1,0,0,0,0,0,0,0,0,47.622055,53.384397,190.488219,0.864043,21.569665,23.1342,0.9324,0.768474,0.819878,1,0.78774,0.848075,678,2158,0.314179796107507,0.165757,0.840864,0.669579,0.541484,350,233,0.7587,1.3871,1.395,56.5779,0.952381,cc36ef565d23ea12f69f2e258676d8f46e8de79927a7aa951bc31c77354f20c3,10bd6134d1956b59ae9f946801ced612b270f924,578d09fe08dd07cde7981c884d7bc11ea81fcbc5722bc41604d547bdffa3117d
main__mixed_complex__MADDPG-style__seed2__ep06,main_comparison,mixed_complex,2,MADDPG-style,2,6,20206,20206060624,20206060721,4,1,2000,0.1,ON,1,0.05,0.15,0,10,0.9,1.1,4,1,0,0,0,0,0,0,0,0,47.6405,51.775575,190.562001,1.115452,21.243803,23.1823,0.9164,0.751362,0.696887,2,0.833011,0.778998,617,1986,0.31067472306143,0.174367,0.868732,0.70806,0.60279,329,219,0.8353,1.875,1.2443,48.4427,0.952381,cc36ef565d23ea12f69f2e258676d8f46e8de79927a7aa951bc31c77354f20c3,10bd6134d1956b59ae9f946801ced612b270f924,578d09fe08dd07cde7981c884d7bc11ea81fcbc5722bc41604d547bdffa3117d
main__mixed_complex__MADDPG-style__seed2__ep07,main_comparison,mixed_complex,2,MADDPG-style,2,7,20207,20207060628,20207060725,4,1,2000,0.1,ON,1,0.05,0.15,0,10,0.9,1.1,4,1,0,0,0,0,0,0,0,0,47.699672,50.566037,190.798687,0.891282,21.04117,22.9902,0.9152,0.774674,0.697565,2,0.840044,0.758769,694,2089,0.332216371469603,0.152017,0.817095,0.714038,0.587277,344,229,0.9729,1.485,1.1609,54.739,0.952381,cc36ef565d23ea12f69f2e258676d8f46e8de79927a7aa951bc31c77354f20c3,10bd6134d1956b59ae9f946801ced612b270f924,578d09fe08dd07cde7981c884d7bc11ea81fcbc5722bc41604d547bdffa3117d
main__mixed_complex__MADDPG-style__seed2__ep08,main_comparison,mixed_complex,2,MADDPG-style,2,8,20208,20208060632,20208060729,4,1,2000,0.1,ON,1,0.05,0.15,0,10,0.9,1.1,4,1,0,0,0,0,0,0,0,0,48.934611,51.725254,195.738446,1.083531,21.569553,23.0529,0.9357,0.757867,0.635467,3,0.861659,0.972575,596,1769,0.336913510457886,0.166127,0.835691,0.73241,0.630236,298,198,1.0585,1.5381,1.4052,51.1649,0.952381,cc36ef565d23ea12f69f2e258676d8f46e8de79927a7aa951bc31c77354f20c3,10bd6134d1956b59ae9f946801ced612b270f924,578d09fe08dd07cde7981c884d7bc11ea81fcbc5722bc41604d547bdffa3117d
main__mixed_complex__MADDPG-style__seed2__ep09,main_comparison,mixed_complex,2,MADDPG-style,2,9,20209,20209060636,20209060733,4,1,2000,0.1,ON,1,0.05,0.15,0,10,0.9,1.1,4,1,0,0,0,0,0,0,0,0,49.637844,53.474941,198.551377,0.974864,21.184738,23.2401,0.9116,0.7679,0.627434,1,0.819635,0.772226,660,2016,0.327380952380952,0.138556,0.846734,0.696689,0.588311,434,290,1.0763,1.7384,1.2726,51.201,0.952381,cc36ef565d23ea12f69f2e258676d8f46e8de79927a7aa951bc31c77354f20c3,10bd6134d1956b59ae9f946801ced612b270f924,578d09fe08dd07cde7981c884d7bc11ea81fcbc5722bc41604d547bdffa3117d
main__mixed_complex__MADDPG-style__seed3__ep00,main_comparison,mixed_complex,2,MADDPG-style,3,0,30200,30200090600,30200090697,4,1,2000,0.1,ON,1,0.05,0.15,0,10,0.9,1.1,4,1,0,0,0,0,0,0,0,0,48.263845,50.60628,193.05538,0.891306,21.13313,23.1823,0.9116,0.791487,0.770571,2,0.79267,0.754788,636,1868,0.340471092077088,0.175608,0.87476,0.673769,0.646175,448,298,0.7906,1.7474,1.1084,48.9758,0.952381,ccdf7053472e904497483b88ba2d0670264dabc88f956cca93c06e68b57715bc,10bd6134d1956b59ae9f946801ced612b270f924,578d09fe08dd07cde7981c884d7bc11ea81fcbc5722bc41604d547bdffa3117d
main__mixed_complex__MADDPG-style__seed3__ep01,main_comparison,mixed_complex,2,MADDPG-style,3,1,30201,30201090604,30201090701,4,1,2000,0.1,ON,1,0.05,0.15,0,10,0.9,1.1,4,1,0,0,0,0,0,0,0,0,49.529135,49.86776,198.116538,0.816598,21.530991,22.9467,0.9383,0.795793,0.730711,2,0.832092,0.703896,682,2202,0.309718437783833,0.165826,0.890298,0.707278,0.62438,349,232,0.8385,1.5626,1.3695,52.9034,0.952381,ccdf7053472e904497483b88ba2d0670264dabc88f956cca93c06e68b57715bc,10bd6134d1956b59ae9f946801ced612b270f924,578d09fe08dd07cde7981c884d7bc11ea81fcbc5722bc41604d547bdffa3117d
main__mixed_complex__MADDPG-style__seed3__ep02,main_comparison,mixed_complex,2,MADDPG-style,3,2,30202,30202090608,30202090705,4,1,2000,0.1,ON,1,0.05,0.15,0,10,0.9,1.1,4,1,0,0,0,0,0,0,0,0,50.325146,51.169369,201.300586,0.616677,22.202604,23.1777,0.9579,0.768546,0.68639,2,0.814823,0.70385,596,1912,0.311715481171548,0.174121,0.815136,0.6926,0.62681,471,314,0.7279,1.3025,1.1389,47.2415,0.952381,ccdf7053472e904497483b88ba2d0670264dabc88f956cca93c06e68b57715bc,10bd6134d1956b59ae9f946801ced612b270f924,578d09fe08dd07cde7981c884d7bc11ea81fcbc5722bc41604d547bdffa3117d
main__mixed_complex__MADDPG-style__seed3__ep03,main_comparison,mixed_complex,2,MADDPG-style,3,3,30203,30203090612,30203090709,4,1,2000,0.1,ON,1,0.05,0.15,0,10,0.9,1.1,4,1,0,0,0,0,0,0,0,0,53.664083,53.942403,214.656331,0.88009,21.968604,23.1388,0.9494,0.790173,0.72181,0,0.850357,0.71124,569,1810,0.314364640883978,0.174712,0.850996,0.722803,0.639576,359,240,1.0339,1.5185,1.4762,48.4583,0.952381,ccdf7053472e904497483b88ba2d0670264dabc88f956cca93c06e68b57715bc,10bd6134d1956b59ae9f946801ced612b270f924,578d09fe08dd07cde7981c884d7bc11ea81fcbc5722bc41604d547bdffa3117d
main__mixed_complex__MADDPG-style__seed3__ep04,main_comparison,mixed_complex,2,MADDPG-style,3,4,30204,30204090616,30204090713,4,1,2000,0.1,ON,1,0.05,0.15,0,10,0.9,1.1,4,1,0,0,0,0,0,0,0,0,50.346485,50.921218,201.38594,0.949462,21.75944,23.1342,0.9406,0.787155,0.693414,1,0.79789,0.706484,599,1974,0.303444782168186,0.166384,0.861173,0.678206,0.638275,318,212,0.9107,1.7279,1.4216,51.5934,0.952381,ccdf7053472e904497483b88ba2d0670264dabc88f956cca93c06e68b57715bc,10bd6134d1956b59ae9f946801ced612b270f924,578d09fe08dd07cde7981c884d7bc11ea81fcbc5722bc41604d547bdffa3117d
main__mixed_complex__MADDPG-style__seed3__ep05,main_comparison,mixed_complex,2,MADDPG-style,3,5,30205,30205090620,30205090717,4,1,2000,0.1,ON,1,0.05,0.15,0,10,0.9,1.1,4,1,0,0,0,0,0,0,0,0,44.397338,50.827174,177.589352,0.787469,22.113585,23.0092,0.9611,0.79074,0.71236,2,0.824572,0.739868,665,2096,0.317270992366412,0.136969,0.830388,0.700886,0.585074,320,213,0.9195,1.3861,1.1698,46.6531,0.952381,ccdf7053472e904497483b88ba2d0670264dabc88f956cca93c06e68b57715bc,10bd6134d1956b59ae9f946801ced612b270f924,578d09fe08dd07cde7981c884d7bc11ea81fcbc5722bc41604d547bdffa3117d
main__mixed_complex__MADDPG-style__seed3__ep06,main_comparison,mixed_complex,2,MADDPG-style,3,6,30206,30206090624,30206090721,4,1,2000,0.1,ON,1,0.05,0.15,0,10,0.9,1.1,4,1,0,0,0,0,0,0,0,0,46.725931,50.18435,186.903725,0.863382,22.209029,23.0719,0.9626,0.794853,0.71599,1,0.78243,0.732952,585,1948,0.300308008213552,0.161808,0.782745,0.665066,0.661506,320,213,0.8458,1.3786,1.3125,49.1185,0.952381,ccdf7053472e904497483b88ba2d0670264dabc88f956cca93c06e68b57715bc,10bd6134d1956b59ae9f946801ced612b270f924,578d09fe08dd07cde7981c884d7bc11ea81fcbc5722bc41604d547bdffa3117d
main__mixed_complex__MADDPG-style__seed3__ep07,main_comparison,mixed_complex,2,MADDPG-style,3,7,30207,30207090628,30207090725,4,1,2000,0.1,ON,1,0.05,0.15,0,10,0.9,1.1,4,1,0,0,0,0,0,0,0,0,49.242387,52.487687,196.96955,0.754754,22.341792,23.0573,0.969,0.797485,0.708128,0,0.817707,0.752904,466,1469,0.317222600408441,0.174757,0.830414,0.695051,0.603461,395,263,0.8902,1.7335,1.1954,52.7119,0.952381,ccdf7053472e904497483b88ba2d0670264dabc88f956cca93c06e68b57715bc,10bd6134d1956b59ae9f946801ced612b270f924,578d09fe08dd07cde7981c884d7bc11ea81fcbc5722bc41604d547bdffa3117d
main__mixed_complex__MADDPG-style__seed3__ep08,main_comparison,mixed_complex,2,MADDPG-style,3,8,30208,30208090632,30208090729,4,1,2000,0.1,ON,1,0.05,0.15,0,10,0.9,1.1,4,1,0,0,0,0,0,0,0,0,46.268675,52.410675,185.074699,0.65973,22.249119,23.1151,0.9625,0.792441,0.837488,0,0.757645,0.758285,476,1639,0.290420988407566,0.163445,0.882609,0.643999,0.641469,387,258,0.7924,1.8571,1.1741,48.3038,0.952381,ccdf7053472e904497483b88ba2d0670264dabc88f956cca93c06e68b57715bc,10bd6134d1956b59ae9f946801ced612b270f924,578d09fe08dd07cde7981c884d7bc11ea81fcbc5722bc41604d547bdffa3117d
main__mixed_complex__MADDPG-style__seed3__ep09,main_comparison,mixed_complex,2,MADDPG-style,3,9,30209,30209090636,30209090733,4,1,2000,0.1,ON,1,0.05,0.15,0,10,0.9,1.1,4,1,0,0,0,0,0,0,0,0,47.82113,50.924706,191.284521,0.842651,21.630586,23.0576,0.9381,0.783343,0.736539,2,0.833973,0.713233,645,2026,0.318361303060217,0.14913,0.880455,0.708877,0.606902,347,231,0.8346,1.6626,1.2863,52.9593,0.952381,ccdf7053472e904497483b88ba2d0670264dabc88f956cca93c06e68b57715bc,10bd6134d1956b59ae9f946801ced612b270f924,578d09fe08dd07cde7981c884d7bc11ea81fcbc5722bc41604d547bdffa3117d
main__mixed_complex__MADDPG-style__seed4__ep00,main_comparison,mixed_complex,2,MADDPG-style,4,0,40200,40200120600,40200120697,4,1,2000,0.1,ON,1,0.05,0.15,0,10,0.9,1.1,4,1,0,0,0,0,0,0,0,0,50.640559,52.462275,202.562237,0.841419,21.295858,23.0526,0.9238,0.766583,0.584904,0,0.820952,0.712098,729,2314,0.315038893690579,0.172268,0.860204,0.697809,0.666658,407,271,0.8252,1.619,1.2231,50.418,0.952381,2386c5518da493b17b745d0e4c181ce30487d62ded78986a7e697f67b6960e3b,10bd6134d1956b59ae9f946801ced612b270f924,578d09fe08dd07cde7981c884d7bc11ea81fcbc5722bc41604d547bdffa3117d
main__mixed_complex__MADDPG-style__seed4__ep01,main_comparison,mixed_complex,2,MADDPG-style,4,1,40201,40201120604,40201120701,4,1,2000,0.1,ON,1,0.05,0.15,0,10,0.9,1.1,4,1,0,0,0,0,0,0,0,0,49.998903,52.314917,199.99561,0.91008,21.553173,23.0529,0.9349,0.764692,0.691998,0,0.742358,0.821006,470,1518,0.30961791831357,0.14624,0.815955,0.631004,0.646362,328,218,0.8873,1.8307,1.4464,51.9767,0.952381,2386c5518da493b17b745d0e4c181ce30487d62ded78986a7e697f67b6960e3b,10bd6134d1956b59ae9f946801ced612b270f924,578d09fe08dd07cde7981c884d7bc11ea81fcbc5722bc41604d547bdffa3117d
main__mixed_complex__MADDPG-style__seed4__ep02,main_comparison,mixed_complex,2,MADDPG-style,4,2,40202,40202120608,40202120705,4,1,2000,0.1,ON,1,0.05,0.15,0,10,0.9,1.1,4,1,0,0,0,0,0,0,0,0,43.537611,50.665374,174.150443,0.962117,21.231761,22.9904,0.9235,0.794044,0.678181,1,0.842973,0.730626,626,2057,0.304326689353427,0.158929,0.833353,0.716527,0.704473,353,236,0.913,1.8541,1.4045,52.4658,0.952381,2386c5518da493b17b745d0e4c181ce30487d62ded78986a7e697f67b6960e3b,10bd6134d1956b59ae9f946801ced612b270f924,578d09fe08dd07cde7981c884d7bc11ea81fcbc5722bc41604d547bdffa3117d
main__mixed_complex__MADDPG-style__seed4__ep03,main_comparison,mixed_complex,2,MADDPG-style,4,3,40203,40203120612,40203120709,4,1,2000,0.1,ON,1,0.05,0.15,0,10,0.9,1.1,4,1,0,0,0,0,0,0,0,0,49.420178,49.677278,197.68071,1.203524,22.18419,23.0141,0.9639,0.799354,0.625538,0,0.892189,0.848974,655,2185,0.299771167048055,0.188013,0.857438,0.758361,0.686099,457,304,0.9851,1.6935,1.2853,49.249,0.952381,2386c5518da493b17b745d0e4c181ce30487d62ded78986a7e697f67b6960e3b,10bd6134d1956b59ae9f946801ced612b270f924,578d09fe08dd07cde7981c884d7bc11ea81fcbc5722bc41604d547bdffa3117d
main__mixed_complex__MADDPG-style__seed4__ep04,main_comparison,mixed_complex,2,MADDPG-style,4,4,40204,40204120616,40204120713,4,1,2000,0.1,ON,1,0.05,0.15,0,10,0.9,1.1,4,1,0,0,0,0,0,0,0,0,51.132039,52.342704,204.528156,0.824503,22.239292,22.7771,0.9764,0.779017,0.603804,1,0.87498,0.717486,550,1789,0.307434320849637,0.175632,0.81608,0.743733,0.632375,378,252,0.7374,1.3949,1.1528,52.326,0.952381,2386c5518da493b17b745d0e4c181ce30487d62ded78986a7e697f67b6960e3b,10bd6134d1956b59ae9f946801ced612b270f924,578d09fe08dd07cde7981c884d7bc11ea81fcbc5722bc41604d547bdffa3117d
main__mixed_complex__MADDPG-style__seed4__ep05,main_comparison,mixed_complex,2,MADDPG-style,4,5,40205,40205120620,40205120717,4,1,2000,0.1,ON,1,0.05,0.15,0,10,0.9,1.1,4,1,0,0,0,0,0,0,0,0,47.550871,48.995153,190.203484,0.685458,21.615067,23.0095,0.9394,0.776648,0.729419,0,0.795392,0.811026,638,2021,0.3156853043048,0.161771,0.855957,0.676083,0.650232,436,291,0.7593,1.475,1.357,49.733,0.952381,2386c5518da493b17b745d0e4c181ce30487d62ded78986a7e697f67b6960e3b,10bd6134d1956b59ae9f946801ced612b270f924,578d09fe08dd07cde7981c884d7bc11ea81fcbc5722bc41604d547bdffa3117d
main__mixed_complex__MADDPG-style__seed4__ep06,main_comparison,mixed_complex,2,MADDPG-style,4,6,40206,40206120624,40206120721,4,1,2000,0.1,ON,1,0.05,0.15,0,10,0.9,1.1,4,1,0,0,0,0,0,0,0,0,50.590975,50.85393,202.363901,0.996724,21.31319,23.0576,0.9243,0.814788,0.647544,0,0.793917,0.837873,584,1921,0.304008328995315,0.157214,0.805965,0.67483,0.677231,347,231,0.9117,1.4172,1.1791,52.3198,0.952381,2386c5518da493b17b745d0e4c181ce30487d62ded78986a7e697f67b6960e3b,10bd6134d1956b59ae9f946801ced612b270f924,578d09fe08dd07cde7981c884d7bc11ea81fcbc5722bc41604d547bdffa3117d
main__mixed_complex__MADDPG-style__seed4__ep07,main_comparison,mixed_complex,2,MADDPG-style,4,7,40207,40207120628,40207120725,4,1,2000,0.1,ON,1,0.05,0.15,0,10,0.9,1.1,4,1,0,0,0,0,0,0,0,0,49.887811,50.14725,199.551243,0.864999,21.992224,23.2011,0.9479,0.794106,0.724695,0,0.824961,0.784949,602,1849,0.325581395348837,0.178441,0.842716,0.701217,0.635712,383,255,0.9311,1.3446,1.4568,52.5259,0.952381,2386c5518da493b17b745d0e4c181ce30487d62ded78986a7e697f67b6960e3b,10bd6134d1956b59ae9f946801ced612b270f924,578d09fe08dd07cde7981c884d7bc11ea81fcbc5722bc41604d547bdffa3117d
main__mixed_complex__MADDPG-style__seed4__ep08,main_comparison,mixed_complex,2,MADDPG-style,4,8,40208,40208120632,40208120729,4,1,2000,0.1,ON,1,0.05,0.15,0,10,0.9,1.1,4,1,0,0,0,0,0,0,0,0,51.00505,52.886192,204.020198,0.940442,21.738858,23.0716,0.9422,0.794862,0.746218,1,0.774755,0.78013,680,2163,0.314378178455848,0.17969,0.819114,0.658542,0.649062,468,312,0.876,1.3082,1.1798,42.5997,0.952381,2386c5518da493b17b745d0e4c181ce30487d62ded78986a7e697f67b6960e3b,10bd6134d1956b59ae9f946801ced612b270f924,578d09fe08dd07cde7981c884d7bc11ea81fcbc5722bc41604d547bdffa3117d
main__mixed_complex__MADDPG-style__seed4__ep09,main_comparison,mixed_complex,2,MADDPG-style,4,9,40209,40209120636,40209120733,4,1,2000,0.1,ON,1,0.05,0.15,0,10,0.9,1.1,4,1,0,0,0,0,0,0,0,0,42.953107,52.59653,171.812427,0.726912,21.492211,23.1342,0.929,0.774501,0.575553,0,0.818388,0.861032,681,2220,0.306756756756757,0.154194,0.813593,0.69563,0.662235,365,243,0.9872,1.6752,1.425,50.9233,0.952381,2386c5518da493b17b745d0e4c181ce30487d62ded78986a7e697f67b6960e3b,10bd6134d1956b59ae9f946801ced612b270f924,578d09fe08dd07cde7981c884d7bc11ea81fcbc5722bc41604d547bdffa3117d
main__mixed_complex__MADDPG-style__seed5__ep00,main_comparison,mixed_complex,2,MADDPG-style,5,0,50200,50200150600,50200150697,4,1,2000,0.1,ON,1,0.05,0.15,0,10,0.9,1.1,4,1,0,0,0,0,0,0,0,0,44.410462,53.597128,177.641848,0.903629,22.620328,23.1966,0.9752,0.7718,0.727488,0,0.816066,0.737781,603,1917,0.314553990610329,0.176272,0.855537,0.693656,0.737197,365,244,0.9191,1.7005,1.4063,49.5474,0.952381,5de7bc74c1568867e6e23d4a7dfed393551a39787d73407484ec2a6365f31b56,10bd6134d1956b59ae9f946801ced612b270f924,578d09fe08dd07cde7981c884d7bc11ea81fcbc5722bc41604d547bdffa3117d
main__mixed_complex__MADDPG-style__seed5__ep01,main_comparison,mixed_complex,2,MADDPG-style,5,1,50201,50201150604,50201150701,4,1,2000,0.1,ON,1,0.05,0.15,0,10,0.9,1.1,4,1,0,0,0,0,0,0,0,0,47.85793,51.080153,191.431719,0.956977,20.867656,23.1154,0.9028,0.766449,0.730813,0,0.76566,0.733122,536,1733,0.309290248124639,0.186376,0.846082,0.650811,0.706532,286,191,0.74,1.789,1.1261,53.3103,0.952381,5de7bc74c1568867e6e23d4a7dfed393551a39787d73407484ec2a6365f31b56,10bd6134d1956b59ae9f946801ced612b270f924,578d09fe08dd07cde7981c884d7bc11ea81fcbc5722bc41604d547bdffa3117d
main__mixed_complex__MADDPG-style__seed5__ep02,main_comparison,mixed_complex,2,MADDPG-style,5,2,50202,50202150608,50202150705,4,1,2000,0.1,ON,1,0.05,0.15,0,10,0.9,1.1,4,1,0,0,0,0,0,0,0,0,46.776827,51.767103,187.107306,0.896902,21.454671,23.0527,0.9307,0.758988,0.651663,1,0.819045,0.72785,614,1798,0.341490545050056,0.145953,0.855234,0.696188,0.727989,331,220,1.0709,1.4568,1.1116,51.7728,0.952381,5de7bc74c1568867e6e23d4a7dfed393551a39787d73407484ec2a6365f31b56,10bd6134d1956b59ae9f946801ced612b270f924,578d09fe08dd07cde7981c884d7bc11ea81fcbc5722bc41604d547bdffa3117d
main__mixed_complex__MADDPG-style__seed5__ep03,main_comparison,mixed_complex,2,MADDPG-style,5,3,50203,50203150612,50203150709,4,1,2000,0.1,ON,1,0.05,0.15,0,10,0.9,1.1,4,1,0,0,0,0,0,0,0,0,48.094919,50.930855,192.379675,1.04775,22.457142,22.9467,0.9787,0.793773,0.800883,0,0.794746,0.717007,690,2024,0.340909090909091,0.161694,0.844118,0.675534,0.679528,358,239,0.8018,1.5067,1.3363,49.8175,0.952381,5de7bc74c1568867e6e23d4a7dfed393551a39787d73407484ec2a6365f31b56,10bd6134d1956b59ae9f946801ced612b270f924,578d09fe08dd07cde7981c884d7bc11ea81fcbc5722bc41604d547bdffa3117d
main__mixed_complex__MADDPG-style__seed5__ep04,main_comparison,mixed_complex,2,MADDPG-style,5,4,50204,50204150616,50204150713,4,1,2000,0.1,ON,1,0.05,0.15,0,10,0.9,1.1,4,1,0,0,0,0,0,0,0,0,49.611906,50.135668,198.447625,0.722646,21.625694,23.1198,0.9354,0.769007,0.676719,0,0.798814,0.740214,620,1970,0.314720812182741,0.155277,0.845381,0.678992,0.641221,356,237,1.0758,1.5659,1.4804,46.1565,0.952381,5de7bc74c1568867e6e23d4a7dfed393551a39787d73407484ec2a6365f31b56,10bd6134d1956b59ae9f946801ced612b270f924,578d09fe08dd07cde7981c884d7bc11ea81fcbc5722bc41604d547bdffa3117d
main__mixed_complex__MADDPG-style__seed5__ep05,main_comparison,mixed_complex,2,MADDPG-style,5,5,50205,50205150620,50205150717,4,1,2000,0.1,ON,1,0.05,0.15,0,10,0.9,1.1,4,1,0,0,0,0,0,0,0,0,43.812125,52.875655,175.248499,0.96615,21.009469,22.9279,0.9163,0.755743,0.739204,1,0.785074,0.721202,563,1582,0.355878634639697,0.174113,0.850406,0.667313,0.680034,324,216,0.7325,1.449,1.3726,47.1539,0.952381,5de7bc74c1568867e6e23d4a7dfed393551a39787d73407484ec2a6365f31b56,10bd6134d1956b59ae9f946801ced612b270f924,578d09fe08dd07cde7981c884d7bc11ea81fcbc5722bc41604d547bdffa3117d
main__mixed_complex__MADDPG-style__seed5__ep06,main_comparison,mixed_complex,2,MADDPG-style,5,6,50206,50206150624,50206150721,4,1,2000,0.1,ON,1,0.05,0.15,0,10,0.9,1.1,4,1,0,0,0,0,0,0,0,0,47.558396,52.272375,190.233584,1.052346,22.137152,23.1342,0.9569,0.78928,0.73668,0,0.821354,0.736802,622,1730,0.359537572254335,0.159783,0.844476,0.698151,0.727805,273,182,0.7959,1.4553,1.3385,48.8832,0.952381,5de7bc74c1568867e6e23d4a7dfed393551a39787d73407484ec2a6365f31b56,10bd6134d1956b59ae9f946801ced612b270f924,578d09fe08dd07cde7981c884d7bc11ea81fcbc5722bc41604d547bdffa3117d
main__mixed_complex__MADDPG-style__seed5__ep07,main_comparison,mixed_complex,2,MADDPG-style,5,7,50207,50207150628,50207150725,4,1,2000,0.1,ON,1,0.05,0.15,0,10,0.9,1.1,4,1,0,0,0,0,0,0,0,0,50.042602,52.292487,200.170408,1.265837,21.692981,23.2401,0.9334,0.775959,0.658683,2,0.775997,0.703508,490,1468,0.333787465940054,0.166106,0.866833,0.659598,0.685218,437,291,0.8407,1.5187,1.4004,56.8218,0.952381,5de7bc74c1568867e6e23d4a7dfed393551a39787d73407484ec2a6365f31b56,10bd6134d1956b59ae9f946801ced612b270f924,578d09fe08dd07cde7981c884d7bc11ea81fcbc5722bc41604d547bdffa3117d
main__mixed_complex__MADDPG-style__seed5__ep08,main_comparison,mixed_complex,2,MADDPG-style,5,8,50208,50208150632,50208150729,4,1,2000,0.1,ON,1,0.05,0.15,0,10,0.9,1.1,4,1,0,0,0,0,0,0,0,0,46.910366,52.476123,187.641463,0.944477,21.435472,23.2445,0.9222,0.771085,0.852579,0,0.766,0.720581,627,1696,0.369693396226415,0.170388,0.808049,0.6511,0.689427,350,234,0.8721,1.7694,1.3558,50.1088,0.952381,5de7bc74c1568867e6e23d4a7dfed393551a39787d73407484ec2a6365f31b56,10bd6134d1956b59ae9f946801ced612b270f924,578d09fe08dd07cde7981c884d7bc11ea81fcbc5722bc41604d547bdffa3117d
main__mixed_complex__MADDPG-style__seed5__ep09,main_comparison,mixed_complex,2,MADDPG-style,5,9,50209,50209150636,50209150733,4,1,2000,0.1,ON,1,0.05,0.15,0,10,0.9,1.1,4,1,0,0,0,0,0,0,0,0,49.962378,50.22219,199.849512,1.295426,21.894997,22.7817,0.9611,0.784625,0.614467,0,0.814649,0.725309,617,1827,0.337712096332786,0.154873,0.858654,0.692451,0.698287,335,223,0.9927,1.5212,1.2529,52.304,0.952381,5de7bc74c1568867e6e23d4a7dfed393551a39787d73407484ec2a6365f31b56,10bd6134d1956b59ae9f946801ced612b270f924,578d09fe08dd07cde7981c884d7bc11ea81fcbc5722bc41604d547bdffa3117d
main__mixed_complex__MADDPG-style__seed6__ep00,main_comparison,mixed_complex,2,MADDPG-style,6,0,60200,60200180600,60200180697,4,1,2000,0.1,ON,1,0.05,0.15,0,10,0.9,1.1,4,1,0,0,0,0,0,0,0,0,44.657417,49.675971,178.629667,1.122521,21.501114,22.9018,0.9388,0.759015,0.780022,0,0.853809,0.707471,719,2058,0.349368318756074,0.151012,0.828803,0.725737,0.699792,368,245,0.7565,1.497,1.1281,49.144,0.952381,0422041699ff2f45b8c1f1b18366a66f506ece18bf78055b1bb41a1a9a7c5fa1,10bd6134d1956b59ae9f946801ced612b270f924,578d09fe08dd07cde7981c884d7bc11ea81fcbc5722bc41604d547bdffa3117d
main__mixed_complex__MADDPG-style__seed6__ep01,main_comparison,mixed_complex,2,MADDPG-style,6,1,60201,60201180604,60201180701,4,1,2000,0.1,ON,1,0.05,0.15,0,10,0.9,1.1,4,1,0,0,0,0,0,0,0,0,48.321186,50.031583,193.284746,1.009532,21.646748,23.0095,0.9408,0.771363,0.663925,0,0.866828,0.710512,533,1749,0.304745568896512,0.180974,0.865258,0.736804,0.706095,345,230,1.0628,1.6139,1.3749,49.1046,0.952381,0422041699ff2f45b8c1f1b18366a66f506ece18bf78055b1bb41a1a9a7c5fa1,10bd6134d1956b59ae9f946801ced612b270f924,578d09fe08dd07cde7981c884d7bc11ea81fcbc5722bc41604d547bdffa3117d
main__mixed_complex__MADDPG-style__seed6__ep02,main_comparison,mixed_complex,2,MADDPG-style,6,2,60202,60202180608,60202180705,4,1,2000,0.1,ON,1,0.05,0.15,0,10,0.9,1.1,4,1,0,0,0,0,0,0,0,0,46.630374,48.119297,186.521497,0.76087,22.112938,23.1777,0.9541,0.774654,0.733029,1,0.826302,0.713296,533,1689,0.315571343990527,0.150282,0.839824,0.702357,0.665559,443,296,0.8032,1.7072,1.4081,48.4016,0.952381,0422041699ff2f45b8c1f1b18366a66f506ece18bf78055b1bb41a1a9a7c5fa1,10bd6134d1956b59ae9f946801ced612b270f924,578d09fe08dd07cde7981c884d7bc11ea81fcbc5722bc41604d547bdffa3117d
main__mixed_complex__MADDPG-style__seed6__ep03,main_comparison,mixed_complex,2,MADDPG-style,6,3,60203,60203180612,60203180709,4,1,2000,0.1,ON,1,0.05,0.15,0,10,0.9,1.1,4,1,0,0,0,0,0,0,0,0,52.807299,53.12168,211.229196,1.024274,21.439848,22.9692,0.9334,0.787193,0.857533,0,0.877768,0.718517,668,2346,0.284739982949702,0.157746,0.801163,0.746103,0.655495,443,295,0.9031,1.3498,1.1744,48.9271,0.952381,0422041699ff2f45b8c1f1b18366a66f506ece18bf78055b1bb41a1a9a7c5fa1,10bd6134d1956b59ae9f946801ced612b270f924,578d09fe08dd07cde7981c884d7bc11ea81fcbc5722bc41604d547bdffa3117d
main__mixed_complex__MADDPG-style__seed6__ep04,main_comparison,mixed_complex,2,MADDPG-style,6,4,60204,60204180616,60204180713,4,1,2000,0.1,ON,1,0.05,0.15,0,10,0.9,1.1,4,1,0,0,0,0,0,0,0,0,44.803093,49.100554,179.21237,1.283678,21.890051,22.8654,0.9573,0.770026,0.830587,0,0.803902,0.713381,660,2049,0.322108345534407,0.167438,0.879741,0.683316,0.649531,385,257,0.7656,1.8622,1.4685,51.5784,0.952381,0422041699ff2f45b8c1f1b18366a66f506ece18bf78055b1bb41a1a9a7c5fa1,10bd6134d1956b59ae9f946801ced612b270f924,578d09fe08dd07cde7981c884d7bc11ea81fcbc5722bc41604d547bdffa3117d
main__mixed_complex__MADDPG-style__seed6__ep05,main_comparison,mixed_complex,2,MADDPG-style,6,5,60205,60205180620,60205180717,4,1,2000,0.1,ON,1,0.05,0.15,0,10,0.9,1.1,4,1,0,0,0,0,0,0,0,0,45.651631,49.742004,182.606526,1.018325,21.951109,23.1342,0.9489,0.779788,0.755904,1,0.83816,0.713364,656,2125,0.308705882352941,0.155923,0.834929,0.712436,0.711143,468,312,1.0497,1.8315,1.2559,50.0523,0.952381,0422041699ff2f45b8c1f1b18366a66f506ece18bf78055b1bb41a1a9a7c5fa1,10bd6134d1956b59ae9f946801ced612b270f924,578d09fe08dd07cde7981c884d7bc11ea81fcbc5722bc41604d547bdffa3117d
main__mixed_complex__MADDPG-style__seed6__ep06,main_comparison,mixed_complex,2,MADDPG-style,6,6,60206,60206180624,60206180721,4,1,2000,0.1,ON,1,0.05,0.15,0,10,0.9,1.1,4,1,0,0,0,0,0,0,0,0,46.997348,51.404675,187.989393,1.019716,22.090593,23.1777,0.9531,0.783486,0.798862,0,0.828789,0.708159,807,2596,0.310862865947612,0.164598,0.830555,0.704471,0.655324,424,283,0.9588,1.8678,1.1206,51.0737,0.952381,0422041699ff2f45b8c1f1b18366a66f506ece18bf78055b1bb41a1a9a7c5fa1,10bd6134d1956b59ae9f946801ced612b270f924,578d09fe08dd07cde7981c884d7bc11ea81fcbc5722bc41604d547bdffa3117d
main__mixed_complex__MADDPG-style__seed6__ep07,main_comparison,mixed_complex,2,MADDPG-style,6,7,60207,60207180628,60207180725,4,1,2000,0.1,ON,1,0.05,0.15,0,10,0.9,1.1,4,1,0,0,0,0,0,0,0,0,49.623409,50.109357,198.493637,0.958037,21.873702,22.822,0.9584,0.795603,0.715782,0,0.830739,0.70767,618,1872,0.330128205128205,0.173077,0.834576,0.706128,0.642795,247,164,1.0071,1.8094,1.1613,51.7117,0.952381,0422041699ff2f45b8c1f1b18366a66f506ece18bf78055b1bb41a1a9a7c5fa1,10bd6134d1956b59ae9f946801ced612b270f924,578d09fe08dd07cde7981c884d7bc11ea81fcbc5722bc41604d547bdffa3117d
main__mixed_complex__MADDPG-style__seed6__ep08,main_comparison,mixed_complex,2,MADDPG-style,6,8,60208,60208180632,60208180729,4,1,2000,0.1,ON,1,0.05,0.15,0,10,0.9,1.1,4,1,0,0,0,0,0,0,0,0,45.685452,50.964001,182.74181,0.98339,21.565855,23.1342,0.9322,0.782107,0.816345,1,0.839063,0.701762,675,2110,0.319905213270142,0.184906,0.853885,0.713204,0.709825,432,288,1.0016,1.4832,1.1014,46.0624,0.952381,0422041699ff2f45b8c1f1b18366a66f506ece18bf78055b1bb41a1a9a7c5fa1,10bd6134d1956b59ae9f946801ced612b270f924,578d09fe08dd07cde7981c884d7bc11ea81fcbc5722bc41604d547bdffa3117d
main__mixed_complex__MADDPG-style__seed6__ep09,main_comparison,mixed_complex,2,MADDPG-style,6,9,60209,60209180636,60209180733,4,1,2000,0.1,ON,1,0.05,0.15,0,10,0.9,1.1,4,1,0,0,0,0,0,0,0,0,45.266577,48.95777,181.066309,0.822186,20.708441,23.1195,0.8957,0.740446,0.751355,0,0.845381,0.708738,673,1987,0.338701560140916,0.182207,0.84744,0.718574,0.690311,329,220,1.0607,1.72,1.2001,48.3791,0.952381,0422041699ff2f45b8c1f1b18366a66f506ece18bf78055b1bb41a1a9a7c5fa1,10bd6134d1956b59ae9f946801ced612b270f924,578d09fe08dd07cde7981c884d7bc11ea81fcbc5722bc41604d547bdffa3117d
main__mixed_complex__MADDPG-style__seed7__ep00,main_comparison,mixed_complex,2,MADDPG-style,7,0,70200,70200210600,70200210697,4,1,2000,0.1,ON,1,0.05,0.15,0,10,0.9,1.1,4,1,0,0,0,0,0,0,0,0,47.920183,52.150264,191.680733,1.131595,21.752683,22.9279,0.9487,0.765113,0.681665,0,0.859661,0.860356,578,1633,0.353949785670545,0.162953,0.851966,0.730712,0.673159,419,279,0.9978,1.7505,1.1094,46.7236,0.952381,ec8010102a7bc984b41705612672c4d645130d8baa303509cc9e241964a8bb03,10bd6134d1956b59ae9f946801ced612b270f924,578d09fe08dd07cde7981c884d7bc11ea81fcbc5722bc41604d547bdffa3117d
main__mixed_complex__MADDPG-style__seed7__ep01,main_comparison,mixed_complex,2,MADDPG-style,7,1,70201,70201210604,70201210701,4,1,2000,0.1,ON,1,0.05,0.15,0,10,0.9,1.1,4,1,0,0,0,0,0,0,0,0,48.754842,51.43368,195.019368,0.945992,22.019761,23.0095,0.957,0.76531,0.682209,0,0.844818,0.757302,618,1799,0.343524180100056,0.143201,0.847528,0.718096,0.664669,432,288,1.0062,1.3767,1.4506,50.5305,0.952381,ec8010102a7bc984b41705612672c4d645130d8baa303509cc9e241964a8bb03,10bd6134d1956b59ae9f946801ced612b270f924,578d09fe08dd07cde7981c884d7bc11ea81fcbc5722bc41604d547bdffa3117d
main__mixed_complex__MADDPG-style__seed7__ep02,main_comparison,mixed_complex,2,MADDPG-style,7,2,70202,70202210608,70202210705,4,1,2000,0.1,ON,1,0.05,0.15,0,10,0.9,1.1,4,1,0,0,0,0,0,0,0,0,47.821357,52.78779,191.285427,1.324687,21.64465,23.0893,0.9374,0.774601,0.641938,0,0.850214,0.844994,688,2162,0.318223866790009,0.156429,0.858231,0.722682,0.652328,401,268,1.0368,1.5854,1.124,49.1128,0.952381,ec8010102a7bc984b41705612672c4d645130d8baa303509cc9e241964a8bb03,10bd6134d1956b59ae9f946801ced612b270f924,578d09fe08dd07cde7981c884d7bc11ea81fcbc5722bc41604d547bdffa3117d
main__mixed_complex__MADDPG-style__seed7__ep03,main_comparison,mixed_complex,2,MADDPG-style,7,3,70203,70203210612,70203210709,4,1,2000,0.1,ON,1,0.05,0.15,0,10,0.9,1.1,4,1,0,0,0,0,0,0,0,0,51.789025,52.069551,207.1561,1.149847,21.636011,23.0576,0.9383,0.770802,0.598787,0,0.782298,0.839469,578,1920,0.301041666666667,0.14707,0.900695,0.664953,0.617665,304,203,0.8139,1.4305,1.1424,52.687,0.952381,ec8010102a7bc984b41705612672c4d645130d8baa303509cc9e241964a8bb03,10bd6134d1956b59ae9f946801ced612b270f924,578d09fe08dd07cde7981c884d7bc11ea81fcbc5722bc41604d547bdffa3117d
main__mixed_complex__MADDPG-style__seed7__ep04,main_comparison,mixed_complex,2,MADDPG-style,7,4,70204,70204210616,70204210713,4,1,2000,0.1,ON,1,0.05,0.15,0,10,0.9,1.1,4,1,0,0,0,0,0,0,0,0,49.540136,51.208912,198.160542,1.304302,21.814668,23.1777,0.9412,0.794203,0.755067,0,0.90634,0.775023,536,1646,0.325637910085055,0.156857,0.862505,0.770389,0.628706,382,254,0.8116,1.3518,1.1798,52.0139,0.952381,ec8010102a7bc984b41705612672c4d645130d8baa303509cc9e241964a8bb03,10bd6134d1956b59ae9f946801ced612b270f924,578d09fe08dd07cde7981c884d7bc11ea81fcbc5722bc41604d547bdffa3117d
main__mixed_complex__MADDPG-style__seed7__ep05,main_comparison,mixed_complex,2,MADDPG-style,7,5,70205,70205210620,70205210717,4,1,2000,0.1,ON,1,0.05,0.15,0,10,0.9,1.1,4,1,0,0,0,0,0,0,0,0,48.261223,50.61782,193.044894,1.538664,21.248683,23.0716,0.921,0.791638,0.690081,0,0.824887,0.717459,590,1756,0.335990888382688,0.151858,0.844342,0.701154,0.662376,382,254,1.0988,1.4281,1.3553,50.4196,0.952381,ec8010102a7bc984b41705612672c4d645130d8baa303509cc9e241964a8bb03,10bd6134d1956b59ae9f946801ced612b270f924,578d09fe08dd07cde7981c884d7bc11ea81fcbc5722bc41604d547bdffa3117d
main__mixed_complex__MADDPG-style__seed7__ep06,main_comparison,mixed_complex,2,MADDPG-style,7,6,70206,70206210624,70206210721,4,1,2000,0.1,ON,1,0.05,0.15,0,10,0.9,1.1,4,1,0,0,0,0,0,0,0,0,46.064792,54.186818,184.25917,1.328411,21.438677,23.0095,0.9317,0.778567,0.685561,0,0.753925,0.719901,735,2402,0.305995004163197,0.149778,0.833801,0.640836,0.673182,268,178,0.8093,1.3092,1.4592,51.6343,0.952381,ec8010102a7bc984b41705612672c4d645130d8baa303509cc9e241964a8bb03,10bd6134d1956b59ae9f946801ced612b270f924,578d09fe08dd07cde7981c884d7bc11ea81fcbc5722bc41604d547bdffa3117d
main__mixed_complex__MADDPG-style__seed7__ep07,main_comparison,mixed_complex,2,MADDPG-style,7,7,70207,70207210628,70207210725,4,1,2000,0.1,ON,1,0.05,0.15,0,10,0.9,1.1,4,1,0,0,0,0,0,0,0,0,44.565487,51.248121,178.261949,1.165743,21.416575,22.9467,0.9333,0.785442,0.730146,1,0.846555,0.757696,568,1835,0.309536784741144,0.172263,0.802176,0.719571,0.619735,392,262,0.817,1.8205,1.235,48.7914,0.952381,ec8010102a7bc984b41705612672c4d645130d8baa303509cc9e241964a8bb03,10bd6134d1956b59ae9f946801ced612b270f924,578d09fe08dd07cde7981c884d7bc11ea81fcbc5722bc41604d547bdffa3117d
main__mixed_complex__MADDPG-style__seed7__ep08,main_comparison,mixed_complex,2,MADDPG-style,7,8,70208,70208210632,70208210729,4,1,2000,0.1,ON,1,0.05,0.15,0,10,0.9,1.1,4,1,0,0,0,0,0,0,0,0,45.194177,49.995095,180.776709,0.934657,22.41742,23.1823,0.967,0.765849,0.667773,0,0.7413,0.844936,553,1585,0.348895899053628,0.165284,0.835965,0.630105,0.6942,511,340,0.7814,1.4862,1.1609,49.0856,0.952381,ec8010102a7bc984b41705612672c4d645130d8baa303509cc9e241964a8bb03,10bd6134d1956b59ae9f946801ced612b270f924,578d09fe08dd07cde7981c884d7bc11ea81fcbc5722bc41604d547bdffa3117d
main__mixed_complex__MADDPG-style__seed7__ep09,main_comparison,mixed_complex,2,MADDPG-style,7,9,70209,70209210636,70209210733,4,1,2000,0.1,ON,1,0.05,0.15,0,10,0.9,1.1,4,1,0,0,0,0,0,0,0,0,44.693238,52.240248,178.772951,1.084698,21.476187,22.9642,0.9352,0.786584,0.746275,0,0.824337,0.721497,618,1891,0.326811210999471,0.17152,0.836403,0.700686,0.621194,391,260,0.7233,1.3195,1.3589,50.3198,0.952381,ec8010102a7bc984b41705612672c4d645130d8baa303509cc9e241964a8bb03,10bd6134d1956b59ae9f946801ced612b270f924,578d09fe08dd07cde7981c884d7bc11ea81fcbc5722bc41604d547bdffa3117d
main__static_clutter__CA-GAT-MAPPO__seed0__ep00,main_comparison,static_clutter,0,CA-GAT-MAPPO,0,0,0,0,,4,0,1800,0.1,ON,1,0.05,0.15,N/A,N/A,N/A,N/A,4,1,0,0,0,0,0,0,0,N/A,34.209152,37.904668,136.836609,0.353281,17.549635,21.1127,0.8312,0.75454,0.998975,1,0.742433,N/A,324,1599,0.202626641651032,0.166333,0.940026,0.631068,,163,,0.825,1.3112,1.1521,35.5558,0.952381,32b57b023ab33276da86134da501d84a771975144fd1f90211ad7e29af38e612,10bd6134d1956b59ae9f946801ced612b270f924,66cc412b499a209805b0a9aec16236066d1f6badcfb67616bcc43f1399e4cf50
main__static_clutter__CA-GAT-MAPPO__seed0__ep01,main_comparison,static_clutter,0,CA-GAT-MAPPO,0,1,1,1000004,,4,0,1800,0.1,ON,1,0.05,0.15,N/A,N/A,N/A,N/A,4,1,0,0,0,0,0,0,0,N/A,32.869799,36.781776,131.479197,0.501639,17.44939,21.2377,0.8216,0.743016,0.949309,1,0.674441,N/A,228,1168,0.195205479452055,0.154081,0.922485,0.573275,,133,,0.9151,1.3568,1.2799,33.6912,0.952381,32b57b023ab33276da86134da501d84a771975144fd1f90211ad7e29af38e612,10bd6134d1956b59ae9f946801ced612b270f924,66cc412b499a209805b0a9aec16236066d1f6badcfb67616bcc43f1399e4cf50
main__static_clutter__CA-GAT-MAPPO__seed0__ep02,main_comparison,static_clutter,0,CA-GAT-MAPPO,0,2,2,2000008,,4,0,1800,0.1,ON,1,0.05,0.15,N/A,N/A,N/A,N/A,4,1,0,0,0,0,0,0,0,N/A,35.44867,36.412596,141.794681,0.407366,17.24718,21.4252,0.805,0.713723,1.050482,0,0.699581,N/A,287,1367,0.209948792977323,0.143327,0.95913,0.594644,,150,,0.891,1.6693,1.3112,36.1388,0.952381,32b57b023ab33276da86134da501d84a771975144fd1f90211ad7e29af38e612,10bd6134d1956b59ae9f946801ced612b270f924,66cc412b499a209805b0a9aec16236066d1f6badcfb67616bcc43f1399e4cf50
main__static_clutter__CA-GAT-MAPPO__seed0__ep03,main_comparison,static_clutter,0,CA-GAT-MAPPO,0,3,3,3000012,,4,0,1800,0.1,ON,1,0.05,0.15,N/A,N/A,N/A,N/A,4,1,0,0,0,0,0,0,0,N/A,34.658115,34.841406,138.632462,0.414813,17.008855,21.1127,0.8056,0.739339,0.949155,1,0.706362,N/A,258,1226,0.210440456769984,0.14956,0.9623,0.600408,,189,,1.0262,1.6516,1.1697,34.8936,0.952381,32b57b023ab33276da86134da501d84a771975144fd1f90211ad7e29af38e612,10bd6134d1956b59ae9f946801ced612b270f924,66cc412b499a209805b0a9aec16236066d1f6badcfb67616bcc43f1399e4cf50
main__static_clutter__CA-GAT-MAPPO__seed0__ep04,main_comparison,static_clutter,0,CA-GAT-MAPPO,0,4,4,4000016,,4,0,1800,0.1,ON,1,0.05,0.15,N/A,N/A,N/A,N/A,4,1,0,0,0,0,0,0,0,N/A,32.695523,37.224862,130.782093,0.476513,17.144054,21.3627,0.8025,0.728524,0.884661,0,0.806331,N/A,233,1156,0.201557093425605,0.164907,0.968073,0.685381,,179,,0.8572,1.4532,1.4272,35.1381,0.952381,32b57b023ab33276da86134da501d84a771975144fd1f90211ad7e29af38e612,10bd6134d1956b59ae9f946801ced612b270f924,66cc412b499a209805b0a9aec16236066d1f6badcfb67616bcc43f1399e4cf50
main__static_clutter__CA-GAT-MAPPO__seed0__ep05,main_comparison,static_clutter,0,CA-GAT-MAPPO,0,5,5,5000020,,4,0,1800,0.1,ON,1,0.05,0.15,N/A,N/A,N/A,N/A,4,1,0,0,0,0,0,0,0,N/A,34.9426,35.127313,139.770401,0.51812,16.829334,21.3002,0.7901,0.746913,0.944097,1,0.713121,N/A,263,1185,0.221940928270042,0.143453,0.955268,0.606152,,166,,1.0973,1.6198,1.314,36.9114,0.952381,32b57b023ab33276da86134da501d84a771975144fd1f90211ad7e29af38e612,10bd6134d1956b59ae9f946801ced612b270f924,66cc412b499a209805b0a9aec16236066d1f6badcfb67616bcc43f1399e4cf50
main__static_clutter__CA-GAT-MAPPO__seed0__ep06,main_comparison,static_clutter,0,CA-GAT-MAPPO,0,6,6,6000024,,4,0,1800,0.1,ON,1,0.05,0.15,N/A,N/A,N/A,N/A,4,1,0,0,0,0,0,0,0,N/A,34.158136,35.640127,136.632542,0.530904,16.756306,21.2377,0.789,0.718666,0.932931,0,0.709264,N/A,240,1174,0.20442930153322,0.157175,0.946548,0.602874,,218,,0.7162,1.7665,1.4488,37.0838,0.952381,32b57b023ab33276da86134da501d84a771975144fd1f90211ad7e29af38e612,10bd6134d1956b59ae9f946801ced612b270f924,66cc412b499a209805b0a9aec16236066d1f6badcfb67616bcc43f1399e4cf50
main__static_clutter__CA-GAT-MAPPO__seed0__ep07,main_comparison,static_clutter,0,CA-GAT-MAPPO,0,7,7,7000028,,4,0,1800,0.1,ON,1,0.05,0.15,N/A,N/A,N/A,N/A,4,1,0,0,0,0,0,0,0,N/A,30.569024,38.669151,122.276097,0.521249,17.01274,21.3627,0.7964,0.738437,0.951558,1,0.73206,N/A,260,1109,0.234445446348061,0.136556,0.96622,0.622251,,159,,0.9842,1.5887,1.176,32.7543,0.952381,32b57b023ab33276da86134da501d84a771975144fd1f90211ad7e29af38e612,10bd6134d1956b59ae9f946801ced612b270f924,66cc412b499a209805b0a9aec16236066d1f6badcfb67616bcc43f1399e4cf50
main__static_clutter__CA-GAT-MAPPO__seed0__ep08,main_comparison,static_clutter,0,CA-GAT-MAPPO,0,8,8,8000032,,4,0,1800,0.1,ON,1,0.05,0.15,N/A,N/A,N/A,N/A,4,1,0,0,0,0,0,0,0,N/A,33.406699,37.233106,133.626794,0.346405,17.118864,21.1127,0.8108,0.719216,0.991883,0,0.721229,N/A,283,1444,0.195983379501385,0.121882,0.994118,0.613044,,185,,0.9344,1.4546,1.4185,34.1583,0.952381,32b57b023ab33276da86134da501d84a771975144fd1f90211ad7e29af38e612,10bd6134d1956b59ae9f946801ced612b270f924,66cc412b499a209805b0a9aec16236066d1f6badcfb67616bcc43f1399e4cf50
main__static_clutter__CA-GAT-MAPPO__seed0__ep09,main_comparison,static_clutter,0,CA-GAT-MAPPO,0,9,9,9000036,,4,0,1800,0.1,ON,1,0.05,0.15,N/A,N/A,N/A,N/A,4,1,0,0,0,0,0,0,0,N/A,33.990097,35.206276,135.960387,0.430547,16.942491,21.2377,0.7978,0.735806,0.921526,1,0.732686,N/A,298,1416,0.21045197740113,0.156328,0.951315,0.622783,,127,,1.0019,1.4528,1.1504,33.696,0.952381,32b57b023ab33276da86134da501d84a771975144fd1f90211ad7e29af38e612,10bd6134d1956b59ae9f946801ced612b270f924,66cc412b499a209805b0a9aec16236066d1f6badcfb67616bcc43f1399e4cf50
main__static_clutter__CA-GAT-MAPPO__seed1__ep00,main_comparison,static_clutter,0,CA-GAT-MAPPO,1,0,10000,10000030000,,4,0,1800,0.1,ON,1,0.05,0.15,N/A,N/A,N/A,N/A,4,1,0,0,0,0,0,0,0,N/A,34.462507,36.921067,137.850028,0.466698,17.214311,21.4252,0.8035,0.730919,0.942039,2,0.701158,N/A,299,1268,0.235804416403785,0.142203,0.972222,0.595984,,130,,0.9981,1.8923,1.2614,35.1001,0.952381,c8383894f1ca21040260723e2d1af03750871b973ced1600e136c41c5efec297,10bd6134d1956b59ae9f946801ced612b270f924,66cc412b499a209805b0a9aec16236066d1f6badcfb67616bcc43f1399e4cf50
main__static_clutter__CA-GAT-MAPPO__seed1__ep01,main_comparison,static_clutter,0,CA-GAT-MAPPO,1,1,10001,10001030004,,4,0,1800,0.1,ON,1,0.05,0.15,N/A,N/A,N/A,N/A,4,1,0,0,0,0,0,0,0,N/A,31.632295,35.338846,126.529181,0.707232,17.381214,21.3627,0.8136,0.752118,0.82261,1,0.6874,N/A,320,1427,0.224246671338472,0.109555,0.991215,0.58429,,178,,0.8987,1.8206,1.253,32.2489,0.952381,c8383894f1ca21040260723e2d1af03750871b973ced1600e136c41c5efec297,10bd6134d1956b59ae9f946801ced612b270f924,66cc412b499a209805b0a9aec16236066d1f6badcfb67616bcc43f1399e4cf50
main__static_clutter__CA-GAT-MAPPO__seed1__ep02,main_comparison,static_clutter,0,CA-GAT-MAPPO,1,2,10002,10002030008,,4,0,1800,0.1,ON,1,0.05,0.15,N/A,N/A,N/A,N/A,4,1,0,0,0,0,0,0,0,N/A,33.371064,37.526012,133.484257,0.659217,17.09102,21.4252,0.7977,0.767782,0.926909,0,0.677633,N/A,307,1615,0.190092879256966,0.140918,0.99548,0.575988,,155,,0.9554,1.3641,1.4754,36.0818,0.952381,c8383894f1ca21040260723e2d1af03750871b973ced1600e136c41c5efec297,10bd6134d1956b59ae9f946801ced612b270f924,66cc412b499a209805b0a9aec16236066d1f6badcfb67616bcc43f1399e4cf50
main__static_clutter__CA-GAT-MAPPO__seed1__ep03,main_comparison,static_clutter,0,CA-GAT-MAPPO,1,3,10003,10003030012,,4,0,1800,0.1,ON,1,0.05,0.15,N/A,N/A,N/A,N/A,4,1,0,0,0,0,0,0,0,N/A,31.760233,36.114436,127.04093,0.484887,16.855568,21.4252,0.7867,0.74557,0.954698,2,0.708691,N/A,274,1270,0.215748031496063,0.171052,0.990769,0.602387,,188,,0.7651,1.669,1.3455,34.2102,0.952381,c8383894f1ca21040260723e2d1af03750871b973ced1600e136c41c5efec297,10bd6134d1956b59ae9f946801ced612b270f924,66cc412b499a209805b0a9aec16236066d1f6badcfb67616bcc43f1399e4cf50
main__static_clutter__CA-GAT-MAPPO__seed1__ep04,main_comparison,static_clutter,0,CA-GAT-MAPPO,1,4,10004,10004030016,,4,0,1800,0.1,ON,1,0.05,0.15,N/A,N/A,N/A,N/A,4,1,0,0,0,0,0,0,0,N/A,34.600604,36.933131,138.402415,0.525019,18.032242,21.4252,0.8416,0.743183,1.054791,1,0.674386,N/A,299,1360,0.219852941176471,0.133586,0.988003,0.573228,,137,,0.8953,1.5563,1.2767,37.8495,0.952381,c8383894f1ca21040260723e2d1af03750871b973ced1600e136c41c5efec297,10bd6134d1956b59ae9f946801ced612b270f924,66cc412b499a209805b0a9aec16236066d1f6badcfb67616bcc43f1399e4cf50
main__static_clutter__CA-GAT-MAPPO__seed1__ep05,main_comparison,static_clutter,0,CA-GAT-MAPPO,1,5,10005,10005030020,,4,0,1800,0.1,ON,1,0.05,0.15,N/A,N/A,N/A,N/A,4,1,0,0,0,0,0,0,0,N/A,34.384614,36.105797,137.538456,0.605148,17.822272,21.3002,0.8367,0.738358,0.822895,0,0.748158,N/A,308,1475,0.208813559322034,0.150338,0.983222,0.635934,,201,,0.9428,1.3631,1.1336,34.0206,0.952381,c8383894f1ca21040260723e2d1af03750871b973ced1600e136c41c5efec297,10bd6134d1956b59ae9f946801ced612b270f924,66cc412b499a209805b0a9aec16236066d1f6badcfb67616bcc43f1399e4cf50
main__static_clutter__CA-GAT-MAPPO__seed1__ep06,main_comparison,static_clutter,0,CA-GAT-MAPPO,1,6,10006,10006030024,,4,0,1800,0.1,ON,1,0.05,0.15,N/A,N/A,N/A,N/A,4,1,0,0,0,0,0,0,0,N/A,34.562695,35.945469,138.250778,0.532192,17.226586,21.3627,0.8064,0.747927,0.909769,1,0.691981,N/A,281,1271,0.221085759244689,0.159937,0.974667,0.588184,,179,,0.9141,1.383,1.2147,35.7436,0.952381,c8383894f1ca21040260723e2d1af03750871b973ced1600e136c41c5efec297,10bd6134d1956b59ae9f946801ced612b270f924,66cc412b499a209805b0a9aec16236066d1f6badcfb67616bcc43f1399e4cf50
main__static_clutter__CA-GAT-MAPPO__seed1__ep07,main_comparison,static_clutter,0,CA-GAT-MAPPO,1,7,10007,10007030028,,4,0,1800,0.1,ON,1,0.05,0.15,N/A,N/A,N/A,N/A,4,1,0,0,0,0,0,0,0,N/A,32.409686,35.337519,129.638746,0.48238,16.73376,21.3002,0.7856,0.745442,0.980553,1,0.72002,N/A,242,1131,0.213969938107869,0.137453,0.99821,0.612017,,185,,0.961,1.3546,1.2494,34.7875,0.952381,c8383894f1ca21040260723e2d1af03750871b973ced1600e136c41c5efec297,10bd6134d1956b59ae9f946801ced612b270f924,66cc412b499a209805b0a9aec16236066d1f6badcfb67616bcc43f1399e4cf50
main__static_clutter__CA-GAT-MAPPO__seed1__ep08,main_comparison,static_clutter,0,CA-GAT-MAPPO,1,8,10008,10008030032,,4,0,1800,0.1,ON,1,0.05,0.15,N/A,N/A,N/A,N/A,4,1,0,0,0,0,0,0,0,N/A,34.484093,36.891763,137.936373,0.501483,17.979161,21.2377,0.8466,0.742371,0.897917,0,0.662241,N/A,300,1534,0.195567144719687,0.149316,0.992405,0.562905,,194,,1.0102,1.6605,1.3994,37.1413,0.952381,c8383894f1ca21040260723e2d1af03750871b973ced1600e136c41c5efec297,10bd6134d1956b59ae9f946801ced612b270f924,66cc412b499a209805b0a9aec16236066d1f6badcfb67616bcc43f1399e4cf50
main__static_clutter__CA-GAT-MAPPO__seed1__ep09,main_comparison,static_clutter,0,CA-GAT-MAPPO,1,9,10009,10009030036,,4,0,1800,0.1,ON,1,0.05,0.15,N/A,N/A,N/A,N/A,4,1,0,0,0,0,0,0,0,N/A,33.226894,38.344843,132.907575,0.444354,17.153762,21.1127,0.8125,0.714356,0.784136,1,0.731131,N/A,231,1081,0.213691026827012,0.146828,0.981025,0.621461,,140,,1.0949,1.3021,1.1123,34.6028,0.952381,c8383894f1ca21040260723e2d1af03750871b973ced1600e136c41c5efec297,10bd6134d1956b59ae9f946801ced612b270f924,66cc412b499a209805b0a9aec16236066d1f6badcfb67616bcc43f1399e4cf50
main__static_clutter__CA-GAT-MAPPO__seed2__ep00,main_comparison,static_clutter,0,CA-GAT-MAPPO,2,0,20000,20000060000,,4,0,1800,0.1,ON,1,0.05,0.15,N/A,N/A,N/A,N/A,4,1,0,0,0,0,0,0,0,N/A,30.945294,37.786274,123.781176,0.53647,16.510645,21.1127,0.782,0.741881,0.956572,1,0.729204,N/A,256,1262,0.202852614896989,0.139358,0.986855,0.619824,,131,,0.9792,1.8635,1.4581,37.9065,0.952381,65d1a2863c9025e481d4b3e0e77c45baddf47b35dc01a861ea5f76c4a6887f11,10bd6134d1956b59ae9f946801ced612b270f924,66cc412b499a209805b0a9aec16236066d1f6badcfb67616bcc43f1399e4cf50
main__static_clutter__CA-GAT-MAPPO__seed2__ep01,main_comparison,static_clutter,0,CA-GAT-MAPPO,2,1,20001,20001060004,,4,0,1800,0.1,ON,1,0.05,0.15,N/A,N/A,N/A,N/A,4,1,0,0,0,0,0,0,0,N/A,33.571544,36.738267,134.286175,0.543147,17.244165,21.3627,0.8072,0.747822,0.876822,0,0.713376,N/A,240,1215,0.197530864197531,0.145398,0.999312,0.60637,,167,,1.0175,1.8867,1.1906,33.0065,0.952381,65d1a2863c9025e481d4b3e0e77c45baddf47b35dc01a861ea5f76c4a6887f11,10bd6134d1956b59ae9f946801ced612b270f924,66cc412b499a209805b0a9aec16236066d1f6badcfb67616bcc43f1399e4cf50
main__static_clutter__CA-GAT-MAPPO__seed2__ep02,main_comparison,static_clutter,0,CA-GAT-MAPPO,2,2,20002,20002060008,,4,0,1800,0.1,ON,1,0.05,0.15,N/A,N/A,N/A,N/A,4,1,0,0,0,0,0,0,0,N/A,32.074732,35.625066,128.298929,0.57816,17.00695,21.3627,0.7961,0.744149,0.823086,1,0.746605,N/A,263,1287,0.204351204351204,0.132013,0.97683,0.634615,,200,,0.9946,1.7679,1.4944,37.4714,0.952381,65d1a2863c9025e481d4b3e0e77c45baddf47b35dc01a861ea5f76c4a6887f11,10bd6134d1956b59ae9f946801ced612b270f924,66cc412b499a209805b0a9aec16236066d1f6badcfb67616bcc43f1399e4cf50
main__static_clutter__CA-GAT-MAPPO__seed2__ep03,main_comparison,static_clutter,0,CA-GAT-MAPPO,2,3,20003,20003060012,,4,0,1800,0.1,ON,1,0.05,0.15,N/A,N/A,N/A,N/A,4,1,0,0,0,0,0,0,0,N/A,31.498792,37.567217,125.99517,0.483461,17.354794,21.5502,0.8053,0.736479,0.939081,0,0.715948,N/A,317,1483,0.213755900202293,0.155139,0.973718,0.608555,,190,,0.7427,1.8297,1.4476,34.7856,0.952381,65d1a2863c9025e481d4b3e0e77c45baddf47b35dc01a861ea5f76c4a6887f11,10bd6134d1956b59ae9f946801ced612b270f924,66cc412b499a209805b0a9aec16236066d1f6badcfb67616bcc43f1399e4cf50
main__static_clutter__CA-GAT-MAPPO__seed2__ep04,main_comparison,static_clutter,0,CA-GAT-MAPPO,2,4,20004,20004060016,,4,0,1800,0.1,ON,1,0.05,0.15,N/A,N/A,N/A,N/A,4,1,0,0,0,0,0,0,0,N/A,34.945058,36.115243,139.780231,0.520629,17.227316,21.3002,0.8088,0.757959,1.070165,1,0.756145,N/A,272,1335,0.20374531835206,0.144691,0.987505,0.642723,,161,,0.7821,1.8204,1.3309,35.2419,0.952381,65d1a2863c9025e481d4b3e0e77c45baddf47b35dc01a861ea5f76c4a6887f11,10bd6134d1956b59ae9f946801ced612b270f924,66cc412b499a209805b0a9aec16236066d1f6badcfb67616bcc43f1399e4cf50
main__static_clutter__CA-GAT-MAPPO__seed2__ep05,main_comparison,static_clutter,0,CA-GAT-MAPPO,2,5,20005,20005060020,,4,0,1800,0.1,ON,1,0.05,0.15,N/A,N/A,N/A,N/A,4,1,0,0,0,0,0,0,0,N/A,35.2123,36.562962,140.849199,0.629533,17.040427,21.1752,0.8047,0.7492,1.197994,0,0.704355,N/A,249,1207,0.206296603148302,0.145809,0.975678,0.598701,,184,,0.9546,1.6337,1.1373,36.0985,0.952381,65d1a2863c9025e481d4b3e0e77c45baddf47b35dc01a861ea5f76c4a6887f11,10bd6134d1956b59ae9f946801ced612b270f924,66cc412b499a209805b0a9aec16236066d1f6badcfb67616bcc43f1399e4cf50
main__static_clutter__CA-GAT-MAPPO__seed2__ep06,main_comparison,static_clutter,0,CA-GAT-MAPPO,2,6,20006,20006060024,,4,0,1800,0.1,ON,1,0.05,0.15,N/A,N/A,N/A,N/A,4,1,0,0,0,0,0,0,0,N/A,32.840597,36.336624,131.362389,0.654413,16.551393,21.1127,0.784,0.736493,0.940469,0,0.720611,N/A,301,1569,0.191841937539834,0.163588,0.973273,0.612519,,215,,1.0472,1.5175,1.3511,36.5269,0.952381,65d1a2863c9025e481d4b3e0e77c45baddf47b35dc01a861ea5f76c4a6887f11,10bd6134d1956b59ae9f946801ced612b270f924,66cc412b499a209805b0a9aec16236066d1f6badcfb67616bcc43f1399e4cf50
main__static_clutter__CA-GAT-MAPPO__seed2__ep07,main_comparison,static_clutter,0,CA-GAT-MAPPO,2,7,20007,20007060028,,4,0,1800,0.1,ON,1,0.05,0.15,N/A,N/A,N/A,N/A,4,1,0,0,0,0,0,0,0,N/A,34.180725,36.43345,136.722899,0.724906,17.756508,21.2377,0.8361,0.765321,0.846963,0,0.711673,N/A,274,1287,0.212898212898213,0.146482,0.971538,0.604922,,142,,0.8246,1.3633,1.4496,35.4444,0.952381,65d1a2863c9025e481d4b3e0e77c45baddf47b35dc01a861ea5f76c4a6887f11,10bd6134d1956b59ae9f946801ced612b270f924,66cc412b499a209805b0a9aec16236066d1f6badcfb67616bcc43f1399e4cf50
main__static_clutter__CA-GAT-MAPPO__seed2__ep08,main_comparison,static_clutter,0,CA-GAT-MAPPO,2,8,20008,20008060032,,4,0,1800,0.1,ON,1,0.05,0.15,N/A,N/A,N/A,N/A,4,1,0,0,0,0,0,0,0,N/A,37.197499,37.911701,148.789995,0.561443,17.030939,21.1127,0.8067,0.744872,0.981547,0,0.696103,N/A,316,1491,0.211938296445339,0.151636,0.947637,0.591688,,148,,0.9571,1.4826,1.2716,33.6385,0.952381,65d1a2863c9025e481d4b3e0e77c45baddf47b35dc01a861ea5f76c4a6887f11,10bd6134d1956b59ae9f946801ced612b270f924,66cc412b499a209805b0a9aec16236066d1f6badcfb67616bcc43f1399e4cf50
main__static_clutter__CA-GAT-MAPPO__seed2__ep09,main_comparison,static_clutter,0,CA-GAT-MAPPO,2,9,20009,20009060036,,4,0,1800,0.1,ON,1,0.05,0.15,N/A,N/A,N/A,N/A,4,1,0,0,0,0,0,0,0,N/A,35.245509,36.788136,140.982036,0.465714,16.934552,21.1752,0.7997,0.746407,0.885415,0,0.741274,N/A,279,1381,0.202027516292542,0.149285,0.986574,0.630083,,139,,0.9701,1.6451,1.1975,35.9442,0.952381,65d1a2863c9025e481d4b3e0e77c45baddf47b35dc01a861ea5f76c4a6887f11,10bd6134d1956b59ae9f946801ced612b270f924,66cc412b499a209805b0a9aec16236066d1f6badcfb67616bcc43f1399e4cf50
main__static_clutter__CA-GAT-MAPPO__seed3__ep00,main_comparison,static_clutter,0,CA-GAT-MAPPO,3,0,30000,30000090000,,4,0,1800,0.1,ON,1,0.05,0.15,N/A,N/A,N/A,N/A,4,1,0,0,0,0,0,0,0,N/A,31.407539,37.303181,125.630158,0.391349,17.857016,21.1752,0.8433,0.728489,0.821705,1,0.722609,N/A,235,1102,0.213248638838476,0.138908,0.774165,0.614218,,169,,0.7172,1.84,1.1746,38.3478,0.952381,393abcb6fd079222a545cf2499fb150dadc203e2815c82a78f7abad9197326a6,10bd6134d1956b59ae9f946801ced612b270f924,66cc412b499a209805b0a9aec16236066d1f6badcfb67616bcc43f1399e4cf50
main__static_clutter__CA-GAT-MAPPO__seed3__ep01,main_comparison,static_clutter,0,CA-GAT-MAPPO,3,1,30001,30001090004,,4,0,1800,0.1,ON,1,0.05,0.15,N/A,N/A,N/A,N/A,4,1,0,0,0,0,0,0,0,N/A,31.76182,36.779171,127.04728,0.356801,17.363917,21.3002,0.8152,0.72536,0.850842,0,0.688952,N/A,334,1600,0.20875,0.143382,0.761278,0.58561,,187,,1.0364,1.8489,1.1212,34.0367,0.952381,393abcb6fd079222a545cf2499fb150dadc203e2815c82a78f7abad9197326a6,10bd6134d1956b59ae9f946801ced612b270f924,66cc412b499a209805b0a9aec16236066d1f6badcfb67616bcc43f1399e4cf50
main__static_clutter__CA-GAT-MAPPO__seed3__ep02,main_comparison,static_clutter,0,CA-GAT-MAPPO,3,2,30002,30002090008,,4,0,1800,0.1,ON,1,0.05,0.15,N/A,N/A,N/A,N/A,4,1,0,0,0,0,0,0,0,N/A,34.094522,37.949212,136.378089,0.418776,16.60846,21.3627,0.7775,0.714587,0.861309,0,0.656349,N/A,283,1365,0.207326007326007,0.143903,0.734755,0.557896,,190,,1.0763,1.554,1.2406,35.2344,0.952381,393abcb6fd079222a545cf2499fb150dadc203e2815c82a78f7abad9197326a6,10bd6134d1956b59ae9f946801ced612b270f924,66cc412b499a209805b0a9aec16236066d1f6badcfb67616bcc43f1399e4cf50
main__static_clutter__CA-GAT-MAPPO__seed3__ep03,main_comparison,static_clutter,0,CA-GAT-MAPPO,3,3,30003,30003090012,,4,0,1800,0.1,ON,1,0.05,0.15,N/A,N/A,N/A,N/A,4,1,0,0,0,0,0,0,0,N/A,36.377709,36.799854,145.510834,0.41416,17.328151,21.3627,0.8111,0.708355,0.786527,0,0.72811,N/A,268,1350,0.198518518518519,0.151384,0.739084,0.618893,,147,,1.0032,1.5001,1.2,32.4601,0.952381,393abcb6fd079222a545cf2499fb150dadc203e2815c82a78f7abad9197326a6,10bd6134d1956b59ae9f946801ced612b270f924,66cc412b499a209805b0a9aec16236066d1f6badcfb67616bcc43f1399e4cf50
main__static_clutter__CA-GAT-MAPPO__seed3__ep04,main_comparison,static_clutter,0,CA-GAT-MAPPO,3,4,30004,30004090016,,4,0,1800,0.1,ON,1,0.05,0.15,N/A,N/A,N/A,N/A,4,1,0,0,0,0,0,0,0,N/A,35.458986,35.646281,141.835945,0.484652,17.104539,21.4877,0.796,0.746063,0.903783,0,0.775333,N/A,330,1581,0.208728652751423,0.137292,0.766516,0.659033,,170,,0.7811,1.5996,1.2685,33.6637,0.952381,393abcb6fd079222a545cf2499fb150dadc203e2815c82a78f7abad9197326a6,10bd6134d1956b59ae9f946801ced612b270f924,66cc412b499a209805b0a9aec16236066d1f6badcfb67616bcc43f1399e4cf50
main__static_clutter__CA-GAT-MAPPO__seed3__ep05,main_comparison,static_clutter,0,CA-GAT-MAPPO,3,5,30005,30005090020,,4,0,1800,0.1,ON,1,0.05,0.15,N/A,N/A,N/A,N/A,4,1,0,0,0,0,0,0,0,N/A,33.081154,37.172831,132.324615,0.371196,17.114233,21.2377,0.8058,0.741931,0.937062,0,0.767798,N/A,326,1667,0.195560887822435,0.148927,0.726028,0.652628,,159,,0.7061,1.3869,1.4284,33.683,0.952381,393abcb6fd079222a545cf2499fb150dadc203e2815c82a78f7abad9197326a6,10bd6134d1956b59ae9f946801ced612b270f924,66cc412b499a209805b0a9aec16236066d1f6badcfb67616bcc43f1399e4cf50
main__static_clutter__CA-GAT-MAPPO__seed3__ep06,main_comparison,static_clutter,0,CA-GAT-MAPPO,3,6,30006,30006090024,,4,0,1800,0.1,ON,1,0.05,0.15,N/A,N/A,N/A,N/A,4,1,0,0,0,0,0,0,0,N/A,32.994506,36.905234,131.978026,0.439199,17.330775,21.3002,0.8136,0.739512,0.662796,0,0.723631,N/A,235,1108,0.212093862815884,0.151401,0.770732,0.615086,,187,,0.9911,1.7085,1.3075,33.445,0.952381,393abcb6fd079222a545cf2499fb150dadc203e2815c82a78f7abad9197326a6,10bd6134d1956b59ae9f946801ced612b270f924,66cc412b499a209805b0a9aec16236066d1f6badcfb67616bcc43f1399e4cf50
main__static_clutter__CA-GAT-MAPPO__seed3__ep07,main_comparison,static_clutter,0,CA-GAT-MAPPO,3,7,30007,30007090028,,4,0,1800,0.1,ON,1,0.05,0.15,N/A,N/A,N/A,N/A,4,1,0,0,0,0,0,0,0,N/A,33.879054,38.295316,135.516214,0.472775,17.322683,21.3627,0.8109,0.76352,0.789073,0,0.746815,N/A,251,1286,0.195178849144634,0.16365,0.74667,0.634792,,184,,1.009,1.3503,1.2196,33.4416,0.952381,393abcb6fd079222a545cf2499fb150dadc203e2815c82a78f7abad9197326a6,10bd6134d1956b59ae9f946801ced612b270f924,66cc412b499a209805b0a9aec16236066d1f6badcfb67616bcc43f1399e4cf50
main__static_clutter__CA-GAT-MAPPO__seed3__ep08,main_comparison,static_clutter,0,CA-GAT-MAPPO,3,8,30008,30008090032,,4,0,1800,0.1,ON,1,0.05,0.15,N/A,N/A,N/A,N/A,4,1,0,0,0,0,0,0,0,N/A,30.442137,36.040567,121.768548,0.42236,16.910017,21.0502,0.8033,0.718327,0.818474,0,0.663253,N/A,270,1279,0.211102423768569,0.145696,0.784936,0.563765,,149,,0.8218,1.324,1.4941,32.6433,0.952381,393abcb6fd079222a545cf2499fb150dadc203e2815c82a78f7abad9197326a6,10bd6134d1956b59ae9f946801ced612b270f924,66cc412b499a209805b0a9aec16236066d1f6badcfb67616bcc43f1399e4cf50
main__static_clutter__CA-GAT-MAPPO__seed3__ep09,main_comparison,static_clutter,0,CA-GAT-MAPPO,3,9,30009,30009090036,,4,0,1800,0.1,ON,1,0.05,0.15,N/A,N/A,N/A,N/A,4,1,0,0,0,0,0,0,0,N/A,36.054271,36.497087,144.217083,0.48361,16.718154,21.1752,0.7895,0.739731,0.766938,0,0.744939,N/A,269,1408,0.191051136363636,0.150636,0.744956,0.633198,,163,,1.063,1.8842,1.2087,33.3525,0.952381,393abcb6fd079222a545cf2499fb150dadc203e2815c82a78f7abad9197326a6,10bd6134d1956b59ae9f946801ced612b270f924,66cc412b499a209805b0a9aec16236066d1f6badcfb67616bcc43f1399e4cf50
main__static_clutter__CA-GAT-MAPPO__seed4__ep00,main_comparison,static_clutter,0,CA-GAT-MAPPO,4,0,40000,40000120000,,4,0,1800,0.1,ON,1,0.05,0.15,N/A,N/A,N/A,N/A,4,1,0,0,0,0,0,0,0,N/A,33.283441,37.62974,133.133765,0.530549,17.134991,21.2377,0.8068,0.738107,0.833949,1,0.714724,N/A,306,1412,0.21671388101983,0.146839,1.010495,0.607515,,152,,1.0952,1.5421,1.2291,34.8571,0.952381,85b75cebabfb43f6a21217c01bab2b4f56989a8e52faee5c7b1d32074fb631b4,10bd6134d1956b59ae9f946801ced612b270f924,66cc412b499a209805b0a9aec16236066d1f6badcfb67616bcc43f1399e4cf50
main__static_clutter__CA-GAT-MAPPO__seed4__ep01,main_comparison,static_clutter,0,CA-GAT-MAPPO,4,1,40001,40001120004,,4,0,1800,0.1,ON,1,0.05,0.15,N/A,N/A,N/A,N/A,4,1,0,0,0,0,0,0,0,N/A,31.131454,36.899388,124.525814,0.614132,17.591587,21.2377,0.8283,0.762032,0.850926,1,0.732378,N/A,253,1185,0.213502109704641,0.112383,0.980628,0.622521,,143,,1.0592,1.4164,1.4654,33.192,0.952381,85b75cebabfb43f6a21217c01bab2b4f56989a8e52faee5c7b1d32074fb631b4,10bd6134d1956b59ae9f946801ced612b270f924,66cc412b499a209805b0a9aec16236066d1f6badcfb67616bcc43f1399e4cf50
main__static_clutter__CA-GAT-MAPPO__seed4__ep02,main_comparison,static_clutter,0,CA-GAT-MAPPO,4,2,40002,40002120008,,4,0,1800,0.1,ON,1,0.05,0.15,N/A,N/A,N/A,N/A,4,1,0,0,0,0,0,0,0,N/A,30.441926,35.797642,121.767704,0.616322,17.547511,21.4252,0.819,0.736662,0.933532,0,0.683415,N/A,280,1369,0.204528853177502,0.149858,1.010495,0.580903,,167,,1.0487,1.8721,1.4677,35.869,0.952381,85b75cebabfb43f6a21217c01bab2b4f56989a8e52faee5c7b1d32074fb631b4,10bd6134d1956b59ae9f946801ced612b270f924,66cc412b499a209805b0a9aec16236066d1f6badcfb67616bcc43f1399e4cf50
main__static_clutter__CA-GAT-MAPPO__seed4__ep03,main_comparison,static_clutter,0,CA-GAT-MAPPO,4,3,40003,40003120012,,4,0,1800,0.1,ON,1,0.05,0.15,N/A,N/A,N/A,N/A,4,1,0,0,0,0,0,0,0,N/A,34.120543,37.470394,136.482174,0.548147,17.049348,21.1127,0.8075,0.744835,0.904657,0,0.702876,N/A,370,1953,0.189452124935996,0.156652,0.980628,0.597444,,203,,0.8958,1.6,1.3715,36.0021,0.952381,85b75cebabfb43f6a21217c01bab2b4f56989a8e52faee5c7b1d32074fb631b4,10bd6134d1956b59ae9f946801ced612b270f924,66cc412b499a209805b0a9aec16236066d1f6badcfb67616bcc43f1399e4cf50
main__static_clutter__CA-GAT-MAPPO__seed4__ep04,main_comparison,static_clutter,0,CA-GAT-MAPPO,4,4,40004,40004120016,,4,0,1800,0.1,ON,1,0.05,0.15,N/A,N/A,N/A,N/A,4,1,0,0,0,0,0,0,0,N/A,35.561672,35.902281,142.246687,0.580589,17.315308,21.2377,0.8153,0.744802,0.967735,1,0.664873,N/A,277,1298,0.213405238828968,0.132064,1.010495,0.565142,,158,,1.0681,1.8553,1.1135,33.8237,0.952381,85b75cebabfb43f6a21217c01bab2b4f56989a8e52faee5c7b1d32074fb631b4,10bd6134d1956b59ae9f946801ced612b270f924,66cc412b499a209805b0a9aec16236066d1f6badcfb67616bcc43f1399e4cf50
main__static_clutter__CA-GAT-MAPPO__seed4__ep05,main_comparison,static_clutter,0,CA-GAT-MAPPO,4,5,40005,40005120020,,4,0,1800,0.1,ON,1,0.05,0.15,N/A,N/A,N/A,N/A,4,1,0,0,0,0,0,0,0,N/A,32.918861,36.204475,131.675444,0.454596,17.062074,21.1752,0.8058,0.756615,0.831443,1,0.710969,N/A,276,1169,0.236099230111206,0.121147,0.980628,0.604323,,173,,0.8501,1.3049,1.369,36.7309,0.952381,85b75cebabfb43f6a21217c01bab2b4f56989a8e52faee5c7b1d32074fb631b4,10bd6134d1956b59ae9f946801ced612b270f924,66cc412b499a209805b0a9aec16236066d1f6badcfb67616bcc43f1399e4cf50
main__static_clutter__CA-GAT-MAPPO__seed4__ep06,main_comparison,static_clutter,0,CA-GAT-MAPPO,4,6,40006,40006120024,,4,0,1800,0.1,ON,1,0.05,0.15,N/A,N/A,N/A,N/A,4,1,0,0,0,0,0,0,0,N/A,33.840377,36.949573,135.361509,0.587901,17.15581,21.3002,0.8054,0.73898,1.048493,0,0.752764,N/A,244,1100,0.221818181818182,0.159302,1.010495,0.63985,,186,,0.9348,1.6767,1.2298,36.5423,0.952381,85b75cebabfb43f6a21217c01bab2b4f56989a8e52faee5c7b1d32074fb631b4,10bd6134d1956b59ae9f946801ced612b270f924,66cc412b499a209805b0a9aec16236066d1f6badcfb67616bcc43f1399e4cf50
main__static_clutter__CA-GAT-MAPPO__seed4__ep07,main_comparison,static_clutter,0,CA-GAT-MAPPO,4,7,40007,40007120028,,4,0,1800,0.1,ON,1,0.05,0.15,N/A,N/A,N/A,N/A,4,1,0,0,0,0,0,0,0,N/A,36.408194,36.600235,145.632774,0.574626,16.234318,21.1752,0.7667,0.769659,0.763339,0,0.689012,N/A,301,1330,0.226315789473684,0.153218,0.980628,0.58566,,128,,0.869,1.6006,1.2738,35.2211,0.952381,85b75cebabfb43f6a21217c01bab2b4f56989a8e52faee5c7b1d32074fb631b4,10bd6134d1956b59ae9f946801ced612b270f924,66cc412b499a209805b0a9aec16236066d1f6badcfb67616bcc43f1399e4cf50
main__static_clutter__CA-GAT-MAPPO__seed4__ep08,main_comparison,static_clutter,0,CA-GAT-MAPPO,4,8,40008,40008120032,,4,0,1800,0.1,ON,1,0.05,0.15,N/A,N/A,N/A,N/A,4,1,0,0,0,0,0,0,0,N/A,32.735183,37.999368,130.940732,0.578584,17.15366,21.3627,0.803,0.756514,1.002366,0,0.757729,N/A,276,1232,0.224025974025974,0.157938,1.010495,0.64407,,197,,1.0198,1.3229,1.1168,36.5831,0.952381,85b75cebabfb43f6a21217c01bab2b4f56989a8e52faee5c7b1d32074fb631b4,10bd6134d1956b59ae9f946801ced612b270f924,66cc412b499a209805b0a9aec16236066d1f6badcfb67616bcc43f1399e4cf50
main__static_clutter__CA-GAT-MAPPO__seed4__ep09,main_comparison,static_clutter,0,CA-GAT-MAPPO,4,9,40009,40009120036,,4,0,1800,0.1,ON,1,0.05,0.15,N/A,N/A,N/A,N/A,4,1,0,0,0,0,0,0,0,N/A,34.555437,34.738214,138.221747,0.620174,17.108468,21.3627,0.8009,0.75222,1.021732,1,0.73392,N/A,222,1024,0.216796875,0.151666,0.980628,0.623832,,190,,0.8134,1.4526,1.3457,34.096,0.952381,85b75cebabfb43f6a21217c01bab2b4f56989a8e52faee5c7b1d32074fb631b4,10bd6134d1956b59ae9f946801ced612b270f924,66cc412b499a209805b0a9aec16236066d1f6badcfb67616bcc43f1399e4cf50
main__static_clutter__CA-GAT-MAPPO__seed5__ep00,main_comparison,static_clutter,0,CA-GAT-MAPPO,5,0,50000,50000150000,,4,0,1800,0.1,ON,1,0.05,0.15,N/A,N/A,N/A,N/A,4,1,0,0,0,0,0,0,0,N/A,34.859468,38.358102,139.437873,0.385855,17.047596,21.2377,0.8027,0.739827,0.939708,1,0.739012,N/A,231,1071,0.215686274509804,0.149057,0.974807,0.62816,,130,,0.7821,1.644,1.1044,33.9469,0.952381,b283858f9617c2e897d90052b2b1ac6b911654067f7448e0591c4b0a22e81cf3,10bd6134d1956b59ae9f946801ced612b270f924,66cc412b499a209805b0a9aec16236066d1f6badcfb67616bcc43f1399e4cf50
main__static_clutter__CA-GAT-MAPPO__seed5__ep01,main_comparison,static_clutter,0,CA-GAT-MAPPO,5,1,50001,50001150004,,4,0,1800,0.1,ON,1,0.05,0.15,N/A,N/A,N/A,N/A,4,1,0,0,0,0,0,0,0,N/A,34.38333,36.727881,137.533319,0.508866,17.592642,21.1752,0.8308,0.747359,0.888406,2,0.702855,N/A,327,1653,0.197822141560799,0.14294,0.995802,0.597427,,171,,0.8288,1.8316,1.3439,36.7764,0.952381,b283858f9617c2e897d90052b2b1ac6b911654067f7448e0591c4b0a22e81cf3,10bd6134d1956b59ae9f946801ced612b270f924,66cc412b499a209805b0a9aec16236066d1f6badcfb67616bcc43f1399e4cf50
main__static_clutter__CA-GAT-MAPPO__seed5__ep02,main_comparison,static_clutter,0,CA-GAT-MAPPO,5,2,50002,50002150008,,4,0,1800,0.1,ON,1,0.05,0.15,N/A,N/A,N/A,N/A,4,1,0,0,0,0,0,0,0,N/A,32.587423,35.83013,130.34969,0.527358,16.910276,21.1752,0.7986,0.757444,0.844446,2,0.721198,N/A,283,1394,0.203012912482066,0.160369,0.976853,0.613019,,190,,0.9273,1.3548,1.3908,32.6419,0.952381,b283858f9617c2e897d90052b2b1ac6b911654067f7448e0591c4b0a22e81cf3,10bd6134d1956b59ae9f946801ced612b270f924,66cc412b499a209805b0a9aec16236066d1f6badcfb67616bcc43f1399e4cf50
main__static_clutter__CA-GAT-MAPPO__seed5__ep03,main_comparison,static_clutter,0,CA-GAT-MAPPO,5,3,50003,50003150012,,4,0,1800,0.1,ON,1,0.05,0.15,N/A,N/A,N/A,N/A,4,1,0,0,0,0,0,0,0,N/A,35.071861,36.572453,140.287442,0.403744,17.356411,21.3002,0.8148,0.754385,0.950541,2,0.728863,N/A,270,1494,0.180722891566265,0.165908,0.97998,0.619534,,202,,1.045,1.7286,1.1238,34.4254,0.952381,b283858f9617c2e897d90052b2b1ac6b911654067f7448e0591c4b0a22e81cf3,10bd6134d1956b59ae9f946801ced612b270f924,66cc412b499a209805b0a9aec16236066d1f6badcfb67616bcc43f1399e4cf50
main__static_clutter__CA-GAT-MAPPO__seed5__ep04,main_comparison,static_clutter,0,CA-GAT-MAPPO,5,4,50004,50004150016,,4,0,1800,0.1,ON,1,0.05,0.15,N/A,N/A,N/A,N/A,4,1,0,0,0,0,0,0,0,N/A,32.497542,36.005203,129.990167,0.488665,16.916451,21.1127,0.8012,0.727892,0.992136,1,0.701369,N/A,327,1541,0.212199870214147,0.134748,0.987493,0.596164,,183,,1.0427,1.7969,1.2979,34.0668,0.952381,b283858f9617c2e897d90052b2b1ac6b911654067f7448e0591c4b0a22e81cf3,10bd6134d1956b59ae9f946801ced612b270f924,66cc412b499a209805b0a9aec16236066d1f6badcfb67616bcc43f1399e4cf50
main__static_clutter__CA-GAT-MAPPO__seed5__ep05,main_comparison,static_clutter,0,CA-GAT-MAPPO,5,5,50005,50005150020,,4,0,1800,0.1,ON,1,0.05,0.15,N/A,N/A,N/A,N/A,4,1,0,0,0,0,0,0,0,N/A,31.905299,38.731243,127.621196,0.506302,17.150261,21.1127,0.8123,0.730739,1.121219,1,0.709422,N/A,275,1314,0.209284627092846,0.141134,0.977014,0.603009,,179,,1.0464,1.7836,1.4214,38.3899,0.952381,b283858f9617c2e897d90052b2b1ac6b911654067f7448e0591c4b0a22e81cf3,10bd6134d1956b59ae9f946801ced612b270f924,66cc412b499a209805b0a9aec16236066d1f6badcfb67616bcc43f1399e4cf50
main__static_clutter__CA-GAT-MAPPO__seed5__ep06,main_comparison,static_clutter,0,CA-GAT-MAPPO,5,6,50006,50006150024,,4,0,1800,0.1,ON,1,0.05,0.15,N/A,N/A,N/A,N/A,4,1,0,0,0,0,0,0,0,N/A,33.280521,35.925443,133.122083,0.346258,17.67503,21.3002,0.8298,0.74741,0.826995,3,0.793188,N/A,278,1496,0.185828877005348,0.15086,0.989501,0.67421,,140,,0.8746,1.8871,1.2347,33.7986,0.952381,b283858f9617c2e897d90052b2b1ac6b911654067f7448e0591c4b0a22e81cf3,10bd6134d1956b59ae9f946801ced612b270f924,66cc412b499a209805b0a9aec16236066d1f6badcfb67616bcc43f1399e4cf50
main__static_clutter__CA-GAT-MAPPO__seed5__ep07,main_comparison,static_clutter,0,CA-GAT-MAPPO,5,7,50007,50007150028,,4,0,1800,0.1,ON,1,0.05,0.15,N/A,N/A,N/A,N/A,4,1,0,0,0,0,0,0,0,N/A,33.534105,36.678531,134.136422,0.508772,17.9491,21.1127,0.8502,0.754399,1.057758,0,0.768983,N/A,235,1082,0.217190388170056,0.139577,0.97823,0.653635,,139,,0.8453,1.4988,1.274,33.788,0.952381,b283858f9617c2e897d90052b2b1ac6b911654067f7448e0591c4b0a22e81cf3,10bd6134d1956b59ae9f946801ced612b270f924,66cc412b499a209805b0a9aec16236066d1f6badcfb67616bcc43f1399e4cf50
main__static_clutter__CA-GAT-MAPPO__seed5__ep08,main_comparison,static_clutter,0,CA-GAT-MAPPO,5,8,50008,50008150032,,4,0,1800,0.1,ON,1,0.05,0.15,N/A,N/A,N/A,N/A,4,1,0,0,0,0,0,0,0,N/A,32.12128,37.48386,128.485119,0.432884,16.923987,21.3002,0.7945,0.727571,0.896951,1,0.70566,N/A,290,1427,0.20322354590049,0.13707,0.950814,0.599811,,188,,0.9117,1.5432,1.1434,33.2952,0.952381,b283858f9617c2e897d90052b2b1ac6b911654067f7448e0591c4b0a22e81cf3,10bd6134d1956b59ae9f946801ced612b270f924,66cc412b499a209805b0a9aec16236066d1f6badcfb67616bcc43f1399e4cf50
main__static_clutter__CA-GAT-MAPPO__seed5__ep09,main_comparison,static_clutter,0,CA-GAT-MAPPO,5,9,50009,50009150036,,4,0,1800,0.1,ON,1,0.05,0.15,N/A,N/A,N/A,N/A,4,1,0,0,0,0,0,0,0,N/A,34.895665,35.42539,139.58266,0.457255,17.646405,21.1752,0.8334,0.739842,0.942152,4,0.728744,N/A,279,1275,0.218823529411765,0.139285,0.951671,0.619432,,188,,0.796,1.496,1.3405,37.4279,0.952381,b283858f9617c2e897d90052b2b1ac6b911654067f7448e0591c4b0a22e81cf3,10bd6134d1956b59ae9f946801ced612b270f924,66cc412b499a209805b0a9aec16236066d1f6badcfb67616bcc43f1399e4cf50
main__static_clutter__CA-GAT-MAPPO__seed6__ep00,main_comparison,static_clutter,0,CA-GAT-MAPPO,6,0,60000,60000180000,,4,0,1800,0.1,ON,1,0.05,0.15,N/A,N/A,N/A,N/A,4,1,0,0,0,0,0,0,0,N/A,34.033199,35.465919,136.132797,0.539466,17.18832,21.1752,0.8117,0.740763,0.946509,0,0.753424,N/A,284,1287,0.220668220668221,0.134274,0.998409,0.64041,,190,,1.074,1.5346,1.1176,37.7895,0.952381,ef4c83bb67c9f35ae17c7edff65168d0fc1c2678708c0a26ce593a6eaab9adbf,10bd6134d1956b59ae9f946801ced612b270f924,66cc412b499a209805b0a9aec16236066d1f6badcfb67616bcc43f1399e4cf50
main__static_clutter__CA-GAT-MAPPO__seed6__ep01,main_comparison,static_clutter,0,CA-GAT-MAPPO,6,1,60001,60001180004,,4,0,1800,0.1,ON,1,0.05,0.15,N/A,N/A,N/A,N/A,4,1,0,0,0,0,0,0,0,N/A,34.72402,36.758905,138.896079,0.537336,16.536101,21.1127,0.7832,0.747426,0.893596,0,0.824381,N/A,267,1347,0.198218262806236,0.161602,0.983785,0.700723,,149,,0.757,1.755,1.2931,35.1324,0.952381,ef4c83bb67c9f35ae17c7edff65168d0fc1c2678708c0a26ce593a6eaab9adbf,10bd6134d1956b59ae9f946801ced612b270f924,66cc412b499a209805b0a9aec16236066d1f6badcfb67616bcc43f1399e4cf50
main__static_clutter__CA-GAT-MAPPO__seed6__ep02,main_comparison,static_clutter,0,CA-GAT-MAPPO,6,2,60002,60002180008,,4,0,1800,0.1,ON,1,0.05,0.15,N/A,N/A,N/A,N/A,4,1,0,0,0,0,0,0,0,N/A,33.833466,35.984501,135.333864,0.575029,17.921458,21.2377,0.8439,0.732611,1.035315,0,0.710778,N/A,312,1462,0.213406292749658,0.132111,0.987481,0.604161,,134,,0.7211,1.3144,1.3126,38.0009,0.952381,ef4c83bb67c9f35ae17c7edff65168d0fc1c2678708c0a26ce593a6eaab9adbf,10bd6134d1956b59ae9f946801ced612b270f924,66cc412b499a209805b0a9aec16236066d1f6badcfb67616bcc43f1399e4cf50
main__static_clutter__CA-GAT-MAPPO__seed6__ep03,main_comparison,static_clutter,0,CA-GAT-MAPPO,6,3,60003,60003180012,,4,0,1800,0.1,ON,1,0.05,0.15,N/A,N/A,N/A,N/A,4,1,0,0,0,0,0,0,0,N/A,33.446592,37.690636,133.786368,0.689567,17.555253,21.3002,0.8242,0.73942,0.775015,1,0.744839,N/A,226,1057,0.213812677388836,0.140715,0.991513,0.633113,,187,,0.9196,1.8647,1.2306,34.9845,0.952381,ef4c83bb67c9f35ae17c7edff65168d0fc1c2678708c0a26ce593a6eaab9adbf,10bd6134d1956b59ae9f946801ced612b270f924,66cc412b499a209805b0a9aec16236066d1f6badcfb67616bcc43f1399e4cf50
main__static_clutter__CA-GAT-MAPPO__seed6__ep04,main_comparison,static_clutter,0,CA-GAT-MAPPO,6,4,60004,60004180016,,4,0,1800,0.1,ON,1,0.05,0.15,N/A,N/A,N/A,N/A,4,1,0,0,0,0,0,0,0,N/A,33.576886,38.582062,134.307543,0.601625,17.641184,21.1127,0.8356,0.74756,0.986218,0,0.794875,N/A,270,1308,0.206422018348624,0.16232,0.978313,0.675643,,166,,0.7884,1.4295,1.2425,35.0815,0.952381,ef4c83bb67c9f35ae17c7edff65168d0fc1c2678708c0a26ce593a6eaab9adbf,10bd6134d1956b59ae9f946801ced612b270f924,66cc412b499a209805b0a9aec16236066d1f6badcfb67616bcc43f1399e4cf50
main__static_clutter__CA-GAT-MAPPO__seed6__ep05,main_comparison,static_clutter,0,CA-GAT-MAPPO,6,5,60005,60005180020,,4,0,1800,0.1,ON,1,0.05,0.15,N/A,N/A,N/A,N/A,4,1,0,0,0,0,0,0,0,N/A,33.191711,37.544748,132.766844,0.573446,17.140047,21.2377,0.8071,0.734536,0.968563,0,0.776387,N/A,244,1235,0.197570850202429,0.154468,0.968485,0.659929,,177,,1.0495,1.7075,1.2567,35.216,0.952381,ef4c83bb67c9f35ae17c7edff65168d0fc1c2678708c0a26ce593a6eaab9adbf,10bd6134d1956b59ae9f946801ced612b270f924,66cc412b499a209805b0a9aec16236066d1f6badcfb67616bcc43f1399e4cf50
main__static_clutter__CA-GAT-MAPPO__seed6__ep06,main_comparison,static_clutter,0,CA-GAT-MAPPO,6,6,60006,60006180024,,4,0,1800,0.1,ON,1,0.05,0.15,N/A,N/A,N/A,N/A,4,1,0,0,0,0,0,0,0,N/A,33.739166,36.025624,134.956665,0.470779,17.664075,21.1752,0.8342,0.736959,0.998745,0,0.749126,N/A,250,1200,0.208333333333333,0.149804,0.947579,0.636757,,158,,0.7042,1.4058,1.2924,33.3818,0.952381,ef4c83bb67c9f35ae17c7edff65168d0fc1c2678708c0a26ce593a6eaab9adbf,10bd6134d1956b59ae9f946801ced612b270f924,66cc412b499a209805b0a9aec16236066d1f6badcfb67616bcc43f1399e4cf50
main__static_clutter__CA-GAT-MAPPO__seed6__ep07,main_comparison,static_clutter,0,CA-GAT-MAPPO,6,7,60007,60007180028,,4,0,1800,0.1,ON,1,0.05,0.15,N/A,N/A,N/A,N/A,4,1,0,0,0,0,0,0,0,N/A,29.927527,35.204187,119.710106,0.608971,16.913101,21.3002,0.794,0.727077,0.860913,1,0.780882,N/A,303,1575,0.192380952380952,0.155179,0.971719,0.66375,,149,,0.7872,1.747,1.3054,34.9034,0.952381,ef4c83bb67c9f35ae17c7edff65168d0fc1c2678708c0a26ce593a6eaab9adbf,10bd6134d1956b59ae9f946801ced612b270f924,66cc412b499a209805b0a9aec16236066d1f6badcfb67616bcc43f1399e4cf50
main__static_clutter__CA-GAT-MAPPO__seed6__ep08,main_comparison,static_clutter,0,CA-GAT-MAPPO,6,8,60008,60008180032,,4,0,1800,0.1,ON,1,0.05,0.15,N/A,N/A,N/A,N/A,4,1,0,0,0,0,0,0,0,N/A,35.819903,36.668654,143.279612,0.671508,17.304065,21.3002,0.8124,0.741123,0.72448,0,0.793775,N/A,293,1417,0.206774876499647,0.13554,0.985506,0.674708,,179,,1.0075,1.4361,1.3478,36.0859,0.952381,ef4c83bb67c9f35ae17c7edff65168d0fc1c2678708c0a26ce593a6eaab9adbf,10bd6134d1956b59ae9f946801ced612b270f924,66cc412b499a209805b0a9aec16236066d1f6badcfb67616bcc43f1399e4cf50
main__static_clutter__CA-GAT-MAPPO__seed6__ep09,main_comparison,static_clutter,0,CA-GAT-MAPPO,6,9,60009,60009180036,,4,0,1800,0.1,ON,1,0.05,0.15,N/A,N/A,N/A,N/A,4,1,0,0,0,0,0,0,0,N/A,32.440946,35.45612,129.763786,0.464255,17.685322,21.1127,0.8377,0.74211,0.915383,0,0.728648,N/A,288,1220,0.236065573770492,0.13192,0.994485,0.619351,,171,,0.7667,1.3996,1.3094,31.8751,0.952381,ef4c83bb67c9f35ae17c7edff65168d0fc1c2678708c0a26ce593a6eaab9adbf,10bd6134d1956b59ae9f946801ced612b270f924,66cc412b499a209805b0a9aec16236066d1f6badcfb67616bcc43f1399e4cf50
main__static_clutter__CA-GAT-MAPPO__seed7__ep00,main_comparison,static_clutter,0,CA-GAT-MAPPO,7,0,70000,70000210000,,4,0,1800,0.1,ON,1,0.05,0.15,N/A,N/A,N/A,N/A,4,1,0,0,0,0,0,0,0,N/A,34.251814,36.636672,137.007256,0.488349,17.465359,21.3627,0.8176,0.737019,0.943774,0,0.683411,N/A,352,1629,0.216083486801719,0.129807,1.010351,0.580899,,153,,0.8083,1.5106,1.3383,34.5277,0.952381,41ade5638b5129fa2e9fb7b1868b2eb2c7d7653272d8088df577bf04180280c1,10bd6134d1956b59ae9f946801ced612b270f924,66cc412b499a209805b0a9aec16236066d1f6badcfb67616bcc43f1399e4cf50
main__static_clutter__CA-GAT-MAPPO__seed7__ep01,main_comparison,static_clutter,0,CA-GAT-MAPPO,7,1,70001,70001210004,,4,0,1800,0.1,ON,1,0.05,0.15,N/A,N/A,N/A,N/A,4,1,0,0,0,0,0,0,0,N/A,33.435095,36.946011,133.740382,0.443486,17.509749,21.1127,0.8293,0.748786,0.944421,0,0.682473,N/A,238,1218,0.195402298850575,0.144407,0.980489,0.580102,,164,,0.8772,1.847,1.2552,29.5308,0.952381,41ade5638b5129fa2e9fb7b1868b2eb2c7d7653272d8088df577bf04180280c1,10bd6134d1956b59ae9f946801ced612b270f924,66cc412b499a209805b0a9aec16236066d1f6badcfb67616bcc43f1399e4cf50
main__static_clutter__CA-GAT-MAPPO__seed7__ep02,main_comparison,static_clutter,0,CA-GAT-MAPPO,7,2,70002,70002210008,,4,0,1800,0.1,ON,1,0.05,0.15,N/A,N/A,N/A,N/A,4,1,0,0,0,0,0,0,0,N/A,34.194279,36.067967,136.777118,0.411871,17.041583,21.1752,0.8048,0.72051,0.889405,1,0.660418,N/A,316,1470,0.214965986394558,0.129346,1.010351,0.561355,,182,,0.7871,1.631,1.324,31.6615,0.952381,41ade5638b5129fa2e9fb7b1868b2eb2c7d7653272d8088df577bf04180280c1,10bd6134d1956b59ae9f946801ced612b270f924,66cc412b499a209805b0a9aec16236066d1f6badcfb67616bcc43f1399e4cf50
main__static_clutter__CA-GAT-MAPPO__seed7__ep03,main_comparison,static_clutter,0,CA-GAT-MAPPO,7,3,70003,70003210012,,4,0,1800,0.1,ON,1,0.05,0.15,N/A,N/A,N/A,N/A,4,1,0,0,0,0,0,0,0,N/A,31.098004,36.50718,124.392015,0.472444,16.882889,21.2377,0.795,0.742418,0.947113,1,0.70759,N/A,350,1720,0.203488372093023,0.149106,0.980489,0.601451,,170,,0.9884,1.8562,1.2423,35.5459,0.952381,41ade5638b5129fa2e9fb7b1868b2eb2c7d7653272d8088df577bf04180280c1,10bd6134d1956b59ae9f946801ced612b270f924,66cc412b499a209805b0a9aec16236066d1f6badcfb67616bcc43f1399e4cf50
main__static_clutter__CA-GAT-MAPPO__seed7__ep04,main_comparison,static_clutter,0,CA-GAT-MAPPO,7,4,70004,70004210016,,4,0,1800,0.1,ON,1,0.05,0.15,N/A,N/A,N/A,N/A,4,1,0,0,0,0,0,0,0,N/A,31.028203,37.54665,124.11281,0.395121,17.168453,21.3627,0.8037,0.730808,0.89313,0,0.736228,N/A,255,1242,0.205314009661836,0.147744,1.010351,0.625794,,149,,1.0321,1.8688,1.4147,32.4122,0.952381,41ade5638b5129fa2e9fb7b1868b2eb2c7d7653272d8088df577bf04180280c1,10bd6134d1956b59ae9f946801ced612b270f924,66cc412b499a209805b0a9aec16236066d1f6badcfb67616bcc43f1399e4cf50
main__static_clutter__CA-GAT-MAPPO__seed7__ep05,main_comparison,static_clutter,0,CA-GAT-MAPPO,7,5,70005,70005210020,,4,0,1800,0.1,ON,1,0.05,0.15,N/A,N/A,N/A,N/A,4,1,0,0,0,0,0,0,0,N/A,35.91856,36.108153,143.67424,0.433972,17.166291,21.1127,0.8131,0.750158,0.858986,1,0.732893,N/A,298,1470,0.202721088435374,0.17173,0.980489,0.622959,,129,,0.9389,1.5296,1.2307,35.4486,0.952381,41ade5638b5129fa2e9fb7b1868b2eb2c7d7653272d8088df577bf04180280c1,10bd6134d1956b59ae9f946801ced612b270f924,66cc412b499a209805b0a9aec16236066d1f6badcfb67616bcc43f1399e4cf50
main__static_clutter__CA-GAT-MAPPO__seed7__ep06,main_comparison,static_clutter,0,CA-GAT-MAPPO,7,6,70006,70006210024,,4,0,1800,0.1,ON,1,0.05,0.15,N/A,N/A,N/A,N/A,4,1,0,0,0,0,0,0,0,N/A,33.098667,37.95893,132.394669,0.341602,17.21777,21.3002,0.8083,0.745216,1.101627,0,0.682567,N/A,254,1208,0.210264900662252,0.143733,1.010351,0.580182,,177,,0.7264,1.4828,1.2575,36.8689,0.952381,41ade5638b5129fa2e9fb7b1868b2eb2c7d7653272d8088df577bf04180280c1,10bd6134d1956b59ae9f946801ced612b270f924,66cc412b499a209805b0a9aec16236066d1f6badcfb67616bcc43f1399e4cf50
main__static_clutter__CA-GAT-MAPPO__seed7__ep07,main_comparison,static_clutter,0,CA-GAT-MAPPO,7,7,70007,70007210028,,4,0,1800,0.1,ON,1,0.05,0.15,N/A,N/A,N/A,N/A,4,1,0,0,0,0,0,0,0,N/A,32.537827,37.238169,130.151308,0.321348,16.783681,21.3627,0.7857,0.72799,0.887454,1,0.738564,N/A,328,1722,0.19047619047619,0.147716,0.980489,0.62778,,132,,0.8595,1.4064,1.133,36.4655,0.952381,41ade5638b5129fa2e9fb7b1868b2eb2c7d7653272d8088df577bf04180280c1,10bd6134d1956b59ae9f946801ced612b270f924,66cc412b499a209805b0a9aec16236066d1f6badcfb67616bcc43f1399e4cf50
main__static_clutter__CA-GAT-MAPPO__seed7__ep08,main_comparison,static_clutter,0,CA-GAT-MAPPO,7,8,70008,70008210032,,4,0,1800,0.1,ON,1,0.05,0.15,N/A,N/A,N/A,N/A,4,1,0,0,0,0,0,0,0,N/A,35.70082,36.663245,142.803278,0.454221,17.025483,21.0502,0.8088,0.744444,1.009784,1,0.710744,N/A,256,1241,0.206285253827558,0.143221,1.010351,0.604133,,187,,0.7457,1.4042,1.4299,32.2484,0.952381,41ade5638b5129fa2e9fb7b1868b2eb2c7d7653272d8088df577bf04180280c1,10bd6134d1956b59ae9f946801ced612b270f924,66cc412b499a209805b0a9aec16236066d1f6badcfb67616bcc43f1399e4cf50
main__static_clutter__CA-GAT-MAPPO__seed7__ep09,main_comparison,static_clutter,0,CA-GAT-MAPPO,7,9,70009,70009210036,,4,0,1800,0.1,ON,1,0.05,0.15,N/A,N/A,N/A,N/A,4,1,0,0,0,0,0,0,0,N/A,35.163486,37.262282,140.653945,0.371824,16.8042,21.2377,0.7912,0.753103,1.013567,0,0.712658,N/A,235,1307,0.179801071155317,0.129879,0.980489,0.605759,,144,,0.7906,1.3051,1.1836,33.6754,0.952381,41ade5638b5129fa2e9fb7b1868b2eb2c7d7653272d8088df577bf04180280c1,10bd6134d1956b59ae9f946801ced612b270f924,66cc412b499a209805b0a9aec16236066d1f6badcfb67616bcc43f1399e4cf50
main__dynamic_pedestrians__CA-GAT-MAPPO__seed0__ep00,main_comparison,dynamic_pedestrians,1,CA-GAT-MAPPO,0,0,100,100000300,100000397,4,1,1500,0.1,ON,1,0.05,0.15,0,10,0.9,1.1,4,1,0,0,0,0,0,0,0,0,31.446645,33.139068,125.786582,1.11671,13.136787,12.8192,1.0248,0.969048,0.843126,3,0.702914,0.835544,494,1856,0.266163793103448,0.132342,0.638434,0.597477,0.710213,328,218,1.0478,1.7168,1.2675,34.1128,0.952381,80d9888a6ef5c2096124f3a3adf8dcd3ea1694dc398f06e30dee26bd6896613e,10bd6134d1956b59ae9f946801ced612b270f924,66cc412b499a209805b0a9aec16236066d1f6badcfb67616bcc43f1399e4cf50
main__dynamic_pedestrians__CA-GAT-MAPPO__seed0__ep01,main_comparison,dynamic_pedestrians,1,CA-GAT-MAPPO,0,1,101,101000304,101000401,4,1,1500,0.1,ON,1,0.05,0.15,0,10,0.9,1.1,4,1,0,0,0,0,0,0,0,0,31.004437,33.18843,124.017747,0.588452,13.169995,12.8118,1.028,0.929187,0.74907,3,0.639498,0.865549,434,1556,0.278920308483291,0.137385,0.621527,0.543573,0.735716,323,215,0.7507,1.6641,1.2919,33.8137,0.952381,80d9888a6ef5c2096124f3a3adf8dcd3ea1694dc398f06e30dee26bd6896613e,10bd6134d1956b59ae9f946801ced612b270f924,66cc412b499a209805b0a9aec16236066d1f6badcfb67616bcc43f1399e4cf50
main__dynamic_pedestrians__CA-GAT-MAPPO__seed0__ep02,main_comparison,dynamic_pedestrians,1,CA-GAT-MAPPO,0,2,102,102000308,102000405,4,1,1500,0.1,ON,1,0.05,0.15,0,10,0.9,1.1,4,1,0,0,0,0,0,0,0,0,30.729202,33.69121,122.916807,0.766066,13.313257,12.8112,1.0392,0.953631,0.696308,3,0.731073,0.843055,579,2032,0.28494094488189,0.131563,0.689586,0.621412,0.716596,292,194,0.995,1.6159,1.3501,33.6437,0.952381,80d9888a6ef5c2096124f3a3adf8dcd3ea1694dc398f06e30dee26bd6896613e,10bd6134d1956b59ae9f946801ced612b270f924,66cc412b499a209805b0a9aec16236066d1f6badcfb67616bcc43f1399e4cf50
main__dynamic_pedestrians__CA-GAT-MAPPO__seed0__ep03,main_comparison,dynamic_pedestrians,1,CA-GAT-MAPPO,0,3,103,103000312,103000409,4,1,1500,0.1,ON,1,0.05,0.15,0,10,0.9,1.1,4,1,0,0,0,0,0,0,0,0,30.638671,32.38517,122.554683,0.916304,13.305891,12.8058,1.0391,0.926109,0.929446,3,0.734954,0.84383,454,1659,0.273658830620856,0.14157,0.609284,0.624711,0.717255,319,212,1.054,1.3813,1.2821,32.9554,0.952381,80d9888a6ef5c2096124f3a3adf8dcd3ea1694dc398f06e30dee26bd6896613e,10bd6134d1956b59ae9f946801ced612b270f924,66cc412b499a209805b0a9aec16236066d1f6badcfb67616bcc43f1399e4cf50
main__dynamic_pedestrians__CA-GAT-MAPPO__seed0__ep04,main_comparison,dynamic_pedestrians,1,CA-GAT-MAPPO,0,4,104,104000316,104000413,4,1,1500,0.1,ON,1,0.05,0.15,0,10,0.9,1.1,4,1,0,0,0,0,0,0,0,0,33.214793,33.724352,132.859172,1.039791,13.014054,12.825,1.0147,0.957816,0.80299,3,0.665348,0.910795,530,1967,0.269445856634469,0.131396,0.638823,0.565546,0.774176,352,234,0.9238,1.5553,1.4693,31.1923,0.952381,80d9888a6ef5c2096124f3a3adf8dcd3ea1694dc398f06e30dee26bd6896613e,10bd6134d1956b59ae9f946801ced612b270f924,66cc412b499a209805b0a9aec16236066d1f6badcfb67616bcc43f1399e4cf50
main__dynamic_pedestrians__CA-GAT-MAPPO__seed0__ep05,main_comparison,dynamic_pedestrians,1,CA-GAT-MAPPO,0,5,105,105000320,105000417,4,1,1500,0.1,ON,1,0.05,0.15,0,10,0.9,1.1,4,1,0,0,0,0,0,0,0,0,32.65241,32.825673,130.609642,1.188215,13.369816,12.8106,1.0436,0.96046,0.876369,3,0.729184,0.77711,492,1813,0.271373414230557,0.127865,0.643784,0.619806,0.660544,262,174,1.0362,1.636,1.2325,32.6408,0.952381,80d9888a6ef5c2096124f3a3adf8dcd3ea1694dc398f06e30dee26bd6896613e,10bd6134d1956b59ae9f946801ced612b270f924,66cc412b499a209805b0a9aec16236066d1f6badcfb67616bcc43f1399e4cf50
main__dynamic_pedestrians__CA-GAT-MAPPO__seed0__ep06,main_comparison,dynamic_pedestrians,1,CA-GAT-MAPPO,0,6,106,106000324,106000421,4,1,1500,0.1,ON,1,0.05,0.15,0,10,0.9,1.1,4,1,0,0,0,0,0,0,0,0,29.115445,31.590567,116.461779,1.178329,13.446539,12.7812,1.0521,0.957018,0.754881,3,0.71832,0.923483,486,1719,0.282722513089005,0.132197,0.638388,0.610572,0.78496,254,170,1.0766,1.4497,1.402,33.3139,0.952381,80d9888a6ef5c2096124f3a3adf8dcd3ea1694dc398f06e30dee26bd6896613e,10bd6134d1956b59ae9f946801ced612b270f924,66cc412b499a209805b0a9aec16236066d1f6badcfb67616bcc43f1399e4cf50
main__dynamic_pedestrians__CA-GAT-MAPPO__seed0__ep07,main_comparison,dynamic_pedestrians,1,CA-GAT-MAPPO,0,7,107,107000328,107000425,4,1,1500,0.1,ON,1,0.05,0.15,0,10,0.9,1.1,4,1,0,0,0,0,0,0,0,0,34.974047,35.158917,139.896189,1.067027,13.35088,12.804,1.0427,0.937347,0.747944,3,0.735171,0.846884,469,1664,0.281850961538462,0.127497,0.617092,0.624895,0.719851,287,191,0.8341,1.4259,1.1292,34.7001,0.952381,80d9888a6ef5c2096124f3a3adf8dcd3ea1694dc398f06e30dee26bd6896613e,10bd6134d1956b59ae9f946801ced612b270f924,66cc412b499a209805b0a9aec16236066d1f6badcfb67616bcc43f1399e4cf50
main__dynamic_pedestrians__CA-GAT-MAPPO__seed0__ep08,main_comparison,dynamic_pedestrians,1,CA-GAT-MAPPO,0,8,108,108000332,108000429,4,1,1500,0.1,ON,1,0.05,0.15,0,10,0.9,1.1,4,1,0,0,0,0,0,0,0,0,33.146679,33.919998,132.586716,1.022679,13.228776,12.8087,1.0328,0.936821,0.920651,4,0.689551,0.82351,570,2089,0.272857826711345,0.125841,0.652724,0.586119,0.699983,213,142,1.057,1.7667,1.1642,35.9129,0.952381,80d9888a6ef5c2096124f3a3adf8dcd3ea1694dc398f06e30dee26bd6896613e,10bd6134d1956b59ae9f946801ced612b270f924,66cc412b499a209805b0a9aec16236066d1f6badcfb67616bcc43f1399e4cf50
main__dynamic_pedestrians__CA-GAT-MAPPO__seed0__ep09,main_comparison,dynamic_pedestrians,1,CA-GAT-MAPPO,0,9,109,109000336,109000433,4,1,1500,0.1,ON,1,0.05,0.15,0,10,0.9,1.1,4,1,0,0,0,0,0,0,0,0,31.677408,34.429006,126.709631,1.044036,13.39743,12.8135,1.0456,0.943195,0.853947,4,0.702731,0.836731,453,1569,0.288718929254302,0.111476,0.633067,0.597322,0.711221,248,166,0.8718,1.3074,1.4405,33.7061,0.952381,80d9888a6ef5c2096124f3a3adf8dcd3ea1694dc398f06e30dee26bd6896613e,10bd6134d1956b59ae9f946801ced612b270f924,66cc412b499a209805b0a9aec16236066d1f6badcfb67616bcc43f1399e4cf50
main__dynamic_pedestrians__CA-GAT-MAPPO__seed1__ep00,main_comparison,dynamic_pedestrians,1,CA-GAT-MAPPO,1,0,10100,10100030300,10100030397,4,1,1500,0.1,ON,1,0.05,0.15,0,10,0.9,1.1,4,1,0,0,0,0,0,0,0,0,31.441561,33.902346,125.766245,1.039418,14.075141,12.8146,1.0984,0.941258,0.88444,3,0.738319,0.897301,343,1069,0.320860617399439,0.134236,0.646963,0.627572,0.762706,227,152,0.8199,1.6556,1.4909,31.6782,0.952381,853b8d05a2d24ff0811eaacc9de88b80e1d12b02619eed5528fe1b37924a2672,10bd6134d1956b59ae9f946801ced612b270f924,66cc412b499a209805b0a9aec16236066d1f6badcfb67616bcc43f1399e4cf50
main__dynamic_pedestrians__CA-GAT-MAPPO__seed1__ep01,main_comparison,dynamic_pedestrians,1,CA-GAT-MAPPO,1,1,10101,10101030304,10101030401,4,1,1500,0.1,ON,1,0.05,0.15,0,10,0.9,1.1,4,1,0,0,0,0,0,0,0,0,31.327758,34.276749,125.311034,1.001616,13.607978,12.8038,1.0628,0.929078,0.984485,3,0.714774,0.912835,371,1073,0.345759552656104,0.123503,0.637089,0.607558,0.77591,306,204,1.064,1.7094,1.1344,35.3139,0.952381,853b8d05a2d24ff0811eaacc9de88b80e1d12b02619eed5528fe1b37924a2672,10bd6134d1956b59ae9f946801ced612b270f924,66cc412b499a209805b0a9aec16236066d1f6badcfb67616bcc43f1399e4cf50
main__dynamic_pedestrians__CA-GAT-MAPPO__seed1__ep02,main_comparison,dynamic_pedestrians,1,CA-GAT-MAPPO,1,2,10102,10102030308,10102030405,4,1,1500,0.1,ON,1,0.05,0.15,0,10,0.9,1.1,4,1,0,0,0,0,0,0,0,0,31.747533,32.704139,126.990133,1.015583,13.556394,12.802,1.0589,0.956885,0.945673,3,0.678816,0.954352,393,1215,0.323456790123457,0.132855,0.63252,0.576994,0.811199,292,194,0.7899,1.4583,1.4087,34.5372,0.952381,853b8d05a2d24ff0811eaacc9de88b80e1d12b02619eed5528fe1b37924a2672,10bd6134d1956b59ae9f946801ced612b270f924,66cc412b499a209805b0a9aec16236066d1f6badcfb67616bcc43f1399e4cf50
main__dynamic_pedestrians__CA-GAT-MAPPO__seed1__ep03,main_comparison,dynamic_pedestrians,1,CA-GAT-MAPPO,1,3,10103,10103030312,10103030409,4,1,1500,0.1,ON,1,0.05,0.15,0,10,0.9,1.1,4,1,0,0,0,0,0,0,0,0,32.078451,33.072654,128.313805,1.168331,13.352248,12.8151,1.0419,0.937709,0.868022,1,0.664543,0.971135,341,1125,0.303111111111111,0.132523,0.626435,0.564862,0.825464,299,200,0.9725,1.7055,1.3397,33.3628,0.952381,853b8d05a2d24ff0811eaacc9de88b80e1d12b02619eed5528fe1b37924a2672,10bd6134d1956b59ae9f946801ced612b270f924,66cc412b499a209805b0a9aec16236066d1f6badcfb67616bcc43f1399e4cf50
main__dynamic_pedestrians__CA-GAT-MAPPO__seed1__ep04,main_comparison,dynamic_pedestrians,1,CA-GAT-MAPPO,1,4,10104,10104030316,10104030413,4,1,1500,0.1,ON,1,0.05,0.15,0,10,0.9,1.1,4,1,0,0,0,0,0,0,0,0,33.764485,33.943307,135.05794,1.21521,13.840374,12.8093,1.0805,0.956856,0.87477,6,0.731482,0.883346,404,1416,0.285310734463277,0.132221,0.606123,0.62176,0.750844,260,174,1.0705,1.7598,1.1382,31.2648,0.952381,853b8d05a2d24ff0811eaacc9de88b80e1d12b02619eed5528fe1b37924a2672,10bd6134d1956b59ae9f946801ced612b270f924,66cc412b499a209805b0a9aec16236066d1f6badcfb67616bcc43f1399e4cf50
main__dynamic_pedestrians__CA-GAT-MAPPO__seed1__ep05,main_comparison,dynamic_pedestrians,1,CA-GAT-MAPPO,1,5,10105,10105030320,10105030417,4,1,1500,0.1,ON,1,0.05,0.15,0,10,0.9,1.1,4,1,0,0,0,0,0,0,0,0,31.34186,33.155031,125.36744,0.86049,13.740113,12.817,1.072,0.937952,0.886453,1,0.728495,0.873079,370,1104,0.335144927536232,0.124955,0.657063,0.619221,0.742117,331,220,1.0187,1.4919,1.1563,33.5878,0.952381,853b8d05a2d24ff0811eaacc9de88b80e1d12b02619eed5528fe1b37924a2672,10bd6134d1956b59ae9f946801ced612b270f924,66cc412b499a209805b0a9aec16236066d1f6badcfb67616bcc43f1399e4cf50
main__dynamic_pedestrians__CA-GAT-MAPPO__seed1__ep06,main_comparison,dynamic_pedestrians,1,CA-GAT-MAPPO,1,6,10106,10106030324,10106030421,4,1,1500,0.1,ON,1,0.05,0.15,0,10,0.9,1.1,4,1,0,0,0,0,0,0,0,0,32.321906,33.949526,129.287625,0.856727,13.459787,12.8254,1.0495,0.966234,0.888344,3,0.710732,0.973383,449,1458,0.307956104252401,0.130897,0.617428,0.604122,0.827376,257,172,0.8474,1.5632,1.3147,34.2792,0.952381,853b8d05a2d24ff0811eaacc9de88b80e1d12b02619eed5528fe1b37924a2672,10bd6134d1956b59ae9f946801ced612b270f924,66cc412b499a209805b0a9aec16236066d1f6badcfb67616bcc43f1399e4cf50
main__dynamic_pedestrians__CA-GAT-MAPPO__seed1__ep07,main_comparison,dynamic_pedestrians,1,CA-GAT-MAPPO,1,7,10107,10107030328,10107030425,4,1,1500,0.1,ON,1,0.05,0.15,0,10,0.9,1.1,4,1,0,0,0,0,0,0,0,0,32.642193,32.815404,130.568773,1.127311,13.535496,12.8021,1.0573,0.920261,0.951267,2,0.704198,0.923727,285,866,0.329099307159353,0.103083,0.656101,0.598568,0.785168,255,170,0.8757,1.8551,1.1836,34.3016,0.952381,853b8d05a2d24ff0811eaacc9de88b80e1d12b02619eed5528fe1b37924a2672,10bd6134d1956b59ae9f946801ced612b270f924,66cc412b499a209805b0a9aec16236066d1f6badcfb67616bcc43f1399e4cf50
main__dynamic_pedestrians__CA-GAT-MAPPO__seed1__ep08,main_comparison,dynamic_pedestrians,1,CA-GAT-MAPPO,1,8,10108,10108030332,10108030429,4,1,1500,0.1,ON,1,0.05,0.15,0,10,0.9,1.1,4,1,0,0,0,0,0,0,0,0,29.009192,31.973075,116.036766,0.971456,13.431728,12.8116,1.0484,0.958773,0.794484,2,0.682013,0.918795,397,1341,0.296047725577927,0.113891,0.65481,0.579711,0.780976,205,136,0.8408,1.4406,1.1531,31.5229,0.952381,853b8d05a2d24ff0811eaacc9de88b80e1d12b02619eed5528fe1b37924a2672,10bd6134d1956b59ae9f946801ced612b270f924,66cc412b499a209805b0a9aec16236066d1f6badcfb67616bcc43f1399e4cf50
main__dynamic_pedestrians__CA-GAT-MAPPO__seed1__ep09,main_comparison,dynamic_pedestrians,1,CA-GAT-MAPPO,1,9,10109,10109030336,10109030433,4,1,1500,0.1,ON,1,0.05,0.15,0,10,0.9,1.1,4,1,0,0,0,0,0,0,0,0,32.501009,33.136631,130.004035,1.002819,13.536698,12.8057,1.0571,0.93197,0.848478,7,0.689707,0.928577,359,1244,0.288585209003215,0.132862,0.625396,0.586251,0.789291,265,176,0.8546,1.8037,1.3692,34.8655,0.952381,853b8d05a2d24ff0811eaacc9de88b80e1d12b02619eed5528fe1b37924a2672,10bd6134d1956b59ae9f946801ced612b270f924,66cc412b499a209805b0a9aec16236066d1f6badcfb67616bcc43f1399e4cf50
main__dynamic_pedestrians__CA-GAT-MAPPO__seed2__ep00,main_comparison,dynamic_pedestrians,1,CA-GAT-MAPPO,2,0,20100,20100060300,20100060397,4,1,1500,0.1,ON,1,0.05,0.15,0,10,0.9,1.1,4,1,0,0,0,0,0,0,0,0,32.178019,32.991946,128.712077,1.576779,13.517209,12.8041,1.0557,0.933731,1.007496,1,0.683871,0.939262,330,1351,0.244263508512213,0.116558,0.593226,0.58129,0.798372,239,159,0.811,1.4049,1.3675,31.6976,0.952381,ac0c5c1eb164ce2555cc526b6600605a7e9b782381fd221505067a8d01572bcb,10bd6134d1956b59ae9f946801ced612b270f924,66cc412b499a209805b0a9aec16236066d1f6badcfb67616bcc43f1399e4cf50
main__dynamic_pedestrians__CA-GAT-MAPPO__seed2__ep01,main_comparison,dynamic_pedestrians,1,CA-GAT-MAPPO,2,1,20101,20101060304,20101060401,4,1,1500,0.1,ON,1,0.05,0.15,0,10,0.9,1.1,4,1,0,0,0,0,0,0,0,0,30.979356,32.859957,123.917423,1.13622,12.803335,12.8226,0.9985,0.932815,0.885455,2,0.646266,0.908981,343,1277,0.268598277212216,0.156836,0.62468,0.549326,0.772634,243,162,0.7588,1.5347,1.458,32.191,0.952381,ac0c5c1eb164ce2555cc526b6600605a7e9b782381fd221505067a8d01572bcb,10bd6134d1956b59ae9f946801ced612b270f924,66cc412b499a209805b0a9aec16236066d1f6badcfb67616bcc43f1399e4cf50
main__dynamic_pedestrians__CA-GAT-MAPPO__seed2__ep02,main_comparison,dynamic_pedestrians,1,CA-GAT-MAPPO,2,2,20102,20102060308,20102060405,4,1,1500,0.1,ON,1,0.05,0.15,0,10,0.9,1.1,4,1,0,0,0,0,0,0,0,0,28.958537,30.14753,115.834148,1.393281,13.238192,12.7793,1.0359,0.927796,0.89454,3,0.672203,0.957719,339,1331,0.254695717505635,0.136395,0.625751,0.571373,0.814061,159,106,0.8665,1.4603,1.1452,30.7634,0.952381,ac0c5c1eb164ce2555cc526b6600605a7e9b782381fd221505067a8d01572bcb,10bd6134d1956b59ae9f946801ced612b270f924,66cc412b499a209805b0a9aec16236066d1f6badcfb67616bcc43f1399e4cf50
main__dynamic_pedestrians__CA-GAT-MAPPO__seed2__ep03,main_comparison,dynamic_pedestrians,1,CA-GAT-MAPPO,2,3,20103,20103060312,20103060409,4,1,1500,0.1,ON,1,0.05,0.15,0,10,0.9,1.1,4,1,0,0,0,0,0,0,0,0,31.216347,34.35816,124.865387,1.621677,13.438284,12.8008,1.0498,0.917733,0.82497,5,0.705169,0.962968,401,1702,0.235605170387779,0.125289,0.619532,0.599393,0.818522,289,193,0.8484,1.4925,1.1496,33.112,0.952381,ac0c5c1eb164ce2555cc526b6600605a7e9b782381fd221505067a8d01572bcb,10bd6134d1956b59ae9f946801ced612b270f924,66cc412b499a209805b0a9aec16236066d1f6badcfb67616bcc43f1399e4cf50
main__dynamic_pedestrians__CA-GAT-MAPPO__seed2__ep04,main_comparison,dynamic_pedestrians,1,CA-GAT-MAPPO,2,4,20104,20104060316,20104060413,4,1,1500,0.1,ON,1,0.05,0.15,0,10,0.9,1.1,4,1,0,0,0,0,0,0,0,0,33.244883,33.421107,132.979532,1.25522,12.989996,12.8317,1.0123,0.931932,0.936232,4,0.648308,0.918914,294,1195,0.246025104602511,0.109863,0.627233,0.551062,0.781077,272,182,1.0202,1.596,1.3237,33.2773,0.952381,ac0c5c1eb164ce2555cc526b6600605a7e9b782381fd221505067a8d01572bcb,10bd6134d1956b59ae9f946801ced612b270f924,66cc412b499a209805b0a9aec16236066d1f6badcfb67616bcc43f1399e4cf50
main__dynamic_pedestrians__CA-GAT-MAPPO__seed2__ep05,main_comparison,dynamic_pedestrians,1,CA-GAT-MAPPO,2,5,20105,20105060320,20105060417,4,1,1500,0.1,ON,1,0.05,0.15,0,10,0.9,1.1,4,1,0,0,0,0,0,0,0,0,30.703039,34.419785,122.812157,1.146553,13.463598,12.8201,1.0502,0.907591,0.777595,4,0.683678,1.031583,345,1339,0.25765496639283,0.117713,0.6448,0.581127,0.876846,314,209,0.8975,1.6796,1.138,35.1941,0.952381,ac0c5c1eb164ce2555cc526b6600605a7e9b782381fd221505067a8d01572bcb,10bd6134d1956b59ae9f946801ced612b270f924,66cc412b499a209805b0a9aec16236066d1f6badcfb67616bcc43f1399e4cf50
main__dynamic_pedestrians__CA-GAT-MAPPO__seed2__ep06,main_comparison,dynamic_pedestrians,1,CA-GAT-MAPPO,2,6,20106,20106060324,20106060421,4,1,1500,0.1,ON,1,0.05,0.15,0,10,0.9,1.1,4,1,0,0,0,0,0,0,0,0,35.449491,35.636739,141.797965,1.510268,13.261304,12.8368,1.0331,0.920483,0.796972,1,0.6538,0.916034,411,1597,0.257357545397621,0.118978,0.6088,0.55573,0.778629,266,177,0.8842,1.6064,1.4164,35.682,0.952381,ac0c5c1eb164ce2555cc526b6600605a7e9b782381fd221505067a8d01572bcb,10bd6134d1956b59ae9f946801ced612b270f924,66cc412b499a209805b0a9aec16236066d1f6badcfb67616bcc43f1399e4cf50
main__dynamic_pedestrians__CA-GAT-MAPPO__seed2__ep07,main_comparison,dynamic_pedestrians,1,CA-GAT-MAPPO,2,7,20107,20107060328,20107060425,4,1,1500,0.1,ON,1,0.05,0.15,0,10,0.9,1.1,4,1,0,0,0,0,0,0,0,0,29.793573,32.987839,119.17429,1.531279,13.739004,12.8072,1.0728,0.938339,0.79418,2,0.642117,0.912841,351,1434,0.244769874476987,0.137705,0.644643,0.5458,0.775915,212,141,1.0357,1.4836,1.1078,32.1734,0.952381,ac0c5c1eb164ce2555cc526b6600605a7e9b782381fd221505067a8d01572bcb,10bd6134d1956b59ae9f946801ced612b270f924,66cc412b499a209805b0a9aec16236066d1f6badcfb67616bcc43f1399e4cf50
main__dynamic_pedestrians__CA-GAT-MAPPO__seed2__ep08,main_comparison,dynamic_pedestrians,1,CA-GAT-MAPPO,2,8,20108,20108060332,20108060429,4,1,1500,0.1,ON,1,0.05,0.15,0,10,0.9,1.1,4,1,0,0,0,0,0,0,0,0,30.458829,33.131545,121.835316,1.67608,13.424226,12.7667,1.0515,0.942771,0.902999,5,0.651076,0.927582,429,1630,0.26319018404908,0.127498,0.657647,0.553415,0.788445,257,171,0.884,1.7332,1.2021,31.1993,0.952381,ac0c5c1eb164ce2555cc526b6600605a7e9b782381fd221505067a8d01572bcb,10bd6134d1956b59ae9f946801ced612b270f924,66cc412b499a209805b0a9aec16236066d1f6badcfb67616bcc43f1399e4cf50
main__dynamic_pedestrians__CA-GAT-MAPPO__seed2__ep09,main_comparison,dynamic_pedestrians,1,CA-GAT-MAPPO,2,9,20109,20109060336,20109060433,4,1,1500,0.1,ON,1,0.05,0.15,0,10,0.9,1.1,4,1,0,0,0,0,0,0,0,0,31.253398,33.148343,125.01359,1.318265,13.537557,12.7992,1.0577,0.950359,0.907261,4,0.626639,0.969358,330,1335,0.247191011235955,0.130268,0.616014,0.532643,0.823954,257,171,0.7507,1.8131,1.3589,33.0162,0.952381,ac0c5c1eb164ce2555cc526b6600605a7e9b782381fd221505067a8d01572bcb,10bd6134d1956b59ae9f946801ced612b270f924,66cc412b499a209805b0a9aec16236066d1f6badcfb67616bcc43f1399e4cf50
main__dynamic_pedestrians__CA-GAT-MAPPO__seed3__ep00,main_comparison,dynamic_pedestrians,1,CA-GAT-MAPPO,3,0,30100,30100090300,30100090397,4,1,1500,0.1,ON,1,0.05,0.15,0,10,0.9,1.1,4,1,0,0,0,0,0,0,0,0,32.191256,32.362212,128.765023,1.02045,13.677974,12.8087,1.0679,0.939771,0.811557,1,0.725895,0.940586,437,1608,0.271766169154229,0.147356,0.661193,0.617011,0.799498,238,159,0.8068,1.5916,1.4908,32.3663,0.952381,10d915010ebf997460263d25dc25da09b8048e5edcff22f793b4ddeb60cfa59c,10bd6134d1956b59ae9f946801ced612b270f924,66cc412b499a209805b0a9aec16236066d1f6badcfb67616bcc43f1399e4cf50
main__dynamic_pedestrians__CA-GAT-MAPPO__seed3__ep01,main_comparison,dynamic_pedestrians,1,CA-GAT-MAPPO,3,1,30101,30101090304,30101090401,4,1,1500,0.1,ON,1,0.05,0.15,0,10,0.9,1.1,4,1,0,0,0,0,0,0,0,0,31.062693,32.325806,124.250771,0.947685,13.105367,12.8008,1.0238,0.941176,0.807289,0,0.72694,0.914511,332,1360,0.244117647058823,0.153883,0.615188,0.617899,0.777334,280,186,0.7377,1.6006,1.1487,34.5245,0.952381,10d915010ebf997460263d25dc25da09b8048e5edcff22f793b4ddeb60cfa59c,10bd6134d1956b59ae9f946801ced612b270f924,66cc412b499a209805b0a9aec16236066d1f6badcfb67616bcc43f1399e4cf50
main__dynamic_pedestrians__CA-GAT-MAPPO__seed3__ep02,main_comparison,dynamic_pedestrians,1,CA-GAT-MAPPO,3,2,30102,30102090308,30102090405,4,1,1500,0.1,ON,1,0.05,0.15,0,10,0.9,1.1,4,1,0,0,0,0,0,0,0,0,34.564608,34.747431,138.258433,1.086703,13.59159,12.7797,1.0635,0.93966,0.722408,1,0.740932,0.892037,410,1762,0.232690124858116,0.115754,0.614399,0.629792,0.758231,196,130,1.0843,1.4725,1.4167,34.4194,0.952381,10d915010ebf997460263d25dc25da09b8048e5edcff22f793b4ddeb60cfa59c,10bd6134d1956b59ae9f946801ced612b270f924,66cc412b499a209805b0a9aec16236066d1f6badcfb67616bcc43f1399e4cf50
main__dynamic_pedestrians__CA-GAT-MAPPO__seed3__ep03,main_comparison,dynamic_pedestrians,1,CA-GAT-MAPPO,3,3,30103,30103090312,30103090409,4,1,1500,0.1,ON,1,0.05,0.15,0,10,0.9,1.1,4,1,0,0,0,0,0,0,0,0,32.193717,32.364685,128.774866,1.006245,13.59494,12.8254,1.06,0.916551,0.672663,2,0.782811,0.950077,355,1323,0.26832955404384,0.139077,0.638755,0.66539,0.807566,246,164,0.8886,1.5431,1.4089,33.2648,0.952381,10d915010ebf997460263d25dc25da09b8048e5edcff22f793b4ddeb60cfa59c,10bd6134d1956b59ae9f946801ced612b270f924,66cc412b499a209805b0a9aec16236066d1f6badcfb67616bcc43f1399e4cf50
main__dynamic_pedestrians__CA-GAT-MAPPO__seed3__ep04,main_comparison,dynamic_pedestrians,1,CA-GAT-MAPPO,3,4,30104,30104090316,30104090413,4,1,1500,0.1,ON,1,0.05,0.15,0,10,0.9,1.1,4,1,0,0,0,0,0,0,0,0,33.087866,33.592739,132.351464,0.985168,13.570413,12.7917,1.0609,0.921192,0.807037,1,0.709482,0.908599,364,1595,0.228213166144201,0.120627,0.672142,0.603059,0.772309,244,162,1.0099,1.5395,1.2203,32.1654,0.952381,10d915010ebf997460263d25dc25da09b8048e5edcff22f793b4ddeb60cfa59c,10bd6134d1956b59ae9f946801ced612b270f924,66cc412b499a209805b0a9aec16236066d1f6badcfb67616bcc43f1399e4cf50
main__dynamic_pedestrians__CA-GAT-MAPPO__seed3__ep05,main_comparison,dynamic_pedestrians,1,CA-GAT-MAPPO,3,5,30105,30105090320,30105090417,4,1,1500,0.1,ON,1,0.05,0.15,0,10,0.9,1.1,4,1,0,0,0,0,0,0,0,0,32.098093,32.268584,128.392374,1.011699,13.589555,12.8011,1.0616,0.962664,0.665874,3,0.688937,0.854977,363,1385,0.262093862815884,0.132824,0.635498,0.585597,0.726731,278,186,0.7955,1.5938,1.3312,36.3504,0.952381,10d915010ebf997460263d25dc25da09b8048e5edcff22f793b4ddeb60cfa59c,10bd6134d1956b59ae9f946801ced612b270f924,66cc412b499a209805b0a9aec16236066d1f6badcfb67616bcc43f1399e4cf50
main__dynamic_pedestrians__CA-GAT-MAPPO__seed3__ep06,main_comparison,dynamic_pedestrians,1,CA-GAT-MAPPO,3,6,30106,30106090324,30106090421,4,1,1500,0.1,ON,1,0.05,0.15,0,10,0.9,1.1,4,1,0,0,0,0,0,0,0,0,29.387203,31.060274,117.548812,0.864004,13.494308,12.824,1.0523,0.930063,0.796425,2,0.754651,0.925311,409,1596,0.256265664160401,0.122848,0.621746,0.641454,0.786514,223,148,0.7276,1.8552,1.4044,35.584,0.952381,10d915010ebf997460263d25dc25da09b8048e5edcff22f793b4ddeb60cfa59c,10bd6134d1956b59ae9f946801ced612b270f924,66cc412b499a209805b0a9aec16236066d1f6badcfb67616bcc43f1399e4cf50
main__dynamic_pedestrians__CA-GAT-MAPPO__seed3__ep07,main_comparison,dynamic_pedestrians,1,CA-GAT-MAPPO,3,7,30107,30107090328,30107090425,4,1,1500,0.1,ON,1,0.05,0.15,0,10,0.9,1.1,4,1,0,0,0,0,0,0,0,0,28.549099,31.428225,114.196396,1.093322,13.31121,12.8012,1.0398,0.937255,0.791922,3,0.770286,0.920855,434,1834,0.236641221374046,0.125754,0.626017,0.654743,0.782726,244,163,0.9262,1.8399,1.1426,35.4782,0.952381,10d915010ebf997460263d25dc25da09b8048e5edcff22f793b4ddeb60cfa59c,10bd6134d1956b59ae9f946801ced612b270f924,66cc412b499a209805b0a9aec16236066d1f6badcfb67616bcc43f1399e4cf50
main__dynamic_pedestrians__CA-GAT-MAPPO__seed3__ep08,main_comparison,dynamic_pedestrians,1,CA-GAT-MAPPO,3,8,30108,30108090332,30108090429,4,1,1500,0.1,ON,1,0.05,0.15,0,10,0.9,1.1,4,1,0,0,0,0,0,0,0,0,31.995939,33.013708,127.983757,1.030974,13.312323,12.8226,1.0382,0.951481,0.730495,1,0.734935,0.93542,375,1571,0.238701464035646,0.121233,0.597343,0.624695,0.795107,227,151,0.869,1.3603,1.4541,34.2165,0.952381,10d915010ebf997460263d25dc25da09b8048e5edcff22f793b4ddeb60cfa59c,10bd6134d1956b59ae9f946801ced612b270f924,66cc412b499a209805b0a9aec16236066d1f6badcfb67616bcc43f1399e4cf50
main__dynamic_pedestrians__CA-GAT-MAPPO__seed3__ep09,main_comparison,dynamic_pedestrians,1,CA-GAT-MAPPO,3,9,30109,30109090336,30109090433,4,1,1500,0.1,ON,1,0.05,0.15,0,10,0.9,1.1,4,1,0,0,0,0,0,0,0,0,31.965863,33.471283,127.86345,1.011,13.296433,12.8076,1.0382,0.976165,0.751512,5,0.750662,0.926587,360,1456,0.247252747252747,0.1257,0.62998,0.638062,0.787599,233,155,0.7355,1.7868,1.4746,37.0926,0.952381,10d915010ebf997460263d25dc25da09b8048e5edcff22f793b4ddeb60cfa59c,10bd6134d1956b59ae9f946801ced612b270f924,66cc412b499a209805b0a9aec16236066d1f6badcfb67616bcc43f1399e4cf50
main__dynamic_pedestrians__CA-GAT-MAPPO__seed4__ep00,main_comparison,dynamic_pedestrians,1,CA-GAT-MAPPO,4,0,40100,40100120300,40100120397,4,1,1500,0.1,ON,1,0.05,0.15,0,10,0.9,1.1,4,1,0,0,0,0,0,0,0,0,31.307972,32.545875,125.231886,0.869369,13.758208,12.8129,1.0738,0.951478,0.820495,1,0.685612,0.97726,423,1580,0.267721518987342,0.109666,0.657107,0.582771,0.830671,270,180,0.8276,1.5069,1.116,31.7579,0.952381,0edc52a8acd379186c6ab98c1042d7e7743916870297cd3cab3f7db83225a1b4,10bd6134d1956b59ae9f946801ced612b270f924,66cc412b499a209805b0a9aec16236066d1f6badcfb67616bcc43f1399e4cf50
main__dynamic_pedestrians__CA-GAT-MAPPO__seed4__ep01,main_comparison,dynamic_pedestrians,1,CA-GAT-MAPPO,4,1,40101,40101120304,40101120401,4,1,1500,0.1,ON,1,0.05,0.15,0,10,0.9,1.1,4,1,0,0,0,0,0,0,0,0,31.618216,34.230867,126.472862,0.717584,13.423945,12.8002,1.0487,0.948566,0.62867,3,0.719826,1.008792,450,1722,0.261324041811847,0.15199,0.643303,0.611852,0.857473,197,131,0.7258,1.858,1.4083,32.531,0.952381,0edc52a8acd379186c6ab98c1042d7e7743916870297cd3cab3f7db83225a1b4,10bd6134d1956b59ae9f946801ced612b270f924,66cc412b499a209805b0a9aec16236066d1f6badcfb67616bcc43f1399e4cf50
main__dynamic_pedestrians__CA-GAT-MAPPO__seed4__ep02,main_comparison,dynamic_pedestrians,1,CA-GAT-MAPPO,4,2,40102,40102120308,40102120405,4,1,1500,0.1,ON,1,0.05,0.15,0,10,0.9,1.1,4,1,0,0,0,0,0,0,0,0,32.494905,32.667379,129.979619,0.858052,13.438181,12.7837,1.0512,0.91891,0.802342,2,0.698837,0.887879,549,2146,0.255824790307549,0.113987,0.640618,0.594011,0.754697,290,194,0.8901,1.5787,1.3968,31.7169,0.952381,0edc52a8acd379186c6ab98c1042d7e7743916870297cd3cab3f7db83225a1b4,10bd6134d1956b59ae9f946801ced612b270f924,66cc412b499a209805b0a9aec16236066d1f6badcfb67616bcc43f1399e4cf50
main__dynamic_pedestrians__CA-GAT-MAPPO__seed4__ep03,main_comparison,dynamic_pedestrians,1,CA-GAT-MAPPO,4,3,40103,40103120312,40103120409,4,1,1500,0.1,ON,1,0.05,0.15,0,10,0.9,1.1,4,1,0,0,0,0,0,0,0,0,31.252494,33.557521,125.009974,0.652471,13.572108,12.828,1.058,0.951288,0.847239,2,0.690943,0.948975,408,1632,0.25,0.119511,0.609001,0.587301,0.806629,310,207,0.8318,1.4284,1.4539,33.7375,0.952381,0edc52a8acd379186c6ab98c1042d7e7743916870297cd3cab3f7db83225a1b4,10bd6134d1956b59ae9f946801ced612b270f924,66cc412b499a209805b0a9aec16236066d1f6badcfb67616bcc43f1399e4cf50
main__dynamic_pedestrians__CA-GAT-MAPPO__seed4__ep04,main_comparison,dynamic_pedestrians,1,CA-GAT-MAPPO,4,4,40104,40104120316,40104120413,4,1,1500,0.1,ON,1,0.05,0.15,0,10,0.9,1.1,4,1,0,0,0,0,0,0,0,0,31.015511,34.139055,124.062045,0.75461,13.193426,12.81,1.0299,0.901634,0.8793,1,0.706408,0.894363,376,1384,0.271676300578035,0.139384,0.63486,0.600447,0.760208,281,187,0.7858,1.7441,1.2917,32.0288,0.952381,0edc52a8acd379186c6ab98c1042d7e7743916870297cd3cab3f7db83225a1b4,10bd6134d1956b59ae9f946801ced612b270f924,66cc412b499a209805b0a9aec16236066d1f6badcfb67616bcc43f1399e4cf50
main__dynamic_pedestrians__CA-GAT-MAPPO__seed4__ep05,main_comparison,dynamic_pedestrians,1,CA-GAT-MAPPO,4,5,40105,40105120320,40105120417,4,1,1500,0.1,ON,1,0.05,0.15,0,10,0.9,1.1,4,1,0,0,0,0,0,0,0,0,32.803708,33.531067,131.214831,0.688922,13.135731,12.7982,1.0264,0.933673,0.726158,1,0.666655,0.892696,413,1501,0.275149900066622,0.115406,0.635373,0.566657,0.758791,270,180,1.0906,1.456,1.104,34.1778,0.952381,0edc52a8acd379186c6ab98c1042d7e7743916870297cd3cab3f7db83225a1b4,10bd6134d1956b59ae9f946801ced612b270f924,66cc412b499a209805b0a9aec16236066d1f6badcfb67616bcc43f1399e4cf50
main__dynamic_pedestrians__CA-GAT-MAPPO__seed4__ep06,main_comparison,dynamic_pedestrians,1,CA-GAT-MAPPO,4,6,40106,40106120324,40106120421,4,1,1500,0.1,ON,1,0.05,0.15,0,10,0.9,1.1,4,1,0,0,0,0,0,0,0,0,29.568721,33.857107,118.274883,0.626973,13.218459,12.7917,1.0334,0.932563,0.90135,3,0.64647,0.874563,363,1266,0.286729857819905,0.136425,0.618361,0.5495,0.743379,205,136,0.8456,1.6895,1.4017,31.5811,0.952381,0edc52a8acd379186c6ab98c1042d7e7743916870297cd3cab3f7db83225a1b4,10bd6134d1956b59ae9f946801ced612b270f924,66cc412b499a209805b0a9aec16236066d1f6badcfb67616bcc43f1399e4cf50
main__dynamic_pedestrians__CA-GAT-MAPPO__seed4__ep07,main_comparison,dynamic_pedestrians,1,CA-GAT-MAPPO,4,7,40107,40107120328,40107120425,4,1,1500,0.1,ON,1,0.05,0.15,0,10,0.9,1.1,4,1,0,0,0,0,0,0,0,0,33.457544,34.769169,133.830175,0.840731,13.628059,12.8263,1.0625,0.936393,0.77038,2,0.685535,0.957358,426,1572,0.270992366412214,0.143868,0.621417,0.582704,0.813754,220,146,0.8393,1.83,1.1631,33.0554,0.952381,0edc52a8acd379186c6ab98c1042d7e7743916870297cd3cab3f7db83225a1b4,10bd6134d1956b59ae9f946801ced612b270f924,66cc412b499a209805b0a9aec16236066d1f6badcfb67616bcc43f1399e4cf50
main__dynamic_pedestrians__CA-GAT-MAPPO__seed4__ep08,main_comparison,dynamic_pedestrians,1,CA-GAT-MAPPO,4,8,40108,40108120332,40108120429,4,1,1500,0.1,ON,1,0.05,0.15,0,10,0.9,1.1,4,1,0,0,0,0,0,0,0,0,33.130816,33.834602,132.523266,0.758328,13.439664,12.8172,1.0486,0.927002,0.704362,3,0.659656,0.945905,419,1609,0.260410192666252,0.1391,0.617109,0.560707,0.804019,242,162,0.7286,1.5819,1.2481,33.3422,0.952381,0edc52a8acd379186c6ab98c1042d7e7743916870297cd3cab3f7db83225a1b4,10bd6134d1956b59ae9f946801ced612b270f924,66cc412b499a209805b0a9aec16236066d1f6badcfb67616bcc43f1399e4cf50
main__dynamic_pedestrians__CA-GAT-MAPPO__seed4__ep09,main_comparison,dynamic_pedestrians,1,CA-GAT-MAPPO,4,9,40109,40109120336,40109120433,4,1,1500,0.1,ON,1,0.05,0.15,0,10,0.9,1.1,4,1,0,0,0,0,0,0,0,0,33.042723,34.112475,132.170891,0.8276,13.113489,12.7997,1.0245,0.945681,0.820266,2,0.712981,0.932196,403,1507,0.267418712674187,0.143809,0.62606,0.606034,0.792366,266,177,0.9998,1.8457,1.2847,32.3786,0.952381,0edc52a8acd379186c6ab98c1042d7e7743916870297cd3cab3f7db83225a1b4,10bd6134d1956b59ae9f946801ced612b270f924,66cc412b499a209805b0a9aec16236066d1f6badcfb67616bcc43f1399e4cf50
main__dynamic_pedestrians__CA-GAT-MAPPO__seed5__ep00,main_comparison,dynamic_pedestrians,1,CA-GAT-MAPPO,5,0,50100,50100150300,50100150397,4,1,1500,0.1,ON,1,0.05,0.15,0,10,0.9,1.1,4,1,0,0,0,0,0,0,0,0,32.375329,33.764159,129.501314,0.650874,13.449812,12.8252,1.0487,0.96429,0.829297,3,0.704303,0.936412,415,1687,0.245998814463545,0.117476,0.613619,0.598658,0.79595,227,151,0.8265,1.5205,1.3685,35.65,0.952381,204d63fa6fe63720e7c75a9149e92a5a44a1162effa5d3cf08e42b89f72cfb7d,10bd6134d1956b59ae9f946801ced612b270f924,66cc412b499a209805b0a9aec16236066d1f6badcfb67616bcc43f1399e4cf50
main__dynamic_pedestrians__CA-GAT-MAPPO__seed5__ep01,main_comparison,dynamic_pedestrians,1,CA-GAT-MAPPO,5,1,50101,50101150304,50101150401,4,1,1500,0.1,ON,1,0.05,0.15,0,10,0.9,1.1,4,1,0,0,0,0,0,0,0,0,31.381403,33.079756,125.525614,0.727565,13.193687,12.8201,1.0291,0.931194,0.79671,1,0.712896,0.953175,422,1685,0.250445103857567,0.129454,0.62028,0.605961,0.810199,207,138,0.8091,1.5192,1.1497,34.6985,0.952381,204d63fa6fe63720e7c75a9149e92a5a44a1162effa5d3cf08e42b89f72cfb7d,10bd6134d1956b59ae9f946801ced612b270f924,66cc412b499a209805b0a9aec16236066d1f6badcfb67616bcc43f1399e4cf50
main__dynamic_pedestrians__CA-GAT-MAPPO__seed5__ep02,main_comparison,dynamic_pedestrians,1,CA-GAT-MAPPO,5,2,50102,50102150308,50102150405,4,1,1500,0.1,ON,1,0.05,0.15,0,10,0.9,1.1,4,1,0,0,0,0,0,0,0,0,30.570928,33.188662,122.283711,0.750811,13.68684,12.7949,1.0697,0.921066,0.678688,2,0.6805,0.94314,497,1924,0.258316008316008,0.135004,0.640067,0.578425,0.801669,196,131,0.9851,1.5104,1.1798,32.2237,0.952381,204d63fa6fe63720e7c75a9149e92a5a44a1162effa5d3cf08e42b89f72cfb7d,10bd6134d1956b59ae9f946801ced612b270f924,66cc412b499a209805b0a9aec16236066d1f6badcfb67616bcc43f1399e4cf50
main__dynamic_pedestrians__CA-GAT-MAPPO__seed5__ep03,main_comparison,dynamic_pedestrians,1,CA-GAT-MAPPO,5,3,50103,50103150312,50103150409,4,1,1500,0.1,ON,1,0.05,0.15,0,10,0.9,1.1,4,1,0,0,0,0,0,0,0,0,32.935551,33.110228,131.742203,0.605932,13.297287,12.8039,1.0385,0.959686,0.750229,3,0.734232,0.866953,540,2262,0.238726790450928,0.1471,0.622072,0.624097,0.73691,229,152,0.7481,1.8603,1.2593,33.8439,0.952381,204d63fa6fe63720e7c75a9149e92a5a44a1162effa5d3cf08e42b89f72cfb7d,10bd6134d1956b59ae9f946801ced612b270f924,66cc412b499a209805b0a9aec16236066d1f6badcfb67616bcc43f1399e4cf50
main__dynamic_pedestrians__CA-GAT-MAPPO__seed5__ep04,main_comparison,dynamic_pedestrians,1,CA-GAT-MAPPO,5,4,50104,50104150316,50104150413,4,1,1500,0.1,ON,1,0.05,0.15,0,10,0.9,1.1,4,1,0,0,0,0,0,0,0,0,32.858683,33.032977,131.434734,0.563597,13.434448,12.8089,1.0488,0.919943,0.740448,3,0.770187,0.967117,449,1864,0.24087982832618,0.111887,0.645231,0.654659,0.822049,160,107,0.767,1.8742,1.2542,31.3769,0.952381,204d63fa6fe63720e7c75a9149e92a5a44a1162effa5d3cf08e42b89f72cfb7d,10bd6134d1956b59ae9f946801ced612b270f924,66cc412b499a209805b0a9aec16236066d1f6badcfb67616bcc43f1399e4cf50
main__dynamic_pedestrians__CA-GAT-MAPPO__seed5__ep05,main_comparison,dynamic_pedestrians,1,CA-GAT-MAPPO,5,5,50105,50105150320,50105150417,4,1,1500,0.1,ON,1,0.05,0.15,0,10,0.9,1.1,4,1,0,0,0,0,0,0,0,0,31.128691,33.73278,124.514766,0.731644,12.73547,12.8037,0.9947,0.936491,0.77996,2,0.719513,0.890315,413,1659,0.248945147679325,0.114885,0.670316,0.611586,0.756768,177,118,0.8261,1.7329,1.1348,35.5901,0.952381,204d63fa6fe63720e7c75a9149e92a5a44a1162effa5d3cf08e42b89f72cfb7d,10bd6134d1956b59ae9f946801ced612b270f924,66cc412b499a209805b0a9aec16236066d1f6badcfb67616bcc43f1399e4cf50
main__dynamic_pedestrians__CA-GAT-MAPPO__seed5__ep06,main_comparison,dynamic_pedestrians,1,CA-GAT-MAPPO,5,6,50106,50106150324,50106150421,4,1,1500,0.1,ON,1,0.05,0.15,0,10,0.9,1.1,4,1,0,0,0,0,0,0,0,0,28.602578,29.438724,114.410311,0.841723,13.466999,12.8239,1.0501,0.925091,0.758354,2,0.627872,0.924289,436,1708,0.255269320843091,0.133121,0.631617,0.533691,0.785646,163,108,0.7573,1.6915,1.2517,33.859,0.952381,204d63fa6fe63720e7c75a9149e92a5a44a1162effa5d3cf08e42b89f72cfb7d,10bd6134d1956b59ae9f946801ced612b270f924,66cc412b499a209805b0a9aec16236066d1f6badcfb67616bcc43f1399e4cf50
main__dynamic_pedestrians__CA-GAT-MAPPO__seed5__ep07,main_comparison,dynamic_pedestrians,1,CA-GAT-MAPPO,5,7,50107,50107150328,50107150425,4,1,1500,0.1,ON,1,0.05,0.15,0,10,0.9,1.1,4,1,0,0,0,0,0,0,0,0,32.150087,33.800361,128.600346,0.616429,13.744684,12.824,1.0718,0.946717,0.752557,4,0.700856,0.962074,513,2007,0.255605381165919,0.122163,0.619157,0.595728,0.817763,183,122,0.7727,1.3353,1.1073,31.2969,0.952381,204d63fa6fe63720e7c75a9149e92a5a44a1162effa5d3cf08e42b89f72cfb7d,10bd6134d1956b59ae9f946801ced612b270f924,66cc412b499a209805b0a9aec16236066d1f6badcfb67616bcc43f1399e4cf50
main__dynamic_pedestrians__CA-GAT-MAPPO__seed5__ep08,main_comparison,dynamic_pedestrians,1,CA-GAT-MAPPO,5,8,50108,50108150332,50108150429,4,1,1500,0.1,ON,1,0.05,0.15,0,10,0.9,1.1,4,1,0,0,0,0,0,0,0,0,34.158326,34.339117,136.633303,0.837925,13.501921,12.812,1.0538,0.927721,0.883819,1,0.727225,0.893903,408,1782,0.228956228956229,0.114983,0.630862,0.618141,0.759817,209,140,0.9552,1.865,1.1936,32.2798,0.952381,204d63fa6fe63720e7c75a9149e92a5a44a1162effa5d3cf08e42b89f72cfb7d,10bd6134d1956b59ae9f946801ced612b270f924,66cc412b499a209805b0a9aec16236066d1f6badcfb67616bcc43f1399e4cf50
main__dynamic_pedestrians__CA-GAT-MAPPO__seed5__ep09,main_comparison,dynamic_pedestrians,1,CA-GAT-MAPPO,5,9,50109,50109150336,50109150433,4,1,1500,0.1,ON,1,0.05,0.15,0,10,0.9,1.1,4,1,0,0,0,0,0,0,0,0,30.682278,33.543929,122.729112,0.603724,13.233222,12.8016,1.0337,0.917852,0.768863,1,0.725672,0.966306,505,2059,0.245264691597863,0.148943,0.655233,0.616821,0.82136,224,150,0.9844,1.4906,1.4285,29.1109,0.952381,204d63fa6fe63720e7c75a9149e92a5a44a1162effa5d3cf08e42b89f72cfb7d,10bd6134d1956b59ae9f946801ced612b270f924,66cc412b499a209805b0a9aec16236066d1f6badcfb67616bcc43f1399e4cf50
main__dynamic_pedestrians__CA-GAT-MAPPO__seed6__ep00,main_comparison,dynamic_pedestrians,1,CA-GAT-MAPPO,6,0,60100,60100180300,60100180397,4,1,1500,0.1,ON,1,0.05,0.15,0,10,0.9,1.1,4,1,0,0,0,0,0,0,0,0,32.653133,32.96384,130.612534,1.579718,13.525254,12.7897,1.0575,0.94537,0.905978,0,0.692375,0.956743,205,693,0.295815295815296,0.105743,0.609379,0.588519,0.813231,193,129,0.7608,1.3921,1.3517,34.076,0.952381,6a90eb5c2f6f6818cfbba4a0b454c79b02975e3e195f2d5cb614c7bd0987a2d7,10bd6134d1956b59ae9f946801ced612b270f924,66cc412b499a209805b0a9aec16236066d1f6badcfb67616bcc43f1399e4cf50
main__dynamic_pedestrians__CA-GAT-MAPPO__seed6__ep01,main_comparison,dynamic_pedestrians,1,CA-GAT-MAPPO,6,1,60101,60101180304,60101180401,4,1,1500,0.1,ON,1,0.05,0.15,0,10,0.9,1.1,4,1,0,0,0,0,0,0,0,0,31.762258,32.49908,127.049033,1.073529,13.123919,12.8305,1.0229,0.939133,0.829244,3,0.692886,0.982688,292,968,0.301652892561984,0.130643,0.644707,0.588953,0.835285,161,107,1.0078,1.5309,1.3375,34.3792,0.952381,6a90eb5c2f6f6818cfbba4a0b454c79b02975e3e195f2d5cb614c7bd0987a2d7,10bd6134d1956b59ae9f946801ced612b270f924,66cc412b499a209805b0a9aec16236066d1f6badcfb67616bcc43f1399e4cf50
main__dynamic_pedestrians__CA-GAT-MAPPO__seed6__ep02,main_comparison,dynamic_pedestrians,1,CA-GAT-MAPPO,6,2,60102,60102180308,60102180405,4,1,1500,0.1,ON,1,0.05,0.15,0,10,0.9,1.1,4,1,0,0,0,0,0,0,0,0,30.829769,34.360407,123.319078,1.175737,13.464901,12.7817,1.0535,0.945599,0.767062,6,0.710909,0.973469,318,1043,0.304889741131352,0.148564,0.616454,0.604273,0.827448,215,144,1.0616,1.8154,1.1614,32.6062,0.952381,6a90eb5c2f6f6818cfbba4a0b454c79b02975e3e195f2d5cb614c7bd0987a2d7,10bd6134d1956b59ae9f946801ced612b270f924,66cc412b499a209805b0a9aec16236066d1f6badcfb67616bcc43f1399e4cf50
main__dynamic_pedestrians__CA-GAT-MAPPO__seed6__ep03,main_comparison,dynamic_pedestrians,1,CA-GAT-MAPPO,6,3,60103,60103180312,60103180409,4,1,1500,0.1,ON,1,0.05,0.15,0,10,0.9,1.1,4,1,0,0,0,0,0,0,0,0,32.028629,33.016712,128.114514,1.309073,13.110251,12.8184,1.0228,0.918756,0.936334,6,0.708651,1.008079,267,980,0.272448979591837,0.139721,0.63796,0.602354,0.856867,175,116,0.9907,1.6682,1.1046,33.5403,0.952381,6a90eb5c2f6f6818cfbba4a0b454c79b02975e3e195f2d5cb614c7bd0987a2d7,10bd6134d1956b59ae9f946801ced612b270f924,66cc412b499a209805b0a9aec16236066d1f6badcfb67616bcc43f1399e4cf50
main__dynamic_pedestrians__CA-GAT-MAPPO__seed6__ep04,main_comparison,dynamic_pedestrians,1,CA-GAT-MAPPO,6,4,60104,60104180316,60104180413,4,1,1500,0.1,ON,1,0.05,0.15,0,10,0.9,1.1,4,1,0,0,0,0,0,0,0,0,34.074875,34.255249,136.2995,1.467743,13.319516,12.8023,1.0404,0.910121,0.831526,3,0.718238,0.950418,288,973,0.295991778006166,0.145611,0.643328,0.610502,0.807855,182,121,1.0473,1.4531,1.307,34.4018,0.952381,6a90eb5c2f6f6818cfbba4a0b454c79b02975e3e195f2d5cb614c7bd0987a2d7,10bd6134d1956b59ae9f946801ced612b270f924,66cc412b499a209805b0a9aec16236066d1f6badcfb67616bcc43f1399e4cf50
main__dynamic_pedestrians__CA-GAT-MAPPO__seed6__ep05,main_comparison,dynamic_pedestrians,1,CA-GAT-MAPPO,6,5,60105,60105180320,60105180417,4,1,1500,0.1,ON,1,0.05,0.15,0,10,0.9,1.1,4,1,0,0,0,0,0,0,0,0,30.317914,30.479503,121.271655,1.119554,13.571263,12.8081,1.0596,0.916942,0.856891,5,0.671826,0.920858,322,1123,0.28673196794301,0.125573,0.644998,0.571052,0.782729,119,79,0.8073,1.5867,1.1649,34.4092,0.952381,6a90eb5c2f6f6818cfbba4a0b454c79b02975e3e195f2d5cb614c7bd0987a2d7,10bd6134d1956b59ae9f946801ced612b270f924,66cc412b499a209805b0a9aec16236066d1f6badcfb67616bcc43f1399e4cf50
main__dynamic_pedestrians__CA-GAT-MAPPO__seed6__ep06,main_comparison,dynamic_pedestrians,1,CA-GAT-MAPPO,6,6,60106,60106180324,60106180421,4,1,1500,0.1,ON,1,0.05,0.15,0,10,0.9,1.1,4,1,0,0,0,0,0,0,0,0,29.693908,33.32925,118.775632,1.22497,13.304011,12.784,1.0407,0.955782,0.71561,4,0.698898,0.929233,333,1234,0.269854132901135,0.131134,0.628209,0.594063,0.789848,161,108,0.8403,1.4733,1.1901,33.6887,0.952381,6a90eb5c2f6f6818cfbba4a0b454c79b02975e3e195f2d5cb614c7bd0987a2d7,10bd6134d1956b59ae9f946801ced612b270f924,66cc412b499a209805b0a9aec16236066d1f6badcfb67616bcc43f1399e4cf50
main__dynamic_pedestrians__CA-GAT-MAPPO__seed6__ep07,main_comparison,dynamic_pedestrians,1,CA-GAT-MAPPO,6,7,60107,60107180328,60107180425,4,1,1500,0.1,ON,1,0.05,0.15,0,10,0.9,1.1,4,1,0,0,0,0,0,0,0,0,32.694942,33.944231,130.77977,1.294829,13.400907,12.8029,1.0467,0.924724,0.807966,4,0.661976,0.938133,332,1257,0.26412092283214,0.116146,0.638412,0.562679,0.797413,170,113,0.7523,1.3536,1.3703,31.4284,0.952381,6a90eb5c2f6f6818cfbba4a0b454c79b02975e3e195f2d5cb614c7bd0987a2d7,10bd6134d1956b59ae9f946801ced612b270f924,66cc412b499a209805b0a9aec16236066d1f6badcfb67616bcc43f1399e4cf50
main__dynamic_pedestrians__CA-GAT-MAPPO__seed6__ep08,main_comparison,dynamic_pedestrians,1,CA-GAT-MAPPO,6,8,60108,60108180332,60108180429,4,1,1500,0.1,ON,1,0.05,0.15,0,10,0.9,1.1,4,1,0,0,0,0,0,0,0,0,31.84113,33.425949,127.364521,1.39212,13.768613,12.8158,1.0743,0.94178,0.883463,5,0.680727,0.981039,318,1194,0.266331658291457,0.147625,0.611198,0.578618,0.833883,190,127,0.9093,1.8576,1.3869,37.2853,0.952381,6a90eb5c2f6f6818cfbba4a0b454c79b02975e3e195f2d5cb614c7bd0987a2d7,10bd6134d1956b59ae9f946801ced612b270f924,66cc412b499a209805b0a9aec16236066d1f6badcfb67616bcc43f1399e4cf50
main__dynamic_pedestrians__CA-GAT-MAPPO__seed6__ep09,main_comparison,dynamic_pedestrians,1,CA-GAT-MAPPO,6,9,60109,60109180336,60109180433,4,1,1500,0.1,ON,1,0.05,0.15,0,10,0.9,1.1,4,1,0,0,0,0,0,0,0,0,29.383771,31.54062,117.535084,1.190383,13.166858,12.8006,1.0286,0.916929,0.886575,3,0.670053,0.947111,348,1205,0.288796680497925,0.122416,0.621372,0.569545,0.805044,205,136,0.8285,1.3536,1.1887,31.8384,0.952381,6a90eb5c2f6f6818cfbba4a0b454c79b02975e3e195f2d5cb614c7bd0987a2d7,10bd6134d1956b59ae9f946801ced612b270f924,66cc412b499a209805b0a9aec16236066d1f6badcfb67616bcc43f1399e4cf50
main__dynamic_pedestrians__CA-GAT-MAPPO__seed7__ep00,main_comparison,dynamic_pedestrians,1,CA-GAT-MAPPO,7,0,70100,70100210300,70100210397,4,1,1500,0.1,ON,1,0.05,0.15,0,10,0.9,1.1,4,1,0,0,0,0,0,0,0,0,32.141445,33.672662,128.56578,1.304203,13.136911,12.7997,1.0263,0.946173,0.866325,2,0.646446,0.901884,433,1770,0.244632768361582,0.134174,0.626823,0.549479,0.766601,272,182,1.0495,1.3864,1.1198,32.3325,0.952381,c5f357624178b8ece5882b896805a8822cfce3350111dcb4accb2dcb62a98c13,10bd6134d1956b59ae9f946801ced612b270f924,66cc412b499a209805b0a9aec16236066d1f6badcfb67616bcc43f1399e4cf50
main__dynamic_pedestrians__CA-GAT-MAPPO__seed7__ep01,main_comparison,dynamic_pedestrians,1,CA-GAT-MAPPO,7,1,70101,70101210304,70101210401,4,1,1500,0.1,ON,1,0.05,0.15,0,10,0.9,1.1,4,1,0,0,0,0,0,0,0,0,32.582119,35.473628,130.328476,0.985402,13.67555,12.8093,1.0676,0.931285,0.777167,2,0.751965,0.950222,383,1356,0.282448377581121,0.140844,0.609298,0.639171,0.807689,257,172,1.0092,1.572,1.3279,33.1155,0.952381,c5f357624178b8ece5882b896805a8822cfce3350111dcb4accb2dcb62a98c13,10bd6134d1956b59ae9f946801ced612b270f924,66cc412b499a209805b0a9aec16236066d1f6badcfb67616bcc43f1399e4cf50
main__dynamic_pedestrians__CA-GAT-MAPPO__seed7__ep02,main_comparison,dynamic_pedestrians,1,CA-GAT-MAPPO,7,2,70102,70102210308,70102210405,4,1,1500,0.1,ON,1,0.05,0.15,0,10,0.9,1.1,4,1,0,0,0,0,0,0,0,0,28.924777,33.173013,115.699108,0.776747,13.18888,12.7926,1.031,0.949929,0.793432,2,0.741763,0.927854,490,1964,0.24949083503055,0.129997,0.658905,0.630499,0.788676,286,190,0.7597,1.8833,1.3215,32.528,0.952381,c5f357624178b8ece5882b896805a8822cfce3350111dcb4accb2dcb62a98c13,10bd6134d1956b59ae9f946801ced612b270f924,66cc412b499a209805b0a9aec16236066d1f6badcfb67616bcc43f1399e4cf50
main__dynamic_pedestrians__CA-GAT-MAPPO__seed7__ep03,main_comparison,dynamic_pedestrians,1,CA-GAT-MAPPO,7,3,70103,70103210312,70103210409,4,1,1500,0.1,ON,1,0.05,0.15,0,10,0.9,1.1,4,1,0,0,0,0,0,0,0,0,32.453468,33.009055,129.813874,1.139514,13.338813,12.7877,1.0431,0.94866,0.662205,0,0.682568,0.944692,443,1708,0.259367681498829,0.11321,0.633026,0.580183,0.802988,202,134,0.7579,1.3713,1.4562,32.4522,0.952381,c5f357624178b8ece5882b896805a8822cfce3350111dcb4accb2dcb62a98c13,10bd6134d1956b59ae9f946801ced612b270f924,66cc412b499a209805b0a9aec16236066d1f6badcfb67616bcc43f1399e4cf50
main__dynamic_pedestrians__CA-GAT-MAPPO__seed7__ep04,main_comparison,dynamic_pedestrians,1,CA-GAT-MAPPO,7,4,70104,70104210316,70104210413,4,1,1500,0.1,ON,1,0.05,0.15,0,10,0.9,1.1,4,1,0,0,0,0,0,0,0,0,31.691338,32.220779,126.765353,1.047009,13.248857,12.7963,1.0354,0.948087,0.733261,4,0.653578,0.868429,414,1790,0.231284916201117,0.12707,0.61877,0.555541,0.738164,200,133,0.9037,1.7211,1.1191,33.4605,0.952381,c5f357624178b8ece5882b896805a8822cfce3350111dcb4accb2dcb62a98c13,10bd6134d1956b59ae9f946801ced612b270f924,66cc412b499a209805b0a9aec16236066d1f6badcfb67616bcc43f1399e4cf50
main__dynamic_pedestrians__CA-GAT-MAPPO__seed7__ep05,main_comparison,dynamic_pedestrians,1,CA-GAT-MAPPO,7,5,70105,70105210320,70105210417,4,1,1500,0.1,ON,1,0.05,0.15,0,10,0.9,1.1,4,1,0,0,0,0,0,0,0,0,30.793396,34.1849,123.173583,1.129014,13.26994,12.8235,1.0348,0.944667,0.786282,6,0.723566,0.941307,438,1765,0.248158640226629,0.118197,0.616898,0.615031,0.800111,262,174,1.0729,1.6576,1.2645,34.3247,0.952381,c5f357624178b8ece5882b896805a8822cfce3350111dcb4accb2dcb62a98c13,10bd6134d1956b59ae9f946801ced612b270f924,66cc412b499a209805b0a9aec16236066d1f6badcfb67616bcc43f1399e4cf50
main__dynamic_pedestrians__CA-GAT-MAPPO__seed7__ep06,main_comparison,dynamic_pedestrians,1,CA-GAT-MAPPO,7,6,70106,70106210324,70106210421,4,1,1500,0.1,ON,1,0.05,0.15,0,10,0.9,1.1,4,1,0,0,0,0,0,0,0,0,32.631406,33.640565,130.525624,1.03724,13.403867,12.8126,1.0461,0.902535,0.827834,4,0.715091,1.012956,370,1429,0.258922323303009,0.137191,0.625338,0.607828,0.861013,287,191,0.7891,1.5747,1.3282,36.3352,0.952381,c5f357624178b8ece5882b896805a8822cfce3350111dcb4accb2dcb62a98c13,10bd6134d1956b59ae9f946801ced612b270f924,66cc412b499a209805b0a9aec16236066d1f6badcfb67616bcc43f1399e4cf50
main__dynamic_pedestrians__CA-GAT-MAPPO__seed7__ep07,main_comparison,dynamic_pedestrians,1,CA-GAT-MAPPO,7,7,70107,70107210328,70107210425,4,1,1500,0.1,ON,1,0.05,0.15,0,10,0.9,1.1,4,1,0,0,0,0,0,0,0,0,29.065686,35.594322,116.262745,1.189217,13.599278,12.7875,1.0635,0.947831,0.810214,6,0.73519,0.800667,375,1462,0.256497948016416,0.12255,0.651963,0.624912,0.680567,206,138,0.9002,1.4631,1.1335,31.5986,0.952381,c5f357624178b8ece5882b896805a8822cfce3350111dcb4accb2dcb62a98c13,10bd6134d1956b59ae9f946801ced612b270f924,66cc412b499a209805b0a9aec16236066d1f6badcfb67616bcc43f1399e4cf50
main__dynamic_pedestrians__CA-GAT-MAPPO__seed7__ep08,main_comparison,dynamic_pedestrians,1,CA-GAT-MAPPO,7,8,70108,70108210332,70108210429,4,1,1500,0.1,ON,1,0.05,0.15,0,10,0.9,1.1,4,1,0,0,0,0,0,0,0,0,32.810816,35.065099,131.243264,1.169125,13.361792,12.8135,1.0428,0.925305,0.72831,2,0.698875,0.942441,384,1497,0.256513026052104,0.134248,0.607914,0.594044,0.801075,232,154,0.7478,1.6032,1.4975,34.4728,0.952381,c5f357624178b8ece5882b896805a8822cfce3350111dcb4accb2dcb62a98c13,10bd6134d1956b59ae9f946801ced612b270f924,66cc412b499a209805b0a9aec16236066d1f6badcfb67616bcc43f1399e4cf50
main__dynamic_pedestrians__CA-GAT-MAPPO__seed7__ep09,main_comparison,dynamic_pedestrians,1,CA-GAT-MAPPO,7,9,70109,70109210336,70109210433,4,1,1500,0.1,ON,1,0.05,0.15,0,10,0.9,1.1,4,1,0,0,0,0,0,0,0,0,32.981263,33.156169,131.92505,0.860562,13.528783,12.8218,1.0551,0.956009,0.768804,2,0.677756,0.980884,372,1439,0.258512856150104,0.118862,0.646159,0.576093,0.833751,246,164,0.7925,1.5976,1.2114,32.763,0.952381,c5f357624178b8ece5882b896805a8822cfce3350111dcb4accb2dcb62a98c13,10bd6134d1956b59ae9f946801ced612b270f924,66cc412b499a209805b0a9aec16236066d1f6badcfb67616bcc43f1399e4cf50
main__mixed_complex__CA-GAT-MAPPO__seed0__ep00,main_comparison,mixed_complex,2,CA-GAT-MAPPO,0,0,200,200000600,200000697,4,1,2000,0.1,ON,1,0.05,0.15,0,10,0.9,1.1,4,1,0,0,0,0,0,0,0,0,48.347082,48.598817,193.388328,0.705984,20.551682,23.0091,0.8932,0.785927,0.77291,0,0.819266,0.830344,575,2096,0.274332061068702,0.172198,0.571689,0.696376,0.705793,379,253,0.7918,1.7392,1.3405,45.2363,0.952381,bfcedc1c8f0ae2806ebdc8d7c572ba9275e4a0487907899821a3d107e71101ce,10bd6134d1956b59ae9f946801ced612b270f924,66cc412b499a209805b0a9aec16236066d1f6badcfb67616bcc43f1399e4cf50
main__mixed_complex__CA-GAT-MAPPO__seed0__ep01,main_comparison,mixed_complex,2,CA-GAT-MAPPO,0,1,201,201000604,201000701,4,1,2000,0.1,ON,1,0.05,0.15,0,10,0.9,1.1,4,1,0,0,0,0,0,0,0,0,41.897206,48.534994,167.588824,0.732092,21.061302,23.1342,0.9104,0.80106,0.740444,0,0.944867,0.82507,579,2080,0.278365384615385,0.164906,0.635523,0.803137,0.701309,259,173,1.0531,1.5784,1.1021,46.6825,0.952381,bfcedc1c8f0ae2806ebdc8d7c572ba9275e4a0487907899821a3d107e71101ce,10bd6134d1956b59ae9f946801ced612b270f924,66cc412b499a209805b0a9aec16236066d1f6badcfb67616bcc43f1399e4cf50
main__mixed_complex__CA-GAT-MAPPO__seed0__ep02,main_comparison,mixed_complex,2,CA-GAT-MAPPO,0,2,202,202000608,202000705,4,1,2000,0.1,ON,1,0.05,0.15,0,10,0.9,1.1,4,1,0,0,0,0,0,0,0,0,39.897723,45.393941,159.590892,0.62151,21.746686,22.9326,0.9483,0.781799,0.671417,0,0.895759,0.875075,391,1349,0.289844329132691,0.158812,0.615159,0.761395,0.743813,299,200,0.9108,1.7333,1.4104,49.6239,0.952381,bfcedc1c8f0ae2806ebdc8d7c572ba9275e4a0487907899821a3d107e71101ce,10bd6134d1956b59ae9f946801ced612b270f924,66cc412b499a209805b0a9aec16236066d1f6badcfb67616bcc43f1399e4cf50
main__mixed_complex__CA-GAT-MAPPO__seed0__ep03,main_comparison,mixed_complex,2,CA-GAT-MAPPO,0,3,203,203000612,203000709,4,1,2000,0.1,ON,1,0.05,0.15,0,10,0.9,1.1,4,1,0,0,0,0,0,0,0,0,49.119362,49.374958,196.477446,0.559729,20.998316,23.0527,0.9109,0.794405,0.754958,1,0.826279,0.799709,557,1988,0.280181086519115,0.153155,0.592833,0.702337,0.679752,254,170,0.7863,1.6456,1.1516,42.9663,0.952381,bfcedc1c8f0ae2806ebdc8d7c572ba9275e4a0487907899821a3d107e71101ce,10bd6134d1956b59ae9f946801ced612b270f924,66cc412b499a209805b0a9aec16236066d1f6badcfb67616bcc43f1399e4cf50
main__mixed_complex__CA-GAT-MAPPO__seed0__ep04,main_comparison,mixed_complex,2,CA-GAT-MAPPO,0,4,204,204000616,204000713,4,1,2000,0.1,ON,1,0.05,0.15,0,10,0.9,1.1,4,1,0,0,0,0,0,0,0,0,46.312209,46.55377,185.248836,0.56483,20.710357,23.1777,0.8935,0.811251,0.80596,0,0.814163,0.819994,548,1975,0.27746835443038,0.1467,0.598215,0.692039,0.696995,363,242,0.9265,1.6719,1.3175,47.6519,0.952381,bfcedc1c8f0ae2806ebdc8d7c572ba9275e4a0487907899821a3d107e71101ce,10bd6134d1956b59ae9f946801ced612b270f924,66cc412b499a209805b0a9aec16236066d1f6badcfb67616bcc43f1399e4cf50
main__mixed_complex__CA-GAT-MAPPO__seed0__ep05,main_comparison,mixed_complex,2,CA-GAT-MAPPO,0,5,205,205000620,205000717,4,1,2000,0.1,ON,1,0.05,0.15,0,10,0.9,1.1,4,1,0,0,0,0,0,0,0,0,42.944028,46.466254,171.776111,0.719319,20.532915,23.1388,0.8874,0.801897,0.666486,1,0.855798,0.851956,468,1695,0.276106194690265,0.16437,0.593169,0.727429,0.724163,371,247,0.7232,1.8927,1.2246,49.569,0.952381,bfcedc1c8f0ae2806ebdc8d7c572ba9275e4a0487907899821a3d107e71101ce,10bd6134d1956b59ae9f946801ced612b270f924,66cc412b499a209805b0a9aec16236066d1f6badcfb67616bcc43f1399e4cf50
main__mixed_complex__CA-GAT-MAPPO__seed0__ep06,main_comparison,mixed_complex,2,CA-GAT-MAPPO,0,6,206,206000624,206000721,4,1,2000,0.1,ON,1,0.05,0.15,0,10,0.9,1.1,4,1,0,0,0,0,0,0,0,0,46.645735,48.957827,186.582939,0.678864,21.41233,22.9948,0.9312,0.787195,0.778913,0,0.818244,0.814066,530,1828,0.289934354485777,0.159077,0.594941,0.695507,0.691956,392,262,1.0031,1.6001,1.117,43.4988,0.952381,bfcedc1c8f0ae2806ebdc8d7c572ba9275e4a0487907899821a3d107e71101ce,10bd6134d1956b59ae9f946801ced612b270f924,66cc412b499a209805b0a9aec16236066d1f6badcfb67616bcc43f1399e4cf50
main__mixed_complex__CA-GAT-MAPPO__seed0__ep07,main_comparison,mixed_complex,2,CA-GAT-MAPPO,0,7,207,207000628,207000725,4,1,2000,0.1,ON,1,0.05,0.15,0,10,0.9,1.1,4,1,0,0,0,0,0,0,0,0,46.718996,49.352102,186.875984,0.670175,21.1615,23.0529,0.918,0.811416,0.756937,0,0.911095,0.86863,506,1860,0.272043010752688,0.16296,0.574973,0.774431,0.738335,326,218,1.092,1.6898,1.3999,44.9991,0.952381,bfcedc1c8f0ae2806ebdc8d7c572ba9275e4a0487907899821a3d107e71101ce,10bd6134d1956b59ae9f946801ced612b270f924,66cc412b499a209805b0a9aec16236066d1f6badcfb67616bcc43f1399e4cf50
main__mixed_complex__CA-GAT-MAPPO__seed0__ep08,main_comparison,mixed_complex,2,CA-GAT-MAPPO,0,8,208,208000632,208000729,4,1,2000,0.1,ON,1,0.05,0.15,0,10,0.9,1.1,4,1,0,0,0,0,0,0,0,0,46.560686,49.796395,186.242746,0.6361,20.753496,22.9902,0.9027,0.795354,0.689537,1,0.885306,0.85804,493,1771,0.278373800112931,0.153939,0.582426,0.75251,0.729334,307,204,0.7817,1.351,1.4256,49.0354,0.952381,bfcedc1c8f0ae2806ebdc8d7c572ba9275e4a0487907899821a3d107e71101ce,10bd6134d1956b59ae9f946801ced612b270f924,66cc412b499a209805b0a9aec16236066d1f6badcfb67616bcc43f1399e4cf50
main__mixed_complex__CA-GAT-MAPPO__seed0__ep09,main_comparison,mixed_complex,2,CA-GAT-MAPPO,0,9,209,209000636,209000733,4,1,2000,0.1,ON,1,0.05,0.15,0,10,0.9,1.1,4,1,0,0,0,0,0,0,0,0,47.347285,47.976316,189.38914,0.625279,21.678166,23.0095,0.9421,0.811877,0.745378,0,0.784594,0.743565,489,1763,0.277368122518435,0.133886,0.615242,0.666905,0.632031,280,186,0.9743,1.791,1.3875,45.386,0.952381,bfcedc1c8f0ae2806ebdc8d7c572ba9275e4a0487907899821a3d107e71101ce,10bd6134d1956b59ae9f946801ced612b270f924,66cc412b499a209805b0a9aec16236066d1f6badcfb67616bcc43f1399e4cf50
main__mixed_complex__CA-GAT-MAPPO__seed1__ep00,main_comparison,mixed_complex,2,CA-GAT-MAPPO,1,0,10200,10200030600,10200030697,4,1,2000,0.1,ON,1,0.05,0.15,0,10,0.9,1.1,4,1,0,0,0,0,0,0,0,0,44.687675,49.216355,178.750702,0.565428,21.793852,22.9948,0.9478,0.793222,0.59997,2,0.81287,0.7944,578,2127,0.271744240714622,0.158393,0.593561,0.690939,0.67524,405,270,0.7403,1.4741,1.4775,43.433,0.952381,8ed99808c66525bebda19333f1531725f5d3205410e0532243400e3764a1fdb8,10bd6134d1956b59ae9f946801ced612b270f924,66cc412b499a209805b0a9aec16236066d1f6badcfb67616bcc43f1399e4cf50
main__mixed_complex__CA-GAT-MAPPO__seed1__ep01,main_comparison,mixed_complex,2,CA-GAT-MAPPO,1,1,10201,10201030604,10201030701,4,1,2000,0.1,ON,1,0.05,0.15,0,10,0.9,1.1,4,1,0,0,0,0,0,0,0,0,45.330614,47.97561,181.322454,0.592319,20.946464,23.1388,0.9053,0.790938,0.642589,2,0.852766,0.738852,582,2043,0.284875183553598,0.1367,0.621277,0.724851,0.628025,272,181,0.8801,1.8349,1.3074,49.5863,0.952381,8ed99808c66525bebda19333f1531725f5d3205410e0532243400e3764a1fdb8,10bd6134d1956b59ae9f946801ced612b270f924,66cc412b499a209805b0a9aec16236066d1f6badcfb67616bcc43f1399e4cf50
main__mixed_complex__CA-GAT-MAPPO__seed1__ep02,main_comparison,mixed_complex,2,CA-GAT-MAPPO,1,2,10202,10202030608,10202030705,4,1,2000,0.1,ON,1,0.05,0.15,0,10,0.9,1.1,4,1,0,0,0,0,0,0,0,0,42.204908,50.178777,168.81963,0.558507,21.229674,22.8845,0.9277,0.774547,0.740842,1,0.887617,0.83251,558,1826,0.305585980284776,0.157005,0.569688,0.754474,0.707633,331,220,1.073,1.6943,1.3131,47.1814,0.952381,8ed99808c66525bebda19333f1531725f5d3205410e0532243400e3764a1fdb8,10bd6134d1956b59ae9f946801ced612b270f924,66cc412b499a209805b0a9aec16236066d1f6badcfb67616bcc43f1399e4cf50
main__mixed_complex__CA-GAT-MAPPO__seed1__ep03,main_comparison,mixed_complex,2,CA-GAT-MAPPO,1,3,10203,10203030612,10203030709,4,1,2000,0.1,ON,1,0.05,0.15,0,10,0.9,1.1,4,1,0,0,0,0,0,0,0,0,47.464256,48.658873,189.857024,0.680065,20.941472,23.1154,0.906,0.791285,0.803843,0,0.855071,0.78601,481,1568,0.306760204081633,0.151096,0.613866,0.726811,0.668109,385,256,1.0084,1.6877,1.3573,46.2416,0.952381,8ed99808c66525bebda19333f1531725f5d3205410e0532243400e3764a1fdb8,10bd6134d1956b59ae9f946801ced612b270f924,66cc412b499a209805b0a9aec16236066d1f6badcfb67616bcc43f1399e4cf50
main__mixed_complex__CA-GAT-MAPPO__seed1__ep04,main_comparison,mixed_complex,2,CA-GAT-MAPPO,1,4,10204,10204030616,10204030713,4,1,2000,0.1,ON,1,0.05,0.15,0,10,0.9,1.1,4,1,0,0,0,0,0,0,0,0,44.482409,49.958504,177.929634,0.662218,21.3875,22.9467,0.9321,0.805144,0.755883,2,0.822977,0.745215,526,1876,0.280383795309169,0.15352,0.595287,0.69953,0.633433,281,187,0.8083,1.4119,1.3836,47.2941,0.952381,8ed99808c66525bebda19333f1531725f5d3205410e0532243400e3764a1fdb8,10bd6134d1956b59ae9f946801ced612b270f924,66cc412b499a209805b0a9aec16236066d1f6badcfb67616bcc43f1399e4cf50
main__mixed_complex__CA-GAT-MAPPO__seed1__ep05,main_comparison,mixed_complex,2,CA-GAT-MAPPO,1,5,10205,10205030620,10205030717,4,1,2000,0.1,ON,1,0.05,0.15,0,10,0.9,1.1,4,1,0,0,0,0,0,0,0,0,45.350365,48.177315,181.401458,0.75259,21.9162,23.1777,0.9456,0.762849,0.660271,2,0.797947,0.781049,496,1754,0.282782212086659,0.174753,0.585841,0.678255,0.663892,392,262,0.8986,1.6271,1.2198,49.5444,0.952381,8ed99808c66525bebda19333f1531725f5d3205410e0532243400e3764a1fdb8,10bd6134d1956b59ae9f946801ced612b270f924,66cc412b499a209805b0a9aec16236066d1f6badcfb67616bcc43f1399e4cf50
main__mixed_complex__CA-GAT-MAPPO__seed1__ep06,main_comparison,mixed_complex,2,CA-GAT-MAPPO,1,6,10206,10206030624,10206030721,4,1,2000,0.1,ON,1,0.05,0.15,0,10,0.9,1.1,4,1,0,0,0,0,0,0,0,0,43.213537,48.75858,172.854149,0.770759,20.776029,23.1195,0.8986,0.788245,0.575611,2,0.829406,0.782698,548,1768,0.309954751131222,0.169573,0.592763,0.704995,0.665294,295,196,0.9077,1.784,1.4429,49.7853,0.952381,8ed99808c66525bebda19333f1531725f5d3205410e0532243400e3764a1fdb8,10bd6134d1956b59ae9f946801ced612b270f924,66cc412b499a209805b0a9aec16236066d1f6badcfb67616bcc43f1399e4cf50
main__mixed_complex__CA-GAT-MAPPO__seed1__ep07,main_comparison,mixed_complex,2,CA-GAT-MAPPO,1,7,10207,10207030628,10207030725,4,1,2000,0.1,ON,1,0.05,0.15,0,10,0.9,1.1,4,1,0,0,0,0,0,0,0,0,44.417705,50.85776,177.670821,0.511131,21.019933,23.0527,0.9118,0.764576,0.615007,0,0.839645,0.822394,558,1889,0.295394388565378,0.15825,0.616519,0.713698,0.699035,286,191,0.9454,1.4932,1.3948,46.0178,0.952381,8ed99808c66525bebda19333f1531725f5d3205410e0532243400e3764a1fdb8,10bd6134d1956b59ae9f946801ced612b270f924,66cc412b499a209805b0a9aec16236066d1f6badcfb67616bcc43f1399e4cf50
main__mixed_complex__CA-GAT-MAPPO__seed1__ep08,main_comparison,mixed_complex,2,CA-GAT-MAPPO,1,8,10208,10208030632,10208030729,4,1,2000,0.1,ON,1,0.05,0.15,0,10,0.9,1.1,4,1,0,0,0,0,0,0,0,0,48.83476,49.088934,195.339041,0.480643,21.278821,23.2011,0.9171,0.795225,0.652798,3,0.834312,0.766069,467,1664,0.280649038461538,0.155368,0.598069,0.709165,0.651159,368,245,0.7529,1.3791,1.1924,46.241,0.952381,8ed99808c66525bebda19333f1531725f5d3205410e0532243400e3764a1fdb8,10bd6134d1956b59ae9f946801ced612b270f924,66cc412b499a209805b0a9aec16236066d1f6badcfb67616bcc43f1399e4cf50
main__mixed_complex__CA-GAT-MAPPO__seed1__ep09,main_comparison,mixed_complex,2,CA-GAT-MAPPO,1,9,10209,10209030636,10209030733,4,1,2000,0.1,ON,1,0.05,0.15,0,10,0.9,1.1,4,1,0,0,0,0,0,0,0,0,47.01945,47.838346,188.077801,0.592856,21.312243,23.0529,0.9245,0.786589,0.688628,2,0.825132,0.780233,569,1846,0.308234019501625,0.153899,0.596396,0.701363,0.663198,377,251,0.8048,1.5062,1.1396,47.3965,0.952381,8ed99808c66525bebda19333f1531725f5d3205410e0532243400e3764a1fdb8,10bd6134d1956b59ae9f946801ced612b270f924,66cc412b499a209805b0a9aec16236066d1f6badcfb67616bcc43f1399e4cf50
main__mixed_complex__CA-GAT-MAPPO__seed2__ep00,main_comparison,mixed_complex,2,CA-GAT-MAPPO,2,0,20200,20200060600,20200060697,4,1,2000,0.1,ON,1,0.05,0.15,0,10,0.9,1.1,4,1,0,0,0,0,0,0,0,0,44.301265,47.31126,177.20506,0.763188,20.910562,22.9323,0.9118,0.806522,0.712866,1,0.886786,0.795778,472,1708,0.276346604215457,0.149461,0.634064,0.753768,0.676411,337,225,0.7418,1.5662,1.4792,44.3857,0.952381,83df6211c82175f2b55c0f388fd343ffc3f228c028273b13498381129ab10241,10bd6134d1956b59ae9f946801ced612b270f924,66cc412b499a209805b0a9aec16236066d1f6badcfb67616bcc43f1399e4cf50
main__mixed_complex__CA-GAT-MAPPO__seed2__ep01,main_comparison,mixed_complex,2,CA-GAT-MAPPO,2,1,20201,20201060604,20201060701,4,1,2000,0.1,ON,1,0.05,0.15,0,10,0.9,1.1,4,1,0,0,0,0,0,0,0,0,44.09618,47.780292,176.384721,0.763712,21.486759,23.0576,0.9319,0.787695,0.705454,0,0.86376,0.82612,576,2047,0.281387396189546,0.14567,0.602909,0.734196,0.702202,285,190,0.7828,1.4668,1.1939,47.8097,0.952381,83df6211c82175f2b55c0f388fd343ffc3f228c028273b13498381129ab10241,10bd6134d1956b59ae9f946801ced612b270f924,66cc412b499a209805b0a9aec16236066d1f6badcfb67616bcc43f1399e4cf50
main__mixed_complex__CA-GAT-MAPPO__seed2__ep02,main_comparison,mixed_complex,2,CA-GAT-MAPPO,2,2,20202,20202060608,20202060705,4,1,2000,0.1,ON,1,0.05,0.15,0,10,0.9,1.1,4,1,0,0,0,0,0,0,0,0,49.28338,49.539797,197.13352,0.63835,20.570358,22.947,0.8964,0.785785,0.673521,0,0.849606,0.74356,479,1850,0.258918918918919,0.161583,0.587611,0.722165,0.632026,374,250,0.7187,1.3778,1.4321,43.0072,0.952381,83df6211c82175f2b55c0f388fd343ffc3f228c028273b13498381129ab10241,10bd6134d1956b59ae9f946801ced612b270f924,66cc412b499a209805b0a9aec16236066d1f6badcfb67616bcc43f1399e4cf50
main__mixed_complex__CA-GAT-MAPPO__seed2__ep03,main_comparison,mixed_complex,2,CA-GAT-MAPPO,2,3,20203,20203060612,20203060709,4,1,2000,0.1,ON,1,0.05,0.15,0,10,0.9,1.1,4,1,0,0,0,0,0,0,0,0,44.062926,46.096273,176.251704,0.610627,21.393308,23.1966,0.9223,0.813948,0.772717,0,0.978638,0.928097,530,1854,0.285868392664509,0.15433,0.59921,0.831843,0.788882,297,198,0.9152,1.5901,1.3744,46.3203,0.952381,83df6211c82175f2b55c0f388fd343ffc3f228c028273b13498381129ab10241,10bd6134d1956b59ae9f946801ced612b270f924,66cc412b499a209805b0a9aec16236066d1f6badcfb67616bcc43f1399e4cf50
main__mixed_complex__CA-GAT-MAPPO__seed2__ep04,main_comparison,mixed_complex,2,CA-GAT-MAPPO,2,4,20204,20204060616,20204060713,4,1,2000,0.1,ON,1,0.05,0.15,0,10,0.9,1.1,4,1,0,0,0,0,0,0,0,0,44.136584,47.889826,176.546335,0.784816,20.884014,22.8654,0.9133,0.798497,0.711515,0,0.897484,0.774565,524,1759,0.297896532120523,0.18315,0.584511,0.762861,0.65838,392,261,0.8165,1.8321,1.243,46.6056,0.952381,83df6211c82175f2b55c0f388fd343ffc3f228c028273b13498381129ab10241,10bd6134d1956b59ae9f946801ced612b270f924,66cc412b499a209805b0a9aec16236066d1f6badcfb67616bcc43f1399e4cf50
main__mixed_complex__CA-GAT-MAPPO__seed2__ep05,main_comparison,mixed_complex,2,CA-GAT-MAPPO,2,5,20205,20205060620,20205060717,4,1,2000,0.1,ON,1,0.05,0.15,0,10,0.9,1.1,4,1,0,0,0,0,0,0,0,0,41.735416,47.415296,166.941663,0.938405,21.211685,23.1342,0.9169,0.807692,0.774961,1,0.890497,0.784913,528,1779,0.296795952782462,0.163144,0.604508,0.756922,0.667176,325,217,1.035,1.8139,1.3015,48.3505,0.952381,83df6211c82175f2b55c0f388fd343ffc3f228c028273b13498381129ab10241,10bd6134d1956b59ae9f946801ced612b270f924,66cc412b499a209805b0a9aec16236066d1f6badcfb67616bcc43f1399e4cf50
main__mixed_complex__CA-GAT-MAPPO__seed2__ep06,main_comparison,mixed_complex,2,CA-GAT-MAPPO,2,6,20206,20206060624,20206060721,4,1,2000,0.1,ON,1,0.05,0.15,0,10,0.9,1.1,4,1,0,0,0,0,0,0,0,0,44.62242,47.441626,178.489678,0.601536,20.86425,23.1823,0.9,0.794728,0.724283,1,0.825131,0.863605,610,2107,0.289511153298529,0.145395,0.577768,0.701361,0.734065,264,176,0.8093,1.3231,1.4706,45.5323,0.952381,83df6211c82175f2b55c0f388fd343ffc3f228c028273b13498381129ab10241,10bd6134d1956b59ae9f946801ced612b270f924,66cc412b499a209805b0a9aec16236066d1f6badcfb67616bcc43f1399e4cf50
main__mixed_complex__CA-GAT-MAPPO__seed2__ep07,main_comparison,mixed_complex,2,CA-GAT-MAPPO,2,7,20207,20207060628,20207060725,4,1,2000,0.1,ON,1,0.05,0.15,0,10,0.9,1.1,4,1,0,0,0,0,0,0,0,0,47.280812,51.177803,189.123248,0.727513,21.186718,22.9902,0.9216,0.791834,0.706867,1,0.84462,0.814392,548,1798,0.304783092324805,0.162846,0.591085,0.717927,0.692233,300,200,0.7441,1.8896,1.4075,46.4167,0.952381,83df6211c82175f2b55c0f388fd343ffc3f228c028273b13498381129ab10241,10bd6134d1956b59ae9f946801ced612b270f924,66cc412b499a209805b0a9aec16236066d1f6badcfb67616bcc43f1399e4cf50
main__mixed_complex__CA-GAT-MAPPO__seed2__ep08,main_comparison,mixed_complex,2,CA-GAT-MAPPO,2,8,20208,20208060632,20208060729,4,1,2000,0.1,ON,1,0.05,0.15,0,10,0.9,1.1,4,1,0,0,0,0,0,0,0,0,50.258127,50.519418,201.03251,0.842556,21.561028,23.0529,0.9353,0.814287,0.617167,0,0.838156,0.818314,618,2196,0.281420765027322,0.150758,0.60376,0.712433,0.695567,328,219,0.7355,1.82,1.2156,46.5021,0.952381,83df6211c82175f2b55c0f388fd343ffc3f228c028273b13498381129ab10241,10bd6134d1956b59ae9f946801ced612b270f924,66cc412b499a209805b0a9aec16236066d1f6badcfb67616bcc43f1399e4cf50
main__mixed_complex__CA-GAT-MAPPO__seed2__ep09,main_comparison,mixed_complex,2,CA-GAT-MAPPO,2,9,20209,20209060636,20209060733,4,1,2000,0.1,ON,1,0.05,0.15,0,10,0.9,1.1,4,1,0,0,0,0,0,0,0,0,45.095936,48.912111,180.383746,0.724316,21.383641,23.2401,0.9201,0.787344,0.738722,1,0.839826,0.801568,672,2285,0.294091903719913,0.16902,0.608757,0.713852,0.681333,238,159,1.0392,1.5905,1.1514,45.3945,0.952381,83df6211c82175f2b55c0f388fd343ffc3f228c028273b13498381129ab10241,10bd6134d1956b59ae9f946801ced612b270f924,66cc412b499a209805b0a9aec16236066d1f6badcfb67616bcc43f1399e4cf50
main__mixed_complex__CA-GAT-MAPPO__seed3__ep00,main_comparison,mixed_complex,2,CA-GAT-MAPPO,3,0,30200,30200090600,30200090697,4,1,2000,0.1,ON,1,0.05,0.15,0,10,0.9,1.1,4,1,0,0,0,0,0,0,0,0,42.735958,44.283601,170.943832,0.715055,20.533484,23.1823,0.8857,0.803323,0.684804,1,0.913519,0.81155,497,1712,0.290303738317757,0.170037,0.60349,0.776491,0.689818,305,203,0.7814,1.5285,1.3031,48.6231,0.952381,db73792d69e34f730009208f36e16377f566a0653b487afb0c9e2546504e61a0,10bd6134d1956b59ae9f946801ced612b270f924,66cc412b499a209805b0a9aec16236066d1f6badcfb67616bcc43f1399e4cf50
main__mixed_complex__CA-GAT-MAPPO__seed3__ep01,main_comparison,mixed_complex,2,CA-GAT-MAPPO,3,1,30201,30201090604,30201090701,4,1,2000,0.1,ON,1,0.05,0.15,0,10,0.9,1.1,4,1,0,0,0,0,0,0,0,0,47.578888,47.826783,190.315553,0.500218,21.761686,22.9467,0.9484,0.78813,0.733382,0,0.818565,0.840645,568,1864,0.304721030042919,0.150358,0.609311,0.69578,0.714548,349,233,0.9836,1.6771,1.1535,45.7672,0.952381,db73792d69e34f730009208f36e16377f566a0653b487afb0c9e2546504e61a0,10bd6134d1956b59ae9f946801ced612b270f924,66cc412b499a209805b0a9aec16236066d1f6badcfb67616bcc43f1399e4cf50
main__mixed_complex__CA-GAT-MAPPO__seed3__ep02,main_comparison,mixed_complex,2,CA-GAT-MAPPO,3,2,30202,30202090608,30202090705,4,1,2000,0.1,ON,1,0.05,0.15,0,10,0.9,1.1,4,1,0,0,0,0,0,0,0,0,50.818367,51.082459,203.27347,0.537502,21.062497,23.1777,0.9087,0.803886,0.798479,0,0.886164,0.850792,575,2196,0.26183970856102,0.150891,0.594221,0.753239,0.723174,263,175,0.7201,1.4106,1.2699,52.4831,0.952381,db73792d69e34f730009208f36e16377f566a0653b487afb0c9e2546504e61a0,10bd6134d1956b59ae9f946801ced612b270f924,66cc412b499a209805b0a9aec16236066d1f6badcfb67616bcc43f1399e4cf50
main__mixed_complex__CA-GAT-MAPPO__seed3__ep03,main_comparison,mixed_complex,2,CA-GAT-MAPPO,3,3,30203,30203090612,30203090709,4,1,2000,0.1,ON,1,0.05,0.15,0,10,0.9,1.1,4,1,0,0,0,0,0,0,0,0,47.777733,48.04933,191.110933,0.51155,21.205918,23.1388,0.9165,0.773521,0.798241,0,0.891333,0.827723,539,1919,0.280875455966649,0.150978,0.613567,0.757633,0.703564,319,213,0.976,1.5278,1.1595,46.8534,0.952381,db73792d69e34f730009208f36e16377f566a0653b487afb0c9e2546504e61a0,10bd6134d1956b59ae9f946801ced612b270f924,66cc412b499a209805b0a9aec16236066d1f6badcfb67616bcc43f1399e4cf50
main__mixed_complex__CA-GAT-MAPPO__seed3__ep04,main_comparison,mixed_complex,2,CA-GAT-MAPPO,3,4,30204,30204090616,30204090713,4,1,2000,0.1,ON,1,0.05,0.15,0,10,0.9,1.1,4,1,0,0,0,0,0,0,0,0,48.299906,48.551406,193.199626,0.58488,21.60267,23.1342,0.9338,0.809536,0.93474,0,0.835177,0.851372,608,2270,0.26784140969163,0.171631,0.58219,0.7099,0.723667,235,156,0.9665,1.6348,1.439,49.1154,0.952381,db73792d69e34f730009208f36e16377f566a0653b487afb0c9e2546504e61a0,10bd6134d1956b59ae9f946801ced612b270f924,66cc412b499a209805b0a9aec16236066d1f6badcfb67616bcc43f1399e4cf50
main__mixed_complex__CA-GAT-MAPPO__seed3__ep05,main_comparison,mixed_complex,2,CA-GAT-MAPPO,3,5,30205,30205090620,30205090717,4,1,2000,0.1,ON,1,0.05,0.15,0,10,0.9,1.1,4,1,0,0,0,0,0,0,0,0,45.090423,47.069654,180.361693,0.562686,21.41532,23.0092,0.9307,0.802197,0.660106,0,0.852204,0.786701,624,2100,0.297142857142857,0.160089,0.583759,0.724374,0.668696,272,181,0.852,1.5845,1.1748,44.0233,0.952381,db73792d69e34f730009208f36e16377f566a0653b487afb0c9e2546504e61a0,10bd6134d1956b59ae9f946801ced612b270f924,66cc412b499a209805b0a9aec16236066d1f6badcfb67616bcc43f1399e4cf50
main__mixed_complex__CA-GAT-MAPPO__seed3__ep06,main_comparison,mixed_complex,2,CA-GAT-MAPPO,3,6,30206,30206090624,30206090721,4,1,2000,0.1,ON,1,0.05,0.15,0,10,0.9,1.1,4,1,0,0,0,0,0,0,0,0,46.788166,47.373196,187.152664,0.582661,21.304356,23.0719,0.9234,0.771561,0.784285,0,0.968503,0.840853,689,2389,0.288405190456258,0.152226,0.588426,0.823228,0.714725,401,268,0.8604,1.7672,1.3502,47.2291,0.952381,db73792d69e34f730009208f36e16377f566a0653b487afb0c9e2546504e61a0,10bd6134d1956b59ae9f946801ced612b270f924,66cc412b499a209805b0a9aec16236066d1f6badcfb67616bcc43f1399e4cf50
main__mixed_complex__CA-GAT-MAPPO__seed3__ep07,main_comparison,mixed_complex,2,CA-GAT-MAPPO,3,7,30207,30207090628,30207090725,4,1,2000,0.1,ON,1,0.05,0.15,0,10,0.9,1.1,4,1,0,0,0,0,0,0,0,0,48.81801,49.0721,195.272041,0.620397,21.873419,23.0573,0.9487,0.801965,0.785771,0,0.899071,0.777509,393,1381,0.284576393917451,0.154293,0.578252,0.76421,0.660882,304,202,1.0934,1.6841,1.252,46.1915,0.952381,db73792d69e34f730009208f36e16377f566a0653b487afb0c9e2546504e61a0,10bd6134d1956b59ae9f946801ced612b270f924,66cc412b499a209805b0a9aec16236066d1f6badcfb67616bcc43f1399e4cf50
main__mixed_complex__CA-GAT-MAPPO__seed3__ep08,main_comparison,mixed_complex,2,CA-GAT-MAPPO,3,8,30208,30208090632,30208090729,4,1,2000,0.1,ON,1,0.05,0.15,0,10,0.9,1.1,4,1,0,0,0,0,0,0,0,0,46.982082,48.09025,187.92833,0.606702,20.901553,23.1151,0.9042,0.783254,0.618193,0,0.886062,0.794778,491,1856,0.264547413793103,0.147581,0.615745,0.753153,0.675561,319,213,1.0963,1.6882,1.4446,45.3881,0.952381,db73792d69e34f730009208f36e16377f566a0653b487afb0c9e2546504e61a0,10bd6134d1956b59ae9f946801ced612b270f924,66cc412b499a209805b0a9aec16236066d1f6badcfb67616bcc43f1399e4cf50
main__mixed_complex__CA-GAT-MAPPO__seed3__ep09,main_comparison,mixed_complex,2,CA-GAT-MAPPO,3,9,30209,30209090636,30209090733,4,1,2000,0.1,ON,1,0.05,0.15,0,10,0.9,1.1,4,1,0,0,0,0,0,0,0,0,47.929651,48.1793,191.718606,0.645437,20.681916,23.0576,0.897,0.786816,0.661003,0,0.870174,0.834995,463,1719,0.26934264107039,0.158192,0.620457,0.739647,0.709746,367,244,0.9069,1.6854,1.1473,51.5837,0.952381,db73792d69e34f730009208f36e16377f566a0653b487afb0c9e2546504e61a0,10bd6134d1956b59ae9f946801ced612b270f924,66cc412b499a209805b0a9aec16236066d1f6badcfb67616bcc43f1399e4cf50
main__mixed_complex__CA-GAT-MAPPO__seed4__ep00,main_comparison,mixed_complex,2,CA-GAT-MAPPO,4,0,40200,40200120600,40200120697,4,1,2000,0.1,ON,1,0.05,0.15,0,10,0.9,1.1,4,1,0,0,0,0,0,0,0,0,48.602134,49.59401,194.408534,0.641862,21.640848,23.0526,0.9388,0.786052,0.66196,0,0.904169,0.7709,572,1930,0.296373056994819,0.150759,0.632521,0.768543,0.655265,204,136,0.8026,1.8638,1.3399,46.2139,0.952381,f5e210f1f3eada71e80dc9a96ddd0372317557285c215726f7fc87779a373c42,10bd6134d1956b59ae9f946801ced612b270f924,66cc412b499a209805b0a9aec16236066d1f6badcfb67616bcc43f1399e4cf50
main__mixed_complex__CA-GAT-MAPPO__seed4__ep01,main_comparison,mixed_complex,2,CA-GAT-MAPPO,4,1,40201,40201120604,40201120701,4,1,2000,0.1,ON,1,0.05,0.15,0,10,0.9,1.1,4,1,0,0,0,0,0,0,0,0,43.987353,49.434049,175.949412,0.748748,21.605116,23.0529,0.9372,0.794732,0.701962,1,0.897074,0.814337,493,1798,0.274193548387097,0.1604,0.602954,0.762513,0.692187,257,172,0.7257,1.8138,1.3259,48.6141,0.952381,f5e210f1f3eada71e80dc9a96ddd0372317557285c215726f7fc87779a373c42,10bd6134d1956b59ae9f946801ced612b270f924,66cc412b499a209805b0a9aec16236066d1f6badcfb67616bcc43f1399e4cf50
main__mixed_complex__CA-GAT-MAPPO__seed4__ep02,main_comparison,mixed_complex,2,CA-GAT-MAPPO,4,2,40202,40202120608,40202120705,4,1,2000,0.1,ON,1,0.05,0.15,0,10,0.9,1.1,4,1,0,0,0,0,0,0,0,0,42.314331,49.12642,169.257325,0.85954,20.444478,22.9904,0.8893,0.800238,0.725898,0,0.855725,0.778232,563,2012,0.279821073558648,0.154483,0.608169,0.727367,0.661497,252,168,0.956,1.4663,1.324,50.657,0.952381,f5e210f1f3eada71e80dc9a96ddd0372317557285c215726f7fc87779a373c42,10bd6134d1956b59ae9f946801ced612b270f924,66cc412b499a209805b0a9aec16236066d1f6badcfb67616bcc43f1399e4cf50
main__mixed_complex__CA-GAT-MAPPO__seed4__ep03,main_comparison,mixed_complex,2,CA-GAT-MAPPO,4,3,40203,40203120612,40203120709,4,1,2000,0.1,ON,1,0.05,0.15,0,10,0.9,1.1,4,1,0,0,0,0,0,0,0,0,46.678862,48.78993,186.715449,0.67099,21.26534,23.0141,0.924,0.779501,0.792946,0,0.858548,0.822462,516,1834,0.281352235550709,0.151554,0.59692,0.729765,0.699092,415,276,1.0681,1.861,1.1657,45.011,0.952381,f5e210f1f3eada71e80dc9a96ddd0372317557285c215726f7fc87779a373c42,10bd6134d1956b59ae9f946801ced612b270f924,66cc412b499a209805b0a9aec16236066d1f6badcfb67616bcc43f1399e4cf50
main__mixed_complex__CA-GAT-MAPPO__seed4__ep04,main_comparison,mixed_complex,2,CA-GAT-MAPPO,4,4,40204,40204120616,40204120713,4,1,2000,0.1,ON,1,0.05,0.15,0,10,0.9,1.1,4,1,0,0,0,0,0,0,0,0,48.534513,48.896153,194.138053,0.8971,20.62345,22.7771,0.9054,0.809554,0.749025,0,0.81608,0.799887,492,1666,0.2953181272509,0.144794,0.596208,0.693668,0.679904,398,265,0.823,1.8961,1.2483,49.0439,0.952381,f5e210f1f3eada71e80dc9a96ddd0372317557285c215726f7fc87779a373c42,10bd6134d1956b59ae9f946801ced612b270f924,66cc412b499a209805b0a9aec16236066d1f6badcfb67616bcc43f1399e4cf50
main__mixed_complex__CA-GAT-MAPPO__seed4__ep05,main_comparison,mixed_complex,2,CA-GAT-MAPPO,4,5,40205,40205120620,40205120717,4,1,2000,0.1,ON,1,0.05,0.15,0,10,0.9,1.1,4,1,0,0,0,0,0,0,0,0,49.242117,50.084579,196.968467,0.709862,21.392037,23.0095,0.9297,0.806415,0.764287,0,0.900857,0.832271,476,1650,0.288484848484849,0.158699,0.571859,0.765729,0.70743,371,247,0.8055,1.4465,1.3686,50.251,0.952381,f5e210f1f3eada71e80dc9a96ddd0372317557285c215726f7fc87779a373c42,10bd6134d1956b59ae9f946801ced612b270f924,66cc412b499a209805b0a9aec16236066d1f6badcfb67616bcc43f1399e4cf50
main__mixed_complex__CA-GAT-MAPPO__seed4__ep06,main_comparison,mixed_complex,2,CA-GAT-MAPPO,4,6,40206,40206120624,40206120721,4,1,2000,0.1,ON,1,0.05,0.15,0,10,0.9,1.1,4,1,0,0,0,0,0,0,0,0,45.09258,50.831648,180.370321,0.64503,21.802164,23.0576,0.9456,0.786386,0.783159,0,0.867078,0.844227,540,1903,0.283762480294272,0.16738,0.602283,0.737016,0.717593,304,202,0.7459,1.384,1.344,46.9538,0.952381,f5e210f1f3eada71e80dc9a96ddd0372317557285c215726f7fc87779a373c42,10bd6134d1956b59ae9f946801ced612b270f924,66cc412b499a209805b0a9aec16236066d1f6badcfb67616bcc43f1399e4cf50
main__mixed_complex__CA-GAT-MAPPO__seed4__ep07,main_comparison,mixed_complex,2,CA-GAT-MAPPO,4,7,40207,40207120628,40207120725,4,1,2000,0.1,ON,1,0.05,0.15,0,10,0.9,1.1,4,1,0,0,0,0,0,0,0,0,45.871345,48.036698,183.485379,0.767893,22.309351,23.2011,0.9616,0.798333,0.686707,0,0.803932,0.835045,587,1857,0.316101238556812,0.143186,0.573803,0.683342,0.709788,407,271,0.9516,1.6616,1.3506,46.175,0.952381,f5e210f1f3eada71e80dc9a96ddd0372317557285c215726f7fc87779a373c42,10bd6134d1956b59ae9f946801ced612b270f924,66cc412b499a209805b0a9aec16236066d1f6badcfb67616bcc43f1399e4cf50
main__mixed_complex__CA-GAT-MAPPO__seed4__ep08,main_comparison,mixed_complex,2,CA-GAT-MAPPO,4,8,40208,40208120632,40208120729,4,1,2000,0.1,ON,1,0.05,0.15,0,10,0.9,1.1,4,1,0,0,0,0,0,0,0,0,47.423891,49.007057,189.695563,0.895416,21.539844,23.0716,0.9336,0.812005,0.68126,1,0.898141,0.843033,585,1990,0.293969849246231,0.170346,0.622022,0.76342,0.716578,333,222,0.9406,1.5827,1.2984,48.2586,0.952381,f5e210f1f3eada71e80dc9a96ddd0372317557285c215726f7fc87779a373c42,10bd6134d1956b59ae9f946801ced612b270f924,66cc412b499a209805b0a9aec16236066d1f6badcfb67616bcc43f1399e4cf50
main__mixed_complex__CA-GAT-MAPPO__seed4__ep09,main_comparison,mixed_complex,2,CA-GAT-MAPPO,4,9,40209,40209120636,40209120733,4,1,2000,0.1,ON,1,0.05,0.15,0,10,0.9,1.1,4,1,0,0,0,0,0,0,0,0,45.316501,51.310197,181.266005,0.726643,21.26391,23.1342,0.9192,0.810736,0.792288,1,0.783188,0.782529,545,1850,0.294594594594595,0.167881,0.593283,0.66571,0.66515,338,225,0.8031,1.6718,1.2056,47.0593,0.952381,f5e210f1f3eada71e80dc9a96ddd0372317557285c215726f7fc87779a373c42,10bd6134d1956b59ae9f946801ced612b270f924,66cc412b499a209805b0a9aec16236066d1f6badcfb67616bcc43f1399e4cf50
main__mixed_complex__CA-GAT-MAPPO__seed5__ep00,main_comparison,mixed_complex,2,CA-GAT-MAPPO,5,0,50200,50200150600,50200150697,4,1,2000,0.1,ON,1,0.05,0.15,0,10,0.9,1.1,4,1,0,0,0,0,0,0,0,0,43.458854,47.546697,173.835416,0.89751,21.117604,23.1966,0.9104,0.788491,0.725238,0,0.824878,0.788149,541,1925,0.281038961038961,0.167319,0.588252,0.701146,0.669927,362,242,0.7026,1.7257,1.4003,48.3013,0.952381,da29fb12dd230cb7a8ee1e88c60ca8b2d6077612165ed390a9456fb3ca05bd64,10bd6134d1956b59ae9f946801ced612b270f924,66cc412b499a209805b0a9aec16236066d1f6badcfb67616bcc43f1399e4cf50
main__mixed_complex__CA-GAT-MAPPO__seed5__ep01,main_comparison,mixed_complex,2,CA-GAT-MAPPO,5,1,50201,50201150604,50201150701,4,1,2000,0.1,ON,1,0.05,0.15,0,10,0.9,1.1,4,1,0,0,0,0,0,0,0,0,45.621308,45.859414,182.485232,0.860786,20.954331,23.1154,0.9065,0.795141,0.618661,0,0.834469,0.787058,513,1598,0.321026282853567,0.140257,0.599379,0.709299,0.668999,303,202,0.7967,1.4053,1.1382,48.088,0.952381,da29fb12dd230cb7a8ee1e88c60ca8b2d6077612165ed390a9456fb3ca05bd64,10bd6134d1956b59ae9f946801ced612b270f924,66cc412b499a209805b0a9aec16236066d1f6badcfb67616bcc43f1399e4cf50
main__mixed_complex__CA-GAT-MAPPO__seed5__ep02,main_comparison,mixed_complex,2,CA-GAT-MAPPO,5,2,50202,50202150608,50202150705,4,1,2000,0.1,ON,1,0.05,0.15,0,10,0.9,1.1,4,1,0,0,0,0,0,0,0,0,45.683853,47.227127,182.735412,0.614688,20.554363,23.0527,0.8916,0.802039,0.556876,0,0.871013,0.794264,552,2025,0.272592592592593,0.149626,0.602577,0.740361,0.675125,288,192,0.8111,1.7468,1.2184,49.0379,0.952381,da29fb12dd230cb7a8ee1e88c60ca8b2d6077612165ed390a9456fb3ca05bd64,10bd6134d1956b59ae9f946801ced612b270f924,66cc412b499a209805b0a9aec16236066d1f6badcfb67616bcc43f1399e4cf50
main__mixed_complex__CA-GAT-MAPPO__seed5__ep03,main_comparison,mixed_complex,2,CA-GAT-MAPPO,5,3,50203,50203150612,50203150709,4,1,2000,0.1,ON,1,0.05,0.15,0,10,0.9,1.1,4,1,0,0,0,0,0,0,0,0,45.696998,50.406011,182.787992,1.027761,21.674867,22.9467,0.9446,0.797073,0.648329,0,0.865257,0.794359,497,1782,0.278900112233446,0.154576,0.560762,0.735469,0.675206,341,228,0.7413,1.4852,1.497,46.2077,0.952381,da29fb12dd230cb7a8ee1e88c60ca8b2d6077612165ed390a9456fb3ca05bd64,10bd6134d1956b59ae9f946801ced612b270f924,66cc412b499a209805b0a9aec16236066d1f6badcfb67616bcc43f1399e4cf50
main__mixed_complex__CA-GAT-MAPPO__seed5__ep04,main_comparison,mixed_complex,2,CA-GAT-MAPPO,5,4,50204,50204150616,50204150713,4,1,2000,0.1,ON,1,0.05,0.15,0,10,0.9,1.1,4,1,0,0,0,0,0,0,0,0,48.280825,49.19966,193.1233,0.784304,21.032869,23.1198,0.9097,0.821573,0.606352,0,0.825748,0.786323,474,1561,0.303651505445227,0.156583,0.624548,0.701886,0.668375,371,248,0.9035,1.5899,1.1093,49.2986,0.952381,da29fb12dd230cb7a8ee1e88c60ca8b2d6077612165ed390a9456fb3ca05bd64,10bd6134d1956b59ae9f946801ced612b270f924,66cc412b499a209805b0a9aec16236066d1f6badcfb67616bcc43f1399e4cf50
main__mixed_complex__CA-GAT-MAPPO__seed5__ep05,main_comparison,mixed_complex,2,CA-GAT-MAPPO,5,5,50205,50205150620,50205150717,4,1,2000,0.1,ON,1,0.05,0.15,0,10,0.9,1.1,4,1,0,0,0,0,0,0,0,0,46.03169,47.408367,184.126758,0.739285,20.889897,22.9279,0.9111,0.77538,0.603416,0,0.860223,0.757198,586,1852,0.316414686825054,0.151522,0.602004,0.731189,0.643618,347,232,0.9702,1.4708,1.1041,42.2,0.952381,da29fb12dd230cb7a8ee1e88c60ca8b2d6077612165ed390a9456fb3ca05bd64,10bd6134d1956b59ae9f946801ced612b270f924,66cc412b499a209805b0a9aec16236066d1f6badcfb67616bcc43f1399e4cf50
main__mixed_complex__CA-GAT-MAPPO__seed5__ep06,main_comparison,mixed_complex,2,CA-GAT-MAPPO,5,6,50206,50206150624,50206150721,4,1,2000,0.1,ON,1,0.05,0.15,0,10,0.9,1.1,4,1,0,0,0,0,0,0,0,0,41.721007,45.885294,166.88403,0.811499,20.910551,23.1342,0.9039,0.804853,0.643226,0,0.904206,0.829085,604,1930,0.312953367875648,0.162675,0.624043,0.768575,0.704722,331,221,1.0703,1.6759,1.2043,44.8353,0.952381,da29fb12dd230cb7a8ee1e88c60ca8b2d6077612165ed390a9456fb3ca05bd64,10bd6134d1956b59ae9f946801ced612b270f924,66cc412b499a209805b0a9aec16236066d1f6badcfb67616bcc43f1399e4cf50
main__mixed_complex__CA-GAT-MAPPO__seed5__ep07,main_comparison,mixed_complex,2,CA-GAT-MAPPO,5,7,50207,50207150628,50207150725,4,1,2000,0.1,ON,1,0.05,0.15,0,10,0.9,1.1,4,1,0,0,0,0,0,0,0,0,48.92104,51.06975,195.68416,0.760746,21.112744,23.2401,0.9085,0.786003,0.630232,1,0.862979,0.735258,569,1937,0.293753226639133,0.147672,0.594289,0.733532,0.624969,338,226,0.9742,1.4159,1.2281,45.2989,0.952381,da29fb12dd230cb7a8ee1e88c60ca8b2d6077612165ed390a9456fb3ca05bd64,10bd6134d1956b59ae9f946801ced612b270f924,66cc412b499a209805b0a9aec16236066d1f6badcfb67616bcc43f1399e4cf50
main__mixed_complex__CA-GAT-MAPPO__seed5__ep08,main_comparison,mixed_complex,2,CA-GAT-MAPPO,5,8,50208,50208150632,50208150729,4,1,2000,0.1,ON,1,0.05,0.15,0,10,0.9,1.1,4,1,0,0,0,0,0,0,0,0,43.977627,48.417531,175.910509,0.679624,21.418183,23.2445,0.9214,0.813676,0.578803,0,0.833426,0.785207,545,1696,0.321344339622641,0.142493,0.592088,0.708412,0.667426,340,226,0.9698,1.3216,1.1452,48.5642,0.952381,da29fb12dd230cb7a8ee1e88c60ca8b2d6077612165ed390a9456fb3ca05bd64,10bd6134d1956b59ae9f946801ced612b270f924,66cc412b499a209805b0a9aec16236066d1f6badcfb67616bcc43f1399e4cf50
main__mixed_complex__CA-GAT-MAPPO__seed5__ep09,main_comparison,mixed_complex,2,CA-GAT-MAPPO,5,9,50209,50209150636,50209150733,4,1,2000,0.1,ON,1,0.05,0.15,0,10,0.9,1.1,4,1,0,0,0,0,0,0,0,0,46.042605,46.541556,184.17042,0.714625,21.103292,22.7817,0.9263,0.791439,0.70682,0,0.843872,0.792717,639,2195,0.291116173120729,0.146299,0.592945,0.717291,0.673809,241,160,0.9097,1.7511,1.2515,47.7095,0.952381,da29fb12dd230cb7a8ee1e88c60ca8b2d6077612165ed390a9456fb3ca05bd64,10bd6134d1956b59ae9f946801ced612b270f924,66cc412b499a209805b0a9aec16236066d1f6badcfb67616bcc43f1399e4cf50
main__mixed_complex__CA-GAT-MAPPO__seed6__ep00,main_comparison,mixed_complex,2,CA-GAT-MAPPO,6,0,60200,60200180600,60200180697,4,1,2000,0.1,ON,1,0.05,0.15,0,10,0.9,1.1,4,1,0,0,0,0,0,0,0,0,44.257912,48.54799,177.031647,0.609291,20.808825,22.9018,0.9086,0.78789,0.686506,0,0.870745,0.874354,549,1717,0.31974373907979,0.151648,0.596535,0.740133,0.743201,328,219,0.8185,1.5538,1.1417,46.4503,0.952381,ed09582cb314a7d6fb62a2969e8ec146c4ad5a35bbded88314c57cd591ec5719,10bd6134d1956b59ae9f946801ced612b270f924,66cc412b499a209805b0a9aec16236066d1f6badcfb67616bcc43f1399e4cf50
main__mixed_complex__CA-GAT-MAPPO__seed6__ep01,main_comparison,mixed_complex,2,CA-GAT-MAPPO,6,1,60201,60201180604,60201180701,4,1,2000,0.1,ON,1,0.05,0.15,0,10,0.9,1.1,4,1,0,0,0,0,0,0,0,0,43.443365,46.310896,173.773462,0.737036,21.658558,23.0095,0.9413,0.778561,0.64805,0,0.850855,0.831237,615,2124,0.28954802259887,0.142984,0.59068,0.723226,0.706551,316,210,0.7459,1.4542,1.1842,47.1211,0.952381,ed09582cb314a7d6fb62a2969e8ec146c4ad5a35bbded88314c57cd591ec5719,10bd6134d1956b59ae9f946801ced612b270f924,66cc412b499a209805b0a9aec16236066d1f6badcfb67616bcc43f1399e4cf50
main__mixed_complex__CA-GAT-MAPPO__seed6__ep02,main_comparison,mixed_complex,2,CA-GAT-MAPPO,6,2,60202,60202180608,60202180705,4,1,2000,0.1,ON,1,0.05,0.15,0,10,0.9,1.1,4,1,0,0,0,0,0,0,0,0,49.17131,49.427166,196.68524,0.633607,21.542499,23.1777,0.9295,0.799498,0.671247,0,0.810789,0.792632,422,1481,0.284942606347063,0.162829,0.589783,0.68917,0.673737,272,181,0.708,1.4668,1.1103,46.9634,0.952381,ed09582cb314a7d6fb62a2969e8ec146c4ad5a35bbded88314c57cd591ec5719,10bd6134d1956b59ae9f946801ced612b270f924,66cc412b499a209805b0a9aec16236066d1f6badcfb67616bcc43f1399e4cf50
main__mixed_complex__CA-GAT-MAPPO__seed6__ep03,main_comparison,mixed_complex,2,CA-GAT-MAPPO,6,3,60203,60203180612,60203180709,4,1,2000,0.1,ON,1,0.05,0.15,0,10,0.9,1.1,4,1,0,0,0,0,0,0,0,0,45.105166,49.301844,180.420666,0.86094,21.600949,22.9692,0.9404,0.773233,0.721673,0,0.845765,0.831366,427,1502,0.284287616511318,0.138649,0.572219,0.7189,0.706661,366,244,0.9513,1.5502,1.1145,49.1172,0.952381,ed09582cb314a7d6fb62a2969e8ec146c4ad5a35bbded88314c57cd591ec5719,10bd6134d1956b59ae9f946801ced612b270f924,66cc412b499a209805b0a9aec16236066d1f6badcfb67616bcc43f1399e4cf50
main__mixed_complex__CA-GAT-MAPPO__seed6__ep04,main_comparison,mixed_complex,2,CA-GAT-MAPPO,6,4,60204,60204180616,60204180713,4,1,2000,0.1,ON,1,0.05,0.15,0,10,0.9,1.1,4,1,0,0,0,0,0,0,0,0,47.213139,49.749399,188.852557,0.708718,21.34378,22.8654,0.9335,0.80154,0.774216,0,0.803914,0.743578,727,2536,0.286671924290221,0.151299,0.648659,0.683327,0.632041,297,198,0.7584,1.4231,1.1461,49.4386,0.952381,ed09582cb314a7d6fb62a2969e8ec146c4ad5a35bbded88314c57cd591ec5719,10bd6134d1956b59ae9f946801ced612b270f924,66cc412b499a209805b0a9aec16236066d1f6badcfb67616bcc43f1399e4cf50
main__mixed_complex__CA-GAT-MAPPO__seed6__ep05,main_comparison,mixed_complex,2,CA-GAT-MAPPO,6,5,60205,60205180620,60205180717,4,1,2000,0.1,ON,1,0.05,0.15,0,10,0.9,1.1,4,1,0,0,0,0,0,0,0,0,46.599411,46.842409,186.397646,0.635815,21.949581,23.1342,0.9488,0.789216,0.71764,0,0.859656,0.812613,560,1930,0.290155440414508,0.153,0.571461,0.730707,0.690721,265,176,0.9887,1.5563,1.2204,46.7366,0.952381,ed09582cb314a7d6fb62a2969e8ec146c4ad5a35bbded88314c57cd591ec5719,10bd6134d1956b59ae9f946801ced612b270f924,66cc412b499a209805b0a9aec16236066d1f6badcfb67616bcc43f1399e4cf50
main__mixed_complex__CA-GAT-MAPPO__seed6__ep06,main_comparison,mixed_complex,2,CA-GAT-MAPPO,6,6,60206,60206180624,60206180721,4,1,2000,0.1,ON,1,0.05,0.15,0,10,0.9,1.1,4,1,0,0,0,0,0,0,0,0,46.411639,46.653697,185.646554,0.654861,21.535279,23.1777,0.9291,0.773849,0.70913,0,0.871473,0.789459,484,1558,0.310654685494223,0.161929,0.614183,0.740752,0.67104,326,217,0.7908,1.5414,1.2894,50.7083,0.952381,ed09582cb314a7d6fb62a2969e8ec146c4ad5a35bbded88314c57cd591ec5719,10bd6134d1956b59ae9f946801ced612b270f924,66cc412b499a209805b0a9aec16236066d1f6badcfb67616bcc43f1399e4cf50
main__mixed_complex__CA-GAT-MAPPO__seed6__ep07,main_comparison,mixed_complex,2,CA-GAT-MAPPO,6,7,60207,60207180628,60207180725,4,1,2000,0.1,ON,1,0.05,0.15,0,10,0.9,1.1,4,1,0,0,0,0,0,0,0,0,47.407358,48.046062,189.629433,0.707871,21.019243,22.822,0.921,0.780414,0.67127,0,0.796845,0.832053,699,2414,0.289560894780447,0.156814,0.623938,0.677319,0.707245,349,232,1.0104,1.3841,1.4044,48.3145,0.952381,ed09582cb314a7d6fb62a2969e8ec146c4ad5a35bbded88314c57cd591ec5719,10bd6134d1956b59ae9f946801ced612b270f924,66cc412b499a209805b0a9aec16236066d1f6badcfb67616bcc43f1399e4cf50
main__mixed_complex__CA-GAT-MAPPO__seed6__ep08,main_comparison,mixed_complex,2,CA-GAT-MAPPO,6,8,60208,60208180632,60208180729,4,1,2000,0.1,ON,1,0.05,0.15,0,10,0.9,1.1,4,1,0,0,0,0,0,0,0,0,46.703187,51.183188,186.812746,0.646368,21.34372,23.1342,0.9226,0.790124,0.609572,0,0.858159,0.788716,538,1772,0.303611738148984,0.158653,0.589706,0.729435,0.670408,319,212,1.025,1.3043,1.17,44.3941,0.952381,ed09582cb314a7d6fb62a2969e8ec146c4ad5a35bbded88314c57cd591ec5719,10bd6134d1956b59ae9f946801ced612b270f924,66cc412b499a209805b0a9aec16236066d1f6badcfb67616bcc43f1399e4cf50
main__mixed_complex__CA-GAT-MAPPO__seed6__ep09,main_comparison,mixed_complex,2,CA-GAT-MAPPO,6,9,60209,60209180636,60209180733,4,1,2000,0.1,ON,1,0.05,0.15,0,10,0.9,1.1,4,1,0,0,0,0,0,0,0,0,43.372684,47.189612,173.490737,0.706102,21.354814,23.1195,0.9237,0.792004,0.712977,0,0.887342,0.798356,588,1936,0.303719008264463,0.173131,0.597393,0.754241,0.678602,406,271,0.9925,1.3334,1.4638,46.8737,0.952381,ed09582cb314a7d6fb62a2969e8ec146c4ad5a35bbded88314c57cd591ec5719,10bd6134d1956b59ae9f946801ced612b270f924,66cc412b499a209805b0a9aec16236066d1f6badcfb67616bcc43f1399e4cf50
main__mixed_complex__CA-GAT-MAPPO__seed7__ep00,main_comparison,mixed_complex,2,CA-GAT-MAPPO,7,0,70200,70200210600,70200210697,4,1,2000,0.1,ON,1,0.05,0.15,0,10,0.9,1.1,4,1,0,0,0,0,0,0,0,0,46.548567,47.806281,186.194269,1.008644,20.487458,22.9279,0.8936,0.771964,0.798996,0,0.804321,0.825775,478,1744,0.274082568807339,0.158689,0.601797,0.683673,0.701908,420,280,0.818,1.4338,1.4736,44.8931,0.952381,7aecf6a7e53711d5a0f1473913406cc645bbc0aa42ebc65a753ac1a5648703b0,10bd6134d1956b59ae9f946801ced612b270f924,66cc412b499a209805b0a9aec16236066d1f6badcfb67616bcc43f1399e4cf50
main__mixed_complex__CA-GAT-MAPPO__seed7__ep01,main_comparison,mixed_complex,2,CA-GAT-MAPPO,7,1,70201,70201210604,70201210701,4,1,2000,0.1,ON,1,0.05,0.15,0,10,0.9,1.1,4,1,0,0,0,0,0,0,0,0,46.505945,52.176366,186.023778,0.795702,20.833661,23.0095,0.9054,0.771118,0.681219,0,0.773025,0.766495,545,1827,0.298303229337712,0.144678,0.615663,0.657071,0.651521,302,201,0.7108,1.7874,1.2268,52.2182,0.952381,7aecf6a7e53711d5a0f1473913406cc645bbc0aa42ebc65a753ac1a5648703b0,10bd6134d1956b59ae9f946801ced612b270f924,66cc412b499a209805b0a9aec16236066d1f6badcfb67616bcc43f1399e4cf50
main__mixed_complex__CA-GAT-MAPPO__seed7__ep02,main_comparison,mixed_complex,2,CA-GAT-MAPPO,7,2,70202,70202210608,70202210705,4,1,2000,0.1,ON,1,0.05,0.15,0,10,0.9,1.1,4,1,0,0,0,0,0,0,0,0,42.199141,49.230958,168.796566,0.789171,21.035084,23.0893,0.911,0.79923,0.583016,0,0.820562,0.803229,478,1790,0.267039106145251,0.161058,0.589277,0.697478,0.682744,364,243,0.8617,1.8027,1.4501,50.6483,0.952381,7aecf6a7e53711d5a0f1473913406cc645bbc0aa42ebc65a753ac1a5648703b0,10bd6134d1956b59ae9f946801ced612b270f924,66cc412b499a209805b0a9aec16236066d1f6badcfb67616bcc43f1399e4cf50
main__mixed_complex__CA-GAT-MAPPO__seed7__ep03,main_comparison,mixed_complex,2,CA-GAT-MAPPO,7,3,70203,70203210612,70203210709,4,1,2000,0.1,ON,1,0.05,0.15,0,10,0.9,1.1,4,1,0,0,0,0,0,0,0,0,46.382196,50.565327,185.528785,0.899619,21.363792,23.0576,0.9265,0.784009,0.596035,0,0.83601,0.909979,532,1764,0.301587301587302,0.153148,0.598572,0.710609,0.773482,391,261,0.9275,1.3191,1.4924,48.3699,0.952381,7aecf6a7e53711d5a0f1473913406cc645bbc0aa42ebc65a753ac1a5648703b0,10bd6134d1956b59ae9f946801ced612b270f924,66cc412b499a209805b0a9aec16236066d1f6badcfb67616bcc43f1399e4cf50
main__mixed_complex__CA-GAT-MAPPO__seed7__ep04,main_comparison,mixed_complex,2,CA-GAT-MAPPO,7,4,70204,70204210616,70204210713,4,1,2000,0.1,ON,1,0.05,0.15,0,10,0.9,1.1,4,1,0,0,0,0,0,0,0,0,46.426737,49.295472,185.706946,0.740727,20.797295,23.1777,0.8973,0.786716,0.671065,0,0.714899,0.815774,530,1936,0.273760330578512,0.135796,0.592676,0.607664,0.693408,386,257,0.7892,1.7054,1.1608,50.335,0.952381,7aecf6a7e53711d5a0f1473913406cc645bbc0aa42ebc65a753ac1a5648703b0,10bd6134d1956b59ae9f946801ced612b270f924,66cc412b499a209805b0a9aec16236066d1f6badcfb67616bcc43f1399e4cf50
main__mixed_complex__CA-GAT-MAPPO__seed7__ep05,main_comparison,mixed_complex,2,CA-GAT-MAPPO,7,5,70205,70205210620,70205210717,4,1,2000,0.1,ON,1,0.05,0.15,0,10,0.9,1.1,4,1,0,0,0,0,0,0,0,0,44.953025,49.403327,179.812099,0.974028,21.345641,23.0716,0.9252,0.781972,0.665343,1,0.773095,0.862366,454,1557,0.291586384071933,0.169309,0.616972,0.657131,0.733011,331,220,0.7497,1.4025,1.1945,48.4315,0.952381,7aecf6a7e53711d5a0f1473913406cc645bbc0aa42ebc65a753ac1a5648703b0,10bd6134d1956b59ae9f946801ced612b270f924,66cc412b499a209805b0a9aec16236066d1f6badcfb67616bcc43f1399e4cf50
main__mixed_complex__CA-GAT-MAPPO__seed7__ep06,main_comparison,mixed_complex,2,CA-GAT-MAPPO,7,6,70206,70206210624,70206210721,4,1,2000,0.1,ON,1,0.05,0.15,0,10,0.9,1.1,4,1,0,0,0,0,0,0,0,0,45.274068,48.620808,181.096273,0.809246,21.924903,23.0095,0.9529,0.790876,0.843295,0,0.844609,0.866106,599,2170,0.276036866359447,0.153064,0.588858,0.717918,0.73619,262,175,0.8895,1.3109,1.258,47.5601,0.952381,7aecf6a7e53711d5a0f1473913406cc645bbc0aa42ebc65a753ac1a5648703b0,10bd6134d1956b59ae9f946801ced612b270f924,66cc412b499a209805b0a9aec16236066d1f6badcfb67616bcc43f1399e4cf50
main__mixed_complex__CA-GAT-MAPPO__seed7__ep07,main_comparison,mixed_complex,2,CA-GAT-MAPPO,7,7,70207,70207210628,70207210725,4,1,2000,0.1,ON,1,0.05,0.15,0,10,0.9,1.1,4,1,0,0,0,0,0,0,0,0,46.974137,50.304695,187.896547,0.776788,20.286654,22.9467,0.8841,0.774568,0.621423,1,0.857144,0.811132,518,1788,0.289709172259508,0.150265,0.578531,0.728572,0.689462,365,243,0.9993,1.5633,1.402,47.9285,0.952381,7aecf6a7e53711d5a0f1473913406cc645bbc0aa42ebc65a753ac1a5648703b0,10bd6134d1956b59ae9f946801ced612b270f924,66cc412b499a209805b0a9aec16236066d1f6badcfb67616bcc43f1399e4cf50
main__mixed_complex__CA-GAT-MAPPO__seed7__ep08,main_comparison,mixed_complex,2,CA-GAT-MAPPO,7,8,70208,70208210632,70208210729,4,1,2000,0.1,ON,1,0.05,0.15,0,10,0.9,1.1,4,1,0,0,0,0,0,0,0,0,46.730171,49.939987,186.920686,0.782556,20.565723,23.1823,0.8871,0.806687,0.750713,0,0.82074,0.884862,558,1927,0.28956927867151,0.180444,0.618003,0.697629,0.752133,268,179,0.7425,1.5277,1.3989,46.4873,0.952381,7aecf6a7e53711d5a0f1473913406cc645bbc0aa42ebc65a753ac1a5648703b0,10bd6134d1956b59ae9f946801ced612b270f924,66cc412b499a209805b0a9aec16236066d1f6badcfb67616bcc43f1399e4cf50
main__mixed_complex__CA-GAT-MAPPO__seed7__ep09,main_comparison,mixed_complex,2,CA-GAT-MAPPO,7,9,70209,70209210636,70209210733,4,1,2000,0.1,ON,1,0.05,0.15,0,10,0.9,1.1,4,1,0,0,0,0,0,0,0,0,45.333185,51.356152,181.332738,0.926497,21.543225,22.9642,0.9381,0.799594,0.49371,1,0.820801,0.863668,687,2277,0.301712779973649,0.143913,0.603145,0.697681,0.734118,262,175,0.9498,1.3065,1.4694,48.2665,0.952381,7aecf6a7e53711d5a0f1473913406cc645bbc0aa42ebc65a753ac1a5648703b0,10bd6134d1956b59ae9f946801ced612b270f924,66cc412b499a209805b0a9aec16236066d1f6badcfb67616bcc43f1399e4cf50
