record_id,protocol_id,scenario,controller,group_type,group_id,evaluation_episode_index,robot_count,safety_envelope,control_step_s,fully_successful_episode,successful_robots,collision_episode,collision_type,rr_near_miss_count,rp_near_miss_count,intervention_count,evaluated_command_count,intervention_ratio,mean_normalized_intervention_magnitude,episode_max_normalized_intervention_magnitude,average_completion_time_s,makespan_s,average_waiting_time_s,min_rr_center_distance_m,min_rp_center_distance_m,checkpoint_sha256,evaluation_seed_e,robot_random_seed,pedestrian_random_seed,draw_id
audit__static_clutter__Classical_local_controller__g0__ep00,safety_envelope_intervention_audit (independent evaluation draw from main experiment),static_clutter,Classical local controller,evaluation_seed,0,0,4,ON,0.1,1,4,0,N/A,0,N/A,404,1390,0.290647482014389,0.12172,1.009,32.448,36.3418,2.4735,0.686684,N/A,N/A,6549,6549949,N/A (no pedestrians),draw_static_clutter_Classical local controller_g0_ep0
audit__static_clutter__Classical_local_controller__g0__ep01,safety_envelope_intervention_audit,static_clutter,Classical local controller,evaluation_seed,0,1,4,ON,0.1,1,4,0,N/A,0,N/A,403,1614,0.249690210656753,0.119889,0.989,32.0394,35.8842,1.1204,0.64465,N/A,N/A,7175,7175675,N/A (no pedestrians),draw_static_clutter_Classical local controller_g0_ep1
audit__static_clutter__Classical_local_controller__g0__ep02,safety_envelope_intervention_audit,static_clutter,Classical local controller,evaluation_seed,0,2,4,ON,0.1,1,4,0,N/A,0,N/A,420,1629,0.257826887661142,0.116441,0.999,31.1956,34.9391,2.055,0.671959,N/A,N/A,8409,8409109,N/A (no pedestrians),draw_static_clutter_Classical local controller_g0_ep2
audit__static_clutter__Classical_local_controller__g0__ep03,safety_envelope_intervention_audit,static_clutter,Classical local controller,evaluation_seed,0,3,4,ON,0.1,1,4,0,N/A,0,N/A,433,1475,0.293559322033898,0.120458,0.999,33.4791,37.4966,2.2298,0.673383,N/A,N/A,10599,10599499,N/A (no pedestrians),draw_static_clutter_Classical local controller_g0_ep3
audit__static_clutter__Classical_local_controller__g0__ep04,safety_envelope_intervention_audit,static_clutter,Classical local controller,evaluation_seed,0,4,4,ON,0.1,1,4,0,N/A,0,N/A,412,1357,0.303610906411201,0.106259,0.999,31.6091,35.4022,1.0372,0.630101,N/A,N/A,6479,6479879,N/A (no pedestrians),draw_static_clutter_Classical local controller_g0_ep4
audit__static_clutter__Classical_local_controller__g0__ep05,safety_envelope_intervention_audit,static_clutter,Classical local controller,evaluation_seed,0,5,4,ON,0.1,1,4,0,N/A,0,N/A,414,1561,0.265214606021781,0.113918,0.999,30.3131,33.9507,1.3565,0.685707,N/A,N/A,10967,10967867,N/A (no pedestrians),draw_static_clutter_Classical local controller_g0_ep5
audit__static_clutter__Classical_local_controller__g0__ep06,safety_envelope_intervention_audit,static_clutter,Classical local controller,evaluation_seed,0,6,4,ON,0.1,1,4,0,N/A,0,N/A,388,1487,0.260928043039677,0.110529,0.999,32.1328,35.9888,2.0392,0.679681,N/A,N/A,5464,5464764,N/A (no pedestrians),draw_static_clutter_Classical local controller_g0_ep6
audit__static_clutter__Classical_local_controller__g0__ep07,safety_envelope_intervention_audit,static_clutter,Classical local controller,evaluation_seed,0,7,4,ON,0.1,1,4,0,N/A,0,N/A,446,1590,0.280503144654088,0.110996,0.999,32.2834,36.1574,2.1676,0.698573,N/A,N/A,10789,10789689,N/A (no pedestrians),draw_static_clutter_Classical local controller_g0_ep7
audit__static_clutter__Classical_local_controller__g0__ep08,safety_envelope_intervention_audit,static_clutter,Classical local controller,evaluation_seed,0,8,4,ON,0.1,1,4,0,N/A,0,N/A,443,1613,0.274643521388717,0.127231,0.999,33.4447,37.4581,1.667,0.676051,N/A,N/A,7025,7025525,N/A (no pedestrians),draw_static_clutter_Classical local controller_g0_ep8
audit__static_clutter__Classical_local_controller__g0__ep09,safety_envelope_intervention_audit,static_clutter,Classical local controller,evaluation_seed,0,9,4,ON,0.1,1,4,0,N/A,0,N/A,396,1506,0.262948207171315,0.115714,0.999,33.7584,37.8094,1.7372,0.696928,N/A,N/A,10710,10710610,N/A (no pedestrians),draw_static_clutter_Classical local controller_g0_ep9
audit__static_clutter__Classical_local_controller__g1__ep00,safety_envelope_intervention_audit,static_clutter,Classical local controller,evaluation_seed,1,0,4,ON,0.1,1,4,0,N/A,0,N/A,393,1513,0.259748843357568,0.128172,1.009,30.6032,34.2755,2.2377,0.630008,N/A,N/A,9795,9795595,N/A (no pedestrians),draw_static_clutter_Classical local controller_g1_ep0
audit__static_clutter__Classical_local_controller__g1__ep01,safety_envelope_intervention_audit,static_clutter,Classical local controller,evaluation_seed,1,1,4,ON,0.1,1,4,0,N/A,0,N/A,412,1401,0.294075660242684,0.122748,0.989,33.0958,37.0673,1.4308,0.683672,N/A,N/A,9858,9858658,N/A (no pedestrians),draw_static_clutter_Classical local controller_g1_ep1
audit__static_clutter__Classical_local_controller__g1__ep02,safety_envelope_intervention_audit,static_clutter,Classical local controller,evaluation_seed,1,2,4,ON,0.1,1,4,0,N/A,0,N/A,407,1394,0.291965566714491,0.125878,0.999,31.1794,34.9209,1.1904,0.681388,N/A,N/A,11523,11523523,N/A (no pedestrians),draw_static_clutter_Classical local controller_g1_ep2
audit__static_clutter__Classical_local_controller__g1__ep03,safety_envelope_intervention_audit,static_clutter,Classical local controller,evaluation_seed,1,3,4,ON,0.1,1,4,0,N/A,0,N/A,408,1583,0.257738471257107,0.12039,0.999,31.036,34.7603,2.072,0.695182,N/A,N/A,9882,9882682,N/A (no pedestrians),draw_static_clutter_Classical local controller_g1_ep3
audit__static_clutter__Classical_local_controller__g1__ep04,safety_envelope_intervention_audit,static_clutter,Classical local controller,evaluation_seed,1,4,4,ON,0.1,1,4,0,N/A,0,N/A,401,1574,0.254764930114358,0.120431,0.999,33.9971,38.0767,1.2733,0.679845,N/A,N/A,5582,5582882,N/A (no pedestrians),draw_static_clutter_Classical local controller_g1_ep4
audit__static_clutter__Classical_local_controller__g1__ep05,safety_envelope_intervention_audit,static_clutter,Classical local controller,evaluation_seed,1,5,4,ON,0.1,1,4,0,N/A,0,N/A,379,1479,0.256254225828262,0.149076,0.999,32.0251,35.8681,1.0181,0.650066,N/A,N/A,8742,8742442,N/A (no pedestrians),draw_static_clutter_Classical local controller_g1_ep5
audit__static_clutter__Classical_local_controller__g1__ep06,safety_envelope_intervention_audit,static_clutter,Classical local controller,evaluation_seed,1,6,4,ON,0.1,1,4,0,N/A,0,N/A,399,1467,0.2719836400818,0.137345,0.999,30.6207,34.2951,2.2884,0.702985,N/A,N/A,7938,7938538,N/A (no pedestrians),draw_static_clutter_Classical local controller_g1_ep6
audit__static_clutter__Classical_local_controller__g1__ep07,safety_envelope_intervention_audit,static_clutter,Classical local controller,evaluation_seed,1,7,4,ON,0.1,1,4,0,N/A,0,N/A,414,1575,0.262857142857143,0.147699,0.999,32.8091,36.7462,2.1366,0.634517,N/A,N/A,5404,5404704,N/A (no pedestrians),draw_static_clutter_Classical local controller_g1_ep7
audit__static_clutter__Classical_local_controller__g1__ep08,safety_envelope_intervention_audit,static_clutter,Classical local controller,evaluation_seed,1,8,4,ON,0.1,1,4,0,N/A,0,N/A,379,1537,0.24658425504229,0.144585,0.999,34.5712,38.7198,1.9488,0.699672,N/A,N/A,6566,6566966,N/A (no pedestrians),draw_static_clutter_Classical local controller_g1_ep8
audit__static_clutter__Classical_local_controller__g1__ep09,safety_envelope_intervention_audit,static_clutter,Classical local controller,evaluation_seed,1,9,4,ON,0.1,1,4,0,N/A,0,N/A,389,1423,0.273366127898805,0.120509,0.999,32.7782,36.7116,2.1114,0.707943,N/A,N/A,8125,8125725,N/A (no pedestrians),draw_static_clutter_Classical local controller_g1_ep9
audit__static_clutter__Classical_local_controller__g2__ep00,safety_envelope_intervention_audit,static_clutter,Classical local controller,evaluation_seed,2,0,4,ON,0.1,1,4,0,N/A,0,N/A,411,1483,0.27714093054619,0.115569,1.009,32.5367,36.4411,2.0828,0.676526,N/A,N/A,9132,9132832,N/A (no pedestrians),draw_static_clutter_Classical local controller_g2_ep0
audit__static_clutter__Classical_local_controller__g2__ep01,safety_envelope_intervention_audit,static_clutter,Classical local controller,evaluation_seed,2,1,4,ON,0.1,1,4,0,N/A,0,N/A,424,1496,0.283422459893048,0.098926,0.989,31.194,34.9373,1.6535,0.669581,N/A,N/A,4257,4257457,N/A (no pedestrians),draw_static_clutter_Classical local controller_g2_ep1
audit__static_clutter__Classical_local_controller__g2__ep02,safety_envelope_intervention_audit,static_clutter,Classical local controller,evaluation_seed,2,2,4,ON,0.1,1,4,0,N/A,0,N/A,416,1301,0.319754035357417,0.118518,0.999,32.1171,35.9712,2.2597,0.6903,N/A,N/A,6784,6784284,N/A (no pedestrians),draw_static_clutter_Classical local controller_g2_ep2
audit__static_clutter__Classical_local_controller__g2__ep03,safety_envelope_intervention_audit,static_clutter,Classical local controller,evaluation_seed,2,3,4,ON,0.1,1,4,0,N/A,0,N/A,411,1492,0.275469168900804,0.105201,0.999,32.0719,35.9205,1.4953,0.631021,N/A,N/A,7285,7285785,N/A (no pedestrians),draw_static_clutter_Classical local controller_g2_ep3
audit__static_clutter__Classical_local_controller__g2__ep04,safety_envelope_intervention_audit,static_clutter,Classical local controller,evaluation_seed,2,4,4,ON,0.1,1,4,0,N/A,0,N/A,420,1563,0.268714011516315,0.113025,0.999,32.3542,36.2367,2.3505,0.651549,N/A,N/A,8098,8098698,N/A (no pedestrians),draw_static_clutter_Classical local controller_g2_ep4
audit__static_clutter__Classical_local_controller__g2__ep05,safety_envelope_intervention_audit,static_clutter,Classical local controller,evaluation_seed,2,5,4,ON,0.1,1,4,0,N/A,0,N/A,417,1379,0.302393038433648,0.117133,0.999,34.2126,38.3182,1.8159,0.693931,N/A,N/A,4966,4966266,N/A (no pedestrians),draw_static_clutter_Classical local controller_g2_ep5
audit__static_clutter__Classical_local_controller__g2__ep06,safety_envelope_intervention_audit,static_clutter,Classical local controller,evaluation_seed,2,6,4,ON,0.1,1,4,0,N/A,0,N/A,395,1349,0.292809488510007,0.12399,0.999,33.3747,37.3797,2.3297,0.671442,N/A,N/A,10463,10463363,N/A (no pedestrians),draw_static_clutter_Classical local controller_g2_ep6
audit__static_clutter__Classical_local_controller__g2__ep07,safety_envelope_intervention_audit,static_clutter,Classical local controller,evaluation_seed,2,7,4,ON,0.1,1,4,0,N/A,0,N/A,414,1444,0.286703601108033,0.10228,0.999,32.1119,35.9653,1.1193,0.709799,N/A,N/A,5519,5519819,N/A (no pedestrians),draw_static_clutter_Classical local controller_g2_ep7
audit__static_clutter__Classical_local_controller__g2__ep08,safety_envelope_intervention_audit,static_clutter,Classical local controller,evaluation_seed,2,8,4,ON,0.1,1,4,0,N/A,0,N/A,457,1658,0.275633293124246,0.100993,0.999,31.9659,35.8019,1.4968,0.670776,N/A,N/A,6603,6603103,N/A (no pedestrians),draw_static_clutter_Classical local controller_g2_ep8
audit__static_clutter__Classical_local_controller__g2__ep09,safety_envelope_intervention_audit,static_clutter,Classical local controller,evaluation_seed,2,9,4,ON,0.1,1,4,0,N/A,0,N/A,394,1294,0.304482225656878,0.100135,0.999,32.486,36.3843,2.102,0.655582,N/A,N/A,6878,6878378,N/A (no pedestrians),draw_static_clutter_Classical local controller_g2_ep9
audit__static_clutter__Classical_local_controller__g3__ep00,safety_envelope_intervention_audit,static_clutter,Classical local controller,evaluation_seed,3,0,4,ON,0.1,1,4,0,N/A,0,N/A,391,1458,0.268175582990398,0.111588,1.009,30.4141,34.0638,1.2791,0.673076,N/A,N/A,4926,4926226,N/A (no pedestrians),draw_static_clutter_Classical local controller_g3_ep0
audit__static_clutter__Classical_local_controller__g3__ep01,safety_envelope_intervention_audit,static_clutter,Classical local controller,evaluation_seed,3,1,4,ON,0.1,1,4,0,N/A,0,N/A,415,1486,0.279273216689098,0.121563,0.989,31.7878,35.6023,1.1694,0.689428,N/A,N/A,7621,7621221,N/A (no pedestrians),draw_static_clutter_Classical local controller_g3_ep1
audit__static_clutter__Classical_local_controller__g3__ep02,safety_envelope_intervention_audit,static_clutter,Classical local controller,evaluation_seed,3,2,4,ON,0.1,1,4,0,N/A,0,N/A,400,1507,0.26542800265428,0.118754,0.999,33.9053,37.974,1.1206,0.68146,N/A,N/A,5184,5184484,N/A (no pedestrians),draw_static_clutter_Classical local controller_g3_ep2
audit__static_clutter__Classical_local_controller__g3__ep03,safety_envelope_intervention_audit,static_clutter,Classical local controller,evaluation_seed,3,3,4,ON,0.1,1,4,0,N/A,0,N/A,362,1331,0.271975957926371,0.124198,0.999,33.7874,37.8419,2.2587,0.644282,N/A,N/A,5811,5811211,N/A (no pedestrians),draw_static_clutter_Classical local controller_g3_ep3
audit__static_clutter__Classical_local_controller__g3__ep04,safety_envelope_intervention_audit,static_clutter,Classical local controller,evaluation_seed,3,4,4,ON,0.1,1,4,0,N/A,0,N/A,409,1601,0.255465334166146,0.127186,0.999,31.4501,35.2241,2.2097,0.680418,N/A,N/A,8520,8520220,N/A (no pedestrians),draw_static_clutter_Classical local controller_g3_ep4
audit__static_clutter__Classical_local_controller__g3__ep05,safety_envelope_intervention_audit,static_clutter,Classical local controller,evaluation_seed,3,5,4,ON,0.1,1,4,0,N/A,0,N/A,386,1526,0.252948885976409,0.128611,0.999,33.4456,37.4591,2.1244,0.694239,N/A,N/A,3587,3587687,N/A (no pedestrians),draw_static_clutter_Classical local controller_g3_ep5
audit__static_clutter__Classical_local_controller__g3__ep06,safety_envelope_intervention_audit,static_clutter,Classical local controller,evaluation_seed,3,6,4,ON,0.1,1,4,0,N/A,0,N/A,378,1369,0.276113951789627,0.118752,0.999,30.0954,33.7069,1.7568,0.697222,N/A,N/A,4358,4358558,N/A (no pedestrians),draw_static_clutter_Classical local controller_g3_ep6
audit__static_clutter__Classical_local_controller__g3__ep07,safety_envelope_intervention_audit,static_clutter,Classical local controller,evaluation_seed,3,7,4,ON,0.1,1,4,0,N/A,0,N/A,395,1435,0.275261324041812,0.132585,0.999,33.0988,37.0706,1.8436,0.684675,N/A,N/A,6738,6738238,N/A (no pedestrians),draw_static_clutter_Classical local controller_g3_ep7
audit__static_clutter__Classical_local_controller__g3__ep08,safety_envelope_intervention_audit,static_clutter,Classical local controller,evaluation_seed,3,8,4,ON,0.1,1,4,0,N/A,0,N/A,374,1351,0.276831976313842,0.111257,0.999,33.2304,37.2181,2.0216,0.653038,N/A,N/A,8809,8809509,N/A (no pedestrians),draw_static_clutter_Classical local controller_g3_ep8
audit__static_clutter__Classical_local_controller__g3__ep09,safety_envelope_intervention_audit,static_clutter,Classical local controller,evaluation_seed,3,9,4,ON,0.1,1,4,0,N/A,0,N/A,416,1649,0.252274105518496,0.122732,0.999,33.8644,37.9281,1.6574,0.657003,N/A,N/A,7029,7029529,N/A (no pedestrians),draw_static_clutter_Classical local controller_g3_ep9
audit__static_clutter__Classical_local_controller__g4__ep00,safety_envelope_intervention_audit,static_clutter,Classical local controller,evaluation_seed,4,0,4,ON,0.1,1,4,0,N/A,0,N/A,369,1433,0.257501744591766,0.142109,1.009,32.3494,36.2313,1.0449,0.683652,N/A,N/A,4492,4492692,N/A (no pedestrians),draw_static_clutter_Classical local controller_g4_ep0
audit__static_clutter__Classical_local_controller__g4__ep01,safety_envelope_intervention_audit,static_clutter,Classical local controller,evaluation_seed,4,1,4,ON,0.1,1,4,0,N/A,0,N/A,406,1422,0.285513361462728,0.116322,0.989,34.9716,39.1681,1.1057,0.642678,N/A,N/A,4393,4393593,N/A (no pedestrians),draw_static_clutter_Classical local controller_g4_ep1
audit__static_clutter__Classical_local_controller__g4__ep02,safety_envelope_intervention_audit,static_clutter,Classical local controller,evaluation_seed,4,2,4,ON,0.1,1,4,0,N/A,0,N/A,432,1508,0.286472148541114,0.144852,0.999,32.132,35.9878,1.1959,0.676234,N/A,N/A,9968,9968768,N/A (no pedestrians),draw_static_clutter_Classical local controller_g4_ep2
audit__static_clutter__Classical_local_controller__g4__ep03,safety_envelope_intervention_audit,static_clutter,Classical local controller,evaluation_seed,4,3,4,ON,0.1,1,4,0,N/A,0,N/A,395,1425,0.27719298245614,0.124995,0.999,33.3917,37.3988,1.399,0.653191,N/A,N/A,5896,5896296,N/A (no pedestrians),draw_static_clutter_Classical local controller_g4_ep3
audit__static_clutter__Classical_local_controller__g4__ep04,safety_envelope_intervention_audit,static_clutter,Classical local controller,evaluation_seed,4,4,4,ON,0.1,1,4,0,N/A,0,N/A,450,1752,0.256849315068493,0.128471,0.999,32.8026,36.739,2.3328,0.707792,N/A,N/A,9540,9540340,N/A (no pedestrians),draw_static_clutter_Classical local controller_g4_ep4
audit__static_clutter__Classical_local_controller__g4__ep05,safety_envelope_intervention_audit,static_clutter,Classical local controller,evaluation_seed,4,5,4,ON,0.1,1,4,0,N/A,0,N/A,368,1375,0.267636363636364,0.122816,0.999,32.5543,36.4608,1.3034,0.658581,N/A,N/A,3670,3670770,N/A (no pedestrians),draw_static_clutter_Classical local controller_g4_ep5
audit__static_clutter__Classical_local_controller__g4__ep06,safety_envelope_intervention_audit,static_clutter,Classical local controller,evaluation_seed,4,6,4,ON,0.1,1,4,0,N/A,0,N/A,395,1533,0.257664709719504,0.131088,0.999,33.9947,38.0741,2.2151,0.658308,N/A,N/A,9954,9954754,N/A (no pedestrians),draw_static_clutter_Classical local controller_g4_ep6
audit__static_clutter__Classical_local_controller__g4__ep07,safety_envelope_intervention_audit,static_clutter,Classical local controller,evaluation_seed,4,7,4,ON,0.1,1,4,0,N/A,0,N/A,402,1509,0.266401590457256,0.142172,0.999,33.049,37.0149,1.9026,0.650773,N/A,N/A,7087,7087587,N/A (no pedestrians),draw_static_clutter_Classical local controller_g4_ep7
audit__static_clutter__Classical_local_controller__g4__ep08,safety_envelope_intervention_audit,static_clutter,Classical local controller,evaluation_seed,4,8,4,ON,0.1,1,4,0,N/A,0,N/A,399,1379,0.289340101522843,0.134081,0.999,30.9721,34.6888,1.6693,0.650823,N/A,N/A,9955,9955755,N/A (no pedestrians),draw_static_clutter_Classical local controller_g4_ep8
audit__static_clutter__Classical_local_controller__g4__ep09,safety_envelope_intervention_audit,static_clutter,Classical local controller,evaluation_seed,4,9,4,ON,0.1,1,4,0,N/A,0,N/A,389,1602,0.242821473158552,0.123227,0.999,33.7494,37.7993,1.7406,0.665763,N/A,N/A,3575,3575675,N/A (no pedestrians),draw_static_clutter_Classical local controller_g4_ep9
audit__static_clutter__Classical_local_controller__g5__ep00,safety_envelope_intervention_audit,static_clutter,Classical local controller,evaluation_seed,5,0,4,ON,0.1,1,4,0,N/A,0,N/A,402,1499,0.268178785857238,0.131024,1.009,30.5166,34.1786,1.4265,0.706646,N/A,N/A,11733,11733733,N/A (no pedestrians),draw_static_clutter_Classical local controller_g5_ep0
audit__static_clutter__Classical_local_controller__g5__ep01,safety_envelope_intervention_audit,static_clutter,Classical local controller,evaluation_seed,5,1,4,ON,0.1,1,4,0,N/A,0,N/A,407,1518,0.268115942028985,0.12617,0.989,30.7705,34.463,1.6366,0.706306,N/A,N/A,11440,11440440,N/A (no pedestrians),draw_static_clutter_Classical local controller_g5_ep1
audit__static_clutter__Classical_local_controller__g5__ep02,safety_envelope_intervention_audit,static_clutter,Classical local controller,evaluation_seed,5,2,4,ON,0.1,1,4,0,N/A,0,N/A,411,1623,0.253234750462107,0.132424,0.999,34.7628,38.9343,1.3405,0.669071,N/A,N/A,6518,6518918,N/A (no pedestrians),draw_static_clutter_Classical local controller_g5_ep2
audit__static_clutter__Classical_local_controller__g5__ep03,safety_envelope_intervention_audit,static_clutter,Classical local controller,evaluation_seed,5,3,4,ON,0.1,1,4,0,N/A,0,N/A,407,1541,0.264114211550941,0.13462,0.999,34.3529,38.4752,1.1589,0.643099,N/A,N/A,11498,11498498,N/A (no pedestrians),draw_static_clutter_Classical local controller_g5_ep3
audit__static_clutter__Classical_local_controller__g5__ep04,safety_envelope_intervention_audit,static_clutter,Classical local controller,evaluation_seed,5,4,4,ON,0.1,1,4,0,N/A,0,N/A,416,1485,0.28013468013468,0.143865,0.999,31.0776,34.8069,1.4884,0.633958,N/A,N/A,4008,4008208,N/A (no pedestrians),draw_static_clutter_Classical local controller_g5_ep4
audit__static_clutter__Classical_local_controller__g5__ep05,safety_envelope_intervention_audit,static_clutter,Classical local controller,evaluation_seed,5,5,4,ON,0.1,1,4,0,N/A,0,N/A,402,1540,0.261038961038961,0.143788,0.999,34.6583,38.8173,1.5439,0.674526,N/A,N/A,11782,11782782,N/A (no pedestrians),draw_static_clutter_Classical local controller_g5_ep5
audit__static_clutter__Classical_local_controller__g5__ep06,safety_envelope_intervention_audit,static_clutter,Classical local controller,evaluation_seed,5,6,4,ON,0.1,1,4,0,N/A,0,N/A,435,1640,0.265243902439024,0.116517,0.999,34.4659,38.6018,2.2805,0.676839,N/A,N/A,4897,4897197,N/A (no pedestrians),draw_static_clutter_Classical local controller_g5_ep6
audit__static_clutter__Classical_local_controller__g5__ep07,safety_envelope_intervention_audit,static_clutter,Classical local controller,evaluation_seed,5,7,4,ON,0.1,1,4,0,N/A,0,N/A,403,1606,0.25093399750934,0.122092,0.999,32.6775,36.5988,1.6668,0.690919,N/A,N/A,8972,8972672,N/A (no pedestrians),draw_static_clutter_Classical local controller_g5_ep7
audit__static_clutter__Classical_local_controller__g5__ep08,safety_envelope_intervention_audit,static_clutter,Classical local controller,evaluation_seed,5,8,4,ON,0.1,1,4,0,N/A,0,N/A,410,1519,0.269914417379855,0.127941,0.999,31.0067,34.7275,2.2528,0.705356,N/A,N/A,9610,9610410,N/A (no pedestrians),draw_static_clutter_Classical local controller_g5_ep8
audit__static_clutter__Classical_local_controller__g5__ep09,safety_envelope_intervention_audit,static_clutter,Classical local controller,evaluation_seed,5,9,4,ON,0.1,1,4,0,N/A,0,N/A,416,1576,0.263959390862944,0.131537,0.999,31.2057,34.9504,1.2364,0.674419,N/A,N/A,11612,11612612,N/A (no pedestrians),draw_static_clutter_Classical local controller_g5_ep9
audit__static_clutter__Classical_local_controller__g6__ep00,safety_envelope_intervention_audit,static_clutter,Classical local controller,evaluation_seed,6,0,4,ON,0.1,1,4,0,N/A,0,N/A,389,1453,0.267721954576738,0.126298,1.009,30.6868,34.3692,1.5881,0.63674,N/A,N/A,9912,9912712,N/A (no pedestrians),draw_static_clutter_Classical local controller_g6_ep0
audit__static_clutter__Classical_local_controller__g6__ep01,safety_envelope_intervention_audit,static_clutter,Classical local controller,evaluation_seed,6,1,4,ON,0.1,1,4,0,N/A,0,N/A,385,1328,0.289909638554217,0.107677,0.989,30.7684,34.4606,1.8133,0.69089,N/A,N/A,7010,7010510,N/A (no pedestrians),draw_static_clutter_Classical local controller_g6_ep1
audit__static_clutter__Classical_local_controller__g6__ep02,safety_envelope_intervention_audit,static_clutter,Classical local controller,evaluation_seed,6,2,4,ON,0.1,1,4,0,N/A,0,N/A,382,1416,0.269774011299435,0.11882,0.999,32.0731,35.9218,2.277,0.663773,N/A,N/A,8809,8809509,N/A (no pedestrians),draw_static_clutter_Classical local controller_g6_ep2
audit__static_clutter__Classical_local_controller__g6__ep03,safety_envelope_intervention_audit,static_clutter,Classical local controller,evaluation_seed,6,3,4,ON,0.1,1,4,0,N/A,0,N/A,362,1397,0.259126700071582,0.133315,0.999,31.6608,35.4601,1.7245,0.635998,N/A,N/A,9435,9435235,N/A (no pedestrians),draw_static_clutter_Classical local controller_g6_ep3
audit__static_clutter__Classical_local_controller__g6__ep04,safety_envelope_intervention_audit,static_clutter,Classical local controller,evaluation_seed,6,4,4,ON,0.1,1,4,0,N/A,0,N/A,416,1492,0.278820375335121,0.132193,0.999,33.8783,37.9437,1.3993,0.650586,N/A,N/A,5172,5172472,N/A (no pedestrians),draw_static_clutter_Classical local controller_g6_ep4
audit__static_clutter__Classical_local_controller__g6__ep05,safety_envelope_intervention_audit,static_clutter,Classical local controller,evaluation_seed,6,5,4,ON,0.1,1,4,0,N/A,0,N/A,405,1399,0.289492494639028,0.123994,0.999,33.1062,37.079,2.4704,0.652568,N/A,N/A,7176,7176676,N/A (no pedestrians),draw_static_clutter_Classical local controller_g6_ep5
audit__static_clutter__Classical_local_controller__g6__ep06,safety_envelope_intervention_audit,static_clutter,Classical local controller,evaluation_seed,6,6,4,ON,0.1,1,4,0,N/A,0,N/A,380,1406,0.27027027027027,0.120794,0.999,30.3847,34.0308,1.0407,0.635061,N/A,N/A,8025,8025625,N/A (no pedestrians),draw_static_clutter_Classical local controller_g6_ep6
audit__static_clutter__Classical_local_controller__g6__ep07,safety_envelope_intervention_audit,static_clutter,Classical local controller,evaluation_seed,6,7,4,ON,0.1,1,4,0,N/A,0,N/A,425,1552,0.273840206185567,0.127765,0.999,34.4288,38.5603,1.4861,0.705314,N/A,N/A,6573,6573973,N/A (no pedestrians),draw_static_clutter_Classical local controller_g6_ep7
audit__static_clutter__Classical_local_controller__g6__ep08,safety_envelope_intervention_audit,static_clutter,Classical local controller,evaluation_seed,6,8,4,ON,0.1,1,4,0,N/A,0,N/A,394,1365,0.288644688644689,0.128819,0.999,32.1215,35.9761,1.0849,0.703762,N/A,N/A,10493,10493393,N/A (no pedestrians),draw_static_clutter_Classical local controller_g6_ep8
audit__static_clutter__Classical_local_controller__g6__ep09,safety_envelope_intervention_audit,static_clutter,Classical local controller,evaluation_seed,6,9,4,ON,0.1,1,4,0,N/A,0,N/A,394,1331,0.296018031555222,0.11873,0.999,31.1267,34.862,1.7248,0.641419,N/A,N/A,4616,4616816,N/A (no pedestrians),draw_static_clutter_Classical local controller_g6_ep9
audit__static_clutter__Classical_local_controller__g7__ep00,safety_envelope_intervention_audit,static_clutter,Classical local controller,evaluation_seed,7,0,4,ON,0.1,1,4,0,N/A,0,N/A,398,1462,0.272229822161423,0.114692,1.009,33.9195,37.9899,2.1696,0.643308,N/A,N/A,5386,5386686,N/A (no pedestrians),draw_static_clutter_Classical local controller_g7_ep0
audit__static_clutter__Classical_local_controller__g7__ep01,safety_envelope_intervention_audit,static_clutter,Classical local controller,evaluation_seed,7,1,4,ON,0.1,1,4,0,N/A,0,N/A,363,1332,0.272522522522523,0.119614,0.989,30.1188,33.7331,1.7891,0.690329,N/A,N/A,8724,8724424,N/A (no pedestrians),draw_static_clutter_Classical local controller_g7_ep1
audit__static_clutter__Classical_local_controller__g7__ep02,safety_envelope_intervention_audit,static_clutter,Classical local controller,evaluation_seed,7,2,4,ON,0.1,1,4,0,N/A,0,N/A,401,1601,0.250468457214241,0.127178,0.999,32.4742,36.3711,1.9819,0.702992,N/A,N/A,10466,10466366,N/A (no pedestrians),draw_static_clutter_Classical local controller_g7_ep2
audit__static_clutter__Classical_local_controller__g7__ep03,safety_envelope_intervention_audit,static_clutter,Classical local controller,evaluation_seed,7,3,4,ON,0.1,1,4,0,N/A,0,N/A,375,1404,0.267094017094017,0.116876,0.999,33.3659,37.3698,1.2248,0.687817,N/A,N/A,7427,7427927,N/A (no pedestrians),draw_static_clutter_Classical local controller_g7_ep3
audit__static_clutter__Classical_local_controller__g7__ep04,safety_envelope_intervention_audit,static_clutter,Classical local controller,evaluation_seed,7,4,4,ON,0.1,1,4,0,N/A,0,N/A,413,1476,0.279810298102981,0.11211,0.999,33.7093,37.7544,2.0732,0.679685,N/A,N/A,10595,10595495,N/A (no pedestrians),draw_static_clutter_Classical local controller_g7_ep4
audit__static_clutter__Classical_local_controller__g7__ep05,safety_envelope_intervention_audit,static_clutter,Classical local controller,evaluation_seed,7,5,4,ON,0.1,1,4,0,N/A,0,N/A,423,1496,0.282754010695187,0.115487,0.999,33.3886,37.3952,2.1316,0.67983,N/A,N/A,11715,11715715,N/A (no pedestrians),draw_static_clutter_Classical local controller_g7_ep5
audit__static_clutter__Classical_local_controller__g7__ep06,safety_envelope_intervention_audit,static_clutter,Classical local controller,evaluation_seed,7,6,4,ON,0.1,1,4,0,N/A,0,N/A,414,1493,0.277294038847957,0.107743,0.999,31.1743,34.9153,1.2101,0.690054,N/A,N/A,11036,11036936,N/A (no pedestrians),draw_static_clutter_Classical local controller_g7_ep6
audit__static_clutter__Classical_local_controller__g7__ep07,safety_envelope_intervention_audit,static_clutter,Classical local controller,evaluation_seed,7,7,4,ON,0.1,1,4,0,N/A,0,N/A,391,1515,0.258085808580858,0.128525,0.999,33.3052,37.3018,2.0628,0.631891,N/A,N/A,11960,11960960,N/A (no pedestrians),draw_static_clutter_Classical local controller_g7_ep7
audit__static_clutter__Classical_local_controller__g7__ep08,safety_envelope_intervention_audit,static_clutter,Classical local controller,evaluation_seed,7,8,4,ON,0.1,1,4,0,N/A,0,N/A,398,1599,0.248905565978737,0.132566,0.999,32.5747,36.4837,1.2776,0.694662,N/A,N/A,7121,7121621,N/A (no pedestrians),draw_static_clutter_Classical local controller_g7_ep8
audit__static_clutter__Classical_local_controller__g7__ep09,safety_envelope_intervention_audit,static_clutter,Classical local controller,evaluation_seed,7,9,4,ON,0.1,1,4,0,N/A,0,N/A,418,1529,0.273381294964029,0.113709,0.999,32.7342,36.6623,2.4306,0.638903,N/A,N/A,3773,3773873,N/A (no pedestrians),draw_static_clutter_Classical local controller_g7_ep9
audit__dynamic_pedestrians__Classical_local_controller__g0__ep00,safety_envelope_intervention_audit,dynamic_pedestrians,Classical local controller,evaluation_seed,0,0,4,ON,0.1,1,4,0,N/A,0,0,358,1335,0.268164794007491,0.186312,0.92662,30.7984,34.4942,1.523,0.65101,0.832164,N/A,9746,9746546,9746643,draw_dynamic_pedestrians_Classical local controller_g0_ep0
audit__dynamic_pedestrians__Classical_local_controller__g0__ep01,safety_envelope_intervention_audit,dynamic_pedestrians,Classical local controller,evaluation_seed,0,1,4,ON,0.1,1,4,0,N/A,0,0,364,1338,0.272047832585949,0.173315,0.914366,34.2199,38.3263,1.9484,0.657382,0.825209,N/A,11365,11365365,11365462,draw_dynamic_pedestrians_Classical local controller_g0_ep1
audit__dynamic_pedestrians__Classical_local_controller__g0__ep02,safety_envelope_intervention_audit,dynamic_pedestrians,Classical local controller,evaluation_seed,0,2,4,ON,0.1,1,4,0,N/A,0,0,354,1384,0.255780346820809,0.169364,0.894592,30.9275,34.6388,1.9538,0.69942,0.918169,N/A,11063,11063963,11064060,draw_dynamic_pedestrians_Classical local controller_g0_ep2
audit__dynamic_pedestrians__Classical_local_controller__g0__ep03,safety_envelope_intervention_audit,dynamic_pedestrians,Classical local controller,evaluation_seed,0,3,4,ON,0.1,1,4,0,N/A,0,0,336,1229,0.273393002441009,0.197192,0.932402,34.7253,38.8924,2.2769,0.694831,0.888882,N/A,5345,5345645,5345742,draw_dynamic_pedestrians_Classical local controller_g0_ep3
audit__dynamic_pedestrians__Classical_local_controller__g0__ep04,safety_envelope_intervention_audit,dynamic_pedestrians,Classical local controller,evaluation_seed,0,4,4,ON,0.1,1,4,0,N/A,0,0,354,1332,0.265765765765766,0.16498,0.872447,33.5219,37.5445,1.4701,0.643853,0.917054,N/A,9912,9912712,9912809,draw_dynamic_pedestrians_Classical local controller_g0_ep4
audit__dynamic_pedestrians__Classical_local_controller__g0__ep05,safety_envelope_intervention_audit,dynamic_pedestrians,Classical local controller,evaluation_seed,0,5,4,ON,0.1,1,4,0,N/A,0,0,349,1307,0.267023718439174,0.180871,0.901231,30.4573,34.1122,1.2593,0.682359,0.84705,N/A,4297,4297497,4297594,draw_dynamic_pedestrians_Classical local controller_g0_ep5
audit__dynamic_pedestrians__Classical_local_controller__g0__ep06,safety_envelope_intervention_audit,dynamic_pedestrians,Classical local controller,evaluation_seed,0,6,4,ON,0.1,1,4,0,N/A,0,0,347,1305,0.265900383141763,0.20086,0.921479,32.5939,36.5052,1.7769,0.702011,0.911911,N/A,5926,5926326,5926423,draw_dynamic_pedestrians_Classical local controller_g0_ep6
audit__dynamic_pedestrians__Classical_local_controller__g0__ep07,safety_envelope_intervention_audit,dynamic_pedestrians,Classical local controller,evaluation_seed,0,7,4,ON,0.1,1,4,0,N/A,0,0,378,1477,0.255924170616114,0.156357,0.899842,33.4603,37.4755,1.729,0.690319,0.820147,N/A,11496,11496496,11496593,draw_dynamic_pedestrians_Classical local controller_g0_ep7
audit__dynamic_pedestrians__Classical_local_controller__g0__ep08,safety_envelope_intervention_audit,dynamic_pedestrians,Classical local controller,evaluation_seed,0,8,4,ON,0.1,1,4,0,N/A,0,0,365,1280,0.28515625,0.160284,0.874779,32.1025,35.9548,1.8705,0.642495,0.83179,N/A,7051,7051551,7051648,draw_dynamic_pedestrians_Classical local controller_g0_ep8
audit__dynamic_pedestrians__Classical_local_controller__g0__ep09,safety_envelope_intervention_audit,dynamic_pedestrians,Classical local controller,evaluation_seed,0,9,4,ON,0.1,1,4,0,N/A,0,0,378,1363,0.277329420396185,0.144219,0.882079,31.6656,35.4655,1.5663,0.643485,0.810617,N/A,5690,5690990,5691087,draw_dynamic_pedestrians_Classical local controller_g0_ep9
audit__dynamic_pedestrians__Classical_local_controller__g1__ep00,safety_envelope_intervention_audit,dynamic_pedestrians,Classical local controller,evaluation_seed,1,0,4,ON,0.1,1,4,0,N/A,0,0,318,1352,0.235207100591716,0.155603,0.863301,34.8922,39.0792,1.9005,0.700041,0.844066,N/A,11646,11646646,11646743,draw_dynamic_pedestrians_Classical local controller_g1_ep0
audit__dynamic_pedestrians__Classical_local_controller__g1__ep01,safety_envelope_intervention_audit,dynamic_pedestrians,Classical local controller,evaluation_seed,1,1,4,ON,0.1,1,4,0,N/A,0,0,328,1277,0.256851996867659,0.18115,0.858359,30.6996,34.3836,2.1338,0.661269,0.906815,N/A,5555,5555855,5555952,draw_dynamic_pedestrians_Classical local controller_g1_ep1
audit__dynamic_pedestrians__Classical_local_controller__g1__ep02,safety_envelope_intervention_audit,dynamic_pedestrians,Classical local controller,evaluation_seed,1,2,4,ON,0.1,1,4,0,N/A,0,0,343,1323,0.259259259259259,0.178458,0.838332,33.3097,37.3069,2.3404,0.667516,0.806376,N/A,6246,6246646,6246743,draw_dynamic_pedestrians_Classical local controller_g1_ep2
audit__dynamic_pedestrians__Classical_local_controller__g1__ep03,safety_envelope_intervention_audit,dynamic_pedestrians,Classical local controller,evaluation_seed,1,3,4,ON,0.1,1,4,0,N/A,0,0,311,1138,0.273286467486819,0.190391,0.830027,32.2525,36.1228,1.6298,0.685752,0.891049,N/A,7612,7612212,7612309,draw_dynamic_pedestrians_Classical local controller_g1_ep3
audit__dynamic_pedestrians__Classical_local_controller__g1__ep04,safety_envelope_intervention_audit,dynamic_pedestrians,Classical local controller,evaluation_seed,1,4,4,ON,0.1,1,4,0,N/A,0,0,322,1276,0.252351097178683,0.160582,0.863465,34.7266,38.8938,1.95,0.660658,0.826286,N/A,7998,7998598,7998695,draw_dynamic_pedestrians_Classical local controller_g1_ep4
audit__dynamic_pedestrians__Classical_local_controller__g1__ep05,safety_envelope_intervention_audit,dynamic_pedestrians,Classical local controller,evaluation_seed,1,5,4,ON,0.1,1,4,0,N/A,0,0,326,1189,0.274179983179142,0.150942,0.830087,34.7284,38.8958,1.339,0.636316,0.87148,N/A,4646,4646846,4646943,draw_dynamic_pedestrians_Classical local controller_g1_ep5
audit__dynamic_pedestrians__Classical_local_controller__g1__ep06,safety_envelope_intervention_audit,dynamic_pedestrians,Classical local controller,evaluation_seed,1,6,4,ON,0.1,1,4,0,N/A,0,0,343,1347,0.25463994060876,0.172336,0.874773,33.1135,37.0871,1.2278,0.661895,0.830317,N/A,8145,8145745,8145842,draw_dynamic_pedestrians_Classical local controller_g1_ep6
audit__dynamic_pedestrians__Classical_local_controller__g1__ep07,safety_envelope_intervention_audit,dynamic_pedestrians,Classical local controller,evaluation_seed,1,7,4,ON,0.1,1,4,0,N/A,0,0,319,1277,0.249804228660924,0.178225,0.851965,30.2662,33.8981,1.4661,0.661643,0.883787,N/A,10134,10134934,10135031,draw_dynamic_pedestrians_Classical local controller_g1_ep7
audit__dynamic_pedestrians__Classical_local_controller__g1__ep08,safety_envelope_intervention_audit,dynamic_pedestrians,Classical local controller,evaluation_seed,1,8,4,ON,0.1,1,4,0,N/A,0,0,316,1262,0.250396196513471,0.16687,0.888715,34.2524,38.3627,2.2398,0.694289,0.856815,N/A,6498,6498898,6498995,draw_dynamic_pedestrians_Classical local controller_g1_ep8
audit__dynamic_pedestrians__Classical_local_controller__g1__ep09,safety_envelope_intervention_audit,dynamic_pedestrians,Classical local controller,evaluation_seed,1,9,4,ON,0.1,1,4,0,N/A,0,0,341,1298,0.26271186440678,0.18519,0.886689,33.8985,37.9663,2.2392,0.704788,0.831474,N/A,7961,7961561,7961658,draw_dynamic_pedestrians_Classical local controller_g1_ep9
audit__dynamic_pedestrians__Classical_local_controller__g2__ep00,safety_envelope_intervention_audit,dynamic_pedestrians,Classical local controller,evaluation_seed,2,0,4,ON,0.1,1,4,0,N/A,0,0,335,1242,0.269726247987117,0.171603,0.891307,31.1141,34.8478,1.6707,0.665482,0.841031,N/A,11374,11374374,11374471,draw_dynamic_pedestrians_Classical local controller_g2_ep0
audit__dynamic_pedestrians__Classical_local_controller__g2__ep01,safety_envelope_intervention_audit,dynamic_pedestrians,Classical local controller,evaluation_seed,2,1,4,ON,0.1,1,4,0,N/A,0,0,335,1358,0.246686303387334,0.170256,0.919761,32.1189,35.9731,2.1925,0.660964,0.870835,N/A,9000,9000700,9000797,draw_dynamic_pedestrians_Classical local controller_g2_ep1
audit__dynamic_pedestrians__Classical_local_controller__g2__ep02,safety_envelope_intervention_audit,dynamic_pedestrians,Classical local controller,evaluation_seed,2,2,4,ON,0.1,1,4,0,N/A,0,0,327,1219,0.26825266611977,0.170929,0.908306,34.4733,38.6101,1.8943,0.647271,0.802822,N/A,4060,4060260,4060357,draw_dynamic_pedestrians_Classical local controller_g2_ep2
audit__dynamic_pedestrians__Classical_local_controller__g2__ep03,safety_envelope_intervention_audit,dynamic_pedestrians,Classical local controller,evaluation_seed,2,3,4,ON,0.1,1,4,0,N/A,0,0,332,1294,0.256568778979907,0.170531,0.890679,34.9766,39.1738,1.6027,0.651293,0.852765,N/A,11938,11938938,11939035,draw_dynamic_pedestrians_Classical local controller_g2_ep3
audit__dynamic_pedestrians__Classical_local_controller__g2__ep04,safety_envelope_intervention_audit,dynamic_pedestrians,Classical local controller,evaluation_seed,2,4,4,ON,0.1,1,4,0,N/A,0,0,307,1315,0.233460076045627,0.177065,0.905633,32.3714,36.2559,1.7933,0.680582,0.879496,N/A,7842,7842442,7842539,draw_dynamic_pedestrians_Classical local controller_g2_ep4
audit__dynamic_pedestrians__Classical_local_controller__g2__ep05,safety_envelope_intervention_audit,dynamic_pedestrians,Classical local controller,evaluation_seed,2,5,4,ON,0.1,1,4,0,N/A,0,0,301,1162,0.259036144578313,0.174133,0.919774,33.2346,37.2228,1.828,0.687066,0.865656,N/A,3396,3396496,3396593,draw_dynamic_pedestrians_Classical local controller_g2_ep5
audit__dynamic_pedestrians__Classical_local_controller__g2__ep06,safety_envelope_intervention_audit,dynamic_pedestrians,Classical local controller,evaluation_seed,2,6,4,ON,0.1,1,4,0,N/A,0,0,333,1231,0.27051177904143,0.19615,0.915455,31.6754,35.4764,1.5311,0.649406,0.873802,N/A,10549,10549449,10549546,draw_dynamic_pedestrians_Classical local controller_g2_ep6
audit__dynamic_pedestrians__Classical_local_controller__g2__ep07,safety_envelope_intervention_audit,dynamic_pedestrians,Classical local controller,evaluation_seed,2,7,4,ON,0.1,1,4,0,N/A,0,0,345,1377,0.250544662309368,0.162358,0.913929,33.2231,37.2099,1.9864,0.685656,0.888937,N/A,3771,3771871,3771968,draw_dynamic_pedestrians_Classical local controller_g2_ep7
audit__dynamic_pedestrians__Classical_local_controller__g2__ep08,safety_envelope_intervention_audit,dynamic_pedestrians,Classical local controller,evaluation_seed,2,8,4,ON,0.1,1,4,0,N/A,0,0,323,1228,0.263029315960912,0.173057,0.893051,32.5504,36.4565,2.3136,0.66999,0.893987,N/A,7102,7102602,7102699,draw_dynamic_pedestrians_Classical local controller_g2_ep8
audit__dynamic_pedestrians__Classical_local_controller__g2__ep09,safety_envelope_intervention_audit,dynamic_pedestrians,Classical local controller,evaluation_seed,2,9,4,ON,0.1,1,4,0,N/A,0,0,338,1395,0.242293906810036,0.177295,0.90765,31.8182,35.6364,2.4877,0.640831,0.800886,N/A,4701,4701901,4701998,draw_dynamic_pedestrians_Classical local controller_g2_ep9
audit__dynamic_pedestrians__Classical_local_controller__g3__ep00,safety_envelope_intervention_audit,dynamic_pedestrians,Classical local controller,evaluation_seed,3,0,4,ON,0.1,1,4,0,N/A,0,0,300,1129,0.265721877767936,0.157,0.896294,34.1533,38.2517,1.6673,0.674922,0.891307,N/A,9081,9081781,9081878,draw_dynamic_pedestrians_Classical local controller_g3_ep0
audit__dynamic_pedestrians__Classical_local_controller__g3__ep01,safety_envelope_intervention_audit,dynamic_pedestrians,Classical local controller,evaluation_seed,3,1,4,ON,0.1,1,4,0,N/A,0,0,315,1115,0.282511210762332,0.175747,0.886598,34.5602,38.7074,1.7239,0.636775,0.889298,N/A,3962,3962162,3962259,draw_dynamic_pedestrians_Classical local controller_g3_ep1
audit__dynamic_pedestrians__Classical_local_controller__g3__ep02,safety_envelope_intervention_audit,dynamic_pedestrians,Classical local controller,evaluation_seed,3,2,4,ON,0.1,1,4,0,N/A,0,0,317,1205,0.263070539419087,0.167534,0.861952,34.2461,38.3556,1.0151,0.689528,0.887677,N/A,3034,3034134,3034231,draw_dynamic_pedestrians_Classical local controller_g3_ep2
audit__dynamic_pedestrians__Classical_local_controller__g3__ep03,safety_envelope_intervention_audit,dynamic_pedestrians,Classical local controller,evaluation_seed,3,3,4,ON,0.1,1,4,0,N/A,0,0,337,1207,0.27920463960232,0.175798,0.85729,30.4268,34.0781,1.5078,0.675526,0.906591,N/A,8785,8785485,8785582,draw_dynamic_pedestrians_Classical local controller_g3_ep3
audit__dynamic_pedestrians__Classical_local_controller__g3__ep04,safety_envelope_intervention_audit,dynamic_pedestrians,Classical local controller,evaluation_seed,3,4,4,ON,0.1,1,4,0,N/A,0,0,304,1206,0.252072968490879,0.178761,0.854159,33.8462,37.9077,2.4826,0.69741,0.811789,N/A,3441,3441541,3441638,draw_dynamic_pedestrians_Classical local controller_g3_ep4
audit__dynamic_pedestrians__Classical_local_controller__g3__ep05,safety_envelope_intervention_audit,dynamic_pedestrians,Classical local controller,evaluation_seed,3,5,4,ON,0.1,1,4,0,N/A,0,0,339,1197,0.283208020050125,0.189932,0.864854,31.8557,35.6784,2.3653,0.69176,0.889122,N/A,8146,8146746,8146843,draw_dynamic_pedestrians_Classical local controller_g3_ep5
audit__dynamic_pedestrians__Classical_local_controller__g3__ep06,safety_envelope_intervention_audit,dynamic_pedestrians,Classical local controller,evaluation_seed,3,6,4,ON,0.1,1,4,0,N/A,0,0,333,1297,0.25674633770239,0.15505,0.876295,32.3491,36.231,1.7452,0.67304,0.915955,N/A,9684,9684484,9684581,draw_dynamic_pedestrians_Classical local controller_g3_ep6
audit__dynamic_pedestrians__Classical_local_controller__g3__ep07,safety_envelope_intervention_audit,dynamic_pedestrians,Classical local controller,evaluation_seed,3,7,4,ON,0.1,1,4,0,N/A,0,0,329,1242,0.264895330112721,0.182607,0.874618,32.2569,36.1277,1.0074,0.685523,0.897209,N/A,4564,4564764,4564861,draw_dynamic_pedestrians_Classical local controller_g3_ep7
audit__dynamic_pedestrians__Classical_local_controller__g3__ep08,safety_envelope_intervention_audit,dynamic_pedestrians,Classical local controller,evaluation_seed,3,8,4,ON,0.1,1,4,0,N/A,0,0,307,1210,0.253719008264463,0.202724,0.88653,34.7129,38.8785,1.1801,0.647128,0.839052,N/A,9423,9423223,9423320,draw_dynamic_pedestrians_Classical local controller_g3_ep8
audit__dynamic_pedestrians__Classical_local_controller__g3__ep09,safety_envelope_intervention_audit,dynamic_pedestrians,Classical local controller,evaluation_seed,3,9,4,ON,0.1,1,4,0,N/A,0,0,361,1269,0.284475965327029,0.156548,0.854695,33.9161,37.9861,1.3979,0.696604,0.842659,N/A,5557,5557857,5557954,draw_dynamic_pedestrians_Classical local controller_g3_ep9
audit__dynamic_pedestrians__Classical_local_controller__g4__ep00,safety_envelope_intervention_audit,dynamic_pedestrians,Classical local controller,evaluation_seed,4,0,4,ON,0.1,1,4,0,N/A,0,0,371,1495,0.248160535117057,0.160976,0.880279,31.3329,35.0928,2.0725,0.635252,0.852783,N/A,3332,3332432,3332529,draw_dynamic_pedestrians_Classical local controller_g4_ep0
audit__dynamic_pedestrians__Classical_local_controller__g4__ep01,safety_envelope_intervention_audit,dynamic_pedestrians,Classical local controller,evaluation_seed,4,1,4,ON,0.1,1,4,0,N/A,0,0,344,1302,0.2642089093702,0.141136,0.874799,32.9407,36.8936,1.7172,0.683832,0.906654,N/A,7346,7346846,7346943,draw_dynamic_pedestrians_Classical local controller_g4_ep1
audit__dynamic_pedestrians__Classical_local_controller__g4__ep02,safety_envelope_intervention_audit,dynamic_pedestrians,Classical local controller,evaluation_seed,4,2,4,ON,0.1,1,4,0,N/A,0,0,377,1500,0.251333333333333,0.175028,0.89312,32.9559,36.9106,2.3215,0.68739,0.911128,N/A,11708,11708708,11708805,draw_dynamic_pedestrians_Classical local controller_g4_ep2
audit__dynamic_pedestrians__Classical_local_controller__g4__ep03,safety_envelope_intervention_audit,dynamic_pedestrians,Classical local controller,evaluation_seed,4,3,4,ON,0.1,1,4,0,N/A,0,0,362,1611,0.224705152079454,0.18675,0.89648,31.0759,34.805,2.155,0.667806,0.819626,N/A,8766,8766466,8766563,draw_dynamic_pedestrians_Classical local controller_g4_ep3
audit__dynamic_pedestrians__Classical_local_controller__g4__ep04,safety_envelope_intervention_audit,dynamic_pedestrians,Classical local controller,evaluation_seed,4,4,4,ON,0.1,1,4,0,N/A,0,0,375,1599,0.234521575984991,0.153702,0.876143,33.4299,37.4415,2.2993,0.68485,0.882441,N/A,7081,7081581,7081678,draw_dynamic_pedestrians_Classical local controller_g4_ep4
audit__dynamic_pedestrians__Classical_local_controller__g4__ep05,safety_envelope_intervention_audit,dynamic_pedestrians,Classical local controller,evaluation_seed,4,5,4,ON,0.1,1,4,0,N/A,0,0,353,1389,0.254139668826494,0.169575,0.877274,30.9082,34.6172,1.5357,0.670643,0.845304,N/A,5985,5985385,5985482,draw_dynamic_pedestrians_Classical local controller_g4_ep5
audit__dynamic_pedestrians__Classical_local_controller__g4__ep06,safety_envelope_intervention_audit,dynamic_pedestrians,Classical local controller,evaluation_seed,4,6,4,ON,0.1,1,4,0,N/A,0,0,346,1595,0.21692789968652,0.167243,0.90462,30.5773,34.2466,1.4478,0.690303,0.907333,N/A,8728,8728428,8728525,draw_dynamic_pedestrians_Classical local controller_g4_ep6
audit__dynamic_pedestrians__Classical_local_controller__g4__ep07,safety_envelope_intervention_audit,dynamic_pedestrians,Classical local controller,evaluation_seed,4,7,4,ON,0.1,1,4,0,N/A,0,0,362,1655,0.218731117824773,0.168963,0.876978,33.104,37.0765,1.5917,0.677606,0.836854,N/A,3151,3151251,3151348,draw_dynamic_pedestrians_Classical local controller_g4_ep7
audit__dynamic_pedestrians__Classical_local_controller__g4__ep08,safety_envelope_intervention_audit,dynamic_pedestrians,Classical local controller,evaluation_seed,4,8,4,ON,0.1,1,4,0,N/A,0,0,346,1494,0.231593038821955,0.187814,0.894951,31.383,35.1489,1.8066,0.666468,0.868611,N/A,11825,11825825,11825922,draw_dynamic_pedestrians_Classical local controller_g4_ep8
audit__dynamic_pedestrians__Classical_local_controller__g4__ep09,safety_envelope_intervention_audit,dynamic_pedestrians,Classical local controller,evaluation_seed,4,9,4,ON,0.1,1,4,0,N/A,0,0,323,1345,0.240148698884758,0.170808,0.888526,30.7113,34.3967,2.1801,0.633005,0.842163,N/A,8833,8833533,8833630,draw_dynamic_pedestrians_Classical local controller_g4_ep9
audit__dynamic_pedestrians__Classical_local_controller__g5__ep00,safety_envelope_intervention_audit,dynamic_pedestrians,Classical local controller,evaluation_seed,5,0,4,ON,0.1,1,4,0,N/A,0,0,324,1277,0.253719655442443,0.164273,0.940479,30.1389,33.7555,1.9572,0.655481,0.849669,N/A,4725,4725925,4726022,draw_dynamic_pedestrians_Classical local controller_g5_ep0
audit__dynamic_pedestrians__Classical_local_controller__g5__ep01,safety_envelope_intervention_audit,dynamic_pedestrians,Classical local controller,evaluation_seed,5,1,4,ON,0.1,1,4,0,N/A,0,0,344,1293,0.266047950502707,0.182002,0.915355,32.7226,36.6493,1.3114,0.631959,0.818527,N/A,10368,10368268,10368365,draw_dynamic_pedestrians_Classical local controller_g5_ep1
audit__dynamic_pedestrians__Classical_local_controller__g5__ep02,safety_envelope_intervention_audit,dynamic_pedestrians,Classical local controller,evaluation_seed,5,2,4,ON,0.1,1,4,0,N/A,0,0,313,1246,0.251203852327448,0.162894,0.955759,33.0641,37.0317,1.7747,0.701213,0.858602,N/A,10503,10503403,10503500,draw_dynamic_pedestrians_Classical local controller_g5_ep2
audit__dynamic_pedestrians__Classical_local_controller__g5__ep03,safety_envelope_intervention_audit,dynamic_pedestrians,Classical local controller,evaluation_seed,5,3,4,ON,0.1,1,4,0,N/A,0,0,340,1232,0.275974025974026,0.158064,0.930777,33.7918,37.8468,1.7405,0.633559,0.887084,N/A,3998,3998198,3998295,draw_dynamic_pedestrians_Classical local controller_g5_ep3
audit__dynamic_pedestrians__Classical_local_controller__g5__ep04,safety_envelope_intervention_audit,dynamic_pedestrians,Classical local controller,evaluation_seed,5,4,4,ON,0.1,1,4,0,N/A,0,0,316,1316,0.240121580547112,0.181505,0.969405,30.6963,34.3798,1.1439,0.631365,0.898438,N/A,5176,5176476,5176573,draw_dynamic_pedestrians_Classical local controller_g5_ep4
audit__dynamic_pedestrians__Classical_local_controller__g5__ep05,safety_envelope_intervention_audit,dynamic_pedestrians,Classical local controller,evaluation_seed,5,5,4,ON,0.1,1,4,0,N/A,0,0,308,1332,0.231231231231231,0.150071,0.953688,33.7863,37.8406,1.3582,0.70475,0.905698,N/A,8156,8156756,8156853,draw_dynamic_pedestrians_Classical local controller_g5_ep5
audit__dynamic_pedestrians__Classical_local_controller__g5__ep06,safety_envelope_intervention_audit,dynamic_pedestrians,Classical local controller,evaluation_seed,5,6,4,ON,0.1,1,4,0,N/A,0,0,333,1314,0.253424657534247,0.160815,0.95067,34.4669,38.6029,1.0178,0.663412,0.829944,N/A,10336,10336236,10336333,draw_dynamic_pedestrians_Classical local controller_g5_ep6
audit__dynamic_pedestrians__Classical_local_controller__g5__ep07,safety_envelope_intervention_audit,dynamic_pedestrians,Classical local controller,evaluation_seed,5,7,4,ON,0.1,1,4,0,N/A,0,0,325,1300,0.25,0.177388,0.932462,34.893,39.0802,2.4692,0.643121,0.830402,N/A,3849,3849949,3850046,draw_dynamic_pedestrians_Classical local controller_g5_ep7
audit__dynamic_pedestrians__Classical_local_controller__g5__ep08,safety_envelope_intervention_audit,dynamic_pedestrians,Classical local controller,evaluation_seed,5,8,4,ON,0.1,1,4,0,N/A,0,0,346,1366,0.253294289897511,0.166236,0.940473,33.3552,37.3578,1.4552,0.662081,0.91744,N/A,11332,11332332,11332429,draw_dynamic_pedestrians_Classical local controller_g5_ep8
audit__dynamic_pedestrians__Classical_local_controller__g5__ep09,safety_envelope_intervention_audit,dynamic_pedestrians,Classical local controller,evaluation_seed,5,9,4,ON,0.1,1,4,0,N/A,0,0,368,1480,0.248648648648649,0.176629,0.934728,31.2318,34.9796,1.4133,0.676756,0.884737,N/A,6664,6664164,6664261,draw_dynamic_pedestrians_Classical local controller_g5_ep9
audit__dynamic_pedestrians__Classical_local_controller__g6__ep00,safety_envelope_intervention_audit,dynamic_pedestrians,Classical local controller,evaluation_seed,6,0,4,ON,0.1,1,4,0,N/A,0,0,290,1072,0.270522388059702,0.170048,0.793003,32.4031,36.2915,1.0026,0.636588,0.818805,N/A,5084,5084384,5084481,draw_dynamic_pedestrians_Classical local controller_g6_ep0
audit__dynamic_pedestrians__Classical_local_controller__g6__ep01,safety_envelope_intervention_audit,dynamic_pedestrians,Classical local controller,evaluation_seed,6,1,4,ON,0.1,1,4,0,N/A,0,0,326,1212,0.268976897689769,0.162177,0.795238,32.8261,36.7653,1.7878,0.636012,0.826047,N/A,3880,3880980,3881077,draw_dynamic_pedestrians_Classical local controller_g6_ep1
audit__dynamic_pedestrians__Classical_local_controller__g6__ep02,safety_envelope_intervention_audit,dynamic_pedestrians,Classical local controller,evaluation_seed,6,2,4,ON,0.1,1,4,0,N/A,0,0,325,1180,0.275423728813559,0.174524,0.804311,32.9107,36.86,2.2566,0.673971,0.901846,N/A,9589,9589389,9589486,draw_dynamic_pedestrians_Classical local controller_g6_ep2
audit__dynamic_pedestrians__Classical_local_controller__g6__ep03,safety_envelope_intervention_audit,dynamic_pedestrians,Classical local controller,evaluation_seed,6,3,4,ON,0.1,1,4,0,N/A,0,0,323,1173,0.27536231884058,0.160427,0.816832,32.4007,36.2888,1.0783,0.671575,0.810294,N/A,8370,8370970,8371067,draw_dynamic_pedestrians_Classical local controller_g6_ep3
audit__dynamic_pedestrians__Classical_local_controller__g6__ep04,safety_envelope_intervention_audit,dynamic_pedestrians,Classical local controller,evaluation_seed,6,4,4,ON,0.1,1,4,0,N/A,0,0,326,1186,0.274873524451939,0.160808,0.804267,32.7695,36.7019,2.3513,0.669864,0.823727,N/A,10564,10564464,10564561,draw_dynamic_pedestrians_Classical local controller_g6_ep4
audit__dynamic_pedestrians__Classical_local_controller__g6__ep05,safety_envelope_intervention_audit,dynamic_pedestrians,Classical local controller,evaluation_seed,6,5,4,ON,0.1,1,4,0,N/A,0,0,303,1082,0.28003696857671,0.172211,0.774622,34.3321,38.4519,2.4347,0.636455,0.836076,N/A,6942,6942442,6942539,draw_dynamic_pedestrians_Classical local controller_g6_ep5
audit__dynamic_pedestrians__Classical_local_controller__g6__ep06,safety_envelope_intervention_audit,dynamic_pedestrians,Classical local controller,evaluation_seed,6,6,4,ON,0.1,1,4,0,N/A,0,0,314,1194,0.262981574539363,0.183523,0.780149,33.3121,37.3095,1.7089,0.680217,0.81936,N/A,10776,10776676,10776773,draw_dynamic_pedestrians_Classical local controller_g6_ep6
audit__dynamic_pedestrians__Classical_local_controller__g6__ep07,safety_envelope_intervention_audit,dynamic_pedestrians,Classical local controller,evaluation_seed,6,7,4,ON,0.1,1,4,0,N/A,0,0,313,1116,0.280465949820788,0.159479,0.802546,30.748,34.4378,1.6551,0.659552,0.811845,N/A,9672,9672472,9672569,draw_dynamic_pedestrians_Classical local controller_g6_ep7
audit__dynamic_pedestrians__Classical_local_controller__g6__ep08,safety_envelope_intervention_audit,dynamic_pedestrians,Classical local controller,evaluation_seed,6,8,4,ON,0.1,1,4,0,N/A,0,0,329,1139,0.288849868305531,0.174565,0.806934,34.5475,38.6932,1.0842,0.643743,0.895134,N/A,10267,10267167,10267264,draw_dynamic_pedestrians_Classical local controller_g6_ep8
audit__dynamic_pedestrians__Classical_local_controller__g6__ep09,safety_envelope_intervention_audit,dynamic_pedestrians,Classical local controller,evaluation_seed,6,9,4,ON,0.1,1,4,0,N/A,0,0,288,1062,0.271186440677966,0.143769,0.816519,32.2061,36.0708,1.3292,0.663818,0.82134,N/A,9099,9099799,9099896,draw_dynamic_pedestrians_Classical local controller_g6_ep9
audit__dynamic_pedestrians__Classical_local_controller__g7__ep00,safety_envelope_intervention_audit,dynamic_pedestrians,Classical local controller,evaluation_seed,7,0,4,ON,0.1,1,4,0,N/A,0,0,285,1151,0.24761077324066,0.169105,0.877618,33.9101,37.9793,1.3522,0.701335,0.882442,N/A,5826,5826226,5826323,draw_dynamic_pedestrians_Classical local controller_g7_ep0
audit__dynamic_pedestrians__Classical_local_controller__g7__ep01,safety_envelope_intervention_audit,dynamic_pedestrians,Classical local controller,evaluation_seed,7,1,4,ON,0.1,1,4,0,N/A,0,0,368,1412,0.260623229461756,0.151477,0.863048,32.622,36.5366,2.0204,0.707239,0.838357,N/A,3907,3907107,3907204,draw_dynamic_pedestrians_Classical local controller_g7_ep1
audit__dynamic_pedestrians__Classical_local_controller__g7__ep02,safety_envelope_intervention_audit,dynamic_pedestrians,Classical local controller,evaluation_seed,7,2,4,ON,0.1,1,4,0,N/A,0,0,352,1388,0.253602305475504,0.173611,0.862506,31.1842,34.9263,1.5532,0.644365,0.879658,N/A,10901,10901801,10901898,draw_dynamic_pedestrians_Classical local controller_g7_ep2
audit__dynamic_pedestrians__Classical_local_controller__g7__ep03,safety_envelope_intervention_audit,dynamic_pedestrians,Classical local controller,evaluation_seed,7,3,4,ON,0.1,1,4,0,N/A,0,0,345,1356,0.254424778761062,0.158578,0.853042,31.2997,35.0556,1.4628,0.66661,0.856848,N/A,9860,9860660,9860757,draw_dynamic_pedestrians_Classical local controller_g7_ep3
audit__dynamic_pedestrians__Classical_local_controller__g7__ep04,safety_envelope_intervention_audit,dynamic_pedestrians,Classical local controller,evaluation_seed,7,4,4,ON,0.1,1,4,0,N/A,0,0,320,1351,0.236861584011843,0.163294,0.848671,34.3949,38.5223,1.1132,0.675467,0.807318,N/A,10753,10753653,10753750,draw_dynamic_pedestrians_Classical local controller_g7_ep4
audit__dynamic_pedestrians__Classical_local_controller__g7__ep05,safety_envelope_intervention_audit,dynamic_pedestrians,Classical local controller,evaluation_seed,7,5,4,ON,0.1,1,4,0,N/A,0,0,319,1317,0.242217160212604,0.163508,0.889674,33.8412,37.9021,1.8945,0.663942,0.850549,N/A,6250,6250650,6250747,draw_dynamic_pedestrians_Classical local controller_g7_ep5
audit__dynamic_pedestrians__Classical_local_controller__g7__ep06,safety_envelope_intervention_audit,dynamic_pedestrians,Classical local controller,evaluation_seed,7,6,4,ON,0.1,1,4,0,N/A,0,0,342,1295,0.264092664092664,0.171995,0.857763,30.5118,34.1732,1.6633,0.654937,0.878381,N/A,7831,7831431,7831528,draw_dynamic_pedestrians_Classical local controller_g7_ep6
audit__dynamic_pedestrians__Classical_local_controller__g7__ep07,safety_envelope_intervention_audit,dynamic_pedestrians,Classical local controller,evaluation_seed,7,7,4,ON,0.1,1,4,0,N/A,0,0,316,1283,0.246297739672642,0.177595,0.867858,30.8307,34.5303,2.3433,0.699269,0.88515,N/A,9040,9040740,9040837,draw_dynamic_pedestrians_Classical local controller_g7_ep7
audit__dynamic_pedestrians__Classical_local_controller__g7__ep08,safety_envelope_intervention_audit,dynamic_pedestrians,Classical local controller,evaluation_seed,7,8,4,ON,0.1,1,4,0,N/A,0,0,326,1313,0.248286367098248,0.168029,0.875533,31.9448,35.7781,2.406,0.666876,0.801663,N/A,11698,11698698,11698795,draw_dynamic_pedestrians_Classical local controller_g7_ep8
audit__dynamic_pedestrians__Classical_local_controller__g7__ep09,safety_envelope_intervention_audit,dynamic_pedestrians,Classical local controller,evaluation_seed,7,9,4,ON,0.1,1,4,0,N/A,0,0,340,1439,0.236275191104934,0.14083,0.85852,31.4178,35.188,1.8382,0.701979,0.83665,N/A,3467,3467567,3467664,draw_dynamic_pedestrians_Classical local controller_g7_ep9
audit__mixed_complex__Classical_local_controller__g0__ep00,safety_envelope_intervention_audit,mixed_complex,Classical local controller,evaluation_seed,0,0,4,ON,0.1,1,4,0,N/A,0,0,634,1898,0.334035827186512,0.152863,0.856569,30.1881,33.8106,1.8315,0.683646,0.815907,N/A,5721,5721121,5721218,draw_mixed_complex_Classical local controller_g0_ep0
audit__mixed_complex__Classical_local_controller__g0__ep01,safety_envelope_intervention_audit,mixed_complex,Classical local controller,evaluation_seed,0,1,4,ON,0.1,1,4,0,N/A,0,0,605,1809,0.334438916528469,0.163357,0.838633,34.6416,38.7986,1.1544,0.657138,0.815786,N/A,5471,5471771,5471868,draw_mixed_complex_Classical local controller_g0_ep1
audit__mixed_complex__Classical_local_controller__g0__ep02,safety_envelope_intervention_audit,mixed_complex,Classical local controller,evaluation_seed,0,2,4,ON,0.1,1,4,0,N/A,0,0,641,2091,0.306551889048302,0.178373,0.833303,31.0148,34.7366,2.2914,0.661389,0.839524,N/A,5177,5177477,5177574,draw_mixed_complex_Classical local controller_g0_ep2
audit__mixed_complex__Classical_local_controller__g0__ep03,safety_envelope_intervention_audit,mixed_complex,Classical local controller,evaluation_seed,0,3,4,ON,0.1,1,4,0,N/A,0,0,606,1878,0.322683706070288,0.151872,0.830601,31.8805,35.7061,1.7596,0.66566,0.822061,N/A,3742,3742842,3742939,draw_mixed_complex_Classical local controller_g0_ep3
audit__mixed_complex__Classical_local_controller__g0__ep04,safety_envelope_intervention_audit,mixed_complex,Classical local controller,evaluation_seed,0,4,4,ON,0.1,1,4,0,N/A,0,0,582,1803,0.32279534109817,0.164756,0.8441,32.6458,36.5633,2.3472,0.6444,0.822293,N/A,4472,4472672,4472769,draw_mixed_complex_Classical local controller_g0_ep4
audit__mixed_complex__Classical_local_controller__g0__ep05,safety_envelope_intervention_audit,mixed_complex,Classical local controller,evaluation_seed,0,5,4,ON,0.1,1,4,0,N/A,0,0,573,1827,0.313628899835796,0.153341,0.82185,34.1534,38.2519,1.8213,0.648004,0.905096,N/A,10137,10137937,10138034,draw_mixed_complex_Classical local controller_g0_ep5
audit__mixed_complex__Classical_local_controller__g0__ep06,safety_envelope_intervention_audit,mixed_complex,Classical local controller,evaluation_seed,0,6,4,ON,0.1,1,4,0,N/A,0,0,566,1752,0.323059360730594,0.162882,0.848453,33.6274,37.6626,2.302,0.698061,0.904362,N/A,9524,9524324,9524421,draw_mixed_complex_Classical local controller_g0_ep6
audit__mixed_complex__Classical_local_controller__g0__ep07,safety_envelope_intervention_audit,mixed_complex,Classical local controller,evaluation_seed,0,7,4,ON,0.1,1,4,0,N/A,0,0,648,2031,0.319054652880355,0.16063,0.8252,33.4482,37.462,2.4494,0.702314,0.806293,N/A,8186,8186786,8186883,draw_mixed_complex_Classical local controller_g0_ep7
audit__mixed_complex__Classical_local_controller__g0__ep08,safety_envelope_intervention_audit,mixed_complex,Classical local controller,evaluation_seed,0,8,4,ON,0.1,1,4,0,N/A,0,0,632,1998,0.316316316316316,0.161559,0.863085,34.6195,38.7738,2.3893,0.688806,0.871913,N/A,4864,4864164,4864261,draw_mixed_complex_Classical local controller_g0_ep8
audit__mixed_complex__Classical_local_controller__g0__ep09,safety_envelope_intervention_audit,mixed_complex,Classical local controller,evaluation_seed,0,9,4,ON,0.1,1,4,0,N/A,0,0,579,1851,0.312803889789303,0.148596,0.836665,34.2231,38.3298,1.7202,0.677338,0.855442,N/A,10569,10569469,10569566,draw_mixed_complex_Classical local controller_g0_ep9
audit__mixed_complex__Classical_local_controller__g1__ep00,safety_envelope_intervention_audit,mixed_complex,Classical local controller,evaluation_seed,1,0,4,ON,0.1,1,4,0,N/A,0,0,646,1980,0.326262626262626,0.153222,0.825973,32.8031,36.7395,2.4051,0.693291,0.901798,N/A,10994,10994894,10994991,draw_mixed_complex_Classical local controller_g1_ep0
audit__mixed_complex__Classical_local_controller__g1__ep01,safety_envelope_intervention_audit,mixed_complex,Classical local controller,evaluation_seed,1,1,4,ON,0.1,1,4,0,N/A,0,0,566,1913,0.295870360690016,0.156186,0.810459,33.8043,37.8608,2.2415,0.645827,0.90728,N/A,9654,9654454,9654551,draw_mixed_complex_Classical local controller_g1_ep1
audit__mixed_complex__Classical_local_controller__g1__ep02,safety_envelope_intervention_audit,mixed_complex,Classical local controller,evaluation_seed,1,2,4,ON,0.1,1,4,0,N/A,0,0,630,2029,0.310497782158699,0.151007,0.831585,32.7084,36.6334,2.1157,0.633493,0.836246,N/A,11084,11084984,11085081,draw_mixed_complex_Classical local controller_g1_ep2
audit__mixed_complex__Classical_local_controller__g1__ep03,safety_envelope_intervention_audit,mixed_complex,Classical local controller,evaluation_seed,1,3,4,ON,0.1,1,4,0,N/A,0,0,639,2112,0.302556818181818,0.157629,0.845378,33.883,37.9489,1.8902,0.684451,0.83305,N/A,10660,10660560,10660657,draw_mixed_complex_Classical local controller_g1_ep3
audit__mixed_complex__Classical_local_controller__g1__ep04,safety_envelope_intervention_audit,mixed_complex,Classical local controller,evaluation_seed,1,4,4,ON,0.1,1,4,0,N/A,0,0,638,2110,0.302369668246446,0.178763,0.849107,31.188,34.9306,1.0312,0.683298,0.88956,N/A,3609,3609709,3609806,draw_mixed_complex_Classical local controller_g1_ep4
audit__mixed_complex__Classical_local_controller__g1__ep05,safety_envelope_intervention_audit,mixed_complex,Classical local controller,evaluation_seed,1,5,4,ON,0.1,1,4,0,N/A,0,0,603,1695,0.35575221238938,0.160204,0.85301,31.4972,35.2769,2.3482,0.649923,0.805531,N/A,9994,9994794,9994891,draw_mixed_complex_Classical local controller_g1_ep5
audit__mixed_complex__Classical_local_controller__g1__ep06,safety_envelope_intervention_audit,mixed_complex,Classical local controller,evaluation_seed,1,6,4,ON,0.1,1,4,0,N/A,0,0,615,1852,0.33207343412527,0.169179,0.822515,33.7205,37.7669,2.4792,0.660709,0.878668,N/A,9533,9533333,9533430,draw_mixed_complex_Classical local controller_g1_ep6
audit__mixed_complex__Classical_local_controller__g1__ep07,safety_envelope_intervention_audit,mixed_complex,Classical local controller,evaluation_seed,1,7,4,ON,0.1,1,4,0,N/A,0,0,589,1936,0.304235537190083,0.157367,0.857109,33.4623,37.4778,2.0286,0.696533,0.888326,N/A,9620,9620420,9620517,draw_mixed_complex_Classical local controller_g1_ep7
audit__mixed_complex__Classical_local_controller__g1__ep08,safety_envelope_intervention_audit,mixed_complex,Classical local controller,evaluation_seed,1,8,4,ON,0.1,1,4,0,N/A,0,0,635,1788,0.355145413870246,0.149431,0.861823,30.9965,34.7161,1.1065,0.689525,0.804791,N/A,5891,5891291,5891388,draw_mixed_complex_Classical local controller_g1_ep8
audit__mixed_complex__Classical_local_controller__g1__ep09,safety_envelope_intervention_audit,mixed_complex,Classical local controller,evaluation_seed,1,9,4,ON,0.1,1,4,0,N/A,0,0,580,1942,0.298661174047374,0.169296,0.848941,34.4567,38.5915,1.4005,0.672481,0.918954,N/A,3627,3627727,3627824,draw_mixed_complex_Classical local controller_g1_ep9
audit__mixed_complex__Classical_local_controller__g2__ep00,safety_envelope_intervention_audit,mixed_complex,Classical local controller,evaluation_seed,2,0,4,ON,0.1,1,4,0,N/A,0,0,595,1747,0.340583858042358,0.160813,0.833978,34.8508,39.0329,1.9803,0.639973,0.862588,N/A,10453,10453353,10453450,draw_mixed_complex_Classical local controller_g2_ep0
audit__mixed_complex__Classical_local_controller__g2__ep01,safety_envelope_intervention_audit,mixed_complex,Classical local controller,evaluation_seed,2,1,4,ON,0.1,1,4,0,N/A,0,0,619,1838,0.336779107725789,0.163024,0.82809,32.0728,35.9215,1.272,0.680383,0.825449,N/A,10731,10731631,10731728,draw_mixed_complex_Classical local controller_g2_ep1
audit__mixed_complex__Classical_local_controller__g2__ep02,safety_envelope_intervention_audit,mixed_complex,Classical local controller,evaluation_seed,2,2,4,ON,0.1,1,4,0,N/A,0,0,600,1983,0.302571860816944,0.166689,0.820534,33.8369,37.8974,2.4002,0.704054,0.905796,N/A,6051,6051451,6051548,draw_mixed_complex_Classical local controller_g2_ep2
audit__mixed_complex__Classical_local_controller__g2__ep03,safety_envelope_intervention_audit,mixed_complex,Classical local controller,evaluation_seed,2,3,4,ON,0.1,1,4,0,N/A,0,0,594,1929,0.307931570762053,0.157626,0.835347,31.7283,35.5357,2.3765,0.656755,0.822982,N/A,4618,4618818,4618915,draw_mixed_complex_Classical local controller_g2_ep3
audit__mixed_complex__Classical_local_controller__g2__ep04,safety_envelope_intervention_audit,mixed_complex,Classical local controller,evaluation_seed,2,4,4,ON,0.1,1,4,0,N/A,0,0,675,2124,0.317796610169492,0.156242,0.859386,31.4575,35.2324,2.0518,0.706866,0.867769,N/A,6803,6803303,6803400,draw_mixed_complex_Classical local controller_g2_ep4
audit__mixed_complex__Classical_local_controller__g2__ep05,safety_envelope_intervention_audit,mixed_complex,Classical local controller,evaluation_seed,2,5,4,ON,0.1,1,4,0,N/A,0,0,567,1810,0.313259668508287,0.180696,0.84108,32.6053,36.518,1.5257,0.706852,0.919093,N/A,6122,6122522,6122619,draw_mixed_complex_Classical local controller_g2_ep5
audit__mixed_complex__Classical_local_controller__g2__ep06,safety_envelope_intervention_audit,mixed_complex,Classical local controller,evaluation_seed,2,6,4,ON,0.1,1,4,0,N/A,0,0,621,1949,0.318624935864546,0.165075,0.837719,31.2648,35.0165,2.0145,0.649421,0.919082,N/A,8125,8125725,8125822,draw_mixed_complex_Classical local controller_g2_ep6
audit__mixed_complex__Classical_local_controller__g2__ep07,safety_envelope_intervention_audit,mixed_complex,Classical local controller,evaluation_seed,2,7,4,ON,0.1,1,4,0,N/A,0,0,642,2134,0.300843486410497,0.18202,0.860543,30.7558,34.4465,2.1966,0.677068,0.913159,N/A,7609,7609209,7609306,draw_mixed_complex_Classical local controller_g2_ep7
audit__mixed_complex__Classical_local_controller__g2__ep08,safety_envelope_intervention_audit,mixed_complex,Classical local controller,evaluation_seed,2,8,4,ON,0.1,1,4,0,N/A,0,0,628,1857,0.33817985998923,0.138865,0.817645,33.5189,37.5411,1.1408,0.699026,0.845965,N/A,11739,11739739,11739836,draw_mixed_complex_Classical local controller_g2_ep8
audit__mixed_complex__Classical_local_controller__g2__ep09,safety_envelope_intervention_audit,mixed_complex,Classical local controller,evaluation_seed,2,9,4,ON,0.1,1,4,0,N/A,0,0,549,1722,0.318815331010453,0.140689,0.852227,33.6954,37.7389,2.0426,0.672897,0.897081,N/A,5806,5806206,5806303,draw_mixed_complex_Classical local controller_g2_ep9
audit__mixed_complex__Classical_local_controller__g3__ep00,safety_envelope_intervention_audit,mixed_complex,Classical local controller,evaluation_seed,3,0,4,ON,0.1,1,4,0,N/A,0,0,619,2139,0.289387564282375,0.168498,0.840308,31.2735,35.0264,1.3811,0.660449,0.875019,N/A,4035,4035235,4035332,draw_mixed_complex_Classical local controller_g3_ep0
audit__mixed_complex__Classical_local_controller__g3__ep01,safety_envelope_intervention_audit,mixed_complex,Classical local controller,evaluation_seed,3,1,4,ON,0.1,1,4,0,N/A,0,0,600,1841,0.325909831613254,0.171489,0.864948,33.669,37.7092,1.3699,0.687927,0.875653,N/A,4791,4791991,4792088,draw_mixed_complex_Classical local controller_g3_ep1
audit__mixed_complex__Classical_local_controller__g3__ep02,safety_envelope_intervention_audit,mixed_complex,Classical local controller,evaluation_seed,3,2,4,ON,0.1,1,4,0,N/A,0,0,601,1802,0.333518312985572,0.151953,0.832891,32.4985,36.3983,2.2805,0.697535,0.835664,N/A,4914,4914214,4914311,draw_mixed_complex_Classical local controller_g3_ep2
audit__mixed_complex__Classical_local_controller__g3__ep03,safety_envelope_intervention_audit,mixed_complex,Classical local controller,evaluation_seed,3,3,4,ON,0.1,1,4,0,N/A,0,0,612,1801,0.339811215991116,0.154566,0.878328,34.0475,38.1332,1.8326,0.696653,0.849798,N/A,10938,10938838,10938935,draw_mixed_complex_Classical local controller_g3_ep3
audit__mixed_complex__Classical_local_controller__g3__ep04,safety_envelope_intervention_audit,mixed_complex,Classical local controller,evaluation_seed,3,4,4,ON,0.1,1,4,0,N/A,0,0,637,1931,0.329880890730192,0.147981,0.853617,31.2768,35.03,1.843,0.650331,0.802314,N/A,7594,7594194,7594291,draw_mixed_complex_Classical local controller_g3_ep4
audit__mixed_complex__Classical_local_controller__g3__ep05,safety_envelope_intervention_audit,mixed_complex,Classical local controller,evaluation_seed,3,5,4,ON,0.1,1,4,0,N/A,0,0,594,1937,0.30665978316985,0.159277,0.811649,34.7841,38.9582,1.7137,0.64427,0.809402,N/A,9033,9033733,9033830,draw_mixed_complex_Classical local controller_g3_ep5
audit__mixed_complex__Classical_local_controller__g3__ep06,safety_envelope_intervention_audit,mixed_complex,Classical local controller,evaluation_seed,3,6,4,ON,0.1,1,4,0,N/A,0,0,591,1930,0.306217616580311,0.174994,0.812794,30.6966,34.3802,1.6868,0.647523,0.849768,N/A,6860,6860360,6860457,draw_mixed_complex_Classical local controller_g3_ep6
audit__mixed_complex__Classical_local_controller__g3__ep07,safety_envelope_intervention_audit,mixed_complex,Classical local controller,evaluation_seed,3,7,4,ON,0.1,1,4,0,N/A,0,0,608,1982,0.306760847628658,0.166971,0.844254,34.3386,38.4592,1.2576,0.699461,0.90426,N/A,11320,11320320,11320417,draw_mixed_complex_Classical local controller_g3_ep7
audit__mixed_complex__Classical_local_controller__g3__ep08,safety_envelope_intervention_audit,mixed_complex,Classical local controller,evaluation_seed,3,8,4,ON,0.1,1,4,0,N/A,0,0,596,1908,0.312368972746331,0.154546,0.815715,30.203,33.8274,1.9768,0.654612,0.85973,N/A,6752,6752252,6752349,draw_mixed_complex_Classical local controller_g3_ep8
audit__mixed_complex__Classical_local_controller__g3__ep09,safety_envelope_intervention_audit,mixed_complex,Classical local controller,evaluation_seed,3,9,4,ON,0.1,1,4,0,N/A,0,0,611,1863,0.327965646806226,0.14833,0.851617,30.5121,34.1735,1.8164,0.699087,0.822188,N/A,6908,6908408,6908505,draw_mixed_complex_Classical local controller_g3_ep9
audit__mixed_complex__Classical_local_controller__g4__ep00,safety_envelope_intervention_audit,mixed_complex,Classical local controller,evaluation_seed,4,0,4,ON,0.1,1,4,0,N/A,0,0,550,1773,0.310208685843204,0.17006,0.865531,33.3924,37.3995,2.1632,0.700016,0.811391,N/A,11684,11684684,11684781,draw_mixed_complex_Classical local controller_g4_ep0
audit__mixed_complex__Classical_local_controller__g4__ep01,safety_envelope_intervention_audit,mixed_complex,Classical local controller,evaluation_seed,4,1,4,ON,0.1,1,4,0,N/A,0,0,651,2103,0.309557774607703,0.150373,0.808881,30.2284,33.8558,1.7212,0.651024,0.85083,N/A,4576,4576776,4576873,draw_mixed_complex_Classical local controller_g4_ep1
audit__mixed_complex__Classical_local_controller__g4__ep02,safety_envelope_intervention_audit,mixed_complex,Classical local controller,evaluation_seed,4,2,4,ON,0.1,1,4,0,N/A,0,0,653,2036,0.320726915520629,0.154731,0.828606,31.8084,35.6254,1.1657,0.697973,0.889788,N/A,11479,11479479,11479576,draw_mixed_complex_Classical local controller_g4_ep2
audit__mixed_complex__Classical_local_controller__g4__ep03,safety_envelope_intervention_audit,mixed_complex,Classical local controller,evaluation_seed,4,3,4,ON,0.1,1,4,0,N/A,0,0,608,1777,0.342149690489589,0.14576,0.794457,30.4911,34.1501,1.4133,0.705676,0.847649,N/A,8735,8735435,8735532,draw_mixed_complex_Classical local controller_g4_ep3
audit__mixed_complex__Classical_local_controller__g4__ep04,safety_envelope_intervention_audit,mixed_complex,Classical local controller,evaluation_seed,4,4,4,ON,0.1,1,4,0,N/A,0,0,600,1789,0.335382895472331,0.142775,0.844507,34.7426,38.9118,2.2319,0.703226,0.852543,N/A,8786,8786486,8786583,draw_mixed_complex_Classical local controller_g4_ep4
audit__mixed_complex__Classical_local_controller__g4__ep05,safety_envelope_intervention_audit,mixed_complex,Classical local controller,evaluation_seed,4,5,4,ON,0.1,1,4,0,N/A,0,0,627,1897,0.330521876647338,0.150837,0.861946,33.053,37.0194,1.6357,0.678641,0.887561,N/A,10715,10715615,10715712,draw_mixed_complex_Classical local controller_g4_ep5
audit__mixed_complex__Classical_local_controller__g4__ep06,safety_envelope_intervention_audit,mixed_complex,Classical local controller,evaluation_seed,4,6,4,ON,0.1,1,4,0,N/A,0,0,592,1995,0.296741854636591,0.17564,0.849997,33.1186,37.0928,1.7966,0.640527,0.867796,N/A,9658,9658458,9658555,draw_mixed_complex_Classical local controller_g4_ep6
audit__mixed_complex__Classical_local_controller__g4__ep07,safety_envelope_intervention_audit,mixed_complex,Classical local controller,evaluation_seed,4,7,4,ON,0.1,1,4,0,N/A,0,0,557,1755,0.317378917378917,0.168727,0.865592,31.0608,34.7881,1.9624,0.643616,0.864551,N/A,11399,11399399,11399496,draw_mixed_complex_Classical local controller_g4_ep7
audit__mixed_complex__Classical_local_controller__g4__ep08,safety_envelope_intervention_audit,mixed_complex,Classical local controller,evaluation_seed,4,8,4,ON,0.1,1,4,0,N/A,0,0,644,2137,0.30135704258306,0.170494,0.866963,34.7029,38.8673,1.159,0.704073,0.908365,N/A,6665,6665165,6665262,draw_mixed_complex_Classical local controller_g4_ep8
audit__mixed_complex__Classical_local_controller__g4__ep09,safety_envelope_intervention_audit,mixed_complex,Classical local controller,evaluation_seed,4,9,4,ON,0.1,1,4,0,N/A,0,0,619,1979,0.312784234461849,0.151538,0.829817,33.3208,37.3193,2.4281,0.656675,0.917876,N/A,5224,5224524,5224621,draw_mixed_complex_Classical local controller_g4_ep9
audit__mixed_complex__Classical_local_controller__g5__ep00,safety_envelope_intervention_audit,mixed_complex,Classical local controller,evaluation_seed,5,0,4,ON,0.1,1,4,0,N/A,0,0,578,1756,0.329157175398633,0.142672,0.845141,33.4943,37.5136,2.4122,0.650687,0.885231,N/A,9186,9186886,9186983,draw_mixed_complex_Classical local controller_g5_ep0
audit__mixed_complex__Classical_local_controller__g5__ep01,safety_envelope_intervention_audit,mixed_complex,Classical local controller,evaluation_seed,5,1,4,ON,0.1,1,4,0,N/A,0,0,615,1831,0.335882031676679,0.155643,0.825781,32.5674,36.4755,2.1067,0.708655,0.829642,N/A,5104,5104404,5104501,draw_mixed_complex_Classical local controller_g5_ep1
audit__mixed_complex__Classical_local_controller__g5__ep02,safety_envelope_intervention_audit,mixed_complex,Classical local controller,evaluation_seed,5,2,4,ON,0.1,1,4,0,N/A,0,0,604,1860,0.324731182795699,0.164022,0.840076,31.3709,35.1354,1.9829,0.704188,0.897765,N/A,3891,3891991,3892088,draw_mixed_complex_Classical local controller_g5_ep2
audit__mixed_complex__Classical_local_controller__g5__ep03,safety_envelope_intervention_audit,mixed_complex,Classical local controller,evaluation_seed,5,3,4,ON,0.1,1,4,0,N/A,0,0,654,2077,0.314877226769379,0.1633,0.851295,33.2444,37.2338,2.4974,0.675965,0.810304,N/A,9651,9651451,9651548,draw_mixed_complex_Classical local controller_g5_ep3
audit__mixed_complex__Classical_local_controller__g5__ep04,safety_envelope_intervention_audit,mixed_complex,Classical local controller,evaluation_seed,5,4,4,ON,0.1,1,4,0,N/A,0,0,630,2140,0.294392523364486,0.157643,0.834911,34.6838,38.8459,2.3794,0.693801,0.842665,N/A,10826,10826726,10826823,draw_mixed_complex_Classical local controller_g5_ep4
audit__mixed_complex__Classical_local_controller__g5__ep05,safety_envelope_intervention_audit,mixed_complex,Classical local controller,evaluation_seed,5,5,4,ON,0.1,1,4,0,N/A,0,0,610,1789,0.34097261039687,0.175232,0.851144,31.3523,35.1146,1.5687,0.699076,0.881749,N/A,4396,4396596,4396693,draw_mixed_complex_Classical local controller_g5_ep5
audit__mixed_complex__Classical_local_controller__g5__ep06,safety_envelope_intervention_audit,mixed_complex,Classical local controller,evaluation_seed,5,6,4,ON,0.1,1,4,0,N/A,0,0,541,1522,0.355453350854139,0.146103,0.843136,34.7498,38.9198,1.4569,0.708405,0.831306,N/A,10192,10192992,10193089,draw_mixed_complex_Classical local controller_g5_ep6
audit__mixed_complex__Classical_local_controller__g5__ep07,safety_envelope_intervention_audit,mixed_complex,Classical local controller,evaluation_seed,5,7,4,ON,0.1,1,4,0,N/A,0,0,605,1889,0.320275277924828,0.168011,0.86531,33.2423,37.2314,2.2986,0.695037,0.841836,N/A,7609,7609209,7609306,draw_mixed_complex_Classical local controller_g5_ep7
audit__mixed_complex__Classical_local_controller__g5__ep08,safety_envelope_intervention_audit,mixed_complex,Classical local controller,evaluation_seed,5,8,4,ON,0.1,1,4,0,N/A,0,0,631,2028,0.311143984220907,0.174289,0.804292,33.9985,38.0784,1.971,0.63387,0.853959,N/A,3782,3782882,3782979,draw_mixed_complex_Classical local controller_g5_ep8
audit__mixed_complex__Classical_local_controller__g5__ep09,safety_envelope_intervention_audit,mixed_complex,Classical local controller,evaluation_seed,5,9,4,ON,0.1,1,4,0,N/A,0,0,640,2101,0.304616849119467,0.151747,0.825594,34.7517,38.9219,1.4179,0.665806,0.869412,N/A,11831,11831831,11831928,draw_mixed_complex_Classical local controller_g5_ep9
audit__mixed_complex__Classical_local_controller__g6__ep00,safety_envelope_intervention_audit,mixed_complex,Classical local controller,evaluation_seed,6,0,4,ON,0.1,1,4,0,N/A,0,0,584,1818,0.321232123212321,0.177594,0.845638,31.9127,35.7422,1.2817,0.678717,0.897605,N/A,9462,9462262,9462359,draw_mixed_complex_Classical local controller_g6_ep0
audit__mixed_complex__Classical_local_controller__g6__ep01,safety_envelope_intervention_audit,mixed_complex,Classical local controller,evaluation_seed,6,1,4,ON,0.1,1,4,0,N/A,0,0,664,2013,0.329855936413314,0.162273,0.84339,31.6157,35.4095,1.5224,0.694549,0.886569,N/A,3520,3520620,3520717,draw_mixed_complex_Classical local controller_g6_ep1
audit__mixed_complex__Classical_local_controller__g6__ep02,safety_envelope_intervention_audit,mixed_complex,Classical local controller,evaluation_seed,6,2,4,ON,0.1,1,4,0,N/A,0,0,613,2012,0.304671968190855,0.178753,0.836332,31.0798,34.8094,1.8979,0.691213,0.826926,N/A,5818,5818218,5818315,draw_mixed_complex_Classical local controller_g6_ep2
audit__mixed_complex__Classical_local_controller__g6__ep03,safety_envelope_intervention_audit,mixed_complex,Classical local controller,evaluation_seed,6,3,4,ON,0.1,1,4,0,N/A,0,0,590,1758,0.335608646188851,0.137165,0.837051,32.495,36.3944,1.7564,0.683017,0.895008,N/A,8739,8739439,8739536,draw_mixed_complex_Classical local controller_g6_ep3
audit__mixed_complex__Classical_local_controller__g6__ep04,safety_envelope_intervention_audit,mixed_complex,Classical local controller,evaluation_seed,6,4,4,ON,0.1,1,4,0,N/A,0,0,594,1799,0.330183435241801,0.171284,0.849777,33.7138,37.7594,1.7951,0.67309,0.824014,N/A,4714,4714914,4715011,draw_mixed_complex_Classical local controller_g6_ep4
audit__mixed_complex__Classical_local_controller__g6__ep05,safety_envelope_intervention_audit,mixed_complex,Classical local controller,evaluation_seed,6,5,4,ON,0.1,1,4,0,N/A,0,0,611,1895,0.322427440633245,0.154213,0.834279,33.5701,37.5985,2.1484,0.662588,0.859954,N/A,4901,4901201,4901298,draw_mixed_complex_Classical local controller_g6_ep5
audit__mixed_complex__Classical_local_controller__g6__ep06,safety_envelope_intervention_audit,mixed_complex,Classical local controller,evaluation_seed,6,6,4,ON,0.1,1,4,0,N/A,0,0,607,1998,0.303803803803804,0.160016,0.837918,30.0429,33.648,1.366,0.709563,0.867085,N/A,11143,11143143,11143240,draw_mixed_complex_Classical local controller_g6_ep6
audit__mixed_complex__Classical_local_controller__g6__ep07,safety_envelope_intervention_audit,mixed_complex,Classical local controller,evaluation_seed,6,7,4,ON,0.1,1,4,0,N/A,0,0,604,1999,0.302151075537769,0.154161,0.859413,32.5968,36.5085,1.9647,0.655788,0.811738,N/A,7410,7410910,7411007,draw_mixed_complex_Classical local controller_g6_ep7
audit__mixed_complex__Classical_local_controller__g6__ep08,safety_envelope_intervention_audit,mixed_complex,Classical local controller,evaluation_seed,6,8,4,ON,0.1,1,4,0,N/A,0,0,630,2005,0.314214463840399,0.148619,0.841423,34.0284,38.1118,1.6767,0.650591,0.915477,N/A,4593,4593793,4593890,draw_mixed_complex_Classical local controller_g6_ep8
audit__mixed_complex__Classical_local_controller__g6__ep09,safety_envelope_intervention_audit,mixed_complex,Classical local controller,evaluation_seed,6,9,4,ON,0.1,1,4,0,N/A,0,0,601,1853,0.324338909875877,0.152297,0.813935,32.6096,36.5227,1.4316,0.663347,0.8547,N/A,11676,11676676,11676773,draw_mixed_complex_Classical local controller_g6_ep9
audit__mixed_complex__Classical_local_controller__g7__ep00,safety_envelope_intervention_audit,mixed_complex,Classical local controller,evaluation_seed,7,0,4,ON,0.1,1,4,0,N/A,0,0,594,1928,0.308091286307054,0.175228,0.832568,32.2005,36.0645,1.5005,0.701391,0.888743,N/A,9194,9194894,9194991,draw_mixed_complex_Classical local controller_g7_ep0
audit__mixed_complex__Classical_local_controller__g7__ep01,safety_envelope_intervention_audit,mixed_complex,Classical local controller,evaluation_seed,7,1,4,ON,0.1,1,4,0,N/A,0,0,575,1765,0.325779036827195,0.167098,0.800005,32.279,36.1525,1.6648,0.665449,0.87305,N/A,7334,7334834,7334931,draw_mixed_complex_Classical local controller_g7_ep1
audit__mixed_complex__Classical_local_controller__g7__ep02,safety_envelope_intervention_audit,mixed_complex,Classical local controller,evaluation_seed,7,2,4,ON,0.1,1,4,0,N/A,0,0,654,2039,0.320745463462482,0.152967,0.832598,34.1105,38.2037,1.2864,0.644826,0.813833,N/A,11717,11717717,11717814,draw_mixed_complex_Classical local controller_g7_ep2
audit__mixed_complex__Classical_local_controller__g7__ep03,safety_envelope_intervention_audit,mixed_complex,Classical local controller,evaluation_seed,7,3,4,ON,0.1,1,4,0,N/A,0,0,603,1812,0.332781456953642,0.167582,0.862956,33.5254,37.5485,2.442,0.693369,0.839686,N/A,10606,10606506,10606603,draw_mixed_complex_Classical local controller_g7_ep3
audit__mixed_complex__Classical_local_controller__g7__ep04,safety_envelope_intervention_audit,mixed_complex,Classical local controller,evaluation_seed,7,4,4,ON,0.1,1,4,0,N/A,0,0,592,1856,0.318965517241379,0.153913,0.844529,34.8761,39.0612,1.4546,0.656573,0.861098,N/A,5911,5911311,5911408,draw_mixed_complex_Classical local controller_g7_ep4
audit__mixed_complex__Classical_local_controller__g7__ep05,safety_envelope_intervention_audit,mixed_complex,Classical local controller,evaluation_seed,7,5,4,ON,0.1,1,4,0,N/A,0,0,589,1786,0.329787234042553,0.173455,0.832316,33.3358,37.3361,1.4087,0.663297,0.879309,N/A,6353,6353753,6353850,draw_mixed_complex_Classical local controller_g7_ep5
audit__mixed_complex__Classical_local_controller__g7__ep06,safety_envelope_intervention_audit,mixed_complex,Classical local controller,evaluation_seed,7,6,4,ON,0.1,1,4,0,N/A,0,0,583,1855,0.314285714285714,0.140472,0.843743,30.9956,34.7151,2.3958,0.634991,0.894225,N/A,4297,4297497,4297594,draw_mixed_complex_Classical local controller_g7_ep6
audit__mixed_complex__Classical_local_controller__g7__ep07,safety_envelope_intervention_audit,mixed_complex,Classical local controller,evaluation_seed,7,7,4,ON,0.1,1,4,0,N/A,0,0,655,2139,0.306217858812529,0.153685,0.84544,34.2364,38.3448,2.3395,0.678805,0.883201,N/A,3587,3587687,3587784,draw_mixed_complex_Classical local controller_g7_ep7
audit__mixed_complex__Classical_local_controller__g7__ep08,safety_envelope_intervention_audit,mixed_complex,Classical local controller,evaluation_seed,7,8,4,ON,0.1,1,4,0,N/A,0,0,586,1914,0.306165099268548,0.172213,0.861426,30.5118,34.1732,1.1856,0.647583,0.824392,N/A,9274,9274974,9275071,draw_mixed_complex_Classical local controller_g7_ep8
audit__mixed_complex__Classical_local_controller__g7__ep09,safety_envelope_intervention_audit,mixed_complex,Classical local controller,evaluation_seed,7,9,4,ON,0.1,1,4,0,N/A,0,0,639,2096,0.30486641221374,0.15656,0.845251,33.5541,37.5806,2.2672,0.689427,0.840382,N/A,7469,7469969,7470066,draw_mixed_complex_Classical local controller_g7_ep9
audit__static_clutter__IPPO__g0__ep00,safety_envelope_intervention_audit,static_clutter,IPPO,training_checkpoint,0,0,4,ON,0.1,1,4,0,N/A,0,N/A,467,1809,0.258153676064124,0.129172,1.009,30.9631,34.6787,1.6827,0.65681,N/A,d8d5be0e8626ad49710c77eb6f182799ad00b97f9741ac6aa506e3a139696ef7,0,0,N/A (no pedestrians),draw_static_clutter_IPPO_g0_ep0
audit__static_clutter__IPPO__g0__ep01,safety_envelope_intervention_audit,static_clutter,IPPO,training_checkpoint,0,1,4,ON,0.1,1,4,0,N/A,0,N/A,493,2174,0.226770929162834,0.110399,0.989,33.8585,37.9215,2.0783,0.659532,N/A,d8d5be0e8626ad49710c77eb6f182799ad00b97f9741ac6aa506e3a139696ef7,1,1000004,N/A (no pedestrians),draw_static_clutter_IPPO_g0_ep1
audit__static_clutter__IPPO__g0__ep02,safety_envelope_intervention_audit,static_clutter,IPPO,training_checkpoint,0,2,4,ON,0.1,1,4,0,N/A,0,N/A,474,1864,0.254291845493562,0.11536,0.999,33.3275,37.3268,1.3314,0.68443,N/A,d8d5be0e8626ad49710c77eb6f182799ad00b97f9741ac6aa506e3a139696ef7,2,2000008,N/A (no pedestrians),draw_static_clutter_IPPO_g0_ep2
audit__static_clutter__IPPO__g0__ep03,safety_envelope_intervention_audit,static_clutter,IPPO,training_checkpoint,0,3,4,ON,0.1,1,4,0,N/A,0,N/A,442,1824,0.242324561403509,0.117858,0.999,34.9403,39.1332,1.671,0.699764,N/A,d8d5be0e8626ad49710c77eb6f182799ad00b97f9741ac6aa506e3a139696ef7,3,3000012,N/A (no pedestrians),draw_static_clutter_IPPO_g0_ep3
audit__static_clutter__IPPO__g0__ep04,safety_envelope_intervention_audit,static_clutter,IPPO,training_checkpoint,0,4,4,ON,0.1,1,4,0,N/A,0,N/A,464,1949,0.238070805541303,0.122563,0.999,33.9538,38.0283,2.2477,0.674843,N/A,d8d5be0e8626ad49710c77eb6f182799ad00b97f9741ac6aa506e3a139696ef7,4,4000016,N/A (no pedestrians),draw_static_clutter_IPPO_g0_ep4
audit__static_clutter__IPPO__g0__ep05,safety_envelope_intervention_audit,static_clutter,IPPO,training_checkpoint,0,5,4,ON,0.1,1,4,0,N/A,0,N/A,511,2254,0.226708074534162,0.108806,0.999,30.3018,33.938,1.9779,0.687147,N/A,d8d5be0e8626ad49710c77eb6f182799ad00b97f9741ac6aa506e3a139696ef7,5,5000020,N/A (no pedestrians),draw_static_clutter_IPPO_g0_ep5
audit__static_clutter__IPPO__g0__ep06,safety_envelope_intervention_audit,static_clutter,IPPO,training_checkpoint,0,6,4,ON,0.1,1,4,0,N/A,0,N/A,478,2009,0.237929318068691,0.110166,0.999,31.9671,35.8031,2.3008,0.694042,N/A,d8d5be0e8626ad49710c77eb6f182799ad00b97f9741ac6aa506e3a139696ef7,6,6000024,N/A (no pedestrians),draw_static_clutter_IPPO_g0_ep6
audit__static_clutter__IPPO__g0__ep07,safety_envelope_intervention_audit,static_clutter,IPPO,training_checkpoint,0,7,4,ON,0.1,1,4,0,N/A,0,N/A,496,2066,0.240077444336883,0.107272,0.999,34.2241,38.331,1.4576,0.709409,N/A,d8d5be0e8626ad49710c77eb6f182799ad00b97f9741ac6aa506e3a139696ef7,7,7000028,N/A (no pedestrians),draw_static_clutter_IPPO_g0_ep7
audit__static_clutter__IPPO__g0__ep08,safety_envelope_intervention_audit,static_clutter,IPPO,training_checkpoint,0,8,4,ON,0.1,1,4,0,N/A,0,N/A,491,1874,0.262006403415155,0.111781,0.999,34.6724,38.8331,1.5014,0.654136,N/A,d8d5be0e8626ad49710c77eb6f182799ad00b97f9741ac6aa506e3a139696ef7,8,8000032,N/A (no pedestrians),draw_static_clutter_IPPO_g0_ep8
audit__static_clutter__IPPO__g0__ep09,safety_envelope_intervention_audit,static_clutter,IPPO,training_checkpoint,0,9,4,ON,0.1,1,4,0,N/A,0,N/A,469,1918,0.244525547445256,0.113965,0.999,34.1977,38.3014,2.1661,0.692767,N/A,d8d5be0e8626ad49710c77eb6f182799ad00b97f9741ac6aa506e3a139696ef7,9,9000036,N/A (no pedestrians),draw_static_clutter_IPPO_g0_ep9
audit__static_clutter__IPPO__g1__ep00,safety_envelope_intervention_audit,static_clutter,IPPO,training_checkpoint,1,0,4,ON,0.1,1,4,0,N/A,0,N/A,449,1470,0.305442176870748,0.120093,1.009,30.6384,34.315,1.1771,0.676482,N/A,e0b2796ebf931dd4fdf6b934cfc38179614566baee33a14d4e9368b6a9488599,10000,10000030000,N/A (no pedestrians),draw_static_clutter_IPPO_g1_ep0
audit__static_clutter__IPPO__g1__ep01,safety_envelope_intervention_audit,static_clutter,IPPO,training_checkpoint,1,1,4,ON,0.1,1,4,0,N/A,0,N/A,416,1239,0.335754640839387,0.107135,0.989,34.4827,38.6206,1.7972,0.683403,N/A,e0b2796ebf931dd4fdf6b934cfc38179614566baee33a14d4e9368b6a9488599,10001,10001030004,N/A (no pedestrians),draw_static_clutter_IPPO_g1_ep1
audit__static_clutter__IPPO__g1__ep02,safety_envelope_intervention_audit,static_clutter,IPPO,training_checkpoint,1,2,4,ON,0.1,1,4,0,N/A,0,N/A,387,1134,0.341269841269841,0.103982,0.999,30.5056,34.1663,2.1819,0.68057,N/A,e0b2796ebf931dd4fdf6b934cfc38179614566baee33a14d4e9368b6a9488599,10002,10002030008,N/A (no pedestrians),draw_static_clutter_IPPO_g1_ep2
audit__static_clutter__IPPO__g1__ep03,safety_envelope_intervention_audit,static_clutter,IPPO,training_checkpoint,1,3,4,ON,0.1,1,4,0,N/A,0,N/A,402,1281,0.313817330210773,0.110375,0.999,33.7395,37.7882,2.4032,0.669469,N/A,e0b2796ebf931dd4fdf6b934cfc38179614566baee33a14d4e9368b6a9488599,10003,10003030012,N/A (no pedestrians),draw_static_clutter_IPPO_g1_ep3
audit__static_clutter__IPPO__g1__ep04,safety_envelope_intervention_audit,static_clutter,IPPO,training_checkpoint,1,4,4,ON,0.1,1,4,0,N/A,0,N/A,414,1216,0.340460526315789,0.110462,0.999,34.4471,38.5807,1.8007,0.691562,N/A,e0b2796ebf931dd4fdf6b934cfc38179614566baee33a14d4e9368b6a9488599,10004,10004030016,N/A (no pedestrians),draw_static_clutter_IPPO_g1_ep4
audit__static_clutter__IPPO__g1__ep05,safety_envelope_intervention_audit,static_clutter,IPPO,training_checkpoint,1,5,4,ON,0.1,1,4,0,N/A,0,N/A,444,1450,0.306206896551724,0.124418,0.999,31.2591,35.0102,1.8731,0.689271,N/A,e0b2796ebf931dd4fdf6b934cfc38179614566baee33a14d4e9368b6a9488599,10005,10005030020,N/A (no pedestrians),draw_static_clutter_IPPO_g1_ep5
audit__static_clutter__IPPO__g1__ep06,safety_envelope_intervention_audit,static_clutter,IPPO,training_checkpoint,1,6,4,ON,0.1,1,4,0,N/A,0,N/A,417,1377,0.302832244008715,0.123943,0.999,34.3251,38.4441,1.0185,0.658916,N/A,e0b2796ebf931dd4fdf6b934cfc38179614566baee33a14d4e9368b6a9488599,10006,10006030024,N/A (no pedestrians),draw_static_clutter_IPPO_g1_ep6
audit__static_clutter__IPPO__g1__ep07,safety_envelope_intervention_audit,static_clutter,IPPO,training_checkpoint,1,7,4,ON,0.1,1,4,0,N/A,0,N/A,430,1359,0.316409124356144,0.115029,0.999,30.7251,34.4121,2.2244,0.650088,N/A,e0b2796ebf931dd4fdf6b934cfc38179614566baee33a14d4e9368b6a9488599,10007,10007030028,N/A (no pedestrians),draw_static_clutter_IPPO_g1_ep7
audit__static_clutter__IPPO__g1__ep08,safety_envelope_intervention_audit,static_clutter,IPPO,training_checkpoint,1,8,4,ON,0.1,1,4,0,N/A,0,N/A,420,1324,0.317220543806646,0.11009,0.999,30.8724,34.5771,1.5327,0.642674,N/A,e0b2796ebf931dd4fdf6b934cfc38179614566baee33a14d4e9368b6a9488599,10008,10008030032,N/A (no pedestrians),draw_static_clutter_IPPO_g1_ep8
audit__static_clutter__IPPO__g1__ep09,safety_envelope_intervention_audit,static_clutter,IPPO,training_checkpoint,1,9,4,ON,0.1,1,4,0,N/A,0,N/A,441,1307,0.337413925019128,0.12209,0.999,33.281,37.2747,1.0335,0.640287,N/A,e0b2796ebf931dd4fdf6b934cfc38179614566baee33a14d4e9368b6a9488599,10009,10009030036,N/A (no pedestrians),draw_static_clutter_IPPO_g1_ep9
audit__static_clutter__IPPO__g2__ep00,safety_envelope_intervention_audit,static_clutter,IPPO,training_checkpoint,2,0,4,ON,0.1,1,4,0,N/A,0,N/A,496,1777,0.279122115925718,0.107467,1.009,32.0178,35.8599,2.3867,0.676627,N/A,7664b87f463a816a175c46705ffe15c4a380bc1ca435ebacac363077740341ee,20000,20000060000,N/A (no pedestrians),draw_static_clutter_IPPO_g2_ep0
audit__static_clutter__IPPO__g2__ep01,safety_envelope_intervention_audit,static_clutter,IPPO,training_checkpoint,2,1,4,ON,0.1,1,4,0,N/A,0,N/A,486,1547,0.314156431803491,0.118349,0.989,33.9602,38.0354,2.1445,0.687962,N/A,7664b87f463a816a175c46705ffe15c4a380bc1ca435ebacac363077740341ee,20001,20001060004,N/A (no pedestrians),draw_static_clutter_IPPO_g2_ep1
audit__static_clutter__IPPO__g2__ep02,safety_envelope_intervention_audit,static_clutter,IPPO,training_checkpoint,2,2,4,ON,0.1,1,4,0,N/A,0,N/A,456,1545,0.295145631067961,0.115659,0.999,30.1088,33.7219,1.7709,0.679996,N/A,7664b87f463a816a175c46705ffe15c4a380bc1ca435ebacac363077740341ee,20002,20002060008,N/A (no pedestrians),draw_static_clutter_IPPO_g2_ep2
audit__static_clutter__IPPO__g2__ep03,safety_envelope_intervention_audit,static_clutter,IPPO,training_checkpoint,2,3,4,ON,0.1,1,4,0,N/A,0,N/A,446,1579,0.282457251424952,0.108168,0.999,32.3704,36.2549,2.3937,0.700257,N/A,7664b87f463a816a175c46705ffe15c4a380bc1ca435ebacac363077740341ee,20003,20003060012,N/A (no pedestrians),draw_static_clutter_IPPO_g2_ep3
audit__static_clutter__IPPO__g2__ep04,safety_envelope_intervention_audit,static_clutter,IPPO,training_checkpoint,2,4,4,ON,0.1,1,4,0,N/A,0,N/A,481,1759,0.273450824332007,0.112819,0.999,32.9601,36.9153,2.4702,0.67977,N/A,7664b87f463a816a175c46705ffe15c4a380bc1ca435ebacac363077740341ee,20004,20004060016,N/A (no pedestrians),draw_static_clutter_IPPO_g2_ep4
audit__static_clutter__IPPO__g2__ep05,safety_envelope_intervention_audit,static_clutter,IPPO,training_checkpoint,2,5,4,ON,0.1,1,4,0,N/A,0,N/A,485,1663,0.2916416115454,0.123213,0.999,34.5954,38.7469,1.2327,0.686972,N/A,7664b87f463a816a175c46705ffe15c4a380bc1ca435ebacac363077740341ee,20005,20005060020,N/A (no pedestrians),draw_static_clutter_IPPO_g2_ep5
audit__static_clutter__IPPO__g2__ep06,safety_envelope_intervention_audit,static_clutter,IPPO,training_checkpoint,2,6,4,ON,0.1,1,4,0,N/A,0,N/A,522,1766,0.295583238958097,0.123203,0.999,30.4801,34.1378,2.0904,0.657588,N/A,7664b87f463a816a175c46705ffe15c4a380bc1ca435ebacac363077740341ee,20006,20006060024,N/A (no pedestrians),draw_static_clutter_IPPO_g2_ep6
audit__static_clutter__IPPO__g2__ep07,safety_envelope_intervention_audit,static_clutter,IPPO,training_checkpoint,2,7,4,ON,0.1,1,4,0,N/A,0,N/A,487,1700,0.286470588235294,0.109563,0.999,33.426,37.4372,2.0118,0.688856,N/A,7664b87f463a816a175c46705ffe15c4a380bc1ca435ebacac363077740341ee,20007,20007060028,N/A (no pedestrians),draw_static_clutter_IPPO_g2_ep7
audit__static_clutter__IPPO__g2__ep08,safety_envelope_intervention_audit,static_clutter,IPPO,training_checkpoint,2,8,4,ON,0.1,1,4,0,N/A,0,N/A,456,1447,0.315134761575674,0.115759,0.999,30.7093,34.3945,1.5244,0.656673,N/A,7664b87f463a816a175c46705ffe15c4a380bc1ca435ebacac363077740341ee,20008,20008060032,N/A (no pedestrians),draw_static_clutter_IPPO_g2_ep8
audit__static_clutter__IPPO__g2__ep09,safety_envelope_intervention_audit,static_clutter,IPPO,training_checkpoint,2,9,4,ON,0.1,1,4,0,N/A,0,N/A,441,1414,0.311881188118812,0.107401,0.999,31.4773,35.2546,2.08,0.680073,N/A,7664b87f463a816a175c46705ffe15c4a380bc1ca435ebacac363077740341ee,20009,20009060036,N/A (no pedestrians),draw_static_clutter_IPPO_g2_ep9
audit__static_clutter__IPPO__g3__ep00,safety_envelope_intervention_audit,static_clutter,IPPO,training_checkpoint,3,0,4,ON,0.1,1,4,0,N/A,0,N/A,515,1940,0.265463917525773,0.127787,1.009,30.5906,34.2615,1.2712,0.699341,N/A,3d2f89067b4858912f03a60135774c769f58f28ec0a9ba4e550afca8b4b30a97,30000,30000090000,N/A (no pedestrians),draw_static_clutter_IPPO_g3_ep0
audit__static_clutter__IPPO__g3__ep01,safety_envelope_intervention_audit,static_clutter,IPPO,training_checkpoint,3,1,4,ON,0.1,1,4,0,N/A,0,N/A,553,1995,0.27719298245614,0.115856,0.989,34.3146,38.4323,1.3733,0.63522,N/A,3d2f89067b4858912f03a60135774c769f58f28ec0a9ba4e550afca8b4b30a97,30001,30001090004,N/A (no pedestrians),draw_static_clutter_IPPO_g3_ep1
audit__static_clutter__IPPO__g3__ep02,safety_envelope_intervention_audit,static_clutter,IPPO,training_checkpoint,3,2,4,ON,0.1,1,4,0,N/A,0,N/A,539,1995,0.270175438596491,0.119795,0.999,34.6645,38.8242,2.0243,0.672627,N/A,3d2f89067b4858912f03a60135774c769f58f28ec0a9ba4e550afca8b4b30a97,30002,30002090008,N/A (no pedestrians),draw_static_clutter_IPPO_g3_ep2
audit__static_clutter__IPPO__g3__ep03,safety_envelope_intervention_audit,static_clutter,IPPO,training_checkpoint,3,3,4,ON,0.1,1,4,0,N/A,0,N/A,519,2058,0.252186588921283,0.106565,0.999,33.5615,37.5889,1.4663,0.703246,N/A,3d2f89067b4858912f03a60135774c769f58f28ec0a9ba4e550afca8b4b30a97,30003,30003090012,N/A (no pedestrians),draw_static_clutter_IPPO_g3_ep3
audit__static_clutter__IPPO__g3__ep04,safety_envelope_intervention_audit,static_clutter,IPPO,training_checkpoint,3,4,4,ON,0.1,1,4,0,N/A,0,N/A,503,1936,0.259814049586777,0.123039,0.999,30.7383,34.4269,1.105,0.642099,N/A,3d2f89067b4858912f03a60135774c769f58f28ec0a9ba4e550afca8b4b30a97,30004,30004090016,N/A (no pedestrians),draw_static_clutter_IPPO_g3_ep4
audit__static_clutter__IPPO__g3__ep05,safety_envelope_intervention_audit,static_clutter,IPPO,training_checkpoint,3,5,4,ON,0.1,1,4,0,N/A,0,N/A,507,1841,0.275393807713199,0.129691,0.999,34.3978,38.5256,1.069,0.688504,N/A,3d2f89067b4858912f03a60135774c769f58f28ec0a9ba4e550afca8b4b30a97,30005,30005090020,N/A (no pedestrians),draw_static_clutter_IPPO_g3_ep5
audit__static_clutter__IPPO__g3__ep06,safety_envelope_intervention_audit,static_clutter,IPPO,training_checkpoint,3,6,4,ON,0.1,1,4,0,N/A,0,N/A,545,1922,0.283558792924038,0.125027,0.999,31.3674,35.1314,1.4182,0.70156,N/A,3d2f89067b4858912f03a60135774c769f58f28ec0a9ba4e550afca8b4b30a97,30006,30006090024,N/A (no pedestrians),draw_static_clutter_IPPO_g3_ep6
audit__static_clutter__IPPO__g3__ep07,safety_envelope_intervention_audit,static_clutter,IPPO,training_checkpoint,3,7,4,ON,0.1,1,4,0,N/A,0,N/A,524,1919,0.273058884835852,0.116854,0.999,33.6496,37.6875,2.0581,0.661367,N/A,3d2f89067b4858912f03a60135774c769f58f28ec0a9ba4e550afca8b4b30a97,30007,30007090028,N/A (no pedestrians),draw_static_clutter_IPPO_g3_ep7
audit__static_clutter__IPPO__g3__ep08,safety_envelope_intervention_audit,static_clutter,IPPO,training_checkpoint,3,8,4,ON,0.1,1,4,0,N/A,0,N/A,536,1996,0.268537074148297,0.111748,0.999,30.9423,34.6554,2.2415,0.654547,N/A,3d2f89067b4858912f03a60135774c769f58f28ec0a9ba4e550afca8b4b30a97,30008,30008090032,N/A (no pedestrians),draw_static_clutter_IPPO_g3_ep8
audit__static_clutter__IPPO__g3__ep09,safety_envelope_intervention_audit,static_clutter,IPPO,training_checkpoint,3,9,4,ON,0.1,1,4,0,N/A,0,N/A,501,2093,0.239369326325848,0.116841,0.999,32.6319,36.5478,2.0962,0.658079,N/A,3d2f89067b4858912f03a60135774c769f58f28ec0a9ba4e550afca8b4b30a97,30009,30009090036,N/A (no pedestrians),draw_static_clutter_IPPO_g3_ep9
audit__static_clutter__IPPO__g4__ep00,safety_envelope_intervention_audit,static_clutter,IPPO,training_checkpoint,4,0,4,ON,0.1,1,4,0,N/A,0,N/A,258,855,0.301754385964912,0.112056,1.009,34.4756,38.6126,2.1915,0.697329,N/A,9ce87c00805ddeaf59283931abc8d72ac6818b0e69a066945d97a16097d121f7,40000,40000120000,N/A (no pedestrians),draw_static_clutter_IPPO_g4_ep0
audit__static_clutter__IPPO__g4__ep01,safety_envelope_intervention_audit,static_clutter,IPPO,training_checkpoint,4,1,4,ON,0.1,1,4,0,N/A,0,N/A,293,904,0.324115044247788,0.113689,0.989,31.9852,35.8235,1.2368,0.695978,N/A,9ce87c00805ddeaf59283931abc8d72ac6818b0e69a066945d97a16097d121f7,40001,40001120004,N/A (no pedestrians),draw_static_clutter_IPPO_g4_ep1
audit__static_clutter__IPPO__g4__ep02,safety_envelope_intervention_audit,static_clutter,IPPO,training_checkpoint,4,2,4,ON,0.1,1,4,0,N/A,0,N/A,316,995,0.317587939698493,0.12066,0.999,32.3558,36.2385,1.039,0.669379,N/A,9ce87c00805ddeaf59283931abc8d72ac6818b0e69a066945d97a16097d121f7,40002,40002120008,N/A (no pedestrians),draw_static_clutter_IPPO_g4_ep2
audit__static_clutter__IPPO__g4__ep03,safety_envelope_intervention_audit,static_clutter,IPPO,training_checkpoint,4,3,4,ON,0.1,1,4,0,N/A,0,N/A,271,859,0.315483119906868,0.120323,0.999,34.0326,38.1165,2.2915,0.677632,N/A,9ce87c00805ddeaf59283931abc8d72ac6818b0e69a066945d97a16097d121f7,40003,40003120012,N/A (no pedestrians),draw_static_clutter_IPPO_g4_ep3
audit__static_clutter__IPPO__g4__ep04,safety_envelope_intervention_audit,static_clutter,IPPO,training_checkpoint,4,4,4,ON,0.1,1,4,0,N/A,0,N/A,275,888,0.309684684684685,0.114861,0.999,33.068,37.0362,1.6569,0.639209,N/A,9ce87c00805ddeaf59283931abc8d72ac6818b0e69a066945d97a16097d121f7,40004,40004120016,N/A (no pedestrians),draw_static_clutter_IPPO_g4_ep4
audit__static_clutter__IPPO__g4__ep05,safety_envelope_intervention_audit,static_clutter,IPPO,training_checkpoint,4,5,4,ON,0.1,1,4,0,N/A,0,N/A,269,847,0.317591499409681,0.129152,0.999,30.1606,33.7798,2.3838,0.669218,N/A,9ce87c00805ddeaf59283931abc8d72ac6818b0e69a066945d97a16097d121f7,40005,40005120020,N/A (no pedestrians),draw_static_clutter_IPPO_g4_ep5
audit__static_clutter__IPPO__g4__ep06,safety_envelope_intervention_audit,static_clutter,IPPO,training_checkpoint,4,6,4,ON,0.1,1,4,0,N/A,0,N/A,265,896,0.295758928571428,0.107425,0.999,34.741,38.91,1.9522,0.667696,N/A,9ce87c00805ddeaf59283931abc8d72ac6818b0e69a066945d97a16097d121f7,40006,40006120024,N/A (no pedestrians),draw_static_clutter_IPPO_g4_ep6
audit__static_clutter__IPPO__g4__ep07,safety_envelope_intervention_audit,static_clutter,IPPO,training_checkpoint,4,7,4,ON,0.1,1,4,0,N/A,0,N/A,302,981,0.307849133537207,0.111782,0.999,30.3957,34.0432,1.287,0.69772,N/A,9ce87c00805ddeaf59283931abc8d72ac6818b0e69a066945d97a16097d121f7,40007,40007120028,N/A (no pedestrians),draw_static_clutter_IPPO_g4_ep7
audit__static_clutter__IPPO__g4__ep08,safety_envelope_intervention_audit,static_clutter,IPPO,training_checkpoint,4,8,4,ON,0.1,1,4,0,N/A,0,N/A,259,834,0.310551558752998,0.112965,0.999,33.6287,37.6642,1.3683,0.632731,N/A,9ce87c00805ddeaf59283931abc8d72ac6818b0e69a066945d97a16097d121f7,40008,40008120032,N/A (no pedestrians),draw_static_clutter_IPPO_g4_ep8
audit__static_clutter__IPPO__g4__ep09,safety_envelope_intervention_audit,static_clutter,IPPO,training_checkpoint,4,9,4,ON,0.1,1,4,0,N/A,0,N/A,284,897,0.316610925306577,0.111464,0.999,33.5217,37.5442,1.37,0.703486,N/A,9ce87c00805ddeaf59283931abc8d72ac6818b0e69a066945d97a16097d121f7,40009,40009120036,N/A (no pedestrians),draw_static_clutter_IPPO_g4_ep9
audit__static_clutter__IPPO__g5__ep00,safety_envelope_intervention_audit,static_clutter,IPPO,training_checkpoint,5,0,4,ON,0.1,1,4,0,N/A,0,N/A,419,1305,0.321072796934866,0.099872,1.009,30.8485,34.5503,1.6035,0.658812,N/A,f7367bcdbb9ed0a72de22fa47cc2b3c98f9f2911920a43a77f7c00d41934df2b,50000,50000150000,N/A (no pedestrians),draw_static_clutter_IPPO_g5_ep0
audit__static_clutter__IPPO__g5__ep01,safety_envelope_intervention_audit,static_clutter,IPPO,training_checkpoint,5,1,4,ON,0.1,1,4,0,N/A,0,N/A,443,1273,0.347996857816182,0.117783,0.989,30.0542,33.6607,2.0423,0.702072,N/A,f7367bcdbb9ed0a72de22fa47cc2b3c98f9f2911920a43a77f7c00d41934df2b,50001,50001150004,N/A (no pedestrians),draw_static_clutter_IPPO_g5_ep1
audit__static_clutter__IPPO__g5__ep02,safety_envelope_intervention_audit,static_clutter,IPPO,training_checkpoint,5,2,4,ON,0.1,1,4,0,N/A,0,N/A,455,1517,0.299934080421885,0.120488,0.999,32.6137,36.5273,1.7957,0.704139,N/A,f7367bcdbb9ed0a72de22fa47cc2b3c98f9f2911920a43a77f7c00d41934df2b,50002,50002150008,N/A (no pedestrians),draw_static_clutter_IPPO_g5_ep2
audit__static_clutter__IPPO__g5__ep03,safety_envelope_intervention_audit,static_clutter,IPPO,training_checkpoint,5,3,4,ON,0.1,1,4,0,N/A,0,N/A,429,1352,0.317307692307692,0.102571,0.999,33.2813,37.2751,2.3301,0.704556,N/A,f7367bcdbb9ed0a72de22fa47cc2b3c98f9f2911920a43a77f7c00d41934df2b,50003,50003150012,N/A (no pedestrians),draw_static_clutter_IPPO_g5_ep3
audit__static_clutter__IPPO__g5__ep04,safety_envelope_intervention_audit,static_clutter,IPPO,training_checkpoint,5,4,4,ON,0.1,1,4,0,N/A,0,N/A,424,1384,0.30635838150289,0.104626,0.999,33.7249,37.7719,1.6877,0.662017,N/A,f7367bcdbb9ed0a72de22fa47cc2b3c98f9f2911920a43a77f7c00d41934df2b,50004,50004150016,N/A (no pedestrians),draw_static_clutter_IPPO_g5_ep4
audit__static_clutter__IPPO__g5__ep05,safety_envelope_intervention_audit,static_clutter,IPPO,training_checkpoint,5,5,4,ON,0.1,1,4,0,N/A,0,N/A,449,1434,0.313110181311018,0.122669,0.999,33.3724,37.3771,2.0111,0.687217,N/A,f7367bcdbb9ed0a72de22fa47cc2b3c98f9f2911920a43a77f7c00d41934df2b,50005,50005150020,N/A (no pedestrians),draw_static_clutter_IPPO_g5_ep5
audit__static_clutter__IPPO__g5__ep06,safety_envelope_intervention_audit,static_clutter,IPPO,training_checkpoint,5,6,4,ON,0.1,1,4,0,N/A,0,N/A,426,1424,0.299157303370786,0.123028,0.999,32.2156,36.0815,1.4904,0.663464,N/A,f7367bcdbb9ed0a72de22fa47cc2b3c98f9f2911920a43a77f7c00d41934df2b,50006,50006150024,N/A (no pedestrians),draw_static_clutter_IPPO_g5_ep6
audit__static_clutter__IPPO__g5__ep07,safety_envelope_intervention_audit,static_clutter,IPPO,training_checkpoint,5,7,4,ON,0.1,1,4,0,N/A,0,N/A,398,1365,0.291575091575092,0.118601,0.999,32.6924,36.6155,1.152,0.671829,N/A,f7367bcdbb9ed0a72de22fa47cc2b3c98f9f2911920a43a77f7c00d41934df2b,50007,50007150028,N/A (no pedestrians),draw_static_clutter_IPPO_g5_ep7
audit__static_clutter__IPPO__g5__ep08,safety_envelope_intervention_audit,static_clutter,IPPO,training_checkpoint,5,8,4,ON,0.1,1,4,0,N/A,0,N/A,441,1527,0.288801571709234,0.120319,0.999,32.9513,36.9054,1.5942,0.636296,N/A,f7367bcdbb9ed0a72de22fa47cc2b3c98f9f2911920a43a77f7c00d41934df2b,50008,50008150032,N/A (no pedestrians),draw_static_clutter_IPPO_g5_ep8
audit__static_clutter__IPPO__g5__ep09,safety_envelope_intervention_audit,static_clutter,IPPO,training_checkpoint,5,9,4,ON,0.1,1,4,0,N/A,0,N/A,421,1461,0.288158795345654,0.108238,0.999,31.4397,35.2124,1.0934,0.674094,N/A,f7367bcdbb9ed0a72de22fa47cc2b3c98f9f2911920a43a77f7c00d41934df2b,50009,50009150036,N/A (no pedestrians),draw_static_clutter_IPPO_g5_ep9
audit__static_clutter__IPPO__g6__ep00,safety_envelope_intervention_audit,static_clutter,IPPO,training_checkpoint,6,0,4,ON,0.1,1,4,0,N/A,0,N/A,540,1829,0.295243302351011,0.104822,1.009,30.2568,33.8876,1.0604,0.683114,N/A,937371beb7fdbbea65cd615566ed05051f7035bf817ee047a2019f4e0939a460,60000,60000180000,N/A (no pedestrians),draw_static_clutter_IPPO_g6_ep0
audit__static_clutter__IPPO__g6__ep01,safety_envelope_intervention_audit,static_clutter,IPPO,training_checkpoint,6,1,4,ON,0.1,1,4,0,N/A,0,N/A,504,1725,0.292173913043478,0.109356,0.989,30.202,33.8263,1.5764,0.706054,N/A,937371beb7fdbbea65cd615566ed05051f7035bf817ee047a2019f4e0939a460,60001,60001180004,N/A (no pedestrians),draw_static_clutter_IPPO_g6_ep1
audit__static_clutter__IPPO__g6__ep02,safety_envelope_intervention_audit,static_clutter,IPPO,training_checkpoint,6,2,4,ON,0.1,1,4,0,N/A,0,N/A,498,1671,0.29802513464991,0.109718,0.999,33.3606,37.3639,1.2242,0.683462,N/A,937371beb7fdbbea65cd615566ed05051f7035bf817ee047a2019f4e0939a460,60002,60002180008,N/A (no pedestrians),draw_static_clutter_IPPO_g6_ep2
audit__static_clutter__IPPO__g6__ep03,safety_envelope_intervention_audit,static_clutter,IPPO,training_checkpoint,6,3,4,ON,0.1,1,4,0,N/A,0,N/A,538,1784,0.301569506726457,0.11209,0.999,31.9348,35.767,1.555,0.689833,N/A,937371beb7fdbbea65cd615566ed05051f7035bf817ee047a2019f4e0939a460,60003,60003180012,N/A (no pedestrians),draw_static_clutter_IPPO_g6_ep3
audit__static_clutter__IPPO__g6__ep04,safety_envelope_intervention_audit,static_clutter,IPPO,training_checkpoint,6,4,4,ON,0.1,1,4,0,N/A,0,N/A,520,1891,0.274986779481756,0.1212,0.999,32.8882,36.8347,1.1324,0.644311,N/A,937371beb7fdbbea65cd615566ed05051f7035bf817ee047a2019f4e0939a460,60004,60004180016,N/A (no pedestrians),draw_static_clutter_IPPO_g6_ep4
audit__static_clutter__IPPO__g6__ep05,safety_envelope_intervention_audit,static_clutter,IPPO,training_checkpoint,6,5,4,ON,0.1,1,4,0,N/A,0,N/A,551,1838,0.299782372143634,0.102637,0.999,30.8641,34.5678,1.4261,0.667584,N/A,937371beb7fdbbea65cd615566ed05051f7035bf817ee047a2019f4e0939a460,60005,60005180020,N/A (no pedestrians),draw_static_clutter_IPPO_g6_ep5
audit__static_clutter__IPPO__g6__ep06,safety_envelope_intervention_audit,static_clutter,IPPO,training_checkpoint,6,6,4,ON,0.1,1,4,0,N/A,0,N/A,526,1799,0.292384658143413,0.125239,0.999,30.8014,34.4975,1.203,0.662421,N/A,937371beb7fdbbea65cd615566ed05051f7035bf817ee047a2019f4e0939a460,60006,60006180024,N/A (no pedestrians),draw_static_clutter_IPPO_g6_ep6
audit__static_clutter__IPPO__g6__ep07,safety_envelope_intervention_audit,static_clutter,IPPO,training_checkpoint,6,7,4,ON,0.1,1,4,0,N/A,0,N/A,487,1733,0.281015579919215,0.120147,0.999,31.4524,35.2267,1.9284,0.661589,N/A,937371beb7fdbbea65cd615566ed05051f7035bf817ee047a2019f4e0939a460,60007,60007180028,N/A (no pedestrians),draw_static_clutter_IPPO_g6_ep7
audit__static_clutter__IPPO__g6__ep08,safety_envelope_intervention_audit,static_clutter,IPPO,training_checkpoint,6,8,4,ON,0.1,1,4,0,N/A,0,N/A,515,1941,0.265327150953117,0.116395,0.999,34.7,38.864,2.0082,0.684965,N/A,937371beb7fdbbea65cd615566ed05051f7035bf817ee047a2019f4e0939a460,60008,60008180032,N/A (no pedestrians),draw_static_clutter_IPPO_g6_ep8
audit__static_clutter__IPPO__g6__ep09,safety_envelope_intervention_audit,static_clutter,IPPO,training_checkpoint,6,9,4,ON,0.1,1,4,0,N/A,0,N/A,577,2129,0.271019257867543,0.102356,0.999,34.2301,38.3377,1.4498,0.708859,N/A,937371beb7fdbbea65cd615566ed05051f7035bf817ee047a2019f4e0939a460,60009,60009180036,N/A (no pedestrians),draw_static_clutter_IPPO_g6_ep9
audit__static_clutter__IPPO__g7__ep00,safety_envelope_intervention_audit,static_clutter,IPPO,training_checkpoint,7,0,4,ON,0.1,1,4,0,N/A,0,N/A,433,1450,0.298620689655172,0.104142,1.009,31.5422,35.3273,1.5989,0.648151,N/A,a0a845140d55074030db87dd4690353541ab9398bd75fde564a7939169508d10,70000,70000210000,N/A (no pedestrians),draw_static_clutter_IPPO_g7_ep0
audit__static_clutter__IPPO__g7__ep01,safety_envelope_intervention_audit,static_clutter,IPPO,training_checkpoint,7,1,4,ON,0.1,1,4,0,N/A,0,N/A,419,1663,0.251954299458809,0.113083,0.989,30.8458,34.5473,1.8576,0.703786,N/A,a0a845140d55074030db87dd4690353541ab9398bd75fde564a7939169508d10,70001,70001210004,N/A (no pedestrians),draw_static_clutter_IPPO_g7_ep1
audit__static_clutter__IPPO__g7__ep02,safety_envelope_intervention_audit,static_clutter,IPPO,training_checkpoint,7,2,4,ON,0.1,1,4,0,N/A,0,N/A,417,1350,0.308888888888889,0.119825,0.999,33.3154,37.3132,2.0391,0.701139,N/A,a0a845140d55074030db87dd4690353541ab9398bd75fde564a7939169508d10,70002,70002210008,N/A (no pedestrians),draw_static_clutter_IPPO_g7_ep2
audit__static_clutter__IPPO__g7__ep03,safety_envelope_intervention_audit,static_clutter,IPPO,training_checkpoint,7,3,4,ON,0.1,1,4,0,N/A,0,N/A,442,1401,0.315488936473947,0.122465,0.999,34.9099,39.099,2.3486,0.695874,N/A,a0a845140d55074030db87dd4690353541ab9398bd75fde564a7939169508d10,70003,70003210012,N/A (no pedestrians),draw_static_clutter_IPPO_g7_ep3
audit__static_clutter__IPPO__g7__ep04,safety_envelope_intervention_audit,static_clutter,IPPO,training_checkpoint,7,4,4,ON,0.1,1,4,0,N/A,0,N/A,446,1470,0.303401360544218,0.126018,0.999,34.4567,38.5915,1.27,0.645161,N/A,a0a845140d55074030db87dd4690353541ab9398bd75fde564a7939169508d10,70004,70004210016,N/A (no pedestrians),draw_static_clutter_IPPO_g7_ep4
audit__static_clutter__IPPO__g7__ep05,safety_envelope_intervention_audit,static_clutter,IPPO,training_checkpoint,7,5,4,ON,0.1,1,4,0,N/A,0,N/A,450,1385,0.324909747292419,0.107978,0.999,33.5718,37.6004,2.2387,0.638571,N/A,a0a845140d55074030db87dd4690353541ab9398bd75fde564a7939169508d10,70005,70005210020,N/A (no pedestrians),draw_static_clutter_IPPO_g7_ep5
audit__static_clutter__IPPO__g7__ep06,safety_envelope_intervention_audit,static_clutter,IPPO,training_checkpoint,7,6,4,ON,0.1,1,4,0,N/A,0,N/A,390,1178,0.33106960950764,0.1077,0.999,34.6115,38.7649,1.5432,0.690106,N/A,a0a845140d55074030db87dd4690353541ab9398bd75fde564a7939169508d10,70006,70006210024,N/A (no pedestrians),draw_static_clutter_IPPO_g7_ep6
audit__static_clutter__IPPO__g7__ep07,safety_envelope_intervention_audit,static_clutter,IPPO,training_checkpoint,7,7,4,ON,0.1,1,4,0,N/A,0,N/A,406,1317,0.308276385725133,0.109687,0.999,30.7981,34.4938,1.1986,0.685252,N/A,a0a845140d55074030db87dd4690353541ab9398bd75fde564a7939169508d10,70007,70007210028,N/A (no pedestrians),draw_static_clutter_IPPO_g7_ep7
audit__static_clutter__IPPO__g7__ep08,safety_envelope_intervention_audit,static_clutter,IPPO,training_checkpoint,7,8,4,ON,0.1,1,4,0,N/A,0,N/A,413,1375,0.300363636363636,0.126149,0.999,31.1237,34.8585,1.3349,0.638481,N/A,a0a845140d55074030db87dd4690353541ab9398bd75fde564a7939169508d10,70008,70008210032,N/A (no pedestrians),draw_static_clutter_IPPO_g7_ep8
audit__static_clutter__IPPO__g7__ep09,safety_envelope_intervention_audit,static_clutter,IPPO,training_checkpoint,7,9,4,ON,0.1,1,4,0,N/A,0,N/A,429,1403,0.305773342836778,0.116658,0.999,33.4401,37.453,1.0585,0.691172,N/A,a0a845140d55074030db87dd4690353541ab9398bd75fde564a7939169508d10,70009,70009210036,N/A (no pedestrians),draw_static_clutter_IPPO_g7_ep9
audit__dynamic_pedestrians__IPPO__g0__ep00,safety_envelope_intervention_audit,dynamic_pedestrians,IPPO,training_checkpoint,0,0,4,ON,0.1,1,4,0,N/A,0,0,668,1766,0.378255945639864,0.150682,0.847741,33.6268,37.6621,2.3605,0.682275,0.819472,b312ef205850c6002595548e5966a018cd5b1afcaea3151a64e15dbd1128b2ff,100,100000300,100000397,draw_dynamic_pedestrians_IPPO_g0_ep0
audit__dynamic_pedestrians__IPPO__g0__ep01,safety_envelope_intervention_audit,dynamic_pedestrians,IPPO,training_checkpoint,0,1,4,ON,0.1,1,4,0,N/A,0,0,675,1715,0.393586005830904,0.137636,0.863313,32.8229,36.7616,1.0862,0.662953,0.89156,b312ef205850c6002595548e5966a018cd5b1afcaea3151a64e15dbd1128b2ff,101,101000304,101000401,draw_dynamic_pedestrians_IPPO_g0_ep1
audit__dynamic_pedestrians__IPPO__g0__ep02,safety_envelope_intervention_audit,dynamic_pedestrians,IPPO,training_checkpoint,0,2,4,ON,0.1,1,4,0,N/A,0,0,701,2051,0.341784495368113,0.127823,0.828314,31.2919,35.0469,2.47,0.683564,0.870787,b312ef205850c6002595548e5966a018cd5b1afcaea3151a64e15dbd1128b2ff,102,102000308,102000405,draw_dynamic_pedestrians_IPPO_g0_ep2
audit__dynamic_pedestrians__IPPO__g0__ep03,safety_envelope_intervention_audit,dynamic_pedestrians,IPPO,training_checkpoint,0,3,4,ON,0.1,1,4,0,N/A,0,0,620,1655,0.374622356495468,0.120551,0.86594,31.3592,35.1223,1.9811,0.658853,0.835682,b312ef205850c6002595548e5966a018cd5b1afcaea3151a64e15dbd1128b2ff,103,103000312,103000409,draw_dynamic_pedestrians_IPPO_g0_ep3
audit__dynamic_pedestrians__IPPO__g0__ep04,safety_envelope_intervention_audit,dynamic_pedestrians,IPPO,training_checkpoint,0,4,4,ON,0.1,1,4,0,N/A,0,0,665,1723,0.38595473012188,0.132339,0.824763,34.1944,38.2977,1.141,0.645719,0.881609,b312ef205850c6002595548e5966a018cd5b1afcaea3151a64e15dbd1128b2ff,104,104000316,104000413,draw_dynamic_pedestrians_IPPO_g0_ep4
audit__dynamic_pedestrians__IPPO__g0__ep05,safety_envelope_intervention_audit,dynamic_pedestrians,IPPO,training_checkpoint,0,5,4,ON,0.1,1,4,0,N/A,0,0,668,1636,0.408312958435208,0.119907,0.837626,34.833,39.013,2.4937,0.66914,0.817693,b312ef205850c6002595548e5966a018cd5b1afcaea3151a64e15dbd1128b2ff,105,105000320,105000417,draw_dynamic_pedestrians_IPPO_g0_ep5
audit__dynamic_pedestrians__IPPO__g0__ep06,safety_envelope_intervention_audit,dynamic_pedestrians,IPPO,training_checkpoint,0,6,4,ON,0.1,1,4,0,N/A,0,0,708,1785,0.396638655462185,0.137337,0.870716,31.7919,35.607,1.8595,0.668459,0.860509,b312ef205850c6002595548e5966a018cd5b1afcaea3151a64e15dbd1128b2ff,106,106000324,106000421,draw_dynamic_pedestrians_IPPO_g0_ep6
audit__dynamic_pedestrians__IPPO__g0__ep07,safety_envelope_intervention_audit,dynamic_pedestrians,IPPO,training_checkpoint,0,7,4,ON,0.1,1,4,0,N/A,0,0,702,1995,0.35187969924812,0.147645,0.870208,33.1464,37.1239,1.2017,0.642266,0.889148,b312ef205850c6002595548e5966a018cd5b1afcaea3151a64e15dbd1128b2ff,107,107000328,107000425,draw_dynamic_pedestrians_IPPO_g0_ep7
audit__dynamic_pedestrians__IPPO__g0__ep08,safety_envelope_intervention_audit,dynamic_pedestrians,IPPO,training_checkpoint,0,8,4,ON,0.1,1,4,0,N/A,0,0,677,1740,0.389080459770115,0.129624,0.841903,34.2794,38.393,2.1944,0.706969,0.830867,b312ef205850c6002595548e5966a018cd5b1afcaea3151a64e15dbd1128b2ff,108,108000332,108000429,draw_dynamic_pedestrians_IPPO_g0_ep8
audit__dynamic_pedestrians__IPPO__g0__ep09,safety_envelope_intervention_audit,dynamic_pedestrians,IPPO,training_checkpoint,0,9,4,ON,0.1,1,4,0,N/A,0,0,645,1790,0.360335195530726,0.144641,0.869477,33.5991,37.631,1.4934,0.667644,0.896012,b312ef205850c6002595548e5966a018cd5b1afcaea3151a64e15dbd1128b2ff,109,109000336,109000433,draw_dynamic_pedestrians_IPPO_g0_ep9
audit__dynamic_pedestrians__IPPO__g1__ep00,safety_envelope_intervention_audit,dynamic_pedestrians,IPPO,training_checkpoint,1,0,4,ON,0.1,1,4,0,N/A,0,0,406,1021,0.397649363369246,0.130856,0.868345,32.8493,36.7912,1.4763,0.676808,0.861406,d9c02963765f119dd2d4a15519351a61bf2b18ceb69e21d244527e42ece7f41e,10100,10100030300,10100030397,draw_dynamic_pedestrians_IPPO_g1_ep0
audit__dynamic_pedestrians__IPPO__g1__ep01,safety_envelope_intervention_audit,dynamic_pedestrians,IPPO,training_checkpoint,1,1,4,ON,0.1,1,4,0,N/A,0,0,405,999,0.405405405405405,0.12054,0.878324,32.1061,35.9588,2.4734,0.695687,0.914503,d9c02963765f119dd2d4a15519351a61bf2b18ceb69e21d244527e42ece7f41e,10101,10101030304,10101030401,draw_dynamic_pedestrians_IPPO_g1_ep1
audit__dynamic_pedestrians__IPPO__g1__ep02,safety_envelope_intervention_audit,dynamic_pedestrians,IPPO,training_checkpoint,1,2,4,ON,0.1,1,4,0,N/A,0,0,408,1115,0.365919282511211,0.133225,0.854439,31.4727,35.2495,2.3237,0.661952,0.895058,d9c02963765f119dd2d4a15519351a61bf2b18ceb69e21d244527e42ece7f41e,10102,10102030308,10102030405,draw_dynamic_pedestrians_IPPO_g1_ep2
audit__dynamic_pedestrians__IPPO__g1__ep03,safety_envelope_intervention_audit,dynamic_pedestrians,IPPO,training_checkpoint,1,3,4,ON,0.1,1,4,0,N/A,0,0,394,1064,0.370300751879699,0.147796,0.844959,34.8736,39.0584,1.6028,0.635047,0.839863,d9c02963765f119dd2d4a15519351a61bf2b18ceb69e21d244527e42ece7f41e,10103,10103030312,10103030409,draw_dynamic_pedestrians_IPPO_g1_ep3
audit__dynamic_pedestrians__IPPO__g1__ep04,safety_envelope_intervention_audit,dynamic_pedestrians,IPPO,training_checkpoint,1,4,4,ON,0.1,1,4,0,N/A,0,0,385,1052,0.365969581749049,0.133791,0.840978,32.7051,36.6297,1.7098,0.637278,0.880509,d9c02963765f119dd2d4a15519351a61bf2b18ceb69e21d244527e42ece7f41e,10104,10104030316,10104030413,draw_dynamic_pedestrians_IPPO_g1_ep4
audit__dynamic_pedestrians__IPPO__g1__ep05,safety_envelope_intervention_audit,dynamic_pedestrians,IPPO,training_checkpoint,1,5,4,ON,0.1,1,4,0,N/A,0,0,424,1124,0.377224199288256,0.159772,0.839241,32.4722,36.3688,1.7814,0.645088,0.820616,d9c02963765f119dd2d4a15519351a61bf2b18ceb69e21d244527e42ece7f41e,10105,10105030320,10105030417,draw_dynamic_pedestrians_IPPO_g1_ep5
audit__dynamic_pedestrians__IPPO__g1__ep06,safety_envelope_intervention_audit,dynamic_pedestrians,IPPO,training_checkpoint,1,6,4,ON,0.1,1,4,0,N/A,0,0,400,997,0.401203610832498,0.130755,0.835363,33.8053,37.862,2.4868,0.663257,0.820536,d9c02963765f119dd2d4a15519351a61bf2b18ceb69e21d244527e42ece7f41e,10106,10106030324,10106030421,draw_dynamic_pedestrians_IPPO_g1_ep6
audit__dynamic_pedestrians__IPPO__g1__ep07,safety_envelope_intervention_audit,dynamic_pedestrians,IPPO,training_checkpoint,1,7,4,ON,0.1,1,4,0,N/A,0,0,410,1073,0.38210624417521,0.127837,0.831627,33.0267,36.9899,1.6983,0.656611,0.847294,d9c02963765f119dd2d4a15519351a61bf2b18ceb69e21d244527e42ece7f41e,10107,10107030328,10107030425,draw_dynamic_pedestrians_IPPO_g1_ep7
audit__dynamic_pedestrians__IPPO__g1__ep08,safety_envelope_intervention_audit,dynamic_pedestrians,IPPO,training_checkpoint,1,8,4,ON,0.1,1,4,0,N/A,0,0,409,1101,0.371480472297911,0.147937,0.887833,32.6419,36.559,2.4242,0.639781,0.843541,d9c02963765f119dd2d4a15519351a61bf2b18ceb69e21d244527e42ece7f41e,10108,10108030332,10108030429,draw_dynamic_pedestrians_IPPO_g1_ep8
audit__dynamic_pedestrians__IPPO__g1__ep09,safety_envelope_intervention_audit,dynamic_pedestrians,IPPO,training_checkpoint,1,9,4,ON,0.1,1,4,0,N/A,0,0,385,1035,0.371980676328502,0.132528,0.838891,30.1969,33.8205,1.3144,0.644989,0.89038,d9c02963765f119dd2d4a15519351a61bf2b18ceb69e21d244527e42ece7f41e,10109,10109030336,10109030433,draw_dynamic_pedestrians_IPPO_g1_ep9
audit__dynamic_pedestrians__IPPO__g2__ep00,safety_envelope_intervention_audit,dynamic_pedestrians,IPPO,training_checkpoint,2,0,4,ON,0.1,1,4,0,N/A,0,0,373,1037,0.359691417550627,0.14285,0.84096,30.1512,33.7693,1.0612,0.684146,0.812212,079dc55227c823d2038fb781f829a1517493628ffdf9b8844df83ced833e96ed,20100,20100060300,20100060397,draw_dynamic_pedestrians_IPPO_g2_ep0
audit__dynamic_pedestrians__IPPO__g2__ep01,safety_envelope_intervention_audit,dynamic_pedestrians,IPPO,training_checkpoint,2,1,4,ON,0.1,1,4,0,N/A,0,0,382,1203,0.317539484621779,0.133188,0.833769,31.112,34.8455,1.0904,0.645594,0.808723,079dc55227c823d2038fb781f829a1517493628ffdf9b8844df83ced833e96ed,20101,20101060304,20101060401,draw_dynamic_pedestrians_IPPO_g2_ep1
audit__dynamic_pedestrians__IPPO__g2__ep02,safety_envelope_intervention_audit,dynamic_pedestrians,IPPO,training_checkpoint,2,2,4,ON,0.1,1,4,0,N/A,0,0,401,1199,0.334445371142619,0.141387,0.851848,30.0094,33.6105,1.5819,0.695874,0.874931,079dc55227c823d2038fb781f829a1517493628ffdf9b8844df83ced833e96ed,20102,20102060308,20102060405,draw_dynamic_pedestrians_IPPO_g2_ep2
audit__dynamic_pedestrians__IPPO__g2__ep03,safety_envelope_intervention_audit,dynamic_pedestrians,IPPO,training_checkpoint,2,3,4,ON,0.1,1,4,0,N/A,0,0,401,1210,0.331404958677686,0.145889,0.86212,30.3552,33.9978,1.5668,0.68339,0.816866,079dc55227c823d2038fb781f829a1517493628ffdf9b8844df83ced833e96ed,20103,20103060312,20103060409,draw_dynamic_pedestrians_IPPO_g2_ep3
audit__dynamic_pedestrians__IPPO__g2__ep04,safety_envelope_intervention_audit,dynamic_pedestrians,IPPO,training_checkpoint,2,4,4,ON,0.1,1,4,0,N/A,0,0,367,1100,0.333636363636364,0.135244,0.872319,31.263,35.0145,1.1751,0.701814,0.832801,079dc55227c823d2038fb781f829a1517493628ffdf9b8844df83ced833e96ed,20104,20104060316,20104060413,draw_dynamic_pedestrians_IPPO_g2_ep4
audit__dynamic_pedestrians__IPPO__g2__ep05,safety_envelope_intervention_audit,dynamic_pedestrians,IPPO,training_checkpoint,2,5,4,ON,0.1,1,4,0,N/A,0,0,373,1203,0.310058187863674,0.153689,0.850187,34.0646,38.1523,2.2018,0.672783,0.906017,079dc55227c823d2038fb781f829a1517493628ffdf9b8844df83ced833e96ed,20105,20105060320,20105060417,draw_dynamic_pedestrians_IPPO_g2_ep5
audit__dynamic_pedestrians__IPPO__g2__ep06,safety_envelope_intervention_audit,dynamic_pedestrians,IPPO,training_checkpoint,2,6,4,ON,0.1,1,4,0,N/A,0,0,340,983,0.34587995930824,0.158427,0.866298,33.0341,36.9982,1.2801,0.68084,0.895576,079dc55227c823d2038fb781f829a1517493628ffdf9b8844df83ced833e96ed,20106,20106060324,20106060421,draw_dynamic_pedestrians_IPPO_g2_ep6
audit__dynamic_pedestrians__IPPO__g2__ep07,safety_envelope_intervention_audit,dynamic_pedestrians,IPPO,training_checkpoint,2,7,4,ON,0.1,1,4,0,N/A,0,0,405,1310,0.309160305343512,0.1324,0.860962,31.942,35.775,2.1868,0.64063,0.886704,079dc55227c823d2038fb781f829a1517493628ffdf9b8844df83ced833e96ed,20107,20107060328,20107060425,draw_dynamic_pedestrians_IPPO_g2_ep7
audit__dynamic_pedestrians__IPPO__g2__ep08,safety_envelope_intervention_audit,dynamic_pedestrians,IPPO,training_checkpoint,2,8,4,ON,0.1,1,4,0,N/A,0,0,352,1096,0.321167883211679,0.133297,0.849119,33.7425,37.7916,1.7511,0.681513,0.854586,079dc55227c823d2038fb781f829a1517493628ffdf9b8844df83ced833e96ed,20108,20108060332,20108060429,draw_dynamic_pedestrians_IPPO_g2_ep8
audit__dynamic_pedestrians__IPPO__g2__ep09,safety_envelope_intervention_audit,dynamic_pedestrians,IPPO,training_checkpoint,2,9,4,ON,0.1,1,4,0,N/A,0,0,365,1101,0.331516802906449,0.159036,0.832418,32.7206,36.6471,1.3305,0.685862,0.917911,079dc55227c823d2038fb781f829a1517493628ffdf9b8844df83ced833e96ed,20109,20109060336,20109060433,draw_dynamic_pedestrians_IPPO_g2_ep9
audit__dynamic_pedestrians__IPPO__g3__ep00,safety_envelope_intervention_audit,dynamic_pedestrians,IPPO,training_checkpoint,3,0,4,ON,0.1,1,4,0,N/A,0,0,386,1564,0.246803069053708,0.153302,0.821675,30.052,33.6582,1.8164,0.688854,0.902347,07715cfcac7e888d879b5845f677c634d52aa64d135d8f3146afd9653392fe01,30100,30100090300,30100090397,draw_dynamic_pedestrians_IPPO_g3_ep0
audit__dynamic_pedestrians__IPPO__g3__ep01,safety_envelope_intervention_audit,dynamic_pedestrians,IPPO,training_checkpoint,3,1,4,ON,0.1,1,4,0,N/A,0,0,377,1597,0.236067626800251,0.167771,0.857782,34.2055,38.3101,1.0708,0.708086,0.832699,07715cfcac7e888d879b5845f677c634d52aa64d135d8f3146afd9653392fe01,30101,30101090304,30101090401,draw_dynamic_pedestrians_IPPO_g3_ep1
audit__dynamic_pedestrians__IPPO__g3__ep02,safety_envelope_intervention_audit,dynamic_pedestrians,IPPO,training_checkpoint,3,2,4,ON,0.1,1,4,0,N/A,0,0,347,1473,0.235573659198914,0.171924,0.849857,34.3349,38.4551,1.7082,0.637351,0.829002,07715cfcac7e888d879b5845f677c634d52aa64d135d8f3146afd9653392fe01,30102,30102090308,30102090405,draw_dynamic_pedestrians_IPPO_g3_ep2
audit__dynamic_pedestrians__IPPO__g3__ep03,safety_envelope_intervention_audit,dynamic_pedestrians,IPPO,training_checkpoint,3,3,4,ON,0.1,1,4,0,N/A,0,0,369,1490,0.247651006711409,0.168134,0.827559,31.5436,35.3289,1.3368,0.695261,0.866565,07715cfcac7e888d879b5845f677c634d52aa64d135d8f3146afd9653392fe01,30103,30103090312,30103090409,draw_dynamic_pedestrians_IPPO_g3_ep3
audit__dynamic_pedestrians__IPPO__g3__ep04,safety_envelope_intervention_audit,dynamic_pedestrians,IPPO,training_checkpoint,3,4,4,ON,0.1,1,4,0,N/A,0,0,361,1318,0.273899848254932,0.138157,0.881902,30.4428,34.0959,1.5324,0.686476,0.842541,07715cfcac7e888d879b5845f677c634d52aa64d135d8f3146afd9653392fe01,30104,30104090316,30104090413,draw_dynamic_pedestrians_IPPO_g3_ep4
audit__dynamic_pedestrians__IPPO__g3__ep05,safety_envelope_intervention_audit,dynamic_pedestrians,IPPO,training_checkpoint,3,5,4,ON,0.1,1,4,0,N/A,0,0,414,1598,0.259073842302879,0.189013,0.843099,33.1246,37.0995,2.0354,0.632698,0.802524,07715cfcac7e888d879b5845f677c634d52aa64d135d8f3146afd9653392fe01,30105,30105090320,30105090417,draw_dynamic_pedestrians_IPPO_g3_ep5
audit__dynamic_pedestrians__IPPO__g3__ep06,safety_envelope_intervention_audit,dynamic_pedestrians,IPPO,training_checkpoint,3,6,4,ON,0.1,1,4,0,N/A,0,0,355,1604,0.221321695760599,0.152043,0.86463,32.8144,36.7521,2.103,0.694662,0.805567,07715cfcac7e888d879b5845f677c634d52aa64d135d8f3146afd9653392fe01,30106,30106090324,30106090421,draw_dynamic_pedestrians_IPPO_g3_ep6
audit__dynamic_pedestrians__IPPO__g3__ep07,safety_envelope_intervention_audit,dynamic_pedestrians,IPPO,training_checkpoint,3,7,4,ON,0.1,1,4,0,N/A,0,0,375,1320,0.284090909090909,0.139412,0.881865,31.6545,35.4531,1.5823,0.676866,0.919024,07715cfcac7e888d879b5845f677c634d52aa64d135d8f3146afd9653392fe01,30107,30107090328,30107090425,draw_dynamic_pedestrians_IPPO_g3_ep7
audit__dynamic_pedestrians__IPPO__g3__ep08,safety_envelope_intervention_audit,dynamic_pedestrians,IPPO,training_checkpoint,3,8,4,ON,0.1,1,4,0,N/A,0,0,364,1448,0.251381215469613,0.169909,0.83291,31.2989,35.0547,2.1471,0.684777,0.816214,07715cfcac7e888d879b5845f677c634d52aa64d135d8f3146afd9653392fe01,30108,30108090332,30108090429,draw_dynamic_pedestrians_IPPO_g3_ep8
audit__dynamic_pedestrians__IPPO__g3__ep09,safety_envelope_intervention_audit,dynamic_pedestrians,IPPO,training_checkpoint,3,9,4,ON,0.1,1,4,0,N/A,0,0,389,1537,0.253090435914118,0.150733,0.858721,31.1809,34.9226,1.1749,0.684156,0.913111,07715cfcac7e888d879b5845f677c634d52aa64d135d8f3146afd9653392fe01,30109,30109090336,30109090433,draw_dynamic_pedestrians_IPPO_g3_ep9
audit__dynamic_pedestrians__IPPO__g4__ep00,safety_envelope_intervention_audit,dynamic_pedestrians,IPPO,training_checkpoint,4,0,4,ON,0.1,1,4,0,N/A,0,0,546,1939,0.28158844765343,0.186213,0.823008,30.6596,34.3388,1.828,0.638501,0.878413,649d968c6bc85cf4f2668400cf24732f884cf8691925ae67142d2fe815735db4,40100,40100120300,40100120397,draw_dynamic_pedestrians_IPPO_g4_ep0
audit__dynamic_pedestrians__IPPO__g4__ep01,safety_envelope_intervention_audit,dynamic_pedestrians,IPPO,training_checkpoint,4,1,4,ON,0.1,1,4,0,N/A,0,0,524,1986,0.263846928499496,0.173725,0.857436,30.9326,34.6445,1.3806,0.671946,0.902455,649d968c6bc85cf4f2668400cf24732f884cf8691925ae67142d2fe815735db4,40101,40101120304,40101120401,draw_dynamic_pedestrians_IPPO_g4_ep1
audit__dynamic_pedestrians__IPPO__g4__ep02,safety_envelope_intervention_audit,dynamic_pedestrians,IPPO,training_checkpoint,4,2,4,ON,0.1,1,4,0,N/A,0,0,512,1905,0.268766404199475,0.167977,0.865635,34.0897,38.1804,2.2088,0.638561,0.842181,649d968c6bc85cf4f2668400cf24732f884cf8691925ae67142d2fe815735db4,40102,40102120308,40102120405,draw_dynamic_pedestrians_IPPO_g4_ep2
audit__dynamic_pedestrians__IPPO__g4__ep03,safety_envelope_intervention_audit,dynamic_pedestrians,IPPO,training_checkpoint,4,3,4,ON,0.1,1,4,0,N/A,0,0,499,1692,0.294917257683215,0.181127,0.837478,33.3356,37.3359,1.9414,0.704629,0.841483,649d968c6bc85cf4f2668400cf24732f884cf8691925ae67142d2fe815735db4,40103,40103120312,40103120409,draw_dynamic_pedestrians_IPPO_g4_ep3
audit__dynamic_pedestrians__IPPO__g4__ep04,safety_envelope_intervention_audit,dynamic_pedestrians,IPPO,training_checkpoint,4,4,4,ON,0.1,1,4,0,N/A,0,0,547,2144,0.255130597014925,0.180546,0.860281,30.0341,33.6382,1.3164,0.697759,0.807176,649d968c6bc85cf4f2668400cf24732f884cf8691925ae67142d2fe815735db4,40104,40104120316,40104120413,draw_dynamic_pedestrians_IPPO_g4_ep4
audit__dynamic_pedestrians__IPPO__g4__ep05,safety_envelope_intervention_audit,dynamic_pedestrians,IPPO,training_checkpoint,4,5,4,ON,0.1,1,4,0,N/A,0,0,538,1906,0.282266526757607,0.164839,0.862726,33.9848,38.063,1.5161,0.70363,0.918279,649d968c6bc85cf4f2668400cf24732f884cf8691925ae67142d2fe815735db4,40105,40105120320,40105120417,draw_dynamic_pedestrians_IPPO_g4_ep5
audit__dynamic_pedestrians__IPPO__g4__ep06,safety_envelope_intervention_audit,dynamic_pedestrians,IPPO,training_checkpoint,4,6,4,ON,0.1,1,4,0,N/A,0,0,550,1912,0.28765690376569,0.207126,0.874418,33.01,36.9713,1.1957,0.669095,0.898036,649d968c6bc85cf4f2668400cf24732f884cf8691925ae67142d2fe815735db4,40106,40106120324,40106120421,draw_dynamic_pedestrians_IPPO_g4_ep6
audit__dynamic_pedestrians__IPPO__g4__ep07,safety_envelope_intervention_audit,dynamic_pedestrians,IPPO,training_checkpoint,4,7,4,ON,0.1,1,4,0,N/A,0,0,545,2143,0.254316378908073,0.186469,0.849385,30.3666,34.0106,1.629,0.704525,0.874798,649d968c6bc85cf4f2668400cf24732f884cf8691925ae67142d2fe815735db4,40107,40107120328,40107120425,draw_dynamic_pedestrians_IPPO_g4_ep7
audit__dynamic_pedestrians__IPPO__g4__ep08,safety_envelope_intervention_audit,dynamic_pedestrians,IPPO,training_checkpoint,4,8,4,ON,0.1,1,4,0,N/A,0,0,512,1952,0.262295081967213,0.173576,0.82684,31.2903,35.0451,1.1589,0.631108,0.869845,649d968c6bc85cf4f2668400cf24732f884cf8691925ae67142d2fe815735db4,40108,40108120332,40108120429,draw_dynamic_pedestrians_IPPO_g4_ep8
audit__dynamic_pedestrians__IPPO__g4__ep09,safety_envelope_intervention_audit,dynamic_pedestrians,IPPO,training_checkpoint,4,9,4,ON,0.1,1,4,0,N/A,0,0,482,1880,0.256382978723404,0.182622,0.862793,32.5054,36.4061,1.3037,0.633483,0.889933,649d968c6bc85cf4f2668400cf24732f884cf8691925ae67142d2fe815735db4,40109,40109120336,40109120433,draw_dynamic_pedestrians_IPPO_g4_ep9
audit__dynamic_pedestrians__IPPO__g5__ep00,safety_envelope_intervention_audit,dynamic_pedestrians,IPPO,training_checkpoint,5,0,4,ON,0.1,1,4,0,N/A,0,0,450,1480,0.304054054054054,0.160774,0.878642,32.4463,36.3398,1.4627,0.6537,0.8206,220f2150ebd6d42971c33b968dbbdae82bedb7d505f59246a34cfd6cd75a7756,50100,50100150300,50100150397,draw_dynamic_pedestrians_IPPO_g5_ep0
audit__dynamic_pedestrians__IPPO__g5__ep01,safety_envelope_intervention_audit,dynamic_pedestrians,IPPO,training_checkpoint,5,1,4,ON,0.1,1,4,0,N/A,0,0,415,1378,0.301161103047896,0.134735,0.852031,34.0383,38.1229,1.3094,0.681619,0.88964,220f2150ebd6d42971c33b968dbbdae82bedb7d505f59246a34cfd6cd75a7756,50101,50101150304,50101150401,draw_dynamic_pedestrians_IPPO_g5_ep1
audit__dynamic_pedestrians__IPPO__g5__ep02,safety_envelope_intervention_audit,dynamic_pedestrians,IPPO,training_checkpoint,5,2,4,ON,0.1,1,4,0,N/A,0,0,411,1415,0.290459363957597,0.147936,0.863228,34.3992,38.5272,1.9178,0.65762,0.908351,220f2150ebd6d42971c33b968dbbdae82bedb7d505f59246a34cfd6cd75a7756,50102,50102150308,50102150405,draw_dynamic_pedestrians_IPPO_g5_ep2
audit__dynamic_pedestrians__IPPO__g5__ep03,safety_envelope_intervention_audit,dynamic_pedestrians,IPPO,training_checkpoint,5,3,4,ON,0.1,1,4,0,N/A,0,0,454,1510,0.300662251655629,0.145655,0.82644,30.2629,33.8944,1.4104,0.642937,0.900055,220f2150ebd6d42971c33b968dbbdae82bedb7d505f59246a34cfd6cd75a7756,50103,50103150312,50103150409,draw_dynamic_pedestrians_IPPO_g5_ep3
audit__dynamic_pedestrians__IPPO__g5__ep04,safety_envelope_intervention_audit,dynamic_pedestrians,IPPO,training_checkpoint,5,4,4,ON,0.1,1,4,0,N/A,0,0,414,1356,0.305309734513274,0.153964,0.884322,31.817,35.635,1.2941,0.65071,0.823842,220f2150ebd6d42971c33b968dbbdae82bedb7d505f59246a34cfd6cd75a7756,50104,50104150316,50104150413,draw_dynamic_pedestrians_IPPO_g5_ep4
audit__dynamic_pedestrians__IPPO__g5__ep05,safety_envelope_intervention_audit,dynamic_pedestrians,IPPO,training_checkpoint,5,5,4,ON,0.1,1,4,0,N/A,0,0,460,1535,0.299674267100977,0.166228,0.850244,30.6482,34.3259,1.4951,0.668309,0.81085,220f2150ebd6d42971c33b968dbbdae82bedb7d505f59246a34cfd6cd75a7756,50105,50105150320,50105150417,draw_dynamic_pedestrians_IPPO_g5_ep5
audit__dynamic_pedestrians__IPPO__g5__ep06,safety_envelope_intervention_audit,dynamic_pedestrians,IPPO,training_checkpoint,5,6,4,ON,0.1,1,4,0,N/A,0,0,456,1435,0.317770034843206,0.171139,0.875739,31.7469,35.5565,2.087,0.692175,0.861782,220f2150ebd6d42971c33b968dbbdae82bedb7d505f59246a34cfd6cd75a7756,50106,50106150324,50106150421,draw_dynamic_pedestrians_IPPO_g5_ep6
audit__dynamic_pedestrians__IPPO__g5__ep07,safety_envelope_intervention_audit,dynamic_pedestrians,IPPO,training_checkpoint,5,7,4,ON,0.1,1,4,0,N/A,0,0,431,1660,0.259638554216867,0.139226,0.816679,32.3936,36.2809,1.1645,0.634818,0.894925,220f2150ebd6d42971c33b968dbbdae82bedb7d505f59246a34cfd6cd75a7756,50107,50107150328,50107150425,draw_dynamic_pedestrians_IPPO_g5_ep7
audit__dynamic_pedestrians__IPPO__g5__ep08,safety_envelope_intervention_audit,dynamic_pedestrians,IPPO,training_checkpoint,5,8,4,ON,0.1,1,4,0,N/A,0,0,421,1645,0.255927051671733,0.152225,0.834104,33.8958,37.9633,1.8819,0.635527,0.806294,220f2150ebd6d42971c33b968dbbdae82bedb7d505f59246a34cfd6cd75a7756,50108,50108150332,50108150429,draw_dynamic_pedestrians_IPPO_g5_ep8
audit__dynamic_pedestrians__IPPO__g5__ep09,safety_envelope_intervention_audit,dynamic_pedestrians,IPPO,training_checkpoint,5,9,4,ON,0.1,1,4,0,N/A,0,0,446,1469,0.30360789652825,0.152089,0.838572,30.4029,34.0513,1.4177,0.651176,0.804222,220f2150ebd6d42971c33b968dbbdae82bedb7d505f59246a34cfd6cd75a7756,50109,50109150336,50109150433,draw_dynamic_pedestrians_IPPO_g5_ep9
audit__dynamic_pedestrians__IPPO__g6__ep00,safety_envelope_intervention_audit,dynamic_pedestrians,IPPO,training_checkpoint,6,0,4,ON,0.1,1,4,0,N/A,0,0,209,698,0.299426934097421,0.146398,0.845935,31.2241,34.971,2.018,0.709262,0.8752,65af418f1e27017063ed5793bfdd7f777e76f37b9dd9a330382a7045a4598fe6,60100,60100180300,60100180397,draw_dynamic_pedestrians_IPPO_g6_ep0
audit__dynamic_pedestrians__IPPO__g6__ep01,safety_envelope_intervention_audit,dynamic_pedestrians,IPPO,training_checkpoint,6,1,4,ON,0.1,1,4,0,N/A,0,0,212,612,0.34640522875817,0.135525,0.857733,31.1696,34.9099,1.8878,0.639661,0.857164,65af418f1e27017063ed5793bfdd7f777e76f37b9dd9a330382a7045a4598fe6,60101,60101180304,60101180401,draw_dynamic_pedestrians_IPPO_g6_ep1
audit__dynamic_pedestrians__IPPO__g6__ep02,safety_envelope_intervention_audit,dynamic_pedestrians,IPPO,training_checkpoint,6,2,4,ON,0.1,1,4,0,N/A,0,0,217,649,0.334360554699538,0.125523,0.859195,30.131,33.7467,1.7255,0.643501,0.8963,65af418f1e27017063ed5793bfdd7f777e76f37b9dd9a330382a7045a4598fe6,60102,60102180308,60102180405,draw_dynamic_pedestrians_IPPO_g6_ep2
audit__dynamic_pedestrians__IPPO__g6__ep03,safety_envelope_intervention_audit,dynamic_pedestrians,IPPO,training_checkpoint,6,3,4,ON,0.1,1,4,0,N/A,0,0,203,673,0.301634472511144,0.127707,0.843979,30.9337,34.6457,2.1286,0.685421,0.816582,65af418f1e27017063ed5793bfdd7f777e76f37b9dd9a330382a7045a4598fe6,60103,60103180312,60103180409,draw_dynamic_pedestrians_IPPO_g6_ep3
audit__dynamic_pedestrians__IPPO__g6__ep04,safety_envelope_intervention_audit,dynamic_pedestrians,IPPO,training_checkpoint,6,4,4,ON,0.1,1,4,0,N/A,0,0,201,616,0.326298701298701,0.142978,0.850897,31.0234,34.7462,1.3775,0.690996,0.889087,65af418f1e27017063ed5793bfdd7f777e76f37b9dd9a330382a7045a4598fe6,60104,60104180316,60104180413,draw_dynamic_pedestrians_IPPO_g6_ep4
audit__dynamic_pedestrians__IPPO__g6__ep05,safety_envelope_intervention_audit,dynamic_pedestrians,IPPO,training_checkpoint,6,5,4,ON,0.1,1,4,0,N/A,0,0,212,643,0.329704510108865,0.159244,0.872977,30.0868,33.6972,1.842,0.63635,0.800582,65af418f1e27017063ed5793bfdd7f777e76f37b9dd9a330382a7045a4598fe6,60105,60105180320,60105180417,draw_dynamic_pedestrians_IPPO_g6_ep5
audit__dynamic_pedestrians__IPPO__g6__ep06,safety_envelope_intervention_audit,dynamic_pedestrians,IPPO,training_checkpoint,6,6,4,ON,0.1,1,4,0,N/A,0,0,211,623,0.33868378812199,0.126599,0.834426,34.7947,38.9701,2.1196,0.639802,0.916872,65af418f1e27017063ed5793bfdd7f777e76f37b9dd9a330382a7045a4598fe6,60106,60106180324,60106180421,draw_dynamic_pedestrians_IPPO_g6_ep6
audit__dynamic_pedestrians__IPPO__g6__ep07,safety_envelope_intervention_audit,dynamic_pedestrians,IPPO,training_checkpoint,6,7,4,ON,0.1,1,4,0,N/A,0,0,223,715,0.311888111888112,0.117936,0.836322,31.8224,35.6411,2.3161,0.702626,0.849216,65af418f1e27017063ed5793bfdd7f777e76f37b9dd9a330382a7045a4598fe6,60107,60107180328,60107180425,draw_dynamic_pedestrians_IPPO_g6_ep7
audit__dynamic_pedestrians__IPPO__g6__ep08,safety_envelope_intervention_audit,dynamic_pedestrians,IPPO,training_checkpoint,6,8,4,ON,0.1,1,4,0,N/A,0,0,222,688,0.322674418604651,0.119791,0.866468,33.1647,37.1445,2.0053,0.651562,0.906063,65af418f1e27017063ed5793bfdd7f777e76f37b9dd9a330382a7045a4598fe6,60108,60108180332,60108180429,draw_dynamic_pedestrians_IPPO_g6_ep8
audit__dynamic_pedestrians__IPPO__g6__ep09,safety_envelope_intervention_audit,dynamic_pedestrians,IPPO,training_checkpoint,6,9,4,ON,0.1,1,4,0,N/A,0,0,212,731,0.290013679890561,0.126655,0.852067,34.464,38.5997,1.962,0.682354,0.857677,65af418f1e27017063ed5793bfdd7f777e76f37b9dd9a330382a7045a4598fe6,60109,60109180336,60109180433,draw_dynamic_pedestrians_IPPO_g6_ep9
audit__dynamic_pedestrians__IPPO__g7__ep00,safety_envelope_intervention_audit,dynamic_pedestrians,IPPO,training_checkpoint,7,0,4,ON,0.1,1,4,0,N/A,0,0,369,1812,0.20364238410596,0.135517,0.863474,32.0058,35.8465,1.0604,0.667991,0.863784,a8fba2f91b95c40e8dfb0408da18e13ab01a442adb4c7fc6e64b89deaeb90ede,70100,70100210300,70100210397,draw_dynamic_pedestrians_IPPO_g7_ep0
audit__dynamic_pedestrians__IPPO__g7__ep01,safety_envelope_intervention_audit,dynamic_pedestrians,IPPO,training_checkpoint,7,1,4,ON,0.1,1,4,0,N/A,0,0,376,1715,0.219241982507289,0.146841,0.854266,30.4579,34.1129,1.8295,0.663987,0.837008,a8fba2f91b95c40e8dfb0408da18e13ab01a442adb4c7fc6e64b89deaeb90ede,70101,70101210304,70101210401,draw_dynamic_pedestrians_IPPO_g7_ep1
audit__dynamic_pedestrians__IPPO__g7__ep02,safety_envelope_intervention_audit,dynamic_pedestrians,IPPO,training_checkpoint,7,2,4,ON,0.1,1,4,0,N/A,0,0,372,1899,0.195892575039495,0.143984,0.840327,30.7244,34.4113,1.2385,0.673594,0.875809,a8fba2f91b95c40e8dfb0408da18e13ab01a442adb4c7fc6e64b89deaeb90ede,70102,70102210308,70102210405,draw_dynamic_pedestrians_IPPO_g7_ep2
audit__dynamic_pedestrians__IPPO__g7__ep03,safety_envelope_intervention_audit,dynamic_pedestrians,IPPO,training_checkpoint,7,3,4,ON,0.1,1,4,0,N/A,0,0,425,1989,0.213675213675214,0.146575,0.841937,34.1016,38.1938,1.1011,0.656852,0.878228,a8fba2f91b95c40e8dfb0408da18e13ab01a442adb4c7fc6e64b89deaeb90ede,70103,70103210312,70103210409,draw_dynamic_pedestrians_IPPO_g7_ep3
audit__dynamic_pedestrians__IPPO__g7__ep04,safety_envelope_intervention_audit,dynamic_pedestrians,IPPO,training_checkpoint,7,4,4,ON,0.1,1,4,0,N/A,0,0,363,1826,0.198795180722892,0.154885,0.850531,31.9595,35.7946,1.2676,0.639453,0.891286,a8fba2f91b95c40e8dfb0408da18e13ab01a442adb4c7fc6e64b89deaeb90ede,70104,70104210316,70104210413,draw_dynamic_pedestrians_IPPO_g7_ep4
audit__dynamic_pedestrians__IPPO__g7__ep05,safety_envelope_intervention_audit,dynamic_pedestrians,IPPO,training_checkpoint,7,5,4,ON,0.1,1,4,0,N/A,0,0,348,1848,0.188311688311688,0.13749,0.843795,31.5664,35.3544,1.4953,0.66706,0.854246,a8fba2f91b95c40e8dfb0408da18e13ab01a442adb4c7fc6e64b89deaeb90ede,70105,70105210320,70105210417,draw_dynamic_pedestrians_IPPO_g7_ep5
audit__dynamic_pedestrians__IPPO__g7__ep06,safety_envelope_intervention_audit,dynamic_pedestrians,IPPO,training_checkpoint,7,6,4,ON,0.1,1,4,0,N/A,0,0,399,1940,0.205670103092783,0.150771,0.857273,32.6942,36.6175,2.2011,0.685017,0.845136,a8fba2f91b95c40e8dfb0408da18e13ab01a442adb4c7fc6e64b89deaeb90ede,70106,70106210324,70106210421,draw_dynamic_pedestrians_IPPO_g7_ep6
audit__dynamic_pedestrians__IPPO__g7__ep07,safety_envelope_intervention_audit,dynamic_pedestrians,IPPO,training_checkpoint,7,7,4,ON,0.1,1,4,0,N/A,0,0,377,1945,0.193830334190231,0.132057,0.857479,33.7422,37.7913,1.0693,0.681151,0.910162,a8fba2f91b95c40e8dfb0408da18e13ab01a442adb4c7fc6e64b89deaeb90ede,70107,70107210328,70107210425,draw_dynamic_pedestrians_IPPO_g7_ep7
audit__dynamic_pedestrians__IPPO__g7__ep08,safety_envelope_intervention_audit,dynamic_pedestrians,IPPO,training_checkpoint,7,8,4,ON,0.1,1,4,0,N/A,0,0,388,1931,0.200932159502848,0.129696,0.849342,34.433,38.565,1.253,0.631482,0.912209,a8fba2f91b95c40e8dfb0408da18e13ab01a442adb4c7fc6e64b89deaeb90ede,70108,70108210332,70108210429,draw_dynamic_pedestrians_IPPO_g7_ep8
audit__dynamic_pedestrians__IPPO__g7__ep09,safety_envelope_intervention_audit,dynamic_pedestrians,IPPO,training_checkpoint,7,9,4,ON,0.1,1,4,0,N/A,0,0,381,2011,0.189457981103928,0.156608,0.861575,30.6547,34.3333,1.4162,0.656273,0.889295,a8fba2f91b95c40e8dfb0408da18e13ab01a442adb4c7fc6e64b89deaeb90ede,70109,70109210336,70109210433,draw_dynamic_pedestrians_IPPO_g7_ep9
audit__mixed_complex__IPPO__g0__ep00,safety_envelope_intervention_audit,mixed_complex,IPPO,training_checkpoint,0,0,4,ON,0.1,1,4,0,N/A,0,0,533,1633,0.32639314145744,0.147872,0.838479,31.5702,35.3587,1.7828,0.664341,0.892521,c816a0a2e474f564c26022ff443412bd615571fb63f1a522a6a48f17f6ef3913,200,200000600,200000697,draw_mixed_complex_IPPO_g0_ep0
audit__mixed_complex__IPPO__g0__ep01,safety_envelope_intervention_audit,mixed_complex,IPPO,training_checkpoint,0,1,4,ON,0.1,1,4,0,N/A,0,0,572,1892,0.302325581395349,0.158896,0.833335,31.2936,35.0488,2.1434,0.701441,0.816101,c816a0a2e474f564c26022ff443412bd615571fb63f1a522a6a48f17f6ef3913,201,201000604,201000701,draw_mixed_complex_IPPO_g0_ep1
audit__mixed_complex__IPPO__g0__ep02,safety_envelope_intervention_audit,mixed_complex,IPPO,training_checkpoint,0,2,4,ON,0.1,1,4,0,N/A,0,0,600,1895,0.316622691292876,0.169672,0.872317,31.5505,35.3366,1.4047,0.636195,0.819315,c816a0a2e474f564c26022ff443412bd615571fb63f1a522a6a48f17f6ef3913,202,202000608,202000705,draw_mixed_complex_IPPO_g0_ep2
audit__mixed_complex__IPPO__g0__ep03,safety_envelope_intervention_audit,mixed_complex,IPPO,training_checkpoint,0,3,4,ON,0.1,1,4,0,N/A,0,0,605,2000,0.3025,0.161593,0.845885,33.4984,37.5182,1.1394,0.698431,0.814367,c816a0a2e474f564c26022ff443412bd615571fb63f1a522a6a48f17f6ef3913,203,203000612,203000709,draw_mixed_complex_IPPO_g0_ep3
audit__mixed_complex__IPPO__g0__ep04,safety_envelope_intervention_audit,mixed_complex,IPPO,training_checkpoint,0,4,4,ON,0.1,1,4,0,N/A,0,0,576,1776,0.324324324324324,0.15111,0.847331,30.9108,34.6201,1.3802,0.635877,0.866737,c816a0a2e474f564c26022ff443412bd615571fb63f1a522a6a48f17f6ef3913,204,204000616,204000713,draw_mixed_complex_IPPO_g0_ep4
audit__mixed_complex__IPPO__g0__ep05,safety_envelope_intervention_audit,mixed_complex,IPPO,training_checkpoint,0,5,4,ON,0.1,1,4,0,N/A,0,0,529,1643,0.321972002434571,0.15776,0.860557,32.6154,36.5293,1.6116,0.639101,0.839158,c816a0a2e474f564c26022ff443412bd615571fb63f1a522a6a48f17f6ef3913,205,205000620,205000717,draw_mixed_complex_IPPO_g0_ep5
audit__mixed_complex__IPPO__g0__ep06,safety_envelope_intervention_audit,mixed_complex,IPPO,training_checkpoint,0,6,4,ON,0.1,1,4,0,N/A,0,0,661,2149,0.307584923220102,0.151537,0.840487,32.8152,36.753,1.6186,0.698458,0.898585,c816a0a2e474f564c26022ff443412bd615571fb63f1a522a6a48f17f6ef3913,206,206000624,206000721,draw_mixed_complex_IPPO_g0_ep6
audit__mixed_complex__IPPO__g0__ep07,safety_envelope_intervention_audit,mixed_complex,IPPO,training_checkpoint,0,7,4,ON,0.1,1,4,0,N/A,0,0,613,1945,0.315167095115681,0.165193,0.829089,33.2762,37.2693,1.1669,0.653637,0.871797,c816a0a2e474f564c26022ff443412bd615571fb63f1a522a6a48f17f6ef3913,207,207000628,207000725,draw_mixed_complex_IPPO_g0_ep7
audit__mixed_complex__IPPO__g0__ep08,safety_envelope_intervention_audit,mixed_complex,IPPO,training_checkpoint,0,8,4,ON,0.1,1,4,0,N/A,0,0,583,1878,0.310436634717785,0.165133,0.84245,30.7663,34.4583,1.0668,0.687717,0.877753,c816a0a2e474f564c26022ff443412bd615571fb63f1a522a6a48f17f6ef3913,208,208000632,208000729,draw_mixed_complex_IPPO_g0_ep8
audit__mixed_complex__IPPO__g0__ep09,safety_envelope_intervention_audit,mixed_complex,IPPO,training_checkpoint,0,9,4,ON,0.1,1,4,0,N/A,0,0,536,1844,0.290672451193059,0.155581,0.833355,33.4049,37.4134,1.3202,0.700886,0.827202,c816a0a2e474f564c26022ff443412bd615571fb63f1a522a6a48f17f6ef3913,209,209000636,209000733,draw_mixed_complex_IPPO_g0_ep9
audit__mixed_complex__IPPO__g1__ep00,safety_envelope_intervention_audit,mixed_complex,IPPO,training_checkpoint,1,0,4,ON,0.1,1,4,0,N/A,0,0,622,1965,0.316539440203562,0.155741,0.839961,30.9495,34.6634,2.1924,0.685113,0.916509,1fbd01db609cb367b8689493c2daa4c3e64028a2d4fbec6dc09bb85029d13841,10200,10200030600,10200030697,draw_mixed_complex_IPPO_g1_ep0
audit__mixed_complex__IPPO__g1__ep01,safety_envelope_intervention_audit,mixed_complex,IPPO,training_checkpoint,1,1,4,ON,0.1,1,4,0,N/A,0,0,593,1971,0.300862506341958,0.159855,0.804025,32.7377,36.6663,1.6816,0.637086,0.867384,1fbd01db609cb367b8689493c2daa4c3e64028a2d4fbec6dc09bb85029d13841,10201,10201030604,10201030701,draw_mixed_complex_IPPO_g1_ep1
audit__mixed_complex__IPPO__g1__ep02,safety_envelope_intervention_audit,mixed_complex,IPPO,training_checkpoint,1,2,4,ON,0.1,1,4,0,N/A,0,0,618,1884,0.328025477707006,0.137051,0.844745,32.998,36.9578,1.6137,0.67745,0.876086,1fbd01db609cb367b8689493c2daa4c3e64028a2d4fbec6dc09bb85029d13841,10202,10202030608,10202030705,draw_mixed_complex_IPPO_g1_ep2
audit__mixed_complex__IPPO__g1__ep03,safety_envelope_intervention_audit,mixed_complex,IPPO,training_checkpoint,1,3,4,ON,0.1,1,4,0,N/A,0,0,643,1969,0.326561706449975,0.165029,0.854096,34.8185,38.9967,1.0257,0.634834,0.845525,1fbd01db609cb367b8689493c2daa4c3e64028a2d4fbec6dc09bb85029d13841,10203,10203030612,10203030709,draw_mixed_complex_IPPO_g1_ep3
audit__mixed_complex__IPPO__g1__ep04,safety_envelope_intervention_audit,mixed_complex,IPPO,training_checkpoint,1,4,4,ON,0.1,1,4,0,N/A,0,0,570,1984,0.287298387096774,0.153758,0.854058,31.7187,35.5249,1.3958,0.679328,0.881889,1fbd01db609cb367b8689493c2daa4c3e64028a2d4fbec6dc09bb85029d13841,10204,10204030616,10204030713,draw_mixed_complex_IPPO_g1_ep4
audit__mixed_complex__IPPO__g1__ep05,safety_envelope_intervention_audit,mixed_complex,IPPO,training_checkpoint,1,5,4,ON,0.1,1,4,0,N/A,0,0,630,1898,0.331928345626976,0.171386,0.833422,31.9104,35.7396,2.066,0.630107,0.812375,1fbd01db609cb367b8689493c2daa4c3e64028a2d4fbec6dc09bb85029d13841,10205,10205030620,10205030717,draw_mixed_complex_IPPO_g1_ep5
audit__mixed_complex__IPPO__g1__ep06,safety_envelope_intervention_audit,mixed_complex,IPPO,training_checkpoint,1,6,4,ON,0.1,1,4,0,N/A,0,0,618,2135,0.289461358313817,0.17968,0.851921,33.0925,37.0636,2.4493,0.662712,0.876331,1fbd01db609cb367b8689493c2daa4c3e64028a2d4fbec6dc09bb85029d13841,10206,10206030624,10206030721,draw_mixed_complex_IPPO_g1_ep6
audit__mixed_complex__IPPO__g1__ep07,safety_envelope_intervention_audit,mixed_complex,IPPO,training_checkpoint,1,7,4,ON,0.1,1,4,0,N/A,0,0,604,1888,0.319915254237288,0.151827,0.858204,31.178,34.9194,1.9367,0.67932,0.888782,1fbd01db609cb367b8689493c2daa4c3e64028a2d4fbec6dc09bb85029d13841,10207,10207030628,10207030725,draw_mixed_complex_IPPO_g1_ep7
audit__mixed_complex__IPPO__g1__ep08,safety_envelope_intervention_audit,mixed_complex,IPPO,training_checkpoint,1,8,4,ON,0.1,1,4,0,N/A,0,0,593,1926,0.307892004153686,0.173906,0.821932,34.0308,38.1145,2.4456,0.675279,0.871308,1fbd01db609cb367b8689493c2daa4c3e64028a2d4fbec6dc09bb85029d13841,10208,10208030632,10208030729,draw_mixed_complex_IPPO_g1_ep8
audit__mixed_complex__IPPO__g1__ep09,safety_envelope_intervention_audit,mixed_complex,IPPO,training_checkpoint,1,9,4,ON,0.1,1,4,0,N/A,0,0,619,1877,0.329781566329249,0.16039,0.839593,30.5019,34.1622,1.5617,0.702871,0.888617,1fbd01db609cb367b8689493c2daa4c3e64028a2d4fbec6dc09bb85029d13841,10209,10209030636,10209030733,draw_mixed_complex_IPPO_g1_ep9
audit__mixed_complex__IPPO__g2__ep00,safety_envelope_intervention_audit,mixed_complex,IPPO,training_checkpoint,2,0,4,ON,0.1,1,4,0,N/A,0,0,589,1971,0.298833079654997,0.161741,0.841694,31.5601,35.3474,1.2698,0.689783,0.917372,fb66774708e955e5a7f4e731e254741a468abdc67e7b99439b86acb740233df2,20200,20200060600,20200060697,draw_mixed_complex_IPPO_g2_ep0
audit__mixed_complex__IPPO__g2__ep01,safety_envelope_intervention_audit,mixed_complex,IPPO,training_checkpoint,2,1,4,ON,0.1,1,4,0,N/A,0,0,621,2139,0.290322580645161,0.15866,0.832852,30.9324,34.6443,2.2515,0.639297,0.812627,fb66774708e955e5a7f4e731e254741a468abdc67e7b99439b86acb740233df2,20201,20201060604,20201060701,draw_mixed_complex_IPPO_g2_ep1
audit__mixed_complex__IPPO__g2__ep02,safety_envelope_intervention_audit,mixed_complex,IPPO,training_checkpoint,2,2,4,ON,0.1,1,4,0,N/A,0,0,607,1962,0.309378185524974,0.153395,0.879583,32.0905,35.9413,1.2489,0.63977,0.833021,fb66774708e955e5a7f4e731e254741a468abdc67e7b99439b86acb740233df2,20202,20202060608,20202060705,draw_mixed_complex_IPPO_g2_ep2
audit__mixed_complex__IPPO__g2__ep03,safety_envelope_intervention_audit,mixed_complex,IPPO,training_checkpoint,2,3,4,ON,0.1,1,4,0,N/A,0,0,607,2126,0.285512699905927,0.153342,0.854606,32.419,36.3093,1.0787,0.676702,0.854867,fb66774708e955e5a7f4e731e254741a468abdc67e7b99439b86acb740233df2,20203,20203060612,20203060709,draw_mixed_complex_IPPO_g2_ep3
audit__mixed_complex__IPPO__g2__ep04,safety_envelope_intervention_audit,mixed_complex,IPPO,training_checkpoint,2,4,4,ON,0.1,1,4,0,N/A,0,0,663,2170,0.305529953917051,0.174359,0.845787,30.1841,33.8062,1.3108,0.651893,0.801394,fb66774708e955e5a7f4e731e254741a468abdc67e7b99439b86acb740233df2,20204,20204060616,20204060713,draw_mixed_complex_IPPO_g2_ep4
audit__mixed_complex__IPPO__g2__ep05,safety_envelope_intervention_audit,mixed_complex,IPPO,training_checkpoint,2,5,4,ON,0.1,1,4,0,N/A,0,0,563,1669,0.337327741162373,0.158803,0.811406,34.1134,38.2071,1.9377,0.680895,0.871408,fb66774708e955e5a7f4e731e254741a468abdc67e7b99439b86acb740233df2,20205,20205060620,20205060717,draw_mixed_complex_IPPO_g2_ep5
audit__mixed_complex__IPPO__g2__ep06,safety_envelope_intervention_audit,mixed_complex,IPPO,training_checkpoint,2,6,4,ON,0.1,1,4,0,N/A,0,0,609,2020,0.301485148514851,0.149688,0.845626,34.9737,39.1705,1.4306,0.691065,0.85421,fb66774708e955e5a7f4e731e254741a468abdc67e7b99439b86acb740233df2,20206,20206060624,20206060721,draw_mixed_complex_IPPO_g2_ep6
audit__mixed_complex__IPPO__g2__ep07,safety_envelope_intervention_audit,mixed_complex,IPPO,training_checkpoint,2,7,4,ON,0.1,1,4,0,N/A,0,0,645,2054,0.314021421616358,0.160606,0.849069,30.8856,34.5919,1.9926,0.706612,0.912909,fb66774708e955e5a7f4e731e254741a468abdc67e7b99439b86acb740233df2,20207,20207060628,20207060725,draw_mixed_complex_IPPO_g2_ep7
audit__mixed_complex__IPPO__g2__ep08,safety_envelope_intervention_audit,mixed_complex,IPPO,training_checkpoint,2,8,4,ON,0.1,1,4,0,N/A,0,0,629,2122,0.296418473138549,0.145613,0.841308,33.3115,37.3088,1.1463,0.652333,0.856093,fb66774708e955e5a7f4e731e254741a468abdc67e7b99439b86acb740233df2,20208,20208060632,20208060729,draw_mixed_complex_IPPO_g2_ep8
audit__mixed_complex__IPPO__g2__ep09,safety_envelope_intervention_audit,mixed_complex,IPPO,training_checkpoint,2,9,4,ON,0.1,1,4,0,N/A,0,0,651,2113,0.30809275911027,0.177351,0.82214,33.052,37.0182,1.0816,0.704012,0.918211,fb66774708e955e5a7f4e731e254741a468abdc67e7b99439b86acb740233df2,20209,20209060636,20209060733,draw_mixed_complex_IPPO_g2_ep9
audit__mixed_complex__IPPO__g3__ep00,safety_envelope_intervention_audit,mixed_complex,IPPO,training_checkpoint,3,0,4,ON,0.1,1,4,0,N/A,0,0,606,1870,0.324064171122995,0.181162,0.848806,31.6105,35.4037,1.1264,0.679732,0.853183,ce169a520d3f3260d6f6ed9538e6c51d338945ce69aa96ca2ea184f582061d30,30200,30200090600,30200090697,draw_mixed_complex_IPPO_g3_ep0
audit__mixed_complex__IPPO__g3__ep01,safety_envelope_intervention_audit,mixed_complex,IPPO,training_checkpoint,3,1,4,ON,0.1,1,4,0,N/A,0,0,558,1770,0.315254237288136,0.147917,0.83796,34.9972,39.1969,1.2062,0.707165,0.885175,ce169a520d3f3260d6f6ed9538e6c51d338945ce69aa96ca2ea184f582061d30,30201,30201090604,30201090701,draw_mixed_complex_IPPO_g3_ep1
audit__mixed_complex__IPPO__g3__ep02,safety_envelope_intervention_audit,mixed_complex,IPPO,training_checkpoint,3,2,4,ON,0.1,1,4,0,N/A,0,0,570,1865,0.305630026809652,0.155923,0.843982,32.3746,36.2596,1.0611,0.68419,0.913168,ce169a520d3f3260d6f6ed9538e6c51d338945ce69aa96ca2ea184f582061d30,30202,30202090608,30202090705,draw_mixed_complex_IPPO_g3_ep2
audit__mixed_complex__IPPO__g3__ep03,safety_envelope_intervention_audit,mixed_complex,IPPO,training_checkpoint,3,3,4,ON,0.1,1,4,0,N/A,0,0,615,2001,0.307346326836582,0.161307,0.846479,32.2956,36.171,1.6741,0.693745,0.84628,ce169a520d3f3260d6f6ed9538e6c51d338945ce69aa96ca2ea184f582061d30,30203,30203090612,30203090709,draw_mixed_complex_IPPO_g3_ep3
audit__mixed_complex__IPPO__g3__ep04,safety_envelope_intervention_audit,mixed_complex,IPPO,training_checkpoint,3,4,4,ON,0.1,1,4,0,N/A,0,0,564,1907,0.295752490823283,0.159443,0.847068,32.1465,36.0041,2.3514,0.655021,0.815213,ce169a520d3f3260d6f6ed9538e6c51d338945ce69aa96ca2ea184f582061d30,30204,30204090616,30204090713,draw_mixed_complex_IPPO_g3_ep4
audit__mixed_complex__IPPO__g3__ep05,safety_envelope_intervention_audit,mixed_complex,IPPO,training_checkpoint,3,5,4,ON,0.1,1,4,0,N/A,0,0,599,1684,0.355700712589074,0.180887,0.813184,31.5679,35.356,2.2546,0.704528,0.809151,ce169a520d3f3260d6f6ed9538e6c51d338945ce69aa96ca2ea184f582061d30,30205,30205090620,30205090717,draw_mixed_complex_IPPO_g3_ep5
audit__mixed_complex__IPPO__g3__ep06,safety_envelope_intervention_audit,mixed_complex,IPPO,training_checkpoint,3,6,4,ON,0.1,1,4,0,N/A,0,0,661,2300,0.287391304347826,0.158265,0.876255,34.6161,38.7701,1.1969,0.632101,0.913329,ce169a520d3f3260d6f6ed9538e6c51d338945ce69aa96ca2ea184f582061d30,30206,30206090624,30206090721,draw_mixed_complex_IPPO_g3_ep6
audit__mixed_complex__IPPO__g3__ep07,safety_envelope_intervention_audit,mixed_complex,IPPO,training_checkpoint,3,7,4,ON,0.1,1,4,0,N/A,0,0,603,2025,0.297777777777778,0.149548,0.824071,33.6307,37.6664,1.8918,0.654074,0.821391,ce169a520d3f3260d6f6ed9538e6c51d338945ce69aa96ca2ea184f582061d30,30207,30207090628,30207090725,draw_mixed_complex_IPPO_g3_ep7
audit__mixed_complex__IPPO__g3__ep08,safety_envelope_intervention_audit,mixed_complex,IPPO,training_checkpoint,3,8,4,ON,0.1,1,4,0,N/A,0,0,632,2135,0.296018735362998,0.149214,0.84825,34.8591,39.0422,1.5691,0.696476,0.881982,ce169a520d3f3260d6f6ed9538e6c51d338945ce69aa96ca2ea184f582061d30,30208,30208090632,30208090729,draw_mixed_complex_IPPO_g3_ep8
audit__mixed_complex__IPPO__g3__ep09,safety_envelope_intervention_audit,mixed_complex,IPPO,training_checkpoint,3,9,4,ON,0.1,1,4,0,N/A,0,0,648,2045,0.316870415647922,0.145464,0.868652,34.0589,38.146,1.4311,0.657324,0.832002,ce169a520d3f3260d6f6ed9538e6c51d338945ce69aa96ca2ea184f582061d30,30209,30209090636,30209090733,draw_mixed_complex_IPPO_g3_ep9
audit__mixed_complex__IPPO__g4__ep00,safety_envelope_intervention_audit,mixed_complex,IPPO,training_checkpoint,4,0,4,ON,0.1,1,4,0,N/A,0,0,619,1880,0.329255319148936,0.155866,0.857282,33.4607,37.476,2.4432,0.708627,0.879725,02e1ff865f48369c6b477c97fb98429805282c6f474c49949d06095819b7263a,40200,40200120600,40200120697,draw_mixed_complex_IPPO_g4_ep0
audit__mixed_complex__IPPO__g4__ep01,safety_envelope_intervention_audit,mixed_complex,IPPO,training_checkpoint,4,1,4,ON,0.1,1,4,0,N/A,0,0,603,1785,0.33781512605042,0.164111,0.843249,30.1776,33.7989,1.8365,0.647864,0.826851,02e1ff865f48369c6b477c97fb98429805282c6f474c49949d06095819b7263a,40201,40201120604,40201120701,draw_mixed_complex_IPPO_g4_ep1
audit__mixed_complex__IPPO__g4__ep02,safety_envelope_intervention_audit,mixed_complex,IPPO,training_checkpoint,4,2,4,ON,0.1,1,4,0,N/A,0,0,598,1810,0.330386740331492,0.158184,0.842722,32.0447,35.89,1.3162,0.655746,0.839058,02e1ff865f48369c6b477c97fb98429805282c6f474c49949d06095819b7263a,40202,40202120608,40202120705,draw_mixed_complex_IPPO_g4_ep2
audit__mixed_complex__IPPO__g4__ep03,safety_envelope_intervention_audit,mixed_complex,IPPO,training_checkpoint,4,3,4,ON,0.1,1,4,0,N/A,0,0,622,1998,0.311311311311311,0.154373,0.813989,30.0005,33.6005,1.645,0.65087,0.865543,02e1ff865f48369c6b477c97fb98429805282c6f474c49949d06095819b7263a,40203,40203120612,40203120709,draw_mixed_complex_IPPO_g4_ep3
audit__mixed_complex__IPPO__g4__ep04,safety_envelope_intervention_audit,mixed_complex,IPPO,training_checkpoint,4,4,4,ON,0.1,1,4,0,N/A,0,0,569,1630,0.349079754601227,0.147335,0.877923,33.3673,37.3713,1.6383,0.706113,0.806063,02e1ff865f48369c6b477c97fb98429805282c6f474c49949d06095819b7263a,40204,40204120616,40204120713,draw_mixed_complex_IPPO_g4_ep4
audit__mixed_complex__IPPO__g4__ep05,safety_envelope_intervention_audit,mixed_complex,IPPO,training_checkpoint,4,5,4,ON,0.1,1,4,0,N/A,0,0,566,1752,0.323059360730594,0.164085,0.835552,34.8496,39.0315,2.0472,0.666155,0.918004,02e1ff865f48369c6b477c97fb98429805282c6f474c49949d06095819b7263a,40205,40205120620,40205120717,draw_mixed_complex_IPPO_g4_ep5
audit__mixed_complex__IPPO__g4__ep06,safety_envelope_intervention_audit,mixed_complex,IPPO,training_checkpoint,4,6,4,ON,0.1,1,4,0,N/A,0,0,601,1816,0.330947136563877,0.143561,0.814891,33.5656,37.5934,1.0351,0.709273,0.804832,02e1ff865f48369c6b477c97fb98429805282c6f474c49949d06095819b7263a,40206,40206120624,40206120721,draw_mixed_complex_IPPO_g4_ep6
audit__mixed_complex__IPPO__g4__ep07,safety_envelope_intervention_audit,mixed_complex,IPPO,training_checkpoint,4,7,4,ON,0.1,1,4,0,N/A,0,0,574,1624,0.353448275862069,0.17203,0.867747,33.4086,37.4176,2.2402,0.692602,0.82911,02e1ff865f48369c6b477c97fb98429805282c6f474c49949d06095819b7263a,40207,40207120628,40207120725,draw_mixed_complex_IPPO_g4_ep7
audit__mixed_complex__IPPO__g4__ep08,safety_envelope_intervention_audit,mixed_complex,IPPO,training_checkpoint,4,8,4,ON,0.1,1,4,0,N/A,0,0,647,1896,0.341244725738397,0.173178,0.843245,32.5853,36.4955,1.3592,0.660118,0.82617,02e1ff865f48369c6b477c97fb98429805282c6f474c49949d06095819b7263a,40208,40208120632,40208120729,draw_mixed_complex_IPPO_g4_ep8
audit__mixed_complex__IPPO__g4__ep09,safety_envelope_intervention_audit,mixed_complex,IPPO,training_checkpoint,4,9,4,ON,0.1,1,4,0,N/A,0,0,595,1771,0.33596837944664,0.173051,0.824467,34.6467,38.8043,1.159,0.708583,0.903009,02e1ff865f48369c6b477c97fb98429805282c6f474c49949d06095819b7263a,40209,40209120636,40209120733,draw_mixed_complex_IPPO_g4_ep9
audit__mixed_complex__IPPO__g5__ep00,safety_envelope_intervention_audit,mixed_complex,IPPO,training_checkpoint,5,0,4,ON,0.1,1,4,0,N/A,0,0,655,1884,0.347664543524416,0.171683,0.855583,33.3674,37.3715,2.1686,0.694012,0.835851,8cbb86c59a476f4897551199b5550973b5d2c7f74f478ce620d61d091c039f9b,50200,50200150600,50200150697,draw_mixed_complex_IPPO_g5_ep0
audit__mixed_complex__IPPO__g5__ep01,safety_envelope_intervention_audit,mixed_complex,IPPO,training_checkpoint,5,1,4,ON,0.1,1,4,0,N/A,0,0,600,1917,0.312989045383412,0.168104,0.842575,34.5006,38.6407,1.9622,0.642391,0.856598,8cbb86c59a476f4897551199b5550973b5d2c7f74f478ce620d61d091c039f9b,50201,50201150604,50201150701,draw_mixed_complex_IPPO_g5_ep1
audit__mixed_complex__IPPO__g5__ep02,safety_envelope_intervention_audit,mixed_complex,IPPO,training_checkpoint,5,2,4,ON,0.1,1,4,0,N/A,0,0,564,1779,0.317032040472175,0.162126,0.847783,30.3164,33.9543,1.3098,0.708015,0.901816,8cbb86c59a476f4897551199b5550973b5d2c7f74f478ce620d61d091c039f9b,50202,50202150608,50202150705,draw_mixed_complex_IPPO_g5_ep2
audit__mixed_complex__IPPO__g5__ep03,safety_envelope_intervention_audit,mixed_complex,IPPO,training_checkpoint,5,3,4,ON,0.1,1,4,0,N/A,0,0,582,1721,0.338175479372458,0.139904,0.841469,31.5399,35.3246,1.8426,0.660862,0.834974,8cbb86c59a476f4897551199b5550973b5d2c7f74f478ce620d61d091c039f9b,50203,50203150612,50203150709,draw_mixed_complex_IPPO_g5_ep3
audit__mixed_complex__IPPO__g5__ep04,safety_envelope_intervention_audit,mixed_complex,IPPO,training_checkpoint,5,4,4,ON,0.1,1,4,0,N/A,0,0,623,2097,0.297091082498808,0.165222,0.872766,32.2665,36.1385,1.683,0.64981,0.893272,8cbb86c59a476f4897551199b5550973b5d2c7f74f478ce620d61d091c039f9b,50204,50204150616,50204150713,draw_mixed_complex_IPPO_g5_ep4
audit__mixed_complex__IPPO__g5__ep05,safety_envelope_intervention_audit,mixed_complex,IPPO,training_checkpoint,5,5,4,ON,0.1,1,4,0,N/A,0,0,588,1933,0.304190377651319,0.151998,0.803309,30.2558,33.8865,1.9974,0.656912,0.811488,8cbb86c59a476f4897551199b5550973b5d2c7f74f478ce620d61d091c039f9b,50205,50205150620,50205150717,draw_mixed_complex_IPPO_g5_ep5
audit__mixed_complex__IPPO__g5__ep06,safety_envelope_intervention_audit,mixed_complex,IPPO,training_checkpoint,5,6,4,ON,0.1,1,4,0,N/A,0,0,600,2121,0.282885431400283,0.161931,0.832421,31.5696,35.3579,1.7613,0.662687,0.833408,8cbb86c59a476f4897551199b5550973b5d2c7f74f478ce620d61d091c039f9b,50206,50206150624,50206150721,draw_mixed_complex_IPPO_g5_ep6
audit__mixed_complex__IPPO__g5__ep07,safety_envelope_intervention_audit,mixed_complex,IPPO,training_checkpoint,5,7,4,ON,0.1,1,4,0,N/A,0,0,600,1855,0.32345013477089,0.137516,0.841537,33.1664,37.1464,1.097,0.663966,0.80413,8cbb86c59a476f4897551199b5550973b5d2c7f74f478ce620d61d091c039f9b,50207,50207150628,50207150725,draw_mixed_complex_IPPO_g5_ep7
audit__mixed_complex__IPPO__g5__ep08,safety_envelope_intervention_audit,mixed_complex,IPPO,training_checkpoint,5,8,4,ON,0.1,1,4,0,N/A,0,0,566,1730,0.327167630057804,0.166998,0.838099,34.0832,38.1732,2.3996,0.668567,0.901551,8cbb86c59a476f4897551199b5550973b5d2c7f74f478ce620d61d091c039f9b,50208,50208150632,50208150729,draw_mixed_complex_IPPO_g5_ep8
audit__mixed_complex__IPPO__g5__ep09,safety_envelope_intervention_audit,mixed_complex,IPPO,training_checkpoint,5,9,4,ON,0.1,1,4,0,N/A,0,0,558,1642,0.339829476248477,0.173943,0.82996,34.874,39.0589,1.4675,0.645951,0.87298,8cbb86c59a476f4897551199b5550973b5d2c7f74f478ce620d61d091c039f9b,50209,50209150636,50209150733,draw_mixed_complex_IPPO_g5_ep9
audit__mixed_complex__IPPO__g6__ep00,safety_envelope_intervention_audit,mixed_complex,IPPO,training_checkpoint,6,0,4,ON,0.1,1,4,0,N/A,0,0,567,1907,0.297325642370215,0.143343,0.860408,34.387,38.5134,1.5073,0.654831,0.843976,95a32e5132dcbe1c08750d056b0be52db1d5bb2ac142815c58c42064ba807fdd,60200,60200180600,60200180697,draw_mixed_complex_IPPO_g6_ep0
audit__mixed_complex__IPPO__g6__ep01,safety_envelope_intervention_audit,mixed_complex,IPPO,training_checkpoint,6,1,4,ON,0.1,1,4,0,N/A,0,0,554,1806,0.306755260243632,0.146041,0.837297,30.0878,33.6983,2.0234,0.693432,0.807407,95a32e5132dcbe1c08750d056b0be52db1d5bb2ac142815c58c42064ba807fdd,60201,60201180604,60201180701,draw_mixed_complex_IPPO_g6_ep1
audit__mixed_complex__IPPO__g6__ep02,safety_envelope_intervention_audit,mixed_complex,IPPO,training_checkpoint,6,2,4,ON,0.1,1,4,0,N/A,0,0,554,1787,0.310016787912703,0.160832,0.842331,33.3502,37.3523,1.3499,0.658185,0.863681,95a32e5132dcbe1c08750d056b0be52db1d5bb2ac142815c58c42064ba807fdd,60202,60202180608,60202180705,draw_mixed_complex_IPPO_g6_ep2
audit__mixed_complex__IPPO__g6__ep03,safety_envelope_intervention_audit,mixed_complex,IPPO,training_checkpoint,6,3,4,ON,0.1,1,4,0,N/A,0,0,528,1537,0.343526350032531,0.140056,0.861513,31.3559,35.1186,1.6171,0.654316,0.895118,95a32e5132dcbe1c08750d056b0be52db1d5bb2ac142815c58c42064ba807fdd,60203,60203180612,60203180709,draw_mixed_complex_IPPO_g6_ep3
audit__mixed_complex__IPPO__g6__ep04,safety_envelope_intervention_audit,mixed_complex,IPPO,training_checkpoint,6,4,4,ON,0.1,1,4,0,N/A,0,0,559,1866,0.29957127545552,0.172269,0.837531,33.4052,37.4139,2.3121,0.662255,0.881184,95a32e5132dcbe1c08750d056b0be52db1d5bb2ac142815c58c42064ba807fdd,60204,60204180616,60204180713,draw_mixed_complex_IPPO_g6_ep4
audit__mixed_complex__IPPO__g6__ep05,safety_envelope_intervention_audit,mixed_complex,IPPO,training_checkpoint,6,5,4,ON,0.1,1,4,0,N/A,0,0,568,1947,0.291730868002054,0.178023,0.831331,30.6767,34.3579,1.1964,0.658649,0.912782,95a32e5132dcbe1c08750d056b0be52db1d5bb2ac142815c58c42064ba807fdd,60205,60205180620,60205180717,draw_mixed_complex_IPPO_g6_ep5
audit__mixed_complex__IPPO__g6__ep06,safety_envelope_intervention_audit,mixed_complex,IPPO,training_checkpoint,6,6,4,ON,0.1,1,4,0,N/A,0,0,563,1912,0.294456066945607,0.15036,0.846275,34.857,39.0398,1.4891,0.645017,0.919994,95a32e5132dcbe1c08750d056b0be52db1d5bb2ac142815c58c42064ba807fdd,60206,60206180624,60206180721,draw_mixed_complex_IPPO_g6_ep6
audit__mixed_complex__IPPO__g6__ep07,safety_envelope_intervention_audit,mixed_complex,IPPO,training_checkpoint,6,7,4,ON,0.1,1,4,0,N/A,0,0,568,1796,0.316258351893096,0.178943,0.849119,34.1351,38.2313,1.7628,0.665971,0.808688,95a32e5132dcbe1c08750d056b0be52db1d5bb2ac142815c58c42064ba807fdd,60207,60207180628,60207180725,draw_mixed_complex_IPPO_g6_ep7
audit__mixed_complex__IPPO__g6__ep08,safety_envelope_intervention_audit,mixed_complex,IPPO,training_checkpoint,6,8,4,ON,0.1,1,4,0,N/A,0,0,534,1875,0.2848,0.181359,0.843241,31.5917,35.3827,1.0295,0.64046,0.839366,95a32e5132dcbe1c08750d056b0be52db1d5bb2ac142815c58c42064ba807fdd,60208,60208180632,60208180729,draw_mixed_complex_IPPO_g6_ep8
audit__mixed_complex__IPPO__g6__ep09,safety_envelope_intervention_audit,mixed_complex,IPPO,training_checkpoint,6,9,4,ON,0.1,1,4,0,N/A,0,0,573,2058,0.278425655976676,0.156941,0.791664,30.829,34.5285,2.4211,0.70258,0.90242,95a32e5132dcbe1c08750d056b0be52db1d5bb2ac142815c58c42064ba807fdd,60209,60209180636,60209180733,draw_mixed_complex_IPPO_g6_ep9
audit__mixed_complex__IPPO__g7__ep00,safety_envelope_intervention_audit,mixed_complex,IPPO,training_checkpoint,7,0,4,ON,0.1,1,4,0,N/A,0,0,591,1823,0.324190894130554,0.155077,0.840373,34.6015,38.7536,1.774,0.661141,0.851379,91f906bcfcc33f0f6bf1ea48306af9c328fe32521dd39676cdf7fa55ff254b0f,70200,70200210600,70200210697,draw_mixed_complex_IPPO_g7_ep0
audit__mixed_complex__IPPO__g7__ep01,safety_envelope_intervention_audit,mixed_complex,IPPO,training_checkpoint,7,1,4,ON,0.1,1,4,0,N/A,0,0,561,1909,0.293871136720796,0.165699,0.830009,33.2303,37.2179,1.6364,0.638997,0.849382,91f906bcfcc33f0f6bf1ea48306af9c328fe32521dd39676cdf7fa55ff254b0f,70201,70201210604,70201210701,draw_mixed_complex_IPPO_g7_ep1
audit__mixed_complex__IPPO__g7__ep02,safety_envelope_intervention_audit,mixed_complex,IPPO,training_checkpoint,7,2,4,ON,0.1,1,4,0,N/A,0,0,508,1714,0.296382730455076,0.163462,0.843747,33.7084,37.7534,1.583,0.637939,0.850834,91f906bcfcc33f0f6bf1ea48306af9c328fe32521dd39676cdf7fa55ff254b0f,70202,70202210608,70202210705,draw_mixed_complex_IPPO_g7_ep2
audit__mixed_complex__IPPO__g7__ep03,safety_envelope_intervention_audit,mixed_complex,IPPO,training_checkpoint,7,3,4,ON,0.1,1,4,0,N/A,0,0,575,1867,0.307980717728977,0.140412,0.836559,31.0289,34.7524,2.0678,0.699134,0.812052,91f906bcfcc33f0f6bf1ea48306af9c328fe32521dd39676cdf7fa55ff254b0f,70203,70203210612,70203210709,draw_mixed_complex_IPPO_g7_ep3
audit__mixed_complex__IPPO__g7__ep04,safety_envelope_intervention_audit,mixed_complex,IPPO,training_checkpoint,7,4,4,ON,0.1,1,4,0,N/A,0,0,575,1947,0.29532614278377,0.162978,0.850866,33.3371,37.3375,2.4277,0.700707,0.83602,91f906bcfcc33f0f6bf1ea48306af9c328fe32521dd39676cdf7fa55ff254b0f,70204,70204210616,70204210713,draw_mixed_complex_IPPO_g7_ep4
audit__mixed_complex__IPPO__g7__ep05,safety_envelope_intervention_audit,mixed_complex,IPPO,training_checkpoint,7,5,4,ON,0.1,1,4,0,N/A,0,0,545,1663,0.327720986169573,0.147823,0.832337,30.6957,34.3791,2.1951,0.660971,0.88721,91f906bcfcc33f0f6bf1ea48306af9c328fe32521dd39676cdf7fa55ff254b0f,70205,70205210620,70205210717,draw_mixed_complex_IPPO_g7_ep5
audit__mixed_complex__IPPO__g7__ep06,safety_envelope_intervention_audit,mixed_complex,IPPO,training_checkpoint,7,6,4,ON,0.1,1,4,0,N/A,0,0,549,1666,0.32953181272509,0.160991,0.831628,31.6754,35.4765,2.1806,0.657464,0.800885,91f906bcfcc33f0f6bf1ea48306af9c328fe32521dd39676cdf7fa55ff254b0f,70206,70206210624,70206210721,draw_mixed_complex_IPPO_g7_ep6
audit__mixed_complex__IPPO__g7__ep07,safety_envelope_intervention_audit,mixed_complex,IPPO,training_checkpoint,7,7,4,ON,0.1,1,4,0,N/A,0,0,547,1786,0.306270996640537,0.180965,0.827126,31.688,35.4906,1.848,0.682275,0.900984,91f906bcfcc33f0f6bf1ea48306af9c328fe32521dd39676cdf7fa55ff254b0f,70207,70207210628,70207210725,draw_mixed_complex_IPPO_g7_ep7
audit__mixed_complex__IPPO__g7__ep08,safety_envelope_intervention_audit,mixed_complex,IPPO,training_checkpoint,7,8,4,ON,0.1,1,4,0,N/A,0,0,566,1896,0.298523206751055,0.167948,0.839059,31.0864,34.8168,2.342,0.651263,0.835824,91f906bcfcc33f0f6bf1ea48306af9c328fe32521dd39676cdf7fa55ff254b0f,70208,70208210632,70208210729,draw_mixed_complex_IPPO_g7_ep8
audit__mixed_complex__IPPO__g7__ep09,safety_envelope_intervention_audit,mixed_complex,IPPO,training_checkpoint,7,9,4,ON,0.1,1,4,0,N/A,0,0,581,1899,0.305950500263297,0.165627,0.876996,34.4126,38.5421,1.4961,0.696055,0.881178,91f906bcfcc33f0f6bf1ea48306af9c328fe32521dd39676cdf7fa55ff254b0f,70209,70209210636,70209210733,draw_mixed_complex_IPPO_g7_ep9
audit__static_clutter__MAPPO__g0__ep00,safety_envelope_intervention_audit,static_clutter,MAPPO,training_checkpoint,0,0,4,ON,0.1,1,4,0,N/A,0,N/A,372,1587,0.234404536862004,0.119588,1.009,34.1503,38.2483,1.8481,0.674612,N/A,ec1c383b4649fd531346da64525d395fd2beca8789ffa7fbd7a970cde43fc117,0,0,N/A (no pedestrians),draw_static_clutter_MAPPO_g0_ep0
audit__static_clutter__MAPPO__g0__ep01,safety_envelope_intervention_audit,static_clutter,MAPPO,training_checkpoint,0,1,4,ON,0.1,1,4,0,N/A,0,N/A,393,1393,0.282124910265614,0.107978,0.989,31.6304,35.426,2.2013,0.646078,N/A,ec1c383b4649fd531346da64525d395fd2beca8789ffa7fbd7a970cde43fc117,1,1000004,N/A (no pedestrians),draw_static_clutter_MAPPO_g0_ep1
audit__static_clutter__MAPPO__g0__ep02,safety_envelope_intervention_audit,static_clutter,MAPPO,training_checkpoint,0,2,4,ON,0.1,1,4,0,N/A,0,N/A,386,1634,0.236230110159119,0.107124,0.999,32.4846,36.3828,1.808,0.663108,N/A,ec1c383b4649fd531346da64525d395fd2beca8789ffa7fbd7a970cde43fc117,2,2000008,N/A (no pedestrians),draw_static_clutter_MAPPO_g0_ep2
audit__static_clutter__MAPPO__g0__ep03,safety_envelope_intervention_audit,static_clutter,MAPPO,training_checkpoint,0,3,4,ON,0.1,1,4,0,N/A,0,N/A,375,1431,0.262054507337526,0.097367,0.999,31.5261,35.3092,1.1684,0.702592,N/A,ec1c383b4649fd531346da64525d395fd2beca8789ffa7fbd7a970cde43fc117,3,3000012,N/A (no pedestrians),draw_static_clutter_MAPPO_g0_ep3
audit__static_clutter__MAPPO__g0__ep04,safety_envelope_intervention_audit,static_clutter,MAPPO,training_checkpoint,0,4,4,ON,0.1,1,4,0,N/A,0,N/A,377,1486,0.253701211305518,0.106647,0.999,31.243,34.9921,1.1988,0.678305,N/A,ec1c383b4649fd531346da64525d395fd2beca8789ffa7fbd7a970cde43fc117,4,4000016,N/A (no pedestrians),draw_static_clutter_MAPPO_g0_ep4
audit__static_clutter__MAPPO__g0__ep05,safety_envelope_intervention_audit,static_clutter,MAPPO,training_checkpoint,0,5,4,ON,0.1,1,4,0,N/A,0,N/A,385,1495,0.25752508361204,0.117374,0.999,34.6004,38.7524,1.4018,0.688949,N/A,ec1c383b4649fd531346da64525d395fd2beca8789ffa7fbd7a970cde43fc117,5,5000020,N/A (no pedestrians),draw_static_clutter_MAPPO_g0_ep5
audit__static_clutter__MAPPO__g0__ep06,safety_envelope_intervention_audit,static_clutter,MAPPO,training_checkpoint,0,6,4,ON,0.1,1,4,0,N/A,0,N/A,378,1584,0.238636363636364,0.110615,0.999,34.0261,38.1092,1.6702,0.654994,N/A,ec1c383b4649fd531346da64525d395fd2beca8789ffa7fbd7a970cde43fc117,6,6000024,N/A (no pedestrians),draw_static_clutter_MAPPO_g0_ep6
audit__static_clutter__MAPPO__g0__ep07,safety_envelope_intervention_audit,static_clutter,MAPPO,training_checkpoint,0,7,4,ON,0.1,1,4,0,N/A,0,N/A,356,1442,0.246879334257975,0.112707,0.999,34.3379,38.4584,2.137,0.631182,N/A,ec1c383b4649fd531346da64525d395fd2beca8789ffa7fbd7a970cde43fc117,7,7000028,N/A (no pedestrians),draw_static_clutter_MAPPO_g0_ep7
audit__static_clutter__MAPPO__g0__ep08,safety_envelope_intervention_audit,static_clutter,MAPPO,training_checkpoint,0,8,4,ON,0.1,1,4,0,N/A,0,N/A,402,1642,0.244823386114495,0.117477,0.999,33.682,37.7238,1.4498,0.664685,N/A,ec1c383b4649fd531346da64525d395fd2beca8789ffa7fbd7a970cde43fc117,8,8000032,N/A (no pedestrians),draw_static_clutter_MAPPO_g0_ep8
audit__static_clutter__MAPPO__g0__ep09,safety_envelope_intervention_audit,static_clutter,MAPPO,training_checkpoint,0,9,4,ON,0.1,1,4,0,N/A,0,N/A,382,1489,0.256548018804567,0.111092,0.999,32.5406,36.4455,1.8289,0.652033,N/A,ec1c383b4649fd531346da64525d395fd2beca8789ffa7fbd7a970cde43fc117,9,9000036,N/A (no pedestrians),draw_static_clutter_MAPPO_g0_ep9
audit__static_clutter__MAPPO__g1__ep00,safety_envelope_intervention_audit,static_clutter,MAPPO,training_checkpoint,1,0,4,ON,0.1,1,4,0,N/A,0,N/A,479,1626,0.294587945879459,0.127471,1.009,32.2746,36.1476,1.0417,0.677887,N/A,321f4caa0245b40b17f57578eafff31f67d31111f5f6185b74e7150ac54a2c09,10000,10000030000,N/A (no pedestrians),draw_static_clutter_MAPPO_g1_ep0
audit__static_clutter__MAPPO__g1__ep01,safety_envelope_intervention_audit,static_clutter,MAPPO,training_checkpoint,1,1,4,ON,0.1,1,4,0,N/A,0,N/A,455,1469,0.309734513274336,0.118603,0.989,32.522,36.4246,1.9639,0.696811,N/A,321f4caa0245b40b17f57578eafff31f67d31111f5f6185b74e7150ac54a2c09,10001,10001030004,N/A (no pedestrians),draw_static_clutter_MAPPO_g1_ep1
audit__static_clutter__MAPPO__g1__ep02,safety_envelope_intervention_audit,static_clutter,MAPPO,training_checkpoint,1,2,4,ON,0.1,1,4,0,N/A,0,N/A,484,1481,0.326806212018906,0.103281,0.999,33.2123,37.1978,1.0033,0.696611,N/A,321f4caa0245b40b17f57578eafff31f67d31111f5f6185b74e7150ac54a2c09,10002,10002030008,N/A (no pedestrians),draw_static_clutter_MAPPO_g1_ep2
audit__static_clutter__MAPPO__g1__ep03,safety_envelope_intervention_audit,static_clutter,MAPPO,training_checkpoint,1,3,4,ON,0.1,1,4,0,N/A,0,N/A,495,1565,0.31629392971246,0.121813,0.999,30.3592,34.0024,1.3508,0.687342,N/A,321f4caa0245b40b17f57578eafff31f67d31111f5f6185b74e7150ac54a2c09,10003,10003030012,N/A (no pedestrians),draw_static_clutter_MAPPO_g1_ep3
audit__static_clutter__MAPPO__g1__ep04,safety_envelope_intervention_audit,static_clutter,MAPPO,training_checkpoint,1,4,4,ON,0.1,1,4,0,N/A,0,N/A,460,1517,0.30323005932762,0.118051,0.999,31.1023,34.8346,2.3509,0.669702,N/A,321f4caa0245b40b17f57578eafff31f67d31111f5f6185b74e7150ac54a2c09,10004,10004030016,N/A (no pedestrians),draw_static_clutter_MAPPO_g1_ep4
audit__static_clutter__MAPPO__g1__ep05,safety_envelope_intervention_audit,static_clutter,MAPPO,training_checkpoint,1,5,4,ON,0.1,1,4,0,N/A,0,N/A,487,1483,0.328388401888065,0.125358,0.999,33.7155,37.7614,2.3451,0.652708,N/A,321f4caa0245b40b17f57578eafff31f67d31111f5f6185b74e7150ac54a2c09,10005,10005030020,N/A (no pedestrians),draw_static_clutter_MAPPO_g1_ep5
audit__static_clutter__MAPPO__g1__ep06,safety_envelope_intervention_audit,static_clutter,MAPPO,training_checkpoint,1,6,4,ON,0.1,1,4,0,N/A,0,N/A,459,1464,0.313524590163934,0.109144,0.999,30.3034,33.9398,1.4085,0.636525,N/A,321f4caa0245b40b17f57578eafff31f67d31111f5f6185b74e7150ac54a2c09,10006,10006030024,N/A (no pedestrians),draw_static_clutter_MAPPO_g1_ep6
audit__static_clutter__MAPPO__g1__ep07,safety_envelope_intervention_audit,static_clutter,MAPPO,training_checkpoint,1,7,4,ON,0.1,1,4,0,N/A,0,N/A,481,1594,0.301756587202007,0.107814,0.999,33.219,37.2052,1.9793,0.691752,N/A,321f4caa0245b40b17f57578eafff31f67d31111f5f6185b74e7150ac54a2c09,10007,10007030028,N/A (no pedestrians),draw_static_clutter_MAPPO_g1_ep7
audit__static_clutter__MAPPO__g1__ep08,safety_envelope_intervention_audit,static_clutter,MAPPO,training_checkpoint,1,8,4,ON,0.1,1,4,0,N/A,0,N/A,475,1559,0.304682488774856,0.131919,0.999,31.9018,35.73,1.3479,0.656191,N/A,321f4caa0245b40b17f57578eafff31f67d31111f5f6185b74e7150ac54a2c09,10008,10008030032,N/A (no pedestrians),draw_static_clutter_MAPPO_g1_ep8
audit__static_clutter__MAPPO__g1__ep09,safety_envelope_intervention_audit,static_clutter,MAPPO,training_checkpoint,1,9,4,ON,0.1,1,4,0,N/A,0,N/A,473,1452,0.325757575757576,0.13115,0.999,32.0168,35.8588,1.8495,0.686371,N/A,321f4caa0245b40b17f57578eafff31f67d31111f5f6185b74e7150ac54a2c09,10009,10009030036,N/A (no pedestrians),draw_static_clutter_MAPPO_g1_ep9
audit__static_clutter__MAPPO__g2__ep00,safety_envelope_intervention_audit,static_clutter,MAPPO,training_checkpoint,2,0,4,ON,0.1,1,4,0,N/A,0,N/A,378,1538,0.245773732119636,0.138889,1.009,31.0814,34.8111,1.1569,0.683525,N/A,6a0bd037f8697b5eeac73779131a2229fbd81cd7b7caaf3ba8127a7e59942fe5,20000,20000060000,N/A (no pedestrians),draw_static_clutter_MAPPO_g2_ep0
audit__static_clutter__MAPPO__g2__ep01,safety_envelope_intervention_audit,static_clutter,MAPPO,training_checkpoint,2,1,4,ON,0.1,1,4,0,N/A,0,N/A,393,1390,0.28273381294964,0.138623,0.989,30.3072,33.944,1.7931,0.646514,N/A,6a0bd037f8697b5eeac73779131a2229fbd81cd7b7caaf3ba8127a7e59942fe5,20001,20001060004,N/A (no pedestrians),draw_static_clutter_MAPPO_g2_ep1
audit__static_clutter__MAPPO__g2__ep02,safety_envelope_intervention_audit,static_clutter,MAPPO,training_checkpoint,2,2,4,ON,0.1,1,4,0,N/A,0,N/A,378,1517,0.249176005273566,0.140344,0.999,32.4955,36.3949,1.2255,0.665263,N/A,6a0bd037f8697b5eeac73779131a2229fbd81cd7b7caaf3ba8127a7e59942fe5,20002,20002060008,N/A (no pedestrians),draw_static_clutter_MAPPO_g2_ep2
audit__static_clutter__MAPPO__g2__ep03,safety_envelope_intervention_audit,static_clutter,MAPPO,training_checkpoint,2,3,4,ON,0.1,1,4,0,N/A,0,N/A,407,1449,0.28088336783989,0.128819,0.999,31.8553,35.678,1.1716,0.638136,N/A,6a0bd037f8697b5eeac73779131a2229fbd81cd7b7caaf3ba8127a7e59942fe5,20003,20003060012,N/A (no pedestrians),draw_static_clutter_MAPPO_g2_ep3
audit__static_clutter__MAPPO__g2__ep04,safety_envelope_intervention_audit,static_clutter,MAPPO,training_checkpoint,2,4,4,ON,0.1,1,4,0,N/A,0,N/A,401,1564,0.256393861892583,0.121223,0.999,30.1908,33.8137,2.0224,0.653448,N/A,6a0bd037f8697b5eeac73779131a2229fbd81cd7b7caaf3ba8127a7e59942fe5,20004,20004060016,N/A (no pedestrians),draw_static_clutter_MAPPO_g2_ep4
audit__static_clutter__MAPPO__g2__ep05,safety_envelope_intervention_audit,static_clutter,MAPPO,training_checkpoint,2,5,4,ON,0.1,1,4,0,N/A,0,N/A,389,1366,0.284773060029283,0.143798,0.999,31.7512,35.5613,1.8495,0.681917,N/A,6a0bd037f8697b5eeac73779131a2229fbd81cd7b7caaf3ba8127a7e59942fe5,20005,20005060020,N/A (no pedestrians),draw_static_clutter_MAPPO_g2_ep5
audit__static_clutter__MAPPO__g2__ep06,safety_envelope_intervention_audit,static_clutter,MAPPO,training_checkpoint,2,6,4,ON,0.1,1,4,0,N/A,0,N/A,360,1298,0.277349768875193,0.127558,0.999,33.8271,37.8864,1.4574,0.680296,N/A,6a0bd037f8697b5eeac73779131a2229fbd81cd7b7caaf3ba8127a7e59942fe5,20006,20006060024,N/A (no pedestrians),draw_static_clutter_MAPPO_g2_ep6
audit__static_clutter__MAPPO__g2__ep07,safety_envelope_intervention_audit,static_clutter,MAPPO,training_checkpoint,2,7,4,ON,0.1,1,4,0,N/A,0,N/A,415,1439,0.288394718554552,0.132704,0.999,30.9071,34.6159,1.7847,0.689222,N/A,6a0bd037f8697b5eeac73779131a2229fbd81cd7b7caaf3ba8127a7e59942fe5,20007,20007060028,N/A (no pedestrians),draw_static_clutter_MAPPO_g2_ep7
audit__static_clutter__MAPPO__g2__ep08,safety_envelope_intervention_audit,static_clutter,MAPPO,training_checkpoint,2,8,4,ON,0.1,1,4,0,N/A,0,N/A,402,1354,0.296898079763663,0.139301,0.999,33.0957,37.0671,1.6695,0.673821,N/A,6a0bd037f8697b5eeac73779131a2229fbd81cd7b7caaf3ba8127a7e59942fe5,20008,20008060032,N/A (no pedestrians),draw_static_clutter_MAPPO_g2_ep8
audit__static_clutter__MAPPO__g2__ep09,safety_envelope_intervention_audit,static_clutter,MAPPO,training_checkpoint,2,9,4,ON,0.1,1,4,0,N/A,0,N/A,416,1343,0.309754281459419,0.134925,0.999,31.3142,35.0719,1.2192,0.645657,N/A,6a0bd037f8697b5eeac73779131a2229fbd81cd7b7caaf3ba8127a7e59942fe5,20009,20009060036,N/A (no pedestrians),draw_static_clutter_MAPPO_g2_ep9
audit__static_clutter__MAPPO__g3__ep00,safety_envelope_intervention_audit,static_clutter,MAPPO,training_checkpoint,3,0,4,ON,0.1,1,4,0,N/A,0,N/A,496,1519,0.326530612244898,0.127104,1.009,31.5597,35.3468,2.4531,0.641145,N/A,719530eb98e793eb5a65cd49772fe7dffecf6aae016fcf70507b708c346a2fe1,30000,30000090000,N/A (no pedestrians),draw_static_clutter_MAPPO_g3_ep0
audit__static_clutter__MAPPO__g3__ep01,safety_envelope_intervention_audit,static_clutter,MAPPO,training_checkpoint,3,1,4,ON,0.1,1,4,0,N/A,0,N/A,541,1749,0.309319611206404,0.115086,0.989,30.9161,34.626,2.2299,0.687459,N/A,719530eb98e793eb5a65cd49772fe7dffecf6aae016fcf70507b708c346a2fe1,30001,30001090004,N/A (no pedestrians),draw_static_clutter_MAPPO_g3_ep1
audit__static_clutter__MAPPO__g3__ep02,safety_envelope_intervention_audit,static_clutter,MAPPO,training_checkpoint,3,2,4,ON,0.1,1,4,0,N/A,0,N/A,543,1772,0.306433408577878,0.111728,0.999,34.2893,38.404,1.8301,0.647949,N/A,719530eb98e793eb5a65cd49772fe7dffecf6aae016fcf70507b708c346a2fe1,30002,30002090008,N/A (no pedestrians),draw_static_clutter_MAPPO_g3_ep2
audit__static_clutter__MAPPO__g3__ep03,safety_envelope_intervention_audit,static_clutter,MAPPO,training_checkpoint,3,3,4,ON,0.1,1,4,0,N/A,0,N/A,578,1856,0.311422413793103,0.12375,0.999,31.1464,34.884,1.1708,0.699429,N/A,719530eb98e793eb5a65cd49772fe7dffecf6aae016fcf70507b708c346a2fe1,30003,30003090012,N/A (no pedestrians),draw_static_clutter_MAPPO_g3_ep3
audit__static_clutter__MAPPO__g3__ep04,safety_envelope_intervention_audit,static_clutter,MAPPO,training_checkpoint,3,4,4,ON,0.1,1,4,0,N/A,0,N/A,559,1736,0.322004608294931,0.107403,0.999,30.103,33.7154,1.2306,0.692566,N/A,719530eb98e793eb5a65cd49772fe7dffecf6aae016fcf70507b708c346a2fe1,30004,30004090016,N/A (no pedestrians),draw_static_clutter_MAPPO_g3_ep4
audit__static_clutter__MAPPO__g3__ep05,safety_envelope_intervention_audit,static_clutter,MAPPO,training_checkpoint,3,5,4,ON,0.1,1,4,0,N/A,0,N/A,470,1490,0.315436241610738,0.123443,0.999,30.4962,34.1558,2.1851,0.645723,N/A,719530eb98e793eb5a65cd49772fe7dffecf6aae016fcf70507b708c346a2fe1,30005,30005090020,N/A (no pedestrians),draw_static_clutter_MAPPO_g3_ep5
audit__static_clutter__MAPPO__g3__ep06,safety_envelope_intervention_audit,static_clutter,MAPPO,training_checkpoint,3,6,4,ON,0.1,1,4,0,N/A,0,N/A,502,1586,0.316519546027743,0.127022,0.999,32.7149,36.6407,1.6587,0.683713,N/A,719530eb98e793eb5a65cd49772fe7dffecf6aae016fcf70507b708c346a2fe1,30006,30006090024,N/A (no pedestrians),draw_static_clutter_MAPPO_g3_ep6
audit__static_clutter__MAPPO__g3__ep07,safety_envelope_intervention_audit,static_clutter,MAPPO,training_checkpoint,3,7,4,ON,0.1,1,4,0,N/A,0,N/A,533,1782,0.299102132435466,0.118831,0.999,31.6659,35.4658,2.4685,0.657919,N/A,719530eb98e793eb5a65cd49772fe7dffecf6aae016fcf70507b708c346a2fe1,30007,30007090028,N/A (no pedestrians),draw_static_clutter_MAPPO_g3_ep7
audit__static_clutter__MAPPO__g3__ep08,safety_envelope_intervention_audit,static_clutter,MAPPO,training_checkpoint,3,8,4,ON,0.1,1,4,0,N/A,0,N/A,544,1748,0.311212814645309,0.122146,0.999,32.626,36.5411,2.4284,0.637687,N/A,719530eb98e793eb5a65cd49772fe7dffecf6aae016fcf70507b708c346a2fe1,30008,30008090032,N/A (no pedestrians),draw_static_clutter_MAPPO_g3_ep8
audit__static_clutter__MAPPO__g3__ep09,safety_envelope_intervention_audit,static_clutter,MAPPO,training_checkpoint,3,9,4,ON,0.1,1,4,0,N/A,0,N/A,501,1537,0.325959661678595,0.120219,0.999,34.9333,39.1253,1.1843,0.654502,N/A,719530eb98e793eb5a65cd49772fe7dffecf6aae016fcf70507b708c346a2fe1,30009,30009090036,N/A (no pedestrians),draw_static_clutter_MAPPO_g3_ep9
audit__static_clutter__MAPPO__g4__ep00,safety_envelope_intervention_audit,static_clutter,MAPPO,training_checkpoint,4,0,4,ON,0.1,1,4,0,N/A,0,N/A,330,1182,0.279187817258883,0.12045,1.009,32.6053,36.518,2.0261,0.69085,N/A,840482c27686e25edc4533601879d72af9f5e2173bf0e8e5130a49ebff58043b,40000,40000120000,N/A (no pedestrians),draw_static_clutter_MAPPO_g4_ep0
audit__static_clutter__MAPPO__g4__ep01,safety_envelope_intervention_audit,static_clutter,MAPPO,training_checkpoint,4,1,4,ON,0.1,1,4,0,N/A,0,N/A,282,940,0.3,0.121178,0.989,32.3716,36.2562,2.0722,0.650743,N/A,840482c27686e25edc4533601879d72af9f5e2173bf0e8e5130a49ebff58043b,40001,40001120004,N/A (no pedestrians),draw_static_clutter_MAPPO_g4_ep1
audit__static_clutter__MAPPO__g4__ep02,safety_envelope_intervention_audit,static_clutter,MAPPO,training_checkpoint,4,2,4,ON,0.1,1,4,0,N/A,0,N/A,296,1134,0.261022927689594,0.147787,0.999,32.8975,36.8452,1.8162,0.683899,N/A,840482c27686e25edc4533601879d72af9f5e2173bf0e8e5130a49ebff58043b,40002,40002120008,N/A (no pedestrians),draw_static_clutter_MAPPO_g4_ep2
audit__static_clutter__MAPPO__g4__ep03,safety_envelope_intervention_audit,static_clutter,MAPPO,training_checkpoint,4,3,4,ON,0.1,1,4,0,N/A,0,N/A,300,1088,0.275735294117647,0.14559,0.999,33.696,37.7396,2.4074,0.65593,N/A,840482c27686e25edc4533601879d72af9f5e2173bf0e8e5130a49ebff58043b,40003,40003120012,N/A (no pedestrians),draw_static_clutter_MAPPO_g4_ep3
audit__static_clutter__MAPPO__g4__ep04,safety_envelope_intervention_audit,static_clutter,MAPPO,training_checkpoint,4,4,4,ON,0.1,1,4,0,N/A,0,N/A,304,1130,0.269026548672566,0.129569,0.999,33.8341,37.8942,1.0904,0.675594,N/A,840482c27686e25edc4533601879d72af9f5e2173bf0e8e5130a49ebff58043b,40004,40004120016,N/A (no pedestrians),draw_static_clutter_MAPPO_g4_ep4
audit__static_clutter__MAPPO__g4__ep05,safety_envelope_intervention_audit,static_clutter,MAPPO,training_checkpoint,4,5,4,ON,0.1,1,4,0,N/A,0,N/A,324,1210,0.267768595041322,0.136778,0.999,31.4365,35.2089,1.9331,0.684778,N/A,840482c27686e25edc4533601879d72af9f5e2173bf0e8e5130a49ebff58043b,40005,40005120020,N/A (no pedestrians),draw_static_clutter_MAPPO_g4_ep5
audit__static_clutter__MAPPO__g4__ep06,safety_envelope_intervention_audit,static_clutter,MAPPO,training_checkpoint,4,6,4,ON,0.1,1,4,0,N/A,0,N/A,300,1142,0.262697022767075,0.130803,0.999,31.6644,35.4641,2.4384,0.673547,N/A,840482c27686e25edc4533601879d72af9f5e2173bf0e8e5130a49ebff58043b,40006,40006120024,N/A (no pedestrians),draw_static_clutter_MAPPO_g4_ep6
audit__static_clutter__MAPPO__g4__ep07,safety_envelope_intervention_audit,static_clutter,MAPPO,training_checkpoint,4,7,4,ON,0.1,1,4,0,N/A,0,N/A,304,1058,0.287334593572779,0.149587,0.999,33.3714,37.376,1.8569,0.630577,N/A,840482c27686e25edc4533601879d72af9f5e2173bf0e8e5130a49ebff58043b,40007,40007120028,N/A (no pedestrians),draw_static_clutter_MAPPO_g4_ep7
audit__static_clutter__MAPPO__g4__ep08,safety_envelope_intervention_audit,static_clutter,MAPPO,training_checkpoint,4,8,4,ON,0.1,1,4,0,N/A,0,N/A,331,1144,0.289335664335664,0.136918,0.999,30.8617,34.5651,1.6761,0.64466,N/A,840482c27686e25edc4533601879d72af9f5e2173bf0e8e5130a49ebff58043b,40008,40008120032,N/A (no pedestrians),draw_static_clutter_MAPPO_g4_ep8
audit__static_clutter__MAPPO__g4__ep09,safety_envelope_intervention_audit,static_clutter,MAPPO,training_checkpoint,4,9,4,ON,0.1,1,4,0,N/A,0,N/A,306,1078,0.283858998144712,0.136133,0.999,31.9474,35.7811,2.459,0.66528,N/A,840482c27686e25edc4533601879d72af9f5e2173bf0e8e5130a49ebff58043b,40009,40009120036,N/A (no pedestrians),draw_static_clutter_MAPPO_g4_ep9
audit__static_clutter__MAPPO__g5__ep00,safety_envelope_intervention_audit,static_clutter,MAPPO,training_checkpoint,5,0,4,ON,0.1,1,4,0,N/A,0,N/A,426,1781,0.239191465468838,0.151187,1.009,33.4919,37.5109,1.7527,0.64769,N/A,a3c26d6f95db7d9cd8142bb14d4501f05c5894c92a3ea977c6fa12033aa48b39,50000,50000150000,N/A (no pedestrians),draw_static_clutter_MAPPO_g5_ep0
audit__static_clutter__MAPPO__g5__ep01,safety_envelope_intervention_audit,static_clutter,MAPPO,training_checkpoint,5,1,4,ON,0.1,1,4,0,N/A,0,N/A,395,1574,0.250952986022872,0.149226,0.989,30.4869,34.1453,1.2406,0.698129,N/A,a3c26d6f95db7d9cd8142bb14d4501f05c5894c92a3ea977c6fa12033aa48b39,50001,50001150004,N/A (no pedestrians),draw_static_clutter_MAPPO_g5_ep1
audit__static_clutter__MAPPO__g5__ep02,safety_envelope_intervention_audit,static_clutter,MAPPO,training_checkpoint,5,2,4,ON,0.1,1,4,0,N/A,0,N/A,447,1946,0.229701952723535,0.143936,0.999,32.1424,35.9995,1.3988,0.667818,N/A,a3c26d6f95db7d9cd8142bb14d4501f05c5894c92a3ea977c6fa12033aa48b39,50002,50002150008,N/A (no pedestrians),draw_static_clutter_MAPPO_g5_ep2
audit__static_clutter__MAPPO__g5__ep03,safety_envelope_intervention_audit,static_clutter,MAPPO,training_checkpoint,5,3,4,ON,0.1,1,4,0,N/A,0,N/A,419,2036,0.205795677799607,0.13279,0.999,30.4475,34.1012,2.1972,0.678496,N/A,a3c26d6f95db7d9cd8142bb14d4501f05c5894c92a3ea977c6fa12033aa48b39,50003,50003150012,N/A (no pedestrians),draw_static_clutter_MAPPO_g5_ep3
audit__static_clutter__MAPPO__g5__ep04,safety_envelope_intervention_audit,static_clutter,MAPPO,training_checkpoint,5,4,4,ON,0.1,1,4,0,N/A,0,N/A,386,1733,0.222735141373341,0.145256,0.999,34.4127,38.5422,2.44,0.676066,N/A,a3c26d6f95db7d9cd8142bb14d4501f05c5894c92a3ea977c6fa12033aa48b39,50004,50004150016,N/A (no pedestrians),draw_static_clutter_MAPPO_g5_ep4
audit__static_clutter__MAPPO__g5__ep05,safety_envelope_intervention_audit,static_clutter,MAPPO,training_checkpoint,5,5,4,ON,0.1,1,4,0,N/A,0,N/A,406,1669,0.243259436788496,0.141296,0.999,30.8061,34.5028,1.5386,0.700423,N/A,a3c26d6f95db7d9cd8142bb14d4501f05c5894c92a3ea977c6fa12033aa48b39,50005,50005150020,N/A (no pedestrians),draw_static_clutter_MAPPO_g5_ep5
audit__static_clutter__MAPPO__g5__ep06,safety_envelope_intervention_audit,static_clutter,MAPPO,training_checkpoint,5,6,4,ON,0.1,1,4,0,N/A,0,N/A,424,1800,0.235555555555555,0.134181,0.999,30.5145,34.1762,2.0699,0.683254,N/A,a3c26d6f95db7d9cd8142bb14d4501f05c5894c92a3ea977c6fa12033aa48b39,50006,50006150024,N/A (no pedestrians),draw_static_clutter_MAPPO_g5_ep6
audit__static_clutter__MAPPO__g5__ep07,safety_envelope_intervention_audit,static_clutter,MAPPO,training_checkpoint,5,7,4,ON,0.1,1,4,0,N/A,0,N/A,423,1766,0.239524348810872,0.129581,0.999,33.9491,38.023,1.7426,0.678543,N/A,a3c26d6f95db7d9cd8142bb14d4501f05c5894c92a3ea977c6fa12033aa48b39,50007,50007150028,N/A (no pedestrians),draw_static_clutter_MAPPO_g5_ep7
audit__static_clutter__MAPPO__g5__ep08,safety_envelope_intervention_audit,static_clutter,MAPPO,training_checkpoint,5,8,4,ON,0.1,1,4,0,N/A,0,N/A,394,1587,0.248267170762445,0.137363,0.999,31.669,35.4693,1.5617,0.698583,N/A,a3c26d6f95db7d9cd8142bb14d4501f05c5894c92a3ea977c6fa12033aa48b39,50008,50008150032,N/A (no pedestrians),draw_static_clutter_MAPPO_g5_ep8
audit__static_clutter__MAPPO__g5__ep09,safety_envelope_intervention_audit,static_clutter,MAPPO,training_checkpoint,5,9,4,ON,0.1,1,4,0,N/A,0,N/A,452,1936,0.233471074380165,0.142165,0.999,31.7885,35.6031,1.371,0.643464,N/A,a3c26d6f95db7d9cd8142bb14d4501f05c5894c92a3ea977c6fa12033aa48b39,50009,50009150036,N/A (no pedestrians),draw_static_clutter_MAPPO_g5_ep9
audit__static_clutter__MAPPO__g6__ep00,safety_envelope_intervention_audit,static_clutter,MAPPO,training_checkpoint,6,0,4,ON,0.1,1,4,0,N/A,0,N/A,415,1401,0.29621698786581,0.13186,1.009,34.288,38.4025,1.2697,0.639844,N/A,4ef9ed257bf9b92f926da310e13a03f687b3473a94b0db93bf5c23291c5be255,60000,60000180000,N/A (no pedestrians),draw_static_clutter_MAPPO_g6_ep0
audit__static_clutter__MAPPO__g6__ep01,safety_envelope_intervention_audit,static_clutter,MAPPO,training_checkpoint,6,1,4,ON,0.1,1,4,0,N/A,0,N/A,403,1329,0.303235515425132,0.138405,0.989,32.6352,36.5514,2.4373,0.649026,N/A,4ef9ed257bf9b92f926da310e13a03f687b3473a94b0db93bf5c23291c5be255,60001,60001180004,N/A (no pedestrians),draw_static_clutter_MAPPO_g6_ep1
audit__static_clutter__MAPPO__g6__ep02,safety_envelope_intervention_audit,static_clutter,MAPPO,training_checkpoint,6,2,4,ON,0.1,1,4,0,N/A,0,N/A,375,1193,0.314333612740989,0.126351,0.999,33.1574,37.1363,2.448,0.701578,N/A,4ef9ed257bf9b92f926da310e13a03f687b3473a94b0db93bf5c23291c5be255,60002,60002180008,N/A (no pedestrians),draw_static_clutter_MAPPO_g6_ep2
audit__static_clutter__MAPPO__g6__ep03,safety_envelope_intervention_audit,static_clutter,MAPPO,training_checkpoint,6,3,4,ON,0.1,1,4,0,N/A,0,N/A,364,1370,0.265693430656934,0.1333,0.999,34.5208,38.6633,1.7568,0.663074,N/A,4ef9ed257bf9b92f926da310e13a03f687b3473a94b0db93bf5c23291c5be255,60003,60003180012,N/A (no pedestrians),draw_static_clutter_MAPPO_g6_ep3
audit__static_clutter__MAPPO__g6__ep04,safety_envelope_intervention_audit,static_clutter,MAPPO,training_checkpoint,6,4,4,ON,0.1,1,4,0,N/A,0,N/A,376,1301,0.289008455034589,0.13555,0.999,33.7931,37.8482,1.0901,0.645927,N/A,4ef9ed257bf9b92f926da310e13a03f687b3473a94b0db93bf5c23291c5be255,60004,60004180016,N/A (no pedestrians),draw_static_clutter_MAPPO_g6_ep4
audit__static_clutter__MAPPO__g6__ep05,safety_envelope_intervention_audit,static_clutter,MAPPO,training_checkpoint,6,5,4,ON,0.1,1,4,0,N/A,0,N/A,402,1326,0.30316742081448,0.149481,0.999,32.963,36.9186,1.6607,0.664828,N/A,4ef9ed257bf9b92f926da310e13a03f687b3473a94b0db93bf5c23291c5be255,60005,60005180020,N/A (no pedestrians),draw_static_clutter_MAPPO_g6_ep5
audit__static_clutter__MAPPO__g6__ep06,safety_envelope_intervention_audit,static_clutter,MAPPO,training_checkpoint,6,6,4,ON,0.1,1,4,0,N/A,0,N/A,394,1370,0.287591240875912,0.114199,0.999,30.9138,34.6235,1.6818,0.651114,N/A,4ef9ed257bf9b92f926da310e13a03f687b3473a94b0db93bf5c23291c5be255,60006,60006180024,N/A (no pedestrians),draw_static_clutter_MAPPO_g6_ep6
audit__static_clutter__MAPPO__g6__ep07,safety_envelope_intervention_audit,static_clutter,MAPPO,training_checkpoint,6,7,4,ON,0.1,1,4,0,N/A,0,N/A,395,1249,0.316253002401922,0.16179,0.999,32.2665,36.1385,1.5457,0.685793,N/A,4ef9ed257bf9b92f926da310e13a03f687b3473a94b0db93bf5c23291c5be255,60007,60007180028,N/A (no pedestrians),draw_static_clutter_MAPPO_g6_ep7
audit__static_clutter__MAPPO__g6__ep08,safety_envelope_intervention_audit,static_clutter,MAPPO,training_checkpoint,6,8,4,ON,0.1,1,4,0,N/A,0,N/A,421,1380,0.305072463768116,0.134062,0.999,34.4978,38.6375,1.5786,0.652084,N/A,4ef9ed257bf9b92f926da310e13a03f687b3473a94b0db93bf5c23291c5be255,60008,60008180032,N/A (no pedestrians),draw_static_clutter_MAPPO_g6_ep8
audit__static_clutter__MAPPO__g6__ep09,safety_envelope_intervention_audit,static_clutter,MAPPO,training_checkpoint,6,9,4,ON,0.1,1,4,0,N/A,0,N/A,372,1222,0.304418985270049,0.139556,0.999,32.6846,36.6068,2.3016,0.652769,N/A,4ef9ed257bf9b92f926da310e13a03f687b3473a94b0db93bf5c23291c5be255,60009,60009180036,N/A (no pedestrians),draw_static_clutter_MAPPO_g6_ep9
audit__static_clutter__MAPPO__g7__ep00,safety_envelope_intervention_audit,static_clutter,MAPPO,training_checkpoint,7,0,4,ON,0.1,1,4,0,N/A,0,N/A,499,1906,0.261804826862539,0.121821,1.009,31.6948,35.4981,2.1691,0.680999,N/A,299d06ba45073c5edd950efbcf8b612a5df29b4d69460f2285caf150fe46db37,70000,70000210000,N/A (no pedestrians),draw_static_clutter_MAPPO_g7_ep0
audit__static_clutter__MAPPO__g7__ep01,safety_envelope_intervention_audit,static_clutter,MAPPO,training_checkpoint,7,1,4,ON,0.1,1,4,0,N/A,0,N/A,458,1512,0.302910052910053,0.12768,0.989,32.1031,35.9555,2.2838,0.684801,N/A,299d06ba45073c5edd950efbcf8b612a5df29b4d69460f2285caf150fe46db37,70001,70001210004,N/A (no pedestrians),draw_static_clutter_MAPPO_g7_ep1
audit__static_clutter__MAPPO__g7__ep02,safety_envelope_intervention_audit,static_clutter,MAPPO,training_checkpoint,7,2,4,ON,0.1,1,4,0,N/A,0,N/A,497,1784,0.278587443946188,0.118207,0.999,30.8995,34.6074,1.9868,0.639896,N/A,299d06ba45073c5edd950efbcf8b612a5df29b4d69460f2285caf150fe46db37,70002,70002210008,N/A (no pedestrians),draw_static_clutter_MAPPO_g7_ep2
audit__static_clutter__MAPPO__g7__ep03,safety_envelope_intervention_audit,static_clutter,MAPPO,training_checkpoint,7,3,4,ON,0.1,1,4,0,N/A,0,N/A,464,1653,0.280701754385965,0.123825,0.999,30.012,33.6134,1.3734,0.709302,N/A,299d06ba45073c5edd950efbcf8b612a5df29b4d69460f2285caf150fe46db37,70003,70003210012,N/A (no pedestrians),draw_static_clutter_MAPPO_g7_ep3
audit__static_clutter__MAPPO__g7__ep04,safety_envelope_intervention_audit,static_clutter,MAPPO,training_checkpoint,7,4,4,ON,0.1,1,4,0,N/A,0,N/A,487,1758,0.277019340159272,0.122151,0.999,31.8179,35.636,1.5385,0.684164,N/A,299d06ba45073c5edd950efbcf8b612a5df29b4d69460f2285caf150fe46db37,70004,70004210016,N/A (no pedestrians),draw_static_clutter_MAPPO_g7_ep4
audit__static_clutter__MAPPO__g7__ep05,safety_envelope_intervention_audit,static_clutter,MAPPO,training_checkpoint,7,5,4,ON,0.1,1,4,0,N/A,0,N/A,458,1719,0.266433973240256,0.115769,0.999,34.6766,38.8378,1.9968,0.6891,N/A,299d06ba45073c5edd950efbcf8b612a5df29b4d69460f2285caf150fe46db37,70005,70005210020,N/A (no pedestrians),draw_static_clutter_MAPPO_g7_ep5
audit__static_clutter__MAPPO__g7__ep06,safety_envelope_intervention_audit,static_clutter,MAPPO,training_checkpoint,7,6,4,ON,0.1,1,4,0,N/A,0,N/A,496,1757,0.28229937393284,0.107213,0.999,33.0755,37.0446,1.8687,0.650248,N/A,299d06ba45073c5edd950efbcf8b612a5df29b4d69460f2285caf150fe46db37,70006,70006210024,N/A (no pedestrians),draw_static_clutter_MAPPO_g7_ep6
audit__static_clutter__MAPPO__g7__ep07,safety_envelope_intervention_audit,static_clutter,MAPPO,training_checkpoint,7,7,4,ON,0.1,1,4,0,N/A,0,N/A,477,1780,0.267977528089888,0.104866,0.999,32.1959,36.0594,1.1749,0.666086,N/A,299d06ba45073c5edd950efbcf8b612a5df29b4d69460f2285caf150fe46db37,70007,70007210028,N/A (no pedestrians),draw_static_clutter_MAPPO_g7_ep7
audit__static_clutter__MAPPO__g7__ep08,safety_envelope_intervention_audit,static_clutter,MAPPO,training_checkpoint,7,8,4,ON,0.1,1,4,0,N/A,0,N/A,477,1858,0.256727664155005,0.113161,0.999,34.0449,38.1303,2.4527,0.663816,N/A,299d06ba45073c5edd950efbcf8b612a5df29b4d69460f2285caf150fe46db37,70008,70008210032,N/A (no pedestrians),draw_static_clutter_MAPPO_g7_ep8
audit__static_clutter__MAPPO__g7__ep09,safety_envelope_intervention_audit,static_clutter,MAPPO,training_checkpoint,7,9,4,ON,0.1,1,4,0,N/A,0,N/A,496,1867,0.265666845206213,0.133489,0.999,31.4571,35.2319,1.1975,0.631135,N/A,299d06ba45073c5edd950efbcf8b612a5df29b4d69460f2285caf150fe46db37,70009,70009210036,N/A (no pedestrians),draw_static_clutter_MAPPO_g7_ep9
audit__dynamic_pedestrians__MAPPO__g0__ep00,safety_envelope_intervention_audit,dynamic_pedestrians,MAPPO,training_checkpoint,0,0,4,ON,0.1,1,4,0,N/A,0,0,351,1308,0.268348623853211,0.142076,0.837971,33.5838,37.6138,2.3397,0.674562,0.873536,ff4a2fa76f06790ca78040ecf4d7df38359d529c0be7e7e0347d0da47c594728,100,100000300,100000397,draw_dynamic_pedestrians_MAPPO_g0_ep0
audit__dynamic_pedestrians__MAPPO__g0__ep01,safety_envelope_intervention_audit,dynamic_pedestrians,MAPPO,training_checkpoint,0,1,4,ON,0.1,1,4,0,N/A,0,0,326,1188,0.274410774410774,0.149861,0.830191,30.1357,33.752,2.3933,0.659334,0.863921,ff4a2fa76f06790ca78040ecf4d7df38359d529c0be7e7e0347d0da47c594728,101,101000304,101000401,draw_dynamic_pedestrians_MAPPO_g0_ep1
audit__dynamic_pedestrians__MAPPO__g0__ep02,safety_envelope_intervention_audit,dynamic_pedestrians,MAPPO,training_checkpoint,0,2,4,ON,0.1,1,4,0,N/A,0,0,350,1346,0.260029717682021,0.143851,0.863508,32.9685,36.9248,1.4783,0.705383,0.894172,ff4a2fa76f06790ca78040ecf4d7df38359d529c0be7e7e0347d0da47c594728,102,102000308,102000405,draw_dynamic_pedestrians_MAPPO_g0_ep2
audit__dynamic_pedestrians__MAPPO__g0__ep03,safety_envelope_intervention_audit,dynamic_pedestrians,MAPPO,training_checkpoint,0,3,4,ON,0.1,1,4,0,N/A,0,0,360,1277,0.281910728269381,0.154072,0.878795,33.7217,37.7683,1.5614,0.671288,0.808036,ff4a2fa76f06790ca78040ecf4d7df38359d529c0be7e7e0347d0da47c594728,103,103000312,103000409,draw_dynamic_pedestrians_MAPPO_g0_ep3
audit__dynamic_pedestrians__MAPPO__g0__ep04,safety_envelope_intervention_audit,dynamic_pedestrians,MAPPO,training_checkpoint,0,4,4,ON,0.1,1,4,0,N/A,0,0,322,1222,0.263502454991817,0.138203,0.838883,33.7916,37.8466,1.2055,0.70872,0.819378,ff4a2fa76f06790ca78040ecf4d7df38359d529c0be7e7e0347d0da47c594728,104,104000316,104000413,draw_dynamic_pedestrians_MAPPO_g0_ep4
audit__dynamic_pedestrians__MAPPO__g0__ep05,safety_envelope_intervention_audit,dynamic_pedestrians,MAPPO,training_checkpoint,0,5,4,ON,0.1,1,4,0,N/A,0,0,341,1123,0.303650934995548,0.147102,0.858969,30.6649,34.3447,2.4268,0.669991,0.910868,ff4a2fa76f06790ca78040ecf4d7df38359d529c0be7e7e0347d0da47c594728,105,105000320,105000417,draw_dynamic_pedestrians_MAPPO_g0_ep5
audit__dynamic_pedestrians__MAPPO__g0__ep06,safety_envelope_intervention_audit,dynamic_pedestrians,MAPPO,training_checkpoint,0,6,4,ON,0.1,1,4,0,N/A,0,0,313,1176,0.266156462585034,0.133846,0.845923,32.7983,36.7341,1.364,0.681536,0.891284,ff4a2fa76f06790ca78040ecf4d7df38359d529c0be7e7e0347d0da47c594728,106,106000324,106000421,draw_dynamic_pedestrians_MAPPO_g0_ep6
audit__dynamic_pedestrians__MAPPO__g0__ep07,safety_envelope_intervention_audit,dynamic_pedestrians,MAPPO,training_checkpoint,0,7,4,ON,0.1,1,4,0,N/A,0,0,327,1189,0.27502102607233,0.127771,0.8479,30.9207,34.6312,1.5904,0.684672,0.886494,ff4a2fa76f06790ca78040ecf4d7df38359d529c0be7e7e0347d0da47c594728,107,107000328,107000425,draw_dynamic_pedestrians_MAPPO_g0_ep7
audit__dynamic_pedestrians__MAPPO__g0__ep08,safety_envelope_intervention_audit,dynamic_pedestrians,MAPPO,training_checkpoint,0,8,4,ON,0.1,1,4,0,N/A,0,0,359,1245,0.288353413654618,0.153338,0.857178,33.9561,38.0309,1.8419,0.697916,0.904238,ff4a2fa76f06790ca78040ecf4d7df38359d529c0be7e7e0347d0da47c594728,108,108000332,108000429,draw_dynamic_pedestrians_MAPPO_g0_ep8
audit__dynamic_pedestrians__MAPPO__g0__ep09,safety_envelope_intervention_audit,dynamic_pedestrians,MAPPO,training_checkpoint,0,9,4,ON,0.1,1,4,0,N/A,0,0,328,1184,0.277027027027027,0.126827,0.860681,31.3768,35.142,2.3929,0.683159,0.807199,ff4a2fa76f06790ca78040ecf4d7df38359d529c0be7e7e0347d0da47c594728,109,109000336,109000433,draw_dynamic_pedestrians_MAPPO_g0_ep9
audit__dynamic_pedestrians__MAPPO__g1__ep00,safety_envelope_intervention_audit,dynamic_pedestrians,MAPPO,training_checkpoint,1,0,4,ON,0.1,1,4,0,N/A,0,0,349,1297,0.269082498072475,0.156977,0.855573,32.5372,36.4417,1.8941,0.686544,0.909135,0f00ce21cc6b271e6e5b8f78ff900dbf7ea8424224e5079bbbd35108c07b5b9b,10100,10100030300,10100030397,draw_dynamic_pedestrians_MAPPO_g1_ep0
audit__dynamic_pedestrians__MAPPO__g1__ep01,safety_envelope_intervention_audit,dynamic_pedestrians,MAPPO,training_checkpoint,1,1,4,ON,0.1,1,4,0,N/A,0,0,324,1348,0.240356083086053,0.125358,0.847472,33.8128,37.8703,1.2326,0.703591,0.858722,0f00ce21cc6b271e6e5b8f78ff900dbf7ea8424224e5079bbbd35108c07b5b9b,10101,10101030304,10101030401,draw_dynamic_pedestrians_MAPPO_g1_ep1
audit__dynamic_pedestrians__MAPPO__g1__ep02,safety_envelope_intervention_audit,dynamic_pedestrians,MAPPO,training_checkpoint,1,2,4,ON,0.1,1,4,0,N/A,0,0,333,1405,0.237010676156584,0.138396,0.846757,34.5557,38.7024,2.4904,0.652539,0.83805,0f00ce21cc6b271e6e5b8f78ff900dbf7ea8424224e5079bbbd35108c07b5b9b,10102,10102030308,10102030405,draw_dynamic_pedestrians_MAPPO_g1_ep2
audit__dynamic_pedestrians__MAPPO__g1__ep03,safety_envelope_intervention_audit,dynamic_pedestrians,MAPPO,training_checkpoint,1,3,4,ON,0.1,1,4,0,N/A,0,0,339,1316,0.257598784194529,0.133989,0.839233,30.3703,34.0147,1.1843,0.645841,0.80289,0f00ce21cc6b271e6e5b8f78ff900dbf7ea8424224e5079bbbd35108c07b5b9b,10103,10103030312,10103030409,draw_dynamic_pedestrians_MAPPO_g1_ep3
audit__dynamic_pedestrians__MAPPO__g1__ep04,safety_envelope_intervention_audit,dynamic_pedestrians,MAPPO,training_checkpoint,1,4,4,ON,0.1,1,4,0,N/A,0,0,385,1543,0.24951393389501,0.13866,0.854946,32.4939,36.3932,1.573,0.664027,0.814893,0f00ce21cc6b271e6e5b8f78ff900dbf7ea8424224e5079bbbd35108c07b5b9b,10104,10104030316,10104030413,draw_dynamic_pedestrians_MAPPO_g1_ep4
audit__dynamic_pedestrians__MAPPO__g1__ep05,safety_envelope_intervention_audit,dynamic_pedestrians,MAPPO,training_checkpoint,1,5,4,ON,0.1,1,4,0,N/A,0,0,351,1382,0.253979739507959,0.140708,0.877706,30.8224,34.5211,1.0959,0.635937,0.868163,0f00ce21cc6b271e6e5b8f78ff900dbf7ea8424224e5079bbbd35108c07b5b9b,10105,10105030320,10105030417,draw_dynamic_pedestrians_MAPPO_g1_ep5
audit__dynamic_pedestrians__MAPPO__g1__ep06,safety_envelope_intervention_audit,dynamic_pedestrians,MAPPO,training_checkpoint,1,6,4,ON,0.1,1,4,0,N/A,0,0,351,1373,0.25564457392571,0.147629,0.86118,30.8797,34.5853,1.6405,0.703581,0.910338,0f00ce21cc6b271e6e5b8f78ff900dbf7ea8424224e5079bbbd35108c07b5b9b,10106,10106030324,10106030421,draw_dynamic_pedestrians_MAPPO_g1_ep6
audit__dynamic_pedestrians__MAPPO__g1__ep07,safety_envelope_intervention_audit,dynamic_pedestrians,MAPPO,training_checkpoint,1,7,4,ON,0.1,1,4,0,N/A,0,0,360,1388,0.259365994236311,0.139544,0.872141,31.2568,35.0076,2.406,0.65388,0.855912,0f00ce21cc6b271e6e5b8f78ff900dbf7ea8424224e5079bbbd35108c07b5b9b,10107,10107030328,10107030425,draw_dynamic_pedestrians_MAPPO_g1_ep7
audit__dynamic_pedestrians__MAPPO__g1__ep08,safety_envelope_intervention_audit,dynamic_pedestrians,MAPPO,training_checkpoint,1,8,4,ON,0.1,1,4,0,N/A,0,0,350,1300,0.269230769230769,0.146617,0.838977,33.8013,37.8575,2.2017,0.678506,0.889881,0f00ce21cc6b271e6e5b8f78ff900dbf7ea8424224e5079bbbd35108c07b5b9b,10108,10108030332,10108030429,draw_dynamic_pedestrians_MAPPO_g1_ep8
audit__dynamic_pedestrians__MAPPO__g1__ep09,safety_envelope_intervention_audit,dynamic_pedestrians,MAPPO,training_checkpoint,1,9,4,ON,0.1,1,4,0,N/A,0,0,353,1352,0.261094674556213,0.157452,0.826014,32.4686,36.3649,1.6661,0.659096,0.802873,0f00ce21cc6b271e6e5b8f78ff900dbf7ea8424224e5079bbbd35108c07b5b9b,10109,10109030336,10109030433,draw_dynamic_pedestrians_MAPPO_g1_ep9
audit__dynamic_pedestrians__MAPPO__g2__ep00,safety_envelope_intervention_audit,dynamic_pedestrians,MAPPO,training_checkpoint,2,0,4,ON,0.1,1,4,0,N/A,0,0,353,1327,0.266013564431048,0.136899,0.886109,33.1389,37.1156,1.4565,0.707363,0.915765,ed04c8a5e8d6d1e7298bb5d8677fb0d9ce116f77e5bb0771f4beb4edac29f640,20100,20100060300,20100060397,draw_dynamic_pedestrians_MAPPO_g2_ep0
audit__dynamic_pedestrians__MAPPO__g2__ep01,safety_envelope_intervention_audit,dynamic_pedestrians,MAPPO,training_checkpoint,2,1,4,ON,0.1,1,4,0,N/A,0,0,342,1266,0.270142180094787,0.158028,0.848765,31.7234,35.5302,2.0956,0.669307,0.831406,ed04c8a5e8d6d1e7298bb5d8677fb0d9ce116f77e5bb0771f4beb4edac29f640,20101,20101060304,20101060401,draw_dynamic_pedestrians_MAPPO_g2_ep1
audit__dynamic_pedestrians__MAPPO__g2__ep02,safety_envelope_intervention_audit,dynamic_pedestrians,MAPPO,training_checkpoint,2,2,4,ON,0.1,1,4,0,N/A,0,0,330,1214,0.271828665568369,0.133243,0.868879,30.858,34.5609,1.3456,0.697713,0.800568,ed04c8a5e8d6d1e7298bb5d8677fb0d9ce116f77e5bb0771f4beb4edac29f640,20102,20102060308,20102060405,draw_dynamic_pedestrians_MAPPO_g2_ep2
audit__dynamic_pedestrians__MAPPO__g2__ep03,safety_envelope_intervention_audit,dynamic_pedestrians,MAPPO,training_checkpoint,2,3,4,ON,0.1,1,4,0,N/A,0,0,337,1214,0.277594728171334,0.148985,0.846548,34.7944,38.9698,2.355,0.63154,0.829051,ed04c8a5e8d6d1e7298bb5d8677fb0d9ce116f77e5bb0771f4beb4edac29f640,20103,20103060312,20103060409,draw_dynamic_pedestrians_MAPPO_g2_ep3
audit__dynamic_pedestrians__MAPPO__g2__ep04,safety_envelope_intervention_audit,dynamic_pedestrians,MAPPO,training_checkpoint,2,4,4,ON,0.1,1,4,0,N/A,0,0,318,1243,0.255832662912309,0.135193,0.864795,31.9691,35.8053,1.2095,0.633526,0.821956,ed04c8a5e8d6d1e7298bb5d8677fb0d9ce116f77e5bb0771f4beb4edac29f640,20104,20104060316,20104060413,draw_dynamic_pedestrians_MAPPO_g2_ep4
audit__dynamic_pedestrians__MAPPO__g2__ep05,safety_envelope_intervention_audit,dynamic_pedestrians,MAPPO,training_checkpoint,2,5,4,ON,0.1,1,4,0,N/A,0,0,300,1123,0.267141585040071,0.141924,0.847597,34.7817,38.9555,1.6898,0.66392,0.842148,ed04c8a5e8d6d1e7298bb5d8677fb0d9ce116f77e5bb0771f4beb4edac29f640,20105,20105060320,20105060417,draw_dynamic_pedestrians_MAPPO_g2_ep5
audit__dynamic_pedestrians__MAPPO__g2__ep06,safety_envelope_intervention_audit,dynamic_pedestrians,MAPPO,training_checkpoint,2,6,4,ON,0.1,1,4,0,N/A,0,0,348,1399,0.248749106504646,0.172767,0.870221,31.6772,35.4785,1.4153,0.67893,0.890792,ed04c8a5e8d6d1e7298bb5d8677fb0d9ce116f77e5bb0771f4beb4edac29f640,20106,20106060324,20106060421,draw_dynamic_pedestrians_MAPPO_g2_ep6
audit__dynamic_pedestrians__MAPPO__g2__ep07,safety_envelope_intervention_audit,dynamic_pedestrians,MAPPO,training_checkpoint,2,7,4,ON,0.1,1,4,0,N/A,0,0,326,1265,0.257707509881423,0.142538,0.826171,32.4979,36.3977,1.3282,0.669402,0.90131,ed04c8a5e8d6d1e7298bb5d8677fb0d9ce116f77e5bb0771f4beb4edac29f640,20107,20107060328,20107060425,draw_dynamic_pedestrians_MAPPO_g2_ep7
audit__dynamic_pedestrians__MAPPO__g2__ep08,safety_envelope_intervention_audit,dynamic_pedestrians,MAPPO,training_checkpoint,2,8,4,ON,0.1,1,4,0,N/A,0,0,312,1077,0.289693593314763,0.1216,0.806971,32.7266,36.6537,1.1816,0.700118,0.899546,ed04c8a5e8d6d1e7298bb5d8677fb0d9ce116f77e5bb0771f4beb4edac29f640,20108,20108060332,20108060429,draw_dynamic_pedestrians_MAPPO_g2_ep8
audit__dynamic_pedestrians__MAPPO__g2__ep09,safety_envelope_intervention_audit,dynamic_pedestrians,MAPPO,training_checkpoint,2,9,4,ON,0.1,1,4,0,N/A,0,0,371,1434,0.258716875871688,0.143995,0.853944,32.8516,36.7938,1.0651,0.660096,0.853921,ed04c8a5e8d6d1e7298bb5d8677fb0d9ce116f77e5bb0771f4beb4edac29f640,20109,20109060336,20109060433,draw_dynamic_pedestrians_MAPPO_g2_ep9
audit__dynamic_pedestrians__MAPPO__g3__ep00,safety_envelope_intervention_audit,dynamic_pedestrians,MAPPO,training_checkpoint,3,0,4,ON,0.1,1,4,0,N/A,0,0,349,1390,0.251079136690648,0.131841,0.86294,31.5467,35.3323,1.9112,0.704139,0.832,c49bd02165e78b3faef62928782ceb9d78ec7c0c032be83b0beff632a8ded4e7,30100,30100090300,30100090397,draw_dynamic_pedestrians_MAPPO_g3_ep0
audit__dynamic_pedestrians__MAPPO__g3__ep01,safety_envelope_intervention_audit,dynamic_pedestrians,MAPPO,training_checkpoint,3,1,4,ON,0.1,1,4,0,N/A,0,0,331,1273,0.260015710919089,0.148504,0.880865,31.359,35.1221,1.2387,0.66215,0.917602,c49bd02165e78b3faef62928782ceb9d78ec7c0c032be83b0beff632a8ded4e7,30101,30101090304,30101090401,draw_dynamic_pedestrians_MAPPO_g3_ep1
audit__dynamic_pedestrians__MAPPO__g3__ep02,safety_envelope_intervention_audit,dynamic_pedestrians,MAPPO,training_checkpoint,3,2,4,ON,0.1,1,4,0,N/A,0,0,326,1200,0.271666666666667,0.133144,0.842459,34.0697,38.158,1.223,0.659555,0.866842,c49bd02165e78b3faef62928782ceb9d78ec7c0c032be83b0beff632a8ded4e7,30102,30102090308,30102090405,draw_dynamic_pedestrians_MAPPO_g3_ep2
audit__dynamic_pedestrians__MAPPO__g3__ep03,safety_envelope_intervention_audit,dynamic_pedestrians,MAPPO,training_checkpoint,3,3,4,ON,0.1,1,4,0,N/A,0,0,333,1333,0.249812453113278,0.135355,0.836876,32.0953,35.9468,2.2201,0.66841,0.804738,c49bd02165e78b3faef62928782ceb9d78ec7c0c032be83b0beff632a8ded4e7,30103,30103090312,30103090409,draw_dynamic_pedestrians_MAPPO_g3_ep3
audit__dynamic_pedestrians__MAPPO__g3__ep04,safety_envelope_intervention_audit,dynamic_pedestrians,MAPPO,training_checkpoint,3,4,4,ON,0.1,1,4,0,N/A,0,0,331,1213,0.272877164056059,0.138123,0.859087,33.5141,37.5358,1.8727,0.638204,0.811471,c49bd02165e78b3faef62928782ceb9d78ec7c0c032be83b0beff632a8ded4e7,30104,30104090316,30104090413,draw_dynamic_pedestrians_MAPPO_g3_ep4
audit__dynamic_pedestrians__MAPPO__g3__ep05,safety_envelope_intervention_audit,dynamic_pedestrians,MAPPO,training_checkpoint,3,5,4,ON,0.1,1,4,0,N/A,0,0,370,1375,0.269090909090909,0.154391,0.858667,33.0316,36.9954,2.2601,0.653985,0.872087,c49bd02165e78b3faef62928782ceb9d78ec7c0c032be83b0beff632a8ded4e7,30105,30105090320,30105090417,draw_dynamic_pedestrians_MAPPO_g3_ep5
audit__dynamic_pedestrians__MAPPO__g3__ep06,safety_envelope_intervention_audit,dynamic_pedestrians,MAPPO,training_checkpoint,3,6,4,ON,0.1,1,4,0,N/A,0,0,322,1133,0.284201235657546,0.138186,0.81404,33.9841,38.0622,2.15,0.6729,0.810778,c49bd02165e78b3faef62928782ceb9d78ec7c0c032be83b0beff632a8ded4e7,30106,30106090324,30106090421,draw_dynamic_pedestrians_MAPPO_g3_ep6
audit__dynamic_pedestrians__MAPPO__g3__ep07,safety_envelope_intervention_audit,dynamic_pedestrians,MAPPO,training_checkpoint,3,7,4,ON,0.1,1,4,0,N/A,0,0,330,1232,0.267857142857143,0.133249,0.880565,34.5173,38.6594,1.2054,0.653898,0.89202,c49bd02165e78b3faef62928782ceb9d78ec7c0c032be83b0beff632a8ded4e7,30107,30107090328,30107090425,draw_dynamic_pedestrians_MAPPO_g3_ep7
audit__dynamic_pedestrians__MAPPO__g3__ep08,safety_envelope_intervention_audit,dynamic_pedestrians,MAPPO,training_checkpoint,3,8,4,ON,0.1,1,4,0,N/A,0,0,349,1370,0.254744525547445,0.145997,0.854285,31.6833,35.4853,2.4501,0.679453,0.910451,c49bd02165e78b3faef62928782ceb9d78ec7c0c032be83b0beff632a8ded4e7,30108,30108090332,30108090429,draw_dynamic_pedestrians_MAPPO_g3_ep8
audit__dynamic_pedestrians__MAPPO__g3__ep09,safety_envelope_intervention_audit,dynamic_pedestrians,MAPPO,training_checkpoint,3,9,4,ON,0.1,1,4,0,N/A,0,0,338,1313,0.257425742574257,0.149879,0.830215,32.8307,36.7703,1.5293,0.673614,0.850703,c49bd02165e78b3faef62928782ceb9d78ec7c0c032be83b0beff632a8ded4e7,30109,30109090336,30109090433,draw_dynamic_pedestrians_MAPPO_g3_ep9
audit__dynamic_pedestrians__MAPPO__g4__ep00,safety_envelope_intervention_audit,dynamic_pedestrians,MAPPO,training_checkpoint,4,0,4,ON,0.1,1,4,0,N/A,0,0,361,1356,0.26622418879056,0.147333,0.820807,34.6782,38.8395,1.9599,0.679896,0.840296,851644064e0971fda7cfd8bb07c9fdb625dea9bdb6bde0d0b96a36619ad97e43,40100,40100120300,40100120397,draw_dynamic_pedestrians_MAPPO_g4_ep0
audit__dynamic_pedestrians__MAPPO__g4__ep01,safety_envelope_intervention_audit,dynamic_pedestrians,MAPPO,training_checkpoint,4,1,4,ON,0.1,1,4,0,N/A,0,0,389,1480,0.262837837837838,0.152369,0.853599,30.0828,33.6928,2.3423,0.641013,0.830205,851644064e0971fda7cfd8bb07c9fdb625dea9bdb6bde0d0b96a36619ad97e43,40101,40101120304,40101120401,draw_dynamic_pedestrians_MAPPO_g4_ep1
audit__dynamic_pedestrians__MAPPO__g4__ep02,safety_envelope_intervention_audit,dynamic_pedestrians,MAPPO,training_checkpoint,4,2,4,ON,0.1,1,4,0,N/A,0,0,335,1299,0.257890685142417,0.140347,0.847645,34.4537,38.5881,1.9194,0.661869,0.832457,851644064e0971fda7cfd8bb07c9fdb625dea9bdb6bde0d0b96a36619ad97e43,40102,40102120308,40102120405,draw_dynamic_pedestrians_MAPPO_g4_ep2
audit__dynamic_pedestrians__MAPPO__g4__ep03,safety_envelope_intervention_audit,dynamic_pedestrians,MAPPO,training_checkpoint,4,3,4,ON,0.1,1,4,0,N/A,0,0,372,1481,0.25118163403106,0.144428,0.883338,31.1209,34.8554,1.2106,0.652158,0.867049,851644064e0971fda7cfd8bb07c9fdb625dea9bdb6bde0d0b96a36619ad97e43,40103,40103120312,40103120409,draw_dynamic_pedestrians_MAPPO_g4_ep3
audit__dynamic_pedestrians__MAPPO__g4__ep04,safety_envelope_intervention_audit,dynamic_pedestrians,MAPPO,training_checkpoint,4,4,4,ON,0.1,1,4,0,N/A,0,0,349,1432,0.243715083798883,0.138364,0.832755,34.6045,38.757,2.4708,0.651045,0.888528,851644064e0971fda7cfd8bb07c9fdb625dea9bdb6bde0d0b96a36619ad97e43,40104,40104120316,40104120413,draw_dynamic_pedestrians_MAPPO_g4_ep4
audit__dynamic_pedestrians__MAPPO__g4__ep05,safety_envelope_intervention_audit,dynamic_pedestrians,MAPPO,training_checkpoint,4,5,4,ON,0.1,1,4,0,N/A,0,0,364,1474,0.246947082767978,0.146728,0.841019,34.8902,39.077,2.2179,0.667065,0.904922,851644064e0971fda7cfd8bb07c9fdb625dea9bdb6bde0d0b96a36619ad97e43,40105,40105120320,40105120417,draw_dynamic_pedestrians_MAPPO_g4_ep5
audit__dynamic_pedestrians__MAPPO__g4__ep06,safety_envelope_intervention_audit,dynamic_pedestrians,MAPPO,training_checkpoint,4,6,4,ON,0.1,1,4,0,N/A,0,0,381,1417,0.268877911079746,0.146797,0.870934,34.8297,39.0093,1.3737,0.661574,0.861146,851644064e0971fda7cfd8bb07c9fdb625dea9bdb6bde0d0b96a36619ad97e43,40106,40106120324,40106120421,draw_dynamic_pedestrians_MAPPO_g4_ep6
audit__dynamic_pedestrians__MAPPO__g4__ep07,safety_envelope_intervention_audit,dynamic_pedestrians,MAPPO,training_checkpoint,4,7,4,ON,0.1,1,4,0,N/A,0,0,356,1252,0.284345047923323,0.137674,0.832803,33.3269,37.3261,1.5302,0.691993,0.893649,851644064e0971fda7cfd8bb07c9fdb625dea9bdb6bde0d0b96a36619ad97e43,40107,40107120328,40107120425,draw_dynamic_pedestrians_MAPPO_g4_ep7
audit__dynamic_pedestrians__MAPPO__g4__ep08,safety_envelope_intervention_audit,dynamic_pedestrians,MAPPO,training_checkpoint,4,8,4,ON,0.1,1,4,0,N/A,0,0,351,1233,0.284671532846715,0.145587,0.866042,31.3107,35.0679,2.4929,0.63006,0.894652,851644064e0971fda7cfd8bb07c9fdb625dea9bdb6bde0d0b96a36619ad97e43,40108,40108120332,40108120429,draw_dynamic_pedestrians_MAPPO_g4_ep8
audit__dynamic_pedestrians__MAPPO__g4__ep09,safety_envelope_intervention_audit,dynamic_pedestrians,MAPPO,training_checkpoint,4,9,4,ON,0.1,1,4,0,N/A,0,0,355,1255,0.282868525896414,0.124568,0.871058,32.7845,36.7186,1.3909,0.661665,0.866575,851644064e0971fda7cfd8bb07c9fdb625dea9bdb6bde0d0b96a36619ad97e43,40109,40109120336,40109120433,draw_dynamic_pedestrians_MAPPO_g4_ep9
audit__dynamic_pedestrians__MAPPO__g5__ep00,safety_envelope_intervention_audit,dynamic_pedestrians,MAPPO,training_checkpoint,5,0,4,ON,0.1,1,4,0,N/A,0,0,324,1225,0.264489795918367,0.165324,0.817854,31.7256,35.5327,2.3949,0.705511,0.914927,16bb3ca5765ef85894c0d249a7d137fba179a84e8f8926c4419573ffacb58c56,50100,50100150300,50100150397,draw_dynamic_pedestrians_MAPPO_g5_ep0
audit__dynamic_pedestrians__MAPPO__g5__ep01,safety_envelope_intervention_audit,dynamic_pedestrians,MAPPO,training_checkpoint,5,1,4,ON,0.1,1,4,0,N/A,0,0,334,1245,0.268273092369478,0.132039,0.878463,30.7542,34.4448,1.8304,0.694642,0.881887,16bb3ca5765ef85894c0d249a7d137fba179a84e8f8926c4419573ffacb58c56,50101,50101150304,50101150401,draw_dynamic_pedestrians_MAPPO_g5_ep1
audit__dynamic_pedestrians__MAPPO__g5__ep02,safety_envelope_intervention_audit,dynamic_pedestrians,MAPPO,training_checkpoint,5,2,4,ON,0.1,1,4,0,N/A,0,0,330,1225,0.269387755102041,0.132864,0.850841,34.7036,38.868,1.5583,0.639265,0.918192,16bb3ca5765ef85894c0d249a7d137fba179a84e8f8926c4419573ffacb58c56,50102,50102150308,50102150405,draw_dynamic_pedestrians_MAPPO_g5_ep2
audit__dynamic_pedestrians__MAPPO__g5__ep03,safety_envelope_intervention_audit,dynamic_pedestrians,MAPPO,training_checkpoint,5,3,4,ON,0.1,1,4,0,N/A,0,0,332,1410,0.235460992907801,0.151696,0.837387,34.995,39.1944,1.7939,0.684091,0.854199,16bb3ca5765ef85894c0d249a7d137fba179a84e8f8926c4419573ffacb58c56,50103,50103150312,50103150409,draw_dynamic_pedestrians_MAPPO_g5_ep3
audit__dynamic_pedestrians__MAPPO__g5__ep04,safety_envelope_intervention_audit,dynamic_pedestrians,MAPPO,training_checkpoint,5,4,4,ON,0.1,1,4,0,N/A,0,0,370,1364,0.271260997067449,0.151007,0.859305,30.2105,33.8358,1.7737,0.657021,0.912028,16bb3ca5765ef85894c0d249a7d137fba179a84e8f8926c4419573ffacb58c56,50104,50104150316,50104150413,draw_dynamic_pedestrians_MAPPO_g5_ep4
audit__dynamic_pedestrians__MAPPO__g5__ep05,safety_envelope_intervention_audit,dynamic_pedestrians,MAPPO,training_checkpoint,5,5,4,ON,0.1,1,4,0,N/A,0,0,344,1316,0.261398176291793,0.138093,0.845915,32.0703,35.9188,1.6657,0.697118,0.862091,16bb3ca5765ef85894c0d249a7d137fba179a84e8f8926c4419573ffacb58c56,50105,50105150320,50105150417,draw_dynamic_pedestrians_MAPPO_g5_ep5
audit__dynamic_pedestrians__MAPPO__g5__ep06,safety_envelope_intervention_audit,dynamic_pedestrians,MAPPO,training_checkpoint,5,6,4,ON,0.1,1,4,0,N/A,0,0,329,1290,0.255038759689923,0.14839,0.895443,31.0282,34.7516,1.9037,0.696102,0.837906,16bb3ca5765ef85894c0d249a7d137fba179a84e8f8926c4419573ffacb58c56,50106,50106150324,50106150421,draw_dynamic_pedestrians_MAPPO_g5_ep6
audit__dynamic_pedestrians__MAPPO__g5__ep07,safety_envelope_intervention_audit,dynamic_pedestrians,MAPPO,training_checkpoint,5,7,4,ON,0.1,1,4,0,N/A,0,0,337,1198,0.281302170283806,0.138452,0.835311,33.881,37.9467,1.3194,0.681174,0.834047,16bb3ca5765ef85894c0d249a7d137fba179a84e8f8926c4419573ffacb58c56,50107,50107150328,50107150425,draw_dynamic_pedestrians_MAPPO_g5_ep7
audit__dynamic_pedestrians__MAPPO__g5__ep08,safety_envelope_intervention_audit,dynamic_pedestrians,MAPPO,training_checkpoint,5,8,4,ON,0.1,1,4,0,N/A,0,0,357,1269,0.281323877068558,0.122602,0.836798,31.09,34.8208,1.9519,0.669599,0.88596,16bb3ca5765ef85894c0d249a7d137fba179a84e8f8926c4419573ffacb58c56,50108,50108150332,50108150429,draw_dynamic_pedestrians_MAPPO_g5_ep8
audit__dynamic_pedestrians__MAPPO__g5__ep09,safety_envelope_intervention_audit,dynamic_pedestrians,MAPPO,training_checkpoint,5,9,4,ON,0.1,1,4,0,N/A,0,0,350,1378,0.253991291727141,0.141638,0.862684,33.078,37.0474,1.0842,0.697252,0.844214,16bb3ca5765ef85894c0d249a7d137fba179a84e8f8926c4419573ffacb58c56,50109,50109150336,50109150433,draw_dynamic_pedestrians_MAPPO_g5_ep9
audit__dynamic_pedestrians__MAPPO__g6__ep00,safety_envelope_intervention_audit,dynamic_pedestrians,MAPPO,training_checkpoint,6,0,4,ON,0.1,1,4,0,N/A,0,0,349,1303,0.267843438219494,0.141428,0.849755,33.337,37.3375,1.5907,0.637366,0.896321,b56d990f86e127ab112ddac2fb337b251ae17f5ad76b8178586de0d9fb632c9d,60100,60100180300,60100180397,draw_dynamic_pedestrians_MAPPO_g6_ep0
audit__dynamic_pedestrians__MAPPO__g6__ep01,safety_envelope_intervention_audit,dynamic_pedestrians,MAPPO,training_checkpoint,6,1,4,ON,0.1,1,4,0,N/A,0,0,353,1263,0.279493269992082,0.14306,0.863264,34.8171,38.9951,1.7066,0.634186,0.818279,b56d990f86e127ab112ddac2fb337b251ae17f5ad76b8178586de0d9fb632c9d,60101,60101180304,60101180401,draw_dynamic_pedestrians_MAPPO_g6_ep1
audit__dynamic_pedestrians__MAPPO__g6__ep02,safety_envelope_intervention_audit,dynamic_pedestrians,MAPPO,training_checkpoint,6,2,4,ON,0.1,1,4,0,N/A,0,0,346,1259,0.274821286735504,0.136372,0.860863,33.025,36.988,1.2556,0.700499,0.852453,b56d990f86e127ab112ddac2fb337b251ae17f5ad76b8178586de0d9fb632c9d,60102,60102180308,60102180405,draw_dynamic_pedestrians_MAPPO_g6_ep2
audit__dynamic_pedestrians__MAPPO__g6__ep03,safety_envelope_intervention_audit,dynamic_pedestrians,MAPPO,training_checkpoint,6,3,4,ON,0.1,1,4,0,N/A,0,0,350,1335,0.262172284644195,0.139738,0.861268,32.3689,36.2532,1.9564,0.693379,0.821516,b56d990f86e127ab112ddac2fb337b251ae17f5ad76b8178586de0d9fb632c9d,60103,60103180312,60103180409,draw_dynamic_pedestrians_MAPPO_g6_ep3
audit__dynamic_pedestrians__MAPPO__g6__ep04,safety_envelope_intervention_audit,dynamic_pedestrians,MAPPO,training_checkpoint,6,4,4,ON,0.1,1,4,0,N/A,0,0,348,1340,0.259701492537313,0.144761,0.840592,30.0705,33.679,1.9557,0.708387,0.825104,b56d990f86e127ab112ddac2fb337b251ae17f5ad76b8178586de0d9fb632c9d,60104,60104180316,60104180413,draw_dynamic_pedestrians_MAPPO_g6_ep4
audit__dynamic_pedestrians__MAPPO__g6__ep05,safety_envelope_intervention_audit,dynamic_pedestrians,MAPPO,training_checkpoint,6,5,4,ON,0.1,1,4,0,N/A,0,0,359,1372,0.261661807580175,0.137805,0.884606,34.9804,39.1781,2.0317,0.663463,0.895958,b56d990f86e127ab112ddac2fb337b251ae17f5ad76b8178586de0d9fb632c9d,60105,60105180320,60105180417,draw_dynamic_pedestrians_MAPPO_g6_ep5
audit__dynamic_pedestrians__MAPPO__g6__ep06,safety_envelope_intervention_audit,dynamic_pedestrians,MAPPO,training_checkpoint,6,6,4,ON,0.1,1,4,0,N/A,0,0,356,1400,0.254285714285714,0.140481,0.834835,31.9804,35.818,1.1012,0.709491,0.910239,b56d990f86e127ab112ddac2fb337b251ae17f5ad76b8178586de0d9fb632c9d,60106,60106180324,60106180421,draw_dynamic_pedestrians_MAPPO_g6_ep6
audit__dynamic_pedestrians__MAPPO__g6__ep07,safety_envelope_intervention_audit,dynamic_pedestrians,MAPPO,training_checkpoint,6,7,4,ON,0.1,1,4,0,N/A,0,0,362,1281,0.282591725214676,0.141608,0.851838,31.6355,35.4318,1.4032,0.656626,0.85672,b56d990f86e127ab112ddac2fb337b251ae17f5ad76b8178586de0d9fb632c9d,60107,60107180328,60107180425,draw_dynamic_pedestrians_MAPPO_g6_ep7
audit__dynamic_pedestrians__MAPPO__g6__ep08,safety_envelope_intervention_audit,dynamic_pedestrians,MAPPO,training_checkpoint,6,8,4,ON,0.1,1,4,0,N/A,0,0,346,1308,0.264525993883792,0.136909,0.832235,32.6806,36.6022,1.9993,0.684495,0.885718,b56d990f86e127ab112ddac2fb337b251ae17f5ad76b8178586de0d9fb632c9d,60108,60108180332,60108180429,draw_dynamic_pedestrians_MAPPO_g6_ep8
audit__dynamic_pedestrians__MAPPO__g6__ep09,safety_envelope_intervention_audit,dynamic_pedestrians,MAPPO,training_checkpoint,6,9,4,ON,0.1,1,4,0,N/A,0,0,361,1388,0.260086455331412,0.141517,0.840743,30.5941,34.2654,1.4791,0.667704,0.831168,b56d990f86e127ab112ddac2fb337b251ae17f5ad76b8178586de0d9fb632c9d,60109,60109180336,60109180433,draw_dynamic_pedestrians_MAPPO_g6_ep9
audit__dynamic_pedestrians__MAPPO__g7__ep00,safety_envelope_intervention_audit,dynamic_pedestrians,MAPPO,training_checkpoint,7,0,4,ON,0.1,1,4,0,N/A,0,0,353,1425,0.247719298245614,0.151128,0.867488,32.9651,36.9209,2.4647,0.697951,0.858867,4607c21b2eb4a7a8f399ce755480a47d973b10f48a6daa24eba74568f388c86d,70100,70100210300,70100210397,draw_dynamic_pedestrians_MAPPO_g7_ep0
audit__dynamic_pedestrians__MAPPO__g7__ep01,safety_envelope_intervention_audit,dynamic_pedestrians,MAPPO,training_checkpoint,7,1,4,ON,0.1,1,4,0,N/A,0,0,324,1113,0.291105121293801,0.128216,0.847152,32.9752,36.9323,1.9919,0.647119,0.901559,4607c21b2eb4a7a8f399ce755480a47d973b10f48a6daa24eba74568f388c86d,70101,70101210304,70101210401,draw_dynamic_pedestrians_MAPPO_g7_ep1
audit__dynamic_pedestrians__MAPPO__g7__ep02,safety_envelope_intervention_audit,dynamic_pedestrians,MAPPO,training_checkpoint,7,2,4,ON,0.1,1,4,0,N/A,0,0,348,1278,0.272300469483568,0.132445,0.857979,31.4422,35.2153,2.1823,0.682198,0.842711,4607c21b2eb4a7a8f399ce755480a47d973b10f48a6daa24eba74568f388c86d,70102,70102210308,70102210405,draw_dynamic_pedestrians_MAPPO_g7_ep2
audit__dynamic_pedestrians__MAPPO__g7__ep03,safety_envelope_intervention_audit,dynamic_pedestrians,MAPPO,training_checkpoint,7,3,4,ON,0.1,1,4,0,N/A,0,0,324,1216,0.266447368421053,0.131911,0.873187,33.5517,37.5779,1.7055,0.668162,0.913442,4607c21b2eb4a7a8f399ce755480a47d973b10f48a6daa24eba74568f388c86d,70103,70103210312,70103210409,draw_dynamic_pedestrians_MAPPO_g7_ep3
audit__dynamic_pedestrians__MAPPO__g7__ep04,safety_envelope_intervention_audit,dynamic_pedestrians,MAPPO,training_checkpoint,7,4,4,ON,0.1,1,4,0,N/A,0,0,311,1170,0.265811965811966,0.150599,0.849937,31.5935,35.3848,2.4234,0.650764,0.844868,4607c21b2eb4a7a8f399ce755480a47d973b10f48a6daa24eba74568f388c86d,70104,70104210316,70104210413,draw_dynamic_pedestrians_MAPPO_g7_ep4
audit__dynamic_pedestrians__MAPPO__g7__ep05,safety_envelope_intervention_audit,dynamic_pedestrians,MAPPO,training_checkpoint,7,5,4,ON,0.1,1,4,0,N/A,0,0,332,1091,0.304307974335472,0.135209,0.862942,30.2453,33.8747,1.8889,0.643792,0.875801,4607c21b2eb4a7a8f399ce755480a47d973b10f48a6daa24eba74568f388c86d,70105,70105210320,70105210417,draw_dynamic_pedestrians_MAPPO_g7_ep5
audit__dynamic_pedestrians__MAPPO__g7__ep06,safety_envelope_intervention_audit,dynamic_pedestrians,MAPPO,training_checkpoint,7,6,4,ON,0.1,1,4,0,N/A,0,0,318,1133,0.280670785525155,0.154127,0.851932,30.8849,34.5911,1.118,0.697607,0.895037,4607c21b2eb4a7a8f399ce755480a47d973b10f48a6daa24eba74568f388c86d,70106,70106210324,70106210421,draw_dynamic_pedestrians_MAPPO_g7_ep6
audit__dynamic_pedestrians__MAPPO__g7__ep07,safety_envelope_intervention_audit,dynamic_pedestrians,MAPPO,training_checkpoint,7,7,4,ON,0.1,1,4,0,N/A,0,0,365,1346,0.271173848439822,0.143239,0.825144,33.9229,37.9936,1.0553,0.633264,0.843884,4607c21b2eb4a7a8f399ce755480a47d973b10f48a6daa24eba74568f388c86d,70107,70107210328,70107210425,draw_dynamic_pedestrians_MAPPO_g7_ep7
audit__dynamic_pedestrians__MAPPO__g7__ep08,safety_envelope_intervention_audit,dynamic_pedestrians,MAPPO,training_checkpoint,7,8,4,ON,0.1,1,4,0,N/A,0,0,355,1388,0.255763688760807,0.147559,0.836493,33.8001,37.8561,2.1377,0.638464,0.876556,4607c21b2eb4a7a8f399ce755480a47d973b10f48a6daa24eba74568f388c86d,70108,70108210332,70108210429,draw_dynamic_pedestrians_MAPPO_g7_ep8
audit__dynamic_pedestrians__MAPPO__g7__ep09,safety_envelope_intervention_audit,dynamic_pedestrians,MAPPO,training_checkpoint,7,9,4,ON,0.1,1,4,0,N/A,0,0,353,1353,0.26090169992609,0.14947,0.847745,33.2555,37.2462,2.2882,0.698508,0.873799,4607c21b2eb4a7a8f399ce755480a47d973b10f48a6daa24eba74568f388c86d,70109,70109210336,70109210433,draw_dynamic_pedestrians_MAPPO_g7_ep9
audit__mixed_complex__MAPPO__g0__ep00,safety_envelope_intervention_audit,mixed_complex,MAPPO,training_checkpoint,0,0,4,ON,0.1,1,4,0,N/A,0,0,572,1869,0.306046013911183,0.170737,0.83939,30.9452,34.6586,2.0777,0.638964,0.917005,0ca502417fc7ce8cc715ac05c7cd72fcb2ab4cb604afa783f55aae11b03dfdbc,200,200000600,200000697,draw_mixed_complex_MAPPO_g0_ep0
audit__mixed_complex__MAPPO__g0__ep01,safety_envelope_intervention_audit,mixed_complex,MAPPO,training_checkpoint,0,1,4,ON,0.1,1,4,0,N/A,0,0,660,2082,0.31700288184438,0.165327,0.838574,33.3143,37.312,2.4051,0.640651,0.911187,0ca502417fc7ce8cc715ac05c7cd72fcb2ab4cb604afa783f55aae11b03dfdbc,201,201000604,201000701,draw_mixed_complex_MAPPO_g0_ep1
audit__mixed_complex__MAPPO__g0__ep02,safety_envelope_intervention_audit,mixed_complex,MAPPO,training_checkpoint,0,2,4,ON,0.1,1,4,0,N/A,0,0,670,2196,0.305100182149363,0.140229,0.84146,31.2181,34.9643,1.2302,0.660245,0.892742,0ca502417fc7ce8cc715ac05c7cd72fcb2ab4cb604afa783f55aae11b03dfdbc,202,202000608,202000705,draw_mixed_complex_MAPPO_g0_ep2
audit__mixed_complex__MAPPO__g0__ep03,safety_envelope_intervention_audit,mixed_complex,MAPPO,training_checkpoint,0,3,4,ON,0.1,1,4,0,N/A,0,0,577,1937,0.297883324728962,0.162723,0.843788,30.8919,34.5989,1.4097,0.675844,0.842821,0ca502417fc7ce8cc715ac05c7cd72fcb2ab4cb604afa783f55aae11b03dfdbc,203,203000612,203000709,draw_mixed_complex_MAPPO_g0_ep3
audit__mixed_complex__MAPPO__g0__ep04,safety_envelope_intervention_audit,mixed_complex,MAPPO,training_checkpoint,0,4,4,ON,0.1,1,4,0,N/A,0,0,619,1884,0.328556263269639,0.174997,0.843209,31.4565,35.2313,1.1455,0.65566,0.810017,0ca502417fc7ce8cc715ac05c7cd72fcb2ab4cb604afa783f55aae11b03dfdbc,204,204000616,204000713,draw_mixed_complex_MAPPO_g0_ep4
audit__mixed_complex__MAPPO__g0__ep05,safety_envelope_intervention_audit,mixed_complex,MAPPO,training_checkpoint,0,5,4,ON,0.1,1,4,0,N/A,0,0,627,2098,0.298856053384175,0.156897,0.818037,30.7664,34.4584,1.6239,0.704811,0.891153,0ca502417fc7ce8cc715ac05c7cd72fcb2ab4cb604afa783f55aae11b03dfdbc,205,205000620,205000717,draw_mixed_complex_MAPPO_g0_ep5
audit__mixed_complex__MAPPO__g0__ep06,safety_envelope_intervention_audit,mixed_complex,MAPPO,training_checkpoint,0,6,4,ON,0.1,1,4,0,N/A,0,0,689,2352,0.292942176870748,0.148879,0.862602,34.1736,38.2745,2.2431,0.67268,0.899188,0ca502417fc7ce8cc715ac05c7cd72fcb2ab4cb604afa783f55aae11b03dfdbc,206,206000624,206000721,draw_mixed_complex_MAPPO_g0_ep6
audit__mixed_complex__MAPPO__g0__ep07,safety_envelope_intervention_audit,mixed_complex,MAPPO,training_checkpoint,0,7,4,ON,0.1,1,4,0,N/A,0,0,583,1748,0.333524027459954,0.170627,0.843469,31.8305,35.6502,2.1842,0.668023,0.890089,0ca502417fc7ce8cc715ac05c7cd72fcb2ab4cb604afa783f55aae11b03dfdbc,207,207000628,207000725,draw_mixed_complex_MAPPO_g0_ep7
audit__mixed_complex__MAPPO__g0__ep08,safety_envelope_intervention_audit,mixed_complex,MAPPO,training_checkpoint,0,8,4,ON,0.1,1,4,0,N/A,0,0,614,2091,0.293639406982305,0.151529,0.827771,30.516,34.1779,2.2885,0.679687,0.817216,0ca502417fc7ce8cc715ac05c7cd72fcb2ab4cb604afa783f55aae11b03dfdbc,208,208000632,208000729,draw_mixed_complex_MAPPO_g0_ep8
audit__mixed_complex__MAPPO__g0__ep09,safety_envelope_intervention_audit,mixed_complex,MAPPO,training_checkpoint,0,9,4,ON,0.1,1,4,0,N/A,0,0,623,1885,0.330503978779841,0.174201,0.863963,32.9327,36.8847,2.3263,0.66057,0.909525,0ca502417fc7ce8cc715ac05c7cd72fcb2ab4cb604afa783f55aae11b03dfdbc,209,209000636,209000733,draw_mixed_complex_MAPPO_g0_ep9
audit__mixed_complex__MAPPO__g1__ep00,safety_envelope_intervention_audit,mixed_complex,MAPPO,training_checkpoint,1,0,4,ON,0.1,1,4,0,N/A,0,0,611,1852,0.329913606911447,0.159751,0.840157,34.8971,39.0848,2.2573,0.6883,0.833663,9bb98e4f7d842e98fa4b512044747bc0b4c47124b2236f646416b2580d4dfee9,10200,10200030600,10200030697,draw_mixed_complex_MAPPO_g1_ep0
audit__mixed_complex__MAPPO__g1__ep01,safety_envelope_intervention_audit,mixed_complex,MAPPO,training_checkpoint,1,1,4,ON,0.1,1,4,0,N/A,0,0,618,1805,0.342382271468144,0.16389,0.84456,32.0881,35.9387,1.814,0.706373,0.899434,9bb98e4f7d842e98fa4b512044747bc0b4c47124b2236f646416b2580d4dfee9,10201,10201030604,10201030701,draw_mixed_complex_MAPPO_g1_ep1
audit__mixed_complex__MAPPO__g1__ep02,safety_envelope_intervention_audit,mixed_complex,MAPPO,training_checkpoint,1,2,4,ON,0.1,1,4,0,N/A,0,0,582,1912,0.304393305439331,0.159093,0.855055,34.8839,39.0699,1.1031,0.688509,0.844807,9bb98e4f7d842e98fa4b512044747bc0b4c47124b2236f646416b2580d4dfee9,10202,10202030608,10202030705,draw_mixed_complex_MAPPO_g1_ep2
audit__mixed_complex__MAPPO__g1__ep03,safety_envelope_intervention_audit,mixed_complex,MAPPO,training_checkpoint,1,3,4,ON,0.1,1,4,0,N/A,0,0,600,2016,0.297619047619048,0.160657,0.826042,33.4441,37.4574,1.8383,0.65332,0.837642,9bb98e4f7d842e98fa4b512044747bc0b4c47124b2236f646416b2580d4dfee9,10203,10203030612,10203030709,draw_mixed_complex_MAPPO_g1_ep3
audit__mixed_complex__MAPPO__g1__ep04,safety_envelope_intervention_audit,mixed_complex,MAPPO,training_checkpoint,1,4,4,ON,0.1,1,4,0,N/A,0,0,628,2076,0.302504816955684,0.168754,0.853129,31.5032,35.2836,1.6497,0.697997,0.860886,9bb98e4f7d842e98fa4b512044747bc0b4c47124b2236f646416b2580d4dfee9,10204,10204030616,10204030713,draw_mixed_complex_MAPPO_g1_ep4
audit__mixed_complex__MAPPO__g1__ep05,safety_envelope_intervention_audit,mixed_complex,MAPPO,training_checkpoint,1,5,4,ON,0.1,1,4,0,N/A,0,0,575,1844,0.311822125813449,0.166807,0.817085,34.5681,38.7162,1.466,0.672812,0.889007,9bb98e4f7d842e98fa4b512044747bc0b4c47124b2236f646416b2580d4dfee9,10205,10205030620,10205030717,draw_mixed_complex_MAPPO_g1_ep5
audit__mixed_complex__MAPPO__g1__ep06,safety_envelope_intervention_audit,mixed_complex,MAPPO,training_checkpoint,1,6,4,ON,0.1,1,4,0,N/A,0,0,623,1877,0.3319126265317,0.163795,0.840835,31.082,34.8118,1.6174,0.661913,0.866807,9bb98e4f7d842e98fa4b512044747bc0b4c47124b2236f646416b2580d4dfee9,10206,10206030624,10206030721,draw_mixed_complex_MAPPO_g1_ep6
audit__mixed_complex__MAPPO__g1__ep07,safety_envelope_intervention_audit,mixed_complex,MAPPO,training_checkpoint,1,7,4,ON,0.1,1,4,0,N/A,0,0,625,2036,0.306974459724951,0.147684,0.828243,33.7205,37.7669,2.0881,0.683403,0.838287,9bb98e4f7d842e98fa4b512044747bc0b4c47124b2236f646416b2580d4dfee9,10207,10207030628,10207030725,draw_mixed_complex_MAPPO_g1_ep7
audit__mixed_complex__MAPPO__g1__ep08,safety_envelope_intervention_audit,mixed_complex,MAPPO,training_checkpoint,1,8,4,ON,0.1,1,4,0,N/A,0,0,593,1895,0.312928759894459,0.159894,0.854692,30.1767,33.7979,1.0547,0.651157,0.859839,9bb98e4f7d842e98fa4b512044747bc0b4c47124b2236f646416b2580d4dfee9,10208,10208030632,10208030729,draw_mixed_complex_MAPPO_g1_ep8
audit__mixed_complex__MAPPO__g1__ep09,safety_envelope_intervention_audit,mixed_complex,MAPPO,training_checkpoint,1,9,4,ON,0.1,1,4,0,N/A,0,0,622,1948,0.319301848049281,0.154623,0.847147,31.0616,34.789,1.0079,0.701614,0.906247,9bb98e4f7d842e98fa4b512044747bc0b4c47124b2236f646416b2580d4dfee9,10209,10209030636,10209030733,draw_mixed_complex_MAPPO_g1_ep9
audit__mixed_complex__MAPPO__g2__ep00,safety_envelope_intervention_audit,mixed_complex,MAPPO,training_checkpoint,2,0,4,ON,0.1,1,4,0,N/A,0,0,626,1948,0.32135523613963,0.138996,0.888042,32.1765,36.0376,1.9857,0.706267,0.81418,37a60b6c598a8fb52ef0630130a0ff25612e37a333346153c086f87037cb7f26,20200,20200060600,20200060697,draw_mixed_complex_MAPPO_g2_ep0
audit__mixed_complex__MAPPO__g2__ep01,safety_envelope_intervention_audit,mixed_complex,MAPPO,training_checkpoint,2,1,4,ON,0.1,1,4,0,N/A,0,0,560,1954,0.286591606960082,0.152223,0.812101,32.65,36.568,1.1625,0.707069,0.84721,37a60b6c598a8fb52ef0630130a0ff25612e37a333346153c086f87037cb7f26,20201,20201060604,20201060701,draw_mixed_complex_MAPPO_g2_ep1
audit__mixed_complex__MAPPO__g2__ep02,safety_envelope_intervention_audit,mixed_complex,MAPPO,training_checkpoint,2,2,4,ON,0.1,1,4,0,N/A,0,0,611,1875,0.325866666666667,0.165927,0.837881,34.3932,38.5203,1.7001,0.688139,0.874983,37a60b6c598a8fb52ef0630130a0ff25612e37a333346153c086f87037cb7f26,20202,20202060608,20202060705,draw_mixed_complex_MAPPO_g2_ep2
audit__mixed_complex__MAPPO__g2__ep03,safety_envelope_intervention_audit,mixed_complex,MAPPO,training_checkpoint,2,3,4,ON,0.1,1,4,0,N/A,0,0,649,1960,0.331122448979592,0.169513,0.830374,31.2083,34.9533,2.0409,0.641194,0.897072,37a60b6c598a8fb52ef0630130a0ff25612e37a333346153c086f87037cb7f26,20203,20203060612,20203060709,draw_mixed_complex_MAPPO_g2_ep3
audit__mixed_complex__MAPPO__g2__ep04,safety_envelope_intervention_audit,mixed_complex,MAPPO,training_checkpoint,2,4,4,ON,0.1,1,4,0,N/A,0,0,605,1900,0.318421052631579,0.158055,0.84848,31.8863,35.7126,1.3391,0.637834,0.845991,37a60b6c598a8fb52ef0630130a0ff25612e37a333346153c086f87037cb7f26,20204,20204060616,20204060713,draw_mixed_complex_MAPPO_g2_ep4
audit__mixed_complex__MAPPO__g2__ep05,safety_envelope_intervention_audit,mixed_complex,MAPPO,training_checkpoint,2,5,4,ON,0.1,1,4,0,N/A,0,0,655,1882,0.348034006376196,0.152094,0.839552,33.5778,37.6072,2.0848,0.68365,0.874117,37a60b6c598a8fb52ef0630130a0ff25612e37a333346153c086f87037cb7f26,20205,20205060620,20205060717,draw_mixed_complex_MAPPO_g2_ep5
audit__mixed_complex__MAPPO__g2__ep06,safety_envelope_intervention_audit,mixed_complex,MAPPO,training_checkpoint,2,6,4,ON,0.1,1,4,0,N/A,0,0,595,1944,0.306069958847737,0.172692,0.825378,33.524,37.5469,2.332,0.670465,0.834276,37a60b6c598a8fb52ef0630130a0ff25612e37a333346153c086f87037cb7f26,20206,20206060624,20206060721,draw_mixed_complex_MAPPO_g2_ep6
audit__mixed_complex__MAPPO__g2__ep07,safety_envelope_intervention_audit,mixed_complex,MAPPO,training_checkpoint,2,7,4,ON,0.1,1,4,0,N/A,0,0,621,2026,0.306515301085883,0.17027,0.859131,31.4216,35.1921,2.4516,0.65652,0.822898,37a60b6c598a8fb52ef0630130a0ff25612e37a333346153c086f87037cb7f26,20207,20207060628,20207060725,draw_mixed_complex_MAPPO_g2_ep7
audit__mixed_complex__MAPPO__g2__ep08,safety_envelope_intervention_audit,mixed_complex,MAPPO,training_checkpoint,2,8,4,ON,0.1,1,4,0,N/A,0,0,650,1784,0.364349775784753,0.17154,0.826748,31.4913,35.2703,1.736,0.64095,0.914726,37a60b6c598a8fb52ef0630130a0ff25612e37a333346153c086f87037cb7f26,20208,20208060632,20208060729,draw_mixed_complex_MAPPO_g2_ep8
audit__mixed_complex__MAPPO__g2__ep09,safety_envelope_intervention_audit,mixed_complex,MAPPO,training_checkpoint,2,9,4,ON,0.1,1,4,0,N/A,0,0,559,1781,0.313868613138686,0.173256,0.833375,34.8529,39.0353,1.5659,0.667095,0.800077,37a60b6c598a8fb52ef0630130a0ff25612e37a333346153c086f87037cb7f26,20209,20209060636,20209060733,draw_mixed_complex_MAPPO_g2_ep9
audit__mixed_complex__MAPPO__g3__ep00,safety_envelope_intervention_audit,mixed_complex,MAPPO,training_checkpoint,3,0,4,ON,0.1,1,4,0,N/A,0,0,588,1932,0.304347826086956,0.166322,0.843607,34.6215,38.7761,1.0305,0.641071,0.866829,c45a8e9f7fbaccddb1f1ca519e29fef66b0e7446efa6c7104be796e719d0f8ce,30200,30200090600,30200090697,draw_mixed_complex_MAPPO_g3_ep0
audit__mixed_complex__MAPPO__g3__ep01,safety_envelope_intervention_audit,mixed_complex,MAPPO,training_checkpoint,3,1,4,ON,0.1,1,4,0,N/A,0,0,600,1980,0.303030303030303,0.173377,0.834168,33.4826,37.5005,1.0606,0.677305,0.918468,c45a8e9f7fbaccddb1f1ca519e29fef66b0e7446efa6c7104be796e719d0f8ce,30201,30201090604,30201090701,draw_mixed_complex_MAPPO_g3_ep1
audit__mixed_complex__MAPPO__g3__ep02,safety_envelope_intervention_audit,mixed_complex,MAPPO,training_checkpoint,3,2,4,ON,0.1,1,4,0,N/A,0,0,604,1757,0.343767785998862,0.15833,0.839442,31.1857,34.9279,2.3374,0.674883,0.859466,c45a8e9f7fbaccddb1f1ca519e29fef66b0e7446efa6c7104be796e719d0f8ce,30202,30202090608,30202090705,draw_mixed_complex_MAPPO_g3_ep2
audit__mixed_complex__MAPPO__g3__ep03,safety_envelope_intervention_audit,mixed_complex,MAPPO,training_checkpoint,3,3,4,ON,0.1,1,4,0,N/A,0,0,601,1801,0.333703498056635,0.159257,0.845188,34.0035,38.0839,1.0363,0.65396,0.82068,c45a8e9f7fbaccddb1f1ca519e29fef66b0e7446efa6c7104be796e719d0f8ce,30203,30203090612,30203090709,draw_mixed_complex_MAPPO_g3_ep3
audit__mixed_complex__MAPPO__g3__ep04,safety_envelope_intervention_audit,mixed_complex,MAPPO,training_checkpoint,3,4,4,ON,0.1,1,4,0,N/A,0,0,578,1707,0.338605741066198,0.157389,0.814449,32.6093,36.5224,2.4544,0.698748,0.896965,c45a8e9f7fbaccddb1f1ca519e29fef66b0e7446efa6c7104be796e719d0f8ce,30204,30204090616,30204090713,draw_mixed_complex_MAPPO_g3_ep4
audit__mixed_complex__MAPPO__g3__ep05,safety_envelope_intervention_audit,mixed_complex,MAPPO,training_checkpoint,3,5,4,ON,0.1,1,4,0,N/A,0,0,581,1795,0.323676880222841,0.158286,0.858555,33.4561,37.4709,2.362,0.671251,0.816295,c45a8e9f7fbaccddb1f1ca519e29fef66b0e7446efa6c7104be796e719d0f8ce,30205,30205090620,30205090717,draw_mixed_complex_MAPPO_g3_ep5
audit__mixed_complex__MAPPO__g3__ep06,safety_envelope_intervention_audit,mixed_complex,MAPPO,training_checkpoint,3,6,4,ON,0.1,1,4,0,N/A,0,0,566,1643,0.344491783323189,0.157158,0.865459,33.0198,36.9822,1.5591,0.67976,0.876538,c45a8e9f7fbaccddb1f1ca519e29fef66b0e7446efa6c7104be796e719d0f8ce,30206,30206090624,30206090721,draw_mixed_complex_MAPPO_g3_ep6
audit__mixed_complex__MAPPO__g3__ep07,safety_envelope_intervention_audit,mixed_complex,MAPPO,training_checkpoint,3,7,4,ON,0.1,1,4,0,N/A,0,0,619,2088,0.296455938697318,0.147678,0.827679,30.8325,34.5324,1.9698,0.701828,0.876169,c45a8e9f7fbaccddb1f1ca519e29fef66b0e7446efa6c7104be796e719d0f8ce,30207,30207090628,30207090725,draw_mixed_complex_MAPPO_g3_ep7
audit__mixed_complex__MAPPO__g3__ep08,safety_envelope_intervention_audit,mixed_complex,MAPPO,training_checkpoint,3,8,4,ON,0.1,1,4,0,N/A,0,0,581,1887,0.307896131425543,0.167741,0.842673,31.5176,35.2997,1.9717,0.64453,0.919057,c45a8e9f7fbaccddb1f1ca519e29fef66b0e7446efa6c7104be796e719d0f8ce,30208,30208090632,30208090729,draw_mixed_complex_MAPPO_g3_ep8
audit__mixed_complex__MAPPO__g3__ep09,safety_envelope_intervention_audit,mixed_complex,MAPPO,training_checkpoint,3,9,4,ON,0.1,1,4,0,N/A,0,0,613,1873,0.327282434596903,0.172242,0.832065,34.8662,39.0501,1.9688,0.634205,0.845916,c45a8e9f7fbaccddb1f1ca519e29fef66b0e7446efa6c7104be796e719d0f8ce,30209,30209090636,30209090733,draw_mixed_complex_MAPPO_g3_ep9
audit__mixed_complex__MAPPO__g4__ep00,safety_envelope_intervention_audit,mixed_complex,MAPPO,training_checkpoint,4,0,4,ON,0.1,1,4,0,N/A,0,0,631,2029,0.310990635781173,0.154161,0.858197,32.02,35.8624,2.0049,0.668711,0.881063,e636f42911fd38bd9840b30fc3b2209eac23d4212d0409ef97cf77ff3e60b89e,40200,40200120600,40200120697,draw_mixed_complex_MAPPO_g4_ep0
audit__mixed_complex__MAPPO__g4__ep01,safety_envelope_intervention_audit,mixed_complex,MAPPO,training_checkpoint,4,1,4,ON,0.1,1,4,0,N/A,0,0,529,1709,0.309537741369222,0.161553,0.84829,30.7971,34.4927,1.8616,0.640017,0.834466,e636f42911fd38bd9840b30fc3b2209eac23d4212d0409ef97cf77ff3e60b89e,40201,40201120604,40201120701,draw_mixed_complex_MAPPO_g4_ep1
audit__mixed_complex__MAPPO__g4__ep02,safety_envelope_intervention_audit,mixed_complex,MAPPO,training_checkpoint,4,2,4,ON,0.1,1,4,0,N/A,0,0,617,1863,0.331186258722491,0.189739,0.846496,34.0425,38.1276,1.6083,0.65775,0.813767,e636f42911fd38bd9840b30fc3b2209eac23d4212d0409ef97cf77ff3e60b89e,40202,40202120608,40202120705,draw_mixed_complex_MAPPO_g4_ep2
audit__mixed_complex__MAPPO__g4__ep03,safety_envelope_intervention_audit,mixed_complex,MAPPO,training_checkpoint,4,3,4,ON,0.1,1,4,0,N/A,0,0,551,1732,0.318129330254042,0.160718,0.822321,33.6119,37.6453,1.7516,0.692805,0.873355,e636f42911fd38bd9840b30fc3b2209eac23d4212d0409ef97cf77ff3e60b89e,40203,40203120612,40203120709,draw_mixed_complex_MAPPO_g4_ep3
audit__mixed_complex__MAPPO__g4__ep04,safety_envelope_intervention_audit,mixed_complex,MAPPO,training_checkpoint,4,4,4,ON,0.1,1,4,0,N/A,0,0,603,1757,0.343198634035287,0.157452,0.821702,33.8689,37.9332,1.278,0.659566,0.918709,e636f42911fd38bd9840b30fc3b2209eac23d4212d0409ef97cf77ff3e60b89e,40204,40204120616,40204120713,draw_mixed_complex_MAPPO_g4_ep4
audit__mixed_complex__MAPPO__g4__ep05,safety_envelope_intervention_audit,mixed_complex,MAPPO,training_checkpoint,4,5,4,ON,0.1,1,4,0,N/A,0,0,581,1712,0.339369158878505,0.158592,0.827846,34.4818,38.6196,1.3144,0.654837,0.873732,e636f42911fd38bd9840b30fc3b2209eac23d4212d0409ef97cf77ff3e60b89e,40205,40205120620,40205120717,draw_mixed_complex_MAPPO_g4_ep5
audit__mixed_complex__MAPPO__g4__ep06,safety_envelope_intervention_audit,mixed_complex,MAPPO,training_checkpoint,4,6,4,ON,0.1,1,4,0,N/A,0,0,571,1727,0.330631152287203,0.178472,0.833959,31.2274,34.9747,2.1763,0.633966,0.888065,e636f42911fd38bd9840b30fc3b2209eac23d4212d0409ef97cf77ff3e60b89e,40206,40206120624,40206120721,draw_mixed_complex_MAPPO_g4_ep6
audit__mixed_complex__MAPPO__g4__ep07,safety_envelope_intervention_audit,mixed_complex,MAPPO,training_checkpoint,4,7,4,ON,0.1,1,4,0,N/A,0,0,617,1825,0.338082191780822,0.144046,0.871535,34.2064,38.3112,1.3303,0.685774,0.880171,e636f42911fd38bd9840b30fc3b2209eac23d4212d0409ef97cf77ff3e60b89e,40207,40207120628,40207120725,draw_mixed_complex_MAPPO_g4_ep7
audit__mixed_complex__MAPPO__g4__ep08,safety_envelope_intervention_audit,mixed_complex,MAPPO,training_checkpoint,4,8,4,ON,0.1,1,4,0,N/A,0,0,591,1693,0.349084465445954,0.160268,0.819892,30.1387,33.7554,1.9412,0.639863,0.869893,e636f42911fd38bd9840b30fc3b2209eac23d4212d0409ef97cf77ff3e60b89e,40208,40208120632,40208120729,draw_mixed_complex_MAPPO_g4_ep8
audit__mixed_complex__MAPPO__g4__ep09,safety_envelope_intervention_audit,mixed_complex,MAPPO,training_checkpoint,4,9,4,ON,0.1,1,4,0,N/A,0,0,590,1729,0.341237709658762,0.196067,0.845208,34.9312,39.1229,1.5891,0.702117,0.902974,e636f42911fd38bd9840b30fc3b2209eac23d4212d0409ef97cf77ff3e60b89e,40209,40209120636,40209120733,draw_mixed_complex_MAPPO_g4_ep9
audit__mixed_complex__MAPPO__g5__ep00,safety_envelope_intervention_audit,mixed_complex,MAPPO,training_checkpoint,5,0,4,ON,0.1,1,4,0,N/A,0,0,675,2298,0.293733681462141,0.175747,0.84084,30.6782,34.3595,2.2664,0.666916,0.886209,e6a2846538f683858547fe4180abdaf81394daa57a969cd7b89cd97ba0793342,50200,50200150600,50200150697,draw_mixed_complex_MAPPO_g5_ep0
audit__mixed_complex__MAPPO__g5__ep01,safety_envelope_intervention_audit,mixed_complex,MAPPO,training_checkpoint,5,1,4,ON,0.1,1,4,0,N/A,0,0,641,1921,0.333680374804789,0.15886,0.854343,34.55,38.696,2.1946,0.692721,0.882082,e6a2846538f683858547fe4180abdaf81394daa57a969cd7b89cd97ba0793342,50201,50201150604,50201150701,draw_mixed_complex_MAPPO_g5_ep1
audit__mixed_complex__MAPPO__g5__ep02,safety_envelope_intervention_audit,mixed_complex,MAPPO,training_checkpoint,5,2,4,ON,0.1,1,4,0,N/A,0,0,653,2083,0.313490158425348,0.142363,0.878847,30.1455,33.7629,1.541,0.702641,0.832479,e6a2846538f683858547fe4180abdaf81394daa57a969cd7b89cd97ba0793342,50202,50202150608,50202150705,draw_mixed_complex_MAPPO_g5_ep2
audit__mixed_complex__MAPPO__g5__ep03,safety_envelope_intervention_audit,mixed_complex,MAPPO,training_checkpoint,5,3,4,ON,0.1,1,4,0,N/A,0,0,632,2112,0.299242424242424,0.163301,0.864112,33.8632,37.9268,1.542,0.637172,0.860215,e6a2846538f683858547fe4180abdaf81394daa57a969cd7b89cd97ba0793342,50203,50203150612,50203150709,draw_mixed_complex_MAPPO_g5_ep3
audit__mixed_complex__MAPPO__g5__ep04,safety_envelope_intervention_audit,mixed_complex,MAPPO,training_checkpoint,5,4,4,ON,0.1,1,4,0,N/A,0,0,578,1809,0.31951354339414,0.143461,0.841972,34.3515,38.4737,1.9622,0.671282,0.837052,e6a2846538f683858547fe4180abdaf81394daa57a969cd7b89cd97ba0793342,50204,50204150616,50204150713,draw_mixed_complex_MAPPO_g5_ep4
audit__mixed_complex__MAPPO__g5__ep05,safety_envelope_intervention_audit,mixed_complex,MAPPO,training_checkpoint,5,5,4,ON,0.1,1,4,0,N/A,0,0,559,1656,0.33756038647343,0.165612,0.853759,34.1867,38.2891,2.2487,0.653782,0.906697,e6a2846538f683858547fe4180abdaf81394daa57a969cd7b89cd97ba0793342,50205,50205150620,50205150717,draw_mixed_complex_MAPPO_g5_ep5
audit__mixed_complex__MAPPO__g5__ep06,safety_envelope_intervention_audit,mixed_complex,MAPPO,training_checkpoint,5,6,4,ON,0.1,1,4,0,N/A,0,0,616,1911,0.322344322344322,0.179368,0.805334,32.9534,36.9078,1.2148,0.655379,0.816871,e6a2846538f683858547fe4180abdaf81394daa57a969cd7b89cd97ba0793342,50206,50206150624,50206150721,draw_mixed_complex_MAPPO_g5_ep6
audit__mixed_complex__MAPPO__g5__ep07,safety_envelope_intervention_audit,mixed_complex,MAPPO,training_checkpoint,5,7,4,ON,0.1,1,4,0,N/A,0,0,593,1809,0.327805417357656,0.166329,0.833863,32.8786,36.8241,1.8404,0.657181,0.894493,e6a2846538f683858547fe4180abdaf81394daa57a969cd7b89cd97ba0793342,50207,50207150628,50207150725,draw_mixed_complex_MAPPO_g5_ep7
audit__mixed_complex__MAPPO__g5__ep08,safety_envelope_intervention_audit,mixed_complex,MAPPO,training_checkpoint,5,8,4,ON,0.1,1,4,0,N/A,0,0,638,2109,0.302513039355145,0.156087,0.845067,30.5901,34.2609,2.0874,0.677512,0.834348,e6a2846538f683858547fe4180abdaf81394daa57a969cd7b89cd97ba0793342,50208,50208150632,50208150729,draw_mixed_complex_MAPPO_g5_ep8
audit__mixed_complex__MAPPO__g5__ep09,safety_envelope_intervention_audit,mixed_complex,MAPPO,training_checkpoint,5,9,4,ON,0.1,1,4,0,N/A,0,0,607,1880,0.322872340425532,0.164107,0.803244,33.6722,37.7128,1.6716,0.666952,0.83989,e6a2846538f683858547fe4180abdaf81394daa57a969cd7b89cd97ba0793342,50209,50209150636,50209150733,draw_mixed_complex_MAPPO_g5_ep9
audit__mixed_complex__MAPPO__g6__ep00,safety_envelope_intervention_audit,mixed_complex,MAPPO,training_checkpoint,6,0,4,ON,0.1,1,4,0,N/A,0,0,637,2044,0.311643835616438,0.15076,0.817022,30.2619,33.8933,1.1156,0.638316,0.858031,be0fc729bb8d0d485bb80c427b94aecfdfb3c2bde20e06ada2f436a88984e96a,60200,60200180600,60200180697,draw_mixed_complex_MAPPO_g6_ep0
audit__mixed_complex__MAPPO__g6__ep01,safety_envelope_intervention_audit,mixed_complex,MAPPO,training_checkpoint,6,1,4,ON,0.1,1,4,0,N/A,0,0,596,1810,0.329281767955801,0.157966,0.856484,33.6606,37.6998,2.2753,0.652555,0.868301,be0fc729bb8d0d485bb80c427b94aecfdfb3c2bde20e06ada2f436a88984e96a,60201,60201180604,60201180701,draw_mixed_complex_MAPPO_g6_ep1
audit__mixed_complex__MAPPO__g6__ep02,safety_envelope_intervention_audit,mixed_complex,MAPPO,training_checkpoint,6,2,4,ON,0.1,1,4,0,N/A,0,0,619,1987,0.311524911927529,0.16171,0.839844,34.6688,38.829,1.106,0.701683,0.865248,be0fc729bb8d0d485bb80c427b94aecfdfb3c2bde20e06ada2f436a88984e96a,60202,60202180608,60202180705,draw_mixed_complex_MAPPO_g6_ep2
audit__mixed_complex__MAPPO__g6__ep03,safety_envelope_intervention_audit,mixed_complex,MAPPO,training_checkpoint,6,3,4,ON,0.1,1,4,0,N/A,0,0,577,1750,0.329714285714286,0.169263,0.850231,33.6635,37.7031,1.5959,0.632427,0.862618,be0fc729bb8d0d485bb80c427b94aecfdfb3c2bde20e06ada2f436a88984e96a,60203,60203180612,60203180709,draw_mixed_complex_MAPPO_g6_ep3
audit__mixed_complex__MAPPO__g6__ep04,safety_envelope_intervention_audit,mixed_complex,MAPPO,training_checkpoint,6,4,4,ON,0.1,1,4,0,N/A,0,0,631,2041,0.309162175404214,0.159628,0.831282,30.0085,33.6095,1.6745,0.646509,0.886647,be0fc729bb8d0d485bb80c427b94aecfdfb3c2bde20e06ada2f436a88984e96a,60204,60204180616,60204180713,draw_mixed_complex_MAPPO_g6_ep4
audit__mixed_complex__MAPPO__g6__ep05,safety_envelope_intervention_audit,mixed_complex,MAPPO,training_checkpoint,6,5,4,ON,0.1,1,4,0,N/A,0,0,590,2000,0.295,0.166195,0.829233,34.0511,38.1373,1.832,0.682122,0.821606,be0fc729bb8d0d485bb80c427b94aecfdfb3c2bde20e06ada2f436a88984e96a,60205,60205180620,60205180717,draw_mixed_complex_MAPPO_g6_ep5
audit__mixed_complex__MAPPO__g6__ep06,safety_envelope_intervention_audit,mixed_complex,MAPPO,training_checkpoint,6,6,4,ON,0.1,1,4,0,N/A,0,0,620,1921,0.32274856845393,0.15345,0.851722,31.7695,35.5819,1.532,0.642805,0.887403,be0fc729bb8d0d485bb80c427b94aecfdfb3c2bde20e06ada2f436a88984e96a,60206,60206180624,60206180721,draw_mixed_complex_MAPPO_g6_ep6
audit__mixed_complex__MAPPO__g6__ep07,safety_envelope_intervention_audit,mixed_complex,MAPPO,training_checkpoint,6,7,4,ON,0.1,1,4,0,N/A,0,0,611,1877,0.325519445924347,0.165133,0.844912,32.1417,35.9987,2.245,0.683934,0.859054,be0fc729bb8d0d485bb80c427b94aecfdfb3c2bde20e06ada2f436a88984e96a,60207,60207180628,60207180725,draw_mixed_complex_MAPPO_g6_ep7
audit__mixed_complex__MAPPO__g6__ep08,safety_envelope_intervention_audit,mixed_complex,MAPPO,training_checkpoint,6,8,4,ON,0.1,1,4,0,N/A,0,0,630,1911,0.32967032967033,0.172512,0.836974,31.8211,35.6396,2.0607,0.650664,0.83904,be0fc729bb8d0d485bb80c427b94aecfdfb3c2bde20e06ada2f436a88984e96a,60208,60208180632,60208180729,draw_mixed_complex_MAPPO_g6_ep8
audit__mixed_complex__MAPPO__g6__ep09,safety_envelope_intervention_audit,mixed_complex,MAPPO,training_checkpoint,6,9,4,ON,0.1,1,4,0,N/A,0,0,638,1899,0.335966298051606,0.171243,0.85338,30.068,33.6762,1.3166,0.638314,0.868603,be0fc729bb8d0d485bb80c427b94aecfdfb3c2bde20e06ada2f436a88984e96a,60209,60209180636,60209180733,draw_mixed_complex_MAPPO_g6_ep9
audit__mixed_complex__MAPPO__g7__ep00,safety_envelope_intervention_audit,mixed_complex,MAPPO,training_checkpoint,7,0,4,ON,0.1,1,4,0,N/A,0,0,641,2007,0.31938216243149,0.159072,0.827966,32.8509,36.793,1.4644,0.661393,0.906433,eab3d77c6f40495132dedf0d69ec50ff214661db19ef84577a7df6302eab57ca,70200,70200210600,70200210697,draw_mixed_complex_MAPPO_g7_ep0
audit__mixed_complex__MAPPO__g7__ep01,safety_envelope_intervention_audit,mixed_complex,MAPPO,training_checkpoint,7,1,4,ON,0.1,1,4,0,N/A,0,0,581,1706,0.340562719812427,0.156665,0.829048,30.4862,34.1445,1.3094,0.676521,0.891761,eab3d77c6f40495132dedf0d69ec50ff214661db19ef84577a7df6302eab57ca,70201,70201210604,70201210701,draw_mixed_complex_MAPPO_g7_ep1
audit__mixed_complex__MAPPO__g7__ep02,safety_envelope_intervention_audit,mixed_complex,MAPPO,training_checkpoint,7,2,4,ON,0.1,1,4,0,N/A,0,0,563,1770,0.318079096045198,0.169904,0.856416,34.5773,38.7265,1.2083,0.632507,0.830268,eab3d77c6f40495132dedf0d69ec50ff214661db19ef84577a7df6302eab57ca,70202,70202210608,70202210705,draw_mixed_complex_MAPPO_g7_ep2
audit__mixed_complex__MAPPO__g7__ep03,safety_envelope_intervention_audit,mixed_complex,MAPPO,training_checkpoint,7,3,4,ON,0.1,1,4,0,N/A,0,0,655,2116,0.309546313799622,0.156059,0.844805,33.3263,37.3254,1.3311,0.692331,0.857324,eab3d77c6f40495132dedf0d69ec50ff214661db19ef84577a7df6302eab57ca,70203,70203210612,70203210709,draw_mixed_complex_MAPPO_g7_ep3
audit__mixed_complex__MAPPO__g7__ep04,safety_envelope_intervention_audit,mixed_complex,MAPPO,training_checkpoint,7,4,4,ON,0.1,1,4,0,N/A,0,0,660,2214,0.29810298102981,0.149308,0.848094,31.8008,35.6169,2.0303,0.671689,0.821852,eab3d77c6f40495132dedf0d69ec50ff214661db19ef84577a7df6302eab57ca,70204,70204210616,70204210713,draw_mixed_complex_MAPPO_g7_ep4
audit__mixed_complex__MAPPO__g7__ep05,safety_envelope_intervention_audit,mixed_complex,MAPPO,training_checkpoint,7,5,4,ON,0.1,1,4,0,N/A,0,0,627,1773,0.353637901861252,0.153545,0.839718,32.7722,36.7049,1.3092,0.708074,0.806391,eab3d77c6f40495132dedf0d69ec50ff214661db19ef84577a7df6302eab57ca,70205,70205210620,70205210717,draw_mixed_complex_MAPPO_g7_ep5
audit__mixed_complex__MAPPO__g7__ep06,safety_envelope_intervention_audit,mixed_complex,MAPPO,training_checkpoint,7,6,4,ON,0.1,1,4,0,N/A,0,0,625,1905,0.328083989501312,0.148488,0.839926,32.2826,36.1565,1.7817,0.674123,0.815541,eab3d77c6f40495132dedf0d69ec50ff214661db19ef84577a7df6302eab57ca,70206,70206210624,70206210721,draw_mixed_complex_MAPPO_g7_ep6
audit__mixed_complex__MAPPO__g7__ep07,safety_envelope_intervention_audit,mixed_complex,MAPPO,training_checkpoint,7,7,4,ON,0.1,1,4,0,N/A,0,0,562,1684,0.333729216152019,0.164012,0.856205,31.9845,35.8227,1.2505,0.695612,0.871019,eab3d77c6f40495132dedf0d69ec50ff214661db19ef84577a7df6302eab57ca,70207,70207210628,70207210725,draw_mixed_complex_MAPPO_g7_ep7
audit__mixed_complex__MAPPO__g7__ep08,safety_envelope_intervention_audit,mixed_complex,MAPPO,training_checkpoint,7,8,4,ON,0.1,1,4,0,N/A,0,0,580,1859,0.311995696611081,0.171252,0.838096,31.3021,35.0583,1.7345,0.684003,0.853888,eab3d77c6f40495132dedf0d69ec50ff214661db19ef84577a7df6302eab57ca,70208,70208210632,70208210729,draw_mixed_complex_MAPPO_g7_ep8
audit__mixed_complex__MAPPO__g7__ep09,safety_envelope_intervention_audit,mixed_complex,MAPPO,training_checkpoint,7,9,4,ON,0.1,1,4,0,N/A,0,0,630,2099,0.300142925202477,0.164092,0.838257,30.6925,34.3756,2.4827,0.646434,0.858968,eab3d77c6f40495132dedf0d69ec50ff214661db19ef84577a7df6302eab57ca,70209,70209210636,70209210733,draw_mixed_complex_MAPPO_g7_ep9
audit__static_clutter__MADDPG-style__g0__ep00,safety_envelope_intervention_audit,static_clutter,MADDPG-style,training_checkpoint,0,0,4,ON,0.1,1,4,0,N/A,0,N/A,376,1350,0.278518518518518,0.118543,1.003003,30.6383,34.3148,1.3859,0.634164,N/A,265e89e44b989dc8a332a4791c1d4edc3c47ad009cce9068ca2f8c1e544878bc,0,0,N/A (no pedestrians),draw_static_clutter_MADDPG-style_g0_ep0
audit__static_clutter__MADDPG-style__g0__ep01,safety_envelope_intervention_audit,static_clutter,MADDPG-style,training_checkpoint,0,1,4,ON,0.1,1,4,0,N/A,0,N/A,376,1350,0.278518518518518,0.112634,0.983003,32.5352,36.4394,1.8885,0.686323,N/A,265e89e44b989dc8a332a4791c1d4edc3c47ad009cce9068ca2f8c1e544878bc,1,1000004,N/A (no pedestrians),draw_static_clutter_MADDPG-style_g0_ep1
audit__static_clutter__MADDPG-style__g0__ep02,safety_envelope_intervention_audit,static_clutter,MADDPG-style,training_checkpoint,0,2,4,ON,0.1,1,4,0,N/A,0,N/A,405,1443,0.280665280665281,0.120448,0.993003,30.0762,33.6853,1.1479,0.672321,N/A,265e89e44b989dc8a332a4791c1d4edc3c47ad009cce9068ca2f8c1e544878bc,2,2000008,N/A (no pedestrians),draw_static_clutter_MADDPG-style_g0_ep2
audit__static_clutter__MADDPG-style__g0__ep03,safety_envelope_intervention_audit,static_clutter,MADDPG-style,training_checkpoint,0,3,4,ON,0.1,1,4,0,N/A,0,N/A,377,1385,0.272202166064982,0.125576,0.993003,33.0772,37.0464,1.7417,0.690683,N/A,265e89e44b989dc8a332a4791c1d4edc3c47ad009cce9068ca2f8c1e544878bc,3,3000012,N/A (no pedestrians),draw_static_clutter_MADDPG-style_g0_ep3
audit__static_clutter__MADDPG-style__g0__ep04,safety_envelope_intervention_audit,static_clutter,MADDPG-style,training_checkpoint,0,4,4,ON,0.1,1,4,0,N/A,0,N/A,391,1487,0.262945527908541,0.11925,0.993003,33.7842,37.8383,1.6734,0.668118,N/A,265e89e44b989dc8a332a4791c1d4edc3c47ad009cce9068ca2f8c1e544878bc,4,4000016,N/A (no pedestrians),draw_static_clutter_MADDPG-style_g0_ep4
audit__static_clutter__MADDPG-style__g0__ep05,safety_envelope_intervention_audit,static_clutter,MADDPG-style,training_checkpoint,0,5,4,ON,0.1,1,4,0,N/A,0,N/A,368,1407,0.261549395877754,0.109022,0.993003,32.297,36.1727,1.2368,0.64296,N/A,265e89e44b989dc8a332a4791c1d4edc3c47ad009cce9068ca2f8c1e544878bc,5,5000020,N/A (no pedestrians),draw_static_clutter_MADDPG-style_g0_ep5
audit__static_clutter__MADDPG-style__g0__ep06,safety_envelope_intervention_audit,static_clutter,MADDPG-style,training_checkpoint,0,6,4,ON,0.1,1,4,0,N/A,0,N/A,378,1466,0.257844474761255,0.115051,0.993003,34.129,38.2244,1.9029,0.689123,N/A,265e89e44b989dc8a332a4791c1d4edc3c47ad009cce9068ca2f8c1e544878bc,6,6000024,N/A (no pedestrians),draw_static_clutter_MADDPG-style_g0_ep6
audit__static_clutter__MADDPG-style__g0__ep07,safety_envelope_intervention_audit,static_clutter,MADDPG-style,training_checkpoint,0,7,4,ON,0.1,1,4,0,N/A,0,N/A,365,1473,0.247793618465716,0.120381,0.993003,33.1118,37.0852,1.2706,0.643779,N/A,265e89e44b989dc8a332a4791c1d4edc3c47ad009cce9068ca2f8c1e544878bc,7,7000028,N/A (no pedestrians),draw_static_clutter_MADDPG-style_g0_ep7
audit__static_clutter__MADDPG-style__g0__ep08,safety_envelope_intervention_audit,static_clutter,MADDPG-style,training_checkpoint,0,8,4,ON,0.1,1,4,0,N/A,0,N/A,420,1652,0.254237288135593,0.125723,0.993003,31.5266,35.3097,1.9591,0.658229,N/A,265e89e44b989dc8a332a4791c1d4edc3c47ad009cce9068ca2f8c1e544878bc,8,8000032,N/A (no pedestrians),draw_static_clutter_MADDPG-style_g0_ep8
audit__static_clutter__MADDPG-style__g0__ep09,safety_envelope_intervention_audit,static_clutter,MADDPG-style,training_checkpoint,0,9,4,ON,0.1,1,4,0,N/A,0,N/A,389,1332,0.292042042042042,0.120324,0.993003,34.7968,38.9724,1.5289,0.684055,N/A,265e89e44b989dc8a332a4791c1d4edc3c47ad009cce9068ca2f8c1e544878bc,9,9000036,N/A (no pedestrians),draw_static_clutter_MADDPG-style_g0_ep9
audit__static_clutter__MADDPG-style__g1__ep00,safety_envelope_intervention_audit,static_clutter,MADDPG-style,training_checkpoint,1,0,4,ON,0.1,1,4,0,N/A,0,N/A,386,1605,0.240498442367601,0.128944,0.988722,32.5459,36.4514,2.2393,0.677028,N/A,aee990dc0ea64b2a5f68ad07aed8a5ea50dea95bc4d99078f5ad6f301644c905,10000,10000030000,N/A (no pedestrians),draw_static_clutter_MADDPG-style_g1_ep0
audit__static_clutter__MADDPG-style__g1__ep01,safety_envelope_intervention_audit,static_clutter,MADDPG-style,training_checkpoint,1,1,4,ON,0.1,1,4,0,N/A,0,N/A,374,1522,0.245729303547963,0.114908,0.986746,33.3463,37.3478,1.9921,0.708299,N/A,aee990dc0ea64b2a5f68ad07aed8a5ea50dea95bc4d99078f5ad6f301644c905,10001,10001030004,N/A (no pedestrians),draw_static_clutter_MADDPG-style_g1_ep1
audit__static_clutter__MADDPG-style__g1__ep02,safety_envelope_intervention_audit,static_clutter,MADDPG-style,training_checkpoint,1,2,4,ON,0.1,1,4,0,N/A,0,N/A,390,1514,0.257595772787318,0.122647,0.985802,31.1873,34.9298,1.7345,0.664117,N/A,aee990dc0ea64b2a5f68ad07aed8a5ea50dea95bc4d99078f5ad6f301644c905,10002,10002030008,N/A (no pedestrians),draw_static_clutter_MADDPG-style_g1_ep2
audit__static_clutter__MADDPG-style__g1__ep03,safety_envelope_intervention_audit,static_clutter,MADDPG-style,training_checkpoint,1,3,4,ON,0.1,1,4,0,N/A,0,N/A,383,1330,0.28796992481203,0.121579,0.992485,32.6705,36.591,1.0163,0.680042,N/A,aee990dc0ea64b2a5f68ad07aed8a5ea50dea95bc4d99078f5ad6f301644c905,10003,10003030012,N/A (no pedestrians),draw_static_clutter_MADDPG-style_g1_ep3
audit__static_clutter__MADDPG-style__g1__ep04,safety_envelope_intervention_audit,static_clutter,MADDPG-style,training_checkpoint,1,4,4,ON,0.1,1,4,0,N/A,0,N/A,405,1414,0.286421499292786,0.111029,0.989965,32.562,36.4694,2.0758,0.655674,N/A,aee990dc0ea64b2a5f68ad07aed8a5ea50dea95bc4d99078f5ad6f301644c905,10004,10004030016,N/A (no pedestrians),draw_static_clutter_MADDPG-style_g1_ep4
audit__static_clutter__MADDPG-style__g1__ep05,safety_envelope_intervention_audit,static_clutter,MADDPG-style,training_checkpoint,1,5,4,ON,0.1,1,4,0,N/A,0,N/A,384,1357,0.282977155490052,0.120299,0.999001,32.6575,36.5764,2.3206,0.646051,N/A,aee990dc0ea64b2a5f68ad07aed8a5ea50dea95bc4d99078f5ad6f301644c905,10005,10005030020,N/A (no pedestrians),draw_static_clutter_MADDPG-style_g1_ep5
audit__static_clutter__MADDPG-style__g1__ep06,safety_envelope_intervention_audit,static_clutter,MADDPG-style,training_checkpoint,1,6,4,ON,0.1,1,4,0,N/A,0,N/A,355,1348,0.263353115727003,0.122434,0.995091,30.0873,33.6978,1.0298,0.631787,N/A,aee990dc0ea64b2a5f68ad07aed8a5ea50dea95bc4d99078f5ad6f301644c905,10006,10006030024,N/A (no pedestrians),draw_static_clutter_MADDPG-style_g1_ep6
audit__static_clutter__MADDPG-style__g1__ep07,safety_envelope_intervention_audit,static_clutter,MADDPG-style,training_checkpoint,1,7,4,ON,0.1,1,4,0,N/A,0,N/A,415,1605,0.258566978193146,0.117581,0.989684,30.9751,34.6921,2.3601,0.661151,N/A,aee990dc0ea64b2a5f68ad07aed8a5ea50dea95bc4d99078f5ad6f301644c905,10007,10007030028,N/A (no pedestrians),draw_static_clutter_MADDPG-style_g1_ep7
audit__static_clutter__MADDPG-style__g1__ep08,safety_envelope_intervention_audit,static_clutter,MADDPG-style,training_checkpoint,1,8,4,ON,0.1,1,4,0,N/A,0,N/A,398,1573,0.253019707565162,0.103366,0.999806,32.861,36.8043,2.236,0.642178,N/A,aee990dc0ea64b2a5f68ad07aed8a5ea50dea95bc4d99078f5ad6f301644c905,10008,10008030032,N/A (no pedestrians),draw_static_clutter_MADDPG-style_g1_ep8
audit__static_clutter__MADDPG-style__g1__ep09,safety_envelope_intervention_audit,static_clutter,MADDPG-style,training_checkpoint,1,9,4,ON,0.1,1,4,0,N/A,0,N/A,396,1529,0.258992805755396,0.131792,0.970037,34.4277,38.5591,1.0696,0.694379,N/A,aee990dc0ea64b2a5f68ad07aed8a5ea50dea95bc4d99078f5ad6f301644c905,10009,10009030036,N/A (no pedestrians),draw_static_clutter_MADDPG-style_g1_ep9
audit__static_clutter__MADDPG-style__g2__ep00,safety_envelope_intervention_audit,static_clutter,MADDPG-style,training_checkpoint,2,0,4,ON,0.1,1,4,0,N/A,0,N/A,400,1384,0.289017341040462,0.133167,1.005907,32.548,36.4537,1.5865,0.652091,N/A,8d50d5990df7d0ef7138b722e2cd761cb2dffb6adbf1f051db41adad6fa0f010,20000,20000060000,N/A (no pedestrians),draw_static_clutter_MADDPG-style_g2_ep0
audit__static_clutter__MADDPG-style__g2__ep01,safety_envelope_intervention_audit,static_clutter,MADDPG-style,training_checkpoint,2,1,4,ON,0.1,1,4,0,N/A,0,N/A,366,1418,0.258110014104372,0.113861,0.985907,32.1746,36.0355,2.2647,0.648118,N/A,8d50d5990df7d0ef7138b722e2cd761cb2dffb6adbf1f051db41adad6fa0f010,20001,20001060004,N/A (no pedestrians),draw_static_clutter_MADDPG-style_g2_ep1
audit__static_clutter__MADDPG-style__g2__ep02,safety_envelope_intervention_audit,static_clutter,MADDPG-style,training_checkpoint,2,2,4,ON,0.1,1,4,0,N/A,0,N/A,366,1341,0.272930648769575,0.113923,0.995907,32.4207,36.3112,1.8244,0.700641,N/A,8d50d5990df7d0ef7138b722e2cd761cb2dffb6adbf1f051db41adad6fa0f010,20002,20002060008,N/A (no pedestrians),draw_static_clutter_MADDPG-style_g2_ep2
audit__static_clutter__MADDPG-style__g2__ep03,safety_envelope_intervention_audit,static_clutter,MADDPG-style,training_checkpoint,2,3,4,ON,0.1,1,4,0,N/A,0,N/A,358,1367,0.26188734455011,0.110424,0.995907,32.6984,36.6222,1.7375,0.643464,N/A,8d50d5990df7d0ef7138b722e2cd761cb2dffb6adbf1f051db41adad6fa0f010,20003,20003060012,N/A (no pedestrians),draw_static_clutter_MADDPG-style_g2_ep3
audit__static_clutter__MADDPG-style__g2__ep04,safety_envelope_intervention_audit,static_clutter,MADDPG-style,training_checkpoint,2,4,4,ON,0.1,1,4,0,N/A,0,N/A,384,1542,0.249027237354086,0.131352,0.995907,34.3051,38.4217,1.6776,0.703267,N/A,8d50d5990df7d0ef7138b722e2cd761cb2dffb6adbf1f051db41adad6fa0f010,20004,20004060016,N/A (no pedestrians),draw_static_clutter_MADDPG-style_g2_ep4
audit__static_clutter__MADDPG-style__g2__ep05,safety_envelope_intervention_audit,static_clutter,MADDPG-style,training_checkpoint,2,5,4,ON,0.1,1,4,0,N/A,0,N/A,366,1313,0.278750952018279,0.128095,0.995907,33.2283,37.2157,2.265,0.686922,N/A,8d50d5990df7d0ef7138b722e2cd761cb2dffb6adbf1f051db41adad6fa0f010,20005,20005060020,N/A (no pedestrians),draw_static_clutter_MADDPG-style_g2_ep5
audit__static_clutter__MADDPG-style__g2__ep06,safety_envelope_intervention_audit,static_clutter,MADDPG-style,training_checkpoint,2,6,4,ON,0.1,1,4,0,N/A,0,N/A,344,1268,0.271293375394322,0.11277,0.995907,34.9614,39.1567,1.9956,0.645456,N/A,8d50d5990df7d0ef7138b722e2cd761cb2dffb6adbf1f051db41adad6fa0f010,20006,20006060024,N/A (no pedestrians),draw_static_clutter_MADDPG-style_g2_ep6
audit__static_clutter__MADDPG-style__g2__ep07,safety_envelope_intervention_audit,static_clutter,MADDPG-style,training_checkpoint,2,7,4,ON,0.1,1,4,0,N/A,0,N/A,362,1393,0.259870782483848,0.121542,0.995907,30.0266,33.6298,1.741,0.641506,N/A,8d50d5990df7d0ef7138b722e2cd761cb2dffb6adbf1f051db41adad6fa0f010,20007,20007060028,N/A (no pedestrians),draw_static_clutter_MADDPG-style_g2_ep7
audit__static_clutter__MADDPG-style__g2__ep08,safety_envelope_intervention_audit,static_clutter,MADDPG-style,training_checkpoint,2,8,4,ON,0.1,1,4,0,N/A,0,N/A,367,1258,0.291732909379968,0.116566,0.995907,33.0767,37.0459,1.8171,0.649639,N/A,8d50d5990df7d0ef7138b722e2cd761cb2dffb6adbf1f051db41adad6fa0f010,20008,20008060032,N/A (no pedestrians),draw_static_clutter_MADDPG-style_g2_ep8
audit__static_clutter__MADDPG-style__g2__ep09,safety_envelope_intervention_audit,static_clutter,MADDPG-style,training_checkpoint,2,9,4,ON,0.1,1,4,0,N/A,0,N/A,388,1447,0.268140981340705,0.122633,0.995907,32.4604,36.3556,1.5556,0.706728,N/A,8d50d5990df7d0ef7138b722e2cd761cb2dffb6adbf1f051db41adad6fa0f010,20009,20009060036,N/A (no pedestrians),draw_static_clutter_MADDPG-style_g2_ep9
audit__static_clutter__MADDPG-style__g3__ep00,safety_envelope_intervention_audit,static_clutter,MADDPG-style,training_checkpoint,3,0,4,ON,0.1,1,4,0,N/A,0,N/A,399,1428,0.279411764705882,0.119582,1.008579,33.8807,37.9464,2.2062,0.637174,N/A,b5e23d8162fb227f99bf3a99a5e0591ae6bddc2da5b83952399efeb2cbec6b21,30000,30000090000,N/A (no pedestrians),draw_static_clutter_MADDPG-style_g3_ep0
audit__static_clutter__MADDPG-style__g3__ep01,safety_envelope_intervention_audit,static_clutter,MADDPG-style,training_checkpoint,3,1,4,ON,0.1,1,4,0,N/A,0,N/A,398,1523,0.261326329612607,0.123754,0.988579,33.5142,37.5359,2.1031,0.661969,N/A,b5e23d8162fb227f99bf3a99a5e0591ae6bddc2da5b83952399efeb2cbec6b21,30001,30001090004,N/A (no pedestrians),draw_static_clutter_MADDPG-style_g3_ep1
audit__static_clutter__MADDPG-style__g3__ep02,safety_envelope_intervention_audit,static_clutter,MADDPG-style,training_checkpoint,3,2,4,ON,0.1,1,4,0,N/A,0,N/A,426,1614,0.263940520446097,0.10756,0.998579,33.9715,38.0481,1.0183,0.708821,N/A,b5e23d8162fb227f99bf3a99a5e0591ae6bddc2da5b83952399efeb2cbec6b21,30002,30002090008,N/A (no pedestrians),draw_static_clutter_MADDPG-style_g3_ep2
audit__static_clutter__MADDPG-style__g3__ep03,safety_envelope_intervention_audit,static_clutter,MADDPG-style,training_checkpoint,3,3,4,ON,0.1,1,4,0,N/A,0,N/A,399,1672,0.238636363636364,0.121008,0.998579,31.539,35.3236,2.0693,0.673903,N/A,b5e23d8162fb227f99bf3a99a5e0591ae6bddc2da5b83952399efeb2cbec6b21,30003,30003090012,N/A (no pedestrians),draw_static_clutter_MADDPG-style_g3_ep3
audit__static_clutter__MADDPG-style__g3__ep04,safety_envelope_intervention_audit,static_clutter,MADDPG-style,training_checkpoint,3,4,4,ON,0.1,1,4,0,N/A,0,N/A,394,1490,0.264429530201342,0.121053,0.998579,32.4887,36.3874,2.3188,0.661822,N/A,b5e23d8162fb227f99bf3a99a5e0591ae6bddc2da5b83952399efeb2cbec6b21,30004,30004090016,N/A (no pedestrians),draw_static_clutter_MADDPG-style_g3_ep4
audit__static_clutter__MADDPG-style__g3__ep05,safety_envelope_intervention_audit,static_clutter,MADDPG-style,training_checkpoint,3,5,4,ON,0.1,1,4,0,N/A,0,N/A,372,1348,0.275964391691395,0.110246,0.998579,32.2543,36.1248,1.3659,0.660575,N/A,b5e23d8162fb227f99bf3a99a5e0591ae6bddc2da5b83952399efeb2cbec6b21,30005,30005090020,N/A (no pedestrians),draw_static_clutter_MADDPG-style_g3_ep5
audit__static_clutter__MADDPG-style__g3__ep06,safety_envelope_intervention_audit,static_clutter,MADDPG-style,training_checkpoint,3,6,4,ON,0.1,1,4,0,N/A,0,N/A,396,1451,0.272915230875258,0.130513,0.998579,33.706,37.7507,1.8284,0.677304,N/A,b5e23d8162fb227f99bf3a99a5e0591ae6bddc2da5b83952399efeb2cbec6b21,30006,30006090024,N/A (no pedestrians),draw_static_clutter_MADDPG-style_g3_ep6
audit__static_clutter__MADDPG-style__g3__ep07,safety_envelope_intervention_audit,static_clutter,MADDPG-style,training_checkpoint,3,7,4,ON,0.1,1,4,0,N/A,0,N/A,380,1394,0.272596843615495,0.127607,0.998579,31.0776,34.8069,2.4014,0.668119,N/A,b5e23d8162fb227f99bf3a99a5e0591ae6bddc2da5b83952399efeb2cbec6b21,30007,30007090028,N/A (no pedestrians),draw_static_clutter_MADDPG-style_g3_ep7
audit__static_clutter__MADDPG-style__g3__ep08,safety_envelope_intervention_audit,static_clutter,MADDPG-style,training_checkpoint,3,8,4,ON,0.1,1,4,0,N/A,0,N/A,386,1351,0.285714285714286,0.120361,0.998579,33.5686,37.5968,1.6282,0.704815,N/A,b5e23d8162fb227f99bf3a99a5e0591ae6bddc2da5b83952399efeb2cbec6b21,30008,30008090032,N/A (no pedestrians),draw_static_clutter_MADDPG-style_g3_ep8
audit__static_clutter__MADDPG-style__g3__ep09,safety_envelope_intervention_audit,static_clutter,MADDPG-style,training_checkpoint,3,9,4,ON,0.1,1,4,0,N/A,0,N/A,401,1356,0.295722713864307,0.122091,0.998579,31.003,34.7233,1.9675,0.705866,N/A,b5e23d8162fb227f99bf3a99a5e0591ae6bddc2da5b83952399efeb2cbec6b21,30009,30009090036,N/A (no pedestrians),draw_static_clutter_MADDPG-style_g3_ep9
audit__static_clutter__MADDPG-style__g4__ep00,safety_envelope_intervention_audit,static_clutter,MADDPG-style,training_checkpoint,4,0,4,ON,0.1,1,4,0,N/A,0,N/A,365,1213,0.300906842539159,0.12221,1.000935,31.5406,35.3255,1.6591,0.677995,N/A,3de4efe35506de3c921c6d0844c76d3ec51075f53bc30cc62b81b95825d499dd,40000,40000120000,N/A (no pedestrians),draw_static_clutter_MADDPG-style_g4_ep0
audit__static_clutter__MADDPG-style__g4__ep01,safety_envelope_intervention_audit,static_clutter,MADDPG-style,training_checkpoint,4,1,4,ON,0.1,1,4,0,N/A,0,N/A,397,1423,0.278988053408292,0.118381,0.980935,30.9168,34.6269,1.9287,0.650616,N/A,3de4efe35506de3c921c6d0844c76d3ec51075f53bc30cc62b81b95825d499dd,40001,40001120004,N/A (no pedestrians),draw_static_clutter_MADDPG-style_g4_ep1
audit__static_clutter__MADDPG-style__g4__ep02,safety_envelope_intervention_audit,static_clutter,MADDPG-style,training_checkpoint,4,2,4,ON,0.1,1,4,0,N/A,0,N/A,356,1365,0.260805860805861,0.119395,0.990935,33.4771,37.4943,1.5671,0.644476,N/A,3de4efe35506de3c921c6d0844c76d3ec51075f53bc30cc62b81b95825d499dd,40002,40002120008,N/A (no pedestrians),draw_static_clutter_MADDPG-style_g4_ep2
audit__static_clutter__MADDPG-style__g4__ep03,safety_envelope_intervention_audit,static_clutter,MADDPG-style,training_checkpoint,4,3,4,ON,0.1,1,4,0,N/A,0,N/A,379,1402,0.270328102710414,0.112203,0.990935,30.8087,34.5057,1.7782,0.65527,N/A,3de4efe35506de3c921c6d0844c76d3ec51075f53bc30cc62b81b95825d499dd,40003,40003120012,N/A (no pedestrians),draw_static_clutter_MADDPG-style_g4_ep3
audit__static_clutter__MADDPG-style__g4__ep04,safety_envelope_intervention_audit,static_clutter,MADDPG-style,training_checkpoint,4,4,4,ON,0.1,1,4,0,N/A,0,N/A,390,1465,0.266211604095563,0.127599,0.990935,34.7999,38.9758,1.6123,0.690816,N/A,3de4efe35506de3c921c6d0844c76d3ec51075f53bc30cc62b81b95825d499dd,40004,40004120016,N/A (no pedestrians),draw_static_clutter_MADDPG-style_g4_ep4
audit__static_clutter__MADDPG-style__g4__ep05,safety_envelope_intervention_audit,static_clutter,MADDPG-style,training_checkpoint,4,5,4,ON,0.1,1,4,0,N/A,0,N/A,400,1448,0.276243093922652,0.127003,0.990935,30.0022,33.6024,1.3066,0.637405,N/A,3de4efe35506de3c921c6d0844c76d3ec51075f53bc30cc62b81b95825d499dd,40005,40005120020,N/A (no pedestrians),draw_static_clutter_MADDPG-style_g4_ep5
audit__static_clutter__MADDPG-style__g4__ep06,safety_envelope_intervention_audit,static_clutter,MADDPG-style,training_checkpoint,4,6,4,ON,0.1,1,4,0,N/A,0,N/A,376,1368,0.274853801169591,0.138609,0.990935,33.017,36.9791,1.1747,0.690478,N/A,3de4efe35506de3c921c6d0844c76d3ec51075f53bc30cc62b81b95825d499dd,40006,40006120024,N/A (no pedestrians),draw_static_clutter_MADDPG-style_g4_ep6
audit__static_clutter__MADDPG-style__g4__ep07,safety_envelope_intervention_audit,static_clutter,MADDPG-style,training_checkpoint,4,7,4,ON,0.1,1,4,0,N/A,0,N/A,384,1443,0.266112266112266,0.113741,0.990935,34.31,38.4272,2.4888,0.650844,N/A,3de4efe35506de3c921c6d0844c76d3ec51075f53bc30cc62b81b95825d499dd,40007,40007120028,N/A (no pedestrians),draw_static_clutter_MADDPG-style_g4_ep7
audit__static_clutter__MADDPG-style__g4__ep08,safety_envelope_intervention_audit,static_clutter,MADDPG-style,training_checkpoint,4,8,4,ON,0.1,1,4,0,N/A,0,N/A,389,1531,0.254082299150882,0.113165,0.990935,33.0197,36.9821,1.0795,0.679249,N/A,3de4efe35506de3c921c6d0844c76d3ec51075f53bc30cc62b81b95825d499dd,40008,40008120032,N/A (no pedestrians),draw_static_clutter_MADDPG-style_g4_ep8
audit__static_clutter__MADDPG-style__g4__ep09,safety_envelope_intervention_audit,static_clutter,MADDPG-style,training_checkpoint,4,9,4,ON,0.1,1,4,0,N/A,0,N/A,377,1331,0.283245679939895,0.10838,0.990935,32.5989,36.5107,2.0165,0.66628,N/A,3de4efe35506de3c921c6d0844c76d3ec51075f53bc30cc62b81b95825d499dd,40009,40009120036,N/A (no pedestrians),draw_static_clutter_MADDPG-style_g4_ep9
audit__static_clutter__MADDPG-style__g5__ep00,safety_envelope_intervention_audit,static_clutter,MADDPG-style,training_checkpoint,5,0,4,ON,0.1,1,4,0,N/A,0,N/A,364,1483,0.245448415374241,0.103702,1.009637,30.8439,34.5452,1.8626,0.651042,N/A,b18fa14f7a04693e3e892422a03c1606401a1b19bc238230d073cfdb317f53c6,50000,50000150000,N/A (no pedestrians),draw_static_clutter_MADDPG-style_g5_ep0
audit__static_clutter__MADDPG-style__g5__ep01,safety_envelope_intervention_audit,static_clutter,MADDPG-style,training_checkpoint,5,1,4,ON,0.1,1,4,0,N/A,0,N/A,375,1340,0.279850746268657,0.111289,0.989637,34.2174,38.3235,2.0379,0.705616,N/A,b18fa14f7a04693e3e892422a03c1606401a1b19bc238230d073cfdb317f53c6,50001,50001150004,N/A (no pedestrians),draw_static_clutter_MADDPG-style_g5_ep1
audit__static_clutter__MADDPG-style__g5__ep02,safety_envelope_intervention_audit,static_clutter,MADDPG-style,training_checkpoint,5,2,4,ON,0.1,1,4,0,N/A,0,N/A,410,1614,0.254027261462206,0.119259,0.999637,33.2056,37.1902,2.485,0.637206,N/A,b18fa14f7a04693e3e892422a03c1606401a1b19bc238230d073cfdb317f53c6,50002,50002150008,N/A (no pedestrians),draw_static_clutter_MADDPG-style_g5_ep2
audit__static_clutter__MADDPG-style__g5__ep03,safety_envelope_intervention_audit,static_clutter,MADDPG-style,training_checkpoint,5,3,4,ON,0.1,1,4,0,N/A,0,N/A,390,1453,0.268410185822436,0.121171,0.999637,32.9482,36.902,2.4052,0.651167,N/A,b18fa14f7a04693e3e892422a03c1606401a1b19bc238230d073cfdb317f53c6,50003,50003150012,N/A (no pedestrians),draw_static_clutter_MADDPG-style_g5_ep3
audit__static_clutter__MADDPG-style__g5__ep04,safety_envelope_intervention_audit,static_clutter,MADDPG-style,training_checkpoint,5,4,4,ON,0.1,1,4,0,N/A,0,N/A,415,1578,0.262991128010139,0.122743,0.999637,31.2683,35.0205,1.3102,0.694625,N/A,b18fa14f7a04693e3e892422a03c1606401a1b19bc238230d073cfdb317f53c6,50004,50004150016,N/A (no pedestrians),draw_static_clutter_MADDPG-style_g5_ep4
audit__static_clutter__MADDPG-style__g5__ep05,safety_envelope_intervention_audit,static_clutter,MADDPG-style,training_checkpoint,5,5,4,ON,0.1,1,4,0,N/A,0,N/A,410,1495,0.274247491638796,0.108066,0.999637,32.6167,36.5307,1.6193,0.641117,N/A,b18fa14f7a04693e3e892422a03c1606401a1b19bc238230d073cfdb317f53c6,50005,50005150020,N/A (no pedestrians),draw_static_clutter_MADDPG-style_g5_ep5
audit__static_clutter__MADDPG-style__g5__ep06,safety_envelope_intervention_audit,static_clutter,MADDPG-style,training_checkpoint,5,6,4,ON,0.1,1,4,0,N/A,0,N/A,413,1448,0.285220994475138,0.130232,0.999637,31.7644,35.5761,2.1231,0.660187,N/A,b18fa14f7a04693e3e892422a03c1606401a1b19bc238230d073cfdb317f53c6,50006,50006150024,N/A (no pedestrians),draw_static_clutter_MADDPG-style_g5_ep6
audit__static_clutter__MADDPG-style__g5__ep07,safety_envelope_intervention_audit,static_clutter,MADDPG-style,training_checkpoint,5,7,4,ON,0.1,1,4,0,N/A,0,N/A,417,1501,0.277814790139907,0.129803,0.999637,34.936,39.1283,2.4627,0.680092,N/A,b18fa14f7a04693e3e892422a03c1606401a1b19bc238230d073cfdb317f53c6,50007,50007150028,N/A (no pedestrians),draw_static_clutter_MADDPG-style_g5_ep7
audit__static_clutter__MADDPG-style__g5__ep08,safety_envelope_intervention_audit,static_clutter,MADDPG-style,training_checkpoint,5,8,4,ON,0.1,1,4,0,N/A,0,N/A,402,1409,0.285308729595458,0.116107,0.999637,34.161,38.2603,1.9384,0.660254,N/A,b18fa14f7a04693e3e892422a03c1606401a1b19bc238230d073cfdb317f53c6,50008,50008150032,N/A (no pedestrians),draw_static_clutter_MADDPG-style_g5_ep8
audit__static_clutter__MADDPG-style__g5__ep09,safety_envelope_intervention_audit,static_clutter,MADDPG-style,training_checkpoint,5,9,4,ON,0.1,1,4,0,N/A,0,N/A,398,1455,0.273539518900344,0.13534,0.999637,33.8977,37.9654,2.2267,0.700103,N/A,b18fa14f7a04693e3e892422a03c1606401a1b19bc238230d073cfdb317f53c6,50009,50009150036,N/A (no pedestrians),draw_static_clutter_MADDPG-style_g5_ep9
audit__static_clutter__MADDPG-style__g6__ep00,safety_envelope_intervention_audit,static_clutter,MADDPG-style,training_checkpoint,6,0,4,ON,0.1,1,4,0,N/A,0,N/A,388,1470,0.263945578231292,0.129964,1.009721,31.3412,35.1021,1.1747,0.643951,N/A,610379e1059e7fb271a6fd193f910ee4a566658aefff59646b2b377b9d608819,60000,60000180000,N/A (no pedestrians),draw_static_clutter_MADDPG-style_g6_ep0
audit__static_clutter__MADDPG-style__g6__ep01,safety_envelope_intervention_audit,static_clutter,MADDPG-style,training_checkpoint,6,1,4,ON,0.1,1,4,0,N/A,0,N/A,378,1398,0.270386266094421,0.137028,0.989721,31.7661,35.5781,1.5328,0.630983,N/A,610379e1059e7fb271a6fd193f910ee4a566658aefff59646b2b377b9d608819,60001,60001180004,N/A (no pedestrians),draw_static_clutter_MADDPG-style_g6_ep1
audit__static_clutter__MADDPG-style__g6__ep02,safety_envelope_intervention_audit,static_clutter,MADDPG-style,training_checkpoint,6,2,4,ON,0.1,1,4,0,N/A,0,N/A,404,1469,0.27501701837985,0.121168,0.999721,33.4422,37.4553,2.164,0.66206,N/A,610379e1059e7fb271a6fd193f910ee4a566658aefff59646b2b377b9d608819,60002,60002180008,N/A (no pedestrians),draw_static_clutter_MADDPG-style_g6_ep2
audit__static_clutter__MADDPG-style__g6__ep03,safety_envelope_intervention_audit,static_clutter,MADDPG-style,training_checkpoint,6,3,4,ON,0.1,1,4,0,N/A,0,N/A,370,1342,0.275707898658718,0.12614,0.999721,34.5509,38.697,2.4435,0.700769,N/A,610379e1059e7fb271a6fd193f910ee4a566658aefff59646b2b377b9d608819,60003,60003180012,N/A (no pedestrians),draw_static_clutter_MADDPG-style_g6_ep3
audit__static_clutter__MADDPG-style__g6__ep04,safety_envelope_intervention_audit,static_clutter,MADDPG-style,training_checkpoint,6,4,4,ON,0.1,1,4,0,N/A,0,N/A,396,1415,0.279858657243816,0.120264,0.999721,31.5612,35.3485,1.0924,0.669867,N/A,610379e1059e7fb271a6fd193f910ee4a566658aefff59646b2b377b9d608819,60004,60004180016,N/A (no pedestrians),draw_static_clutter_MADDPG-style_g6_ep4
audit__static_clutter__MADDPG-style__g6__ep05,safety_envelope_intervention_audit,static_clutter,MADDPG-style,training_checkpoint,6,5,4,ON,0.1,1,4,0,N/A,0,N/A,385,1571,0.24506683640993,0.118077,0.999721,33.3187,37.3169,1.8165,0.702839,N/A,610379e1059e7fb271a6fd193f910ee4a566658aefff59646b2b377b9d608819,60005,60005180020,N/A (no pedestrians),draw_static_clutter_MADDPG-style_g6_ep5
audit__static_clutter__MADDPG-style__g6__ep06,safety_envelope_intervention_audit,static_clutter,MADDPG-style,training_checkpoint,6,6,4,ON,0.1,1,4,0,N/A,0,N/A,379,1369,0.276844411979547,0.115175,0.999721,34.7269,38.8941,1.6242,0.676366,N/A,610379e1059e7fb271a6fd193f910ee4a566658aefff59646b2b377b9d608819,60006,60006180024,N/A (no pedestrians),draw_static_clutter_MADDPG-style_g6_ep6
audit__static_clutter__MADDPG-style__g6__ep07,safety_envelope_intervention_audit,static_clutter,MADDPG-style,training_checkpoint,6,7,4,ON,0.1,1,4,0,N/A,0,N/A,393,1496,0.262700534759358,0.123845,0.999721,30.3338,33.9739,1.6812,0.652922,N/A,610379e1059e7fb271a6fd193f910ee4a566658aefff59646b2b377b9d608819,60007,60007180028,N/A (no pedestrians),draw_static_clutter_MADDPG-style_g6_ep7
audit__static_clutter__MADDPG-style__g6__ep08,safety_envelope_intervention_audit,static_clutter,MADDPG-style,training_checkpoint,6,8,4,ON,0.1,1,4,0,N/A,0,N/A,411,1555,0.264308681672026,0.114867,0.999721,32.6627,36.5822,1.3832,0.704415,N/A,610379e1059e7fb271a6fd193f910ee4a566658aefff59646b2b377b9d608819,60008,60008180032,N/A (no pedestrians),draw_static_clutter_MADDPG-style_g6_ep8
audit__static_clutter__MADDPG-style__g6__ep09,safety_envelope_intervention_audit,static_clutter,MADDPG-style,training_checkpoint,6,9,4,ON,0.1,1,4,0,N/A,0,N/A,397,1417,0.280169371912491,0.113418,0.999721,31.6911,35.494,2.1307,0.692186,N/A,610379e1059e7fb271a6fd193f910ee4a566658aefff59646b2b377b9d608819,60009,60009180036,N/A (no pedestrians),draw_static_clutter_MADDPG-style_g6_ep9
audit__static_clutter__MADDPG-style__g7__ep00,safety_envelope_intervention_audit,static_clutter,MADDPG-style,training_checkpoint,7,0,4,ON,0.1,1,4,0,N/A,0,N/A,369,1412,0.261331444759207,0.118196,1.002483,31.5669,35.3549,1.5994,0.671387,N/A,c738af6d3e69b215243d37883e031bfe13257a76895d86e02874959facc4aa79,70000,70000210000,N/A (no pedestrians),draw_static_clutter_MADDPG-style_g7_ep0
audit__static_clutter__MADDPG-style__g7__ep01,safety_envelope_intervention_audit,static_clutter,MADDPG-style,training_checkpoint,7,1,4,ON,0.1,1,4,0,N/A,0,N/A,354,1311,0.270022883295195,0.121126,0.982483,34.6032,38.7556,1.3846,0.651938,N/A,c738af6d3e69b215243d37883e031bfe13257a76895d86e02874959facc4aa79,70001,70001210004,N/A (no pedestrians),draw_static_clutter_MADDPG-style_g7_ep1
audit__static_clutter__MADDPG-style__g7__ep02,safety_envelope_intervention_audit,static_clutter,MADDPG-style,training_checkpoint,7,2,4,ON,0.1,1,4,0,N/A,0,N/A,419,1699,0.246615656268393,0.10659,0.992483,33.0777,37.047,2.4332,0.657478,N/A,c738af6d3e69b215243d37883e031bfe13257a76895d86e02874959facc4aa79,70002,70002210008,N/A (no pedestrians),draw_static_clutter_MADDPG-style_g7_ep2
audit__static_clutter__MADDPG-style__g7__ep03,safety_envelope_intervention_audit,static_clutter,MADDPG-style,training_checkpoint,7,3,4,ON,0.1,1,4,0,N/A,0,N/A,369,1349,0.27353595255745,0.113557,0.992483,34.5452,38.6906,1.3018,0.634551,N/A,c738af6d3e69b215243d37883e031bfe13257a76895d86e02874959facc4aa79,70003,70003210012,N/A (no pedestrians),draw_static_clutter_MADDPG-style_g7_ep3
audit__static_clutter__MADDPG-style__g7__ep04,safety_envelope_intervention_audit,static_clutter,MADDPG-style,training_checkpoint,7,4,4,ON,0.1,1,4,0,N/A,0,N/A,405,1403,0.288667141838917,0.117417,0.992483,34.9156,39.1055,1.1791,0.648539,N/A,c738af6d3e69b215243d37883e031bfe13257a76895d86e02874959facc4aa79,70004,70004210016,N/A (no pedestrians),draw_static_clutter_MADDPG-style_g7_ep4
audit__static_clutter__MADDPG-style__g7__ep05,safety_envelope_intervention_audit,static_clutter,MADDPG-style,training_checkpoint,7,5,4,ON,0.1,1,4,0,N/A,0,N/A,339,1439,0.235580264072272,0.115939,0.992483,34.3738,38.4987,2.2546,0.65798,N/A,c738af6d3e69b215243d37883e031bfe13257a76895d86e02874959facc4aa79,70005,70005210020,N/A (no pedestrians),draw_static_clutter_MADDPG-style_g7_ep5
audit__static_clutter__MADDPG-style__g7__ep06,safety_envelope_intervention_audit,static_clutter,MADDPG-style,training_checkpoint,7,6,4,ON,0.1,1,4,0,N/A,0,N/A,365,1329,0.27464258841234,0.123898,0.992483,30.1451,33.7625,2.3677,0.639977,N/A,c738af6d3e69b215243d37883e031bfe13257a76895d86e02874959facc4aa79,70006,70006210024,N/A (no pedestrians),draw_static_clutter_MADDPG-style_g7_ep6
audit__static_clutter__MADDPG-style__g7__ep07,safety_envelope_intervention_audit,static_clutter,MADDPG-style,training_checkpoint,7,7,4,ON,0.1,1,4,0,N/A,0,N/A,368,1291,0.285050348567002,0.135392,0.992483,33.2145,37.2002,1.6095,0.709915,N/A,c738af6d3e69b215243d37883e031bfe13257a76895d86e02874959facc4aa79,70007,70007210028,N/A (no pedestrians),draw_static_clutter_MADDPG-style_g7_ep7
audit__static_clutter__MADDPG-style__g7__ep08,safety_envelope_intervention_audit,static_clutter,MADDPG-style,training_checkpoint,7,8,4,ON,0.1,1,4,0,N/A,0,N/A,346,1299,0.266358737490377,0.115418,0.992483,32.3486,36.2305,2.4943,0.647527,N/A,c738af6d3e69b215243d37883e031bfe13257a76895d86e02874959facc4aa79,70008,70008210032,N/A (no pedestrians),draw_static_clutter_MADDPG-style_g7_ep8
audit__static_clutter__MADDPG-style__g7__ep09,safety_envelope_intervention_audit,static_clutter,MADDPG-style,training_checkpoint,7,9,4,ON,0.1,1,4,0,N/A,0,N/A,400,1535,0.260586319218241,0.124479,0.992483,30.0008,33.6009,1.2788,0.687212,N/A,c738af6d3e69b215243d37883e031bfe13257a76895d86e02874959facc4aa79,70009,70009210036,N/A (no pedestrians),draw_static_clutter_MADDPG-style_g7_ep9
audit__dynamic_pedestrians__MADDPG-style__g0__ep00,safety_envelope_intervention_audit,dynamic_pedestrians,MADDPG-style,training_checkpoint,0,0,4,ON,0.1,1,4,0,N/A,0,0,383,1561,0.245355541319667,0.1936,0.919023,32.0883,35.9389,1.2276,0.664135,0.838374,22ba23afb82dd8ade0b6717a95e954dfced88a7275649ffa84ea24636e9fc8e4,100,100000300,100000397,draw_dynamic_pedestrians_MADDPG-style_g0_ep0
audit__dynamic_pedestrians__MADDPG-style__g0__ep01,safety_envelope_intervention_audit,dynamic_pedestrians,MADDPG-style,training_checkpoint,0,1,4,ON,0.1,1,4,0,N/A,0,0,439,1997,0.219829744616925,0.166612,0.951499,31.9335,35.7656,1.7859,0.685228,0.918411,22ba23afb82dd8ade0b6717a95e954dfced88a7275649ffa84ea24636e9fc8e4,101,101000304,101000401,draw_dynamic_pedestrians_MADDPG-style_g0_ep1
audit__dynamic_pedestrians__MADDPG-style__g0__ep02,safety_envelope_intervention_audit,dynamic_pedestrians,MADDPG-style,training_checkpoint,0,2,4,ON,0.1,1,4,0,N/A,0,0,383,1611,0.237740533829919,0.198395,0.929197,32.5425,36.4476,1.3176,0.658828,0.856027,22ba23afb82dd8ade0b6717a95e954dfced88a7275649ffa84ea24636e9fc8e4,102,102000308,102000405,draw_dynamic_pedestrians_MADDPG-style_g0_ep2
audit__dynamic_pedestrians__MADDPG-style__g0__ep03,safety_envelope_intervention_audit,dynamic_pedestrians,MADDPG-style,training_checkpoint,0,3,4,ON,0.1,1,4,0,N/A,0,0,371,1777,0.208778840742825,0.177871,0.938375,34.1852,38.2874,1.1926,0.648793,0.900767,22ba23afb82dd8ade0b6717a95e954dfced88a7275649ffa84ea24636e9fc8e4,103,103000312,103000409,draw_dynamic_pedestrians_MADDPG-style_g0_ep3
audit__dynamic_pedestrians__MADDPG-style__g0__ep04,safety_envelope_intervention_audit,dynamic_pedestrians,MADDPG-style,training_checkpoint,0,4,4,ON,0.1,1,4,0,N/A,0,0,439,1835,0.239237057220709,0.183162,0.936277,34.1356,38.2319,2.1419,0.681209,0.893054,22ba23afb82dd8ade0b6717a95e954dfced88a7275649ffa84ea24636e9fc8e4,104,104000316,104000413,draw_dynamic_pedestrians_MADDPG-style_g0_ep4
audit__dynamic_pedestrians__MADDPG-style__g0__ep05,safety_envelope_intervention_audit,dynamic_pedestrians,MADDPG-style,training_checkpoint,0,5,4,ON,0.1,1,4,0,N/A,0,0,438,1871,0.234099412079102,0.187596,0.956349,32.8142,36.7519,2.083,0.701773,0.834588,22ba23afb82dd8ade0b6717a95e954dfced88a7275649ffa84ea24636e9fc8e4,105,105000320,105000417,draw_dynamic_pedestrians_MADDPG-style_g0_ep5
audit__dynamic_pedestrians__MADDPG-style__g0__ep06,safety_envelope_intervention_audit,dynamic_pedestrians,MADDPG-style,training_checkpoint,0,6,4,ON,0.1,1,4,0,N/A,0,0,444,1747,0.254149971379508,0.204972,0.936744,34.0171,38.0991,2.2358,0.659019,0.869716,22ba23afb82dd8ade0b6717a95e954dfced88a7275649ffa84ea24636e9fc8e4,106,106000324,106000421,draw_dynamic_pedestrians_MADDPG-style_g0_ep6
audit__dynamic_pedestrians__MADDPG-style__g0__ep07,safety_envelope_intervention_audit,dynamic_pedestrians,MADDPG-style,training_checkpoint,0,7,4,ON,0.1,1,4,0,N/A,0,0,470,2180,0.215596330275229,0.197312,0.955268,33.0583,37.0252,1.6315,0.685099,0.839515,22ba23afb82dd8ade0b6717a95e954dfced88a7275649ffa84ea24636e9fc8e4,107,107000328,107000425,draw_dynamic_pedestrians_MADDPG-style_g0_ep7
audit__dynamic_pedestrians__MADDPG-style__g0__ep08,safety_envelope_intervention_audit,dynamic_pedestrians,MADDPG-style,training_checkpoint,0,8,4,ON,0.1,1,4,0,N/A,0,0,439,1822,0.240944017563118,0.205959,0.929795,32.0697,35.918,1.6441,0.658392,0.843441,22ba23afb82dd8ade0b6717a95e954dfced88a7275649ffa84ea24636e9fc8e4,108,108000332,108000429,draw_dynamic_pedestrians_MADDPG-style_g0_ep8
audit__dynamic_pedestrians__MADDPG-style__g0__ep09,safety_envelope_intervention_audit,dynamic_pedestrians,MADDPG-style,training_checkpoint,0,9,4,ON,0.1,1,4,0,N/A,0,0,435,1765,0.246458923512748,0.194423,0.964362,34.7992,38.9751,1.1062,0.639799,0.807828,22ba23afb82dd8ade0b6717a95e954dfced88a7275649ffa84ea24636e9fc8e4,109,109000336,109000433,draw_dynamic_pedestrians_MADDPG-style_g0_ep9
audit__dynamic_pedestrians__MADDPG-style__g1__ep00,safety_envelope_intervention_audit,dynamic_pedestrians,MADDPG-style,training_checkpoint,1,0,4,ON,0.1,1,4,0,N/A,0,0,428,1613,0.265344079355239,0.171729,0.9384,30.6328,34.3087,1.3903,0.689569,0.904189,24ef00c2101fb55789b2c53c0d8fdb6699713f040a0d78b211b9ee757a25c938,10100,10100030300,10100030397,draw_dynamic_pedestrians_MADDPG-style_g1_ep0
audit__dynamic_pedestrians__MADDPG-style__g1__ep01,safety_envelope_intervention_audit,dynamic_pedestrians,MADDPG-style,training_checkpoint,1,1,4,ON,0.1,1,4,0,N/A,0,0,368,1341,0.274422073079791,0.151587,0.941304,31.5583,35.3453,2.0266,0.650839,0.83066,24ef00c2101fb55789b2c53c0d8fdb6699713f040a0d78b211b9ee757a25c938,10101,10101030304,10101030401,draw_dynamic_pedestrians_MADDPG-style_g1_ep1
audit__dynamic_pedestrians__MADDPG-style__g1__ep02,safety_envelope_intervention_audit,dynamic_pedestrians,MADDPG-style,training_checkpoint,1,2,4,ON,0.1,1,4,0,N/A,0,0,403,1602,0.251560549313358,0.177078,0.894072,34.1467,38.2443,2.1055,0.640071,0.848361,24ef00c2101fb55789b2c53c0d8fdb6699713f040a0d78b211b9ee757a25c938,10102,10102030308,10102030405,draw_dynamic_pedestrians_MADDPG-style_g1_ep2
audit__dynamic_pedestrians__MADDPG-style__g1__ep03,safety_envelope_intervention_audit,dynamic_pedestrians,MADDPG-style,training_checkpoint,1,3,4,ON,0.1,1,4,0,N/A,0,0,391,1699,0.230135373749264,0.160521,0.919546,32.6791,36.6006,1.6595,0.69844,0.827784,24ef00c2101fb55789b2c53c0d8fdb6699713f040a0d78b211b9ee757a25c938,10103,10103030312,10103030409,draw_dynamic_pedestrians_MADDPG-style_g1_ep3
audit__dynamic_pedestrians__MADDPG-style__g1__ep04,safety_envelope_intervention_audit,dynamic_pedestrians,MADDPG-style,training_checkpoint,1,4,4,ON,0.1,1,4,0,N/A,0,0,378,1573,0.240305149396058,0.162938,0.894549,34.5568,38.7036,1.282,0.681165,0.843516,24ef00c2101fb55789b2c53c0d8fdb6699713f040a0d78b211b9ee757a25c938,10104,10104030316,10104030413,draw_dynamic_pedestrians_MADDPG-style_g1_ep4
audit__dynamic_pedestrians__MADDPG-style__g1__ep05,safety_envelope_intervention_audit,dynamic_pedestrians,MADDPG-style,training_checkpoint,1,5,4,ON,0.1,1,4,0,N/A,0,0,439,1575,0.278730158730159,0.168439,0.896272,34.3227,38.4414,1.3977,0.645137,0.873285,24ef00c2101fb55789b2c53c0d8fdb6699713f040a0d78b211b9ee757a25c938,10105,10105030320,10105030417,draw_dynamic_pedestrians_MADDPG-style_g1_ep5
audit__dynamic_pedestrians__MADDPG-style__g1__ep06,safety_envelope_intervention_audit,dynamic_pedestrians,MADDPG-style,training_checkpoint,1,6,4,ON,0.1,1,4,0,N/A,0,0,411,1543,0.266364225534673,0.156291,0.94085,33.8715,37.9361,1.0541,0.676865,0.806499,24ef00c2101fb55789b2c53c0d8fdb6699713f040a0d78b211b9ee757a25c938,10106,10106030324,10106030421,draw_dynamic_pedestrians_MADDPG-style_g1_ep6
audit__dynamic_pedestrians__MADDPG-style__g1__ep07,safety_envelope_intervention_audit,dynamic_pedestrians,MADDPG-style,training_checkpoint,1,7,4,ON,0.1,1,4,0,N/A,0,0,427,1746,0.244558991981672,0.145046,0.94471,31.5896,35.3804,1.1331,0.695895,0.80487,24ef00c2101fb55789b2c53c0d8fdb6699713f040a0d78b211b9ee757a25c938,10107,10107030328,10107030425,draw_dynamic_pedestrians_MADDPG-style_g1_ep7
audit__dynamic_pedestrians__MADDPG-style__g1__ep08,safety_envelope_intervention_audit,dynamic_pedestrians,MADDPG-style,training_checkpoint,1,8,4,ON,0.1,1,4,0,N/A,0,0,416,1570,0.264968152866242,0.161396,0.97852,31.1678,34.9079,1.9678,0.639918,0.891153,24ef00c2101fb55789b2c53c0d8fdb6699713f040a0d78b211b9ee757a25c938,10108,10108030332,10108030429,draw_dynamic_pedestrians_MADDPG-style_g1_ep8
audit__dynamic_pedestrians__MADDPG-style__g1__ep09,safety_envelope_intervention_audit,dynamic_pedestrians,MADDPG-style,training_checkpoint,1,9,4,ON,0.1,1,4,0,N/A,0,0,393,1492,0.263404825737265,0.143644,0.915828,31.2101,34.9553,2.4484,0.677602,0.915589,24ef00c2101fb55789b2c53c0d8fdb6699713f040a0d78b211b9ee757a25c938,10109,10109030336,10109030433,draw_dynamic_pedestrians_MADDPG-style_g1_ep9
audit__dynamic_pedestrians__MADDPG-style__g2__ep00,safety_envelope_intervention_audit,dynamic_pedestrians,MADDPG-style,training_checkpoint,2,0,4,ON,0.1,1,4,0,N/A,0,0,296,993,0.298086606243706,0.123674,0.827247,34.9457,39.1392,1.2363,0.650839,0.911749,656b5a2950388f1e8c3ac5af14a6ff77d248c8267b7e5c4bc8dfbe0218789a38,20100,20100060300,20100060397,draw_dynamic_pedestrians_MADDPG-style_g2_ep0
audit__dynamic_pedestrians__MADDPG-style__g2__ep01,safety_envelope_intervention_audit,dynamic_pedestrians,MADDPG-style,training_checkpoint,2,1,4,ON,0.1,1,4,0,N/A,0,0,307,1036,0.296332046332046,0.144589,0.856662,31.3193,35.0776,1.0765,0.683603,0.853528,656b5a2950388f1e8c3ac5af14a6ff77d248c8267b7e5c4bc8dfbe0218789a38,20101,20101060304,20101060401,draw_dynamic_pedestrians_MADDPG-style_g2_ep1
audit__dynamic_pedestrians__MADDPG-style__g2__ep02,safety_envelope_intervention_audit,dynamic_pedestrians,MADDPG-style,training_checkpoint,2,2,4,ON,0.1,1,4,0,N/A,0,0,321,1093,0.293687099725526,0.146862,0.844739,32.3636,36.2472,1.0933,0.694551,0.879876,656b5a2950388f1e8c3ac5af14a6ff77d248c8267b7e5c4bc8dfbe0218789a38,20102,20102060308,20102060405,draw_dynamic_pedestrians_MADDPG-style_g2_ep2
audit__dynamic_pedestrians__MADDPG-style__g2__ep03,safety_envelope_intervention_audit,dynamic_pedestrians,MADDPG-style,training_checkpoint,2,3,4,ON,0.1,1,4,0,N/A,0,0,298,1099,0.27115559599636,0.144643,0.840611,33.8803,37.9459,2.3786,0.708936,0.879235,656b5a2950388f1e8c3ac5af14a6ff77d248c8267b7e5c4bc8dfbe0218789a38,20103,20103060312,20103060409,draw_dynamic_pedestrians_MADDPG-style_g2_ep3
audit__dynamic_pedestrians__MADDPG-style__g2__ep04,safety_envelope_intervention_audit,dynamic_pedestrians,MADDPG-style,training_checkpoint,2,4,4,ON,0.1,1,4,0,N/A,0,0,328,1096,0.299270072992701,0.15054,0.834399,33.9048,37.9734,1.486,0.680502,0.807373,656b5a2950388f1e8c3ac5af14a6ff77d248c8267b7e5c4bc8dfbe0218789a38,20104,20104060316,20104060413,draw_dynamic_pedestrians_MADDPG-style_g2_ep4
audit__dynamic_pedestrians__MADDPG-style__g2__ep05,safety_envelope_intervention_audit,dynamic_pedestrians,MADDPG-style,training_checkpoint,2,5,4,ON,0.1,1,4,0,N/A,0,0,310,1085,0.285714285714286,0.153102,0.830108,30.3371,33.9775,1.0682,0.657126,0.82491,656b5a2950388f1e8c3ac5af14a6ff77d248c8267b7e5c4bc8dfbe0218789a38,20105,20105060320,20105060417,draw_dynamic_pedestrians_MADDPG-style_g2_ep5
audit__dynamic_pedestrians__MADDPG-style__g2__ep06,safety_envelope_intervention_audit,dynamic_pedestrians,MADDPG-style,training_checkpoint,2,6,4,ON,0.1,1,4,0,N/A,0,0,320,1080,0.296296296296296,0.127754,0.846295,30.2074,33.8323,1.4384,0.699871,0.877424,656b5a2950388f1e8c3ac5af14a6ff77d248c8267b7e5c4bc8dfbe0218789a38,20106,20106060324,20106060421,draw_dynamic_pedestrians_MADDPG-style_g2_ep6
audit__dynamic_pedestrians__MADDPG-style__g2__ep07,safety_envelope_intervention_audit,dynamic_pedestrians,MADDPG-style,training_checkpoint,2,7,4,ON,0.1,1,4,0,N/A,0,0,321,1190,0.269747899159664,0.161754,0.84809,31.2007,34.9448,2.1787,0.667746,0.881713,656b5a2950388f1e8c3ac5af14a6ff77d248c8267b7e5c4bc8dfbe0218789a38,20107,20107060328,20107060425,draw_dynamic_pedestrians_MADDPG-style_g2_ep7
audit__dynamic_pedestrians__MADDPG-style__g2__ep08,safety_envelope_intervention_audit,dynamic_pedestrians,MADDPG-style,training_checkpoint,2,8,4,ON,0.1,1,4,0,N/A,0,0,311,1056,0.294507575757576,0.159909,0.823562,33.2797,37.2733,2.316,0.634752,0.810403,656b5a2950388f1e8c3ac5af14a6ff77d248c8267b7e5c4bc8dfbe0218789a38,20108,20108060332,20108060429,draw_dynamic_pedestrians_MADDPG-style_g2_ep8
audit__dynamic_pedestrians__MADDPG-style__g2__ep09,safety_envelope_intervention_audit,dynamic_pedestrians,MADDPG-style,training_checkpoint,2,9,4,ON,0.1,1,4,0,N/A,0,0,321,1053,0.304843304843305,0.140242,0.82701,33.8592,37.9223,1.8794,0.692246,0.841596,656b5a2950388f1e8c3ac5af14a6ff77d248c8267b7e5c4bc8dfbe0218789a38,20109,20109060336,20109060433,draw_dynamic_pedestrians_MADDPG-style_g2_ep9
audit__dynamic_pedestrians__MADDPG-style__g3__ep00,safety_envelope_intervention_audit,dynamic_pedestrians,MADDPG-style,training_checkpoint,3,0,4,ON,0.1,1,4,0,N/A,0,0,301,1042,0.288867562380038,0.13919,0.849618,33.0735,37.0424,1.871,0.65372,0.878174,0102f4da9e9216ccef46082fd9d22153a63eb42c8ee3a3367744f62bfc2bb4b0,30100,30100090300,30100090397,draw_dynamic_pedestrians_MADDPG-style_g3_ep0
audit__dynamic_pedestrians__MADDPG-style__g3__ep01,safety_envelope_intervention_audit,dynamic_pedestrians,MADDPG-style,training_checkpoint,3,1,4,ON,0.1,1,4,0,N/A,0,0,311,1046,0.297323135755258,0.159565,0.845719,30.4289,34.0803,2.4286,0.673027,0.851778,0102f4da9e9216ccef46082fd9d22153a63eb42c8ee3a3367744f62bfc2bb4b0,30101,30101090304,30101090401,draw_dynamic_pedestrians_MADDPG-style_g3_ep1
audit__dynamic_pedestrians__MADDPG-style__g3__ep02,safety_envelope_intervention_audit,dynamic_pedestrians,MADDPG-style,training_checkpoint,3,2,4,ON,0.1,1,4,0,N/A,0,0,328,1049,0.312678741658723,0.171373,0.862019,31.7659,35.5778,2.4292,0.702158,0.85832,0102f4da9e9216ccef46082fd9d22153a63eb42c8ee3a3367744f62bfc2bb4b0,30102,30102090308,30102090405,draw_dynamic_pedestrians_MADDPG-style_g3_ep2
audit__dynamic_pedestrians__MADDPG-style__g3__ep03,safety_envelope_intervention_audit,dynamic_pedestrians,MADDPG-style,training_checkpoint,3,3,4,ON,0.1,1,4,0,N/A,0,0,307,1098,0.27959927140255,0.169554,0.870607,30.3659,34.0098,1.9744,0.649364,0.832906,0102f4da9e9216ccef46082fd9d22153a63eb42c8ee3a3367744f62bfc2bb4b0,30103,30103090312,30103090409,draw_dynamic_pedestrians_MADDPG-style_g3_ep3
audit__dynamic_pedestrians__MADDPG-style__g3__ep04,safety_envelope_intervention_audit,dynamic_pedestrians,MADDPG-style,training_checkpoint,3,4,4,ON,0.1,1,4,0,N/A,0,0,322,1091,0.295142071494042,0.152291,0.864221,34.9499,39.1439,1.4944,0.707221,0.833897,0102f4da9e9216ccef46082fd9d22153a63eb42c8ee3a3367744f62bfc2bb4b0,30104,30104090316,30104090413,draw_dynamic_pedestrians_MADDPG-style_g3_ep4
audit__dynamic_pedestrians__MADDPG-style__g3__ep05,safety_envelope_intervention_audit,dynamic_pedestrians,MADDPG-style,training_checkpoint,3,5,4,ON,0.1,0,3,1,robot_pedestrian,0,7,330,1191,0.277078085642317,0.162331,0.820279,33.9326,38.0045,1.6535,0.693908,0.48,0102f4da9e9216ccef46082fd9d22153a63eb42c8ee3a3367744f62bfc2bb4b0,30105,30105090320,30105090417,draw_dynamic_pedestrians_MADDPG-style_g3_ep5
audit__dynamic_pedestrians__MADDPG-style__g3__ep06,safety_envelope_intervention_audit,dynamic_pedestrians,MADDPG-style,training_checkpoint,3,6,4,ON,0.1,1,4,0,N/A,0,0,310,1071,0.289449112978525,0.170479,0.873673,30.2363,33.8647,1.6544,0.709215,0.881,0102f4da9e9216ccef46082fd9d22153a63eb42c8ee3a3367744f62bfc2bb4b0,30106,30106090324,30106090421,draw_dynamic_pedestrians_MADDPG-style_g3_ep6
audit__dynamic_pedestrians__MADDPG-style__g3__ep07,safety_envelope_intervention_audit,dynamic_pedestrians,MADDPG-style,training_checkpoint,3,7,4,ON,0.1,1,4,0,N/A,0,0,283,1011,0.279920870425321,0.172001,0.877242,34.3159,38.4338,2.1722,0.67767,0.822174,0102f4da9e9216ccef46082fd9d22153a63eb42c8ee3a3367744f62bfc2bb4b0,30107,30107090328,30107090425,draw_dynamic_pedestrians_MADDPG-style_g3_ep7
audit__dynamic_pedestrians__MADDPG-style__g3__ep08,safety_envelope_intervention_audit,dynamic_pedestrians,MADDPG-style,training_checkpoint,3,8,4,ON,0.1,1,4,0,N/A,0,0,343,1195,0.287029288702929,0.172797,0.841482,31.8946,35.722,1.3872,0.675901,0.905143,0102f4da9e9216ccef46082fd9d22153a63eb42c8ee3a3367744f62bfc2bb4b0,30108,30108090332,30108090429,draw_dynamic_pedestrians_MADDPG-style_g3_ep8
audit__dynamic_pedestrians__MADDPG-style__g3__ep09,safety_envelope_intervention_audit,dynamic_pedestrians,MADDPG-style,training_checkpoint,3,9,4,ON,0.1,1,4,0,N/A,0,0,308,1105,0.278733031674208,0.173474,0.892298,30.5743,34.2432,1.7597,0.707534,0.848463,0102f4da9e9216ccef46082fd9d22153a63eb42c8ee3a3367744f62bfc2bb4b0,30109,30109090336,30109090433,draw_dynamic_pedestrians_MADDPG-style_g3_ep9
audit__dynamic_pedestrians__MADDPG-style__g4__ep00,safety_envelope_intervention_audit,dynamic_pedestrians,MADDPG-style,training_checkpoint,4,0,4,ON,0.1,1,4,0,N/A,0,0,342,1071,0.319327731092437,0.154773,0.869724,31.4265,35.1977,1.3406,0.698493,0.851237,7cd8e17820e512a3f842a0f68bd27b7bf2ac3d8be10b9cd054b3857fa2c7fb2c,40100,40100120300,40100120397,draw_dynamic_pedestrians_MADDPG-style_g4_ep0
audit__dynamic_pedestrians__MADDPG-style__g4__ep01,safety_envelope_intervention_audit,dynamic_pedestrians,MADDPG-style,training_checkpoint,4,1,4,ON,0.1,1,4,0,N/A,0,0,350,1072,0.326492537313433,0.175064,0.853809,34.935,39.1272,2.4308,0.655811,0.898133,7cd8e17820e512a3f842a0f68bd27b7bf2ac3d8be10b9cd054b3857fa2c7fb2c,40101,40101120304,40101120401,draw_dynamic_pedestrians_MADDPG-style_g4_ep1
audit__dynamic_pedestrians__MADDPG-style__g4__ep02,safety_envelope_intervention_audit,dynamic_pedestrians,MADDPG-style,training_checkpoint,4,2,4,ON,0.1,1,4,0,N/A,0,0,317,928,0.341594827586207,0.169173,0.85771,30.364,34.0077,1.9895,0.644471,0.805471,7cd8e17820e512a3f842a0f68bd27b7bf2ac3d8be10b9cd054b3857fa2c7fb2c,40102,40102120308,40102120405,draw_dynamic_pedestrians_MADDPG-style_g4_ep2
audit__dynamic_pedestrians__MADDPG-style__g4__ep03,safety_envelope_intervention_audit,dynamic_pedestrians,MADDPG-style,training_checkpoint,4,3,4,ON,0.1,1,4,0,N/A,0,0,358,1100,0.325454545454545,0.180839,0.836817,32.6111,36.5245,2.175,0.671884,0.863635,7cd8e17820e512a3f842a0f68bd27b7bf2ac3d8be10b9cd054b3857fa2c7fb2c,40103,40103120312,40103120409,draw_dynamic_pedestrians_MADDPG-style_g4_ep3
audit__dynamic_pedestrians__MADDPG-style__g4__ep04,safety_envelope_intervention_audit,dynamic_pedestrians,MADDPG-style,training_checkpoint,4,4,4,ON,0.1,1,4,0,N/A,0,0,344,1065,0.323004694835681,0.165813,0.867572,32.6399,36.5566,1.5764,0.663035,0.917901,7cd8e17820e512a3f842a0f68bd27b7bf2ac3d8be10b9cd054b3857fa2c7fb2c,40104,40104120316,40104120413,draw_dynamic_pedestrians_MADDPG-style_g4_ep4
audit__dynamic_pedestrians__MADDPG-style__g4__ep05,safety_envelope_intervention_audit,dynamic_pedestrians,MADDPG-style,training_checkpoint,4,5,4,ON,0.1,1,4,0,N/A,0,0,348,1051,0.331113225499524,0.168251,0.875078,34.3253,38.4444,2.0806,0.667094,0.824815,7cd8e17820e512a3f842a0f68bd27b7bf2ac3d8be10b9cd054b3857fa2c7fb2c,40105,40105120320,40105120417,draw_dynamic_pedestrians_MADDPG-style_g4_ep5
audit__dynamic_pedestrians__MADDPG-style__g4__ep06,safety_envelope_intervention_audit,dynamic_pedestrians,MADDPG-style,training_checkpoint,4,6,4,ON,0.1,1,4,0,N/A,0,0,324,929,0.348762109795479,0.175229,0.885143,34.4035,38.532,1.9704,0.631076,0.874032,7cd8e17820e512a3f842a0f68bd27b7bf2ac3d8be10b9cd054b3857fa2c7fb2c,40106,40106120324,40106120421,draw_dynamic_pedestrians_MADDPG-style_g4_ep6
audit__dynamic_pedestrians__MADDPG-style__g4__ep07,safety_envelope_intervention_audit,dynamic_pedestrians,MADDPG-style,training_checkpoint,4,7,4,ON,0.1,1,4,0,N/A,0,0,342,1120,0.305357142857143,0.173517,0.862888,30.5777,34.247,2.4551,0.634714,0.889147,7cd8e17820e512a3f842a0f68bd27b7bf2ac3d8be10b9cd054b3857fa2c7fb2c,40107,40107120328,40107120425,draw_dynamic_pedestrians_MADDPG-style_g4_ep7
audit__dynamic_pedestrians__MADDPG-style__g4__ep08,safety_envelope_intervention_audit,dynamic_pedestrians,MADDPG-style,training_checkpoint,4,8,4,ON,0.1,1,4,0,N/A,0,0,362,1105,0.327601809954751,0.155027,0.856637,33.6422,37.6792,1.0735,0.688161,0.831583,7cd8e17820e512a3f842a0f68bd27b7bf2ac3d8be10b9cd054b3857fa2c7fb2c,40108,40108120332,40108120429,draw_dynamic_pedestrians_MADDPG-style_g4_ep8
audit__dynamic_pedestrians__MADDPG-style__g4__ep09,safety_envelope_intervention_audit,dynamic_pedestrians,MADDPG-style,training_checkpoint,4,9,4,ON,0.1,1,4,0,N/A,0,0,352,1055,0.333649289099526,0.15904,0.863556,34.6256,38.7806,1.2741,0.647408,0.810062,7cd8e17820e512a3f842a0f68bd27b7bf2ac3d8be10b9cd054b3857fa2c7fb2c,40109,40109120336,40109120433,draw_dynamic_pedestrians_MADDPG-style_g4_ep9
audit__dynamic_pedestrians__MADDPG-style__g5__ep00,safety_envelope_intervention_audit,dynamic_pedestrians,MADDPG-style,training_checkpoint,5,0,4,ON,0.1,1,4,0,N/A,0,0,392,1318,0.29742033383915,0.151356,0.881168,32.9941,36.9534,1.3744,0.684148,0.914255,e64b997c2083e072d9e46c5cadf5057466da9c9a08b370e3f938098054510aee,50100,50100150300,50100150397,draw_dynamic_pedestrians_MADDPG-style_g5_ep0
audit__dynamic_pedestrians__MADDPG-style__g5__ep01,safety_envelope_intervention_audit,dynamic_pedestrians,MADDPG-style,training_checkpoint,5,1,4,ON,0.1,1,4,0,N/A,0,0,429,1524,0.281496062992126,0.178692,0.856991,31.7344,35.5425,2.004,0.651465,0.919008,e64b997c2083e072d9e46c5cadf5057466da9c9a08b370e3f938098054510aee,50101,50101150304,50101150401,draw_dynamic_pedestrians_MADDPG-style_g5_ep1
audit__dynamic_pedestrians__MADDPG-style__g5__ep02,safety_envelope_intervention_audit,dynamic_pedestrians,MADDPG-style,training_checkpoint,5,2,4,ON,0.1,1,4,0,N/A,0,0,441,1571,0.28071292170592,0.166892,0.856219,30.4411,34.0941,2.3615,0.705421,0.821607,e64b997c2083e072d9e46c5cadf5057466da9c9a08b370e3f938098054510aee,50102,50102150308,50102150405,draw_dynamic_pedestrians_MADDPG-style_g5_ep2
audit__dynamic_pedestrians__MADDPG-style__g5__ep03,safety_envelope_intervention_audit,dynamic_pedestrians,MADDPG-style,training_checkpoint,5,3,4,ON,0.1,1,4,0,N/A,0,0,374,1290,0.289922480620155,0.165942,0.839346,31.1834,34.9254,1.0448,0.709369,0.894987,e64b997c2083e072d9e46c5cadf5057466da9c9a08b370e3f938098054510aee,50103,50103150312,50103150409,draw_dynamic_pedestrians_MADDPG-style_g5_ep3
audit__dynamic_pedestrians__MADDPG-style__g5__ep04,safety_envelope_intervention_audit,dynamic_pedestrians,MADDPG-style,training_checkpoint,5,4,4,ON,0.1,1,4,0,N/A,0,0,401,1425,0.28140350877193,0.141652,0.838106,33.7383,37.7869,1.1959,0.653478,0.890965,e64b997c2083e072d9e46c5cadf5057466da9c9a08b370e3f938098054510aee,50104,50104150316,50104150413,draw_dynamic_pedestrians_MADDPG-style_g5_ep4
audit__dynamic_pedestrians__MADDPG-style__g5__ep05,safety_envelope_intervention_audit,dynamic_pedestrians,MADDPG-style,training_checkpoint,5,5,4,ON,0.1,1,4,0,N/A,0,0,395,1509,0.261762756792578,0.151284,0.861664,33.7395,37.7882,1.7613,0.665895,0.811636,e64b997c2083e072d9e46c5cadf5057466da9c9a08b370e3f938098054510aee,50105,50105150320,50105150417,draw_dynamic_pedestrians_MADDPG-style_g5_ep5
audit__dynamic_pedestrians__MADDPG-style__g5__ep06,safety_envelope_intervention_audit,dynamic_pedestrians,MADDPG-style,training_checkpoint,5,6,4,ON,0.1,1,4,0,N/A,0,0,394,1314,0.299847792998478,0.174779,0.834997,32.264,36.1357,2.1159,0.68139,0.849169,e64b997c2083e072d9e46c5cadf5057466da9c9a08b370e3f938098054510aee,50106,50106150324,50106150421,draw_dynamic_pedestrians_MADDPG-style_g5_ep6
audit__dynamic_pedestrians__MADDPG-style__g5__ep07,safety_envelope_intervention_audit,dynamic_pedestrians,MADDPG-style,training_checkpoint,5,7,4,ON,0.1,1,4,0,N/A,0,0,420,1511,0.27796161482462,0.15707,0.840535,31.239,34.9877,1.3848,0.692702,0.833196,e64b997c2083e072d9e46c5cadf5057466da9c9a08b370e3f938098054510aee,50107,50107150328,50107150425,draw_dynamic_pedestrians_MADDPG-style_g5_ep7
audit__dynamic_pedestrians__MADDPG-style__g5__ep08,safety_envelope_intervention_audit,dynamic_pedestrians,MADDPG-style,training_checkpoint,5,8,4,ON,0.1,1,4,0,N/A,0,0,411,1426,0.288218793828892,0.16627,0.824303,33.5995,37.6314,2.0223,0.668231,0.851779,e64b997c2083e072d9e46c5cadf5057466da9c9a08b370e3f938098054510aee,50108,50108150332,50108150429,draw_dynamic_pedestrians_MADDPG-style_g5_ep8
audit__dynamic_pedestrians__MADDPG-style__g5__ep09,safety_envelope_intervention_audit,dynamic_pedestrians,MADDPG-style,training_checkpoint,5,9,4,ON,0.1,1,4,0,N/A,0,0,441,1638,0.269230769230769,0.171717,0.835946,34.1389,38.2356,1.2059,0.66255,0.890707,e64b997c2083e072d9e46c5cadf5057466da9c9a08b370e3f938098054510aee,50109,50109150336,50109150433,draw_dynamic_pedestrians_MADDPG-style_g5_ep9
audit__dynamic_pedestrians__MADDPG-style__g6__ep00,safety_envelope_intervention_audit,dynamic_pedestrians,MADDPG-style,training_checkpoint,6,0,4,ON,0.1,1,4,0,N/A,0,0,331,1196,0.276755852842809,0.144059,0.84329,32.2748,36.1477,2.0253,0.65907,0.862569,55ab5e18005370f7641f6c74aa68d386319af0225724805412c14f44c0ea8343,60100,60100180300,60100180397,draw_dynamic_pedestrians_MADDPG-style_g6_ep0
audit__dynamic_pedestrians__MADDPG-style__g6__ep01,safety_envelope_intervention_audit,dynamic_pedestrians,MADDPG-style,training_checkpoint,6,1,4,ON,0.1,1,4,0,N/A,0,0,338,1217,0.277732128184059,0.156952,0.845321,34.764,38.9357,1.2451,0.685027,0.874536,55ab5e18005370f7641f6c74aa68d386319af0225724805412c14f44c0ea8343,60101,60101180304,60101180401,draw_dynamic_pedestrians_MADDPG-style_g6_ep1
audit__dynamic_pedestrians__MADDPG-style__g6__ep02,safety_envelope_intervention_audit,dynamic_pedestrians,MADDPG-style,training_checkpoint,6,2,4,ON,0.1,1,4,0,N/A,0,0,354,1262,0.280507131537242,0.144935,0.795932,34.9777,39.175,2.3107,0.677491,0.853024,55ab5e18005370f7641f6c74aa68d386319af0225724805412c14f44c0ea8343,60102,60102180308,60102180405,draw_dynamic_pedestrians_MADDPG-style_g6_ep2
audit__dynamic_pedestrians__MADDPG-style__g6__ep03,safety_envelope_intervention_audit,dynamic_pedestrians,MADDPG-style,training_checkpoint,6,3,4,ON,0.1,1,4,0,N/A,0,0,333,1173,0.28388746803069,0.146772,0.826106,34.9445,39.1379,1.0775,0.678926,0.813271,55ab5e18005370f7641f6c74aa68d386319af0225724805412c14f44c0ea8343,60103,60103180312,60103180409,draw_dynamic_pedestrians_MADDPG-style_g6_ep3
audit__dynamic_pedestrians__MADDPG-style__g6__ep04,safety_envelope_intervention_audit,dynamic_pedestrians,MADDPG-style,training_checkpoint,6,4,4,ON,0.1,1,4,0,N/A,0,0,350,1376,0.254360465116279,0.167111,0.852318,34.375,38.5,2.4048,0.640955,0.842667,55ab5e18005370f7641f6c74aa68d386319af0225724805412c14f44c0ea8343,60104,60104180316,60104180413,draw_dynamic_pedestrians_MADDPG-style_g6_ep4
audit__dynamic_pedestrians__MADDPG-style__g6__ep05,safety_envelope_intervention_audit,dynamic_pedestrians,MADDPG-style,training_checkpoint,6,5,4,ON,0.1,1,4,0,N/A,0,0,350,1300,0.269230769230769,0.148373,0.825603,31.3161,35.074,1.6961,0.630736,0.91948,55ab5e18005370f7641f6c74aa68d386319af0225724805412c14f44c0ea8343,60105,60105180320,60105180417,draw_dynamic_pedestrians_MADDPG-style_g6_ep5
audit__dynamic_pedestrians__MADDPG-style__g6__ep06,safety_envelope_intervention_audit,dynamic_pedestrians,MADDPG-style,training_checkpoint,6,6,4,ON,0.1,1,4,0,N/A,0,0,360,1392,0.258620689655172,0.147386,0.82473,32.9875,36.946,1.4068,0.651104,0.811741,55ab5e18005370f7641f6c74aa68d386319af0225724805412c14f44c0ea8343,60106,60106180324,60106180421,draw_dynamic_pedestrians_MADDPG-style_g6_ep6
audit__dynamic_pedestrians__MADDPG-style__g6__ep07,safety_envelope_intervention_audit,dynamic_pedestrians,MADDPG-style,training_checkpoint,6,7,4,ON,0.1,1,4,0,N/A,0,0,322,1170,0.275213675213675,0.148116,0.830469,30.3574,34.0003,1.4012,0.694551,0.889923,55ab5e18005370f7641f6c74aa68d386319af0225724805412c14f44c0ea8343,60107,60107180328,60107180425,draw_dynamic_pedestrians_MADDPG-style_g6_ep7
audit__dynamic_pedestrians__MADDPG-style__g6__ep08,safety_envelope_intervention_audit,dynamic_pedestrians,MADDPG-style,training_checkpoint,6,8,4,ON,0.1,1,4,0,N/A,0,0,361,1242,0.290660225442834,0.143113,0.817008,31.4403,35.2131,2.4672,0.707215,0.883826,55ab5e18005370f7641f6c74aa68d386319af0225724805412c14f44c0ea8343,60108,60108180332,60108180429,draw_dynamic_pedestrians_MADDPG-style_g6_ep8
audit__dynamic_pedestrians__MADDPG-style__g6__ep09,safety_envelope_intervention_audit,dynamic_pedestrians,MADDPG-style,training_checkpoint,6,9,4,ON,0.1,1,4,0,N/A,0,0,338,1191,0.283795130142737,0.154538,0.848368,34.18,38.2816,2.3628,0.706205,0.919139,55ab5e18005370f7641f6c74aa68d386319af0225724805412c14f44c0ea8343,60109,60109180336,60109180433,draw_dynamic_pedestrians_MADDPG-style_g6_ep9
audit__dynamic_pedestrians__MADDPG-style__g7__ep00,safety_envelope_intervention_audit,dynamic_pedestrians,MADDPG-style,training_checkpoint,7,0,4,ON,0.1,1,4,0,N/A,0,0,316,1274,0.248037676609105,0.142867,0.937418,30.3024,33.9387,1.8928,0.638038,0.879438,65a79fa7953143f37d69a4298069a2c482d0277f8c6220ea84382484544d4211,70100,70100210300,70100210397,draw_dynamic_pedestrians_MADDPG-style_g7_ep0
audit__dynamic_pedestrians__MADDPG-style__g7__ep01,safety_envelope_intervention_audit,dynamic_pedestrians,MADDPG-style,training_checkpoint,7,1,4,ON,0.1,1,4,0,N/A,0,0,317,1192,0.265939597315436,0.13191,0.901971,32.2572,36.128,1.9319,0.681794,0.81614,65a79fa7953143f37d69a4298069a2c482d0277f8c6220ea84382484544d4211,70101,70101210304,70101210401,draw_dynamic_pedestrians_MADDPG-style_g7_ep1
audit__dynamic_pedestrians__MADDPG-style__g7__ep02,safety_envelope_intervention_audit,dynamic_pedestrians,MADDPG-style,training_checkpoint,7,2,4,ON,0.1,1,4,0,N/A,0,0,303,1347,0.224944320712695,0.155408,0.910773,30.3727,34.0174,1.701,0.69536,0.894675,65a79fa7953143f37d69a4298069a2c482d0277f8c6220ea84382484544d4211,70102,70102210308,70102210405,draw_dynamic_pedestrians_MADDPG-style_g7_ep2
audit__dynamic_pedestrians__MADDPG-style__g7__ep03,safety_envelope_intervention_audit,dynamic_pedestrians,MADDPG-style,training_checkpoint,7,3,4,ON,0.1,1,4,0,N/A,0,0,300,1240,0.241935483870968,0.13745,0.946768,31.5058,35.2865,1.713,0.653647,0.90792,65a79fa7953143f37d69a4298069a2c482d0277f8c6220ea84382484544d4211,70103,70103210312,70103210409,draw_dynamic_pedestrians_MADDPG-style_g7_ep3
audit__dynamic_pedestrians__MADDPG-style__g7__ep04,safety_envelope_intervention_audit,dynamic_pedestrians,MADDPG-style,training_checkpoint,7,4,4,ON,0.1,1,4,0,N/A,0,0,305,1132,0.269434628975265,0.138161,0.944027,32.1925,36.0556,2.0797,0.641037,0.911777,65a79fa7953143f37d69a4298069a2c482d0277f8c6220ea84382484544d4211,70104,70104210316,70104210413,draw_dynamic_pedestrians_MADDPG-style_g7_ep4
audit__dynamic_pedestrians__MADDPG-style__g7__ep05,safety_envelope_intervention_audit,dynamic_pedestrians,MADDPG-style,training_checkpoint,7,5,4,ON,0.1,1,4,0,N/A,0,0,288,1121,0.256913470115968,0.129617,0.96859,33.0579,37.0249,1.3963,0.690426,0.80045,65a79fa7953143f37d69a4298069a2c482d0277f8c6220ea84382484544d4211,70105,70105210320,70105210417,draw_dynamic_pedestrians_MADDPG-style_g7_ep5
audit__dynamic_pedestrians__MADDPG-style__g7__ep06,safety_envelope_intervention_audit,dynamic_pedestrians,MADDPG-style,training_checkpoint,7,6,4,ON,0.1,1,4,0,N/A,0,0,267,1092,0.244505494505494,0.133484,0.920812,34.8028,38.9792,1.1002,0.685531,0.86924,65a79fa7953143f37d69a4298069a2c482d0277f8c6220ea84382484544d4211,70106,70106210324,70106210421,draw_dynamic_pedestrians_MADDPG-style_g7_ep6
audit__dynamic_pedestrians__MADDPG-style__g7__ep07,safety_envelope_intervention_audit,dynamic_pedestrians,MADDPG-style,training_checkpoint,7,7,4,ON,0.1,1,4,0,N/A,0,0,305,1285,0.237354085603113,0.137089,0.942788,33.6033,37.6357,2.4596,0.646823,0.876966,65a79fa7953143f37d69a4298069a2c482d0277f8c6220ea84382484544d4211,70107,70107210328,70107210425,draw_dynamic_pedestrians_MADDPG-style_g7_ep7
audit__dynamic_pedestrians__MADDPG-style__g7__ep08,safety_envelope_intervention_audit,dynamic_pedestrians,MADDPG-style,training_checkpoint,7,8,4,ON,0.1,1,4,0,N/A,0,0,287,1113,0.257861635220126,0.157569,0.941606,32.2139,36.0796,2.2803,0.640313,0.900428,65a79fa7953143f37d69a4298069a2c482d0277f8c6220ea84382484544d4211,70108,70108210332,70108210429,draw_dynamic_pedestrians_MADDPG-style_g7_ep8
audit__dynamic_pedestrians__MADDPG-style__g7__ep09,safety_envelope_intervention_audit,dynamic_pedestrians,MADDPG-style,training_checkpoint,7,9,4,ON,0.1,1,4,0,N/A,0,0,301,1171,0.257045260461144,0.128022,0.921071,32.1746,36.0356,1.7301,0.692892,0.895831,65a79fa7953143f37d69a4298069a2c482d0277f8c6220ea84382484544d4211,70109,70109210336,70109210433,draw_dynamic_pedestrians_MADDPG-style_g7_ep9
audit__mixed_complex__MADDPG-style__g0__ep00,safety_envelope_intervention_audit,mixed_complex,MADDPG-style,training_checkpoint,0,0,4,ON,0.1,1,4,0,N/A,0,0,627,1881,0.333333333333333,0.155349,0.838633,34.7525,38.9228,1.7479,0.637402,0.822449,123843d5f0936dc739f563b8fa202a9fdc32ee41f6ea2205276c188101cc4fe1,200,200000600,200000697,draw_mixed_complex_MADDPG-style_g0_ep0
audit__mixed_complex__MADDPG-style__g0__ep01,safety_envelope_intervention_audit,mixed_complex,MADDPG-style,training_checkpoint,0,1,4,ON,0.1,1,4,0,N/A,0,0,625,1851,0.337655321447866,0.152883,0.849769,31.0296,34.7532,1.3408,0.632827,0.822567,123843d5f0936dc739f563b8fa202a9fdc32ee41f6ea2205276c188101cc4fe1,201,201000604,201000701,draw_mixed_complex_MADDPG-style_g0_ep1
audit__mixed_complex__MADDPG-style__g0__ep02,safety_envelope_intervention_audit,mixed_complex,MADDPG-style,training_checkpoint,0,2,4,ON,0.1,1,4,0,N/A,0,0,676,2113,0.319924278277331,0.157581,0.82533,30.599,34.2709,1.4619,0.674986,0.853001,123843d5f0936dc739f563b8fa202a9fdc32ee41f6ea2205276c188101cc4fe1,202,202000608,202000705,draw_mixed_complex_MADDPG-style_g0_ep2
audit__mixed_complex__MADDPG-style__g0__ep03,safety_envelope_intervention_audit,mixed_complex,MADDPG-style,training_checkpoint,0,3,4,ON,0.1,1,4,0,N/A,0,0,677,2175,0.311264367816092,0.156339,0.851815,34.1855,38.2878,2.4132,0.653771,0.896465,123843d5f0936dc739f563b8fa202a9fdc32ee41f6ea2205276c188101cc4fe1,203,203000612,203000709,draw_mixed_complex_MADDPG-style_g0_ep3
audit__mixed_complex__MADDPG-style__g0__ep04,safety_envelope_intervention_audit,mixed_complex,MADDPG-style,training_checkpoint,0,4,4,ON,0.1,1,4,0,N/A,0,0,621,2001,0.310344827586207,0.153089,0.846615,32.0496,35.8956,1.2135,0.633978,0.838612,123843d5f0936dc739f563b8fa202a9fdc32ee41f6ea2205276c188101cc4fe1,204,204000616,204000713,draw_mixed_complex_MADDPG-style_g0_ep4
audit__mixed_complex__MADDPG-style__g0__ep05,safety_envelope_intervention_audit,mixed_complex,MADDPG-style,training_checkpoint,0,5,4,ON,0.1,1,4,0,N/A,0,0,627,1973,0.317790167257983,0.153721,0.827075,31.6651,35.4649,1.6772,0.684702,0.839633,123843d5f0936dc739f563b8fa202a9fdc32ee41f6ea2205276c188101cc4fe1,205,205000620,205000717,draw_mixed_complex_MADDPG-style_g0_ep5
audit__mixed_complex__MADDPG-style__g0__ep06,safety_envelope_intervention_audit,mixed_complex,MADDPG-style,training_checkpoint,0,6,4,ON,0.1,1,4,0,N/A,0,0,625,1977,0.316135558927668,0.158415,0.820825,30.2551,33.8857,1.8039,0.709438,0.867297,123843d5f0936dc739f563b8fa202a9fdc32ee41f6ea2205276c188101cc4fe1,206,206000624,206000721,draw_mixed_complex_MADDPG-style_g0_ep6
audit__mixed_complex__MADDPG-style__g0__ep07,safety_envelope_intervention_audit,mixed_complex,MADDPG-style,training_checkpoint,0,7,4,ON,0.1,1,4,0,N/A,0,0,652,2199,0.29649840836744,0.165521,0.824235,34.556,38.7027,2.3176,0.70241,0.806066,123843d5f0936dc739f563b8fa202a9fdc32ee41f6ea2205276c188101cc4fe1,207,207000628,207000725,draw_mixed_complex_MADDPG-style_g0_ep7
audit__mixed_complex__MADDPG-style__g0__ep08,safety_envelope_intervention_audit,mixed_complex,MADDPG-style,training_checkpoint,0,8,4,ON,0.1,1,4,0,N/A,0,0,668,2047,0.326331216414265,0.152797,0.824037,31.3476,35.1093,1.0183,0.704226,0.877996,123843d5f0936dc739f563b8fa202a9fdc32ee41f6ea2205276c188101cc4fe1,208,208000632,208000729,draw_mixed_complex_MADDPG-style_g0_ep8
audit__mixed_complex__MADDPG-style__g0__ep09,safety_envelope_intervention_audit,mixed_complex,MADDPG-style,training_checkpoint,0,9,4,ON,0.1,1,4,0,N/A,0,0,610,1762,0.346197502837685,0.157691,0.85507,32.8127,36.7502,1.885,0.663944,0.899899,123843d5f0936dc739f563b8fa202a9fdc32ee41f6ea2205276c188101cc4fe1,209,209000636,209000733,draw_mixed_complex_MADDPG-style_g0_ep9
audit__mixed_complex__MADDPG-style__g1__ep00,safety_envelope_intervention_audit,mixed_complex,MADDPG-style,training_checkpoint,1,0,4,ON,0.1,1,4,0,N/A,0,0,657,1972,0.33316430020284,0.166604,0.823913,32.3061,36.1829,2.1715,0.691533,0.840973,c9bf02b3eba796eead854fa043aba6aa177db2b1d628e2818e0424346362cefa,10200,10200030600,10200030697,draw_mixed_complex_MADDPG-style_g1_ep0
audit__mixed_complex__MADDPG-style__g1__ep01,safety_envelope_intervention_audit,mixed_complex,MADDPG-style,training_checkpoint,1,1,4,ON,0.1,1,4,0,N/A,0,0,695,2306,0.301387684301821,0.175439,0.831936,33.1476,37.1253,1.3181,0.673253,0.890773,c9bf02b3eba796eead854fa043aba6aa177db2b1d628e2818e0424346362cefa,10201,10201030604,10201030701,draw_mixed_complex_MADDPG-style_g1_ep1
audit__mixed_complex__MADDPG-style__g1__ep02,safety_envelope_intervention_audit,mixed_complex,MADDPG-style,training_checkpoint,1,2,4,ON,0.1,1,4,0,N/A,0,0,653,2011,0.324714072600696,0.157727,0.813724,31.7109,35.5162,1.5024,0.703537,0.810561,c9bf02b3eba796eead854fa043aba6aa177db2b1d628e2818e0424346362cefa,10202,10202030608,10202030705,draw_mixed_complex_MADDPG-style_g1_ep2
audit__mixed_complex__MADDPG-style__g1__ep03,safety_envelope_intervention_audit,mixed_complex,MADDPG-style,training_checkpoint,1,3,4,ON,0.1,1,4,0,N/A,0,0,662,2009,0.329517172722748,0.164518,0.83587,33.3774,37.3826,1.2122,0.686542,0.833807,c9bf02b3eba796eead854fa043aba6aa177db2b1d628e2818e0424346362cefa,10203,10203030612,10203030709,draw_mixed_complex_MADDPG-style_g1_ep3
audit__mixed_complex__MADDPG-style__g1__ep04,safety_envelope_intervention_audit,mixed_complex,MADDPG-style,training_checkpoint,1,4,4,ON,0.1,1,4,0,N/A,0,0,726,2345,0.309594882729211,0.161374,0.847524,30.5643,34.232,2.2349,0.679552,0.871207,c9bf02b3eba796eead854fa043aba6aa177db2b1d628e2818e0424346362cefa,10204,10204030616,10204030713,draw_mixed_complex_MADDPG-style_g1_ep4
audit__mixed_complex__MADDPG-style__g1__ep05,safety_envelope_intervention_audit,mixed_complex,MADDPG-style,training_checkpoint,1,5,4,ON,0.1,1,4,0,N/A,0,0,664,2078,0.31953801732435,0.17227,0.852476,33.3934,37.4006,1.2286,0.642422,0.888877,c9bf02b3eba796eead854fa043aba6aa177db2b1d628e2818e0424346362cefa,10205,10205030620,10205030717,draw_mixed_complex_MADDPG-style_g1_ep5
audit__mixed_complex__MADDPG-style__g1__ep06,safety_envelope_intervention_audit,mixed_complex,MADDPG-style,training_checkpoint,1,6,4,ON,0.1,1,4,0,N/A,0,0,675,2047,0.329750854909624,0.150163,0.83315,34.432,38.5638,1.8557,0.638551,0.848699,c9bf02b3eba796eead854fa043aba6aa177db2b1d628e2818e0424346362cefa,10206,10206030624,10206030721,draw_mixed_complex_MADDPG-style_g1_ep6
audit__mixed_complex__MADDPG-style__g1__ep07,safety_envelope_intervention_audit,mixed_complex,MADDPG-style,training_checkpoint,1,7,4,ON,0.1,1,4,0,N/A,0,0,689,2154,0.319870009285051,0.168063,0.83303,32.1613,36.0207,1.1391,0.669397,0.816875,c9bf02b3eba796eead854fa043aba6aa177db2b1d628e2818e0424346362cefa,10207,10207030628,10207030725,draw_mixed_complex_MADDPG-style_g1_ep7
audit__mixed_complex__MADDPG-style__g1__ep08,safety_envelope_intervention_audit,mixed_complex,MADDPG-style,training_checkpoint,1,8,4,ON,0.1,1,4,0,N/A,0,0,633,1959,0.32312404287902,0.149548,0.845407,34.6384,38.795,1.287,0.70361,0.814736,c9bf02b3eba796eead854fa043aba6aa177db2b1d628e2818e0424346362cefa,10208,10208030632,10208030729,draw_mixed_complex_MADDPG-style_g1_ep8
audit__mixed_complex__MADDPG-style__g1__ep09,safety_envelope_intervention_audit,mixed_complex,MADDPG-style,training_checkpoint,1,9,4,ON,0.1,1,4,0,N/A,0,0,682,2111,0.32306963524396,0.151962,0.852402,33.3131,37.3107,1.5532,0.705189,0.855528,c9bf02b3eba796eead854fa043aba6aa177db2b1d628e2818e0424346362cefa,10209,10209030636,10209030733,draw_mixed_complex_MADDPG-style_g1_ep9
audit__mixed_complex__MADDPG-style__g2__ep00,safety_envelope_intervention_audit,mixed_complex,MADDPG-style,training_checkpoint,2,0,4,ON,0.1,1,4,0,N/A,0,0,628,1968,0.319105691056911,0.183761,0.847447,33.6924,37.7355,1.1257,0.632257,0.820811,cc36ef565d23ea12f69f2e258676d8f46e8de79927a7aa951bc31c77354f20c3,20200,20200060600,20200060697,draw_mixed_complex_MADDPG-style_g2_ep0
audit__mixed_complex__MADDPG-style__g2__ep01,safety_envelope_intervention_audit,mixed_complex,MADDPG-style,training_checkpoint,2,1,4,ON,0.1,1,4,0,N/A,0,0,628,1983,0.316691880988401,0.154747,0.843521,33.4495,37.4634,1.1243,0.657475,0.918849,cc36ef565d23ea12f69f2e258676d8f46e8de79927a7aa951bc31c77354f20c3,20201,20201060604,20201060701,draw_mixed_complex_MADDPG-style_g2_ep1
audit__mixed_complex__MADDPG-style__g2__ep02,safety_envelope_intervention_audit,mixed_complex,MADDPG-style,training_checkpoint,2,2,4,ON,0.1,1,4,0,N/A,0,0,593,1812,0.327262693156733,0.158488,0.849775,34.8908,39.0777,2.4019,0.695199,0.880179,cc36ef565d23ea12f69f2e258676d8f46e8de79927a7aa951bc31c77354f20c3,20202,20202060608,20202060705,draw_mixed_complex_MADDPG-style_g2_ep2
audit__mixed_complex__MADDPG-style__g2__ep03,safety_envelope_intervention_audit,mixed_complex,MADDPG-style,training_checkpoint,2,3,4,ON,0.1,1,4,0,N/A,0,0,641,2076,0.308766859344894,0.176945,0.859162,33.8773,37.9425,1.9418,0.657589,0.869404,cc36ef565d23ea12f69f2e258676d8f46e8de79927a7aa951bc31c77354f20c3,20203,20203060612,20203060709,draw_mixed_complex_MADDPG-style_g2_ep3
audit__mixed_complex__MADDPG-style__g2__ep04,safety_envelope_intervention_audit,mixed_complex,MADDPG-style,training_checkpoint,2,4,4,ON,0.1,1,4,0,N/A,0,0,569,1867,0.304767005891805,0.158113,0.869505,30.0431,33.6483,2.2138,0.693469,0.897967,cc36ef565d23ea12f69f2e258676d8f46e8de79927a7aa951bc31c77354f20c3,20204,20204060616,20204060713,draw_mixed_complex_MADDPG-style_g2_ep4
audit__mixed_complex__MADDPG-style__g2__ep05,safety_envelope_intervention_audit,mixed_complex,MADDPG-style,training_checkpoint,2,5,4,ON,0.1,1,4,0,N/A,0,0,615,2141,0.287248949089211,0.164178,0.854905,31.8085,35.6255,1.5535,0.689576,0.812783,cc36ef565d23ea12f69f2e258676d8f46e8de79927a7aa951bc31c77354f20c3,20205,20205060620,20205060717,draw_mixed_complex_MADDPG-style_g2_ep5
audit__mixed_complex__MADDPG-style__g2__ep06,safety_envelope_intervention_audit,mixed_complex,MADDPG-style,training_checkpoint,2,6,4,ON,0.1,1,4,0,N/A,0,0,661,2156,0.306586270871985,0.170968,0.851048,33.2285,37.216,1.8768,0.669636,0.910641,cc36ef565d23ea12f69f2e258676d8f46e8de79927a7aa951bc31c77354f20c3,20206,20206060624,20206060721,draw_mixed_complex_MADDPG-style_g2_ep6
audit__mixed_complex__MADDPG-style__g2__ep07,safety_envelope_intervention_audit,mixed_complex,MADDPG-style,training_checkpoint,2,7,4,ON,0.1,1,4,0,N/A,0,0,634,2103,0.301474084640989,0.178775,0.830373,32.8305,36.7701,1.8461,0.66502,0.874048,cc36ef565d23ea12f69f2e258676d8f46e8de79927a7aa951bc31c77354f20c3,20207,20207060628,20207060725,draw_mixed_complex_MADDPG-style_g2_ep7
audit__mixed_complex__MADDPG-style__g2__ep08,safety_envelope_intervention_audit,mixed_complex,MADDPG-style,training_checkpoint,2,8,4,ON,0.1,1,4,0,N/A,0,0,587,2050,0.286341463414634,0.16619,0.841594,32.1775,36.0388,1.4127,0.66868,0.816595,cc36ef565d23ea12f69f2e258676d8f46e8de79927a7aa951bc31c77354f20c3,20208,20208060632,20208060729,draw_mixed_complex_MADDPG-style_g2_ep8
audit__mixed_complex__MADDPG-style__g2__ep09,safety_envelope_intervention_audit,mixed_complex,MADDPG-style,training_checkpoint,2,9,4,ON,0.1,1,4,0,N/A,0,0,663,2217,0.299052774018944,0.165953,0.85924,33.0286,36.992,1.9233,0.635963,0.861677,cc36ef565d23ea12f69f2e258676d8f46e8de79927a7aa951bc31c77354f20c3,20209,20209060636,20209060733,draw_mixed_complex_MADDPG-style_g2_ep9
audit__mixed_complex__MADDPG-style__g3__ep00,safety_envelope_intervention_audit,mixed_complex,MADDPG-style,training_checkpoint,3,0,4,ON,0.1,1,4,0,N/A,0,0,584,1606,0.363636363636364,0.166893,0.856176,31.0936,34.8248,1.3203,0.660428,0.812315,ccdf7053472e904497483b88ba2d0670264dabc88f956cca93c06e68b57715bc,30200,30200090600,30200090697,draw_mixed_complex_MADDPG-style_g3_ep0
audit__mixed_complex__MADDPG-style__g3__ep01,safety_envelope_intervention_audit,mixed_complex,MADDPG-style,training_checkpoint,3,1,4,ON,0.1,1,4,0,N/A,0,0,610,1962,0.310907237512742,0.174218,0.853117,34.3529,38.4753,1.8142,0.682628,0.881097,ccdf7053472e904497483b88ba2d0670264dabc88f956cca93c06e68b57715bc,30201,30201090604,30201090701,draw_mixed_complex_MADDPG-style_g3_ep1
audit__mixed_complex__MADDPG-style__g3__ep02,safety_envelope_intervention_audit,mixed_complex,MADDPG-style,training_checkpoint,3,2,4,ON,0.1,1,4,0,N/A,0,0,598,1629,0.367096378146102,0.157004,0.844506,32.17,36.0303,2.2192,0.700286,0.846618,ccdf7053472e904497483b88ba2d0670264dabc88f956cca93c06e68b57715bc,30202,30202090608,30202090705,draw_mixed_complex_MADDPG-style_g3_ep2
audit__mixed_complex__MADDPG-style__g3__ep03,safety_envelope_intervention_audit,mixed_complex,MADDPG-style,training_checkpoint,3,3,4,ON,0.1,1,4,0,N/A,0,0,579,1731,0.334488734835355,0.188379,0.858546,31.1773,34.9186,1.8832,0.677387,0.853563,ccdf7053472e904497483b88ba2d0670264dabc88f956cca93c06e68b57715bc,30203,30203090612,30203090709,draw_mixed_complex_MADDPG-style_g3_ep3
audit__mixed_complex__MADDPG-style__g3__ep04,safety_envelope_intervention_audit,mixed_complex,MADDPG-style,training_checkpoint,3,4,4,ON,0.1,1,4,0,N/A,0,0,623,1854,0.336030204962244,0.161241,0.850234,32.6385,36.5551,2.4772,0.642034,0.823405,ccdf7053472e904497483b88ba2d0670264dabc88f956cca93c06e68b57715bc,30204,30204090616,30204090713,draw_mixed_complex_MADDPG-style_g3_ep4
audit__mixed_complex__MADDPG-style__g3__ep05,safety_envelope_intervention_audit,mixed_complex,MADDPG-style,training_checkpoint,3,5,4,ON,0.1,1,4,0,N/A,0,0,638,1830,0.348633879781421,0.153716,0.86299,34.0103,38.0916,1.4243,0.650738,0.897913,ccdf7053472e904497483b88ba2d0670264dabc88f956cca93c06e68b57715bc,30205,30205090620,30205090717,draw_mixed_complex_MADDPG-style_g3_ep5
audit__mixed_complex__MADDPG-style__g3__ep06,safety_envelope_intervention_audit,mixed_complex,MADDPG-style,training_checkpoint,3,6,4,ON,0.1,1,4,0,N/A,0,0,607,1693,0.358535144713526,0.165593,0.85132,32.1328,35.9888,1.3145,0.653648,0.897739,ccdf7053472e904497483b88ba2d0670264dabc88f956cca93c06e68b57715bc,30206,30206090624,30206090721,draw_mixed_complex_MADDPG-style_g3_ep6
audit__mixed_complex__MADDPG-style__g3__ep07,safety_envelope_intervention_audit,mixed_complex,MADDPG-style,training_checkpoint,3,7,4,ON,0.1,1,4,0,N/A,0,0,575,1527,0.376555337262606,0.1689,0.834098,31.1386,34.8752,2.1128,0.699947,0.885128,ccdf7053472e904497483b88ba2d0670264dabc88f956cca93c06e68b57715bc,30207,30207090628,30207090725,draw_mixed_complex_MADDPG-style_g3_ep7
audit__mixed_complex__MADDPG-style__g3__ep08,safety_envelope_intervention_audit,mixed_complex,MADDPG-style,training_checkpoint,3,8,4,ON,0.1,1,4,0,N/A,0,0,550,1565,0.351437699680511,0.162016,0.842994,34.2288,38.3362,2.0604,0.665502,0.861558,ccdf7053472e904497483b88ba2d0670264dabc88f956cca93c06e68b57715bc,30208,30208090632,30208090729,draw_mixed_complex_MADDPG-style_g3_ep8
audit__mixed_complex__MADDPG-style__g3__ep09,safety_envelope_intervention_audit,mixed_complex,MADDPG-style,training_checkpoint,3,9,4,ON,0.1,1,4,0,N/A,0,0,607,1805,0.336288088642659,0.155096,0.864323,31.2211,34.9677,1.9937,0.641054,0.853706,ccdf7053472e904497483b88ba2d0670264dabc88f956cca93c06e68b57715bc,30209,30209090636,30209090733,draw_mixed_complex_MADDPG-style_g3_ep9
audit__mixed_complex__MADDPG-style__g4__ep00,safety_envelope_intervention_audit,mixed_complex,MADDPG-style,training_checkpoint,4,0,4,ON,0.1,1,4,0,N/A,0,0,597,1847,0.323226854358419,0.16281,0.857361,30.253,33.8833,1.2448,0.646432,0.90462,2386c5518da493b17b745d0e4c181ce30487d62ded78986a7e697f67b6960e3b,40200,40200120600,40200120697,draw_mixed_complex_MADDPG-style_g4_ep0
audit__mixed_complex__MADDPG-style__g4__ep01,safety_envelope_intervention_audit,mixed_complex,MADDPG-style,training_checkpoint,4,1,4,ON,0.1,1,4,0,N/A,0,0,591,1816,0.325440528634361,0.165773,0.849259,30.221,33.8476,2.1354,0.652418,0.889094,2386c5518da493b17b745d0e4c181ce30487d62ded78986a7e697f67b6960e3b,40201,40201120604,40201120701,draw_mixed_complex_MADDPG-style_g4_ep1
audit__mixed_complex__MADDPG-style__g4__ep02,safety_envelope_intervention_audit,mixed_complex,MADDPG-style,training_checkpoint,4,2,4,ON,0.1,1,4,0,N/A,0,0,587,1927,0.304618578100675,0.154239,0.833748,31.5515,35.3377,2.2567,0.645891,0.899766,2386c5518da493b17b745d0e4c181ce30487d62ded78986a7e697f67b6960e3b,40202,40202120608,40202120705,draw_mixed_complex_MADDPG-style_g4_ep2
audit__mixed_complex__MADDPG-style__g4__ep03,safety_envelope_intervention_audit,mixed_complex,MADDPG-style,training_checkpoint,4,3,4,ON,0.1,1,4,0,N/A,0,0,614,1889,0.32503970354685,0.18034,0.848837,30.1743,33.7952,1.0845,0.641055,0.912555,2386c5518da493b17b745d0e4c181ce30487d62ded78986a7e697f67b6960e3b,40203,40203120612,40203120709,draw_mixed_complex_MADDPG-style_g4_ep3
audit__mixed_complex__MADDPG-style__g4__ep04,safety_envelope_intervention_audit,mixed_complex,MADDPG-style,training_checkpoint,4,4,4,ON,0.1,1,4,0,N/A,0,0,628,1886,0.332979851537646,0.183575,0.832178,31.6115,35.4049,1.73,0.633597,0.876568,2386c5518da493b17b745d0e4c181ce30487d62ded78986a7e697f67b6960e3b,40204,40204120616,40204120713,draw_mixed_complex_MADDPG-style_g4_ep4
audit__mixed_complex__MADDPG-style__g4__ep05,safety_envelope_intervention_audit,mixed_complex,MADDPG-style,training_checkpoint,4,5,4,ON,0.1,1,4,0,N/A,0,0,600,1775,0.338028169014085,0.183576,0.824491,33.6651,37.7049,2.4018,0.676955,0.830439,2386c5518da493b17b745d0e4c181ce30487d62ded78986a7e697f67b6960e3b,40205,40205120620,40205120717,draw_mixed_complex_MADDPG-style_g4_ep5
audit__mixed_complex__MADDPG-style__g4__ep06,safety_envelope_intervention_audit,mixed_complex,MADDPG-style,training_checkpoint,4,6,4,ON,0.1,1,4,0,N/A,0,0,550,1880,0.292553191489362,0.162491,0.857586,32.98,36.9376,1.2842,0.703163,0.80897,2386c5518da493b17b745d0e4c181ce30487d62ded78986a7e697f67b6960e3b,40206,40206120624,40206120721,draw_mixed_complex_MADDPG-style_g4_ep6
audit__mixed_complex__MADDPG-style__g4__ep07,safety_envelope_intervention_audit,mixed_complex,MADDPG-style,training_checkpoint,4,7,4,ON,0.1,1,4,0,N/A,0,0,605,1652,0.366222760290557,0.156405,0.839744,33.6621,37.7015,2.2236,0.658074,0.841134,2386c5518da493b17b745d0e4c181ce30487d62ded78986a7e697f67b6960e3b,40207,40207120628,40207120725,draw_mixed_complex_MADDPG-style_g4_ep7
audit__mixed_complex__MADDPG-style__g4__ep08,safety_envelope_intervention_audit,mixed_complex,MADDPG-style,training_checkpoint,4,8,4,ON,0.1,1,4,0,N/A,0,0,602,1962,0.306829765545362,0.159346,0.846062,32.3578,36.2408,1.9584,0.693513,0.877636,2386c5518da493b17b745d0e4c181ce30487d62ded78986a7e697f67b6960e3b,40208,40208120632,40208120729,draw_mixed_complex_MADDPG-style_g4_ep8
audit__mixed_complex__MADDPG-style__g4__ep09,safety_envelope_intervention_audit,mixed_complex,MADDPG-style,training_checkpoint,4,9,4,ON,0.1,1,4,0,N/A,0,0,588,1800,0.326666666666667,0.159818,0.830456,33.3725,37.3772,2.2799,0.69509,0.855969,2386c5518da493b17b745d0e4c181ce30487d62ded78986a7e697f67b6960e3b,40209,40209120636,40209120733,draw_mixed_complex_MADDPG-style_g4_ep9
audit__mixed_complex__MADDPG-style__g5__ep00,safety_envelope_intervention_audit,mixed_complex,MADDPG-style,training_checkpoint,5,0,4,ON,0.1,1,4,0,N/A,0,0,664,2051,0.323744514870795,0.156436,0.836719,34.2931,38.4083,2.3432,0.655089,0.909916,5de7bc74c1568867e6e23d4a7dfed393551a39787d73407484ec2a6365f31b56,50200,50200150600,50200150697,draw_mixed_complex_MADDPG-style_g5_ep0
audit__mixed_complex__MADDPG-style__g5__ep01,safety_envelope_intervention_audit,mixed_complex,MADDPG-style,training_checkpoint,5,1,4,ON,0.1,1,4,0,N/A,0,0,643,1877,0.342567927543953,0.157728,0.854982,32.6538,36.5723,1.3374,0.669216,0.898642,5de7bc74c1568867e6e23d4a7dfed393551a39787d73407484ec2a6365f31b56,50201,50201150604,50201150701,draw_mixed_complex_MADDPG-style_g5_ep1
audit__mixed_complex__MADDPG-style__g5__ep02,safety_envelope_intervention_audit,mixed_complex,MADDPG-style,training_checkpoint,5,2,4,ON,0.1,1,4,0,N/A,0,0,658,1927,0.341463414634146,0.183318,0.851003,30.6233,34.2981,1.6056,0.688563,0.817639,5de7bc74c1568867e6e23d4a7dfed393551a39787d73407484ec2a6365f31b56,50202,50202150608,50202150705,draw_mixed_complex_MADDPG-style_g5_ep2
audit__mixed_complex__MADDPG-style__g5__ep03,safety_envelope_intervention_audit,mixed_complex,MADDPG-style,training_checkpoint,5,3,4,ON,0.1,1,4,0,N/A,0,0,677,2012,0.33648111332008,0.150811,0.830429,33.2199,37.2063,2.1781,0.683346,0.845057,5de7bc74c1568867e6e23d4a7dfed393551a39787d73407484ec2a6365f31b56,50203,50203150612,50203150709,draw_mixed_complex_MADDPG-style_g5_ep3
audit__mixed_complex__MADDPG-style__g5__ep04,safety_envelope_intervention_audit,mixed_complex,MADDPG-style,training_checkpoint,5,4,4,ON,0.1,1,4,0,N/A,0,0,664,1911,0.347462061747776,0.17229,0.831194,33.6619,37.7013,1.1265,0.644008,0.802139,5de7bc74c1568867e6e23d4a7dfed393551a39787d73407484ec2a6365f31b56,50204,50204150616,50204150713,draw_mixed_complex_MADDPG-style_g5_ep4
audit__mixed_complex__MADDPG-style__g5__ep05,safety_envelope_intervention_audit,mixed_complex,MADDPG-style,training_checkpoint,5,5,4,ON,0.1,1,4,0,N/A,0,0,640,1978,0.32355915065723,0.170734,0.846191,31.3262,35.0854,1.6324,0.676401,0.888901,5de7bc74c1568867e6e23d4a7dfed393551a39787d73407484ec2a6365f31b56,50205,50205150620,50205150717,draw_mixed_complex_MADDPG-style_g5_ep5
audit__mixed_complex__MADDPG-style__g5__ep06,safety_envelope_intervention_audit,mixed_complex,MADDPG-style,training_checkpoint,5,6,4,ON,0.1,1,4,0,N/A,0,0,630,1976,0.318825910931174,0.175473,0.828695,30.219,33.8453,1.7147,0.672086,0.823486,5de7bc74c1568867e6e23d4a7dfed393551a39787d73407484ec2a6365f31b56,50206,50206150624,50206150721,draw_mixed_complex_MADDPG-style_g5_ep6
audit__mixed_complex__MADDPG-style__g5__ep07,safety_envelope_intervention_audit,mixed_complex,MADDPG-style,training_checkpoint,5,7,4,ON,0.1,1,4,0,N/A,0,0,639,2023,0.31586752347998,0.155068,0.840962,33.0236,36.9864,1.4078,0.660282,0.813918,5de7bc74c1568867e6e23d4a7dfed393551a39787d73407484ec2a6365f31b56,50207,50207150628,50207150725,draw_mixed_complex_MADDPG-style_g5_ep7
audit__mixed_complex__MADDPG-style__g5__ep08,safety_envelope_intervention_audit,mixed_complex,MADDPG-style,training_checkpoint,5,8,4,ON,0.1,1,4,0,N/A,0,0,715,2173,0.329038196042338,0.183145,0.839017,33.8975,37.9652,1.2135,0.653409,0.845341,5de7bc74c1568867e6e23d4a7dfed393551a39787d73407484ec2a6365f31b56,50208,50208150632,50208150729,draw_mixed_complex_MADDPG-style_g5_ep8
audit__mixed_complex__MADDPG-style__g5__ep09,safety_envelope_intervention_audit,mixed_complex,MADDPG-style,training_checkpoint,5,9,4,ON,0.1,1,4,0,N/A,0,0,585,1882,0.310839532412327,0.176762,0.831406,30.102,33.7142,2.2502,0.678208,0.802792,5de7bc74c1568867e6e23d4a7dfed393551a39787d73407484ec2a6365f31b56,50209,50209150636,50209150733,draw_mixed_complex_MADDPG-style_g5_ep9
audit__mixed_complex__MADDPG-style__g6__ep00,safety_envelope_intervention_audit,mixed_complex,MADDPG-style,training_checkpoint,6,0,4,ON,0.1,1,4,0,N/A,0,0,578,1806,0.320044296788483,0.153521,0.826456,33.4645,37.4803,1.0084,0.647315,0.805876,0422041699ff2f45b8c1f1b18366a66f506ece18bf78055b1bb41a1a9a7c5fa1,60200,60200180600,60200180697,draw_mixed_complex_MADDPG-style_g6_ep0
audit__mixed_complex__MADDPG-style__g6__ep01,safety_envelope_intervention_audit,mixed_complex,MADDPG-style,training_checkpoint,6,1,4,ON,0.1,1,4,0,N/A,0,0,574,1733,0.331217541834968,0.163599,0.816212,32.9066,36.8554,2.324,0.700718,0.869377,0422041699ff2f45b8c1f1b18366a66f506ece18bf78055b1bb41a1a9a7c5fa1,60201,60201180604,60201180701,draw_mixed_complex_MADDPG-style_g6_ep1
audit__mixed_complex__MADDPG-style__g6__ep02,safety_envelope_intervention_audit,mixed_complex,MADDPG-style,training_checkpoint,6,2,4,ON,0.1,1,4,0,N/A,0,0,566,1851,0.305780659103188,0.148486,0.814946,31.8231,35.6419,2.45,0.673444,0.90027,0422041699ff2f45b8c1f1b18366a66f506ece18bf78055b1bb41a1a9a7c5fa1,60202,60202180608,60202180705,draw_mixed_complex_MADDPG-style_g6_ep2
audit__mixed_complex__MADDPG-style__g6__ep03,safety_envelope_intervention_audit,mixed_complex,MADDPG-style,training_checkpoint,6,3,4,ON,0.1,1,4,0,N/A,0,0,584,1689,0.345766725873298,0.160237,0.846079,32.1092,35.9623,2.2177,0.668204,0.826785,0422041699ff2f45b8c1f1b18366a66f506ece18bf78055b1bb41a1a9a7c5fa1,60203,60203180612,60203180709,draw_mixed_complex_MADDPG-style_g6_ep3
audit__mixed_complex__MADDPG-style__g6__ep04,safety_envelope_intervention_audit,mixed_complex,MADDPG-style,training_checkpoint,6,4,4,ON,0.1,1,4,0,N/A,0,0,574,1707,0.33626244874048,0.171555,0.842486,33.3806,37.3863,2.2256,0.661167,0.834996,0422041699ff2f45b8c1f1b18366a66f506ece18bf78055b1bb41a1a9a7c5fa1,60204,60204180616,60204180713,draw_mixed_complex_MADDPG-style_g6_ep4
audit__mixed_complex__MADDPG-style__g6__ep05,safety_envelope_intervention_audit,mixed_complex,MADDPG-style,training_checkpoint,6,5,4,ON,0.1,1,4,0,N/A,0,0,618,2019,0.306092124814265,0.157599,0.868689,32.3525,36.2348,2.074,0.700311,0.874048,0422041699ff2f45b8c1f1b18366a66f506ece18bf78055b1bb41a1a9a7c5fa1,60205,60205180620,60205180717,draw_mixed_complex_MADDPG-style_g6_ep5
audit__mixed_complex__MADDPG-style__g6__ep06,safety_envelope_intervention_audit,mixed_complex,MADDPG-style,training_checkpoint,6,6,4,ON,0.1,1,4,0,N/A,0,0,611,2033,0.300541072306936,0.174001,0.838805,33.8437,37.905,1.0463,0.649214,0.889895,0422041699ff2f45b8c1f1b18366a66f506ece18bf78055b1bb41a1a9a7c5fa1,60206,60206180624,60206180721,draw_mixed_complex_MADDPG-style_g6_ep6
audit__mixed_complex__MADDPG-style__g6__ep07,safety_envelope_intervention_audit,mixed_complex,MADDPG-style,training_checkpoint,6,7,4,ON,0.1,1,4,0,N/A,0,0,567,1969,0.28796343321483,0.160705,0.837031,32.8832,36.8291,2.3124,0.645121,0.826674,0422041699ff2f45b8c1f1b18366a66f506ece18bf78055b1bb41a1a9a7c5fa1,60207,60207180628,60207180725,draw_mixed_complex_MADDPG-style_g6_ep7
audit__mixed_complex__MADDPG-style__g6__ep08,safety_envelope_intervention_audit,mixed_complex,MADDPG-style,training_checkpoint,6,8,4,ON,0.1,1,4,0,N/A,0,0,617,1846,0.334236186348862,0.169831,0.868296,34.9707,39.1672,1.7167,0.676438,0.874791,0422041699ff2f45b8c1f1b18366a66f506ece18bf78055b1bb41a1a9a7c5fa1,60208,60208180632,60208180729,draw_mixed_complex_MADDPG-style_g6_ep8
audit__mixed_complex__MADDPG-style__g6__ep09,safety_envelope_intervention_audit,mixed_complex,MADDPG-style,training_checkpoint,6,9,4,ON,0.1,1,4,0,N/A,0,0,639,1911,0.334379905808477,0.154985,0.848458,33.0042,36.9647,2.0074,0.65389,0.915371,0422041699ff2f45b8c1f1b18366a66f506ece18bf78055b1bb41a1a9a7c5fa1,60209,60209180636,60209180733,draw_mixed_complex_MADDPG-style_g6_ep9
audit__mixed_complex__MADDPG-style__g7__ep00,safety_envelope_intervention_audit,mixed_complex,MADDPG-style,training_checkpoint,7,0,4,ON,0.1,1,4,0,N/A,0,0,611,1805,0.338504155124654,0.171694,0.851608,30.8924,34.5995,1.5996,0.704222,0.881063,ec8010102a7bc984b41705612672c4d645130d8baa303509cc9e241964a8bb03,70200,70200210600,70200210697,draw_mixed_complex_MADDPG-style_g7_ep0
audit__mixed_complex__MADDPG-style__g7__ep01,safety_envelope_intervention_audit,mixed_complex,MADDPG-style,training_checkpoint,7,1,4,ON,0.1,1,4,0,N/A,0,0,584,1721,0.339337594421848,0.147154,0.820762,33.8477,37.9095,1.4544,0.634921,0.897581,ec8010102a7bc984b41705612672c4d645130d8baa303509cc9e241964a8bb03,70201,70201210604,70201210701,draw_mixed_complex_MADDPG-style_g7_ep1
audit__mixed_complex__MADDPG-style__g7__ep02,safety_envelope_intervention_audit,mixed_complex,MADDPG-style,training_checkpoint,7,2,4,ON,0.1,1,4,0,N/A,0,0,666,2151,0.309623430962343,0.150791,0.873725,31.8684,35.6926,1.5865,0.70097,0.87864,ec8010102a7bc984b41705612672c4d645130d8baa303509cc9e241964a8bb03,70202,70202210608,70202210705,draw_mixed_complex_MADDPG-style_g7_ep2
audit__mixed_complex__MADDPG-style__g7__ep03,safety_envelope_intervention_audit,mixed_complex,MADDPG-style,training_checkpoint,7,3,4,ON,0.1,1,4,0,N/A,0,0,608,1696,0.358490566037736,0.161321,0.830925,34.7769,38.9501,2.4238,0.666137,0.851228,ec8010102a7bc984b41705612672c4d645130d8baa303509cc9e241964a8bb03,70203,70203210612,70203210709,draw_mixed_complex_MADDPG-style_g7_ep3
audit__mixed_complex__MADDPG-style__g7__ep04,safety_envelope_intervention_audit,mixed_complex,MADDPG-style,training_checkpoint,7,4,4,ON,0.1,1,4,0,N/A,0,0,574,1652,0.347457627118644,0.168214,0.849847,34.7897,38.9645,1.887,0.67193,0.863594,ec8010102a7bc984b41705612672c4d645130d8baa303509cc9e241964a8bb03,70204,70204210616,70204210713,draw_mixed_complex_MADDPG-style_g7_ep4
audit__mixed_complex__MADDPG-style__g7__ep05,safety_envelope_intervention_audit,mixed_complex,MADDPG-style,training_checkpoint,7,5,4,ON,0.1,1,4,0,N/A,0,0,569,1756,0.324031890660592,0.153651,0.843144,30.8768,34.582,1.087,0.640243,0.800728,ec8010102a7bc984b41705612672c4d645130d8baa303509cc9e241964a8bb03,70205,70205210620,70205210717,draw_mixed_complex_MADDPG-style_g7_ep5
audit__mixed_complex__MADDPG-style__g7__ep06,safety_envelope_intervention_audit,mixed_complex,MADDPG-style,training_checkpoint,7,6,4,ON,0.1,1,4,0,N/A,0,0,649,2135,0.303981264637002,0.163257,0.836202,30.4936,34.1528,1.209,0.637693,0.889062,ec8010102a7bc984b41705612672c4d645130d8baa303509cc9e241964a8bb03,70206,70206210624,70206210721,draw_mixed_complex_MADDPG-style_g7_ep6
audit__mixed_complex__MADDPG-style__g7__ep07,safety_envelope_intervention_audit,mixed_complex,MADDPG-style,training_checkpoint,7,7,4,ON,0.1,1,4,0,N/A,0,0,587,1834,0.320065430752454,0.168801,0.832272,33.4406,37.4535,1.2357,0.67251,0.81151,ec8010102a7bc984b41705612672c4d645130d8baa303509cc9e241964a8bb03,70207,70207210628,70207210725,draw_mixed_complex_MADDPG-style_g7_ep7
audit__mixed_complex__MADDPG-style__g7__ep08,safety_envelope_intervention_audit,mixed_complex,MADDPG-style,training_checkpoint,7,8,4,ON,0.1,1,4,0,N/A,0,0,589,1783,0.330342120022434,0.175466,0.839889,30.769,34.4613,1.2699,0.705431,0.85507,ec8010102a7bc984b41705612672c4d645130d8baa303509cc9e241964a8bb03,70208,70208210632,70208210729,draw_mixed_complex_MADDPG-style_g7_ep8
audit__mixed_complex__MADDPG-style__g7__ep09,safety_envelope_intervention_audit,mixed_complex,MADDPG-style,training_checkpoint,7,9,4,ON,0.1,1,4,0,N/A,0,0,610,1841,0.331341662140141,0.18277,0.806138,32.5363,36.4406,1.1646,0.636109,0.828344,ec8010102a7bc984b41705612672c4d645130d8baa303509cc9e241964a8bb03,70209,70209210636,70209210733,draw_mixed_complex_MADDPG-style_g7_ep9
audit__static_clutter__CA-GAT-MAPPO__g0__ep00,safety_envelope_intervention_audit,static_clutter,CA-GAT-MAPPO,training_checkpoint,0,0,4,ON,0.1,1,4,0,N/A,0,N/A,273,1333,0.204801200300075,0.137837,1.06449,32.0212,35.8637,1.8147,0.701314,N/A,32b57b023ab33276da86134da501d84a771975144fd1f90211ad7e29af38e612,0,0,N/A (no pedestrians),draw_static_clutter_CA-GAT-MAPPO_g0_ep0
audit__static_clutter__CA-GAT-MAPPO__g0__ep01,safety_envelope_intervention_audit,static_clutter,CA-GAT-MAPPO,training_checkpoint,0,1,4,ON,0.1,1,4,0,N/A,0,N/A,262,1225,0.213877551020408,0.147284,1.04449,30.964,34.6797,1.4521,0.679348,N/A,32b57b023ab33276da86134da501d84a771975144fd1f90211ad7e29af38e612,1,1000004,N/A (no pedestrians),draw_static_clutter_CA-GAT-MAPPO_g0_ep1
audit__static_clutter__CA-GAT-MAPPO__g0__ep02,safety_envelope_intervention_audit,static_clutter,CA-GAT-MAPPO,training_checkpoint,0,2,4,ON,0.1,1,4,0,N/A,0,N/A,257,1252,0.205271565495208,0.142427,1.05449,30.6026,34.2749,1.4959,0.697105,N/A,32b57b023ab33276da86134da501d84a771975144fd1f90211ad7e29af38e612,2,2000008,N/A (no pedestrians),draw_static_clutter_CA-GAT-MAPPO_g0_ep2
audit__static_clutter__CA-GAT-MAPPO__g0__ep03,safety_envelope_intervention_audit,static_clutter,CA-GAT-MAPPO,training_checkpoint,0,3,4,ON,0.1,1,4,0,N/A,0,N/A,253,1133,0.223300970873786,0.140362,1.05449,33.3573,37.3602,2.2401,0.686118,N/A,32b57b023ab33276da86134da501d84a771975144fd1f90211ad7e29af38e612,3,3000012,N/A (no pedestrians),draw_static_clutter_CA-GAT-MAPPO_g0_ep3
audit__static_clutter__CA-GAT-MAPPO__g0__ep04,safety_envelope_intervention_audit,static_clutter,CA-GAT-MAPPO,training_checkpoint,0,4,4,ON,0.1,1,4,0,N/A,0,N/A,285,1287,0.221445221445221,0.160301,1.05449,30.9189,34.6291,2.4729,0.642166,N/A,32b57b023ab33276da86134da501d84a771975144fd1f90211ad7e29af38e612,4,4000016,N/A (no pedestrians),draw_static_clutter_CA-GAT-MAPPO_g0_ep4
audit__static_clutter__CA-GAT-MAPPO__g0__ep05,safety_envelope_intervention_audit,static_clutter,CA-GAT-MAPPO,training_checkpoint,0,5,4,ON,0.1,1,4,0,N/A,0,N/A,287,1348,0.212908011869436,0.144299,1.05449,31.8521,35.6743,1.1516,0.655587,N/A,32b57b023ab33276da86134da501d84a771975144fd1f90211ad7e29af38e612,5,5000020,N/A (no pedestrians),draw_static_clutter_CA-GAT-MAPPO_g0_ep5
audit__static_clutter__CA-GAT-MAPPO__g0__ep06,safety_envelope_intervention_audit,static_clutter,CA-GAT-MAPPO,training_checkpoint,0,6,4,ON,0.1,1,4,0,N/A,0,N/A,282,1300,0.216923076923077,0.162038,1.05449,30.1772,33.7985,2.1426,0.649585,N/A,32b57b023ab33276da86134da501d84a771975144fd1f90211ad7e29af38e612,6,6000024,N/A (no pedestrians),draw_static_clutter_CA-GAT-MAPPO_g0_ep6
audit__static_clutter__CA-GAT-MAPPO__g0__ep07,safety_envelope_intervention_audit,static_clutter,CA-GAT-MAPPO,training_checkpoint,0,7,4,ON,0.1,1,4,0,N/A,0,N/A,282,1364,0.206744868035191,0.144186,1.05449,33.7457,37.7952,2.269,0.680141,N/A,32b57b023ab33276da86134da501d84a771975144fd1f90211ad7e29af38e612,7,7000028,N/A (no pedestrians),draw_static_clutter_CA-GAT-MAPPO_g0_ep7
audit__static_clutter__CA-GAT-MAPPO__g0__ep08,safety_envelope_intervention_audit,static_clutter,CA-GAT-MAPPO,training_checkpoint,0,8,4,ON,0.1,1,4,0,N/A,0,N/A,268,1371,0.195477753464624,0.141712,1.05449,31.3502,35.1122,1.9832,0.636489,N/A,32b57b023ab33276da86134da501d84a771975144fd1f90211ad7e29af38e612,8,8000032,N/A (no pedestrians),draw_static_clutter_CA-GAT-MAPPO_g0_ep8
audit__static_clutter__CA-GAT-MAPPO__g0__ep09,safety_envelope_intervention_audit,static_clutter,CA-GAT-MAPPO,training_checkpoint,0,9,4,ON,0.1,1,4,0,N/A,0,N/A,269,1330,0.202255639097744,0.146415,1.05449,33.4485,37.4623,2.4791,0.675124,N/A,32b57b023ab33276da86134da501d84a771975144fd1f90211ad7e29af38e612,9,9000036,N/A (no pedestrians),draw_static_clutter_CA-GAT-MAPPO_g0_ep9
audit__static_clutter__CA-GAT-MAPPO__g1__ep00,safety_envelope_intervention_audit,static_clutter,CA-GAT-MAPPO,training_checkpoint,1,0,4,ON,0.1,1,4,0,N/A,0,N/A,261,1209,0.215880893300248,0.127969,1.012473,31.1142,34.8479,1.5331,0.659272,N/A,c8383894f1ca21040260723e2d1af03750871b973ced1600e136c41c5efec297,10000,10000030000,N/A (no pedestrians),draw_static_clutter_CA-GAT-MAPPO_g1_ep0
audit__static_clutter__CA-GAT-MAPPO__g1__ep01,safety_envelope_intervention_audit,static_clutter,CA-GAT-MAPPO,training_checkpoint,1,1,4,ON,0.1,1,4,0,N/A,0,N/A,271,1303,0.207981580966999,0.134225,0.992473,32.81,36.7472,2.4766,0.661432,N/A,c8383894f1ca21040260723e2d1af03750871b973ced1600e136c41c5efec297,10001,10001030004,N/A (no pedestrians),draw_static_clutter_CA-GAT-MAPPO_g1_ep1
audit__static_clutter__CA-GAT-MAPPO__g1__ep02,safety_envelope_intervention_audit,static_clutter,CA-GAT-MAPPO,training_checkpoint,1,2,4,ON,0.1,1,4,0,N/A,0,N/A,254,1235,0.205668016194332,0.15322,1.002473,30.2953,33.9307,2.3108,0.65228,N/A,c8383894f1ca21040260723e2d1af03750871b973ced1600e136c41c5efec297,10002,10002030008,N/A (no pedestrians),draw_static_clutter_CA-GAT-MAPPO_g1_ep2
audit__static_clutter__CA-GAT-MAPPO__g1__ep03,safety_envelope_intervention_audit,static_clutter,CA-GAT-MAPPO,training_checkpoint,1,3,4,ON,0.1,1,4,0,N/A,0,N/A,287,1408,0.203835227272727,0.133885,1.002473,34.093,38.1841,2.2229,0.686654,N/A,c8383894f1ca21040260723e2d1af03750871b973ced1600e136c41c5efec297,10003,10003030012,N/A (no pedestrians),draw_static_clutter_CA-GAT-MAPPO_g1_ep3
audit__static_clutter__CA-GAT-MAPPO__g1__ep04,safety_envelope_intervention_audit,static_clutter,CA-GAT-MAPPO,training_checkpoint,1,4,4,ON,0.1,1,4,0,N/A,0,N/A,280,1392,0.201149425287356,0.167687,1.002473,33.9676,38.0437,1.3438,0.66405,N/A,c8383894f1ca21040260723e2d1af03750871b973ced1600e136c41c5efec297,10004,10004030016,N/A (no pedestrians),draw_static_clutter_CA-GAT-MAPPO_g1_ep4
audit__static_clutter__CA-GAT-MAPPO__g1__ep05,safety_envelope_intervention_audit,static_clutter,CA-GAT-MAPPO,training_checkpoint,1,5,4,ON,0.1,1,4,0,N/A,0,N/A,260,1216,0.213815789473684,0.149726,1.002473,31.3725,35.1372,1.3123,0.675194,N/A,c8383894f1ca21040260723e2d1af03750871b973ced1600e136c41c5efec297,10005,10005030020,N/A (no pedestrians),draw_static_clutter_CA-GAT-MAPPO_g1_ep5
audit__static_clutter__CA-GAT-MAPPO__g1__ep06,safety_envelope_intervention_audit,static_clutter,CA-GAT-MAPPO,training_checkpoint,1,6,4,ON,0.1,1,4,0,N/A,0,N/A,263,1330,0.197744360902256,0.162149,1.002473,32.9737,36.9306,1.6604,0.636271,N/A,c8383894f1ca21040260723e2d1af03750871b973ced1600e136c41c5efec297,10006,10006030024,N/A (no pedestrians),draw_static_clutter_CA-GAT-MAPPO_g1_ep6
audit__static_clutter__CA-GAT-MAPPO__g1__ep07,safety_envelope_intervention_audit,static_clutter,CA-GAT-MAPPO,training_checkpoint,1,7,4,ON,0.1,1,4,0,N/A,0,N/A,260,1166,0.222984562607204,0.144628,1.002473,33.6569,37.6957,2.4765,0.683315,N/A,c8383894f1ca21040260723e2d1af03750871b973ced1600e136c41c5efec297,10007,10007030028,N/A (no pedestrians),draw_static_clutter_CA-GAT-MAPPO_g1_ep7
audit__static_clutter__CA-GAT-MAPPO__g1__ep08,safety_envelope_intervention_audit,static_clutter,CA-GAT-MAPPO,training_checkpoint,1,8,4,ON,0.1,1,4,0,N/A,0,N/A,281,1374,0.204512372634643,0.135733,1.002473,33.2948,37.2902,2.3298,0.697261,N/A,c8383894f1ca21040260723e2d1af03750871b973ced1600e136c41c5efec297,10008,10008030032,N/A (no pedestrians),draw_static_clutter_CA-GAT-MAPPO_g1_ep8
audit__static_clutter__CA-GAT-MAPPO__g1__ep09,safety_envelope_intervention_audit,static_clutter,CA-GAT-MAPPO,training_checkpoint,1,9,4,ON,0.1,1,4,0,N/A,0,N/A,276,1263,0.218527315914489,0.173943,1.002473,33.6219,37.6566,2.038,0.709341,N/A,c8383894f1ca21040260723e2d1af03750871b973ced1600e136c41c5efec297,10009,10009030036,N/A (no pedestrians),draw_static_clutter_CA-GAT-MAPPO_g1_ep9
audit__static_clutter__CA-GAT-MAPPO__g2__ep00,safety_envelope_intervention_audit,static_clutter,CA-GAT-MAPPO,training_checkpoint,2,0,4,ON,0.1,1,4,0,N/A,0,N/A,286,1413,0.202406227883935,0.152392,0.945415,30.5888,34.2595,2.4339,0.668363,N/A,65d1a2863c9025e481d4b3e0e77c45baddf47b35dc01a861ea5f76c4a6887f11,20000,20000060000,N/A (no pedestrians),draw_static_clutter_CA-GAT-MAPPO_g2_ep0
audit__static_clutter__CA-GAT-MAPPO__g2__ep01,safety_envelope_intervention_audit,static_clutter,CA-GAT-MAPPO,training_checkpoint,2,1,4,ON,0.1,1,4,0,N/A,0,N/A,262,1363,0.192223037417461,0.164143,0.953668,33.0732,37.042,1.0277,0.650955,N/A,65d1a2863c9025e481d4b3e0e77c45baddf47b35dc01a861ea5f76c4a6887f11,20001,20001060004,N/A (no pedestrians),draw_static_clutter_CA-GAT-MAPPO_g2_ep1
audit__static_clutter__CA-GAT-MAPPO__g2__ep02,safety_envelope_intervention_audit,static_clutter,CA-GAT-MAPPO,training_checkpoint,2,2,4,ON,0.1,1,4,0,N/A,0,N/A,270,1304,0.207055214723926,0.158057,0.957848,31.6756,35.4767,1.5408,0.6959,N/A,65d1a2863c9025e481d4b3e0e77c45baddf47b35dc01a861ea5f76c4a6887f11,20002,20002060008,N/A (no pedestrians),draw_static_clutter_CA-GAT-MAPPO_g2_ep2
audit__static_clutter__CA-GAT-MAPPO__g2__ep03,safety_envelope_intervention_audit,static_clutter,CA-GAT-MAPPO,training_checkpoint,2,3,4,ON,0.1,1,4,0,N/A,0,N/A,277,1387,0.19971160778659,0.148592,0.996847,34.7906,38.9654,2.2043,0.700604,N/A,65d1a2863c9025e481d4b3e0e77c45baddf47b35dc01a861ea5f76c4a6887f11,20003,20003060012,N/A (no pedestrians),draw_static_clutter_CA-GAT-MAPPO_g2_ep3
audit__static_clutter__CA-GAT-MAPPO__g2__ep04,safety_envelope_intervention_audit,static_clutter,CA-GAT-MAPPO,training_checkpoint,2,4,4,ON,0.1,1,4,0,N/A,0,N/A,279,1371,0.203501094091904,0.149632,0.975103,33.0171,36.9792,2.0431,0.674439,N/A,65d1a2863c9025e481d4b3e0e77c45baddf47b35dc01a861ea5f76c4a6887f11,20004,20004060016,N/A (no pedestrians),draw_static_clutter_CA-GAT-MAPPO_g2_ep4
audit__static_clutter__CA-GAT-MAPPO__g2__ep05,safety_envelope_intervention_audit,static_clutter,CA-GAT-MAPPO,training_checkpoint,2,5,4,ON,0.1,1,4,0,N/A,0,N/A,290,1503,0.192947438456421,0.130229,0.95491,32.187,36.0495,1.6361,0.689331,N/A,65d1a2863c9025e481d4b3e0e77c45baddf47b35dc01a861ea5f76c4a6887f11,20005,20005060020,N/A (no pedestrians),draw_static_clutter_CA-GAT-MAPPO_g2_ep5
audit__static_clutter__CA-GAT-MAPPO__g2__ep06,safety_envelope_intervention_audit,static_clutter,CA-GAT-MAPPO,training_checkpoint,2,6,4,ON,0.1,1,4,0,N/A,0,N/A,265,1238,0.2140549273021,0.136724,0.918281,32.2284,36.0958,1.775,0.705972,N/A,65d1a2863c9025e481d4b3e0e77c45baddf47b35dc01a861ea5f76c4a6887f11,20006,20006060024,N/A (no pedestrians),draw_static_clutter_CA-GAT-MAPPO_g2_ep6
audit__static_clutter__CA-GAT-MAPPO__g2__ep07,safety_envelope_intervention_audit,static_clutter,CA-GAT-MAPPO,training_checkpoint,2,7,4,ON,0.1,1,4,0,N/A,0,N/A,265,1302,0.203533026113671,0.128373,0.930176,32.3056,36.1823,1.3315,0.647468,N/A,65d1a2863c9025e481d4b3e0e77c45baddf47b35dc01a861ea5f76c4a6887f11,20007,20007060028,N/A (no pedestrians),draw_static_clutter_CA-GAT-MAPPO_g2_ep7
audit__static_clutter__CA-GAT-MAPPO__g2__ep08,safety_envelope_intervention_audit,static_clutter,CA-GAT-MAPPO,training_checkpoint,2,8,4,ON,0.1,1,4,0,N/A,0,N/A,279,1377,0.202614379084967,0.126897,0.975518,32.4731,36.3698,1.1332,0.648832,N/A,65d1a2863c9025e481d4b3e0e77c45baddf47b35dc01a861ea5f76c4a6887f11,20008,20008060032,N/A (no pedestrians),draw_static_clutter_CA-GAT-MAPPO_g2_ep8
audit__static_clutter__CA-GAT-MAPPO__g2__ep09,safety_envelope_intervention_audit,static_clutter,CA-GAT-MAPPO,training_checkpoint,2,9,4,ON,0.1,1,4,0,N/A,0,N/A,276,1292,0.213622291021672,0.137989,0.980507,30.0197,33.6221,1.0951,0.6601,N/A,65d1a2863c9025e481d4b3e0e77c45baddf47b35dc01a861ea5f76c4a6887f11,20009,20009060036,N/A (no pedestrians),draw_static_clutter_CA-GAT-MAPPO_g2_ep9
audit__static_clutter__CA-GAT-MAPPO__g3__ep00,safety_envelope_intervention_audit,static_clutter,CA-GAT-MAPPO,training_checkpoint,3,0,4,ON,0.1,1,4,0,N/A,0,N/A,264,1256,0.210191082802548,0.136428,1.040005,30.9361,34.6485,1.767,0.640591,N/A,393abcb6fd079222a545cf2499fb150dadc203e2815c82a78f7abad9197326a6,30000,30000090000,N/A (no pedestrians),draw_static_clutter_CA-GAT-MAPPO_g3_ep0
audit__static_clutter__CA-GAT-MAPPO__g3__ep01,safety_envelope_intervention_audit,static_clutter,CA-GAT-MAPPO,training_checkpoint,3,1,4,ON,0.1,1,4,0,N/A,0,N/A,280,1336,0.209580838323353,0.152027,1.020005,32.4961,36.3956,2.0693,0.695851,N/A,393abcb6fd079222a545cf2499fb150dadc203e2815c82a78f7abad9197326a6,30001,30001090004,N/A (no pedestrians),draw_static_clutter_CA-GAT-MAPPO_g3_ep1
audit__static_clutter__CA-GAT-MAPPO__g3__ep02,safety_envelope_intervention_audit,static_clutter,CA-GAT-MAPPO,training_checkpoint,3,2,4,ON,0.1,1,4,0,N/A,0,N/A,278,1370,0.202919708029197,0.155084,1.030005,34.0632,38.1508,1.119,0.633906,N/A,393abcb6fd079222a545cf2499fb150dadc203e2815c82a78f7abad9197326a6,30002,30002090008,N/A (no pedestrians),draw_static_clutter_CA-GAT-MAPPO_g3_ep2
audit__static_clutter__CA-GAT-MAPPO__g3__ep03,safety_envelope_intervention_audit,static_clutter,CA-GAT-MAPPO,training_checkpoint,3,3,4,ON,0.1,1,4,0,N/A,0,N/A,295,1574,0.187420584498094,0.166035,1.030005,31.4695,35.2459,1.8585,0.680845,N/A,393abcb6fd079222a545cf2499fb150dadc203e2815c82a78f7abad9197326a6,30003,30003090012,N/A (no pedestrians),draw_static_clutter_CA-GAT-MAPPO_g3_ep3
audit__static_clutter__CA-GAT-MAPPO__g3__ep04,safety_envelope_intervention_audit,static_clutter,CA-GAT-MAPPO,training_checkpoint,3,4,4,ON,0.1,1,4,0,N/A,0,N/A,285,1480,0.192567567567568,0.134991,1.030005,32.6982,36.622,1.5107,0.693413,N/A,393abcb6fd079222a545cf2499fb150dadc203e2815c82a78f7abad9197326a6,30004,30004090016,N/A (no pedestrians),draw_static_clutter_CA-GAT-MAPPO_g3_ep4
audit__static_clutter__CA-GAT-MAPPO__g3__ep05,safety_envelope_intervention_audit,static_clutter,CA-GAT-MAPPO,training_checkpoint,3,5,4,ON,0.1,1,4,0,N/A,0,N/A,282,1403,0.200997861724875,0.146994,1.030005,34.5145,38.6563,2.3084,0.655773,N/A,393abcb6fd079222a545cf2499fb150dadc203e2815c82a78f7abad9197326a6,30005,30005090020,N/A (no pedestrians),draw_static_clutter_CA-GAT-MAPPO_g3_ep5
audit__static_clutter__CA-GAT-MAPPO__g3__ep06,safety_envelope_intervention_audit,static_clutter,CA-GAT-MAPPO,training_checkpoint,3,6,4,ON,0.1,1,4,0,N/A,0,N/A,291,1430,0.203496503496504,0.156163,1.030005,32.4591,36.3542,2.4458,0.707708,N/A,393abcb6fd079222a545cf2499fb150dadc203e2815c82a78f7abad9197326a6,30006,30006090024,N/A (no pedestrians),draw_static_clutter_CA-GAT-MAPPO_g3_ep6
audit__static_clutter__CA-GAT-MAPPO__g3__ep07,safety_envelope_intervention_audit,static_clutter,CA-GAT-MAPPO,training_checkpoint,3,7,4,ON,0.1,1,4,0,N/A,0,N/A,282,1471,0.191706322229776,0.150478,1.030005,34.5463,38.6918,1.4814,0.705189,N/A,393abcb6fd079222a545cf2499fb150dadc203e2815c82a78f7abad9197326a6,30007,30007090028,N/A (no pedestrians),draw_static_clutter_CA-GAT-MAPPO_g3_ep7
audit__static_clutter__CA-GAT-MAPPO__g3__ep08,safety_envelope_intervention_audit,static_clutter,CA-GAT-MAPPO,training_checkpoint,3,8,4,ON,0.1,1,4,0,N/A,0,N/A,277,1298,0.213405238828968,0.136381,1.030005,33.769,37.8213,1.9238,0.695843,N/A,393abcb6fd079222a545cf2499fb150dadc203e2815c82a78f7abad9197326a6,30008,30008090032,N/A (no pedestrians),draw_static_clutter_CA-GAT-MAPPO_g3_ep8
audit__static_clutter__CA-GAT-MAPPO__g3__ep09,safety_envelope_intervention_audit,static_clutter,CA-GAT-MAPPO,training_checkpoint,3,9,4,ON,0.1,1,4,0,N/A,0,N/A,275,1325,0.207547169811321,0.138374,1.030005,31.4457,35.2192,1.04,0.65216,N/A,393abcb6fd079222a545cf2499fb150dadc203e2815c82a78f7abad9197326a6,30009,30009090036,N/A (no pedestrians),draw_static_clutter_CA-GAT-MAPPO_g3_ep9
audit__static_clutter__CA-GAT-MAPPO__g4__ep00,safety_envelope_intervention_audit,static_clutter,CA-GAT-MAPPO,training_checkpoint,4,0,4,ON,0.1,1,4,0,N/A,0,N/A,289,1417,0.203952011291461,0.148481,0.950349,34.996,39.1955,1.4287,0.708217,N/A,85b75cebabfb43f6a21217c01bab2b4f56989a8e52faee5c7b1d32074fb631b4,40000,40000120000,N/A (no pedestrians),draw_static_clutter_CA-GAT-MAPPO_g4_ep0
audit__static_clutter__CA-GAT-MAPPO__g4__ep01,safety_envelope_intervention_audit,static_clutter,CA-GAT-MAPPO,training_checkpoint,4,1,4,ON,0.1,1,4,0,N/A,0,N/A,307,1444,0.212603878116343,0.146545,0.996178,31.398,35.1657,1.1167,0.660112,N/A,85b75cebabfb43f6a21217c01bab2b4f56989a8e52faee5c7b1d32074fb631b4,40001,40001120004,N/A (no pedestrians),draw_static_clutter_CA-GAT-MAPPO_g4_ep1
audit__static_clutter__CA-GAT-MAPPO__g4__ep02,safety_envelope_intervention_audit,static_clutter,CA-GAT-MAPPO,training_checkpoint,4,2,4,ON,0.1,1,4,0,N/A,0,N/A,259,1133,0.228596646072374,0.143696,0.970978,34.9348,39.1269,1.5204,0.681664,N/A,85b75cebabfb43f6a21217c01bab2b4f56989a8e52faee5c7b1d32074fb631b4,40002,40002120008,N/A (no pedestrians),draw_static_clutter_CA-GAT-MAPPO_g4_ep2
audit__static_clutter__CA-GAT-MAPPO__g4__ep03,safety_envelope_intervention_audit,static_clutter,CA-GAT-MAPPO,training_checkpoint,4,3,4,ON,0.1,1,4,0,N/A,0,N/A,272,1334,0.203898050974513,0.161528,0.977966,30.6744,34.3553,2.1986,0.681329,N/A,85b75cebabfb43f6a21217c01bab2b4f56989a8e52faee5c7b1d32074fb631b4,40003,40003120012,N/A (no pedestrians),draw_static_clutter_CA-GAT-MAPPO_g4_ep3
audit__static_clutter__CA-GAT-MAPPO__g4__ep04,safety_envelope_intervention_audit,static_clutter,CA-GAT-MAPPO,training_checkpoint,4,4,4,ON,0.1,1,4,0,N/A,0,N/A,279,1271,0.219512195121951,0.138349,0.940164,33.8011,37.8572,2.4323,0.674847,N/A,85b75cebabfb43f6a21217c01bab2b4f56989a8e52faee5c7b1d32074fb631b4,40004,40004120016,N/A (no pedestrians),draw_static_clutter_CA-GAT-MAPPO_g4_ep4
audit__static_clutter__CA-GAT-MAPPO__g4__ep05,safety_envelope_intervention_audit,static_clutter,CA-GAT-MAPPO,training_checkpoint,4,5,4,ON,0.1,1,4,0,N/A,0,N/A,281,1325,0.212075471698113,0.133435,0.985627,34.2555,38.3662,2.0248,0.660506,N/A,85b75cebabfb43f6a21217c01bab2b4f56989a8e52faee5c7b1d32074fb631b4,40005,40005120020,N/A (no pedestrians),draw_static_clutter_CA-GAT-MAPPO_g4_ep5
audit__static_clutter__CA-GAT-MAPPO__g4__ep06,safety_envelope_intervention_audit,static_clutter,CA-GAT-MAPPO,training_checkpoint,4,6,4,ON,0.1,1,4,0,N/A,0,N/A,288,1331,0.216378662659654,0.135875,0.94261,31.906,35.7347,1.3281,0.697805,N/A,85b75cebabfb43f6a21217c01bab2b4f56989a8e52faee5c7b1d32074fb631b4,40006,40006120024,N/A (no pedestrians),draw_static_clutter_CA-GAT-MAPPO_g4_ep6
audit__static_clutter__CA-GAT-MAPPO__g4__ep07,safety_envelope_intervention_audit,static_clutter,CA-GAT-MAPPO,training_checkpoint,4,7,4,ON,0.1,1,4,0,N/A,0,N/A,285,1289,0.221101629169899,0.128297,0.955175,33.3074,37.3042,1.641,0.661927,N/A,85b75cebabfb43f6a21217c01bab2b4f56989a8e52faee5c7b1d32074fb631b4,40007,40007120028,N/A (no pedestrians),draw_static_clutter_CA-GAT-MAPPO_g4_ep7
audit__static_clutter__CA-GAT-MAPPO__g4__ep08,safety_envelope_intervention_audit,static_clutter,CA-GAT-MAPPO,training_checkpoint,4,8,4,ON,0.1,1,4,0,N/A,0,N/A,264,1189,0.222035323801514,0.150153,0.939767,31.3409,35.1018,2.1271,0.642196,N/A,85b75cebabfb43f6a21217c01bab2b4f56989a8e52faee5c7b1d32074fb631b4,40008,40008120032,N/A (no pedestrians),draw_static_clutter_CA-GAT-MAPPO_g4_ep8
audit__static_clutter__CA-GAT-MAPPO__g4__ep09,safety_envelope_intervention_audit,static_clutter,CA-GAT-MAPPO,training_checkpoint,4,9,4,ON,0.1,1,4,0,N/A,0,N/A,282,1327,0.212509419743783,0.166121,0.968443,31.1354,34.8716,1.8425,0.646864,N/A,85b75cebabfb43f6a21217c01bab2b4f56989a8e52faee5c7b1d32074fb631b4,40009,40009120036,N/A (no pedestrians),draw_static_clutter_CA-GAT-MAPPO_g4_ep9
audit__static_clutter__CA-GAT-MAPPO__g5__ep00,safety_envelope_intervention_audit,static_clutter,CA-GAT-MAPPO,training_checkpoint,5,0,4,ON,0.1,1,4,0,N/A,0,N/A,278,1359,0.204562178072112,0.13395,0.916728,34.0507,38.1368,2.3799,0.677867,N/A,b283858f9617c2e897d90052b2b1ac6b911654067f7448e0591c4b0a22e81cf3,50000,50000150000,N/A (no pedestrians),draw_static_clutter_CA-GAT-MAPPO_g5_ep0
audit__static_clutter__CA-GAT-MAPPO__g5__ep01,safety_envelope_intervention_audit,static_clutter,CA-GAT-MAPPO,training_checkpoint,5,1,4,ON,0.1,1,4,0,N/A,0,N/A,306,1347,0.2271714922049,0.157758,0.918833,32.8965,36.8441,1.2207,0.634174,N/A,b283858f9617c2e897d90052b2b1ac6b911654067f7448e0591c4b0a22e81cf3,50001,50001150004,N/A (no pedestrians),draw_static_clutter_CA-GAT-MAPPO_g5_ep1
audit__static_clutter__CA-GAT-MAPPO__g5__ep02,safety_envelope_intervention_audit,static_clutter,CA-GAT-MAPPO,training_checkpoint,5,2,4,ON,0.1,1,4,0,N/A,0,N/A,304,1416,0.214689265536723,0.144384,0.959514,30.02,33.6224,2.2844,0.671986,N/A,b283858f9617c2e897d90052b2b1ac6b911654067f7448e0591c4b0a22e81cf3,50002,50002150008,N/A (no pedestrians),draw_static_clutter_CA-GAT-MAPPO_g5_ep2
audit__static_clutter__CA-GAT-MAPPO__g5__ep03,safety_envelope_intervention_audit,static_clutter,CA-GAT-MAPPO,training_checkpoint,5,3,4,ON,0.1,1,4,0,N/A,0,N/A,294,1390,0.211510791366907,0.159262,0.924529,33.1524,37.1307,1.6456,0.673241,N/A,b283858f9617c2e897d90052b2b1ac6b911654067f7448e0591c4b0a22e81cf3,50003,50003150012,N/A (no pedestrians),draw_static_clutter_CA-GAT-MAPPO_g5_ep3
audit__static_clutter__CA-GAT-MAPPO__g5__ep04,safety_envelope_intervention_audit,static_clutter,CA-GAT-MAPPO,training_checkpoint,5,4,4,ON,0.1,1,4,0,N/A,0,N/A,293,1388,0.211095100864553,0.126025,0.939142,34.1379,38.2345,2.1275,0.670011,N/A,b283858f9617c2e897d90052b2b1ac6b911654067f7448e0591c4b0a22e81cf3,50004,50004150016,N/A (no pedestrians),draw_static_clutter_CA-GAT-MAPPO_g5_ep4
audit__static_clutter__CA-GAT-MAPPO__g5__ep05,safety_envelope_intervention_audit,static_clutter,CA-GAT-MAPPO,training_checkpoint,5,5,4,ON,0.1,1,4,0,N/A,0,N/A,295,1571,0.187778485041375,0.138033,0.889821,34.9689,39.1652,1.7788,0.697999,N/A,b283858f9617c2e897d90052b2b1ac6b911654067f7448e0591c4b0a22e81cf3,50005,50005150020,N/A (no pedestrians),draw_static_clutter_CA-GAT-MAPPO_g5_ep5
audit__static_clutter__CA-GAT-MAPPO__g5__ep06,safety_envelope_intervention_audit,static_clutter,CA-GAT-MAPPO,training_checkpoint,5,6,4,ON,0.1,1,4,0,N/A,0,N/A,305,1334,0.228635682158921,0.130753,0.978357,34.6142,38.7679,2.4019,0.697124,N/A,b283858f9617c2e897d90052b2b1ac6b911654067f7448e0591c4b0a22e81cf3,50006,50006150024,N/A (no pedestrians),draw_static_clutter_CA-GAT-MAPPO_g5_ep6
audit__static_clutter__CA-GAT-MAPPO__g5__ep07,safety_envelope_intervention_audit,static_clutter,CA-GAT-MAPPO,training_checkpoint,5,7,4,ON,0.1,1,4,0,N/A,0,N/A,265,1346,0.196879643387816,0.142739,0.938873,34.1718,38.2724,1.5386,0.693078,N/A,b283858f9617c2e897d90052b2b1ac6b911654067f7448e0591c4b0a22e81cf3,50007,50007150028,N/A (no pedestrians),draw_static_clutter_CA-GAT-MAPPO_g5_ep7
audit__static_clutter__CA-GAT-MAPPO__g5__ep08,safety_envelope_intervention_audit,static_clutter,CA-GAT-MAPPO,training_checkpoint,5,8,4,ON,0.1,1,4,0,N/A,0,N/A,266,1282,0.207488299531981,0.155203,0.932088,33.4403,37.4532,1.5487,0.635061,N/A,b283858f9617c2e897d90052b2b1ac6b911654067f7448e0591c4b0a22e81cf3,50008,50008150032,N/A (no pedestrians),draw_static_clutter_CA-GAT-MAPPO_g5_ep8
audit__static_clutter__CA-GAT-MAPPO__g5__ep09,safety_envelope_intervention_audit,static_clutter,CA-GAT-MAPPO,training_checkpoint,5,9,4,ON,0.1,1,4,0,N/A,0,N/A,271,1275,0.212549019607843,0.140319,0.896463,32.6047,36.5172,1.1981,0.650833,N/A,b283858f9617c2e897d90052b2b1ac6b911654067f7448e0591c4b0a22e81cf3,50009,50009150036,N/A (no pedestrians),draw_static_clutter_CA-GAT-MAPPO_g5_ep9
audit__static_clutter__CA-GAT-MAPPO__g6__ep00,safety_envelope_intervention_audit,static_clutter,CA-GAT-MAPPO,training_checkpoint,6,0,4,ON,0.1,1,4,0,N/A,0,N/A,271,1413,0.191790516631281,0.145105,0.885308,31.568,35.3561,1.7168,0.656859,N/A,ef4c83bb67c9f35ae17c7edff65168d0fc1c2678708c0a26ce593a6eaab9adbf,60000,60000180000,N/A (no pedestrians),draw_static_clutter_CA-GAT-MAPPO_g6_ep0
audit__static_clutter__CA-GAT-MAPPO__g6__ep01,safety_envelope_intervention_audit,static_clutter,CA-GAT-MAPPO,training_checkpoint,6,1,4,ON,0.1,1,4,0,N/A,0,N/A,273,1411,0.193479801559178,0.146588,0.863557,31.6892,35.492,1.1724,0.64964,N/A,ef4c83bb67c9f35ae17c7edff65168d0fc1c2678708c0a26ce593a6eaab9adbf,60001,60001180004,N/A (no pedestrians),draw_static_clutter_CA-GAT-MAPPO_g6_ep1
audit__static_clutter__CA-GAT-MAPPO__g6__ep02,safety_envelope_intervention_audit,static_clutter,CA-GAT-MAPPO,training_checkpoint,6,2,4,ON,0.1,1,4,0,N/A,0,N/A,261,1241,0.210314262691378,0.144076,0.872104,31.0372,34.7617,1.5795,0.640666,N/A,ef4c83bb67c9f35ae17c7edff65168d0fc1c2678708c0a26ce593a6eaab9adbf,60002,60002180008,N/A (no pedestrians),draw_static_clutter_CA-GAT-MAPPO_g6_ep2
audit__static_clutter__CA-GAT-MAPPO__g6__ep03,safety_envelope_intervention_audit,static_clutter,CA-GAT-MAPPO,training_checkpoint,6,3,4,ON,0.1,1,4,0,N/A,0,N/A,284,1336,0.212574850299401,0.142533,0.871696,31.3149,35.0727,2.0053,0.631467,N/A,ef4c83bb67c9f35ae17c7edff65168d0fc1c2678708c0a26ce593a6eaab9adbf,60003,60003180012,N/A (no pedestrians),draw_static_clutter_CA-GAT-MAPPO_g6_ep3
audit__static_clutter__CA-GAT-MAPPO__g6__ep04,safety_envelope_intervention_audit,static_clutter,CA-GAT-MAPPO,training_checkpoint,6,4,4,ON,0.1,1,4,0,N/A,0,N/A,325,1548,0.209948320413437,0.14389,0.878898,34.0104,38.0917,1.7699,0.666778,N/A,ef4c83bb67c9f35ae17c7edff65168d0fc1c2678708c0a26ce593a6eaab9adbf,60004,60004180016,N/A (no pedestrians),draw_static_clutter_CA-GAT-MAPPO_g6_ep4
audit__static_clutter__CA-GAT-MAPPO__g6__ep05,safety_envelope_intervention_audit,static_clutter,CA-GAT-MAPPO,training_checkpoint,6,5,4,ON,0.1,1,4,0,N/A,0,N/A,268,1405,0.190747330960854,0.16244,0.877185,34.5285,38.6719,2.1296,0.633218,N/A,ef4c83bb67c9f35ae17c7edff65168d0fc1c2678708c0a26ce593a6eaab9adbf,60005,60005180020,N/A (no pedestrians),draw_static_clutter_CA-GAT-MAPPO_g6_ep5
audit__static_clutter__CA-GAT-MAPPO__g6__ep06,safety_envelope_intervention_audit,static_clutter,CA-GAT-MAPPO,training_checkpoint,6,6,4,ON,0.1,1,4,0,N/A,0,N/A,265,1204,0.220099667774086,0.147441,0.888279,34.0107,38.092,1.6189,0.671766,N/A,ef4c83bb67c9f35ae17c7edff65168d0fc1c2678708c0a26ce593a6eaab9adbf,60006,60006180024,N/A (no pedestrians),draw_static_clutter_CA-GAT-MAPPO_g6_ep6
audit__static_clutter__CA-GAT-MAPPO__g6__ep07,safety_envelope_intervention_audit,static_clutter,CA-GAT-MAPPO,training_checkpoint,6,7,4,ON,0.1,1,4,0,N/A,0,N/A,287,1454,0.197386519944979,0.134055,0.89581,32.6518,36.57,1.0556,0.633374,N/A,ef4c83bb67c9f35ae17c7edff65168d0fc1c2678708c0a26ce593a6eaab9adbf,60007,60007180028,N/A (no pedestrians),draw_static_clutter_CA-GAT-MAPPO_g6_ep7
audit__static_clutter__CA-GAT-MAPPO__g6__ep08,safety_envelope_intervention_audit,static_clutter,CA-GAT-MAPPO,training_checkpoint,6,8,4,ON,0.1,1,4,0,N/A,0,N/A,272,1364,0.19941348973607,0.142566,0.890672,30.8272,34.5265,2.3856,0.685145,N/A,ef4c83bb67c9f35ae17c7edff65168d0fc1c2678708c0a26ce593a6eaab9adbf,60008,60008180032,N/A (no pedestrians),draw_static_clutter_CA-GAT-MAPPO_g6_ep8
audit__static_clutter__CA-GAT-MAPPO__g6__ep09,safety_envelope_intervention_audit,static_clutter,CA-GAT-MAPPO,training_checkpoint,6,9,4,ON,0.1,1,4,0,N/A,0,N/A,295,1485,0.198653198653199,0.162148,0.851352,31.874,35.6989,1.3778,0.704941,N/A,ef4c83bb67c9f35ae17c7edff65168d0fc1c2678708c0a26ce593a6eaab9adbf,60009,60009180036,N/A (no pedestrians),draw_static_clutter_CA-GAT-MAPPO_g6_ep9
audit__static_clutter__CA-GAT-MAPPO__g7__ep00,safety_envelope_intervention_audit,static_clutter,CA-GAT-MAPPO,training_checkpoint,7,0,4,ON,0.1,1,4,0,N/A,0,N/A,279,1266,0.220379146919431,0.168729,0.793434,33.4617,37.4771,1.2666,0.634647,N/A,41ade5638b5129fa2e9fb7b1868b2eb2c7d7653272d8088df577bf04180280c1,70000,70000210000,N/A (no pedestrians),draw_static_clutter_CA-GAT-MAPPO_g7_ep0
audit__static_clutter__CA-GAT-MAPPO__g7__ep01,safety_envelope_intervention_audit,static_clutter,CA-GAT-MAPPO,training_checkpoint,7,1,4,ON,0.1,1,4,0,N/A,0,N/A,273,1292,0.211300309597523,0.143844,0.815051,30.2026,33.8269,1.0771,0.640993,N/A,41ade5638b5129fa2e9fb7b1868b2eb2c7d7653272d8088df577bf04180280c1,70001,70001210004,N/A (no pedestrians),draw_static_clutter_CA-GAT-MAPPO_g7_ep1
audit__static_clutter__CA-GAT-MAPPO__g7__ep02,safety_envelope_intervention_audit,static_clutter,CA-GAT-MAPPO,training_checkpoint,7,2,4,ON,0.1,1,4,0,N/A,0,N/A,312,1450,0.215172413793104,0.145325,0.809268,30.2123,33.8378,1.4889,0.633314,N/A,41ade5638b5129fa2e9fb7b1868b2eb2c7d7653272d8088df577bf04180280c1,70002,70002210008,N/A (no pedestrians),draw_static_clutter_CA-GAT-MAPPO_g7_ep2
audit__static_clutter__CA-GAT-MAPPO__g7__ep03,safety_envelope_intervention_audit,static_clutter,CA-GAT-MAPPO,training_checkpoint,7,3,4,ON,0.1,1,4,0,N/A,0,N/A,261,1255,0.20796812749004,0.138987,0.837994,33.9604,38.0357,2.1024,0.645104,N/A,41ade5638b5129fa2e9fb7b1868b2eb2c7d7653272d8088df577bf04180280c1,70003,70003210012,N/A (no pedestrians),draw_static_clutter_CA-GAT-MAPPO_g7_ep3
audit__static_clutter__CA-GAT-MAPPO__g7__ep04,safety_envelope_intervention_audit,static_clutter,CA-GAT-MAPPO,training_checkpoint,7,4,4,ON,0.1,1,4,0,N/A,0,N/A,289,1312,0.220274390243902,0.148418,0.811145,34.9176,39.1077,1.1206,0.670403,N/A,41ade5638b5129fa2e9fb7b1868b2eb2c7d7653272d8088df577bf04180280c1,70004,70004210016,N/A (no pedestrians),draw_static_clutter_CA-GAT-MAPPO_g7_ep4
audit__static_clutter__CA-GAT-MAPPO__g7__ep05,safety_envelope_intervention_audit,static_clutter,CA-GAT-MAPPO,training_checkpoint,7,5,4,ON,0.1,1,4,0,N/A,0,N/A,279,1345,0.207434944237918,0.141382,0.804025,31.4073,35.1762,1.741,0.63993,N/A,41ade5638b5129fa2e9fb7b1868b2eb2c7d7653272d8088df577bf04180280c1,70005,70005210020,N/A (no pedestrians),draw_static_clutter_CA-GAT-MAPPO_g7_ep5
audit__static_clutter__CA-GAT-MAPPO__g7__ep06,safety_envelope_intervention_audit,static_clutter,CA-GAT-MAPPO,training_checkpoint,7,6,4,ON,0.1,1,4,0,N/A,0,N/A,288,1340,0.214925373134328,0.146349,0.782159,31.8604,35.6836,1.6827,0.707302,N/A,41ade5638b5129fa2e9fb7b1868b2eb2c7d7653272d8088df577bf04180280c1,70006,70006210024,N/A (no pedestrians),draw_static_clutter_CA-GAT-MAPPO_g7_ep6
audit__static_clutter__CA-GAT-MAPPO__g7__ep07,safety_envelope_intervention_audit,static_clutter,CA-GAT-MAPPO,training_checkpoint,7,7,4,ON,0.1,1,4,0,N/A,0,N/A,296,1376,0.215116279069767,0.145962,0.819814,33.0756,37.0447,2.0471,0.7003,N/A,41ade5638b5129fa2e9fb7b1868b2eb2c7d7653272d8088df577bf04180280c1,70007,70007210028,N/A (no pedestrians),draw_static_clutter_CA-GAT-MAPPO_g7_ep7
audit__static_clutter__CA-GAT-MAPPO__g7__ep08,safety_envelope_intervention_audit,static_clutter,CA-GAT-MAPPO,training_checkpoint,7,8,4,ON,0.1,1,4,0,N/A,0,N/A,293,1467,0.19972733469666,0.137124,0.802456,30.6102,34.2834,1.9691,0.709962,N/A,41ade5638b5129fa2e9fb7b1868b2eb2c7d7653272d8088df577bf04180280c1,70008,70008210032,N/A (no pedestrians),draw_static_clutter_CA-GAT-MAPPO_g7_ep8
audit__static_clutter__CA-GAT-MAPPO__g7__ep09,safety_envelope_intervention_audit,static_clutter,CA-GAT-MAPPO,training_checkpoint,7,9,4,ON,0.1,1,4,0,N/A,0,N/A,298,1395,0.213620071684588,0.156125,0.810239,32.9162,36.8662,1.7384,0.653271,N/A,41ade5638b5129fa2e9fb7b1868b2eb2c7d7653272d8088df577bf04180280c1,70009,70009210036,N/A (no pedestrians),draw_static_clutter_CA-GAT-MAPPO_g7_ep9
audit__dynamic_pedestrians__CA-GAT-MAPPO__g0__ep00,safety_envelope_intervention_audit,dynamic_pedestrians,CA-GAT-MAPPO,training_checkpoint,0,0,4,ON,0.1,1,4,0,N/A,0,0,425,1645,0.258358662613982,0.127464,0.607094,30.9395,34.6523,1.9189,0.63757,0.812163,80d9888a6ef5c2096124f3a3adf8dcd3ea1694dc398f06e30dee26bd6896613e,100,100000300,100000397,draw_dynamic_pedestrians_CA-GAT-MAPPO_g0_ep0
audit__dynamic_pedestrians__CA-GAT-MAPPO__g0__ep01,safety_envelope_intervention_audit,dynamic_pedestrians,CA-GAT-MAPPO,training_checkpoint,0,1,4,ON,0.1,1,4,0,N/A,0,0,465,2037,0.228276877761414,0.120144,0.623129,31.3966,35.1642,1.5888,0.663886,0.809486,80d9888a6ef5c2096124f3a3adf8dcd3ea1694dc398f06e30dee26bd6896613e,101,101000304,101000401,draw_dynamic_pedestrians_CA-GAT-MAPPO_g0_ep1
audit__dynamic_pedestrians__CA-GAT-MAPPO__g0__ep02,safety_envelope_intervention_audit,dynamic_pedestrians,CA-GAT-MAPPO,training_checkpoint,0,2,4,ON,0.1,1,4,0,N/A,0,0,435,1839,0.236541598694943,0.134798,0.636072,33.4241,37.435,2.0576,0.666041,0.849533,80d9888a6ef5c2096124f3a3adf8dcd3ea1694dc398f06e30dee26bd6896613e,102,102000308,102000405,draw_dynamic_pedestrians_CA-GAT-MAPPO_g0_ep2
audit__dynamic_pedestrians__CA-GAT-MAPPO__g0__ep03,safety_envelope_intervention_audit,dynamic_pedestrians,CA-GAT-MAPPO,training_checkpoint,0,3,4,ON,0.1,1,4,0,N/A,0,0,466,1932,0.24120082815735,0.134568,0.66698,32.9632,36.9188,1.2948,0.701613,0.911035,80d9888a6ef5c2096124f3a3adf8dcd3ea1694dc398f06e30dee26bd6896613e,103,103000312,103000409,draw_dynamic_pedestrians_CA-GAT-MAPPO_g0_ep3
audit__dynamic_pedestrians__CA-GAT-MAPPO__g0__ep04,safety_envelope_intervention_audit,dynamic_pedestrians,CA-GAT-MAPPO,training_checkpoint,0,4,4,ON,0.1,1,4,0,N/A,0,0,477,2026,0.235439289239881,0.130737,0.647755,32.6689,36.5891,1.1942,0.7081,0.882182,80d9888a6ef5c2096124f3a3adf8dcd3ea1694dc398f06e30dee26bd6896613e,104,104000316,104000413,draw_dynamic_pedestrians_CA-GAT-MAPPO_g0_ep4
audit__dynamic_pedestrians__CA-GAT-MAPPO__g0__ep05,safety_envelope_intervention_audit,dynamic_pedestrians,CA-GAT-MAPPO,training_checkpoint,0,5,4,ON,0.1,1,4,0,N/A,0,0,462,1921,0.240499739718896,0.121178,0.629388,34.6599,38.8191,1.246,0.707342,0.842737,80d9888a6ef5c2096124f3a3adf8dcd3ea1694dc398f06e30dee26bd6896613e,105,105000320,105000417,draw_dynamic_pedestrians_CA-GAT-MAPPO_g0_ep5
audit__dynamic_pedestrians__CA-GAT-MAPPO__g0__ep06,safety_envelope_intervention_audit,dynamic_pedestrians,CA-GAT-MAPPO,training_checkpoint,0,6,4,ON,0.1,1,4,0,N/A,0,0,448,1678,0.266984505363528,0.13112,0.649581,31.8077,35.6246,1.8917,0.68673,0.806313,80d9888a6ef5c2096124f3a3adf8dcd3ea1694dc398f06e30dee26bd6896613e,106,106000324,106000421,draw_dynamic_pedestrians_CA-GAT-MAPPO_g0_ep6
audit__dynamic_pedestrians__CA-GAT-MAPPO__g0__ep07,safety_envelope_intervention_audit,dynamic_pedestrians,CA-GAT-MAPPO,training_checkpoint,0,7,4,ON,0.1,1,4,0,N/A,0,0,473,1975,0.239493670886076,0.143872,0.621758,34.5778,38.7271,2.2873,0.660195,0.886066,80d9888a6ef5c2096124f3a3adf8dcd3ea1694dc398f06e30dee26bd6896613e,107,107000328,107000425,draw_dynamic_pedestrians_CA-GAT-MAPPO_g0_ep7
audit__dynamic_pedestrians__CA-GAT-MAPPO__g0__ep08,safety_envelope_intervention_audit,dynamic_pedestrians,CA-GAT-MAPPO,training_checkpoint,0,8,4,ON,0.1,1,4,0,N/A,0,0,446,1775,0.251267605633803,0.140163,0.631533,30.0625,33.67,2.1066,0.688747,0.836014,80d9888a6ef5c2096124f3a3adf8dcd3ea1694dc398f06e30dee26bd6896613e,108,108000332,108000429,draw_dynamic_pedestrians_CA-GAT-MAPPO_g0_ep8
audit__dynamic_pedestrians__CA-GAT-MAPPO__g0__ep09,safety_envelope_intervention_audit,dynamic_pedestrians,CA-GAT-MAPPO,training_checkpoint,0,9,4,ON,0.1,1,4,0,N/A,0,0,421,1718,0.245052386495926,0.119494,0.625333,31.8161,35.634,1.8394,0.67145,0.821634,80d9888a6ef5c2096124f3a3adf8dcd3ea1694dc398f06e30dee26bd6896613e,109,109000336,109000433,draw_dynamic_pedestrians_CA-GAT-MAPPO_g0_ep9
audit__dynamic_pedestrians__CA-GAT-MAPPO__g1__ep00,safety_envelope_intervention_audit,dynamic_pedestrians,CA-GAT-MAPPO,training_checkpoint,1,0,4,ON,0.1,1,4,0,N/A,0,0,470,1807,0.260099612617598,0.135606,0.64719,30.1565,33.7752,2.0429,0.686587,0.877378,853b8d05a2d24ff0811eaacc9de88b80e1d12b02619eed5528fe1b37924a2672,10100,10100030300,10100030397,draw_dynamic_pedestrians_CA-GAT-MAPPO_g1_ep0
audit__dynamic_pedestrians__CA-GAT-MAPPO__g1__ep01,safety_envelope_intervention_audit,dynamic_pedestrians,CA-GAT-MAPPO,training_checkpoint,1,1,4,ON,0.1,1,4,0,N/A,0,0,445,1805,0.246537396121884,0.12404,0.630415,30.1396,33.7563,1.3066,0.659436,0.892136,853b8d05a2d24ff0811eaacc9de88b80e1d12b02619eed5528fe1b37924a2672,10101,10101030304,10101030401,draw_dynamic_pedestrians_CA-GAT-MAPPO_g1_ep1
audit__dynamic_pedestrians__CA-GAT-MAPPO__g1__ep02,safety_envelope_intervention_audit,dynamic_pedestrians,CA-GAT-MAPPO,training_checkpoint,1,2,4,ON,0.1,1,4,0,N/A,0,0,452,1580,0.286075949367089,0.135,0.635699,32.3215,36.2001,1.3428,0.634607,0.862724,853b8d05a2d24ff0811eaacc9de88b80e1d12b02619eed5528fe1b37924a2672,10102,10102030308,10102030405,draw_dynamic_pedestrians_CA-GAT-MAPPO_g1_ep2
audit__dynamic_pedestrians__CA-GAT-MAPPO__g1__ep03,safety_envelope_intervention_audit,dynamic_pedestrians,CA-GAT-MAPPO,training_checkpoint,1,3,4,ON,0.1,1,4,0,N/A,0,0,487,1802,0.270255271920089,0.128629,0.612183,34.9543,39.1488,1.8254,0.632713,0.861541,853b8d05a2d24ff0811eaacc9de88b80e1d12b02619eed5528fe1b37924a2672,10103,10103030312,10103030409,draw_dynamic_pedestrians_CA-GAT-MAPPO_g1_ep3
audit__dynamic_pedestrians__CA-GAT-MAPPO__g1__ep04,safety_envelope_intervention_audit,dynamic_pedestrians,CA-GAT-MAPPO,training_checkpoint,1,4,4,ON,0.1,1,4,0,N/A,0,0,416,1544,0.269430051813472,0.133685,0.630546,33.9604,38.0356,1.1087,0.700113,0.831543,853b8d05a2d24ff0811eaacc9de88b80e1d12b02619eed5528fe1b37924a2672,10104,10104030316,10104030413,draw_dynamic_pedestrians_CA-GAT-MAPPO_g1_ep4
audit__dynamic_pedestrians__CA-GAT-MAPPO__g1__ep05,safety_envelope_intervention_audit,dynamic_pedestrians,CA-GAT-MAPPO,training_checkpoint,1,5,4,ON,0.1,1,4,0,N/A,0,0,455,1692,0.268912529550828,0.133462,0.612003,34.1677,38.2678,1.0635,0.65828,0.886578,853b8d05a2d24ff0811eaacc9de88b80e1d12b02619eed5528fe1b37924a2672,10105,10105030320,10105030417,draw_dynamic_pedestrians_CA-GAT-MAPPO_g1_ep5
audit__dynamic_pedestrians__CA-GAT-MAPPO__g1__ep06,safety_envelope_intervention_audit,dynamic_pedestrians,CA-GAT-MAPPO,training_checkpoint,1,6,4,ON,0.1,1,4,0,N/A,0,0,442,1705,0.259237536656891,0.14001,0.634341,32.0158,35.8577,1.7091,0.676218,0.840888,853b8d05a2d24ff0811eaacc9de88b80e1d12b02619eed5528fe1b37924a2672,10106,10106030324,10106030421,draw_dynamic_pedestrians_CA-GAT-MAPPO_g1_ep6
audit__dynamic_pedestrians__CA-GAT-MAPPO__g1__ep07,safety_envelope_intervention_audit,dynamic_pedestrians,CA-GAT-MAPPO,training_checkpoint,1,7,4,ON,0.1,1,4,0,N/A,0,0,470,1821,0.258099945085118,0.120494,0.63783,34.0991,38.191,2.3265,0.691784,0.872069,853b8d05a2d24ff0811eaacc9de88b80e1d12b02619eed5528fe1b37924a2672,10107,10107030328,10107030425,draw_dynamic_pedestrians_CA-GAT-MAPPO_g1_ep7
audit__dynamic_pedestrians__CA-GAT-MAPPO__g1__ep08,safety_envelope_intervention_audit,dynamic_pedestrians,CA-GAT-MAPPO,training_checkpoint,1,8,4,ON,0.1,1,4,0,N/A,0,0,453,1746,0.259450171821306,0.129661,0.633991,32.4791,36.3766,2.4097,0.663706,0.849877,853b8d05a2d24ff0811eaacc9de88b80e1d12b02619eed5528fe1b37924a2672,10108,10108030332,10108030429,draw_dynamic_pedestrians_CA-GAT-MAPPO_g1_ep8
audit__dynamic_pedestrians__CA-GAT-MAPPO__g1__ep09,safety_envelope_intervention_audit,dynamic_pedestrians,CA-GAT-MAPPO,training_checkpoint,1,9,4,ON,0.1,1,4,0,N/A,0,0,455,1767,0.257498585172609,0.126789,0.623492,33.4238,37.4347,2.2824,0.645372,0.849696,853b8d05a2d24ff0811eaacc9de88b80e1d12b02619eed5528fe1b37924a2672,10109,10109030336,10109030433,draw_dynamic_pedestrians_CA-GAT-MAPPO_g1_ep9
audit__dynamic_pedestrians__CA-GAT-MAPPO__g2__ep00,safety_envelope_intervention_audit,dynamic_pedestrians,CA-GAT-MAPPO,training_checkpoint,2,0,4,ON,0.1,1,4,0,N/A,0,0,300,1028,0.291828793774319,0.124498,0.62225,32.3668,36.2508,2.4342,0.709393,0.820056,ac0c5c1eb164ce2555cc526b6600605a7e9b782381fd221505067a8d01572bcb,20100,20100060300,20100060397,draw_dynamic_pedestrians_CA-GAT-MAPPO_g2_ep0
audit__dynamic_pedestrians__CA-GAT-MAPPO__g2__ep01,safety_envelope_intervention_audit,dynamic_pedestrians,CA-GAT-MAPPO,training_checkpoint,2,1,4,ON,0.1,1,4,0,N/A,0,0,309,1054,0.293168880455408,0.134328,0.619646,31.6568,35.4556,2.3903,0.70987,0.849363,ac0c5c1eb164ce2555cc526b6600605a7e9b782381fd221505067a8d01572bcb,20101,20101060304,20101060401,draw_dynamic_pedestrians_CA-GAT-MAPPO_g2_ep1
audit__dynamic_pedestrians__CA-GAT-MAPPO__g2__ep02,safety_envelope_intervention_audit,dynamic_pedestrians,CA-GAT-MAPPO,training_checkpoint,2,2,4,ON,0.1,1,4,0,N/A,0,0,282,897,0.31438127090301,0.136009,0.650041,31.4292,35.2007,1.4979,0.699932,0.872588,ac0c5c1eb164ce2555cc526b6600605a7e9b782381fd221505067a8d01572bcb,20102,20102060308,20102060405,draw_dynamic_pedestrians_CA-GAT-MAPPO_g2_ep2
audit__dynamic_pedestrians__CA-GAT-MAPPO__g2__ep03,safety_envelope_intervention_audit,dynamic_pedestrians,CA-GAT-MAPPO,training_checkpoint,2,3,4,ON,0.1,1,4,0,N/A,0,0,302,1035,0.291787439613526,0.143682,0.617841,30.5441,34.2093,2.1162,0.705871,0.864997,ac0c5c1eb164ce2555cc526b6600605a7e9b782381fd221505067a8d01572bcb,20103,20103060312,20103060409,draw_dynamic_pedestrians_CA-GAT-MAPPO_g2_ep3
audit__dynamic_pedestrians__CA-GAT-MAPPO__g2__ep04,safety_envelope_intervention_audit,dynamic_pedestrians,CA-GAT-MAPPO,training_checkpoint,2,4,4,ON,0.1,1,4,0,N/A,0,0,274,1016,0.269685039370079,0.137358,0.65779,32.4797,36.3773,2.4616,0.682396,0.840794,ac0c5c1eb164ce2555cc526b6600605a7e9b782381fd221505067a8d01572bcb,20104,20104060316,20104060413,draw_dynamic_pedestrians_CA-GAT-MAPPO_g2_ep4
audit__dynamic_pedestrians__CA-GAT-MAPPO__g2__ep05,safety_envelope_intervention_audit,dynamic_pedestrians,CA-GAT-MAPPO,training_checkpoint,2,5,4,ON,0.1,1,4,0,N/A,0,0,297,1049,0.283126787416587,0.128128,0.642675,30.057,33.6639,2.466,0.642796,0.827895,ac0c5c1eb164ce2555cc526b6600605a7e9b782381fd221505067a8d01572bcb,20105,20105060320,20105060417,draw_dynamic_pedestrians_CA-GAT-MAPPO_g2_ep5
audit__dynamic_pedestrians__CA-GAT-MAPPO__g2__ep06,safety_envelope_intervention_audit,dynamic_pedestrians,CA-GAT-MAPPO,training_checkpoint,2,6,4,ON,0.1,1,4,0,N/A,0,0,305,1043,0.292425695110259,0.113069,0.607325,31.1846,34.9268,2.3074,0.668181,0.904707,ac0c5c1eb164ce2555cc526b6600605a7e9b782381fd221505067a8d01572bcb,20106,20106060324,20106060421,draw_dynamic_pedestrians_CA-GAT-MAPPO_g2_ep6
audit__dynamic_pedestrians__CA-GAT-MAPPO__g2__ep07,safety_envelope_intervention_audit,dynamic_pedestrians,CA-GAT-MAPPO,training_checkpoint,2,7,4,ON,0.1,1,4,0,N/A,0,0,309,1057,0.292336802270577,0.110358,0.644889,30.807,34.5039,2.3148,0.671657,0.834963,ac0c5c1eb164ce2555cc526b6600605a7e9b782381fd221505067a8d01572bcb,20107,20107060328,20107060425,draw_dynamic_pedestrians_CA-GAT-MAPPO_g2_ep7
audit__dynamic_pedestrians__CA-GAT-MAPPO__g2__ep08,safety_envelope_intervention_audit,dynamic_pedestrians,CA-GAT-MAPPO,training_checkpoint,2,8,4,ON,0.1,1,4,0,N/A,0,0,300,979,0.306435137895812,0.123499,0.611431,34.9576,39.1525,1.4539,0.692954,0.838828,ac0c5c1eb164ce2555cc526b6600605a7e9b782381fd221505067a8d01572bcb,20108,20108060332,20108060429,draw_dynamic_pedestrians_CA-GAT-MAPPO_g2_ep8
audit__dynamic_pedestrians__CA-GAT-MAPPO__g2__ep09,safety_envelope_intervention_audit,dynamic_pedestrians,CA-GAT-MAPPO,training_checkpoint,2,9,4,ON,0.1,1,4,0,N/A,0,0,270,925,0.291891891891892,0.132468,0.638384,33.4008,37.4089,1.4258,0.634122,0.901163,ac0c5c1eb164ce2555cc526b6600605a7e9b782381fd221505067a8d01572bcb,20109,20109060336,20109060433,draw_dynamic_pedestrians_CA-GAT-MAPPO_g2_ep9
audit__dynamic_pedestrians__CA-GAT-MAPPO__g3__ep00,safety_envelope_intervention_audit,dynamic_pedestrians,CA-GAT-MAPPO,training_checkpoint,3,0,4,ON,0.1,1,4,0,N/A,0,0,359,1276,0.281347962382445,0.143069,0.626663,34.0517,38.1379,2.4326,0.689862,0.913578,10d915010ebf997460263d25dc25da09b8048e5edcff22f793b4ddeb60cfa59c,30100,30100090300,30100090397,draw_dynamic_pedestrians_CA-GAT-MAPPO_g3_ep0
audit__dynamic_pedestrians__CA-GAT-MAPPO__g3__ep01,safety_envelope_intervention_audit,dynamic_pedestrians,CA-GAT-MAPPO,training_checkpoint,3,1,4,ON,0.1,1,4,0,N/A,0,0,398,1444,0.275623268698061,0.12439,0.635073,32.7017,36.6259,2.0938,0.669135,0.81992,10d915010ebf997460263d25dc25da09b8048e5edcff22f793b4ddeb60cfa59c,30101,30101090304,30101090401,draw_dynamic_pedestrians_CA-GAT-MAPPO_g3_ep1
audit__dynamic_pedestrians__CA-GAT-MAPPO__g3__ep02,safety_envelope_intervention_audit,dynamic_pedestrians,CA-GAT-MAPPO,training_checkpoint,3,2,4,ON,0.1,1,4,0,N/A,0,0,357,1263,0.282660332541568,0.127522,0.617404,33.9425,38.0156,1.3373,0.668789,0.907966,10d915010ebf997460263d25dc25da09b8048e5edcff22f793b4ddeb60cfa59c,30102,30102090308,30102090405,draw_dynamic_pedestrians_CA-GAT-MAPPO_g3_ep2
audit__dynamic_pedestrians__CA-GAT-MAPPO__g3__ep03,safety_envelope_intervention_audit,dynamic_pedestrians,CA-GAT-MAPPO,training_checkpoint,3,3,4,ON,0.1,1,4,0,N/A,0,0,365,1247,0.292702485966319,0.124749,0.605887,33.9168,37.9868,1.5125,0.705328,0.840123,10d915010ebf997460263d25dc25da09b8048e5edcff22f793b4ddeb60cfa59c,30103,30103090312,30103090409,draw_dynamic_pedestrians_CA-GAT-MAPPO_g3_ep3
audit__dynamic_pedestrians__CA-GAT-MAPPO__g3__ep04,safety_envelope_intervention_audit,dynamic_pedestrians,CA-GAT-MAPPO,training_checkpoint,3,4,4,ON,0.1,1,4,0,N/A,0,0,394,1526,0.258191349934469,0.133015,0.639302,34.8338,39.0139,2.4096,0.645801,0.901553,10d915010ebf997460263d25dc25da09b8048e5edcff22f793b4ddeb60cfa59c,30104,30104090316,30104090413,draw_dynamic_pedestrians_CA-GAT-MAPPO_g3_ep4
audit__dynamic_pedestrians__CA-GAT-MAPPO__g3__ep05,safety_envelope_intervention_audit,dynamic_pedestrians,CA-GAT-MAPPO,training_checkpoint,3,5,4,ON,0.1,1,4,0,N/A,0,0,359,1248,0.287660256410256,0.120591,0.636057,30.9711,34.6877,1.7579,0.681493,0.839604,10d915010ebf997460263d25dc25da09b8048e5edcff22f793b4ddeb60cfa59c,30105,30105090320,30105090417,draw_dynamic_pedestrians_CA-GAT-MAPPO_g3_ep5
audit__dynamic_pedestrians__CA-GAT-MAPPO__g3__ep06,safety_envelope_intervention_audit,dynamic_pedestrians,CA-GAT-MAPPO,training_checkpoint,3,6,4,ON,0.1,1,4,0,N/A,0,0,385,1491,0.258215962441315,0.140975,0.65747,30.247,33.8767,1.433,0.636462,0.904678,10d915010ebf997460263d25dc25da09b8048e5edcff22f793b4ddeb60cfa59c,30106,30106090324,30106090421,draw_dynamic_pedestrians_CA-GAT-MAPPO_g3_ep6
audit__dynamic_pedestrians__CA-GAT-MAPPO__g3__ep07,safety_envelope_intervention_audit,dynamic_pedestrians,CA-GAT-MAPPO,training_checkpoint,3,7,4,ON,0.1,1,4,0,N/A,0,0,394,1404,0.280626780626781,0.14525,0.652451,31.3973,35.1649,2.1441,0.664375,0.873268,10d915010ebf997460263d25dc25da09b8048e5edcff22f793b4ddeb60cfa59c,30107,30107090328,30107090425,draw_dynamic_pedestrians_CA-GAT-MAPPO_g3_ep7
audit__dynamic_pedestrians__CA-GAT-MAPPO__g3__ep08,safety_envelope_intervention_audit,dynamic_pedestrians,CA-GAT-MAPPO,training_checkpoint,3,8,4,ON,0.1,1,4,0,N/A,0,0,362,1406,0.2574679943101,0.127712,0.64622,30.5929,34.2641,1.6531,0.703168,0.914004,10d915010ebf997460263d25dc25da09b8048e5edcff22f793b4ddeb60cfa59c,30108,30108090332,30108090429,draw_dynamic_pedestrians_CA-GAT-MAPPO_g3_ep8
audit__dynamic_pedestrians__CA-GAT-MAPPO__g3__ep09,safety_envelope_intervention_audit,dynamic_pedestrians,CA-GAT-MAPPO,training_checkpoint,3,9,4,ON,0.1,1,4,0,N/A,0,0,382,1357,0.281503316138541,0.130719,0.61657,33.0123,36.9738,2.076,0.666662,0.884815,10d915010ebf997460263d25dc25da09b8048e5edcff22f793b4ddeb60cfa59c,30109,30109090336,30109090433,draw_dynamic_pedestrians_CA-GAT-MAPPO_g3_ep9
audit__dynamic_pedestrians__CA-GAT-MAPPO__g4__ep00,safety_envelope_intervention_audit,dynamic_pedestrians,CA-GAT-MAPPO,training_checkpoint,4,0,4,ON,0.1,1,4,0,N/A,0,0,327,1349,0.242401779095626,0.128312,0.640654,30.1494,33.7673,1.8872,0.683559,0.901463,0edc52a8acd379186c6ab98c1042d7e7743916870297cd3cab3f7db83225a1b4,40100,40100120300,40100120397,draw_dynamic_pedestrians_CA-GAT-MAPPO_g4_ep0
audit__dynamic_pedestrians__CA-GAT-MAPPO__g4__ep01,safety_envelope_intervention_audit,dynamic_pedestrians,CA-GAT-MAPPO,training_checkpoint,4,1,4,ON,0.1,1,4,0,N/A,0,0,355,1359,0.261221486387049,0.118253,0.636656,34.719,38.8852,1.2083,0.666388,0.810067,0edc52a8acd379186c6ab98c1042d7e7743916870297cd3cab3f7db83225a1b4,40101,40101120304,40101120401,draw_dynamic_pedestrians_CA-GAT-MAPPO_g4_ep1
audit__dynamic_pedestrians__CA-GAT-MAPPO__g4__ep02,safety_envelope_intervention_audit,dynamic_pedestrians,CA-GAT-MAPPO,training_checkpoint,4,2,4,ON,0.1,1,4,0,N/A,0,0,366,1368,0.267543859649123,0.120258,0.632201,33.0594,37.0266,1.485,0.691826,0.887395,0edc52a8acd379186c6ab98c1042d7e7743916870297cd3cab3f7db83225a1b4,40102,40102120308,40102120405,draw_dynamic_pedestrians_CA-GAT-MAPPO_g4_ep2
audit__dynamic_pedestrians__CA-GAT-MAPPO__g4__ep03,safety_envelope_intervention_audit,dynamic_pedestrians,CA-GAT-MAPPO,training_checkpoint,4,3,4,ON,0.1,1,4,0,N/A,0,0,342,1493,0.22906898861353,0.126658,0.643148,30.4533,34.1076,1.8285,0.707833,0.812504,0edc52a8acd379186c6ab98c1042d7e7743916870297cd3cab3f7db83225a1b4,40103,40103120312,40103120409,draw_dynamic_pedestrians_CA-GAT-MAPPO_g4_ep3
audit__dynamic_pedestrians__CA-GAT-MAPPO__g4__ep04,safety_envelope_intervention_audit,dynamic_pedestrians,CA-GAT-MAPPO,training_checkpoint,4,4,4,ON,0.1,1,4,0,N/A,0,0,347,1477,0.234935680433311,0.133302,0.632357,33.3096,37.3068,1.7143,0.67536,0.910165,0edc52a8acd379186c6ab98c1042d7e7743916870297cd3cab3f7db83225a1b4,40104,40104120316,40104120413,draw_dynamic_pedestrians_CA-GAT-MAPPO_g4_ep4
audit__dynamic_pedestrians__CA-GAT-MAPPO__g4__ep05,safety_envelope_intervention_audit,dynamic_pedestrians,CA-GAT-MAPPO,training_checkpoint,4,5,4,ON,0.1,1,4,0,N/A,0,0,368,1416,0.259887005649718,0.138656,0.634092,30.4529,34.1072,1.2855,0.700749,0.818715,0edc52a8acd379186c6ab98c1042d7e7743916870297cd3cab3f7db83225a1b4,40105,40105120320,40105120417,draw_dynamic_pedestrians_CA-GAT-MAPPO_g4_ep5
audit__dynamic_pedestrians__CA-GAT-MAPPO__g4__ep06,safety_envelope_intervention_audit,dynamic_pedestrians,CA-GAT-MAPPO,training_checkpoint,4,6,4,ON,0.1,1,4,0,N/A,0,0,353,1424,0.247893258426966,0.122681,0.646203,34.5912,38.7422,1.3409,0.696394,0.888879,0edc52a8acd379186c6ab98c1042d7e7743916870297cd3cab3f7db83225a1b4,40106,40106120324,40106120421,draw_dynamic_pedestrians_CA-GAT-MAPPO_g4_ep6
audit__dynamic_pedestrians__CA-GAT-MAPPO__g4__ep07,safety_envelope_intervention_audit,dynamic_pedestrians,CA-GAT-MAPPO,training_checkpoint,4,7,4,ON,0.1,1,4,0,N/A,0,0,363,1418,0.255994358251058,0.136093,0.636794,30.752,34.4422,1.0985,0.669605,0.840951,0edc52a8acd379186c6ab98c1042d7e7743916870297cd3cab3f7db83225a1b4,40107,40107120328,40107120425,draw_dynamic_pedestrians_CA-GAT-MAPPO_g4_ep7
audit__dynamic_pedestrians__CA-GAT-MAPPO__g4__ep08,safety_envelope_intervention_audit,dynamic_pedestrians,CA-GAT-MAPPO,training_checkpoint,4,8,4,ON,0.1,1,4,0,N/A,0,0,356,1350,0.263703703703704,0.124424,0.636642,30.0609,33.6682,2.4978,0.649449,0.845547,0edc52a8acd379186c6ab98c1042d7e7743916870297cd3cab3f7db83225a1b4,40108,40108120332,40108120429,draw_dynamic_pedestrians_CA-GAT-MAPPO_g4_ep8
audit__dynamic_pedestrians__CA-GAT-MAPPO__g4__ep09,safety_envelope_intervention_audit,dynamic_pedestrians,CA-GAT-MAPPO,training_checkpoint,4,9,4,ON,0.1,1,4,0,N/A,0,0,386,1528,0.25261780104712,0.120171,0.637982,31.2741,35.027,1.8168,0.630978,0.871233,0edc52a8acd379186c6ab98c1042d7e7743916870297cd3cab3f7db83225a1b4,40109,40109120336,40109120433,draw_dynamic_pedestrians_CA-GAT-MAPPO_g4_ep9
audit__dynamic_pedestrians__CA-GAT-MAPPO__g5__ep00,safety_envelope_intervention_audit,dynamic_pedestrians,CA-GAT-MAPPO,training_checkpoint,5,0,4,ON,0.1,1,4,0,N/A,0,0,473,1993,0.237330657300552,0.109121,0.634699,32.5127,36.4142,2.3528,0.709443,0.839571,204d63fa6fe63720e7c75a9149e92a5a44a1162effa5d3cf08e42b89f72cfb7d,50100,50100150300,50100150397,draw_dynamic_pedestrians_CA-GAT-MAPPO_g5_ep0
audit__dynamic_pedestrians__CA-GAT-MAPPO__g5__ep01,safety_envelope_intervention_audit,dynamic_pedestrians,CA-GAT-MAPPO,training_checkpoint,5,1,4,ON,0.1,1,4,0,N/A,0,0,498,2181,0.228335625859697,0.119348,0.596499,32.3429,36.2241,1.6307,0.633854,0.800795,204d63fa6fe63720e7c75a9149e92a5a44a1162effa5d3cf08e42b89f72cfb7d,50101,50101150304,50101150401,draw_dynamic_pedestrians_CA-GAT-MAPPO_g5_ep1
audit__dynamic_pedestrians__CA-GAT-MAPPO__g5__ep02,safety_envelope_intervention_audit,dynamic_pedestrians,CA-GAT-MAPPO,training_checkpoint,5,2,4,ON,0.1,1,4,0,N/A,0,0,489,2042,0.23947110675808,0.126348,0.632732,34.2597,38.3709,1.8864,0.696092,0.848682,204d63fa6fe63720e7c75a9149e92a5a44a1162effa5d3cf08e42b89f72cfb7d,50102,50102150308,50102150405,draw_dynamic_pedestrians_CA-GAT-MAPPO_g5_ep2
audit__dynamic_pedestrians__CA-GAT-MAPPO__g5__ep03,safety_envelope_intervention_audit,dynamic_pedestrians,CA-GAT-MAPPO,training_checkpoint,5,3,4,ON,0.1,1,4,0,N/A,0,0,506,1981,0.25542655224634,0.134239,0.62934,33.5878,37.6183,1.145,0.691608,0.901679,204d63fa6fe63720e7c75a9149e92a5a44a1162effa5d3cf08e42b89f72cfb7d,50103,50103150312,50103150409,draw_dynamic_pedestrians_CA-GAT-MAPPO_g5_ep3
audit__dynamic_pedestrians__CA-GAT-MAPPO__g5__ep04,safety_envelope_intervention_audit,dynamic_pedestrians,CA-GAT-MAPPO,training_checkpoint,5,4,4,ON,0.1,1,4,0,N/A,0,0,450,1848,0.243506493506494,0.128178,0.635707,30.6961,34.3796,1.9674,0.683888,0.855484,204d63fa6fe63720e7c75a9149e92a5a44a1162effa5d3cf08e42b89f72cfb7d,50104,50104150316,50104150413,draw_dynamic_pedestrians_CA-GAT-MAPPO_g5_ep4
audit__dynamic_pedestrians__CA-GAT-MAPPO__g5__ep05,safety_envelope_intervention_audit,dynamic_pedestrians,CA-GAT-MAPPO,training_checkpoint,5,5,4,ON,0.1,1,4,0,N/A,0,0,462,1957,0.236075625958099,0.12419,0.614803,30.0941,33.7054,2.3454,0.689284,0.815632,204d63fa6fe63720e7c75a9149e92a5a44a1162effa5d3cf08e42b89f72cfb7d,50105,50105150320,50105150417,draw_dynamic_pedestrians_CA-GAT-MAPPO_g5_ep5
audit__dynamic_pedestrians__CA-GAT-MAPPO__g5__ep06,safety_envelope_intervention_audit,dynamic_pedestrians,CA-GAT-MAPPO,training_checkpoint,5,6,4,ON,0.1,1,4,0,N/A,0,0,508,2026,0.250740375123396,0.134916,0.61415,30.1834,33.8055,1.1819,0.707884,0.854222,204d63fa6fe63720e7c75a9149e92a5a44a1162effa5d3cf08e42b89f72cfb7d,50106,50106150324,50106150421,draw_dynamic_pedestrians_CA-GAT-MAPPO_g5_ep6
audit__dynamic_pedestrians__CA-GAT-MAPPO__g5__ep07,safety_envelope_intervention_audit,dynamic_pedestrians,CA-GAT-MAPPO,training_checkpoint,5,7,4,ON,0.1,1,4,0,N/A,0,0,483,1906,0.253410283315845,0.122239,0.621048,30.7251,34.4121,2.108,0.640312,0.903169,204d63fa6fe63720e7c75a9149e92a5a44a1162effa5d3cf08e42b89f72cfb7d,50107,50107150328,50107150425,draw_dynamic_pedestrians_CA-GAT-MAPPO_g5_ep7
audit__dynamic_pedestrians__CA-GAT-MAPPO__g5__ep08,safety_envelope_intervention_audit,dynamic_pedestrians,CA-GAT-MAPPO,training_checkpoint,5,8,4,ON,0.1,1,4,0,N/A,0,0,446,2018,0.221010901883053,0.137846,0.622596,33.4772,37.4944,1.5049,0.699579,0.906717,204d63fa6fe63720e7c75a9149e92a5a44a1162effa5d3cf08e42b89f72cfb7d,50108,50108150332,50108150429,draw_dynamic_pedestrians_CA-GAT-MAPPO_g5_ep8
audit__dynamic_pedestrians__CA-GAT-MAPPO__g5__ep09,safety_envelope_intervention_audit,dynamic_pedestrians,CA-GAT-MAPPO,training_checkpoint,5,9,4,ON,0.1,1,4,0,N/A,0,0,484,1960,0.246938775510204,0.127603,0.639367,34.7554,38.9261,2.3012,0.656965,0.862909,204d63fa6fe63720e7c75a9149e92a5a44a1162effa5d3cf08e42b89f72cfb7d,50109,50109150336,50109150433,draw_dynamic_pedestrians_CA-GAT-MAPPO_g5_ep9
audit__dynamic_pedestrians__CA-GAT-MAPPO__g6__ep00,safety_envelope_intervention_audit,dynamic_pedestrians,CA-GAT-MAPPO,training_checkpoint,6,0,4,ON,0.1,1,4,0,N/A,0,0,385,1302,0.295698924731183,0.138226,0.62759,31.5971,35.3887,1.5519,0.684113,0.810987,6a90eb5c2f6f6818cfbba4a0b454c79b02975e3e195f2d5cb614c7bd0987a2d7,60100,60100180300,60100180397,draw_dynamic_pedestrians_CA-GAT-MAPPO_g6_ep0
audit__dynamic_pedestrians__CA-GAT-MAPPO__g6__ep01,safety_envelope_intervention_audit,dynamic_pedestrians,CA-GAT-MAPPO,training_checkpoint,6,1,4,ON,0.1,1,4,0,N/A,0,0,384,1260,0.304761904761905,0.135287,0.616274,30.2103,33.8355,1.4369,0.693046,0.867552,6a90eb5c2f6f6818cfbba4a0b454c79b02975e3e195f2d5cb614c7bd0987a2d7,60101,60101180304,60101180401,draw_dynamic_pedestrians_CA-GAT-MAPPO_g6_ep1
audit__dynamic_pedestrians__CA-GAT-MAPPO__g6__ep02,safety_envelope_intervention_audit,dynamic_pedestrians,CA-GAT-MAPPO,training_checkpoint,6,2,4,ON,0.1,1,4,0,N/A,0,0,336,1043,0.322147651006711,0.119587,0.644115,30.5222,34.1849,1.6489,0.691185,0.881266,6a90eb5c2f6f6818cfbba4a0b454c79b02975e3e195f2d5cb614c7bd0987a2d7,60102,60102180308,60102180405,draw_dynamic_pedestrians_CA-GAT-MAPPO_g6_ep2
audit__dynamic_pedestrians__CA-GAT-MAPPO__g6__ep03,safety_envelope_intervention_audit,dynamic_pedestrians,CA-GAT-MAPPO,training_checkpoint,6,3,4,ON,0.1,1,4,0,N/A,0,0,375,1195,0.313807531380753,0.149785,0.607033,34.9694,39.1657,1.1313,0.635613,0.800453,6a90eb5c2f6f6818cfbba4a0b454c79b02975e3e195f2d5cb614c7bd0987a2d7,60103,60103180312,60103180409,draw_dynamic_pedestrians_CA-GAT-MAPPO_g6_ep3
audit__dynamic_pedestrians__CA-GAT-MAPPO__g6__ep04,safety_envelope_intervention_audit,dynamic_pedestrians,CA-GAT-MAPPO,training_checkpoint,6,4,4,ON,0.1,1,4,0,N/A,0,0,398,1270,0.313385826771654,0.125122,0.645724,32.6484,36.5662,1.1033,0.642644,0.880055,6a90eb5c2f6f6818cfbba4a0b454c79b02975e3e195f2d5cb614c7bd0987a2d7,60104,60104180316,60104180413,draw_dynamic_pedestrians_CA-GAT-MAPPO_g6_ep4
audit__dynamic_pedestrians__CA-GAT-MAPPO__g6__ep05,safety_envelope_intervention_audit,dynamic_pedestrians,CA-GAT-MAPPO,training_checkpoint,6,5,4,ON,0.1,1,4,0,N/A,0,0,393,1315,0.298859315589354,0.117988,0.6298,30.567,34.235,1.4155,0.654799,0.854935,6a90eb5c2f6f6818cfbba4a0b454c79b02975e3e195f2d5cb614c7bd0987a2d7,60105,60105180320,60105180417,draw_dynamic_pedestrians_CA-GAT-MAPPO_g6_ep5
audit__dynamic_pedestrians__CA-GAT-MAPPO__g6__ep06,safety_envelope_intervention_audit,dynamic_pedestrians,CA-GAT-MAPPO,training_checkpoint,6,6,4,ON,0.1,1,4,0,N/A,0,0,413,1363,0.303008070432869,0.117466,0.645205,30.0447,33.65,1.0469,0.694971,0.816524,6a90eb5c2f6f6818cfbba4a0b454c79b02975e3e195f2d5cb614c7bd0987a2d7,60106,60106180324,60106180421,draw_dynamic_pedestrians_CA-GAT-MAPPO_g6_ep6
audit__dynamic_pedestrians__CA-GAT-MAPPO__g6__ep07,safety_envelope_intervention_audit,dynamic_pedestrians,CA-GAT-MAPPO,training_checkpoint,6,7,4,ON,0.1,1,4,0,N/A,0,0,387,1311,0.295194508009153,0.117649,0.646353,34.5928,38.7439,1.4276,0.666814,0.873175,6a90eb5c2f6f6818cfbba4a0b454c79b02975e3e195f2d5cb614c7bd0987a2d7,60107,60107180328,60107180425,draw_dynamic_pedestrians_CA-GAT-MAPPO_g6_ep7
audit__dynamic_pedestrians__CA-GAT-MAPPO__g6__ep08,safety_envelope_intervention_audit,dynamic_pedestrians,CA-GAT-MAPPO,training_checkpoint,6,8,4,ON,0.1,1,4,0,N/A,0,0,409,1269,0.322301024428684,0.124788,0.635315,33.4301,37.4417,2.3822,0.651466,0.836256,6a90eb5c2f6f6818cfbba4a0b454c79b02975e3e195f2d5cb614c7bd0987a2d7,60108,60108180332,60108180429,draw_dynamic_pedestrians_CA-GAT-MAPPO_g6_ep8
audit__dynamic_pedestrians__CA-GAT-MAPPO__g6__ep09,safety_envelope_intervention_audit,dynamic_pedestrians,CA-GAT-MAPPO,training_checkpoint,6,9,4,ON,0.1,1,4,0,N/A,0,0,397,1352,0.293639053254438,0.128287,0.61804,34.6006,38.7526,1.3626,0.682412,0.860074,6a90eb5c2f6f6818cfbba4a0b454c79b02975e3e195f2d5cb614c7bd0987a2d7,60109,60109180336,60109180433,draw_dynamic_pedestrians_CA-GAT-MAPPO_g6_ep9
audit__dynamic_pedestrians__CA-GAT-MAPPO__g7__ep00,safety_envelope_intervention_audit,dynamic_pedestrians,CA-GAT-MAPPO,training_checkpoint,7,0,4,ON,0.1,1,4,0,N/A,0,0,397,1446,0.274550484094053,0.142805,0.637215,34.577,38.7263,1.3494,0.678515,0.900994,c5f357624178b8ece5882b896805a8822cfce3350111dcb4accb2dcb62a98c13,70100,70100210300,70100210397,draw_dynamic_pedestrians_CA-GAT-MAPPO_g7_ep0
audit__dynamic_pedestrians__CA-GAT-MAPPO__g7__ep01,safety_envelope_intervention_audit,dynamic_pedestrians,CA-GAT-MAPPO,training_checkpoint,7,1,4,ON,0.1,1,4,0,N/A,0,0,407,1434,0.283821478382148,0.123585,0.63296,34.4551,38.5897,1.686,0.691964,0.904313,c5f357624178b8ece5882b896805a8822cfce3350111dcb4accb2dcb62a98c13,70101,70101210304,70101210401,draw_dynamic_pedestrians_CA-GAT-MAPPO_g7_ep1
audit__dynamic_pedestrians__CA-GAT-MAPPO__g7__ep02,safety_envelope_intervention_audit,dynamic_pedestrians,CA-GAT-MAPPO,training_checkpoint,7,2,4,ON,0.1,1,4,0,N/A,0,0,425,1573,0.270184361093452,0.132441,0.616473,32.0368,35.8812,1.6798,0.640551,0.851352,c5f357624178b8ece5882b896805a8822cfce3350111dcb4accb2dcb62a98c13,70102,70102210308,70102210405,draw_dynamic_pedestrians_CA-GAT-MAPPO_g7_ep2
audit__dynamic_pedestrians__CA-GAT-MAPPO__g7__ep03,safety_envelope_intervention_audit,dynamic_pedestrians,CA-GAT-MAPPO,training_checkpoint,7,3,4,ON,0.1,1,4,0,N/A,0,0,398,1403,0.28367783321454,0.137883,0.615225,33.5547,37.5813,1.2081,0.638419,0.8533,c5f357624178b8ece5882b896805a8822cfce3350111dcb4accb2dcb62a98c13,70103,70103210312,70103210409,draw_dynamic_pedestrians_CA-GAT-MAPPO_g7_ep3
audit__dynamic_pedestrians__CA-GAT-MAPPO__g7__ep04,safety_envelope_intervention_audit,dynamic_pedestrians,CA-GAT-MAPPO,training_checkpoint,7,4,4,ON,0.1,1,4,0,N/A,0,0,422,1664,0.253605769230769,0.117982,0.639442,30.4468,34.1005,2.1115,0.650606,0.841055,c5f357624178b8ece5882b896805a8822cfce3350111dcb4accb2dcb62a98c13,70104,70104210316,70104210413,draw_dynamic_pedestrians_CA-GAT-MAPPO_g7_ep4
audit__dynamic_pedestrians__CA-GAT-MAPPO__g7__ep05,safety_envelope_intervention_audit,dynamic_pedestrians,CA-GAT-MAPPO,training_checkpoint,7,5,4,ON,0.1,1,4,0,N/A,0,0,390,1352,0.288461538461538,0.129605,0.621254,34.8769,39.0621,1.9054,0.694846,0.904636,c5f357624178b8ece5882b896805a8822cfce3350111dcb4accb2dcb62a98c13,70105,70105210320,70105210417,draw_dynamic_pedestrians_CA-GAT-MAPPO_g7_ep5
audit__dynamic_pedestrians__CA-GAT-MAPPO__g7__ep06,safety_envelope_intervention_audit,dynamic_pedestrians,CA-GAT-MAPPO,training_checkpoint,7,6,4,ON,0.1,1,4,0,N/A,0,0,419,1585,0.264353312302839,0.140966,0.636048,30.6348,34.3109,1.3377,0.700493,0.856199,c5f357624178b8ece5882b896805a8822cfce3350111dcb4accb2dcb62a98c13,70106,70106210324,70106210421,draw_dynamic_pedestrians_CA-GAT-MAPPO_g7_ep6
audit__dynamic_pedestrians__CA-GAT-MAPPO__g7__ep07,safety_envelope_intervention_audit,dynamic_pedestrians,CA-GAT-MAPPO,training_checkpoint,7,7,4,ON,0.1,1,4,0,N/A,0,0,400,1577,0.253646163601775,0.125454,0.653302,30.9977,34.7175,1.3827,0.694546,0.827067,c5f357624178b8ece5882b896805a8822cfce3350111dcb4accb2dcb62a98c13,70107,70107210328,70107210425,draw_dynamic_pedestrians_CA-GAT-MAPPO_g7_ep7
audit__dynamic_pedestrians__CA-GAT-MAPPO__g7__ep08,safety_envelope_intervention_audit,dynamic_pedestrians,CA-GAT-MAPPO,training_checkpoint,7,8,4,ON,0.1,1,4,0,N/A,0,0,401,1543,0.259883344134802,0.130206,0.651933,30.5431,34.2083,2.1061,0.705891,0.809395,c5f357624178b8ece5882b896805a8822cfce3350111dcb4accb2dcb62a98c13,70108,70108210332,70108210429,draw_dynamic_pedestrians_CA-GAT-MAPPO_g7_ep8
audit__dynamic_pedestrians__CA-GAT-MAPPO__g7__ep09,safety_envelope_intervention_audit,dynamic_pedestrians,CA-GAT-MAPPO,training_checkpoint,7,9,4,ON,0.1,1,4,0,N/A,0,0,392,1511,0.259430840502978,0.119747,0.641349,31.0438,34.769,1.6284,0.663787,0.835855,c5f357624178b8ece5882b896805a8822cfce3350111dcb4accb2dcb62a98c13,70109,70109210336,70109210433,draw_dynamic_pedestrians_CA-GAT-MAPPO_g7_ep9
audit__mixed_complex__CA-GAT-MAPPO__g0__ep00,safety_envelope_intervention_audit,mixed_complex,CA-GAT-MAPPO,training_checkpoint,0,0,4,ON,0.1,1,4,0,N/A,0,0,537,1798,0.298665183537264,0.147395,0.589216,33.2072,37.1921,1.18,0.706665,0.899882,bfcedc1c8f0ae2806ebdc8d7c572ba9275e4a0487907899821a3d107e71101ce,200,200000600,200000697,draw_mixed_complex_CA-GAT-MAPPO_g0_ep0
audit__mixed_complex__CA-GAT-MAPPO__g0__ep01,safety_envelope_intervention_audit,mixed_complex,CA-GAT-MAPPO,training_checkpoint,0,1,4,ON,0.1,1,4,0,N/A,0,0,580,2018,0.287413280475719,0.146739,0.579014,33.7383,37.7869,1.888,0.699104,0.811362,bfcedc1c8f0ae2806ebdc8d7c572ba9275e4a0487907899821a3d107e71101ce,201,201000604,201000701,draw_mixed_complex_CA-GAT-MAPPO_g0_ep1
audit__mixed_complex__CA-GAT-MAPPO__g0__ep02,safety_envelope_intervention_audit,mixed_complex,CA-GAT-MAPPO,training_checkpoint,0,2,4,ON,0.1,1,4,0,N/A,0,0,571,1965,0.29058524173028,0.162011,0.607253,31.0417,34.7667,2.0629,0.677593,0.852375,bfcedc1c8f0ae2806ebdc8d7c572ba9275e4a0487907899821a3d107e71101ce,202,202000608,202000705,draw_mixed_complex_CA-GAT-MAPPO_g0_ep2
audit__mixed_complex__CA-GAT-MAPPO__g0__ep03,safety_envelope_intervention_audit,mixed_complex,CA-GAT-MAPPO,training_checkpoint,0,3,4,ON,0.1,1,4,0,N/A,0,0,529,1823,0.290181020296215,0.154863,0.596913,33.1566,37.1354,2.0824,0.695333,0.819682,bfcedc1c8f0ae2806ebdc8d7c572ba9275e4a0487907899821a3d107e71101ce,203,203000612,203000709,draw_mixed_complex_CA-GAT-MAPPO_g0_ep3
audit__mixed_complex__CA-GAT-MAPPO__g0__ep04,safety_envelope_intervention_audit,mixed_complex,CA-GAT-MAPPO,training_checkpoint,0,4,4,ON,0.1,1,4,0,N/A,0,0,514,1770,0.290395480225989,0.16838,0.61294,30.5868,34.2572,1.5856,0.68816,0.872922,bfcedc1c8f0ae2806ebdc8d7c572ba9275e4a0487907899821a3d107e71101ce,204,204000616,204000713,draw_mixed_complex_CA-GAT-MAPPO_g0_ep4
audit__mixed_complex__CA-GAT-MAPPO__g0__ep05,safety_envelope_intervention_audit,mixed_complex,CA-GAT-MAPPO,training_checkpoint,0,5,4,ON,0.1,1,4,0,N/A,0,0,560,1851,0.302539168017288,0.154902,0.606329,33.9863,38.0647,1.5164,0.665808,0.830947,bfcedc1c8f0ae2806ebdc8d7c572ba9275e4a0487907899821a3d107e71101ce,205,205000620,205000717,draw_mixed_complex_CA-GAT-MAPPO_g0_ep5
audit__mixed_complex__CA-GAT-MAPPO__g0__ep06,safety_envelope_intervention_audit,mixed_complex,CA-GAT-MAPPO,training_checkpoint,0,6,4,ON,0.1,1,4,0,N/A,0,0,545,1891,0.288207297726071,0.142576,0.591797,34.9901,39.1889,1.7777,0.709539,0.857524,bfcedc1c8f0ae2806ebdc8d7c572ba9275e4a0487907899821a3d107e71101ce,206,206000624,206000721,draw_mixed_complex_CA-GAT-MAPPO_g0_ep6
audit__mixed_complex__CA-GAT-MAPPO__g0__ep07,safety_envelope_intervention_audit,mixed_complex,CA-GAT-MAPPO,training_checkpoint,0,7,4,ON,0.1,1,4,0,N/A,0,0,602,1900,0.316842105263158,0.173598,0.593852,34.2112,38.3166,2.2436,0.646047,0.887273,bfcedc1c8f0ae2806ebdc8d7c572ba9275e4a0487907899821a3d107e71101ce,207,207000628,207000725,draw_mixed_complex_CA-GAT-MAPPO_g0_ep7
audit__mixed_complex__CA-GAT-MAPPO__g0__ep08,safety_envelope_intervention_audit,mixed_complex,CA-GAT-MAPPO,training_checkpoint,0,8,4,ON,0.1,1,4,0,N/A,0,0,508,1706,0.297772567409144,0.156732,0.606898,31.0145,34.7363,1.1975,0.708692,0.911905,bfcedc1c8f0ae2806ebdc8d7c572ba9275e4a0487907899821a3d107e71101ce,208,208000632,208000729,draw_mixed_complex_CA-GAT-MAPPO_g0_ep8
audit__mixed_complex__CA-GAT-MAPPO__g0__ep09,safety_envelope_intervention_audit,mixed_complex,CA-GAT-MAPPO,training_checkpoint,0,9,4,ON,0.1,1,4,0,N/A,0,0,543,1860,0.291935483870968,0.147885,0.613145,34.0437,38.129,1.25,0.677936,0.823438,bfcedc1c8f0ae2806ebdc8d7c572ba9275e4a0487907899821a3d107e71101ce,209,209000636,209000733,draw_mixed_complex_CA-GAT-MAPPO_g0_ep9
audit__mixed_complex__CA-GAT-MAPPO__g1__ep00,safety_envelope_intervention_audit,mixed_complex,CA-GAT-MAPPO,training_checkpoint,1,0,4,ON,0.1,1,4,0,N/A,0,0,527,1966,0.268056968463886,0.158316,0.597523,34.3972,38.5248,1.0439,0.707321,0.839547,8ed99808c66525bebda19333f1531725f5d3205410e0532243400e3764a1fdb8,10200,10200030600,10200030697,draw_mixed_complex_CA-GAT-MAPPO_g1_ep0
audit__mixed_complex__CA-GAT-MAPPO__g1__ep01,safety_envelope_intervention_audit,mixed_complex,CA-GAT-MAPPO,training_checkpoint,1,1,4,ON,0.1,1,4,0,N/A,0,0,521,1818,0.286578657865787,0.156733,0.58241,33.4496,37.4635,1.1204,0.706119,0.900537,8ed99808c66525bebda19333f1531725f5d3205410e0532243400e3764a1fdb8,10201,10201030604,10201030701,draw_mixed_complex_CA-GAT-MAPPO_g1_ep1
audit__mixed_complex__CA-GAT-MAPPO__g1__ep02,safety_envelope_intervention_audit,mixed_complex,CA-GAT-MAPPO,training_checkpoint,1,2,4,ON,0.1,1,4,0,N/A,0,0,506,1613,0.313701177929324,0.162845,0.587108,32.3032,36.1795,2.3272,0.707318,0.813664,8ed99808c66525bebda19333f1531725f5d3205410e0532243400e3764a1fdb8,10202,10202030608,10202030705,draw_mixed_complex_CA-GAT-MAPPO_g1_ep2
audit__mixed_complex__CA-GAT-MAPPO__g1__ep03,safety_envelope_intervention_audit,mixed_complex,CA-GAT-MAPPO,training_checkpoint,1,3,4,ON,0.1,1,4,0,N/A,0,0,589,1977,0.297926150733434,0.153743,0.604897,32.1703,36.0307,2.3776,0.699491,0.825221,8ed99808c66525bebda19333f1531725f5d3205410e0532243400e3764a1fdb8,10203,10203030612,10203030709,draw_mixed_complex_CA-GAT-MAPPO_g1_ep3
audit__mixed_complex__CA-GAT-MAPPO__g1__ep04,safety_envelope_intervention_audit,mixed_complex,CA-GAT-MAPPO,training_checkpoint,1,4,4,ON,0.1,1,4,0,N/A,0,0,567,1983,0.285930408472012,0.156567,0.571927,30.5645,34.2323,1.4147,0.670327,0.87426,8ed99808c66525bebda19333f1531725f5d3205410e0532243400e3764a1fdb8,10204,10204030616,10204030713,draw_mixed_complex_CA-GAT-MAPPO_g1_ep4
audit__mixed_complex__CA-GAT-MAPPO__g1__ep05,safety_envelope_intervention_audit,mixed_complex,CA-GAT-MAPPO,training_checkpoint,1,5,4,ON,0.1,1,4,0,N/A,0,0,498,1664,0.299278846153846,0.158644,0.606235,33.0314,36.9952,1.2884,0.70491,0.855797,8ed99808c66525bebda19333f1531725f5d3205410e0532243400e3764a1fdb8,10205,10205030620,10205030717,draw_mixed_complex_CA-GAT-MAPPO_g1_ep5
audit__mixed_complex__CA-GAT-MAPPO__g1__ep06,safety_envelope_intervention_audit,mixed_complex,CA-GAT-MAPPO,training_checkpoint,1,6,4,ON,0.1,1,4,0,N/A,0,0,549,1930,0.284455958549223,0.157057,0.60234,30.3888,34.0355,2.0041,0.654883,0.876363,8ed99808c66525bebda19333f1531725f5d3205410e0532243400e3764a1fdb8,10206,10206030624,10206030721,draw_mixed_complex_CA-GAT-MAPPO_g1_ep6
audit__mixed_complex__CA-GAT-MAPPO__g1__ep07,safety_envelope_intervention_audit,mixed_complex,CA-GAT-MAPPO,training_checkpoint,1,7,4,ON,0.1,1,4,0,N/A,0,0,595,2052,0.289961013645224,0.153586,0.608082,30.0747,33.6836,1.5297,0.642005,0.879484,8ed99808c66525bebda19333f1531725f5d3205410e0532243400e3764a1fdb8,10207,10207030628,10207030725,draw_mixed_complex_CA-GAT-MAPPO_g1_ep7
audit__mixed_complex__CA-GAT-MAPPO__g1__ep08,safety_envelope_intervention_audit,mixed_complex,CA-GAT-MAPPO,training_checkpoint,1,8,4,ON,0.1,1,4,0,N/A,0,0,544,1898,0.286617492096944,0.153969,0.601772,31.5067,35.2875,1.3305,0.688935,0.840421,8ed99808c66525bebda19333f1531725f5d3205410e0532243400e3764a1fdb8,10208,10208030632,10208030729,draw_mixed_complex_CA-GAT-MAPPO_g1_ep8
audit__mixed_complex__CA-GAT-MAPPO__g1__ep09,safety_envelope_intervention_audit,mixed_complex,CA-GAT-MAPPO,training_checkpoint,1,9,4,ON,0.1,1,4,0,N/A,0,0,534,1966,0.271617497456765,0.138949,0.611079,31.8664,35.6904,1.3053,0.697775,0.82951,8ed99808c66525bebda19333f1531725f5d3205410e0532243400e3764a1fdb8,10209,10209030636,10209030733,draw_mixed_complex_CA-GAT-MAPPO_g1_ep9
audit__mixed_complex__CA-GAT-MAPPO__g2__ep00,safety_envelope_intervention_audit,mixed_complex,CA-GAT-MAPPO,training_checkpoint,2,0,4,ON,0.1,1,4,0,N/A,0,0,517,1697,0.304655274012964,0.141278,0.592141,34.1684,38.2686,1.7566,0.690286,0.846974,83df6211c82175f2b55c0f388fd343ffc3f228c028273b13498381129ab10241,20200,20200060600,20200060697,draw_mixed_complex_CA-GAT-MAPPO_g2_ep0
audit__mixed_complex__CA-GAT-MAPPO__g2__ep01,safety_envelope_intervention_audit,mixed_complex,CA-GAT-MAPPO,training_checkpoint,2,1,4,ON,0.1,1,4,0,N/A,0,0,510,1797,0.283806343906511,0.159728,0.591036,34.2343,38.3424,1.9936,0.709528,0.815286,83df6211c82175f2b55c0f388fd343ffc3f228c028273b13498381129ab10241,20201,20201060604,20201060701,draw_mixed_complex_CA-GAT-MAPPO_g2_ep1
audit__mixed_complex__CA-GAT-MAPPO__g2__ep02,safety_envelope_intervention_audit,mixed_complex,CA-GAT-MAPPO,training_checkpoint,2,2,4,ON,0.1,1,4,0,N/A,0,0,548,1910,0.286910994764398,0.150286,0.618661,34.4452,38.5786,1.9713,0.661536,0.827988,83df6211c82175f2b55c0f388fd343ffc3f228c028273b13498381129ab10241,20202,20202060608,20202060705,draw_mixed_complex_CA-GAT-MAPPO_g2_ep2
audit__mixed_complex__CA-GAT-MAPPO__g2__ep03,safety_envelope_intervention_audit,mixed_complex,CA-GAT-MAPPO,training_checkpoint,2,3,4,ON,0.1,1,4,0,N/A,0,0,509,1662,0.306257521058965,0.176743,0.601328,32.6442,36.5615,1.6692,0.663647,0.860019,83df6211c82175f2b55c0f388fd343ffc3f228c028273b13498381129ab10241,20203,20203060612,20203060709,draw_mixed_complex_CA-GAT-MAPPO_g2_ep3
audit__mixed_complex__CA-GAT-MAPPO__g2__ep04,safety_envelope_intervention_audit,mixed_complex,CA-GAT-MAPPO,training_checkpoint,2,4,4,ON,0.1,1,4,0,N/A,0,0,506,1684,0.300475059382423,0.181542,0.586291,32.6739,36.5947,1.0184,0.636567,0.842961,83df6211c82175f2b55c0f388fd343ffc3f228c028273b13498381129ab10241,20204,20204060616,20204060713,draw_mixed_complex_CA-GAT-MAPPO_g2_ep4
audit__mixed_complex__CA-GAT-MAPPO__g2__ep05,safety_envelope_intervention_audit,mixed_complex,CA-GAT-MAPPO,training_checkpoint,2,5,4,ON,0.1,1,4,0,N/A,0,0,521,1714,0.303967327887981,0.14983,0.607316,30.1419,33.7589,1.8825,0.656939,0.814323,83df6211c82175f2b55c0f388fd343ffc3f228c028273b13498381129ab10241,20205,20205060620,20205060717,draw_mixed_complex_CA-GAT-MAPPO_g2_ep5
audit__mixed_complex__CA-GAT-MAPPO__g2__ep06,safety_envelope_intervention_audit,mixed_complex,CA-GAT-MAPPO,training_checkpoint,2,6,4,ON,0.1,1,4,0,N/A,0,0,542,1940,0.279381443298969,0.143019,0.60676,33.4971,37.5167,1.7368,0.661402,0.862113,83df6211c82175f2b55c0f388fd343ffc3f228c028273b13498381129ab10241,20206,20206060624,20206060721,draw_mixed_complex_CA-GAT-MAPPO_g2_ep6
audit__mixed_complex__CA-GAT-MAPPO__g2__ep07,safety_envelope_intervention_audit,mixed_complex,CA-GAT-MAPPO,training_checkpoint,2,7,4,ON,0.1,1,4,0,N/A,0,0,523,1736,0.301267281105991,0.157734,0.61169,31.1086,34.8416,1.4228,0.673448,0.878086,83df6211c82175f2b55c0f388fd343ffc3f228c028273b13498381129ab10241,20207,20207060628,20207060725,draw_mixed_complex_CA-GAT-MAPPO_g2_ep7
audit__mixed_complex__CA-GAT-MAPPO__g2__ep08,safety_envelope_intervention_audit,mixed_complex,CA-GAT-MAPPO,training_checkpoint,2,8,4,ON,0.1,1,4,0,N/A,0,0,547,1870,0.292513368983957,0.156747,0.577059,33.5625,37.59,2.3522,0.632452,0.819348,83df6211c82175f2b55c0f388fd343ffc3f228c028273b13498381129ab10241,20208,20208060632,20208060729,draw_mixed_complex_CA-GAT-MAPPO_g2_ep8
audit__mixed_complex__CA-GAT-MAPPO__g2__ep09,safety_envelope_intervention_audit,mixed_complex,CA-GAT-MAPPO,training_checkpoint,2,9,4,ON,0.1,1,4,0,N/A,0,0,559,1908,0.292976939203354,0.174292,0.596864,31.54,35.3248,1.558,0.704333,0.815862,83df6211c82175f2b55c0f388fd343ffc3f228c028273b13498381129ab10241,20209,20209060636,20209060733,draw_mixed_complex_CA-GAT-MAPPO_g2_ep9
audit__mixed_complex__CA-GAT-MAPPO__g3__ep00,safety_envelope_intervention_audit,mixed_complex,CA-GAT-MAPPO,training_checkpoint,3,0,4,ON,0.1,1,4,0,N/A,0,0,564,1840,0.306521739130435,0.156705,0.598406,30.4504,34.1045,1.9145,0.63048,0.823717,db73792d69e34f730009208f36e16377f566a0653b487afb0c9e2546504e61a0,30200,30200090600,30200090697,draw_mixed_complex_CA-GAT-MAPPO_g3_ep0
audit__mixed_complex__CA-GAT-MAPPO__g3__ep01,safety_envelope_intervention_audit,mixed_complex,CA-GAT-MAPPO,training_checkpoint,3,1,4,ON,0.1,1,4,0,N/A,0,0,513,1832,0.280021834061135,0.169539,0.586877,33.9921,38.0712,2.2706,0.658738,0.803215,db73792d69e34f730009208f36e16377f566a0653b487afb0c9e2546504e61a0,30201,30201090604,30201090701,draw_mixed_complex_CA-GAT-MAPPO_g3_ep1
audit__mixed_complex__CA-GAT-MAPPO__g3__ep02,safety_envelope_intervention_audit,mixed_complex,CA-GAT-MAPPO,training_checkpoint,3,2,4,ON,0.1,1,4,0,N/A,0,0,494,1678,0.294398092967819,0.157976,0.587708,33.6534,37.6918,1.0179,0.663085,0.813095,db73792d69e34f730009208f36e16377f566a0653b487afb0c9e2546504e61a0,30202,30202090608,30202090705,draw_mixed_complex_CA-GAT-MAPPO_g3_ep2
audit__mixed_complex__CA-GAT-MAPPO__g3__ep03,safety_envelope_intervention_audit,mixed_complex,CA-GAT-MAPPO,training_checkpoint,3,3,4,ON,0.1,1,4,0,N/A,0,0,562,1929,0.291342664593053,0.168771,0.585601,30.4292,34.0806,1.592,0.675716,0.89234,db73792d69e34f730009208f36e16377f566a0653b487afb0c9e2546504e61a0,30203,30203090612,30203090709,draw_mixed_complex_CA-GAT-MAPPO_g3_ep3
audit__mixed_complex__CA-GAT-MAPPO__g3__ep04,safety_envelope_intervention_audit,mixed_complex,CA-GAT-MAPPO,training_checkpoint,3,4,4,ON,0.1,1,4,0,N/A,0,0,568,1985,0.286146095717884,0.143046,0.609266,33.9392,38.0119,1.0181,0.637962,0.851696,db73792d69e34f730009208f36e16377f566a0653b487afb0c9e2546504e61a0,30204,30204090616,30204090713,draw_mixed_complex_CA-GAT-MAPPO_g3_ep4
audit__mixed_complex__CA-GAT-MAPPO__g3__ep05,safety_envelope_intervention_audit,mixed_complex,CA-GAT-MAPPO,training_checkpoint,3,5,4,ON,0.1,1,4,0,N/A,0,0,506,1752,0.288812785388128,0.159196,0.614631,31.5421,35.3272,1.1227,0.644713,0.862912,db73792d69e34f730009208f36e16377f566a0653b487afb0c9e2546504e61a0,30205,30205090620,30205090717,draw_mixed_complex_CA-GAT-MAPPO_g3_ep5
audit__mixed_complex__CA-GAT-MAPPO__g3__ep06,safety_envelope_intervention_audit,mixed_complex,CA-GAT-MAPPO,training_checkpoint,3,6,4,ON,0.1,1,4,0,N/A,0,0,504,1771,0.284584980237154,0.154965,0.603693,31.7353,35.5435,2.2693,0.640116,0.911293,db73792d69e34f730009208f36e16377f566a0653b487afb0c9e2546504e61a0,30206,30206090624,30206090721,draw_mixed_complex_CA-GAT-MAPPO_g3_ep6
audit__mixed_complex__CA-GAT-MAPPO__g3__ep07,safety_envelope_intervention_audit,mixed_complex,CA-GAT-MAPPO,training_checkpoint,3,7,4,ON,0.1,1,4,0,N/A,0,0,518,1919,0.269932256383533,0.142338,0.625912,33.0777,37.0471,1.8697,0.704454,0.840666,db73792d69e34f730009208f36e16377f566a0653b487afb0c9e2546504e61a0,30207,30207090628,30207090725,draw_mixed_complex_CA-GAT-MAPPO_g3_ep7
audit__mixed_complex__CA-GAT-MAPPO__g3__ep08,safety_envelope_intervention_audit,mixed_complex,CA-GAT-MAPPO,training_checkpoint,3,8,4,ON,0.1,1,4,0,N/A,0,0,525,1780,0.294943820224719,0.147258,0.573997,30.8467,34.5483,1.2725,0.69957,0.858925,db73792d69e34f730009208f36e16377f566a0653b487afb0c9e2546504e61a0,30208,30208090632,30208090729,draw_mixed_complex_CA-GAT-MAPPO_g3_ep8
audit__mixed_complex__CA-GAT-MAPPO__g3__ep09,safety_envelope_intervention_audit,mixed_complex,CA-GAT-MAPPO,training_checkpoint,3,9,4,ON,0.1,1,4,0,N/A,0,0,519,1871,0.277391769107429,0.150217,0.619599,34.0822,38.1721,2.2023,0.646658,0.889624,db73792d69e34f730009208f36e16377f566a0653b487afb0c9e2546504e61a0,30209,30209090636,30209090733,draw_mixed_complex_CA-GAT-MAPPO_g3_ep9
audit__mixed_complex__CA-GAT-MAPPO__g4__ep00,safety_envelope_intervention_audit,mixed_complex,CA-GAT-MAPPO,training_checkpoint,4,0,4,ON,0.1,1,4,0,N/A,0,0,543,1791,0.303182579564489,0.153085,0.598497,30.5061,34.1669,2.0408,0.652485,0.873367,f5e210f1f3eada71e80dc9a96ddd0372317557285c215726f7fc87779a373c42,40200,40200120600,40200120697,draw_mixed_complex_CA-GAT-MAPPO_g4_ep0
audit__mixed_complex__CA-GAT-MAPPO__g4__ep01,safety_envelope_intervention_audit,mixed_complex,CA-GAT-MAPPO,training_checkpoint,4,1,4,ON,0.1,1,4,0,N/A,0,0,598,2065,0.289588377723971,0.144737,0.587878,30.261,33.8923,1.139,0.678583,0.821384,f5e210f1f3eada71e80dc9a96ddd0372317557285c215726f7fc87779a373c42,40201,40201120604,40201120701,draw_mixed_complex_CA-GAT-MAPPO_g4_ep1
audit__mixed_complex__CA-GAT-MAPPO__g4__ep02,safety_envelope_intervention_audit,mixed_complex,CA-GAT-MAPPO,training_checkpoint,4,2,4,ON,0.1,1,4,0,N/A,0,0,603,1990,0.303015075376884,0.149547,0.604692,30.5986,34.2704,1.1672,0.650951,0.83766,f5e210f1f3eada71e80dc9a96ddd0372317557285c215726f7fc87779a373c42,40202,40202120608,40202120705,draw_mixed_complex_CA-GAT-MAPPO_g4_ep2
audit__mixed_complex__CA-GAT-MAPPO__g4__ep03,safety_envelope_intervention_audit,mixed_complex,CA-GAT-MAPPO,training_checkpoint,4,3,4,ON,0.1,1,4,0,N/A,0,0,573,1951,0.293695540748334,0.15334,0.605749,30.4964,34.156,1.8102,0.681759,0.80808,f5e210f1f3eada71e80dc9a96ddd0372317557285c215726f7fc87779a373c42,40203,40203120612,40203120709,draw_mixed_complex_CA-GAT-MAPPO_g4_ep3
audit__mixed_complex__CA-GAT-MAPPO__g4__ep04,safety_envelope_intervention_audit,mixed_complex,CA-GAT-MAPPO,training_checkpoint,4,4,4,ON,0.1,1,4,0,N/A,0,0,583,1956,0.298057259713702,0.171508,0.606044,32.897,36.8446,1.2687,0.686037,0.916399,f5e210f1f3eada71e80dc9a96ddd0372317557285c215726f7fc87779a373c42,40204,40204120616,40204120713,draw_mixed_complex_CA-GAT-MAPPO_g4_ep4
audit__mixed_complex__CA-GAT-MAPPO__g4__ep05,safety_envelope_intervention_audit,mixed_complex,CA-GAT-MAPPO,training_checkpoint,4,5,4,ON,0.1,1,4,0,N/A,0,0,585,2149,0.272219637040484,0.158771,0.619178,33.6774,37.7187,2.0254,0.683836,0.868445,f5e210f1f3eada71e80dc9a96ddd0372317557285c215726f7fc87779a373c42,40205,40205120620,40205120717,draw_mixed_complex_CA-GAT-MAPPO_g4_ep5
audit__mixed_complex__CA-GAT-MAPPO__g4__ep06,safety_envelope_intervention_audit,mixed_complex,CA-GAT-MAPPO,training_checkpoint,4,6,4,ON,0.1,1,4,0,N/A,0,0,580,2254,0.257320319432121,0.143784,0.598314,33.7225,37.7692,1.1721,0.695362,0.88187,f5e210f1f3eada71e80dc9a96ddd0372317557285c215726f7fc87779a373c42,40206,40206120624,40206120721,draw_mixed_complex_CA-GAT-MAPPO_g4_ep6
audit__mixed_complex__CA-GAT-MAPPO__g4__ep07,safety_envelope_intervention_audit,mixed_complex,CA-GAT-MAPPO,training_checkpoint,4,7,4,ON,0.1,1,4,0,N/A,0,0,597,2142,0.278711484593837,0.1681,0.602871,34.9133,39.1029,2.1322,0.681858,0.818367,f5e210f1f3eada71e80dc9a96ddd0372317557285c215726f7fc87779a373c42,40207,40207120628,40207120725,draw_mixed_complex_CA-GAT-MAPPO_g4_ep7
audit__mixed_complex__CA-GAT-MAPPO__g4__ep08,safety_envelope_intervention_audit,mixed_complex,CA-GAT-MAPPO,training_checkpoint,4,8,4,ON,0.1,1,4,0,N/A,0,0,526,1778,0.295838020247469,0.14533,0.582655,33.8528,37.9151,1.0946,0.679088,0.903517,f5e210f1f3eada71e80dc9a96ddd0372317557285c215726f7fc87779a373c42,40208,40208120632,40208120729,draw_mixed_complex_CA-GAT-MAPPO_g4_ep8
audit__mixed_complex__CA-GAT-MAPPO__g4__ep09,safety_envelope_intervention_audit,mixed_complex,CA-GAT-MAPPO,training_checkpoint,4,9,4,ON,0.1,1,4,0,N/A,0,0,541,1883,0.287307488050982,0.156789,0.585367,34.3463,38.4678,1.7766,0.669404,0.904413,f5e210f1f3eada71e80dc9a96ddd0372317557285c215726f7fc87779a373c42,40209,40209120636,40209120733,draw_mixed_complex_CA-GAT-MAPPO_g4_ep9
audit__mixed_complex__CA-GAT-MAPPO__g5__ep00,safety_envelope_intervention_audit,mixed_complex,CA-GAT-MAPPO,training_checkpoint,5,0,4,ON,0.1,1,4,0,N/A,0,0,519,1758,0.295221843003413,0.16845,0.600101,34.874,39.0589,1.9839,0.634179,0.855671,da29fb12dd230cb7a8ee1e88c60ca8b2d6077612165ed390a9456fb3ca05bd64,50200,50200150600,50200150697,draw_mixed_complex_CA-GAT-MAPPO_g5_ep0
audit__mixed_complex__CA-GAT-MAPPO__g5__ep01,safety_envelope_intervention_audit,mixed_complex,CA-GAT-MAPPO,training_checkpoint,5,1,4,ON,0.1,1,4,0,N/A,0,0,528,1922,0.27471383975026,0.150145,0.58437,34.9252,39.1163,2.1495,0.646564,0.902898,da29fb12dd230cb7a8ee1e88c60ca8b2d6077612165ed390a9456fb3ca05bd64,50201,50201150604,50201150701,draw_mixed_complex_CA-GAT-MAPPO_g5_ep1
audit__mixed_complex__CA-GAT-MAPPO__g5__ep02,safety_envelope_intervention_audit,mixed_complex,CA-GAT-MAPPO,training_checkpoint,5,2,4,ON,0.1,1,4,0,N/A,0,0,590,2031,0.290497291974397,0.161456,0.591792,33.0394,37.0041,1.9522,0.639748,0.892727,da29fb12dd230cb7a8ee1e88c60ca8b2d6077612165ed390a9456fb3ca05bd64,50202,50202150608,50202150705,draw_mixed_complex_CA-GAT-MAPPO_g5_ep2
audit__mixed_complex__CA-GAT-MAPPO__g5__ep03,safety_envelope_intervention_audit,mixed_complex,CA-GAT-MAPPO,training_checkpoint,5,3,4,ON,0.1,1,4,0,N/A,0,0,535,2008,0.266434262948207,0.160025,0.601552,30.6548,34.3333,1.3066,0.678825,0.82373,da29fb12dd230cb7a8ee1e88c60ca8b2d6077612165ed390a9456fb3ca05bd64,50203,50203150612,50203150709,draw_mixed_complex_CA-GAT-MAPPO_g5_ep3
audit__mixed_complex__CA-GAT-MAPPO__g5__ep04,safety_envelope_intervention_audit,mixed_complex,CA-GAT-MAPPO,training_checkpoint,5,4,4,ON,0.1,1,4,0,N/A,0,0,555,2081,0.266698702546853,0.149967,0.614057,33.0551,37.0218,2.2441,0.696513,0.869137,da29fb12dd230cb7a8ee1e88c60ca8b2d6077612165ed390a9456fb3ca05bd64,50204,50204150616,50204150713,draw_mixed_complex_CA-GAT-MAPPO_g5_ep4
audit__mixed_complex__CA-GAT-MAPPO__g5__ep05,safety_envelope_intervention_audit,mixed_complex,CA-GAT-MAPPO,training_checkpoint,5,5,4,ON,0.1,1,4,0,N/A,0,0,537,1833,0.292962356792144,0.170033,0.596077,30.055,33.6617,2.4137,0.702516,0.907417,da29fb12dd230cb7a8ee1e88c60ca8b2d6077612165ed390a9456fb3ca05bd64,50205,50205150620,50205150717,draw_mixed_complex_CA-GAT-MAPPO_g5_ep5
audit__mixed_complex__CA-GAT-MAPPO__g5__ep06,safety_envelope_intervention_audit,mixed_complex,CA-GAT-MAPPO,training_checkpoint,5,6,4,ON,0.1,1,4,0,N/A,0,0,487,1523,0.319763624425476,0.142628,0.582584,30.0021,33.6023,1.8451,0.665939,0.879952,da29fb12dd230cb7a8ee1e88c60ca8b2d6077612165ed390a9456fb3ca05bd64,50206,50206150624,50206150721,draw_mixed_complex_CA-GAT-MAPPO_g5_ep6
audit__mixed_complex__CA-GAT-MAPPO__g5__ep07,safety_envelope_intervention_audit,mixed_complex,CA-GAT-MAPPO,training_checkpoint,5,7,4,ON,0.1,1,4,0,N/A,0,0,517,1828,0.282822757111597,0.144325,0.616726,31.6699,35.4703,1.2105,0.696179,0.857222,da29fb12dd230cb7a8ee1e88c60ca8b2d6077612165ed390a9456fb3ca05bd64,50207,50207150628,50207150725,draw_mixed_complex_CA-GAT-MAPPO_g5_ep7
audit__mixed_complex__CA-GAT-MAPPO__g5__ep08,safety_envelope_intervention_audit,mixed_complex,CA-GAT-MAPPO,training_checkpoint,5,8,4,ON,0.1,1,4,0,N/A,0,0,546,1790,0.305027932960894,0.150621,0.583067,32.7778,36.7112,2.2928,0.669516,0.806826,da29fb12dd230cb7a8ee1e88c60ca8b2d6077612165ed390a9456fb3ca05bd64,50208,50208150632,50208150729,draw_mixed_complex_CA-GAT-MAPPO_g5_ep8
audit__mixed_complex__CA-GAT-MAPPO__g5__ep09,safety_envelope_intervention_audit,mixed_complex,CA-GAT-MAPPO,training_checkpoint,5,9,4,ON,0.1,1,4,0,N/A,0,0,539,1889,0.285336156696665,0.160482,0.621901,31.1206,34.8551,2.1729,0.638743,0.913825,da29fb12dd230cb7a8ee1e88c60ca8b2d6077612165ed390a9456fb3ca05bd64,50209,50209150636,50209150733,draw_mixed_complex_CA-GAT-MAPPO_g5_ep9
audit__mixed_complex__CA-GAT-MAPPO__g6__ep00,safety_envelope_intervention_audit,mixed_complex,CA-GAT-MAPPO,training_checkpoint,6,0,4,ON,0.1,1,4,0,N/A,0,0,543,2156,0.251855287569573,0.182229,0.608343,30.412,34.0615,1.5835,0.696327,0.886072,ed09582cb314a7d6fb62a2969e8ec146c4ad5a35bbded88314c57cd591ec5719,60200,60200180600,60200180697,draw_mixed_complex_CA-GAT-MAPPO_g6_ep0
audit__mixed_complex__CA-GAT-MAPPO__g6__ep01,safety_envelope_intervention_audit,mixed_complex,CA-GAT-MAPPO,training_checkpoint,6,1,4,ON,0.1,1,4,0,N/A,0,0,549,2051,0.267674305216967,0.153658,0.61137,32.4289,36.3204,2.0836,0.704932,0.883171,ed09582cb314a7d6fb62a2969e8ec146c4ad5a35bbded88314c57cd591ec5719,60201,60201180604,60201180701,draw_mixed_complex_CA-GAT-MAPPO_g6_ep1
audit__mixed_complex__CA-GAT-MAPPO__g6__ep02,safety_envelope_intervention_audit,mixed_complex,CA-GAT-MAPPO,training_checkpoint,6,2,4,ON,0.1,1,4,0,N/A,0,0,526,1936,0.271694214876033,0.147987,0.601776,30.6033,34.2757,2.2538,0.631573,0.882153,ed09582cb314a7d6fb62a2969e8ec146c4ad5a35bbded88314c57cd591ec5719,60202,60202180608,60202180705,draw_mixed_complex_CA-GAT-MAPPO_g6_ep2
audit__mixed_complex__CA-GAT-MAPPO__g6__ep03,safety_envelope_intervention_audit,mixed_complex,CA-GAT-MAPPO,training_checkpoint,6,3,4,ON,0.1,1,4,0,N/A,0,0,527,1978,0.266430738119312,0.154133,0.606129,33.486,37.5043,1.8529,0.702693,0.855481,ed09582cb314a7d6fb62a2969e8ec146c4ad5a35bbded88314c57cd591ec5719,60203,60203180612,60203180709,draw_mixed_complex_CA-GAT-MAPPO_g6_ep3
audit__mixed_complex__CA-GAT-MAPPO__g6__ep04,safety_envelope_intervention_audit,mixed_complex,CA-GAT-MAPPO,training_checkpoint,6,4,4,ON,0.1,1,4,0,N/A,0,0,553,1872,0.295405982905983,0.16538,0.592092,31.4968,35.2764,2.374,0.701495,0.836322,ed09582cb314a7d6fb62a2969e8ec146c4ad5a35bbded88314c57cd591ec5719,60204,60204180616,60204180713,draw_mixed_complex_CA-GAT-MAPPO_g6_ep4
audit__mixed_complex__CA-GAT-MAPPO__g6__ep05,safety_envelope_intervention_audit,mixed_complex,CA-GAT-MAPPO,training_checkpoint,6,5,4,ON,0.1,1,4,0,N/A,0,0,532,1841,0.288973384030418,0.162827,0.592019,32.0417,35.8867,1.5152,0.641905,0.869998,ed09582cb314a7d6fb62a2969e8ec146c4ad5a35bbded88314c57cd591ec5719,60205,60205180620,60205180717,draw_mixed_complex_CA-GAT-MAPPO_g6_ep5
audit__mixed_complex__CA-GAT-MAPPO__g6__ep06,safety_envelope_intervention_audit,mixed_complex,CA-GAT-MAPPO,training_checkpoint,6,6,4,ON,0.1,1,4,0,N/A,0,0,531,1919,0.276706618030224,0.148565,0.601974,30.729,34.4164,1.0064,0.669422,0.872282,ed09582cb314a7d6fb62a2969e8ec146c4ad5a35bbded88314c57cd591ec5719,60206,60206180624,60206180721,draw_mixed_complex_CA-GAT-MAPPO_g6_ep6
audit__mixed_complex__CA-GAT-MAPPO__g6__ep07,safety_envelope_intervention_audit,mixed_complex,CA-GAT-MAPPO,training_checkpoint,6,7,4,ON,0.1,1,4,0,N/A,0,0,545,1955,0.278772378516624,0.173657,0.592878,34.9433,39.1365,1.0668,0.70023,0.849912,ed09582cb314a7d6fb62a2969e8ec146c4ad5a35bbded88314c57cd591ec5719,60207,60207180628,60207180725,draw_mixed_complex_CA-GAT-MAPPO_g6_ep7
audit__mixed_complex__CA-GAT-MAPPO__g6__ep08,safety_envelope_intervention_audit,mixed_complex,CA-GAT-MAPPO,training_checkpoint,6,8,4,ON,0.1,1,4,0,N/A,0,0,514,1726,0.297798377752028,0.149913,0.585967,34.9743,39.1712,2.2099,0.636951,0.881928,ed09582cb314a7d6fb62a2969e8ec146c4ad5a35bbded88314c57cd591ec5719,60208,60208180632,60208180729,draw_mixed_complex_CA-GAT-MAPPO_g6_ep8
audit__mixed_complex__CA-GAT-MAPPO__g6__ep09,safety_envelope_intervention_audit,mixed_complex,CA-GAT-MAPPO,training_checkpoint,6,9,4,ON,0.1,1,4,0,N/A,0,0,517,2074,0.249276759884282,0.152526,0.5868,31.1673,34.9074,2.0528,0.699065,0.864458,ed09582cb314a7d6fb62a2969e8ec146c4ad5a35bbded88314c57cd591ec5719,60209,60209180636,60209180733,draw_mixed_complex_CA-GAT-MAPPO_g6_ep9
audit__mixed_complex__CA-GAT-MAPPO__g7__ep00,safety_envelope_intervention_audit,mixed_complex,CA-GAT-MAPPO,training_checkpoint,7,0,4,ON,0.1,1,4,0,N/A,0,0,576,2007,0.286995515695067,0.14844,0.591329,33.8587,37.9217,1.343,0.674756,0.843813,7aecf6a7e53711d5a0f1473913406cc645bbc0aa42ebc65a753ac1a5648703b0,70200,70200210600,70200210697,draw_mixed_complex_CA-GAT-MAPPO_g7_ep0
audit__mixed_complex__CA-GAT-MAPPO__g7__ep01,safety_envelope_intervention_audit,mixed_complex,CA-GAT-MAPPO,training_checkpoint,7,1,4,ON,0.1,1,4,0,N/A,0,0,584,1818,0.321232123212321,0.154912,0.59444,30.3686,34.0129,1.3311,0.690412,0.823448,7aecf6a7e53711d5a0f1473913406cc645bbc0aa42ebc65a753ac1a5648703b0,70201,70201210604,70201210701,draw_mixed_complex_CA-GAT-MAPPO_g7_ep1
audit__mixed_complex__CA-GAT-MAPPO__g7__ep02,safety_envelope_intervention_audit,mixed_complex,CA-GAT-MAPPO,training_checkpoint,7,2,4,ON,0.1,1,4,0,N/A,0,0,540,1901,0.284061020515518,0.152918,0.612647,31.0563,34.7831,2.2757,0.687885,0.87044,7aecf6a7e53711d5a0f1473913406cc645bbc0aa42ebc65a753ac1a5648703b0,70202,70202210608,70202210705,draw_mixed_complex_CA-GAT-MAPPO_g7_ep2
audit__mixed_complex__CA-GAT-MAPPO__g7__ep03,safety_envelope_intervention_audit,mixed_complex,CA-GAT-MAPPO,training_checkpoint,7,3,4,ON,0.1,1,4,0,N/A,0,0,572,1991,0.287292817679558,0.140307,0.590903,33.1788,37.1603,2.3246,0.631474,0.867605,7aecf6a7e53711d5a0f1473913406cc645bbc0aa42ebc65a753ac1a5648703b0,70203,70203210612,70203210709,draw_mixed_complex_CA-GAT-MAPPO_g7_ep3
audit__mixed_complex__CA-GAT-MAPPO__g7__ep04,safety_envelope_intervention_audit,mixed_complex,CA-GAT-MAPPO,training_checkpoint,7,4,4,ON,0.1,1,4,0,N/A,0,0,511,1746,0.292668957617411,0.155413,0.612445,33.3279,37.3272,2.425,0.677768,0.81314,7aecf6a7e53711d5a0f1473913406cc645bbc0aa42ebc65a753ac1a5648703b0,70204,70204210616,70204210713,draw_mixed_complex_CA-GAT-MAPPO_g7_ep4
audit__mixed_complex__CA-GAT-MAPPO__g7__ep05,safety_envelope_intervention_audit,mixed_complex,CA-GAT-MAPPO,training_checkpoint,7,5,4,ON,0.1,1,4,0,N/A,0,0,541,1883,0.287307488050982,0.151923,0.590246,31.1425,34.8796,2.479,0.681337,0.846548,7aecf6a7e53711d5a0f1473913406cc645bbc0aa42ebc65a753ac1a5648703b0,70205,70205210620,70205210717,draw_mixed_complex_CA-GAT-MAPPO_g7_ep5
audit__mixed_complex__CA-GAT-MAPPO__g7__ep06,safety_envelope_intervention_audit,mixed_complex,CA-GAT-MAPPO,training_checkpoint,7,6,4,ON,0.1,1,4,0,N/A,0,0,549,1922,0.285639958376691,0.160236,0.600877,31.1741,34.9149,1.8988,0.706478,0.846515,7aecf6a7e53711d5a0f1473913406cc645bbc0aa42ebc65a753ac1a5648703b0,70206,70206210624,70206210721,draw_mixed_complex_CA-GAT-MAPPO_g7_ep6
audit__mixed_complex__CA-GAT-MAPPO__g7__ep07,safety_envelope_intervention_audit,mixed_complex,CA-GAT-MAPPO,training_checkpoint,7,7,4,ON,0.1,1,4,0,N/A,0,0,573,1824,0.314144736842105,0.144468,0.583345,33.4448,37.4581,1.4247,0.668729,0.857261,7aecf6a7e53711d5a0f1473913406cc645bbc0aa42ebc65a753ac1a5648703b0,70207,70207210628,70207210725,draw_mixed_complex_CA-GAT-MAPPO_g7_ep7
audit__mixed_complex__CA-GAT-MAPPO__g7__ep08,safety_envelope_intervention_audit,mixed_complex,CA-GAT-MAPPO,training_checkpoint,7,8,4,ON,0.1,1,4,0,N/A,0,0,545,1787,0.304980414101847,0.172778,0.615456,31.6978,35.5016,1.6447,0.657088,0.888967,7aecf6a7e53711d5a0f1473913406cc645bbc0aa42ebc65a753ac1a5648703b0,70208,70208210632,70208210729,draw_mixed_complex_CA-GAT-MAPPO_g7_ep8
audit__mixed_complex__CA-GAT-MAPPO__g7__ep09,safety_envelope_intervention_audit,mixed_complex,CA-GAT-MAPPO,training_checkpoint,7,9,4,ON,0.1,1,4,0,N/A,0,0,502,1708,0.293911007025761,0.157904,0.599928,33.5805,37.6102,1.3769,0.668359,0.857038,7aecf6a7e53711d5a0f1473913406cc645bbc0aa42ebc65a753ac1a5648703b0,70209,70209210636,70209210733,draw_mixed_complex_CA-GAT-MAPPO_g7_ep9
