record_id,protocol_id,scenario,method,training_seed,evaluation_episode_index,robot_count,policy_checkpoint_reused_from_main,safety_envelope,A_star_guide,ORCA_style_prior,velocity_slew_limits,pedestrian_limiter,lidar_safety_filter,robot_robot_shield,control_step_s,successful_robots,fully_successful_episode,collision_episode,rr_collision_count,rp_collision_count,obstacle_collision_count,timeout_failure_count,deadlock_failure_count,rr_near_miss_count,rp_near_miss_count,average_completion_time_s,makespan_s,average_waiting_time_s,average_path_length_m,astar_reference_path_length_m,executed_to_astar_ratio,trajectory_straightness,min_rr_center_distance_m,min_rp_center_distance_m,pre_filter_min_pred_rr_distance_m,pre_filter_min_pred_rp_distance_m,checkpoint_sha256
safetyoff__static_clutter__IPPO__seed0__ep00,safety_off_evaluation,static_clutter,IPPO,0,0,4,1,OFF,ON,ON,ON,OFF,OFF,OFF,0.1,4,1,0,0,0,0,0,0,0,N/A,33.25,36.71,0.861,17.72,21.1127,0.8393,0.6825,0.6494,N/A,0.5195,N/A,d8d5be0e8626ad49710c77eb6f182799ad00b97f9741ac6aa506e3a139696ef7
safetyoff__static_clutter__IPPO__seed0__ep01,safety_off_evaluation,static_clutter,IPPO,0,1,4,1,OFF,ON,ON,ON,OFF,OFF,OFF,0.1,4,1,0,0,0,0,0,0,0,N/A,34.94,39.82,1.232,18.27,21.2377,0.8603,0.7272,0.7119,N/A,0.5695,N/A,d8d5be0e8626ad49710c77eb6f182799ad00b97f9741ac6aa506e3a139696ef7
safetyoff__static_clutter__IPPO__seed0__ep02,safety_off_evaluation,static_clutter,IPPO,0,2,4,1,OFF,ON,ON,ON,OFF,OFF,OFF,0.1,4,1,0,0,0,0,0,0,0,N/A,38.75,41.93,2.3,17.05,21.4252,0.7958,0.7584,0.7158,N/A,0.5726,N/A,d8d5be0e8626ad49710c77eb6f182799ad00b97f9741ac6aa506e3a139696ef7
safetyoff__static_clutter__IPPO__seed0__ep03,safety_off_evaluation,static_clutter,IPPO,0,3,4,1,OFF,ON,ON,ON,OFF,OFF,OFF,0.1,4,1,0,0,0,0,0,0,1,N/A,37.65,42.97,1.221,18.23,21.1127,0.8635,0.706,0.5341,N/A,0.4273,N/A,d8d5be0e8626ad49710c77eb6f182799ad00b97f9741ac6aa506e3a139696ef7
safetyoff__static_clutter__IPPO__seed0__ep04,safety_off_evaluation,static_clutter,IPPO,0,4,4,1,OFF,ON,ON,ON,OFF,OFF,OFF,0.1,4,1,0,0,0,0,0,0,1,N/A,34.3,38.03,2.859,17.23,21.3627,0.8065,0.7096,0.4923,N/A,0.3938,N/A,d8d5be0e8626ad49710c77eb6f182799ad00b97f9741ac6aa506e3a139696ef7
safetyoff__static_clutter__IPPO__seed0__ep05,safety_off_evaluation,static_clutter,IPPO,0,5,4,1,OFF,ON,ON,ON,OFF,OFF,OFF,0.1,3,0,1,1,0,0,0,0,1,N/A,33.99,37.76,1.006,17.79,N/A (episode terminated early),N/A (early termination),0.7203,0.3352,N/A,0.2682,N/A,d8d5be0e8626ad49710c77eb6f182799ad00b97f9741ac6aa506e3a139696ef7
safetyoff__static_clutter__IPPO__seed0__ep06,safety_off_evaluation,static_clutter,IPPO,0,6,4,1,OFF,ON,ON,ON,OFF,OFF,OFF,0.1,4,1,0,0,0,0,0,0,1,N/A,33.2,37,0.865,17.53,21.2377,0.8254,0.6728,0.4571,N/A,0.3657,N/A,d8d5be0e8626ad49710c77eb6f182799ad00b97f9741ac6aa506e3a139696ef7
safetyoff__static_clutter__IPPO__seed0__ep07,safety_off_evaluation,static_clutter,IPPO,0,7,4,1,OFF,ON,ON,ON,OFF,OFF,OFF,0.1,4,1,0,0,0,0,0,0,0,N/A,36.65,40.63,2.028,17.69,21.3627,0.8281,0.6991,0.5739,N/A,0.4591,N/A,d8d5be0e8626ad49710c77eb6f182799ad00b97f9741ac6aa506e3a139696ef7
safetyoff__static_clutter__IPPO__seed0__ep08,safety_off_evaluation,static_clutter,IPPO,0,8,4,1,OFF,ON,ON,ON,OFF,OFF,OFF,0.1,4,1,0,0,0,0,0,0,0,N/A,37.72,42.1,2.634,18.01,21.1127,0.853,0.6853,0.6232,N/A,0.4986,N/A,d8d5be0e8626ad49710c77eb6f182799ad00b97f9741ac6aa506e3a139696ef7
safetyoff__static_clutter__IPPO__seed0__ep09,safety_off_evaluation,static_clutter,IPPO,0,9,4,1,OFF,ON,ON,ON,OFF,OFF,OFF,0.1,4,1,0,0,0,0,0,0,1,N/A,37.75,42.4,1.395,17.04,21.2377,0.8023,0.7309,0.49,N/A,0.392,N/A,d8d5be0e8626ad49710c77eb6f182799ad00b97f9741ac6aa506e3a139696ef7
safetyoff__static_clutter__IPPO__seed1__ep00,safety_off_evaluation,static_clutter,IPPO,1,0,4,1,OFF,ON,ON,ON,OFF,OFF,OFF,0.1,4,1,0,0,0,0,0,0,1,N/A,34.94,39.88,2.593,17.38,21.4252,0.8112,0.6722,0.4831,N/A,0.3865,N/A,e0b2796ebf931dd4fdf6b934cfc38179614566baee33a14d4e9368b6a9488599
safetyoff__static_clutter__IPPO__seed1__ep01,safety_off_evaluation,static_clutter,IPPO,1,1,4,1,OFF,ON,ON,ON,OFF,OFF,OFF,0.1,4,1,0,0,0,0,0,0,0,N/A,37.3,41.32,1.255,17.33,21.3627,0.8112,0.7645,0.5544,N/A,0.4435,N/A,e0b2796ebf931dd4fdf6b934cfc38179614566baee33a14d4e9368b6a9488599
safetyoff__static_clutter__IPPO__seed1__ep02,safety_off_evaluation,static_clutter,IPPO,1,2,4,1,OFF,ON,ON,ON,OFF,OFF,OFF,0.1,3,0,1,0,0,1,1,0,1,N/A,33.81,38.44,0.863,17.23,N/A (episode terminated early),N/A (early termination),0.6975,0.4607,N/A,0.3686,N/A,e0b2796ebf931dd4fdf6b934cfc38179614566baee33a14d4e9368b6a9488599
safetyoff__static_clutter__IPPO__seed1__ep03,safety_off_evaluation,static_clutter,IPPO,1,3,4,1,OFF,ON,ON,ON,OFF,OFF,OFF,0.1,3,0,1,0,0,1,1,0,0,N/A,35.21,40.25,1.595,18.23,N/A (episode terminated early),N/A (early termination),0.7493,0.6013,N/A,0.481,N/A,e0b2796ebf931dd4fdf6b934cfc38179614566baee33a14d4e9368b6a9488599
safetyoff__static_clutter__IPPO__seed1__ep04,safety_off_evaluation,static_clutter,IPPO,1,4,4,1,OFF,ON,ON,ON,OFF,OFF,OFF,0.1,4,1,0,0,0,0,0,0,1,N/A,39.06,44.56,2.554,18.2,21.4252,0.8495,0.6833,0.4996,N/A,0.3997,N/A,e0b2796ebf931dd4fdf6b934cfc38179614566baee33a14d4e9368b6a9488599
safetyoff__static_clutter__IPPO__seed1__ep05,safety_off_evaluation,static_clutter,IPPO,1,5,4,1,OFF,ON,ON,ON,OFF,OFF,OFF,0.1,2,0,1,1,0,1,0,0,1,N/A,34.65,37.57,2.19,18.41,N/A (episode terminated early),N/A (early termination),0.7027,0.2673,N/A,0.2138,N/A,e0b2796ebf931dd4fdf6b934cfc38179614566baee33a14d4e9368b6a9488599
safetyoff__static_clutter__IPPO__seed1__ep06,safety_off_evaluation,static_clutter,IPPO,1,6,4,1,OFF,ON,ON,ON,OFF,OFF,OFF,0.1,2,0,1,1,0,1,0,0,1,N/A,40.2,45.29,1.007,17.03,N/A (episode terminated early),N/A (early termination),0.6753,0.2608,N/A,0.2086,N/A,e0b2796ebf931dd4fdf6b934cfc38179614566baee33a14d4e9368b6a9488599
safetyoff__static_clutter__IPPO__seed1__ep07,safety_off_evaluation,static_clutter,IPPO,1,7,4,1,OFF,ON,ON,ON,OFF,OFF,OFF,0.1,4,1,0,0,0,0,0,0,0,N/A,40.88,45.05,1.03,17.53,21.3002,0.823,0.7289,0.745,N/A,0.596,N/A,e0b2796ebf931dd4fdf6b934cfc38179614566baee33a14d4e9368b6a9488599
safetyoff__static_clutter__IPPO__seed1__ep08,safety_off_evaluation,static_clutter,IPPO,1,8,4,1,OFF,ON,ON,ON,OFF,OFF,OFF,0.1,4,1,0,0,0,0,0,0,1,N/A,39.7,45.34,1.552,18.42,21.2377,0.8673,0.7574,0.4554,N/A,0.3643,N/A,e0b2796ebf931dd4fdf6b934cfc38179614566baee33a14d4e9368b6a9488599
safetyoff__static_clutter__IPPO__seed1__ep09,safety_off_evaluation,static_clutter,IPPO,1,9,4,1,OFF,ON,ON,ON,OFF,OFF,OFF,0.1,4,1,0,0,0,0,0,0,0,N/A,35.3,39.57,0.908,17.23,21.1127,0.8161,0.7199,0.7351,N/A,0.5881,N/A,e0b2796ebf931dd4fdf6b934cfc38179614566baee33a14d4e9368b6a9488599
safetyoff__static_clutter__IPPO__seed2__ep00,safety_off_evaluation,static_clutter,IPPO,2,0,4,1,OFF,ON,ON,ON,OFF,OFF,OFF,0.1,4,1,0,0,0,0,0,0,1,N/A,39.14,44.66,2.737,17.57,21.1127,0.8322,0.721,0.5251,N/A,0.4201,N/A,7664b87f463a816a175c46705ffe15c4a380bc1ca435ebacac363077740341ee
safetyoff__static_clutter__IPPO__seed2__ep01,safety_off_evaluation,static_clutter,IPPO,2,1,4,1,OFF,ON,ON,ON,OFF,OFF,OFF,0.1,4,1,0,0,0,0,0,0,0,N/A,38.69,42.58,1.362,17.64,21.3627,0.8257,0.7377,0.7299,N/A,0.5839,N/A,7664b87f463a816a175c46705ffe15c4a380bc1ca435ebacac363077740341ee
safetyoff__static_clutter__IPPO__seed2__ep02,safety_off_evaluation,static_clutter,IPPO,2,2,4,1,OFF,ON,ON,ON,OFF,OFF,OFF,0.1,4,1,0,0,0,0,0,0,1,N/A,35.69,39.2,1.858,18.18,21.3627,0.851,0.752,0.4168,N/A,0.3334,N/A,7664b87f463a816a175c46705ffe15c4a380bc1ca435ebacac363077740341ee
safetyoff__static_clutter__IPPO__seed2__ep03,safety_off_evaluation,static_clutter,IPPO,2,3,4,1,OFF,ON,ON,ON,OFF,OFF,OFF,0.1,4,1,0,0,0,0,0,0,1,N/A,36.5,41.61,1.234,17.77,21.5502,0.8246,0.6711,0.3837,N/A,0.307,N/A,7664b87f463a816a175c46705ffe15c4a380bc1ca435ebacac363077740341ee
safetyoff__static_clutter__IPPO__seed2__ep04,safety_off_evaluation,static_clutter,IPPO,2,4,4,1,OFF,ON,ON,ON,OFF,OFF,OFF,0.1,2,0,1,1,0,1,0,0,1,N/A,38.41,41.86,2.589,17.7,N/A (episode terminated early),N/A (early termination),0.7609,0.3185,N/A,0.2548,N/A,7664b87f463a816a175c46705ffe15c4a380bc1ca435ebacac363077740341ee
safetyoff__static_clutter__IPPO__seed2__ep05,safety_off_evaluation,static_clutter,IPPO,2,5,4,1,OFF,ON,ON,ON,OFF,OFF,OFF,0.1,4,1,0,0,0,0,0,0,1,N/A,35.09,39.23,2.962,17.56,21.1752,0.8293,0.7684,0.3919,N/A,0.3135,N/A,7664b87f463a816a175c46705ffe15c4a380bc1ca435ebacac363077740341ee
safetyoff__static_clutter__IPPO__seed2__ep06,safety_off_evaluation,static_clutter,IPPO,2,6,4,1,OFF,ON,ON,ON,OFF,OFF,OFF,0.1,4,1,0,0,0,0,0,0,1,N/A,39.29,43.06,2.353,17.79,21.1127,0.8426,0.7275,0.4899,N/A,0.3919,N/A,7664b87f463a816a175c46705ffe15c4a380bc1ca435ebacac363077740341ee
safetyoff__static_clutter__IPPO__seed2__ep07,safety_off_evaluation,static_clutter,IPPO,2,7,4,1,OFF,ON,ON,ON,OFF,OFF,OFF,0.1,4,1,0,0,0,0,0,0,0,N/A,39.9,45.47,1.547,17.45,21.2377,0.8217,0.6989,0.7465,N/A,0.5972,N/A,7664b87f463a816a175c46705ffe15c4a380bc1ca435ebacac363077740341ee
safetyoff__static_clutter__IPPO__seed2__ep08,safety_off_evaluation,static_clutter,IPPO,2,8,4,1,OFF,ON,ON,ON,OFF,OFF,OFF,0.1,4,1,0,0,0,0,0,0,0,N/A,34.62,39.41,1.127,17.37,21.1127,0.8227,0.7688,0.74,N/A,0.592,N/A,7664b87f463a816a175c46705ffe15c4a380bc1ca435ebacac363077740341ee
safetyoff__static_clutter__IPPO__seed2__ep09,safety_off_evaluation,static_clutter,IPPO,2,9,4,1,OFF,ON,ON,ON,OFF,OFF,OFF,0.1,4,1,0,0,0,0,0,0,1,N/A,40.24,43.87,1.481,18.33,21.1752,0.8656,0.6746,0.5178,N/A,0.4142,N/A,7664b87f463a816a175c46705ffe15c4a380bc1ca435ebacac363077740341ee
safetyoff__static_clutter__IPPO__seed3__ep00,safety_off_evaluation,static_clutter,IPPO,3,0,4,1,OFF,ON,ON,ON,OFF,OFF,OFF,0.1,4,1,0,0,0,0,0,0,1,N/A,37.11,40.82,1.118,18,21.1752,0.8501,0.7072,0.4231,N/A,0.3385,N/A,3d2f89067b4858912f03a60135774c769f58f28ec0a9ba4e550afca8b4b30a97
safetyoff__static_clutter__IPPO__seed3__ep01,safety_off_evaluation,static_clutter,IPPO,3,1,4,1,OFF,ON,ON,ON,OFF,OFF,OFF,0.1,4,1,0,0,0,0,0,0,1,N/A,36.93,41.17,2.906,17.68,21.3002,0.83,0.7071,0.4532,N/A,0.3626,N/A,3d2f89067b4858912f03a60135774c769f58f28ec0a9ba4e550afca8b4b30a97
safetyoff__static_clutter__IPPO__seed3__ep02,safety_off_evaluation,static_clutter,IPPO,3,2,4,1,OFF,ON,ON,ON,OFF,OFF,OFF,0.1,4,1,0,0,0,0,0,0,1,N/A,40.28,43.95,0.881,17.1,21.3627,0.8005,0.7235,0.5011,N/A,0.4009,N/A,3d2f89067b4858912f03a60135774c769f58f28ec0a9ba4e550afca8b4b30a97
safetyoff__static_clutter__IPPO__seed3__ep03,safety_off_evaluation,static_clutter,IPPO,3,3,4,1,OFF,ON,ON,ON,OFF,OFF,OFF,0.1,4,1,0,0,0,0,0,0,1,N/A,37.78,41.4,1.679,17.38,21.3627,0.8136,0.7422,0.5349,N/A,0.4279,N/A,3d2f89067b4858912f03a60135774c769f58f28ec0a9ba4e550afca8b4b30a97
safetyoff__static_clutter__IPPO__seed3__ep04,safety_off_evaluation,static_clutter,IPPO,3,4,4,1,OFF,ON,ON,ON,OFF,OFF,OFF,0.1,3,0,1,0,0,1,0,0,1,N/A,39.08,42.27,2.773,18.1,N/A (episode terminated early),N/A (early termination),0.7134,0.3811,N/A,0.3049,N/A,3d2f89067b4858912f03a60135774c769f58f28ec0a9ba4e550afca8b4b30a97
safetyoff__static_clutter__IPPO__seed3__ep05,safety_off_evaluation,static_clutter,IPPO,3,5,4,1,OFF,ON,ON,ON,OFF,OFF,OFF,0.1,4,1,0,0,0,0,0,0,0,N/A,40.74,46,2.993,18.17,21.2377,0.8556,0.7243,0.6359,N/A,0.5087,N/A,3d2f89067b4858912f03a60135774c769f58f28ec0a9ba4e550afca8b4b30a97
safetyoff__static_clutter__IPPO__seed3__ep06,safety_off_evaluation,static_clutter,IPPO,3,6,4,1,OFF,ON,ON,ON,OFF,OFF,OFF,0.1,3,0,1,0,0,1,0,0,1,N/A,34.71,38.16,1.115,18.09,N/A (episode terminated early),N/A (early termination),0.726,0.3822,N/A,0.3058,N/A,3d2f89067b4858912f03a60135774c769f58f28ec0a9ba4e550afca8b4b30a97
safetyoff__static_clutter__IPPO__seed3__ep07,safety_off_evaluation,static_clutter,IPPO,3,7,4,1,OFF,ON,ON,ON,OFF,OFF,OFF,0.1,4,1,0,0,0,0,0,0,0,N/A,39,43.68,2.006,17.01,21.3627,0.7962,0.7623,0.6442,N/A,0.5154,N/A,3d2f89067b4858912f03a60135774c769f58f28ec0a9ba4e550afca8b4b30a97
safetyoff__static_clutter__IPPO__seed3__ep08,safety_off_evaluation,static_clutter,IPPO,3,8,4,1,OFF,ON,ON,ON,OFF,OFF,OFF,0.1,4,1,0,0,0,0,0,0,0,N/A,33.82,37.58,1.258,17.31,21.0502,0.8223,0.7199,0.6204,N/A,0.4963,N/A,3d2f89067b4858912f03a60135774c769f58f28ec0a9ba4e550afca8b4b30a97
safetyoff__static_clutter__IPPO__seed3__ep09,safety_off_evaluation,static_clutter,IPPO,3,9,4,1,OFF,ON,ON,ON,OFF,OFF,OFF,0.1,4,1,0,0,0,0,0,0,1,N/A,36.74,40.74,2.557,17.62,21.1752,0.8321,0.7482,0.5248,N/A,0.4198,N/A,3d2f89067b4858912f03a60135774c769f58f28ec0a9ba4e550afca8b4b30a97
safetyoff__static_clutter__IPPO__seed4__ep00,safety_off_evaluation,static_clutter,IPPO,4,0,4,1,OFF,ON,ON,ON,OFF,OFF,OFF,0.1,2,0,1,1,0,1,0,0,1,N/A,36.74,41.99,1.366,17.63,N/A (episode terminated early),N/A (early termination),0.69,0.3443,N/A,0.2754,N/A,9ce87c00805ddeaf59283931abc8d72ac6818b0e69a066945d97a16097d121f7
safetyoff__static_clutter__IPPO__seed4__ep01,safety_off_evaluation,static_clutter,IPPO,4,1,4,1,OFF,ON,ON,ON,OFF,OFF,OFF,0.1,4,1,0,0,0,0,0,0,0,N/A,38.98,44.3,2.419,18.29,21.2377,0.8612,0.73,0.6019,N/A,0.4815,N/A,9ce87c00805ddeaf59283931abc8d72ac6818b0e69a066945d97a16097d121f7
safetyoff__static_clutter__IPPO__seed4__ep02,safety_off_evaluation,static_clutter,IPPO,4,2,4,1,OFF,ON,ON,ON,OFF,OFF,OFF,0.1,4,1,0,0,0,0,0,0,1,N/A,39.26,44.4,1.802,17.49,21.4252,0.8163,0.6821,0.531,N/A,0.4248,N/A,9ce87c00805ddeaf59283931abc8d72ac6818b0e69a066945d97a16097d121f7
safetyoff__static_clutter__IPPO__seed4__ep03,safety_off_evaluation,static_clutter,IPPO,4,3,4,1,OFF,ON,ON,ON,OFF,OFF,OFF,0.1,4,1,0,0,0,0,0,0,1,N/A,37.32,41.78,2.167,18.43,21.1127,0.8729,0.6982,0.5077,N/A,0.4062,N/A,9ce87c00805ddeaf59283931abc8d72ac6818b0e69a066945d97a16097d121f7
safetyoff__static_clutter__IPPO__seed4__ep04,safety_off_evaluation,static_clutter,IPPO,4,4,4,1,OFF,ON,ON,ON,OFF,OFF,OFF,0.1,2,0,1,1,0,1,0,0,1,N/A,34.33,38.25,1.608,18.39,N/A (episode terminated early),N/A (early termination),0.7236,0.3484,N/A,0.2787,N/A,9ce87c00805ddeaf59283931abc8d72ac6818b0e69a066945d97a16097d121f7
safetyoff__static_clutter__IPPO__seed4__ep05,safety_off_evaluation,static_clutter,IPPO,4,5,4,1,OFF,ON,ON,ON,OFF,OFF,OFF,0.1,4,1,0,0,0,0,0,0,0,N/A,33.18,36.22,0.732,18.37,21.1752,0.8675,0.6757,0.6779,N/A,0.5423,N/A,9ce87c00805ddeaf59283931abc8d72ac6818b0e69a066945d97a16097d121f7
safetyoff__static_clutter__IPPO__seed4__ep06,safety_off_evaluation,static_clutter,IPPO,4,6,4,1,OFF,ON,ON,ON,OFF,OFF,OFF,0.1,4,1,0,0,0,0,0,0,0,N/A,33.55,37.61,0.702,17.55,21.3002,0.8239,0.7246,0.5976,N/A,0.4781,N/A,9ce87c00805ddeaf59283931abc8d72ac6818b0e69a066945d97a16097d121f7
safetyoff__static_clutter__IPPO__seed4__ep07,safety_off_evaluation,static_clutter,IPPO,4,7,4,1,OFF,ON,ON,ON,OFF,OFF,OFF,0.1,4,1,0,0,0,0,0,0,0,N/A,39.89,44.9,2.944,18.3,21.1752,0.8642,0.7087,0.6161,N/A,0.4929,N/A,9ce87c00805ddeaf59283931abc8d72ac6818b0e69a066945d97a16097d121f7
safetyoff__static_clutter__IPPO__seed4__ep08,safety_off_evaluation,static_clutter,IPPO,4,8,4,1,OFF,ON,ON,ON,OFF,OFF,OFF,0.1,2,0,1,1,0,1,0,0,1,N/A,36.96,41.59,2.803,18.13,N/A (episode terminated early),N/A (early termination),0.6913,0.2536,N/A,0.2029,N/A,9ce87c00805ddeaf59283931abc8d72ac6818b0e69a066945d97a16097d121f7
safetyoff__static_clutter__IPPO__seed4__ep09,safety_off_evaluation,static_clutter,IPPO,4,9,4,1,OFF,ON,ON,ON,OFF,OFF,OFF,0.1,4,1,0,0,0,0,0,0,0,N/A,37.27,40.98,2.387,17.68,21.3627,0.8276,0.6778,0.6776,N/A,0.5421,N/A,9ce87c00805ddeaf59283931abc8d72ac6818b0e69a066945d97a16097d121f7
safetyoff__static_clutter__IPPO__seed5__ep00,safety_off_evaluation,static_clutter,IPPO,5,0,4,1,OFF,ON,ON,ON,OFF,OFF,OFF,0.1,4,1,0,0,0,0,0,0,1,N/A,40.85,44.43,1.109,17.49,21.2377,0.8235,0.7595,0.4989,N/A,0.3991,N/A,f7367bcdbb9ed0a72de22fa47cc2b3c98f9f2911920a43a77f7c00d41934df2b
safetyoff__static_clutter__IPPO__seed5__ep01,safety_off_evaluation,static_clutter,IPPO,5,1,4,1,OFF,ON,ON,ON,OFF,OFF,OFF,0.1,3,0,1,0,0,1,0,0,1,N/A,36.54,40.23,2.97,17.79,N/A (episode terminated early),N/A (early termination),0.75,0.3696,N/A,0.2957,N/A,f7367bcdbb9ed0a72de22fa47cc2b3c98f9f2911920a43a77f7c00d41934df2b
safetyoff__static_clutter__IPPO__seed5__ep02,safety_off_evaluation,static_clutter,IPPO,5,2,4,1,OFF,ON,ON,ON,OFF,OFF,OFF,0.1,4,1,0,0,0,0,0,0,1,N/A,38.87,43.46,2.733,17.11,21.1752,0.808,0.7121,0.3857,N/A,0.3086,N/A,f7367bcdbb9ed0a72de22fa47cc2b3c98f9f2911920a43a77f7c00d41934df2b
safetyoff__static_clutter__IPPO__seed5__ep03,safety_off_evaluation,static_clutter,IPPO,5,3,4,1,OFF,ON,ON,ON,OFF,OFF,OFF,0.1,4,1,0,0,0,0,0,0,1,N/A,38.36,41.76,1.143,17.21,21.3002,0.808,0.7042,0.5127,N/A,0.4102,N/A,f7367bcdbb9ed0a72de22fa47cc2b3c98f9f2911920a43a77f7c00d41934df2b
safetyoff__static_clutter__IPPO__seed5__ep04,safety_off_evaluation,static_clutter,IPPO,5,4,4,1,OFF,ON,ON,ON,OFF,OFF,OFF,0.1,4,1,0,0,0,0,0,0,1,N/A,38.76,43.96,2.686,18.48,21.1127,0.8753,0.6781,0.4523,N/A,0.3618,N/A,f7367bcdbb9ed0a72de22fa47cc2b3c98f9f2911920a43a77f7c00d41934df2b
safetyoff__static_clutter__IPPO__seed5__ep05,safety_off_evaluation,static_clutter,IPPO,5,5,4,1,OFF,ON,ON,ON,OFF,OFF,OFF,0.1,4,1,0,0,0,0,0,0,0,N/A,40.63,45.33,1.094,17.39,21.1127,0.8237,0.7338,0.7026,N/A,0.5621,N/A,f7367bcdbb9ed0a72de22fa47cc2b3c98f9f2911920a43a77f7c00d41934df2b
safetyoff__static_clutter__IPPO__seed5__ep06,safety_off_evaluation,static_clutter,IPPO,5,6,4,1,OFF,ON,ON,ON,OFF,OFF,OFF,0.1,3,0,1,0,0,1,0,0,1,N/A,35.6,39,1.988,17.14,N/A (episode terminated early),N/A (early termination),0.7244,0.3746,N/A,0.2997,N/A,f7367bcdbb9ed0a72de22fa47cc2b3c98f9f2911920a43a77f7c00d41934df2b
safetyoff__static_clutter__IPPO__seed5__ep07,safety_off_evaluation,static_clutter,IPPO,5,7,4,1,OFF,ON,ON,ON,OFF,OFF,OFF,0.1,4,1,0,0,0,0,0,0,1,N/A,38,41.84,1.582,17.11,21.1127,0.8104,0.6751,0.5491,N/A,0.4393,N/A,f7367bcdbb9ed0a72de22fa47cc2b3c98f9f2911920a43a77f7c00d41934df2b
safetyoff__static_clutter__IPPO__seed5__ep08,safety_off_evaluation,static_clutter,IPPO,5,8,4,1,OFF,ON,ON,ON,OFF,OFF,OFF,0.1,3,0,1,1,0,0,0,0,1,N/A,35.44,38.3,2.821,18.15,N/A (episode terminated early),N/A (early termination),0.7405,0.2726,N/A,0.2181,N/A,f7367bcdbb9ed0a72de22fa47cc2b3c98f9f2911920a43a77f7c00d41934df2b
safetyoff__static_clutter__IPPO__seed5__ep09,safety_off_evaluation,static_clutter,IPPO,5,9,4,1,OFF,ON,ON,ON,OFF,OFF,OFF,0.1,4,1,0,0,0,0,0,0,0,N/A,36.89,41.33,1.223,18.33,21.1752,0.8656,0.7095,0.7295,N/A,0.5836,N/A,f7367bcdbb9ed0a72de22fa47cc2b3c98f9f2911920a43a77f7c00d41934df2b
safetyoff__static_clutter__IPPO__seed6__ep00,safety_off_evaluation,static_clutter,IPPO,6,0,4,1,OFF,ON,ON,ON,OFF,OFF,OFF,0.1,4,1,0,0,0,0,0,0,0,N/A,36.43,39.37,2.09,17.58,21.1752,0.8302,0.7136,0.7328,N/A,0.5862,N/A,937371beb7fdbbea65cd615566ed05051f7035bf817ee047a2019f4e0939a460
safetyoff__static_clutter__IPPO__seed6__ep01,safety_off_evaluation,static_clutter,IPPO,6,1,4,1,OFF,ON,ON,ON,OFF,OFF,OFF,0.1,4,1,0,0,0,0,0,0,1,N/A,39.87,44.31,2.319,17.65,21.1127,0.836,0.7192,0.5033,N/A,0.4026,N/A,937371beb7fdbbea65cd615566ed05051f7035bf817ee047a2019f4e0939a460
safetyoff__static_clutter__IPPO__seed6__ep02,safety_off_evaluation,static_clutter,IPPO,6,2,4,1,OFF,ON,ON,ON,OFF,OFF,OFF,0.1,4,1,0,0,0,0,0,0,0,N/A,36.89,42.2,1.205,18.06,21.2377,0.8504,0.6932,0.6315,N/A,0.5052,N/A,937371beb7fdbbea65cd615566ed05051f7035bf817ee047a2019f4e0939a460
safetyoff__static_clutter__IPPO__seed6__ep03,safety_off_evaluation,static_clutter,IPPO,6,3,4,1,OFF,ON,ON,ON,OFF,OFF,OFF,0.1,4,1,0,0,0,0,0,0,0,N/A,40.13,43.67,2.312,18.44,21.3002,0.8657,0.7142,0.572,N/A,0.4576,N/A,937371beb7fdbbea65cd615566ed05051f7035bf817ee047a2019f4e0939a460
safetyoff__static_clutter__IPPO__seed6__ep04,safety_off_evaluation,static_clutter,IPPO,6,4,4,1,OFF,ON,ON,ON,OFF,OFF,OFF,0.1,4,1,0,0,0,0,0,0,0,N/A,33.27,36.3,2.461,17.42,21.1127,0.8251,0.7131,0.6224,N/A,0.4979,N/A,937371beb7fdbbea65cd615566ed05051f7035bf817ee047a2019f4e0939a460
safetyoff__static_clutter__IPPO__seed6__ep05,safety_off_evaluation,static_clutter,IPPO,6,5,4,1,OFF,ON,ON,ON,OFF,OFF,OFF,0.1,3,0,1,0,0,1,0,0,0,N/A,38.68,42.3,2.166,17.48,N/A (episode terminated early),N/A (early termination),0.7414,0.712,N/A,0.5696,N/A,937371beb7fdbbea65cd615566ed05051f7035bf817ee047a2019f4e0939a460
safetyoff__static_clutter__IPPO__seed6__ep06,safety_off_evaluation,static_clutter,IPPO,6,6,4,1,OFF,ON,ON,ON,OFF,OFF,OFF,0.1,4,1,0,0,0,0,0,0,1,N/A,37.13,41.56,2.916,17.67,21.1752,0.8345,0.6976,0.3756,N/A,0.3005,N/A,937371beb7fdbbea65cd615566ed05051f7035bf817ee047a2019f4e0939a460
safetyoff__static_clutter__IPPO__seed6__ep07,safety_off_evaluation,static_clutter,IPPO,6,7,4,1,OFF,ON,ON,ON,OFF,OFF,OFF,0.1,4,1,0,0,0,0,0,0,1,N/A,34.7,38.16,1.793,17.6,21.3002,0.8263,0.6749,0.4072,N/A,0.3258,N/A,937371beb7fdbbea65cd615566ed05051f7035bf817ee047a2019f4e0939a460
safetyoff__static_clutter__IPPO__seed6__ep08,safety_off_evaluation,static_clutter,IPPO,6,8,4,1,OFF,ON,ON,ON,OFF,OFF,OFF,0.1,4,1,0,0,0,0,0,0,0,N/A,40.53,45.93,0.955,18.35,21.3002,0.8615,0.7197,0.7109,N/A,0.5687,N/A,937371beb7fdbbea65cd615566ed05051f7035bf817ee047a2019f4e0939a460
safetyoff__static_clutter__IPPO__seed6__ep09,safety_off_evaluation,static_clutter,IPPO,6,9,4,1,OFF,ON,ON,ON,OFF,OFF,OFF,0.1,4,1,0,0,0,0,0,0,1,N/A,38.01,42.85,2.36,17.16,21.1127,0.8128,0.7203,0.4778,N/A,0.3822,N/A,937371beb7fdbbea65cd615566ed05051f7035bf817ee047a2019f4e0939a460
safetyoff__static_clutter__IPPO__seed7__ep00,safety_off_evaluation,static_clutter,IPPO,7,0,4,1,OFF,ON,ON,ON,OFF,OFF,OFF,0.1,3,0,1,1,0,0,0,0,1,N/A,33.31,36.46,0.757,17.11,N/A (episode terminated early),N/A (early termination),0.7178,0.2743,N/A,0.2194,N/A,a0a845140d55074030db87dd4690353541ab9398bd75fde564a7939169508d10
safetyoff__static_clutter__IPPO__seed7__ep01,safety_off_evaluation,static_clutter,IPPO,7,1,4,1,OFF,ON,ON,ON,OFF,OFF,OFF,0.1,2,0,1,1,0,1,0,0,1,N/A,35.3,38.69,1.264,17.33,N/A (episode terminated early),N/A (early termination),0.6907,0.2764,N/A,0.2211,N/A,a0a845140d55074030db87dd4690353541ab9398bd75fde564a7939169508d10
safetyoff__static_clutter__IPPO__seed7__ep02,safety_off_evaluation,static_clutter,IPPO,7,2,4,1,OFF,ON,ON,ON,OFF,OFF,OFF,0.1,4,1,0,0,0,0,0,0,0,N/A,37.63,42.9,2.817,17.73,21.1752,0.8373,0.6716,0.677,N/A,0.5416,N/A,a0a845140d55074030db87dd4690353541ab9398bd75fde564a7939169508d10
safetyoff__static_clutter__IPPO__seed7__ep03,safety_off_evaluation,static_clutter,IPPO,7,3,4,1,OFF,ON,ON,ON,OFF,OFF,OFF,0.1,2,0,1,1,0,1,0,0,1,N/A,33.76,38.35,2.734,18.41,N/A (episode terminated early),N/A (early termination),0.7321,0.3037,N/A,0.243,N/A,a0a845140d55074030db87dd4690353541ab9398bd75fde564a7939169508d10
safetyoff__static_clutter__IPPO__seed7__ep04,safety_off_evaluation,static_clutter,IPPO,7,4,4,1,OFF,ON,ON,ON,OFF,OFF,OFF,0.1,4,1,0,0,0,0,0,0,0,N/A,34.31,38.63,0.842,18.32,21.3627,0.8576,0.6739,0.7086,N/A,0.5669,N/A,a0a845140d55074030db87dd4690353541ab9398bd75fde564a7939169508d10
safetyoff__static_clutter__IPPO__seed7__ep05,safety_off_evaluation,static_clutter,IPPO,7,5,4,1,OFF,ON,ON,ON,OFF,OFF,OFF,0.1,3,0,1,1,0,0,0,0,1,N/A,40.37,45.82,2.14,18.45,N/A (episode terminated early),N/A (early termination),0.7381,0.2901,N/A,0.2321,N/A,a0a845140d55074030db87dd4690353541ab9398bd75fde564a7939169508d10
safetyoff__static_clutter__IPPO__seed7__ep06,safety_off_evaluation,static_clutter,IPPO,7,6,4,1,OFF,ON,ON,ON,OFF,OFF,OFF,0.1,4,1,0,0,0,0,0,0,0,N/A,34.13,38.24,1.777,18.31,21.3002,0.8596,0.7485,0.7189,N/A,0.5751,N/A,a0a845140d55074030db87dd4690353541ab9398bd75fde564a7939169508d10
safetyoff__static_clutter__IPPO__seed7__ep07,safety_off_evaluation,static_clutter,IPPO,7,7,4,1,OFF,ON,ON,ON,OFF,OFF,OFF,0.1,2,0,1,1,0,1,0,0,1,N/A,36.74,40.29,0.818,17.48,N/A (episode terminated early),N/A (early termination),0.6869,0.3461,N/A,0.2769,N/A,a0a845140d55074030db87dd4690353541ab9398bd75fde564a7939169508d10
safetyoff__static_clutter__IPPO__seed7__ep08,safety_off_evaluation,static_clutter,IPPO,7,8,4,1,OFF,ON,ON,ON,OFF,OFF,OFF,0.1,4,1,0,0,0,0,0,0,1,N/A,34.13,37.09,2.715,18.47,21.0502,0.8774,0.7478,0.4369,N/A,0.3495,N/A,a0a845140d55074030db87dd4690353541ab9398bd75fde564a7939169508d10
safetyoff__static_clutter__IPPO__seed7__ep09,safety_off_evaluation,static_clutter,IPPO,7,9,4,1,OFF,ON,ON,ON,OFF,OFF,OFF,0.1,3,0,1,1,0,0,0,0,1,N/A,33.46,37.49,1.469,17.85,N/A (episode terminated early),N/A (early termination),0.7365,0.2658,N/A,0.2126,N/A,a0a845140d55074030db87dd4690353541ab9398bd75fde564a7939169508d10
safetyoff__dynamic_pedestrians__IPPO__seed0__ep00,safety_off_evaluation,dynamic_pedestrians,IPPO,0,0,4,1,OFF,ON,ON,ON,OFF,OFF,OFF,0.1,4,1,0,0,0,0,0,0,1,1,37.71,43.33,1.983,17.54,12.8192,1.3683,0.7377,0.5406,0.5984,0.4325,0.4787,b312ef205850c6002595548e5966a018cd5b1afcaea3151a64e15dbd1128b2ff
safetyoff__dynamic_pedestrians__IPPO__seed0__ep01,safety_off_evaluation,dynamic_pedestrians,IPPO,0,1,4,1,OFF,ON,ON,ON,OFF,OFF,OFF,0.1,3,0,1,0,1,0,0,0,1,1,37.85,43.15,2.411,18.02,N/A (episode terminated early),N/A (early termination),0.7591,0.4233,0.3962,0.3386,0.317,b312ef205850c6002595548e5966a018cd5b1afcaea3151a64e15dbd1128b2ff
safetyoff__dynamic_pedestrians__IPPO__seed0__ep02,safety_off_evaluation,dynamic_pedestrians,IPPO,0,2,4,1,OFF,ON,ON,ON,OFF,OFF,OFF,0.1,4,1,0,0,0,0,0,0,0,0,32.68,35.62,1.105,17.93,12.8112,1.3996,0.6906,0.6967,0.7035,0.5574,0.5628,b312ef205850c6002595548e5966a018cd5b1afcaea3151a64e15dbd1128b2ff
safetyoff__dynamic_pedestrians__IPPO__seed0__ep03,safety_off_evaluation,dynamic_pedestrians,IPPO,0,3,4,1,OFF,ON,ON,ON,OFF,OFF,OFF,0.1,3,0,1,0,0,1,1,0,0,1,36.19,41.09,2.202,17.03,N/A (episode terminated early),N/A (early termination),0.7404,0.6452,0.6536,0.5162,0.5229,b312ef205850c6002595548e5966a018cd5b1afcaea3151a64e15dbd1128b2ff
safetyoff__dynamic_pedestrians__IPPO__seed0__ep04,safety_off_evaluation,dynamic_pedestrians,IPPO,0,4,4,1,OFF,ON,ON,ON,OFF,OFF,OFF,0.1,4,1,0,0,0,0,0,0,1,0,31.87,35.65,2.851,17.43,12.825,1.3591,0.7257,0.4906,0.8098,0.3925,0.6478,b312ef205850c6002595548e5966a018cd5b1afcaea3151a64e15dbd1128b2ff
safetyoff__dynamic_pedestrians__IPPO__seed0__ep05,safety_off_evaluation,dynamic_pedestrians,IPPO,0,5,4,1,OFF,ON,ON,ON,OFF,OFF,OFF,0.1,4,1,0,0,0,0,0,0,0,0,33.94,38.01,1.108,17.52,12.8106,1.3676,0.7547,0.7433,0.7134,0.5946,0.5707,b312ef205850c6002595548e5966a018cd5b1afcaea3151a64e15dbd1128b2ff
safetyoff__dynamic_pedestrians__IPPO__seed0__ep06,safety_off_evaluation,dynamic_pedestrians,IPPO,0,6,4,1,OFF,ON,ON,ON,OFF,OFF,OFF,0.1,2,0,1,0,1,1,0,0,1,1,33.91,37.73,2.619,18.33,N/A (episode terminated early),N/A (early termination),0.7445,0.3639,0.3531,0.2911,0.2825,b312ef205850c6002595548e5966a018cd5b1afcaea3151a64e15dbd1128b2ff
safetyoff__dynamic_pedestrians__IPPO__seed0__ep07,safety_off_evaluation,dynamic_pedestrians,IPPO,0,7,4,1,OFF,ON,ON,ON,OFF,OFF,OFF,0.1,4,1,0,0,0,0,0,0,0,0,30.57,34.76,2.603,18.34,12.804,1.4324,0.6867,0.64,0.8315,0.512,0.6652,b312ef205850c6002595548e5966a018cd5b1afcaea3151a64e15dbd1128b2ff
safetyoff__dynamic_pedestrians__IPPO__seed0__ep08,safety_off_evaluation,dynamic_pedestrians,IPPO,0,8,4,1,OFF,ON,ON,ON,OFF,OFF,OFF,0.1,2,0,1,1,1,0,0,0,1,1,30.07,34.4,1.005,18.05,N/A (episode terminated early),N/A (early termination),0.6759,0.3023,0.3693,0.2418,0.2954,b312ef205850c6002595548e5966a018cd5b1afcaea3151a64e15dbd1128b2ff
safetyoff__dynamic_pedestrians__IPPO__seed0__ep09,safety_off_evaluation,dynamic_pedestrians,IPPO,0,9,4,1,OFF,ON,ON,ON,OFF,OFF,OFF,0.1,2,0,1,1,1,0,0,0,1,1,36.27,41.28,1.285,18.07,N/A (episode terminated early),N/A (early termination),0.7305,0.338,0.3779,0.2704,0.3023,b312ef205850c6002595548e5966a018cd5b1afcaea3151a64e15dbd1128b2ff
safetyoff__dynamic_pedestrians__IPPO__seed1__ep00,safety_off_evaluation,dynamic_pedestrians,IPPO,1,0,4,1,OFF,ON,ON,ON,OFF,OFF,OFF,0.1,4,1,0,0,0,0,0,0,1,1,37.35,40.92,2.595,18.11,12.8146,1.4132,0.7096,0.4561,0.5686,0.3649,0.4549,d9c02963765f119dd2d4a15519351a61bf2b18ceb69e21d244527e42ece7f41e
safetyoff__dynamic_pedestrians__IPPO__seed1__ep01,safety_off_evaluation,dynamic_pedestrians,IPPO,1,1,4,1,OFF,ON,ON,ON,OFF,OFF,OFF,0.1,4,1,0,0,0,0,0,0,1,0,35.46,38.39,1.265,18.14,12.8038,1.4168,0.6735,0.5152,0.7707,0.4122,0.6166,d9c02963765f119dd2d4a15519351a61bf2b18ceb69e21d244527e42ece7f41e
safetyoff__dynamic_pedestrians__IPPO__seed1__ep02,safety_off_evaluation,dynamic_pedestrians,IPPO,1,2,4,1,OFF,ON,ON,ON,OFF,OFF,OFF,0.1,4,1,0,0,0,0,0,0,0,1,32.38,36.73,0.889,17.51,12.802,1.3678,0.7157,0.5503,0.5926,0.4402,0.4741,d9c02963765f119dd2d4a15519351a61bf2b18ceb69e21d244527e42ece7f41e
safetyoff__dynamic_pedestrians__IPPO__seed1__ep03,safety_off_evaluation,dynamic_pedestrians,IPPO,1,3,4,1,OFF,ON,ON,ON,OFF,OFF,OFF,0.1,4,1,0,0,0,0,0,0,0,1,33.85,37,2.512,17.38,12.8151,1.3562,0.6891,0.5507,0.5931,0.4406,0.4745,d9c02963765f119dd2d4a15519351a61bf2b18ceb69e21d244527e42ece7f41e
safetyoff__dynamic_pedestrians__IPPO__seed1__ep04,safety_off_evaluation,dynamic_pedestrians,IPPO,1,4,4,1,OFF,ON,ON,ON,OFF,OFF,OFF,0.1,1,0,1,1,1,1,0,0,1,1,37.04,40.82,1.532,17.45,N/A (episode terminated early),N/A (early termination),0.756,0.3131,0.5071,0.2505,0.4057,d9c02963765f119dd2d4a15519351a61bf2b18ceb69e21d244527e42ece7f41e
safetyoff__dynamic_pedestrians__IPPO__seed1__ep05,safety_off_evaluation,dynamic_pedestrians,IPPO,1,5,4,1,OFF,ON,ON,ON,OFF,OFF,OFF,0.1,4,1,0,0,0,0,0,0,1,0,33.59,37.59,0.914,17.9,12.817,1.3966,0.6875,0.4835,0.8002,0.3868,0.6402,d9c02963765f119dd2d4a15519351a61bf2b18ceb69e21d244527e42ece7f41e
safetyoff__dynamic_pedestrians__IPPO__seed1__ep06,safety_off_evaluation,dynamic_pedestrians,IPPO,1,6,4,1,OFF,ON,ON,ON,OFF,OFF,OFF,0.1,2,0,1,0,1,1,0,0,1,1,37.69,42.64,1.239,17.98,N/A (episode terminated early),N/A (early termination),0.73,0.3639,0.3646,0.2911,0.2917,d9c02963765f119dd2d4a15519351a61bf2b18ceb69e21d244527e42ece7f41e
safetyoff__dynamic_pedestrians__IPPO__seed1__ep07,safety_off_evaluation,dynamic_pedestrians,IPPO,1,7,4,1,OFF,ON,ON,ON,OFF,OFF,OFF,0.1,3,0,1,1,0,0,0,0,1,1,34.24,38.1,1.267,18.43,N/A (episode terminated early),N/A (early termination),0.6934,0.3341,0.5361,0.2673,0.4289,d9c02963765f119dd2d4a15519351a61bf2b18ceb69e21d244527e42ece7f41e
safetyoff__dynamic_pedestrians__IPPO__seed1__ep08,safety_off_evaluation,dynamic_pedestrians,IPPO,1,8,4,1,OFF,ON,ON,ON,OFF,OFF,OFF,0.1,4,1,0,0,0,0,0,0,0,0,32.22,36.21,1.027,17.41,12.8116,1.3589,0.7633,0.5702,0.7586,0.4562,0.6069,d9c02963765f119dd2d4a15519351a61bf2b18ceb69e21d244527e42ece7f41e
safetyoff__dynamic_pedestrians__IPPO__seed1__ep09,safety_off_evaluation,dynamic_pedestrians,IPPO,1,9,4,1,OFF,ON,ON,ON,OFF,OFF,OFF,0.1,4,1,0,0,0,0,0,0,0,0,31.06,35.05,0.848,17.69,12.8057,1.3814,0.7284,0.7046,0.7389,0.5637,0.5911,d9c02963765f119dd2d4a15519351a61bf2b18ceb69e21d244527e42ece7f41e
safetyoff__dynamic_pedestrians__IPPO__seed2__ep00,safety_off_evaluation,dynamic_pedestrians,IPPO,2,0,4,1,OFF,ON,ON,ON,OFF,OFF,OFF,0.1,1,0,1,1,1,1,0,0,1,1,37.66,42.54,0.709,17.36,N/A (episode terminated early),N/A (early termination),0.7212,0.3006,0.37,0.2405,0.296,079dc55227c823d2038fb781f829a1517493628ffdf9b8844df83ced833e96ed
safetyoff__dynamic_pedestrians__IPPO__seed2__ep01,safety_off_evaluation,dynamic_pedestrians,IPPO,2,1,4,1,OFF,ON,ON,ON,OFF,OFF,OFF,0.1,3,0,1,0,1,0,0,0,1,1,36.48,41.32,2.323,18.05,N/A (episode terminated early),N/A (early termination),0.7471,0.3822,0.4272,0.3058,0.3418,079dc55227c823d2038fb781f829a1517493628ffdf9b8844df83ced833e96ed
safetyoff__dynamic_pedestrians__IPPO__seed2__ep02,safety_off_evaluation,dynamic_pedestrians,IPPO,2,2,4,1,OFF,ON,ON,ON,OFF,OFF,OFF,0.1,3,0,1,1,0,0,0,0,1,1,37.74,42.37,2.235,17.07,N/A (episode terminated early),N/A (early termination),0.7482,0.2817,0.5357,0.2254,0.4286,079dc55227c823d2038fb781f829a1517493628ffdf9b8844df83ced833e96ed
safetyoff__dynamic_pedestrians__IPPO__seed2__ep03,safety_off_evaluation,dynamic_pedestrians,IPPO,2,3,4,1,OFF,ON,ON,ON,OFF,OFF,OFF,0.1,4,1,0,0,0,0,0,0,1,0,33.28,36.3,1.766,17.25,12.8008,1.3476,0.6723,0.4795,0.8494,0.3836,0.6795,079dc55227c823d2038fb781f829a1517493628ffdf9b8844df83ced833e96ed
safetyoff__dynamic_pedestrians__IPPO__seed2__ep04,safety_off_evaluation,dynamic_pedestrians,IPPO,2,4,4,1,OFF,ON,ON,ON,OFF,OFF,OFF,0.1,3,0,1,0,0,1,0,0,1,0,32.22,36.63,1.565,18,N/A (episode terminated early),N/A (early termination),0.6929,0.54,0.8076,0.432,0.6461,079dc55227c823d2038fb781f829a1517493628ffdf9b8844df83ced833e96ed
safetyoff__dynamic_pedestrians__IPPO__seed2__ep05,safety_off_evaluation,dynamic_pedestrians,IPPO,2,5,4,1,OFF,ON,ON,ON,OFF,OFF,OFF,0.1,1,0,1,1,1,1,0,0,1,1,35.58,39.94,2.492,17.56,N/A (episode terminated early),N/A (early termination),0.738,0.255,0.4515,0.204,0.3612,079dc55227c823d2038fb781f829a1517493628ffdf9b8844df83ced833e96ed
safetyoff__dynamic_pedestrians__IPPO__seed2__ep06,safety_off_evaluation,dynamic_pedestrians,IPPO,2,6,4,1,OFF,ON,ON,ON,OFF,OFF,OFF,0.1,2,0,1,1,1,0,0,0,1,1,35.28,38.83,1.683,17.99,N/A (episode terminated early),N/A (early termination),0.7319,0.3334,0.4599,0.2667,0.3679,079dc55227c823d2038fb781f829a1517493628ffdf9b8844df83ced833e96ed
safetyoff__dynamic_pedestrians__IPPO__seed2__ep07,safety_off_evaluation,dynamic_pedestrians,IPPO,2,7,4,1,OFF,ON,ON,ON,OFF,OFF,OFF,0.1,1,0,1,1,1,1,0,0,1,1,37.88,42.71,1.143,17.42,N/A (episode terminated early),N/A (early termination),0.709,0.3183,0.4148,0.2546,0.3318,079dc55227c823d2038fb781f829a1517493628ffdf9b8844df83ced833e96ed
safetyoff__dynamic_pedestrians__IPPO__seed2__ep08,safety_off_evaluation,dynamic_pedestrians,IPPO,2,8,4,1,OFF,ON,ON,ON,OFF,OFF,OFF,0.1,4,1,0,0,0,0,0,0,0,1,33.44,38.15,1.327,17.62,12.7667,1.3802,0.6987,0.7376,0.5846,0.5901,0.4677,079dc55227c823d2038fb781f829a1517493628ffdf9b8844df83ced833e96ed
safetyoff__dynamic_pedestrians__IPPO__seed2__ep09,safety_off_evaluation,dynamic_pedestrians,IPPO,2,9,4,1,OFF,ON,ON,ON,OFF,OFF,OFF,0.1,4,1,0,0,0,0,0,0,1,1,32.98,36.92,1.498,17.03,12.7992,1.3306,0.6868,0.5355,0.6769,0.4284,0.5415,079dc55227c823d2038fb781f829a1517493628ffdf9b8844df83ced833e96ed
safetyoff__dynamic_pedestrians__IPPO__seed3__ep00,safety_off_evaluation,dynamic_pedestrians,IPPO,3,0,4,1,OFF,ON,ON,ON,OFF,OFF,OFF,0.1,3,0,1,0,0,1,1,0,0,0,32.26,35.86,1.481,18.28,N/A (episode terminated early),N/A (early termination),0.6913,0.6942,0.784,0.5554,0.6272,07715cfcac7e888d879b5845f677c634d52aa64d135d8f3146afd9653392fe01
safetyoff__dynamic_pedestrians__IPPO__seed3__ep01,safety_off_evaluation,dynamic_pedestrians,IPPO,3,1,4,1,OFF,ON,ON,ON,OFF,OFF,OFF,0.1,2,0,1,0,1,1,0,0,1,1,37.18,41.3,1.551,17.38,N/A (episode terminated early),N/A (early termination),0.7608,0.38,0.4185,0.304,0.3348,07715cfcac7e888d879b5845f677c634d52aa64d135d8f3146afd9653392fe01
safetyoff__dynamic_pedestrians__IPPO__seed3__ep02,safety_off_evaluation,dynamic_pedestrians,IPPO,3,2,4,1,OFF,ON,ON,ON,OFF,OFF,OFF,0.1,4,1,0,0,0,0,0,0,0,1,32.83,36.48,0.942,17.68,12.7797,1.3834,0.7019,0.5992,0.5878,0.4794,0.4702,07715cfcac7e888d879b5845f677c634d52aa64d135d8f3146afd9653392fe01
safetyoff__dynamic_pedestrians__IPPO__seed3__ep03,safety_off_evaluation,dynamic_pedestrians,IPPO,3,3,4,1,OFF,ON,ON,ON,OFF,OFF,OFF,0.1,2,0,1,0,1,1,0,0,1,1,33,37.25,2.297,18.04,N/A (episode terminated early),N/A (early termination),0.7458,0.4217,0.3982,0.3374,0.3186,07715cfcac7e888d879b5845f677c634d52aa64d135d8f3146afd9653392fe01
safetyoff__dynamic_pedestrians__IPPO__seed3__ep04,safety_off_evaluation,dynamic_pedestrians,IPPO,3,4,4,1,OFF,ON,ON,ON,OFF,OFF,OFF,0.1,4,1,0,0,0,0,0,0,1,0,34.09,38.75,0.704,17.64,12.7917,1.379,0.7465,0.4896,0.7834,0.3917,0.6267,07715cfcac7e888d879b5845f677c634d52aa64d135d8f3146afd9653392fe01
safetyoff__dynamic_pedestrians__IPPO__seed3__ep05,safety_off_evaluation,dynamic_pedestrians,IPPO,3,5,4,1,OFF,ON,ON,ON,OFF,OFF,OFF,0.1,4,1,0,0,0,0,0,0,1,0,36.71,42.03,1.026,17.42,12.8011,1.3608,0.7,0.4701,0.8365,0.3761,0.6692,07715cfcac7e888d879b5845f677c634d52aa64d135d8f3146afd9653392fe01
safetyoff__dynamic_pedestrians__IPPO__seed3__ep06,safety_off_evaluation,dynamic_pedestrians,IPPO,3,6,4,1,OFF,ON,ON,ON,OFF,OFF,OFF,0.1,4,1,0,0,0,0,0,0,0,1,34.04,39.09,1.015,18.31,12.824,1.4278,0.6918,0.7133,0.6493,0.5706,0.5194,07715cfcac7e888d879b5845f677c634d52aa64d135d8f3146afd9653392fe01
safetyoff__dynamic_pedestrians__IPPO__seed3__ep07,safety_off_evaluation,dynamic_pedestrians,IPPO,3,7,4,1,OFF,ON,ON,ON,OFF,OFF,OFF,0.1,4,1,0,0,0,0,0,0,1,1,32.74,36.35,0.727,17.7,12.8012,1.3827,0.7057,0.5092,0.6247,0.4074,0.4998,07715cfcac7e888d879b5845f677c634d52aa64d135d8f3146afd9653392fe01
safetyoff__dynamic_pedestrians__IPPO__seed3__ep08,safety_off_evaluation,dynamic_pedestrians,IPPO,3,8,4,1,OFF,ON,ON,ON,OFF,OFF,OFF,0.1,1,0,1,1,1,1,0,0,1,1,34.57,38.59,1.314,17.34,N/A (episode terminated early),N/A (early termination),0.7685,0.3112,0.4794,0.249,0.3835,07715cfcac7e888d879b5845f677c634d52aa64d135d8f3146afd9653392fe01
safetyoff__dynamic_pedestrians__IPPO__seed3__ep09,safety_off_evaluation,dynamic_pedestrians,IPPO,3,9,4,1,OFF,ON,ON,ON,OFF,OFF,OFF,0.1,4,1,0,0,0,0,0,0,1,0,31.49,35.88,0.794,17.57,12.8076,1.3718,0.6907,0.5255,0.7811,0.4204,0.6249,07715cfcac7e888d879b5845f677c634d52aa64d135d8f3146afd9653392fe01
safetyoff__dynamic_pedestrians__IPPO__seed4__ep00,safety_off_evaluation,dynamic_pedestrians,IPPO,4,0,4,1,OFF,ON,ON,ON,OFF,OFF,OFF,0.1,2,0,1,1,0,1,0,0,1,1,37.17,41.23,1.364,18.02,N/A (episode terminated early),N/A (early termination),0.7133,0.3025,0.5409,0.242,0.4327,649d968c6bc85cf4f2668400cf24732f884cf8691925ae67142d2fe815735db4
safetyoff__dynamic_pedestrians__IPPO__seed4__ep01,safety_off_evaluation,dynamic_pedestrians,IPPO,4,1,4,1,OFF,ON,ON,ON,OFF,OFF,OFF,0.1,4,1,0,0,0,0,0,0,0,0,31.49,34.53,1.984,18.27,12.8002,1.4273,0.6844,0.6335,0.7171,0.5068,0.5737,649d968c6bc85cf4f2668400cf24732f884cf8691925ae67142d2fe815735db4
safetyoff__dynamic_pedestrians__IPPO__seed4__ep02,safety_off_evaluation,dynamic_pedestrians,IPPO,4,2,4,1,OFF,ON,ON,ON,OFF,OFF,OFF,0.1,2,0,1,1,1,0,0,0,1,1,31.87,34.95,0.928,17.57,N/A (episode terminated early),N/A (early termination),0.7041,0.3097,0.4204,0.2478,0.3363,649d968c6bc85cf4f2668400cf24732f884cf8691925ae67142d2fe815735db4
safetyoff__dynamic_pedestrians__IPPO__seed4__ep03,safety_off_evaluation,dynamic_pedestrians,IPPO,4,3,4,1,OFF,ON,ON,ON,OFF,OFF,OFF,0.1,4,1,0,0,0,0,0,0,0,1,30.54,34.35,2.805,18.06,12.828,1.4079,0.6722,0.6872,0.6688,0.5498,0.535,649d968c6bc85cf4f2668400cf24732f884cf8691925ae67142d2fe815735db4
safetyoff__dynamic_pedestrians__IPPO__seed4__ep04,safety_off_evaluation,dynamic_pedestrians,IPPO,4,4,4,1,OFF,ON,ON,ON,OFF,OFF,OFF,0.1,4,1,0,0,0,0,0,0,0,0,37.44,42.75,2.457,17.47,12.81,1.3638,0.7224,0.6834,0.8107,0.5467,0.6486,649d968c6bc85cf4f2668400cf24732f884cf8691925ae67142d2fe815735db4
safetyoff__dynamic_pedestrians__IPPO__seed4__ep05,safety_off_evaluation,dynamic_pedestrians,IPPO,4,5,4,1,OFF,ON,ON,ON,OFF,OFF,OFF,0.1,4,1,0,0,0,0,0,0,0,0,31.55,36.26,1.967,18.19,12.7982,1.4213,0.6718,0.732,0.7613,0.5856,0.609,649d968c6bc85cf4f2668400cf24732f884cf8691925ae67142d2fe815735db4
safetyoff__dynamic_pedestrians__IPPO__seed4__ep06,safety_off_evaluation,dynamic_pedestrians,IPPO,4,6,4,1,OFF,ON,ON,ON,OFF,OFF,OFF,0.1,3,0,1,0,0,1,0,0,1,1,34.96,39.66,0.726,17.98,N/A (episode terminated early),N/A (early termination),0.6884,0.3809,0.5474,0.3047,0.4379,649d968c6bc85cf4f2668400cf24732f884cf8691925ae67142d2fe815735db4
safetyoff__dynamic_pedestrians__IPPO__seed4__ep07,safety_off_evaluation,dynamic_pedestrians,IPPO,4,7,4,1,OFF,ON,ON,ON,OFF,OFF,OFF,0.1,2,0,1,1,1,0,0,0,1,1,32.36,35.22,1.784,17.54,N/A (episode terminated early),N/A (early termination),0.7276,0.3073,0.4467,0.2458,0.3574,649d968c6bc85cf4f2668400cf24732f884cf8691925ae67142d2fe815735db4
safetyoff__dynamic_pedestrians__IPPO__seed4__ep08,safety_off_evaluation,dynamic_pedestrians,IPPO,4,8,4,1,OFF,ON,ON,ON,OFF,OFF,OFF,0.1,1,0,1,1,1,1,0,0,1,1,36.04,41.38,2.463,18.33,N/A (episode terminated early),N/A (early termination),0.7046,0.3126,0.3803,0.2501,0.3042,649d968c6bc85cf4f2668400cf24732f884cf8691925ae67142d2fe815735db4
safetyoff__dynamic_pedestrians__IPPO__seed4__ep09,safety_off_evaluation,dynamic_pedestrians,IPPO,4,9,4,1,OFF,ON,ON,ON,OFF,OFF,OFF,0.1,4,1,0,0,0,0,0,0,0,0,33.87,36.68,0.752,18.44,12.7997,1.4407,0.7684,0.5819,0.789,0.4655,0.6312,649d968c6bc85cf4f2668400cf24732f884cf8691925ae67142d2fe815735db4
safetyoff__dynamic_pedestrians__IPPO__seed5__ep00,safety_off_evaluation,dynamic_pedestrians,IPPO,5,0,4,1,OFF,ON,ON,ON,OFF,OFF,OFF,0.1,4,1,0,0,0,0,0,0,0,1,32.76,35.57,2.973,18.46,12.8252,1.4394,0.7621,0.6418,0.603,0.5134,0.4824,220f2150ebd6d42971c33b968dbbdae82bedb7d505f59246a34cfd6cd75a7756
safetyoff__dynamic_pedestrians__IPPO__seed5__ep01,safety_off_evaluation,dynamic_pedestrians,IPPO,5,1,4,1,OFF,ON,ON,ON,OFF,OFF,OFF,0.1,4,1,0,0,0,0,0,0,1,1,37.05,40.8,1.975,17.98,12.8201,1.4025,0.7161,0.506,0.6502,0.4048,0.5202,220f2150ebd6d42971c33b968dbbdae82bedb7d505f59246a34cfd6cd75a7756
safetyoff__dynamic_pedestrians__IPPO__seed5__ep02,safety_off_evaluation,dynamic_pedestrians,IPPO,5,2,4,1,OFF,ON,ON,ON,OFF,OFF,OFF,0.1,3,0,1,0,0,1,0,0,0,0,37.31,42.33,1.93,17.97,N/A (episode terminated early),N/A (early termination),0.735,0.6262,0.734,0.501,0.5872,220f2150ebd6d42971c33b968dbbdae82bedb7d505f59246a34cfd6cd75a7756
safetyoff__dynamic_pedestrians__IPPO__seed5__ep03,safety_off_evaluation,dynamic_pedestrians,IPPO,5,3,4,1,OFF,ON,ON,ON,OFF,OFF,OFF,0.1,4,1,0,0,0,0,0,0,0,0,31.01,35.57,2.128,17.63,12.8039,1.3769,0.685,0.5808,0.7647,0.4646,0.6118,220f2150ebd6d42971c33b968dbbdae82bedb7d505f59246a34cfd6cd75a7756
safetyoff__dynamic_pedestrians__IPPO__seed5__ep04,safety_off_evaluation,dynamic_pedestrians,IPPO,5,4,4,1,OFF,ON,ON,ON,OFF,OFF,OFF,0.1,4,1,0,0,0,0,0,0,1,0,34.39,38.51,1.162,17.25,12.8089,1.3467,0.6884,0.539,0.7035,0.4312,0.5628,220f2150ebd6d42971c33b968dbbdae82bedb7d505f59246a34cfd6cd75a7756
safetyoff__dynamic_pedestrians__IPPO__seed5__ep05,safety_off_evaluation,dynamic_pedestrians,IPPO,5,5,4,1,OFF,ON,ON,ON,OFF,OFF,OFF,0.1,1,0,1,1,1,1,0,0,1,1,32.77,37.14,2.043,18.35,N/A (episode terminated early),N/A (early termination),0.6926,0.3311,0.3758,0.2649,0.3006,220f2150ebd6d42971c33b968dbbdae82bedb7d505f59246a34cfd6cd75a7756
safetyoff__dynamic_pedestrians__IPPO__seed5__ep06,safety_off_evaluation,dynamic_pedestrians,IPPO,5,6,4,1,OFF,ON,ON,ON,OFF,OFF,OFF,0.1,1,0,1,1,1,1,0,0,1,1,33.05,36.63,0.764,18.24,N/A (episode terminated early),N/A (early termination),0.6949,0.2968,0.4997,0.2374,0.3998,220f2150ebd6d42971c33b968dbbdae82bedb7d505f59246a34cfd6cd75a7756
safetyoff__dynamic_pedestrians__IPPO__seed5__ep07,safety_off_evaluation,dynamic_pedestrians,IPPO,5,7,4,1,OFF,ON,ON,ON,OFF,OFF,OFF,0.1,4,1,0,0,0,0,0,0,1,1,35.54,39.3,2.292,17.98,12.824,1.4021,0.7696,0.4449,0.5335,0.3559,0.4268,220f2150ebd6d42971c33b968dbbdae82bedb7d505f59246a34cfd6cd75a7756
safetyoff__dynamic_pedestrians__IPPO__seed5__ep08,safety_off_evaluation,dynamic_pedestrians,IPPO,5,8,4,1,OFF,ON,ON,ON,OFF,OFF,OFF,0.1,4,1,0,0,0,0,0,0,0,0,37.65,41.24,2.515,17.68,12.812,1.38,0.6707,0.7381,0.7074,0.5905,0.5659,220f2150ebd6d42971c33b968dbbdae82bedb7d505f59246a34cfd6cd75a7756
safetyoff__dynamic_pedestrians__IPPO__seed5__ep09,safety_off_evaluation,dynamic_pedestrians,IPPO,5,9,4,1,OFF,ON,ON,ON,OFF,OFF,OFF,0.1,2,0,1,1,1,0,0,0,1,1,32.72,36.87,2.263,18.12,N/A (episode terminated early),N/A (early termination),0.6755,0.3406,0.4421,0.2725,0.3537,220f2150ebd6d42971c33b968dbbdae82bedb7d505f59246a34cfd6cd75a7756
safetyoff__dynamic_pedestrians__IPPO__seed6__ep00,safety_off_evaluation,dynamic_pedestrians,IPPO,6,0,4,1,OFF,ON,ON,ON,OFF,OFF,OFF,0.1,1,0,1,1,1,1,0,0,1,1,34.18,38.83,1.691,17.08,N/A (episode terminated early),N/A (early termination),0.6883,0.3423,0.4426,0.2738,0.3541,65af418f1e27017063ed5793bfdd7f777e76f37b9dd9a330382a7045a4598fe6
safetyoff__dynamic_pedestrians__IPPO__seed6__ep01,safety_off_evaluation,dynamic_pedestrians,IPPO,6,1,4,1,OFF,ON,ON,ON,OFF,OFF,OFF,0.1,1,0,1,1,1,1,0,0,1,1,32.19,35.82,2.459,17.35,N/A (episode terminated early),N/A (early termination),0.7278,0.3177,0.5259,0.2542,0.4207,65af418f1e27017063ed5793bfdd7f777e76f37b9dd9a330382a7045a4598fe6
safetyoff__dynamic_pedestrians__IPPO__seed6__ep02,safety_off_evaluation,dynamic_pedestrians,IPPO,6,2,4,1,OFF,ON,ON,ON,OFF,OFF,OFF,0.1,2,0,1,1,1,0,0,0,1,1,30.49,35.05,2.469,17.04,N/A (episode terminated early),N/A (early termination),0.7418,0.3372,0.4932,0.2698,0.3946,65af418f1e27017063ed5793bfdd7f777e76f37b9dd9a330382a7045a4598fe6
safetyoff__dynamic_pedestrians__IPPO__seed6__ep03,safety_off_evaluation,dynamic_pedestrians,IPPO,6,3,4,1,OFF,ON,ON,ON,OFF,OFF,OFF,0.1,4,1,0,0,0,0,0,0,0,0,35.43,39.84,2.023,18.02,12.8184,1.4058,0.7502,0.6235,0.7452,0.4988,0.5962,65af418f1e27017063ed5793bfdd7f777e76f37b9dd9a330382a7045a4598fe6
safetyoff__dynamic_pedestrians__IPPO__seed6__ep04,safety_off_evaluation,dynamic_pedestrians,IPPO,6,4,4,1,OFF,ON,ON,ON,OFF,OFF,OFF,0.1,4,1,0,0,0,0,0,0,0,1,30.39,34,1.348,17.73,12.8023,1.3849,0.7638,0.7321,0.5641,0.5857,0.4513,65af418f1e27017063ed5793bfdd7f777e76f37b9dd9a330382a7045a4598fe6
safetyoff__dynamic_pedestrians__IPPO__seed6__ep05,safety_off_evaluation,dynamic_pedestrians,IPPO,6,5,4,1,OFF,ON,ON,ON,OFF,OFF,OFF,0.1,2,0,1,1,1,0,0,0,1,1,36.98,40.12,1.001,17.93,N/A (episode terminated early),N/A (early termination),0.6728,0.3586,0.4675,0.2869,0.374,65af418f1e27017063ed5793bfdd7f777e76f37b9dd9a330382a7045a4598fe6
safetyoff__dynamic_pedestrians__IPPO__seed6__ep06,safety_off_evaluation,dynamic_pedestrians,IPPO,6,6,4,1,OFF,ON,ON,ON,OFF,OFF,OFF,0.1,3,0,1,0,1,0,0,0,1,1,30.29,34.24,2.327,17.51,N/A (episode terminated early),N/A (early termination),0.7515,0.3925,0.395,0.314,0.316,65af418f1e27017063ed5793bfdd7f777e76f37b9dd9a330382a7045a4598fe6
safetyoff__dynamic_pedestrians__IPPO__seed6__ep07,safety_off_evaluation,dynamic_pedestrians,IPPO,6,7,4,1,OFF,ON,ON,ON,OFF,OFF,OFF,0.1,4,1,0,0,0,0,0,0,0,0,32.17,35.82,2.353,17.8,12.8029,1.3903,0.6873,0.6324,0.8164,0.5059,0.6531,65af418f1e27017063ed5793bfdd7f777e76f37b9dd9a330382a7045a4598fe6
safetyoff__dynamic_pedestrians__IPPO__seed6__ep08,safety_off_evaluation,dynamic_pedestrians,IPPO,6,8,4,1,OFF,ON,ON,ON,OFF,OFF,OFF,0.1,1,0,1,1,1,1,0,0,1,1,30.7,33.99,1.497,17.16,N/A (episode terminated early),N/A (early termination),0.7068,0.2776,0.4329,0.2221,0.3463,65af418f1e27017063ed5793bfdd7f777e76f37b9dd9a330382a7045a4598fe6
safetyoff__dynamic_pedestrians__IPPO__seed6__ep09,safety_off_evaluation,dynamic_pedestrians,IPPO,6,9,4,1,OFF,ON,ON,ON,OFF,OFF,OFF,0.1,4,1,0,0,0,0,0,0,0,0,33.28,36.88,1.403,17.74,12.8006,1.3859,0.757,0.617,0.7326,0.4936,0.5861,65af418f1e27017063ed5793bfdd7f777e76f37b9dd9a330382a7045a4598fe6
safetyoff__dynamic_pedestrians__IPPO__seed7__ep00,safety_off_evaluation,dynamic_pedestrians,IPPO,7,0,4,1,OFF,ON,ON,ON,OFF,OFF,OFF,0.1,3,0,1,0,0,1,0,0,0,0,33.78,37.8,0.718,17.93,N/A (episode terminated early),N/A (early termination),0.7462,0.6229,0.7277,0.4983,0.5822,a8fba2f91b95c40e8dfb0408da18e13ab01a442adb4c7fc6e64b89deaeb90ede
safetyoff__dynamic_pedestrians__IPPO__seed7__ep01,safety_off_evaluation,dynamic_pedestrians,IPPO,7,1,4,1,OFF,ON,ON,ON,OFF,OFF,OFF,0.1,3,0,1,1,0,0,0,0,1,1,34.33,38.31,2.094,18.06,N/A (episode terminated early),N/A (early termination),0.7221,0.2602,0.5411,0.2082,0.4329,a8fba2f91b95c40e8dfb0408da18e13ab01a442adb4c7fc6e64b89deaeb90ede
safetyoff__dynamic_pedestrians__IPPO__seed7__ep02,safety_off_evaluation,dynamic_pedestrians,IPPO,7,2,4,1,OFF,ON,ON,ON,OFF,OFF,OFF,0.1,4,1,0,0,0,0,0,0,0,0,33.59,36.95,2.432,17.56,12.7926,1.3727,0.7293,0.7166,0.7809,0.5733,0.6247,a8fba2f91b95c40e8dfb0408da18e13ab01a442adb4c7fc6e64b89deaeb90ede
safetyoff__dynamic_pedestrians__IPPO__seed7__ep03,safety_off_evaluation,dynamic_pedestrians,IPPO,7,3,4,1,OFF,ON,ON,ON,OFF,OFF,OFF,0.1,4,1,0,0,0,0,0,0,0,1,36.53,41.67,1.276,17.98,12.7877,1.406,0.6925,0.6827,0.6995,0.5462,0.5596,a8fba2f91b95c40e8dfb0408da18e13ab01a442adb4c7fc6e64b89deaeb90ede
safetyoff__dynamic_pedestrians__IPPO__seed7__ep04,safety_off_evaluation,dynamic_pedestrians,IPPO,7,4,4,1,OFF,ON,ON,ON,OFF,OFF,OFF,0.1,4,1,0,0,0,0,0,0,0,1,34.17,37.07,2.244,17.58,12.7963,1.3738,0.6948,0.5976,0.6642,0.4781,0.5314,a8fba2f91b95c40e8dfb0408da18e13ab01a442adb4c7fc6e64b89deaeb90ede
safetyoff__dynamic_pedestrians__IPPO__seed7__ep05,safety_off_evaluation,dynamic_pedestrians,IPPO,7,5,4,1,OFF,ON,ON,ON,OFF,OFF,OFF,0.1,4,1,0,0,0,0,0,0,0,1,33.04,37.98,1.095,17.84,12.8235,1.3912,0.6798,0.55,0.6192,0.44,0.4954,a8fba2f91b95c40e8dfb0408da18e13ab01a442adb4c7fc6e64b89deaeb90ede
safetyoff__dynamic_pedestrians__IPPO__seed7__ep06,safety_off_evaluation,dynamic_pedestrians,IPPO,7,6,4,1,OFF,ON,ON,ON,OFF,OFF,OFF,0.1,2,0,1,0,1,1,0,0,1,1,34.33,37.56,2.314,18.42,N/A (episode terminated early),N/A (early termination),0.7255,0.4166,0.4118,0.3333,0.3294,a8fba2f91b95c40e8dfb0408da18e13ab01a442adb4c7fc6e64b89deaeb90ede
safetyoff__dynamic_pedestrians__IPPO__seed7__ep07,safety_off_evaluation,dynamic_pedestrians,IPPO,7,7,4,1,OFF,ON,ON,ON,OFF,OFF,OFF,0.1,4,1,0,0,0,0,0,0,0,1,37.35,42.89,1.661,18.08,12.7875,1.4139,0.678,0.5891,0.6132,0.4713,0.4906,a8fba2f91b95c40e8dfb0408da18e13ab01a442adb4c7fc6e64b89deaeb90ede
safetyoff__dynamic_pedestrians__IPPO__seed7__ep08,safety_off_evaluation,dynamic_pedestrians,IPPO,7,8,4,1,OFF,ON,ON,ON,OFF,OFF,OFF,0.1,1,0,1,1,1,1,0,0,1,1,31.16,33.97,1.894,18.21,N/A (episode terminated early),N/A (early termination),0.7296,0.2836,0.4235,0.2269,0.3388,a8fba2f91b95c40e8dfb0408da18e13ab01a442adb4c7fc6e64b89deaeb90ede
safetyoff__dynamic_pedestrians__IPPO__seed7__ep09,safety_off_evaluation,dynamic_pedestrians,IPPO,7,9,4,1,OFF,ON,ON,ON,OFF,OFF,OFF,0.1,3,0,1,0,1,0,0,0,1,1,34.76,38.21,2.009,18.37,N/A (episode terminated early),N/A (early termination),0.6835,0.3667,0.3989,0.2934,0.3191,a8fba2f91b95c40e8dfb0408da18e13ab01a442adb4c7fc6e64b89deaeb90ede
safetyoff__mixed_complex__IPPO__seed0__ep00,safety_off_evaluation,mixed_complex,IPPO,0,0,4,1,OFF,ON,ON,ON,OFF,OFF,OFF,0.1,2,0,1,0,1,1,0,0,1,1,48.69,55.08,2.609,17.45,N/A (episode terminated early),N/A (early termination),0.6793,0.4492,0.4161,0.3594,0.3329,c816a0a2e474f564c26022ff443412bd615571fb63f1a522a6a48f17f6ef3913
safetyoff__mixed_complex__IPPO__seed0__ep01,safety_off_evaluation,mixed_complex,IPPO,0,1,4,1,OFF,ON,ON,ON,OFF,OFF,OFF,0.1,2,0,1,0,1,1,0,0,1,1,48.21,54.01,0.837,18.32,N/A (episode terminated early),N/A (early termination),0.7074,0.3967,0.4904,0.3174,0.3923,c816a0a2e474f564c26022ff443412bd615571fb63f1a522a6a48f17f6ef3913
safetyoff__mixed_complex__IPPO__seed0__ep02,safety_off_evaluation,mixed_complex,IPPO,0,2,4,1,OFF,ON,ON,ON,OFF,OFF,OFF,0.1,2,0,1,0,1,1,0,0,1,1,52.82,59.71,2.604,18.13,N/A (episode terminated early),N/A (early termination),0.7176,0.4149,0.3617,0.3319,0.2894,c816a0a2e474f564c26022ff443412bd615571fb63f1a522a6a48f17f6ef3913
safetyoff__mixed_complex__IPPO__seed0__ep03,safety_off_evaluation,mixed_complex,IPPO,0,3,4,1,OFF,ON,ON,ON,OFF,OFF,OFF,0.1,4,1,0,0,0,0,0,0,0,0,46.21,53.08,1.146,18.41,23.0527,0.7986,0.6731,0.7195,0.8338,0.5756,0.667,c816a0a2e474f564c26022ff443412bd615571fb63f1a522a6a48f17f6ef3913
safetyoff__mixed_complex__IPPO__seed0__ep04,safety_off_evaluation,mixed_complex,IPPO,0,4,4,1,OFF,ON,ON,ON,OFF,OFF,OFF,0.1,3,0,1,1,0,0,0,0,1,1,45.14,49.69,1.607,17.47,N/A (episode terminated early),N/A (early termination),0.7182,0.3578,0.534,0.2862,0.4272,c816a0a2e474f564c26022ff443412bd615571fb63f1a522a6a48f17f6ef3913
safetyoff__mixed_complex__IPPO__seed0__ep05,safety_off_evaluation,mixed_complex,IPPO,0,5,4,1,OFF,ON,ON,ON,OFF,OFF,OFF,0.1,4,1,0,0,0,0,0,0,0,1,51.91,58.46,2.785,17.75,23.1388,0.7671,0.6942,0.7293,0.6087,0.5834,0.487,c816a0a2e474f564c26022ff443412bd615571fb63f1a522a6a48f17f6ef3913
safetyoff__mixed_complex__IPPO__seed0__ep06,safety_off_evaluation,mixed_complex,IPPO,0,6,4,1,OFF,ON,ON,ON,OFF,OFF,OFF,0.1,4,1,0,0,0,0,0,0,0,1,47.22,51.14,2.379,17.12,22.9948,0.7445,0.6962,0.6745,0.6192,0.5396,0.4954,c816a0a2e474f564c26022ff443412bd615571fb63f1a522a6a48f17f6ef3913
safetyoff__mixed_complex__IPPO__seed0__ep07,safety_off_evaluation,mixed_complex,IPPO,0,7,4,1,OFF,ON,ON,ON,OFF,OFF,OFF,0.1,4,1,0,0,0,0,0,0,1,0,45.54,50.86,1.098,17.89,23.0529,0.776,0.6906,0.4624,0.8411,0.3699,0.6729,c816a0a2e474f564c26022ff443412bd615571fb63f1a522a6a48f17f6ef3913
safetyoff__mixed_complex__IPPO__seed0__ep08,safety_off_evaluation,mixed_complex,IPPO,0,8,4,1,OFF,ON,ON,ON,OFF,OFF,OFF,0.1,4,1,0,0,0,0,0,0,0,1,51.65,56.9,2.96,17.91,22.9902,0.779,0.6976,0.7147,0.68,0.5718,0.544,c816a0a2e474f564c26022ff443412bd615571fb63f1a522a6a48f17f6ef3913
safetyoff__mixed_complex__IPPO__seed0__ep09,safety_off_evaluation,mixed_complex,IPPO,0,9,4,1,OFF,ON,ON,ON,OFF,OFF,OFF,0.1,1,0,1,1,1,1,0,0,1,1,48,54.7,2.592,18.11,N/A (episode terminated early),N/A (early termination),0.7357,0.3359,0.4946,0.2687,0.3957,c816a0a2e474f564c26022ff443412bd615571fb63f1a522a6a48f17f6ef3913
safetyoff__mixed_complex__IPPO__seed1__ep00,safety_off_evaluation,mixed_complex,IPPO,1,0,4,1,OFF,ON,ON,ON,OFF,OFF,OFF,0.1,4,1,0,0,0,0,0,0,0,0,46.98,52.62,1.562,17.66,22.9948,0.768,0.7061,0.734,0.7662,0.5872,0.613,1fbd01db609cb367b8689493c2daa4c3e64028a2d4fbec6dc09bb85029d13841
safetyoff__mixed_complex__IPPO__seed1__ep01,safety_off_evaluation,mixed_complex,IPPO,1,1,4,1,OFF,ON,ON,ON,OFF,OFF,OFF,0.1,1,0,1,1,1,1,0,0,1,1,45.56,51.33,2.39,17.35,N/A (episode terminated early),N/A (early termination),0.6859,0.3054,0.5115,0.2443,0.4092,1fbd01db609cb367b8689493c2daa4c3e64028a2d4fbec6dc09bb85029d13841
safetyoff__mixed_complex__IPPO__seed1__ep02,safety_off_evaluation,mixed_complex,IPPO,1,2,4,1,OFF,ON,ON,ON,OFF,OFF,OFF,0.1,3,0,1,0,1,0,0,0,1,1,45.83,51.13,2.414,18.4,N/A (episode terminated early),N/A (early termination),0.7653,0.4175,0.523,0.334,0.4184,1fbd01db609cb367b8689493c2daa4c3e64028a2d4fbec6dc09bb85029d13841
safetyoff__mixed_complex__IPPO__seed1__ep03,safety_off_evaluation,mixed_complex,IPPO,1,3,4,1,OFF,ON,ON,ON,OFF,OFF,OFF,0.1,4,1,0,0,0,0,0,0,1,0,47.59,54.41,1.828,18.46,23.1154,0.7986,0.7168,0.4852,0.7194,0.3882,0.5755,1fbd01db609cb367b8689493c2daa4c3e64028a2d4fbec6dc09bb85029d13841
safetyoff__mixed_complex__IPPO__seed1__ep04,safety_off_evaluation,mixed_complex,IPPO,1,4,4,1,OFF,ON,ON,ON,OFF,OFF,OFF,0.1,1,0,1,1,1,1,0,0,1,1,48.99,54.68,2.074,17.42,N/A (episode terminated early),N/A (early termination),0.7019,0.294,0.3856,0.2352,0.3085,1fbd01db609cb367b8689493c2daa4c3e64028a2d4fbec6dc09bb85029d13841
safetyoff__mixed_complex__IPPO__seed1__ep05,safety_off_evaluation,mixed_complex,IPPO,1,5,4,1,OFF,ON,ON,ON,OFF,OFF,OFF,0.1,4,1,0,0,0,0,0,0,0,1,52.89,58.12,1.591,17.59,23.1777,0.7589,0.7531,0.6533,0.5688,0.5226,0.455,1fbd01db609cb367b8689493c2daa4c3e64028a2d4fbec6dc09bb85029d13841
safetyoff__mixed_complex__IPPO__seed1__ep06,safety_off_evaluation,mixed_complex,IPPO,1,6,4,1,OFF,ON,ON,ON,OFF,OFF,OFF,0.1,4,1,0,0,0,0,0,0,1,1,51.6,57.78,1.255,17.68,23.1195,0.7647,0.7596,0.538,0.5621,0.4304,0.4497,1fbd01db609cb367b8689493c2daa4c3e64028a2d4fbec6dc09bb85029d13841
safetyoff__mixed_complex__IPPO__seed1__ep07,safety_off_evaluation,mixed_complex,IPPO,1,7,4,1,OFF,ON,ON,ON,OFF,OFF,OFF,0.1,4,1,0,0,0,0,0,0,1,0,45.06,49.88,2.583,17.73,23.0527,0.7691,0.7438,0.4784,0.7937,0.3827,0.635,1fbd01db609cb367b8689493c2daa4c3e64028a2d4fbec6dc09bb85029d13841
safetyoff__mixed_complex__IPPO__seed1__ep08,safety_off_evaluation,mixed_complex,IPPO,1,8,4,1,OFF,ON,ON,ON,OFF,OFF,OFF,0.1,2,0,1,1,1,0,0,0,1,1,45.91,50.07,0.95,17.79,N/A (episode terminated early),N/A (early termination),0.761,0.3309,0.3654,0.2647,0.2923,1fbd01db609cb367b8689493c2daa4c3e64028a2d4fbec6dc09bb85029d13841
safetyoff__mixed_complex__IPPO__seed1__ep09,safety_off_evaluation,mixed_complex,IPPO,1,9,4,1,OFF,ON,ON,ON,OFF,OFF,OFF,0.1,3,0,1,0,0,1,1,0,0,1,51.52,58.87,2.981,18.43,N/A (episode terminated early),N/A (early termination),0.7595,0.7303,0.5793,0.5842,0.4634,1fbd01db609cb367b8689493c2daa4c3e64028a2d4fbec6dc09bb85029d13841
safetyoff__mixed_complex__IPPO__seed2__ep00,safety_off_evaluation,mixed_complex,IPPO,2,0,4,1,OFF,ON,ON,ON,OFF,OFF,OFF,0.1,4,1,0,0,0,0,0,0,0,0,49,55.07,1.231,18.46,22.9323,0.805,0.6771,0.6347,0.8376,0.5078,0.6701,fb66774708e955e5a7f4e731e254741a468abdc67e7b99439b86acb740233df2
safetyoff__mixed_complex__IPPO__seed2__ep01,safety_off_evaluation,mixed_complex,IPPO,2,1,4,1,OFF,ON,ON,ON,OFF,OFF,OFF,0.1,2,0,1,1,1,0,0,0,1,1,50.05,55.96,0.954,17.49,N/A (episode terminated early),N/A (early termination),0.7509,0.3144,0.3627,0.2515,0.2902,fb66774708e955e5a7f4e731e254741a468abdc67e7b99439b86acb740233df2
safetyoff__mixed_complex__IPPO__seed2__ep02,safety_off_evaluation,mixed_complex,IPPO,2,2,4,1,OFF,ON,ON,ON,OFF,OFF,OFF,0.1,4,1,0,0,0,0,0,0,1,0,50.69,56.19,0.706,17.34,22.947,0.7557,0.7081,0.4843,0.7522,0.3874,0.6018,fb66774708e955e5a7f4e731e254741a468abdc67e7b99439b86acb740233df2
safetyoff__mixed_complex__IPPO__seed2__ep03,safety_off_evaluation,mixed_complex,IPPO,2,3,4,1,OFF,ON,ON,ON,OFF,OFF,OFF,0.1,4,1,0,0,0,0,0,0,1,1,47.84,52.36,1.235,18.4,23.1966,0.7932,0.7097,0.4188,0.5447,0.335,0.4358,fb66774708e955e5a7f4e731e254741a468abdc67e7b99439b86acb740233df2
safetyoff__mixed_complex__IPPO__seed2__ep04,safety_off_evaluation,mixed_complex,IPPO,2,4,4,1,OFF,ON,ON,ON,OFF,OFF,OFF,0.1,2,0,1,0,1,1,0,0,1,1,51.48,57.31,1.543,17.33,N/A (episode terminated early),N/A (early termination),0.68,0.4095,0.391,0.3276,0.3128,fb66774708e955e5a7f4e731e254741a468abdc67e7b99439b86acb740233df2
safetyoff__mixed_complex__IPPO__seed2__ep05,safety_off_evaluation,mixed_complex,IPPO,2,5,4,1,OFF,ON,ON,ON,OFF,OFF,OFF,0.1,4,1,0,0,0,0,0,0,1,1,49.21,53.98,1.129,17.89,23.1342,0.7733,0.6928,0.5255,0.6672,0.4204,0.5338,fb66774708e955e5a7f4e731e254741a468abdc67e7b99439b86acb740233df2
safetyoff__mixed_complex__IPPO__seed2__ep06,safety_off_evaluation,mixed_complex,IPPO,2,6,4,1,OFF,ON,ON,ON,OFF,OFF,OFF,0.1,3,0,1,0,1,0,0,0,1,1,48.76,54.6,0.933,17.74,N/A (episode terminated early),N/A (early termination),0.7592,0.4145,0.4689,0.3316,0.3751,fb66774708e955e5a7f4e731e254741a468abdc67e7b99439b86acb740233df2
safetyoff__mixed_complex__IPPO__seed2__ep07,safety_off_evaluation,mixed_complex,IPPO,2,7,4,1,OFF,ON,ON,ON,OFF,OFF,OFF,0.1,3,0,1,1,0,0,0,0,1,1,47.21,52.08,1.287,18.19,N/A (episode terminated early),N/A (early termination),0.732,0.255,0.5356,0.204,0.4285,fb66774708e955e5a7f4e731e254741a468abdc67e7b99439b86acb740233df2
safetyoff__mixed_complex__IPPO__seed2__ep08,safety_off_evaluation,mixed_complex,IPPO,2,8,4,1,OFF,ON,ON,ON,OFF,OFF,OFF,0.1,4,1,0,0,0,0,0,0,0,0,48.21,55.14,2.832,17.36,23.0529,0.753,0.7614,0.7014,0.8034,0.5611,0.6427,fb66774708e955e5a7f4e731e254741a468abdc67e7b99439b86acb740233df2
safetyoff__mixed_complex__IPPO__seed2__ep09,safety_off_evaluation,mixed_complex,IPPO,2,9,4,1,OFF,ON,ON,ON,OFF,OFF,OFF,0.1,4,1,0,0,0,0,0,0,1,0,47.46,52.93,0.859,17.84,23.2401,0.7676,0.6972,0.5196,0.8244,0.4157,0.6595,fb66774708e955e5a7f4e731e254741a468abdc67e7b99439b86acb740233df2
safetyoff__mixed_complex__IPPO__seed3__ep00,safety_off_evaluation,mixed_complex,IPPO,3,0,4,1,OFF,ON,ON,ON,OFF,OFF,OFF,0.1,4,1,0,0,0,0,0,0,1,0,49.34,53.68,1.164,17.59,23.1823,0.7588,0.7387,0.48,0.8333,0.384,0.6666,ce169a520d3f3260d6f6ed9538e6c51d338945ce69aa96ca2ea184f582061d30
safetyoff__mixed_complex__IPPO__seed3__ep01,safety_off_evaluation,mixed_complex,IPPO,3,1,4,1,OFF,ON,ON,ON,OFF,OFF,OFF,0.1,4,1,0,0,0,0,0,0,1,0,46.11,51.25,2.304,17.35,22.9467,0.7561,0.7674,0.5396,0.7646,0.4317,0.6117,ce169a520d3f3260d6f6ed9538e6c51d338945ce69aa96ca2ea184f582061d30
safetyoff__mixed_complex__IPPO__seed3__ep02,safety_off_evaluation,mixed_complex,IPPO,3,2,4,1,OFF,ON,ON,ON,OFF,OFF,OFF,0.1,4,1,0,0,0,0,0,0,0,1,45.56,50.38,1.97,17.0755,23.1777,0.7367,0.6876,0.6709,0.6366,0.5367,0.5093,ce169a520d3f3260d6f6ed9538e6c51d338945ce69aa96ca2ea184f582061d30
safetyoff__mixed_complex__IPPO__seed3__ep03,safety_off_evaluation,mixed_complex,IPPO,3,3,4,1,OFF,ON,ON,ON,OFF,OFF,OFF,0.1,4,1,0,0,0,0,0,0,1,0,51.8,59.22,1.661,17.12,23.1388,0.7399,0.7237,0.4528,0.8445,0.3622,0.6756,ce169a520d3f3260d6f6ed9538e6c51d338945ce69aa96ca2ea184f582061d30
safetyoff__mixed_complex__IPPO__seed3__ep04,safety_off_evaluation,mixed_complex,IPPO,3,4,4,1,OFF,ON,ON,ON,OFF,OFF,OFF,0.1,3,0,1,0,1,0,0,0,1,1,52.74,58.93,0.888,17.69,N/A (episode terminated early),N/A (early termination),0.6819,0.435,0.4001,0.348,0.3201,ce169a520d3f3260d6f6ed9538e6c51d338945ce69aa96ca2ea184f582061d30
safetyoff__mixed_complex__IPPO__seed3__ep05,safety_off_evaluation,mixed_complex,IPPO,3,5,4,1,OFF,ON,ON,ON,OFF,OFF,OFF,0.1,4,1,0,0,0,0,0,0,1,1,50.96,55.87,1.93,17.61,23.0092,0.7653,0.752,0.4138,0.539,0.331,0.4312,ce169a520d3f3260d6f6ed9538e6c51d338945ce69aa96ca2ea184f582061d30
safetyoff__mixed_complex__IPPO__seed3__ep06,safety_off_evaluation,mixed_complex,IPPO,3,6,4,1,OFF,ON,ON,ON,OFF,OFF,OFF,0.1,3,0,1,0,1,0,0,0,1,1,49.5,53.52,1.064,18.11,N/A (episode terminated early),N/A (early termination),0.736,0.3861,0.3591,0.3089,0.2873,ce169a520d3f3260d6f6ed9538e6c51d338945ce69aa96ca2ea184f582061d30
safetyoff__mixed_complex__IPPO__seed3__ep07,safety_off_evaluation,mixed_complex,IPPO,3,7,4,1,OFF,ON,ON,ON,OFF,OFF,OFF,0.1,4,1,0,0,0,0,0,0,0,1,46.94,52.78,1.644,17.24,23.0573,0.7477,0.675,0.5776,0.6817,0.4621,0.5454,ce169a520d3f3260d6f6ed9538e6c51d338945ce69aa96ca2ea184f582061d30
safetyoff__mixed_complex__IPPO__seed3__ep08,safety_off_evaluation,mixed_complex,IPPO,3,8,4,1,OFF,ON,ON,ON,OFF,OFF,OFF,0.1,4,1,0,0,0,0,0,0,0,1,47.36,51.47,0.796,18.39,23.1151,0.7956,0.6896,0.6097,0.6447,0.4878,0.5158,ce169a520d3f3260d6f6ed9538e6c51d338945ce69aa96ca2ea184f582061d30
safetyoff__mixed_complex__IPPO__seed3__ep09,safety_off_evaluation,mixed_complex,IPPO,3,9,4,1,OFF,ON,ON,ON,OFF,OFF,OFF,0.1,1,0,1,1,1,1,0,0,1,1,45.01,49.47,1.699,17.7,N/A (episode terminated early),N/A (early termination),0.6987,0.2969,0.4038,0.2375,0.323,ce169a520d3f3260d6f6ed9538e6c51d338945ce69aa96ca2ea184f582061d30
safetyoff__mixed_complex__IPPO__seed4__ep00,safety_off_evaluation,mixed_complex,IPPO,4,0,4,1,OFF,ON,ON,ON,OFF,OFF,OFF,0.1,3,0,1,0,0,1,0,0,0,1,46.24,51.31,1.722,18.14,N/A (episode terminated early),N/A (early termination),0.7638,0.7494,0.6446,0.5995,0.5157,02e1ff865f48369c6b477c97fb98429805282c6f474c49949d06095819b7263a
safetyoff__mixed_complex__IPPO__seed4__ep01,safety_off_evaluation,mixed_complex,IPPO,4,1,4,1,OFF,ON,ON,ON,OFF,OFF,OFF,0.1,3,0,1,1,0,0,0,0,1,1,49.48,56.17,0.897,18.37,N/A (episode terminated early),N/A (early termination),0.7389,0.3246,0.5429,0.2597,0.4343,02e1ff865f48369c6b477c97fb98429805282c6f474c49949d06095819b7263a
safetyoff__mixed_complex__IPPO__seed4__ep02,safety_off_evaluation,mixed_complex,IPPO,4,2,4,1,OFF,ON,ON,ON,OFF,OFF,OFF,0.1,2,0,1,1,1,0,0,0,1,1,49.63,55.08,2.168,17.51,N/A (episode terminated early),N/A (early termination),0.7212,0.2661,0.4225,0.2129,0.338,02e1ff865f48369c6b477c97fb98429805282c6f474c49949d06095819b7263a
safetyoff__mixed_complex__IPPO__seed4__ep03,safety_off_evaluation,mixed_complex,IPPO,4,3,4,1,OFF,ON,ON,ON,OFF,OFF,OFF,0.1,4,1,0,0,0,0,0,0,1,0,45.45,51.99,2.342,17.35,23.0141,0.7539,0.6777,0.4701,0.843,0.3761,0.6744,02e1ff865f48369c6b477c97fb98429805282c6f474c49949d06095819b7263a
safetyoff__mixed_complex__IPPO__seed4__ep04,safety_off_evaluation,mixed_complex,IPPO,4,4,4,1,OFF,ON,ON,ON,OFF,OFF,OFF,0.1,4,1,0,0,0,0,0,0,0,1,50.22,56.85,2.415,17.44,22.7771,0.7657,0.748,0.5759,0.6356,0.4607,0.5085,02e1ff865f48369c6b477c97fb98429805282c6f474c49949d06095819b7263a
safetyoff__mixed_complex__IPPO__seed4__ep05,safety_off_evaluation,mixed_complex,IPPO,4,5,4,1,OFF,ON,ON,ON,OFF,OFF,OFF,0.1,4,1,0,0,0,0,0,0,0,1,47.31,52.48,1.802,17.83,23.0095,0.7749,0.6859,0.5756,0.5742,0.4605,0.4594,02e1ff865f48369c6b477c97fb98429805282c6f474c49949d06095819b7263a
safetyoff__mixed_complex__IPPO__seed4__ep06,safety_off_evaluation,mixed_complex,IPPO,4,6,4,1,OFF,ON,ON,ON,OFF,OFF,OFF,0.1,2,0,1,1,1,0,0,0,1,1,52.12,56.72,2.617,18.46,N/A (episode terminated early),N/A (early termination),0.7221,0.3189,0.3606,0.2551,0.2885,02e1ff865f48369c6b477c97fb98429805282c6f474c49949d06095819b7263a
safetyoff__mixed_complex__IPPO__seed4__ep07,safety_off_evaluation,mixed_complex,IPPO,4,7,4,1,OFF,ON,ON,ON,OFF,OFF,OFF,0.1,4,1,0,0,0,0,0,0,0,0,48.35,52.25,2.533,17.62,23.2011,0.7594,0.7084,0.6958,0.7703,0.5566,0.6162,02e1ff865f48369c6b477c97fb98429805282c6f474c49949d06095819b7263a
safetyoff__mixed_complex__IPPO__seed4__ep08,safety_off_evaluation,mixed_complex,IPPO,4,8,4,1,OFF,ON,ON,ON,OFF,OFF,OFF,0.1,4,1,0,0,0,0,0,0,1,0,52.5,59.61,1.094,17.9,23.0716,0.7758,0.7298,0.4508,0.7318,0.3606,0.5854,02e1ff865f48369c6b477c97fb98429805282c6f474c49949d06095819b7263a
safetyoff__mixed_complex__IPPO__seed4__ep09,safety_off_evaluation,mixed_complex,IPPO,4,9,4,1,OFF,ON,ON,ON,OFF,OFF,OFF,0.1,1,0,1,1,1,1,0,0,1,1,47.63,52.27,2.496,18.19,N/A (episode terminated early),N/A (early termination),0.7672,0.3516,0.4072,0.2813,0.3258,02e1ff865f48369c6b477c97fb98429805282c6f474c49949d06095819b7263a
safetyoff__mixed_complex__IPPO__seed5__ep00,safety_off_evaluation,mixed_complex,IPPO,5,0,4,1,OFF,ON,ON,ON,OFF,OFF,OFF,0.1,4,1,0,0,0,0,0,0,1,1,48.49,54.22,1.959,18.29,23.1966,0.7885,0.7229,0.5058,0.6814,0.4046,0.5451,8cbb86c59a476f4897551199b5550973b5d2c7f74f478ce620d61d091c039f9b
safetyoff__mixed_complex__IPPO__seed5__ep01,safety_off_evaluation,mixed_complex,IPPO,5,1,4,1,OFF,ON,ON,ON,OFF,OFF,OFF,0.1,2,0,1,1,1,0,0,0,1,1,52.35,58.24,1.315,17.33,N/A (episode terminated early),N/A (early termination),0.6751,0.3173,0.4355,0.2538,0.3484,8cbb86c59a476f4897551199b5550973b5d2c7f74f478ce620d61d091c039f9b
safetyoff__mixed_complex__IPPO__seed5__ep02,safety_off_evaluation,mixed_complex,IPPO,5,2,4,1,OFF,ON,ON,ON,OFF,OFF,OFF,0.1,4,1,0,0,0,0,0,0,0,1,50.01,57.4,0.994,17.94,23.0527,0.7782,0.7307,0.569,0.6373,0.4552,0.5098,8cbb86c59a476f4897551199b5550973b5d2c7f74f478ce620d61d091c039f9b
safetyoff__mixed_complex__IPPO__seed5__ep03,safety_off_evaluation,mixed_complex,IPPO,5,3,4,1,OFF,ON,ON,ON,OFF,OFF,OFF,0.1,2,0,1,1,1,0,0,0,1,1,52.76,58.85,1.59,17.04,N/A (episode terminated early),N/A (early termination),0.7515,0.2809,0.4918,0.2247,0.3934,8cbb86c59a476f4897551199b5550973b5d2c7f74f478ce620d61d091c039f9b
safetyoff__mixed_complex__IPPO__seed5__ep04,safety_off_evaluation,mixed_complex,IPPO,5,4,4,1,OFF,ON,ON,ON,OFF,OFF,OFF,0.1,4,1,0,0,0,0,0,0,1,1,45.35,49.5,1.599,18.31,23.1198,0.792,0.7375,0.474,0.6584,0.3792,0.5267,8cbb86c59a476f4897551199b5550973b5d2c7f74f478ce620d61d091c039f9b
safetyoff__mixed_complex__IPPO__seed5__ep05,safety_off_evaluation,mixed_complex,IPPO,5,5,4,1,OFF,ON,ON,ON,OFF,OFF,OFF,0.1,4,1,0,0,0,0,0,0,1,0,49.29,56.4,1.743,17.76,22.9279,0.7746,0.759,0.5122,0.7667,0.4098,0.6134,8cbb86c59a476f4897551199b5550973b5d2c7f74f478ce620d61d091c039f9b
safetyoff__mixed_complex__IPPO__seed5__ep06,safety_off_evaluation,mixed_complex,IPPO,5,6,4,1,OFF,ON,ON,ON,OFF,OFF,OFF,0.1,4,1,0,0,0,0,0,0,0,1,48.69,53.54,0.876,18.13,23.1342,0.7837,0.7565,0.6227,0.6385,0.4982,0.5108,8cbb86c59a476f4897551199b5550973b5d2c7f74f478ce620d61d091c039f9b
safetyoff__mixed_complex__IPPO__seed5__ep07,safety_off_evaluation,mixed_complex,IPPO,5,7,4,1,OFF,ON,ON,ON,OFF,OFF,OFF,0.1,4,1,0,0,0,0,0,0,0,0,52.84,57.11,2.236,17.41,23.2401,0.7491,0.6974,0.5569,0.7402,0.4455,0.5922,8cbb86c59a476f4897551199b5550973b5d2c7f74f478ce620d61d091c039f9b
safetyoff__mixed_complex__IPPO__seed5__ep08,safety_off_evaluation,mixed_complex,IPPO,5,8,4,1,OFF,ON,ON,ON,OFF,OFF,OFF,0.1,4,1,0,0,0,0,0,0,1,0,53,57.9,1.658,17.3,23.2445,0.7443,0.722,0.5206,0.8065,0.4165,0.6452,8cbb86c59a476f4897551199b5550973b5d2c7f74f478ce620d61d091c039f9b
safetyoff__mixed_complex__IPPO__seed5__ep09,safety_off_evaluation,mixed_complex,IPPO,5,9,4,1,OFF,ON,ON,ON,OFF,OFF,OFF,0.1,1,0,1,1,1,1,0,0,1,1,48.09,52.49,2.026,17.99,N/A (episode terminated early),N/A (early termination),0.7173,0.3009,0.4978,0.2407,0.3982,8cbb86c59a476f4897551199b5550973b5d2c7f74f478ce620d61d091c039f9b
safetyoff__mixed_complex__IPPO__seed6__ep00,safety_off_evaluation,mixed_complex,IPPO,6,0,4,1,OFF,ON,ON,ON,OFF,OFF,OFF,0.1,4,1,0,0,0,0,0,0,1,0,47.46,54.2,1.632,18.49,22.9018,0.8074,0.7403,0.5322,0.8427,0.4258,0.6742,95a32e5132dcbe1c08750d056b0be52db1d5bb2ac142815c58c42064ba807fdd
safetyoff__mixed_complex__IPPO__seed6__ep01,safety_off_evaluation,mixed_complex,IPPO,6,1,4,1,OFF,ON,ON,ON,OFF,OFF,OFF,0.1,3,0,1,1,0,0,0,0,1,1,48.63,54.8,2.542,17.21,N/A (episode terminated early),N/A (early termination),0.7108,0.2722,0.544,0.2178,0.4352,95a32e5132dcbe1c08750d056b0be52db1d5bb2ac142815c58c42064ba807fdd
safetyoff__mixed_complex__IPPO__seed6__ep02,safety_off_evaluation,mixed_complex,IPPO,6,2,4,1,OFF,ON,ON,ON,OFF,OFF,OFF,0.1,4,1,0,0,0,0,0,0,1,1,49.49,55.48,1.932,17.53,23.1777,0.7563,0.7356,0.4718,0.6149,0.3774,0.4919,95a32e5132dcbe1c08750d056b0be52db1d5bb2ac142815c58c42064ba807fdd
safetyoff__mixed_complex__IPPO__seed6__ep03,safety_off_evaluation,mixed_complex,IPPO,6,3,4,1,OFF,ON,ON,ON,OFF,OFF,OFF,0.1,4,1,0,0,0,0,0,0,1,0,50.85,56.07,2.134,17.37,22.9692,0.7562,0.7029,0.4937,0.7714,0.395,0.6171,95a32e5132dcbe1c08750d056b0be52db1d5bb2ac142815c58c42064ba807fdd
safetyoff__mixed_complex__IPPO__seed6__ep04,safety_off_evaluation,mixed_complex,IPPO,6,4,4,1,OFF,ON,ON,ON,OFF,OFF,OFF,0.1,4,1,0,0,0,0,0,0,0,0,50.11,54.67,1.12,18.34,22.8654,0.8021,0.7409,0.6625,0.7654,0.53,0.6123,95a32e5132dcbe1c08750d056b0be52db1d5bb2ac142815c58c42064ba807fdd
safetyoff__mixed_complex__IPPO__seed6__ep05,safety_off_evaluation,mixed_complex,IPPO,6,5,4,1,OFF,ON,ON,ON,OFF,OFF,OFF,0.1,1,0,1,1,1,1,0,0,1,1,52.41,58.55,2.92,17.18,N/A (episode terminated early),N/A (early termination),0.7483,0.3031,0.3665,0.2425,0.2932,95a32e5132dcbe1c08750d056b0be52db1d5bb2ac142815c58c42064ba807fdd
safetyoff__mixed_complex__IPPO__seed6__ep06,safety_off_evaluation,mixed_complex,IPPO,6,6,4,1,OFF,ON,ON,ON,OFF,OFF,OFF,0.1,4,1,0,0,0,0,0,0,0,1,52.17,59.77,2.811,17.56,23.1777,0.7576,0.6908,0.6359,0.6688,0.5087,0.535,95a32e5132dcbe1c08750d056b0be52db1d5bb2ac142815c58c42064ba807fdd
safetyoff__mixed_complex__IPPO__seed6__ep07,safety_off_evaluation,mixed_complex,IPPO,6,7,4,1,OFF,ON,ON,ON,OFF,OFF,OFF,0.1,4,1,0,0,0,0,0,0,0,1,51.37,57.53,2.154,18.03,22.822,0.79,0.7033,0.5521,0.5543,0.4417,0.4434,95a32e5132dcbe1c08750d056b0be52db1d5bb2ac142815c58c42064ba807fdd
safetyoff__mixed_complex__IPPO__seed6__ep08,safety_off_evaluation,mixed_complex,IPPO,6,8,4,1,OFF,ON,ON,ON,OFF,OFF,OFF,0.1,4,1,0,0,0,0,0,0,1,0,49.77,55.81,1.756,18.43,23.1342,0.7967,0.7501,0.5485,0.7232,0.4388,0.5786,95a32e5132dcbe1c08750d056b0be52db1d5bb2ac142815c58c42064ba807fdd
safetyoff__mixed_complex__IPPO__seed6__ep09,safety_off_evaluation,mixed_complex,IPPO,6,9,4,1,OFF,ON,ON,ON,OFF,OFF,OFF,0.1,1,0,1,1,1,1,0,0,1,1,45.58,49.3,2.626,17.09,N/A (episode terminated early),N/A (early termination),0.7626,0.2681,0.4822,0.2145,0.3858,95a32e5132dcbe1c08750d056b0be52db1d5bb2ac142815c58c42064ba807fdd
safetyoff__mixed_complex__IPPO__seed7__ep00,safety_off_evaluation,mixed_complex,IPPO,7,0,4,1,OFF,ON,ON,ON,OFF,OFF,OFF,0.1,4,1,0,0,0,0,0,0,0,1,45.65,51.87,1.95,18.36,22.9279,0.8008,0.7304,0.6213,0.6378,0.497,0.5102,91f906bcfcc33f0f6bf1ea48306af9c328fe32521dd39676cdf7fa55ff254b0f
safetyoff__mixed_complex__IPPO__seed7__ep01,safety_off_evaluation,mixed_complex,IPPO,7,1,4,1,OFF,ON,ON,ON,OFF,OFF,OFF,0.1,2,0,1,0,1,1,0,0,1,1,51.67,58.85,2.251,17.99,N/A (episode terminated early),N/A (early termination),0.7,0.3682,0.4982,0.2946,0.3986,91f906bcfcc33f0f6bf1ea48306af9c328fe32521dd39676cdf7fa55ff254b0f
safetyoff__mixed_complex__IPPO__seed7__ep02,safety_off_evaluation,mixed_complex,IPPO,7,2,4,1,OFF,ON,ON,ON,OFF,OFF,OFF,0.1,3,0,1,0,1,0,0,0,1,1,49.8,55.09,0.72,18.12,N/A (episode terminated early),N/A (early termination),0.679,0.364,0.4171,0.2912,0.3337,91f906bcfcc33f0f6bf1ea48306af9c328fe32521dd39676cdf7fa55ff254b0f
safetyoff__mixed_complex__IPPO__seed7__ep03,safety_off_evaluation,mixed_complex,IPPO,7,3,4,1,OFF,ON,ON,ON,OFF,OFF,OFF,0.1,4,1,0,0,0,0,0,0,1,1,47.38,51.72,1.754,17.83,23.0576,0.7733,0.7532,0.5456,0.6142,0.4365,0.4914,91f906bcfcc33f0f6bf1ea48306af9c328fe32521dd39676cdf7fa55ff254b0f
safetyoff__mixed_complex__IPPO__seed7__ep04,safety_off_evaluation,mixed_complex,IPPO,7,4,4,1,OFF,ON,ON,ON,OFF,OFF,OFF,0.1,2,0,1,0,1,1,0,0,1,1,46.23,50.17,2.382,17.99,N/A (episode terminated early),N/A (early termination),0.7282,0.3994,0.3844,0.3195,0.3075,91f906bcfcc33f0f6bf1ea48306af9c328fe32521dd39676cdf7fa55ff254b0f
safetyoff__mixed_complex__IPPO__seed7__ep05,safety_off_evaluation,mixed_complex,IPPO,7,5,4,1,OFF,ON,ON,ON,OFF,OFF,OFF,0.1,1,0,1,1,1,1,0,0,1,1,52.05,58.37,2.112,17.42,N/A (episode terminated early),N/A (early termination),0.7405,0.2837,0.3719,0.227,0.2975,91f906bcfcc33f0f6bf1ea48306af9c328fe32521dd39676cdf7fa55ff254b0f
safetyoff__mixed_complex__IPPO__seed7__ep06,safety_off_evaluation,mixed_complex,IPPO,7,6,4,1,OFF,ON,ON,ON,OFF,OFF,OFF,0.1,2,0,1,1,1,0,0,0,1,1,47.87,52.48,2.828,18.42,N/A (episode terminated early),N/A (early termination),0.7321,0.2723,0.5155,0.2178,0.4124,91f906bcfcc33f0f6bf1ea48306af9c328fe32521dd39676cdf7fa55ff254b0f
safetyoff__mixed_complex__IPPO__seed7__ep07,safety_off_evaluation,mixed_complex,IPPO,7,7,4,1,OFF,ON,ON,ON,OFF,OFF,OFF,0.1,2,0,1,1,1,0,0,0,1,1,47.81,52.82,1.925,17.46,N/A (episode terminated early),N/A (early termination),0.6787,0.3195,0.4453,0.2556,0.3562,91f906bcfcc33f0f6bf1ea48306af9c328fe32521dd39676cdf7fa55ff254b0f
safetyoff__mixed_complex__IPPO__seed7__ep08,safety_off_evaluation,mixed_complex,IPPO,7,8,4,1,OFF,ON,ON,ON,OFF,OFF,OFF,0.1,4,1,0,0,0,0,0,0,0,0,46.3,53.13,2.903,17.0835,23.1823,0.7369,0.7611,0.7166,0.8248,0.5733,0.6598,91f906bcfcc33f0f6bf1ea48306af9c328fe32521dd39676cdf7fa55ff254b0f
safetyoff__mixed_complex__IPPO__seed7__ep09,safety_off_evaluation,mixed_complex,IPPO,7,9,4,1,OFF,ON,ON,ON,OFF,OFF,OFF,0.1,3,0,1,0,0,1,0,0,0,1,52.94,57.89,0.909,17.34,N/A (episode terminated early),N/A (early termination),0.6819,0.669,0.5844,0.5352,0.4675,91f906bcfcc33f0f6bf1ea48306af9c328fe32521dd39676cdf7fa55ff254b0f
safetyoff__static_clutter__MAPPO__seed0__ep00,safety_off_evaluation,static_clutter,MAPPO,0,0,4,1,OFF,ON,ON,ON,OFF,OFF,OFF,0.1,4,1,0,0,0,0,0,0,0,N/A,38.53,44,2.58,17.66,21.1127,0.8365,0.6724,0.6647,N/A,0.5318,N/A,ec1c383b4649fd531346da64525d395fd2beca8789ffa7fbd7a970cde43fc117
safetyoff__static_clutter__MAPPO__seed0__ep01,safety_off_evaluation,static_clutter,MAPPO,0,1,4,1,OFF,ON,ON,ON,OFF,OFF,OFF,0.1,4,1,0,0,0,0,0,0,0,N/A,40.67,44.55,2.074,17.16,21.2377,0.808,0.6905,0.5875,N/A,0.47,N/A,ec1c383b4649fd531346da64525d395fd2beca8789ffa7fbd7a970cde43fc117
safetyoff__static_clutter__MAPPO__seed0__ep02,safety_off_evaluation,static_clutter,MAPPO,0,2,4,1,OFF,ON,ON,ON,OFF,OFF,OFF,0.1,4,1,0,0,0,0,0,0,0,N/A,33.66,38.23,2.433,17.48,21.4252,0.8159,0.7327,0.6625,N/A,0.53,N/A,ec1c383b4649fd531346da64525d395fd2beca8789ffa7fbd7a970cde43fc117
safetyoff__static_clutter__MAPPO__seed0__ep03,safety_off_evaluation,static_clutter,MAPPO,0,3,4,1,OFF,ON,ON,ON,OFF,OFF,OFF,0.1,4,1,0,0,0,0,0,0,0,N/A,35.22,38.43,2.111,17.92,21.1127,0.8488,0.7074,0.5656,N/A,0.4525,N/A,ec1c383b4649fd531346da64525d395fd2beca8789ffa7fbd7a970cde43fc117
safetyoff__static_clutter__MAPPO__seed0__ep04,safety_off_evaluation,static_clutter,MAPPO,0,4,4,1,OFF,ON,ON,ON,OFF,OFF,OFF,0.1,4,1,0,0,0,0,0,0,1,N/A,34.54,38.09,1.928,18.12,21.3627,0.8482,0.7108,0.4066,N/A,0.3253,N/A,ec1c383b4649fd531346da64525d395fd2beca8789ffa7fbd7a970cde43fc117
safetyoff__static_clutter__MAPPO__seed0__ep05,safety_off_evaluation,static_clutter,MAPPO,0,5,4,1,OFF,ON,ON,ON,OFF,OFF,OFF,0.1,3,0,1,1,0,0,0,0,1,N/A,35.49,39.85,1.949,17.31,N/A (episode terminated early),N/A (early termination),0.7446,0.3145,N/A,0.2516,N/A,ec1c383b4649fd531346da64525d395fd2beca8789ffa7fbd7a970cde43fc117
safetyoff__static_clutter__MAPPO__seed0__ep06,safety_off_evaluation,static_clutter,MAPPO,0,6,4,1,OFF,ON,ON,ON,OFF,OFF,OFF,0.1,3,0,1,0,0,1,0,0,1,N/A,35.99,40.48,1.744,17.48,N/A (episode terminated early),N/A (early termination),0.7128,0.4052,N/A,0.3242,N/A,ec1c383b4649fd531346da64525d395fd2beca8789ffa7fbd7a970cde43fc117
safetyoff__static_clutter__MAPPO__seed0__ep07,safety_off_evaluation,static_clutter,MAPPO,0,7,4,1,OFF,ON,ON,ON,OFF,OFF,OFF,0.1,2,0,1,1,0,1,0,0,1,N/A,37.95,41.32,2.7,17.84,N/A (episode terminated early),N/A (early termination),0.7381,0.3587,N/A,0.287,N/A,ec1c383b4649fd531346da64525d395fd2beca8789ffa7fbd7a970cde43fc117
safetyoff__static_clutter__MAPPO__seed0__ep08,safety_off_evaluation,static_clutter,MAPPO,0,8,4,1,OFF,ON,ON,ON,OFF,OFF,OFF,0.1,4,1,0,0,0,0,0,0,1,N/A,37.31,42.51,2.009,17.79,21.1127,0.8426,0.7076,0.5342,N/A,0.4274,N/A,ec1c383b4649fd531346da64525d395fd2beca8789ffa7fbd7a970cde43fc117
safetyoff__static_clutter__MAPPO__seed0__ep09,safety_off_evaluation,static_clutter,MAPPO,0,9,4,1,OFF,ON,ON,ON,OFF,OFF,OFF,0.1,3,0,1,0,0,1,0,0,1,N/A,34.86,38.71,1.185,18.01,N/A (episode terminated early),N/A (early termination),0.6827,0.3923,N/A,0.3138,N/A,ec1c383b4649fd531346da64525d395fd2beca8789ffa7fbd7a970cde43fc117
safetyoff__static_clutter__MAPPO__seed1__ep00,safety_off_evaluation,static_clutter,MAPPO,1,0,4,1,OFF,ON,ON,ON,OFF,OFF,OFF,0.1,4,1,0,0,0,0,0,0,1,N/A,35.55,40.21,2.846,17.63,21.4252,0.8229,0.7575,0.5243,N/A,0.4194,N/A,321f4caa0245b40b17f57578eafff31f67d31111f5f6185b74e7150ac54a2c09
safetyoff__static_clutter__MAPPO__seed1__ep01,safety_off_evaluation,static_clutter,MAPPO,1,1,4,1,OFF,ON,ON,ON,OFF,OFF,OFF,0.1,4,1,0,0,0,0,0,0,0,N/A,33.04,36.69,2.686,18.45,21.3627,0.8637,0.6773,0.6378,N/A,0.5102,N/A,321f4caa0245b40b17f57578eafff31f67d31111f5f6185b74e7150ac54a2c09
safetyoff__static_clutter__MAPPO__seed1__ep02,safety_off_evaluation,static_clutter,MAPPO,1,2,4,1,OFF,ON,ON,ON,OFF,OFF,OFF,0.1,3,0,1,0,0,1,0,0,0,N/A,40.21,44.54,0.868,17.29,N/A (episode terminated early),N/A (early termination),0.7276,0.6479,N/A,0.5183,N/A,321f4caa0245b40b17f57578eafff31f67d31111f5f6185b74e7150ac54a2c09
safetyoff__static_clutter__MAPPO__seed1__ep03,safety_off_evaluation,static_clutter,MAPPO,1,3,4,1,OFF,ON,ON,ON,OFF,OFF,OFF,0.1,4,1,0,0,0,0,0,0,1,N/A,33.14,37.8,0.896,17.7,21.4252,0.8261,0.7699,0.4753,N/A,0.3802,N/A,321f4caa0245b40b17f57578eafff31f67d31111f5f6185b74e7150ac54a2c09
safetyoff__static_clutter__MAPPO__seed1__ep04,safety_off_evaluation,static_clutter,MAPPO,1,4,4,1,OFF,ON,ON,ON,OFF,OFF,OFF,0.1,4,1,0,0,0,0,0,0,1,N/A,38.07,41.33,2.501,17.78,21.4252,0.8299,0.7641,0.3764,N/A,0.3011,N/A,321f4caa0245b40b17f57578eafff31f67d31111f5f6185b74e7150ac54a2c09
safetyoff__static_clutter__MAPPO__seed1__ep05,safety_off_evaluation,static_clutter,MAPPO,1,5,4,1,OFF,ON,ON,ON,OFF,OFF,OFF,0.1,4,1,0,0,0,0,0,0,0,N/A,37.51,40.57,2.551,17.62,21.3002,0.8272,0.7626,0.7144,N/A,0.5715,N/A,321f4caa0245b40b17f57578eafff31f67d31111f5f6185b74e7150ac54a2c09
safetyoff__static_clutter__MAPPO__seed1__ep06,safety_off_evaluation,static_clutter,MAPPO,1,6,4,1,OFF,ON,ON,ON,OFF,OFF,OFF,0.1,4,1,0,0,0,0,0,0,1,N/A,34.58,38.7,2.834,17.45,21.3627,0.8168,0.6995,0.4597,N/A,0.3678,N/A,321f4caa0245b40b17f57578eafff31f67d31111f5f6185b74e7150ac54a2c09
safetyoff__static_clutter__MAPPO__seed1__ep07,safety_off_evaluation,static_clutter,MAPPO,1,7,4,1,OFF,ON,ON,ON,OFF,OFF,OFF,0.1,4,1,0,0,0,0,0,0,0,N/A,38.04,41.75,1.034,17.51,21.3002,0.8221,0.711,0.6614,N/A,0.5291,N/A,321f4caa0245b40b17f57578eafff31f67d31111f5f6185b74e7150ac54a2c09
safetyoff__static_clutter__MAPPO__seed1__ep08,safety_off_evaluation,static_clutter,MAPPO,1,8,4,1,OFF,ON,ON,ON,OFF,OFF,OFF,0.1,4,1,0,0,0,0,0,0,1,N/A,35.36,40.3,2.102,18.22,21.2377,0.8579,0.7342,0.3631,N/A,0.2905,N/A,321f4caa0245b40b17f57578eafff31f67d31111f5f6185b74e7150ac54a2c09
safetyoff__static_clutter__MAPPO__seed1__ep09,safety_off_evaluation,static_clutter,MAPPO,1,9,4,1,OFF,ON,ON,ON,OFF,OFF,OFF,0.1,3,0,1,0,0,1,0,0,1,N/A,38.44,43.16,1.146,17.26,N/A (episode terminated early),N/A (early termination),0.7523,0.5031,N/A,0.4025,N/A,321f4caa0245b40b17f57578eafff31f67d31111f5f6185b74e7150ac54a2c09
safetyoff__static_clutter__MAPPO__seed2__ep00,safety_off_evaluation,static_clutter,MAPPO,2,0,4,1,OFF,ON,ON,ON,OFF,OFF,OFF,0.1,4,1,0,0,0,0,0,0,0,N/A,38.32,44.03,2.539,18.32,21.1127,0.8677,0.7637,0.6691,N/A,0.5353,N/A,6a0bd037f8697b5eeac73779131a2229fbd81cd7b7caaf3ba8127a7e59942fe5
safetyoff__static_clutter__MAPPO__seed2__ep01,safety_off_evaluation,static_clutter,MAPPO,2,1,4,1,OFF,ON,ON,ON,OFF,OFF,OFF,0.1,4,1,0,0,0,0,0,0,0,N/A,36.52,40.41,0.982,17.11,21.3627,0.8009,0.7074,0.6552,N/A,0.5242,N/A,6a0bd037f8697b5eeac73779131a2229fbd81cd7b7caaf3ba8127a7e59942fe5
safetyoff__static_clutter__MAPPO__seed2__ep02,safety_off_evaluation,static_clutter,MAPPO,2,2,4,1,OFF,ON,ON,ON,OFF,OFF,OFF,0.1,4,1,0,0,0,0,0,0,0,N/A,36.27,39.33,2.319,17.57,21.3627,0.8225,0.6914,0.5915,N/A,0.4732,N/A,6a0bd037f8697b5eeac73779131a2229fbd81cd7b7caaf3ba8127a7e59942fe5
safetyoff__static_clutter__MAPPO__seed2__ep03,safety_off_evaluation,static_clutter,MAPPO,2,3,4,1,OFF,ON,ON,ON,OFF,OFF,OFF,0.1,4,1,0,0,0,0,0,0,1,N/A,39.15,42.36,1.26,17.45,21.5502,0.8097,0.6817,0.457,N/A,0.3656,N/A,6a0bd037f8697b5eeac73779131a2229fbd81cd7b7caaf3ba8127a7e59942fe5
safetyoff__static_clutter__MAPPO__seed2__ep04,safety_off_evaluation,static_clutter,MAPPO,2,4,4,1,OFF,ON,ON,ON,OFF,OFF,OFF,0.1,4,1,0,0,0,0,0,0,1,N/A,37.84,43.09,2.034,18.03,21.3002,0.8465,0.7197,0.4656,N/A,0.3725,N/A,6a0bd037f8697b5eeac73779131a2229fbd81cd7b7caaf3ba8127a7e59942fe5
safetyoff__static_clutter__MAPPO__seed2__ep05,safety_off_evaluation,static_clutter,MAPPO,2,5,4,1,OFF,ON,ON,ON,OFF,OFF,OFF,0.1,3,0,1,0,0,1,0,0,1,N/A,39.61,43.16,2.874,17.22,N/A (episode terminated early),N/A (early termination),0.7152,0.4334,N/A,0.3467,N/A,6a0bd037f8697b5eeac73779131a2229fbd81cd7b7caaf3ba8127a7e59942fe5
safetyoff__static_clutter__MAPPO__seed2__ep06,safety_off_evaluation,static_clutter,MAPPO,2,6,4,1,OFF,ON,ON,ON,OFF,OFF,OFF,0.1,4,1,0,0,0,0,0,0,0,N/A,35.29,39.82,2.503,17.46,21.1127,0.827,0.7369,0.6993,N/A,0.5594,N/A,6a0bd037f8697b5eeac73779131a2229fbd81cd7b7caaf3ba8127a7e59942fe5
safetyoff__static_clutter__MAPPO__seed2__ep07,safety_off_evaluation,static_clutter,MAPPO,2,7,4,1,OFF,ON,ON,ON,OFF,OFF,OFF,0.1,4,1,0,0,0,0,0,0,0,N/A,38.51,41.71,2.139,17.5,21.2377,0.824,0.6893,0.7021,N/A,0.5617,N/A,6a0bd037f8697b5eeac73779131a2229fbd81cd7b7caaf3ba8127a7e59942fe5
safetyoff__static_clutter__MAPPO__seed2__ep08,safety_off_evaluation,static_clutter,MAPPO,2,8,4,1,OFF,ON,ON,ON,OFF,OFF,OFF,0.1,4,1,0,0,0,0,0,0,0,N/A,33.98,37.44,2.001,17.63,21.1127,0.835,0.7305,0.5656,N/A,0.4525,N/A,6a0bd037f8697b5eeac73779131a2229fbd81cd7b7caaf3ba8127a7e59942fe5
safetyoff__static_clutter__MAPPO__seed2__ep09,safety_off_evaluation,static_clutter,MAPPO,2,9,4,1,OFF,ON,ON,ON,OFF,OFF,OFF,0.1,4,1,0,0,0,0,0,0,0,N/A,40.86,44.19,1.324,17.28,21.1752,0.8161,0.7207,0.7404,N/A,0.5923,N/A,6a0bd037f8697b5eeac73779131a2229fbd81cd7b7caaf3ba8127a7e59942fe5
safetyoff__static_clutter__MAPPO__seed3__ep00,safety_off_evaluation,static_clutter,MAPPO,3,0,4,1,OFF,ON,ON,ON,OFF,OFF,OFF,0.1,4,1,0,0,0,0,0,0,0,N/A,35.77,41,2.941,17.55,21.1752,0.8288,0.7671,0.6409,N/A,0.5127,N/A,719530eb98e793eb5a65cd49772fe7dffecf6aae016fcf70507b708c346a2fe1
safetyoff__static_clutter__MAPPO__seed3__ep01,safety_off_evaluation,static_clutter,MAPPO,3,1,4,1,OFF,ON,ON,ON,OFF,OFF,OFF,0.1,4,1,0,0,0,0,0,0,0,N/A,38.33,43.64,1.595,17.23,21.3002,0.8089,0.6953,0.7404,N/A,0.5923,N/A,719530eb98e793eb5a65cd49772fe7dffecf6aae016fcf70507b708c346a2fe1
safetyoff__static_clutter__MAPPO__seed3__ep02,safety_off_evaluation,static_clutter,MAPPO,3,2,4,1,OFF,ON,ON,ON,OFF,OFF,OFF,0.1,3,0,1,0,0,1,1,0,0,N/A,40.07,43.57,1.444,17.1,N/A (episode terminated early),N/A (early termination),0.7493,0.6067,N/A,0.4854,N/A,719530eb98e793eb5a65cd49772fe7dffecf6aae016fcf70507b708c346a2fe1
safetyoff__static_clutter__MAPPO__seed3__ep03,safety_off_evaluation,static_clutter,MAPPO,3,3,4,1,OFF,ON,ON,ON,OFF,OFF,OFF,0.1,4,1,0,0,0,0,0,0,0,N/A,36.5,40.11,0.831,17.95,21.3627,0.8403,0.6822,0.5905,N/A,0.4724,N/A,719530eb98e793eb5a65cd49772fe7dffecf6aae016fcf70507b708c346a2fe1
safetyoff__static_clutter__MAPPO__seed3__ep04,safety_off_evaluation,static_clutter,MAPPO,3,4,4,1,OFF,ON,ON,ON,OFF,OFF,OFF,0.1,4,1,0,0,0,0,0,0,0,N/A,36.15,41.14,2.282,17.41,21.4877,0.8102,0.68,0.6933,N/A,0.5546,N/A,719530eb98e793eb5a65cd49772fe7dffecf6aae016fcf70507b708c346a2fe1
safetyoff__static_clutter__MAPPO__seed3__ep05,safety_off_evaluation,static_clutter,MAPPO,3,5,4,1,OFF,ON,ON,ON,OFF,OFF,OFF,0.1,4,1,0,0,0,0,0,0,0,N/A,37.36,42.45,2.049,17.33,21.2377,0.816,0.7198,0.6676,N/A,0.5341,N/A,719530eb98e793eb5a65cd49772fe7dffecf6aae016fcf70507b708c346a2fe1
safetyoff__static_clutter__MAPPO__seed3__ep06,safety_off_evaluation,static_clutter,MAPPO,3,6,4,1,OFF,ON,ON,ON,OFF,OFF,OFF,0.1,4,1,0,0,0,0,0,0,0,N/A,36.34,40.55,2.237,18.44,21.3002,0.8657,0.7243,0.662,N/A,0.5296,N/A,719530eb98e793eb5a65cd49772fe7dffecf6aae016fcf70507b708c346a2fe1
safetyoff__static_clutter__MAPPO__seed3__ep07,safety_off_evaluation,static_clutter,MAPPO,3,7,4,1,OFF,ON,ON,ON,OFF,OFF,OFF,0.1,3,0,1,0,0,1,0,0,1,N/A,35.28,40.35,1.875,17.88,N/A (episode terminated early),N/A (early termination),0.7431,0.4883,N/A,0.3906,N/A,719530eb98e793eb5a65cd49772fe7dffecf6aae016fcf70507b708c346a2fe1
safetyoff__static_clutter__MAPPO__seed3__ep08,safety_off_evaluation,static_clutter,MAPPO,3,8,4,1,OFF,ON,ON,ON,OFF,OFF,OFF,0.1,2,0,1,1,0,1,0,0,1,N/A,33.23,38.14,2.732,18.16,N/A (episode terminated early),N/A (early termination),0.7691,0.2949,N/A,0.2359,N/A,719530eb98e793eb5a65cd49772fe7dffecf6aae016fcf70507b708c346a2fe1
safetyoff__static_clutter__MAPPO__seed3__ep09,safety_off_evaluation,static_clutter,MAPPO,3,9,4,1,OFF,ON,ON,ON,OFF,OFF,OFF,0.1,4,1,0,0,0,0,0,0,0,N/A,39.09,44.31,1.307,17.51,21.1752,0.8269,0.7571,0.588,N/A,0.4704,N/A,719530eb98e793eb5a65cd49772fe7dffecf6aae016fcf70507b708c346a2fe1
safetyoff__static_clutter__MAPPO__seed4__ep00,safety_off_evaluation,static_clutter,MAPPO,4,0,4,1,OFF,ON,ON,ON,OFF,OFF,OFF,0.1,4,1,0,0,0,0,0,0,0,N/A,40.75,46.66,2.391,18.24,21.2377,0.8589,0.7031,0.6015,N/A,0.4812,N/A,840482c27686e25edc4533601879d72af9f5e2173bf0e8e5130a49ebff58043b
safetyoff__static_clutter__MAPPO__seed4__ep01,safety_off_evaluation,static_clutter,MAPPO,4,1,4,1,OFF,ON,ON,ON,OFF,OFF,OFF,0.1,4,1,0,0,0,0,0,0,1,N/A,35.6,39.56,1.133,17.53,21.2377,0.8254,0.6799,0.5434,N/A,0.4347,N/A,840482c27686e25edc4533601879d72af9f5e2173bf0e8e5130a49ebff58043b
safetyoff__static_clutter__MAPPO__seed4__ep02,safety_off_evaluation,static_clutter,MAPPO,4,2,4,1,OFF,ON,ON,ON,OFF,OFF,OFF,0.1,4,1,0,0,0,0,0,0,0,N/A,36.28,40.59,2.717,17.61,21.4252,0.8219,0.7002,0.6146,N/A,0.4917,N/A,840482c27686e25edc4533601879d72af9f5e2173bf0e8e5130a49ebff58043b
safetyoff__static_clutter__MAPPO__seed4__ep03,safety_off_evaluation,static_clutter,MAPPO,4,3,4,1,OFF,ON,ON,ON,OFF,OFF,OFF,0.1,3,0,1,0,0,1,1,0,0,N/A,40.48,44.03,2.249,17.01,N/A (episode terminated early),N/A (early termination),0.6868,0.7299,N/A,0.5839,N/A,840482c27686e25edc4533601879d72af9f5e2173bf0e8e5130a49ebff58043b
safetyoff__static_clutter__MAPPO__seed4__ep04,safety_off_evaluation,static_clutter,MAPPO,4,4,4,1,OFF,ON,ON,ON,OFF,OFF,OFF,0.1,4,1,0,0,0,0,0,0,0,N/A,34.05,38.22,1.046,17.56,21.2377,0.8268,0.6978,0.6333,N/A,0.5066,N/A,840482c27686e25edc4533601879d72af9f5e2173bf0e8e5130a49ebff58043b
safetyoff__static_clutter__MAPPO__seed4__ep05,safety_off_evaluation,static_clutter,MAPPO,4,5,4,1,OFF,ON,ON,ON,OFF,OFF,OFF,0.1,4,1,0,0,0,0,0,0,1,N/A,33.5,37.8,1.093,17.22,21.1752,0.8132,0.742,0.5346,N/A,0.4277,N/A,840482c27686e25edc4533601879d72af9f5e2173bf0e8e5130a49ebff58043b
safetyoff__static_clutter__MAPPO__seed4__ep06,safety_off_evaluation,static_clutter,MAPPO,4,6,4,1,OFF,ON,ON,ON,OFF,OFF,OFF,0.1,4,1,0,0,0,0,0,0,0,N/A,35.3,38.32,1.046,17.25,21.3002,0.8099,0.7371,0.7446,N/A,0.5957,N/A,840482c27686e25edc4533601879d72af9f5e2173bf0e8e5130a49ebff58043b
safetyoff__static_clutter__MAPPO__seed4__ep07,safety_off_evaluation,static_clutter,MAPPO,4,7,4,1,OFF,ON,ON,ON,OFF,OFF,OFF,0.1,4,1,0,0,0,0,0,0,0,N/A,40.09,44.3,2.647,18.46,21.1752,0.8718,0.7597,0.5769,N/A,0.4615,N/A,840482c27686e25edc4533601879d72af9f5e2173bf0e8e5130a49ebff58043b
safetyoff__static_clutter__MAPPO__seed4__ep08,safety_off_evaluation,static_clutter,MAPPO,4,8,4,1,OFF,ON,ON,ON,OFF,OFF,OFF,0.1,4,1,0,0,0,0,0,0,0,N/A,35.35,39.36,2.429,18.02,21.3627,0.8435,0.7302,0.6925,N/A,0.554,N/A,840482c27686e25edc4533601879d72af9f5e2173bf0e8e5130a49ebff58043b
safetyoff__static_clutter__MAPPO__seed4__ep09,safety_off_evaluation,static_clutter,MAPPO,4,9,4,1,OFF,ON,ON,ON,OFF,OFF,OFF,0.1,4,1,0,0,0,0,0,0,0,N/A,35.44,40.73,1.617,17.92,21.3627,0.8388,0.6922,0.5788,N/A,0.463,N/A,840482c27686e25edc4533601879d72af9f5e2173bf0e8e5130a49ebff58043b
safetyoff__static_clutter__MAPPO__seed5__ep00,safety_off_evaluation,static_clutter,MAPPO,5,0,4,1,OFF,ON,ON,ON,OFF,OFF,OFF,0.1,3,0,1,0,0,1,1,0,0,N/A,33.69,36.92,2.488,18.32,N/A (episode terminated early),N/A (early termination),0.7236,0.7355,N/A,0.5884,N/A,a3c26d6f95db7d9cd8142bb14d4501f05c5894c92a3ea977c6fa12033aa48b39
safetyoff__static_clutter__MAPPO__seed5__ep01,safety_off_evaluation,static_clutter,MAPPO,5,1,4,1,OFF,ON,ON,ON,OFF,OFF,OFF,0.1,4,1,0,0,0,0,0,0,0,N/A,35.57,40.34,2.298,17.56,21.1752,0.8293,0.7133,0.6366,N/A,0.5093,N/A,a3c26d6f95db7d9cd8142bb14d4501f05c5894c92a3ea977c6fa12033aa48b39
safetyoff__static_clutter__MAPPO__seed5__ep02,safety_off_evaluation,static_clutter,MAPPO,5,2,4,1,OFF,ON,ON,ON,OFF,OFF,OFF,0.1,4,1,0,0,0,0,0,0,1,N/A,37.43,40.67,2.722,17.72,21.1752,0.8368,0.6869,0.5051,N/A,0.4041,N/A,a3c26d6f95db7d9cd8142bb14d4501f05c5894c92a3ea977c6fa12033aa48b39
safetyoff__static_clutter__MAPPO__seed5__ep03,safety_off_evaluation,static_clutter,MAPPO,5,3,4,1,OFF,ON,ON,ON,OFF,OFF,OFF,0.1,4,1,0,0,0,0,0,0,1,N/A,39.8,44.46,2.884,18.13,21.3002,0.8512,0.7161,0.5492,N/A,0.4394,N/A,a3c26d6f95db7d9cd8142bb14d4501f05c5894c92a3ea977c6fa12033aa48b39
safetyoff__static_clutter__MAPPO__seed5__ep04,safety_off_evaluation,static_clutter,MAPPO,5,4,4,1,OFF,ON,ON,ON,OFF,OFF,OFF,0.1,4,1,0,0,0,0,0,0,0,N/A,38.35,42.57,2.567,17.83,21.1127,0.8445,0.6808,0.7287,N/A,0.583,N/A,a3c26d6f95db7d9cd8142bb14d4501f05c5894c92a3ea977c6fa12033aa48b39
safetyoff__static_clutter__MAPPO__seed5__ep05,safety_off_evaluation,static_clutter,MAPPO,5,5,4,1,OFF,ON,ON,ON,OFF,OFF,OFF,0.1,4,1,0,0,0,0,0,0,0,N/A,35.06,38.23,2.564,18.1,21.1127,0.8573,0.7207,0.6889,N/A,0.5511,N/A,a3c26d6f95db7d9cd8142bb14d4501f05c5894c92a3ea977c6fa12033aa48b39
safetyoff__static_clutter__MAPPO__seed5__ep06,safety_off_evaluation,static_clutter,MAPPO,5,6,4,1,OFF,ON,ON,ON,OFF,OFF,OFF,0.1,4,1,0,0,0,0,0,0,0,N/A,39.09,42.82,2.039,17.67,21.3002,0.8296,0.6979,0.6539,N/A,0.5231,N/A,a3c26d6f95db7d9cd8142bb14d4501f05c5894c92a3ea977c6fa12033aa48b39
safetyoff__static_clutter__MAPPO__seed5__ep07,safety_off_evaluation,static_clutter,MAPPO,5,7,4,1,OFF,ON,ON,ON,OFF,OFF,OFF,0.1,4,1,0,0,0,0,0,0,0,N/A,35.79,40.61,1.486,18.02,21.1127,0.8535,0.6944,0.7238,N/A,0.579,N/A,a3c26d6f95db7d9cd8142bb14d4501f05c5894c92a3ea977c6fa12033aa48b39
safetyoff__static_clutter__MAPPO__seed5__ep08,safety_off_evaluation,static_clutter,MAPPO,5,8,4,1,OFF,ON,ON,ON,OFF,OFF,OFF,0.1,4,1,0,0,0,0,0,0,0,N/A,37.11,41.81,1.05,17.22,21.3002,0.8084,0.7197,0.7053,N/A,0.5642,N/A,a3c26d6f95db7d9cd8142bb14d4501f05c5894c92a3ea977c6fa12033aa48b39
safetyoff__static_clutter__MAPPO__seed5__ep09,safety_off_evaluation,static_clutter,MAPPO,5,9,4,1,OFF,ON,ON,ON,OFF,OFF,OFF,0.1,4,1,0,0,0,0,0,0,1,N/A,39.62,42.87,1.571,17.16,21.1752,0.8104,0.6758,0.5311,N/A,0.4249,N/A,a3c26d6f95db7d9cd8142bb14d4501f05c5894c92a3ea977c6fa12033aa48b39
safetyoff__static_clutter__MAPPO__seed6__ep00,safety_off_evaluation,static_clutter,MAPPO,6,0,4,1,OFF,ON,ON,ON,OFF,OFF,OFF,0.1,4,1,0,0,0,0,0,0,1,N/A,34.9,37.85,1.517,17.55,21.1752,0.8288,0.7115,0.4781,N/A,0.3825,N/A,4ef9ed257bf9b92f926da310e13a03f687b3473a94b0db93bf5c23291c5be255
safetyoff__static_clutter__MAPPO__seed6__ep01,safety_off_evaluation,static_clutter,MAPPO,6,1,4,1,OFF,ON,ON,ON,OFF,OFF,OFF,0.1,4,1,0,0,0,0,0,0,0,N/A,34.37,38.04,0.782,17.7,21.1127,0.8384,0.7593,0.6193,N/A,0.4954,N/A,4ef9ed257bf9b92f926da310e13a03f687b3473a94b0db93bf5c23291c5be255
safetyoff__static_clutter__MAPPO__seed6__ep02,safety_off_evaluation,static_clutter,MAPPO,6,2,4,1,OFF,ON,ON,ON,OFF,OFF,OFF,0.1,4,1,0,0,0,0,0,0,0,N/A,37,41.29,2.28,17.76,21.2377,0.8362,0.754,0.691,N/A,0.5528,N/A,4ef9ed257bf9b92f926da310e13a03f687b3473a94b0db93bf5c23291c5be255
safetyoff__static_clutter__MAPPO__seed6__ep03,safety_off_evaluation,static_clutter,MAPPO,6,3,4,1,OFF,ON,ON,ON,OFF,OFF,OFF,0.1,4,1,0,0,0,0,0,0,1,N/A,37.13,40.96,1.677,17.49,21.3002,0.8211,0.6777,0.5246,N/A,0.4197,N/A,4ef9ed257bf9b92f926da310e13a03f687b3473a94b0db93bf5c23291c5be255
safetyoff__static_clutter__MAPPO__seed6__ep04,safety_off_evaluation,static_clutter,MAPPO,6,4,4,1,OFF,ON,ON,ON,OFF,OFF,OFF,0.1,4,1,0,0,0,0,0,0,0,N/A,34.98,38.04,1.67,17.59,21.1127,0.8331,0.7119,0.6214,N/A,0.4971,N/A,4ef9ed257bf9b92f926da310e13a03f687b3473a94b0db93bf5c23291c5be255
safetyoff__static_clutter__MAPPO__seed6__ep05,safety_off_evaluation,static_clutter,MAPPO,6,5,4,1,OFF,ON,ON,ON,OFF,OFF,OFF,0.1,4,1,0,0,0,0,0,0,0,N/A,35.12,39.13,2.293,17.46,21.2377,0.8221,0.7127,0.6607,N/A,0.5286,N/A,4ef9ed257bf9b92f926da310e13a03f687b3473a94b0db93bf5c23291c5be255
safetyoff__static_clutter__MAPPO__seed6__ep06,safety_off_evaluation,static_clutter,MAPPO,6,6,4,1,OFF,ON,ON,ON,OFF,OFF,OFF,0.1,4,1,0,0,0,0,0,0,0,N/A,40.4,45.25,1.305,18.25,21.1752,0.8619,0.7189,0.7092,N/A,0.5674,N/A,4ef9ed257bf9b92f926da310e13a03f687b3473a94b0db93bf5c23291c5be255
safetyoff__static_clutter__MAPPO__seed6__ep07,safety_off_evaluation,static_clutter,MAPPO,6,7,4,1,OFF,ON,ON,ON,OFF,OFF,OFF,0.1,2,0,1,1,0,1,0,0,1,N/A,40.64,45.68,2.864,17.55,N/A (episode terminated early),N/A (early termination),0.7036,0.2932,N/A,0.2346,N/A,4ef9ed257bf9b92f926da310e13a03f687b3473a94b0db93bf5c23291c5be255
safetyoff__static_clutter__MAPPO__seed6__ep08,safety_off_evaluation,static_clutter,MAPPO,6,8,4,1,OFF,ON,ON,ON,OFF,OFF,OFF,0.1,4,1,0,0,0,0,0,0,0,N/A,36.24,40.1,2.515,17.16,21.3002,0.8056,0.7089,0.728,N/A,0.5824,N/A,4ef9ed257bf9b92f926da310e13a03f687b3473a94b0db93bf5c23291c5be255
safetyoff__static_clutter__MAPPO__seed6__ep09,safety_off_evaluation,static_clutter,MAPPO,6,9,4,1,OFF,ON,ON,ON,OFF,OFF,OFF,0.1,4,1,0,0,0,0,0,0,1,N/A,34.79,37.8,2.598,17.13,21.1127,0.8114,0.6771,0.4592,N/A,0.3674,N/A,4ef9ed257bf9b92f926da310e13a03f687b3473a94b0db93bf5c23291c5be255
safetyoff__static_clutter__MAPPO__seed7__ep00,safety_off_evaluation,static_clutter,MAPPO,7,0,4,1,OFF,ON,ON,ON,OFF,OFF,OFF,0.1,3,0,1,1,0,0,0,0,1,N/A,36.74,39.91,1.443,17.76,N/A (episode terminated early),N/A (early termination),0.7477,0.3321,N/A,0.2657,N/A,299d06ba45073c5edd950efbcf8b612a5df29b4d69460f2285caf150fe46db37
safetyoff__static_clutter__MAPPO__seed7__ep01,safety_off_evaluation,static_clutter,MAPPO,7,1,4,1,OFF,ON,ON,ON,OFF,OFF,OFF,0.1,4,1,0,0,0,0,0,0,0,N/A,34.89,39.35,1.77,17.74,21.1127,0.8403,0.6869,0.7019,N/A,0.5615,N/A,299d06ba45073c5edd950efbcf8b612a5df29b4d69460f2285caf150fe46db37
safetyoff__static_clutter__MAPPO__seed7__ep02,safety_off_evaluation,static_clutter,MAPPO,7,2,4,1,OFF,ON,ON,ON,OFF,OFF,OFF,0.1,4,1,0,0,0,0,0,0,0,N/A,38.83,42.36,1.702,18.08,21.1752,0.8538,0.7428,0.6934,N/A,0.5547,N/A,299d06ba45073c5edd950efbcf8b612a5df29b4d69460f2285caf150fe46db37
safetyoff__static_clutter__MAPPO__seed7__ep03,safety_off_evaluation,static_clutter,MAPPO,7,3,4,1,OFF,ON,ON,ON,OFF,OFF,OFF,0.1,4,1,0,0,0,0,0,0,0,N/A,35.32,40.5,0.852,18.49,21.2377,0.8706,0.7517,0.56,N/A,0.448,N/A,299d06ba45073c5edd950efbcf8b612a5df29b4d69460f2285caf150fe46db37
safetyoff__static_clutter__MAPPO__seed7__ep04,safety_off_evaluation,static_clutter,MAPPO,7,4,4,1,OFF,ON,ON,ON,OFF,OFF,OFF,0.1,4,1,0,0,0,0,0,0,0,N/A,35.43,40.16,1.287,17.94,21.3627,0.8398,0.7405,0.7013,N/A,0.561,N/A,299d06ba45073c5edd950efbcf8b612a5df29b4d69460f2285caf150fe46db37
safetyoff__static_clutter__MAPPO__seed7__ep05,safety_off_evaluation,static_clutter,MAPPO,7,5,4,1,OFF,ON,ON,ON,OFF,OFF,OFF,0.1,2,0,1,1,0,1,0,0,1,N/A,40.82,46.01,2.596,17.16,N/A (episode terminated early),N/A (early termination),0.7568,0.2963,N/A,0.237,N/A,299d06ba45073c5edd950efbcf8b612a5df29b4d69460f2285caf150fe46db37
safetyoff__static_clutter__MAPPO__seed7__ep06,safety_off_evaluation,static_clutter,MAPPO,7,6,4,1,OFF,ON,ON,ON,OFF,OFF,OFF,0.1,4,1,0,0,0,0,0,0,1,N/A,35.57,39.86,2.92,17.26,21.3002,0.8103,0.7242,0.4881,N/A,0.3905,N/A,299d06ba45073c5edd950efbcf8b612a5df29b4d69460f2285caf150fe46db37
safetyoff__static_clutter__MAPPO__seed7__ep07,safety_off_evaluation,static_clutter,MAPPO,7,7,4,1,OFF,ON,ON,ON,OFF,OFF,OFF,0.1,4,1,0,0,0,0,0,0,1,N/A,37.7,42.73,2.874,17.22,21.3627,0.8061,0.7259,0.4808,N/A,0.3846,N/A,299d06ba45073c5edd950efbcf8b612a5df29b4d69460f2285caf150fe46db37
safetyoff__static_clutter__MAPPO__seed7__ep08,safety_off_evaluation,static_clutter,MAPPO,7,8,4,1,OFF,ON,ON,ON,OFF,OFF,OFF,0.1,2,0,1,1,0,1,0,0,1,N/A,34.37,37.5,2.19,18.12,N/A (episode terminated early),N/A (early termination),0.7517,0.3192,N/A,0.2554,N/A,299d06ba45073c5edd950efbcf8b612a5df29b4d69460f2285caf150fe46db37
safetyoff__static_clutter__MAPPO__seed7__ep09,safety_off_evaluation,static_clutter,MAPPO,7,9,4,1,OFF,ON,ON,ON,OFF,OFF,OFF,0.1,3,0,1,1,0,0,0,0,1,N/A,34.46,38.28,1.845,17.85,N/A (episode terminated early),N/A (early termination),0.7541,0.3448,N/A,0.2758,N/A,299d06ba45073c5edd950efbcf8b612a5df29b4d69460f2285caf150fe46db37
safetyoff__dynamic_pedestrians__MAPPO__seed0__ep00,safety_off_evaluation,dynamic_pedestrians,MAPPO,0,0,4,1,OFF,ON,ON,ON,OFF,OFF,OFF,0.1,2,0,1,1,1,0,0,0,1,1,32.56,36.64,0.9,17.03,N/A (episode terminated early),N/A (early termination),0.7562,0.253,0.4736,0.2024,0.3789,ff4a2fa76f06790ca78040ecf4d7df38359d529c0be7e7e0347d0da47c594728
safetyoff__dynamic_pedestrians__MAPPO__seed0__ep01,safety_off_evaluation,dynamic_pedestrians,MAPPO,0,1,4,1,OFF,ON,ON,ON,OFF,OFF,OFF,0.1,4,1,0,0,0,0,0,0,0,1,30.67,33.2,1.575,17.67,12.8118,1.3792,0.726,0.5791,0.6408,0.4633,0.5126,ff4a2fa76f06790ca78040ecf4d7df38359d529c0be7e7e0347d0da47c594728
safetyoff__dynamic_pedestrians__MAPPO__seed0__ep02,safety_off_evaluation,dynamic_pedestrians,MAPPO,0,2,4,1,OFF,ON,ON,ON,OFF,OFF,OFF,0.1,2,0,1,0,1,1,0,0,1,1,33.04,36.37,1.753,17.91,N/A (episode terminated early),N/A (early termination),0.6985,0.4305,0.4334,0.3444,0.3467,ff4a2fa76f06790ca78040ecf4d7df38359d529c0be7e7e0347d0da47c594728
safetyoff__dynamic_pedestrians__MAPPO__seed0__ep03,safety_off_evaluation,dynamic_pedestrians,MAPPO,0,3,4,1,OFF,ON,ON,ON,OFF,OFF,OFF,0.1,1,0,1,1,1,1,0,0,1,1,37.15,41.57,1.28,17.01,N/A (episode terminated early),N/A (early termination),0.6946,0.2783,0.4077,0.2226,0.3262,ff4a2fa76f06790ca78040ecf4d7df38359d529c0be7e7e0347d0da47c594728
safetyoff__dynamic_pedestrians__MAPPO__seed0__ep04,safety_off_evaluation,dynamic_pedestrians,MAPPO,0,4,4,1,OFF,ON,ON,ON,OFF,OFF,OFF,0.1,4,1,0,0,0,0,0,0,1,0,34.53,39.21,2.499,17.25,12.825,1.345,0.6799,0.474,0.8462,0.3792,0.677,ff4a2fa76f06790ca78040ecf4d7df38359d529c0be7e7e0347d0da47c594728
safetyoff__dynamic_pedestrians__MAPPO__seed0__ep05,safety_off_evaluation,dynamic_pedestrians,MAPPO,0,5,4,1,OFF,ON,ON,ON,OFF,OFF,OFF,0.1,4,1,0,0,0,0,0,0,0,1,36.46,40.47,2.22,17.83,12.8106,1.3918,0.6718,0.5553,0.5803,0.4442,0.4642,ff4a2fa76f06790ca78040ecf4d7df38359d529c0be7e7e0347d0da47c594728
safetyoff__dynamic_pedestrians__MAPPO__seed0__ep06,safety_off_evaluation,dynamic_pedestrians,MAPPO,0,6,4,1,OFF,ON,ON,ON,OFF,OFF,OFF,0.1,4,1,0,0,0,0,0,0,0,0,30.61,34.52,2.765,17.87,12.7812,1.3982,0.7032,0.6311,0.7577,0.5049,0.6062,ff4a2fa76f06790ca78040ecf4d7df38359d529c0be7e7e0347d0da47c594728
safetyoff__dynamic_pedestrians__MAPPO__seed0__ep07,safety_off_evaluation,dynamic_pedestrians,MAPPO,0,7,4,1,OFF,ON,ON,ON,OFF,OFF,OFF,0.1,4,1,0,0,0,0,0,0,1,0,32.01,36.56,2.236,17.75,12.804,1.3863,0.6709,0.5083,0.7975,0.4066,0.638,ff4a2fa76f06790ca78040ecf4d7df38359d529c0be7e7e0347d0da47c594728
safetyoff__dynamic_pedestrians__MAPPO__seed0__ep08,safety_off_evaluation,dynamic_pedestrians,MAPPO,0,8,4,1,OFF,ON,ON,ON,OFF,OFF,OFF,0.1,4,1,0,0,0,0,0,0,0,1,32.19,36.29,2.823,17.96,12.8087,1.4022,0.758,0.6058,0.6832,0.4846,0.5466,ff4a2fa76f06790ca78040ecf4d7df38359d529c0be7e7e0347d0da47c594728
safetyoff__dynamic_pedestrians__MAPPO__seed0__ep09,safety_off_evaluation,dynamic_pedestrians,MAPPO,0,9,4,1,OFF,ON,ON,ON,OFF,OFF,OFF,0.1,2,0,1,0,1,1,0,0,1,1,34.21,39.3,2.874,18.06,N/A (episode terminated early),N/A (early termination),0.7024,0.3759,0.4785,0.3007,0.3828,ff4a2fa76f06790ca78040ecf4d7df38359d529c0be7e7e0347d0da47c594728
safetyoff__dynamic_pedestrians__MAPPO__seed1__ep00,safety_off_evaluation,dynamic_pedestrians,MAPPO,1,0,4,1,OFF,ON,ON,ON,OFF,OFF,OFF,0.1,4,1,0,0,0,0,0,0,1,0,31.75,36.36,1.312,17.95,12.8146,1.4007,0.6704,0.5189,0.743,0.4151,0.5944,0f00ce21cc6b271e6e5b8f78ff900dbf7ea8424224e5079bbbd35108c07b5b9b
safetyoff__dynamic_pedestrians__MAPPO__seed1__ep01,safety_off_evaluation,dynamic_pedestrians,MAPPO,1,1,4,1,OFF,ON,ON,ON,OFF,OFF,OFF,0.1,4,1,0,0,0,0,0,0,1,1,33.2,37.47,0.93,17.24,12.8038,1.3465,0.7199,0.4807,0.6689,0.3846,0.5351,0f00ce21cc6b271e6e5b8f78ff900dbf7ea8424224e5079bbbd35108c07b5b9b
safetyoff__dynamic_pedestrians__MAPPO__seed1__ep02,safety_off_evaluation,dynamic_pedestrians,MAPPO,1,2,4,1,OFF,ON,ON,ON,OFF,OFF,OFF,0.1,4,1,0,0,0,0,0,0,0,1,34.15,38.87,2.821,17.2,12.802,1.3435,0.7485,0.5893,0.5827,0.4714,0.4662,0f00ce21cc6b271e6e5b8f78ff900dbf7ea8424224e5079bbbd35108c07b5b9b
safetyoff__dynamic_pedestrians__MAPPO__seed1__ep03,safety_off_evaluation,dynamic_pedestrians,MAPPO,1,3,4,1,OFF,ON,ON,ON,OFF,OFF,OFF,0.1,4,1,0,0,0,0,0,0,1,0,34.1,38.9,1.731,17.26,12.8151,1.3469,0.7328,0.5429,0.7593,0.4343,0.6074,0f00ce21cc6b271e6e5b8f78ff900dbf7ea8424224e5079bbbd35108c07b5b9b
safetyoff__dynamic_pedestrians__MAPPO__seed1__ep04,safety_off_evaluation,dynamic_pedestrians,MAPPO,1,4,4,1,OFF,ON,ON,ON,OFF,OFF,OFF,0.1,4,1,0,0,0,0,0,0,0,1,33.86,37.42,2.895,17.12,12.8093,1.3365,0.6747,0.6792,0.5663,0.5434,0.453,0f00ce21cc6b271e6e5b8f78ff900dbf7ea8424224e5079bbbd35108c07b5b9b
safetyoff__dynamic_pedestrians__MAPPO__seed1__ep05,safety_off_evaluation,dynamic_pedestrians,MAPPO,1,5,4,1,OFF,ON,ON,ON,OFF,OFF,OFF,0.1,2,0,1,1,1,0,0,0,1,1,35.96,40.53,1.562,17.9,N/A (episode terminated early),N/A (early termination),0.7058,0.2998,0.4713,0.2398,0.377,0f00ce21cc6b271e6e5b8f78ff900dbf7ea8424224e5079bbbd35108c07b5b9b
safetyoff__dynamic_pedestrians__MAPPO__seed1__ep06,safety_off_evaluation,dynamic_pedestrians,MAPPO,1,6,4,1,OFF,ON,ON,ON,OFF,OFF,OFF,0.1,4,1,0,0,0,0,0,0,1,1,36.84,41.06,2.263,17.49,12.8254,1.3637,0.7249,0.516,0.6657,0.4128,0.5326,0f00ce21cc6b271e6e5b8f78ff900dbf7ea8424224e5079bbbd35108c07b5b9b
safetyoff__dynamic_pedestrians__MAPPO__seed1__ep07,safety_off_evaluation,dynamic_pedestrians,MAPPO,1,7,4,1,OFF,ON,ON,ON,OFF,OFF,OFF,0.1,4,1,0,0,0,0,0,0,0,0,30.51,33.81,1.299,17.55,12.8021,1.3709,0.6917,0.6006,0.7388,0.4805,0.591,0f00ce21cc6b271e6e5b8f78ff900dbf7ea8424224e5079bbbd35108c07b5b9b
safetyoff__dynamic_pedestrians__MAPPO__seed1__ep08,safety_off_evaluation,dynamic_pedestrians,MAPPO,1,8,4,1,OFF,ON,ON,ON,OFF,OFF,OFF,0.1,4,1,0,0,0,0,0,0,1,1,31.8,34.95,1.75,18.06,12.8116,1.4097,0.6806,0.4316,0.5473,0.3453,0.4378,0f00ce21cc6b271e6e5b8f78ff900dbf7ea8424224e5079bbbd35108c07b5b9b
safetyoff__dynamic_pedestrians__MAPPO__seed1__ep09,safety_off_evaluation,dynamic_pedestrians,MAPPO,1,9,4,1,OFF,ON,ON,ON,OFF,OFF,OFF,0.1,4,1,0,0,0,0,0,0,0,1,34.5,38.04,2.878,17.29,12.8057,1.3502,0.6892,0.5917,0.5685,0.4734,0.4548,0f00ce21cc6b271e6e5b8f78ff900dbf7ea8424224e5079bbbd35108c07b5b9b
safetyoff__dynamic_pedestrians__MAPPO__seed2__ep00,safety_off_evaluation,dynamic_pedestrians,MAPPO,2,0,4,1,OFF,ON,ON,ON,OFF,OFF,OFF,0.1,2,0,1,1,1,0,0,0,1,1,32.9,37.24,1.595,17.49,N/A (episode terminated early),N/A (early termination),0.6809,0.3171,0.469,0.2537,0.3752,ed04c8a5e8d6d1e7298bb5d8677fb0d9ce116f77e5bb0771f4beb4edac29f640
safetyoff__dynamic_pedestrians__MAPPO__seed2__ep01,safety_off_evaluation,dynamic_pedestrians,MAPPO,2,1,4,1,OFF,ON,ON,ON,OFF,OFF,OFF,0.1,1,0,1,1,1,1,0,0,1,1,33.27,37.1,1.87,18.3,N/A (episode terminated early),N/A (early termination),0.7561,0.2575,0.4738,0.206,0.379,ed04c8a5e8d6d1e7298bb5d8677fb0d9ce116f77e5bb0771f4beb4edac29f640
safetyoff__dynamic_pedestrians__MAPPO__seed2__ep02,safety_off_evaluation,dynamic_pedestrians,MAPPO,2,2,4,1,OFF,ON,ON,ON,OFF,OFF,OFF,0.1,3,0,1,0,1,0,0,0,1,1,34.57,38.7,1.707,17.84,N/A (episode terminated early),N/A (early termination),0.7214,0.4234,0.4149,0.3387,0.3319,ed04c8a5e8d6d1e7298bb5d8677fb0d9ce116f77e5bb0771f4beb4edac29f640
safetyoff__dynamic_pedestrians__MAPPO__seed2__ep03,safety_off_evaluation,dynamic_pedestrians,MAPPO,2,3,4,1,OFF,ON,ON,ON,OFF,OFF,OFF,0.1,1,0,1,1,1,1,0,0,1,1,37.7,41.87,1.802,18.17,N/A (episode terminated early),N/A (early termination),0.7412,0.3003,0.3848,0.2402,0.3078,ed04c8a5e8d6d1e7298bb5d8677fb0d9ce116f77e5bb0771f4beb4edac29f640
safetyoff__dynamic_pedestrians__MAPPO__seed2__ep04,safety_off_evaluation,dynamic_pedestrians,MAPPO,2,4,4,1,OFF,ON,ON,ON,OFF,OFF,OFF,0.1,3,0,1,0,0,1,1,0,0,0,30.84,34.68,1.403,17.41,N/A (episode terminated early),N/A (early termination),0.6714,0.7437,0.7818,0.595,0.6254,ed04c8a5e8d6d1e7298bb5d8677fb0d9ce116f77e5bb0771f4beb4edac29f640
safetyoff__dynamic_pedestrians__MAPPO__seed2__ep05,safety_off_evaluation,dynamic_pedestrians,MAPPO,2,5,4,1,OFF,ON,ON,ON,OFF,OFF,OFF,0.1,2,0,1,0,1,1,0,0,1,1,30.01,32.41,1.039,17.48,N/A (episode terminated early),N/A (early termination),0.6871,0.4316,0.5103,0.3453,0.4082,ed04c8a5e8d6d1e7298bb5d8677fb0d9ce116f77e5bb0771f4beb4edac29f640
safetyoff__dynamic_pedestrians__MAPPO__seed2__ep06,safety_off_evaluation,dynamic_pedestrians,MAPPO,2,6,4,1,OFF,ON,ON,ON,OFF,OFF,OFF,0.1,4,1,0,0,0,0,0,0,1,1,30.9,35.47,1.111,17.28,12.8368,1.3461,0.7252,0.3826,0.5466,0.3061,0.4373,ed04c8a5e8d6d1e7298bb5d8677fb0d9ce116f77e5bb0771f4beb4edac29f640
safetyoff__dynamic_pedestrians__MAPPO__seed2__ep07,safety_off_evaluation,dynamic_pedestrians,MAPPO,2,7,4,1,OFF,ON,ON,ON,OFF,OFF,OFF,0.1,2,0,1,1,1,0,0,0,1,1,34.62,39.81,0.712,18.43,N/A (episode terminated early),N/A (early termination),0.6846,0.3135,0.4904,0.2508,0.3923,ed04c8a5e8d6d1e7298bb5d8677fb0d9ce116f77e5bb0771f4beb4edac29f640
safetyoff__dynamic_pedestrians__MAPPO__seed2__ep08,safety_off_evaluation,dynamic_pedestrians,MAPPO,2,8,4,1,OFF,ON,ON,ON,OFF,OFF,OFF,0.1,4,1,0,0,0,0,0,0,0,0,34.03,38.36,1.121,18.4,12.7667,1.4413,0.7242,0.7496,0.7148,0.5997,0.5718,ed04c8a5e8d6d1e7298bb5d8677fb0d9ce116f77e5bb0771f4beb4edac29f640
safetyoff__dynamic_pedestrians__MAPPO__seed2__ep09,safety_off_evaluation,dynamic_pedestrians,MAPPO,2,9,4,1,OFF,ON,ON,ON,OFF,OFF,OFF,0.1,4,1,0,0,0,0,0,0,1,0,37.26,40.25,0.742,18.49,12.7992,1.4446,0.707,0.4929,0.7955,0.3943,0.6364,ed04c8a5e8d6d1e7298bb5d8677fb0d9ce116f77e5bb0771f4beb4edac29f640
safetyoff__dynamic_pedestrians__MAPPO__seed3__ep00,safety_off_evaluation,dynamic_pedestrians,MAPPO,3,0,4,1,OFF,ON,ON,ON,OFF,OFF,OFF,0.1,4,1,0,0,0,0,0,0,1,1,33.99,38.03,2.214,18.18,12.8087,1.4193,0.6895,0.5427,0.6356,0.4342,0.5085,c49bd02165e78b3faef62928782ceb9d78ec7c0c032be83b0beff632a8ded4e7
safetyoff__dynamic_pedestrians__MAPPO__seed3__ep01,safety_off_evaluation,dynamic_pedestrians,MAPPO,3,1,4,1,OFF,ON,ON,ON,OFF,OFF,OFF,0.1,3,0,1,0,0,1,1,0,0,0,37.91,42.14,1.284,17.63,N/A (episode terminated early),N/A (early termination),0.6923,0.5836,0.8484,0.4669,0.6787,c49bd02165e78b3faef62928782ceb9d78ec7c0c032be83b0beff632a8ded4e7
safetyoff__dynamic_pedestrians__MAPPO__seed3__ep02,safety_off_evaluation,dynamic_pedestrians,MAPPO,3,2,4,1,OFF,ON,ON,ON,OFF,OFF,OFF,0.1,2,0,1,0,1,1,0,0,1,1,33.9,38.67,1.432,17.64,N/A (episode terminated early),N/A (early termination),0.6968,0.4156,0.4806,0.3325,0.3845,c49bd02165e78b3faef62928782ceb9d78ec7c0c032be83b0beff632a8ded4e7
safetyoff__dynamic_pedestrians__MAPPO__seed3__ep03,safety_off_evaluation,dynamic_pedestrians,MAPPO,3,3,4,1,OFF,ON,ON,ON,OFF,OFF,OFF,0.1,4,1,0,0,0,0,0,0,0,1,37.19,41.58,2.539,17.86,12.8254,1.3925,0.7358,0.7141,0.5539,0.5713,0.4431,c49bd02165e78b3faef62928782ceb9d78ec7c0c032be83b0beff632a8ded4e7
safetyoff__dynamic_pedestrians__MAPPO__seed3__ep04,safety_off_evaluation,dynamic_pedestrians,MAPPO,3,4,4,1,OFF,ON,ON,ON,OFF,OFF,OFF,0.1,4,1,0,0,0,0,0,0,0,0,33.82,36.53,0.828,18.2,12.7917,1.4228,0.7322,0.6074,0.8063,0.4859,0.645,c49bd02165e78b3faef62928782ceb9d78ec7c0c032be83b0beff632a8ded4e7
safetyoff__dynamic_pedestrians__MAPPO__seed3__ep05,safety_off_evaluation,dynamic_pedestrians,MAPPO,3,5,4,1,OFF,ON,ON,ON,OFF,OFF,OFF,0.1,4,1,0,0,0,0,0,0,1,1,35.12,38.74,1.201,18.3,12.8011,1.4296,0.6958,0.502,0.5733,0.4016,0.4586,c49bd02165e78b3faef62928782ceb9d78ec7c0c032be83b0beff632a8ded4e7
safetyoff__dynamic_pedestrians__MAPPO__seed3__ep06,safety_off_evaluation,dynamic_pedestrians,MAPPO,3,6,4,1,OFF,ON,ON,ON,OFF,OFF,OFF,0.1,4,1,0,0,0,0,0,0,0,1,32.54,36.09,0.924,18.2,12.824,1.4192,0.7548,0.6048,0.677,0.4838,0.5416,c49bd02165e78b3faef62928782ceb9d78ec7c0c032be83b0beff632a8ded4e7
safetyoff__dynamic_pedestrians__MAPPO__seed3__ep07,safety_off_evaluation,dynamic_pedestrians,MAPPO,3,7,4,1,OFF,ON,ON,ON,OFF,OFF,OFF,0.1,3,0,1,0,0,1,1,0,0,1,35.28,40.3,2.669,17.83,N/A (episode terminated early),N/A (early termination),0.7223,0.725,0.5661,0.58,0.4529,c49bd02165e78b3faef62928782ceb9d78ec7c0c032be83b0beff632a8ded4e7
safetyoff__dynamic_pedestrians__MAPPO__seed3__ep08,safety_off_evaluation,dynamic_pedestrians,MAPPO,3,8,4,1,OFF,ON,ON,ON,OFF,OFF,OFF,0.1,4,1,0,0,0,0,0,0,0,1,35.73,40.49,2.532,18.48,12.8226,1.4412,0.6778,0.6196,0.6845,0.4957,0.5476,c49bd02165e78b3faef62928782ceb9d78ec7c0c032be83b0beff632a8ded4e7
safetyoff__dynamic_pedestrians__MAPPO__seed3__ep09,safety_off_evaluation,dynamic_pedestrians,MAPPO,3,9,4,1,OFF,ON,ON,ON,OFF,OFF,OFF,0.1,2,0,1,1,1,0,0,0,1,1,34.3,38.09,2.047,17.19,N/A (episode terminated early),N/A (early termination),0.711,0.2662,0.3501,0.213,0.2801,c49bd02165e78b3faef62928782ceb9d78ec7c0c032be83b0beff632a8ded4e7
safetyoff__dynamic_pedestrians__MAPPO__seed4__ep00,safety_off_evaluation,dynamic_pedestrians,MAPPO,4,0,4,1,OFF,ON,ON,ON,OFF,OFF,OFF,0.1,4,1,0,0,0,0,0,0,1,1,30.8,33.96,2.164,17.36,12.8129,1.3549,0.7217,0.3835,0.5469,0.3068,0.4375,851644064e0971fda7cfd8bb07c9fdb625dea9bdb6bde0d0b96a36619ad97e43
safetyoff__dynamic_pedestrians__MAPPO__seed4__ep01,safety_off_evaluation,dynamic_pedestrians,MAPPO,4,1,4,1,OFF,ON,ON,ON,OFF,OFF,OFF,0.1,3,0,1,0,1,0,0,0,1,1,34.47,38.45,2.819,18.13,N/A (episode terminated early),N/A (early termination),0.739,0.3862,0.4082,0.309,0.3266,851644064e0971fda7cfd8bb07c9fdb625dea9bdb6bde0d0b96a36619ad97e43
safetyoff__dynamic_pedestrians__MAPPO__seed4__ep02,safety_off_evaluation,dynamic_pedestrians,MAPPO,4,2,4,1,OFF,ON,ON,ON,OFF,OFF,OFF,0.1,4,1,0,0,0,0,0,0,1,1,34,38.68,1.293,17.62,12.7837,1.3783,0.6718,0.4576,0.5811,0.3661,0.4649,851644064e0971fda7cfd8bb07c9fdb625dea9bdb6bde0d0b96a36619ad97e43
safetyoff__dynamic_pedestrians__MAPPO__seed4__ep03,safety_off_evaluation,dynamic_pedestrians,MAPPO,4,3,4,1,OFF,ON,ON,ON,OFF,OFF,OFF,0.1,4,1,0,0,0,0,0,0,0,1,35.78,39.16,2.451,17.1,12.828,1.333,0.7521,0.7017,0.5685,0.5614,0.4548,851644064e0971fda7cfd8bb07c9fdb625dea9bdb6bde0d0b96a36619ad97e43
safetyoff__dynamic_pedestrians__MAPPO__seed4__ep04,safety_off_evaluation,dynamic_pedestrians,MAPPO,4,4,4,1,OFF,ON,ON,ON,OFF,OFF,OFF,0.1,4,1,0,0,0,0,0,0,0,0,35.99,40.91,1.671,17.47,12.81,1.3638,0.7036,0.7062,0.7344,0.565,0.5875,851644064e0971fda7cfd8bb07c9fdb625dea9bdb6bde0d0b96a36619ad97e43
safetyoff__dynamic_pedestrians__MAPPO__seed4__ep05,safety_off_evaluation,dynamic_pedestrians,MAPPO,4,5,4,1,OFF,ON,ON,ON,OFF,OFF,OFF,0.1,2,0,1,1,1,0,0,0,1,1,33.87,37.9,1.828,18.45,N/A (episode terminated early),N/A (early termination),0.755,0.3207,0.5092,0.2566,0.4074,851644064e0971fda7cfd8bb07c9fdb625dea9bdb6bde0d0b96a36619ad97e43
safetyoff__dynamic_pedestrians__MAPPO__seed4__ep06,safety_off_evaluation,dynamic_pedestrians,MAPPO,4,6,4,1,OFF,ON,ON,ON,OFF,OFF,OFF,0.1,3,0,1,0,0,1,1,0,0,1,36.16,39.63,2.062,18.12,N/A (episode terminated early),N/A (early termination),0.7008,0.6016,0.6232,0.4813,0.4986,851644064e0971fda7cfd8bb07c9fdb625dea9bdb6bde0d0b96a36619ad97e43
safetyoff__dynamic_pedestrians__MAPPO__seed4__ep07,safety_off_evaluation,dynamic_pedestrians,MAPPO,4,7,4,1,OFF,ON,ON,ON,OFF,OFF,OFF,0.1,4,1,0,0,0,0,0,0,1,1,33.47,38.2,0.774,17.7,12.8263,1.38,0.7108,0.5267,0.596,0.4214,0.4768,851644064e0971fda7cfd8bb07c9fdb625dea9bdb6bde0d0b96a36619ad97e43
safetyoff__dynamic_pedestrians__MAPPO__seed4__ep08,safety_off_evaluation,dynamic_pedestrians,MAPPO,4,8,4,1,OFF,ON,ON,ON,OFF,OFF,OFF,0.1,3,0,1,0,0,1,1,0,0,0,37.13,42.37,2.541,17.63,N/A (episode terminated early),N/A (early termination),0.756,0.712,0.7692,0.5696,0.6154,851644064e0971fda7cfd8bb07c9fdb625dea9bdb6bde0d0b96a36619ad97e43
safetyoff__dynamic_pedestrians__MAPPO__seed4__ep09,safety_off_evaluation,dynamic_pedestrians,MAPPO,4,9,4,1,OFF,ON,ON,ON,OFF,OFF,OFF,0.1,4,1,0,0,0,0,0,0,0,0,37.05,40.98,1.792,17.73,12.7997,1.3852,0.7699,0.7498,0.7518,0.5998,0.6014,851644064e0971fda7cfd8bb07c9fdb625dea9bdb6bde0d0b96a36619ad97e43
safetyoff__dynamic_pedestrians__MAPPO__seed5__ep00,safety_off_evaluation,dynamic_pedestrians,MAPPO,5,0,4,1,OFF,ON,ON,ON,OFF,OFF,OFF,0.1,4,1,0,0,0,0,0,0,0,0,31.13,35.03,1.261,18.21,12.8252,1.4199,0.7098,0.7473,0.7955,0.5978,0.6364,16bb3ca5765ef85894c0d249a7d137fba179a84e8f8926c4419573ffacb58c56
safetyoff__dynamic_pedestrians__MAPPO__seed5__ep01,safety_off_evaluation,dynamic_pedestrians,MAPPO,5,1,4,1,OFF,ON,ON,ON,OFF,OFF,OFF,0.1,3,0,1,0,1,0,0,0,1,1,30.18,32.88,2.377,17.07,N/A (episode terminated early),N/A (early termination),0.7672,0.4076,0.4695,0.3261,0.3756,16bb3ca5765ef85894c0d249a7d137fba179a84e8f8926c4419573ffacb58c56
safetyoff__dynamic_pedestrians__MAPPO__seed5__ep02,safety_off_evaluation,dynamic_pedestrians,MAPPO,5,2,4,1,OFF,ON,ON,ON,OFF,OFF,OFF,0.1,4,1,0,0,0,0,0,0,0,1,36.47,40.11,1.399,17.47,12.7949,1.3654,0.7442,0.6104,0.5753,0.4883,0.4602,16bb3ca5765ef85894c0d249a7d137fba179a84e8f8926c4419573ffacb58c56
safetyoff__dynamic_pedestrians__MAPPO__seed5__ep03,safety_off_evaluation,dynamic_pedestrians,MAPPO,5,3,4,1,OFF,ON,ON,ON,OFF,OFF,OFF,0.1,4,1,0,0,0,0,0,0,0,0,32.88,37.76,2.327,17.65,12.8039,1.3785,0.718,0.5688,0.7521,0.455,0.6017,16bb3ca5765ef85894c0d249a7d137fba179a84e8f8926c4419573ffacb58c56
safetyoff__dynamic_pedestrians__MAPPO__seed5__ep04,safety_off_evaluation,dynamic_pedestrians,MAPPO,5,4,4,1,OFF,ON,ON,ON,OFF,OFF,OFF,0.1,4,1,0,0,0,0,0,0,1,1,31.64,36.19,2.188,17.14,12.8089,1.3381,0.7661,0.5114,0.6052,0.4091,0.4842,16bb3ca5765ef85894c0d249a7d137fba179a84e8f8926c4419573ffacb58c56
safetyoff__dynamic_pedestrians__MAPPO__seed5__ep05,safety_off_evaluation,dynamic_pedestrians,MAPPO,5,5,4,1,OFF,ON,ON,ON,OFF,OFF,OFF,0.1,4,1,0,0,0,0,0,0,0,1,31.94,35.34,1.17,17,12.8037,1.3277,0.7608,0.6981,0.6963,0.5585,0.557,16bb3ca5765ef85894c0d249a7d137fba179a84e8f8926c4419573ffacb58c56
safetyoff__dynamic_pedestrians__MAPPO__seed5__ep06,safety_off_evaluation,dynamic_pedestrians,MAPPO,5,6,4,1,OFF,ON,ON,ON,OFF,OFF,OFF,0.1,1,0,1,1,1,1,0,0,1,1,34.02,37.9,1.329,18.44,N/A (episode terminated early),N/A (early termination),0.7478,0.3544,0.5243,0.2835,0.4194,16bb3ca5765ef85894c0d249a7d137fba179a84e8f8926c4419573ffacb58c56
safetyoff__dynamic_pedestrians__MAPPO__seed5__ep07,safety_off_evaluation,dynamic_pedestrians,MAPPO,5,7,4,1,OFF,ON,ON,ON,OFF,OFF,OFF,0.1,2,0,1,1,1,0,0,0,1,1,34.4,38.39,0.985,17.4,N/A (episode terminated early),N/A (early termination),0.7617,0.3478,0.4015,0.2782,0.3212,16bb3ca5765ef85894c0d249a7d137fba179a84e8f8926c4419573ffacb58c56
safetyoff__dynamic_pedestrians__MAPPO__seed5__ep08,safety_off_evaluation,dynamic_pedestrians,MAPPO,5,8,4,1,OFF,ON,ON,ON,OFF,OFF,OFF,0.1,3,0,1,0,1,0,0,0,1,1,35.75,40.46,2.609,18.05,N/A (episode terminated early),N/A (early termination),0.6765,0.4474,0.4686,0.3579,0.3749,16bb3ca5765ef85894c0d249a7d137fba179a84e8f8926c4419573ffacb58c56
safetyoff__dynamic_pedestrians__MAPPO__seed5__ep09,safety_off_evaluation,dynamic_pedestrians,MAPPO,5,9,4,1,OFF,ON,ON,ON,OFF,OFF,OFF,0.1,2,0,1,1,1,0,0,0,1,1,32.43,35.26,2.96,18.3,N/A (episode terminated early),N/A (early termination),0.7385,0.2827,0.4762,0.2262,0.381,16bb3ca5765ef85894c0d249a7d137fba179a84e8f8926c4419573ffacb58c56
safetyoff__dynamic_pedestrians__MAPPO__seed6__ep00,safety_off_evaluation,dynamic_pedestrians,MAPPO,6,0,4,1,OFF,ON,ON,ON,OFF,OFF,OFF,0.1,2,0,1,1,1,0,0,0,1,1,35.62,39.22,1.546,17.46,N/A (episode terminated early),N/A (early termination),0.6713,0.3373,0.3817,0.2698,0.3054,b56d990f86e127ab112ddac2fb337b251ae17f5ad76b8178586de0d9fb632c9d
safetyoff__dynamic_pedestrians__MAPPO__seed6__ep01,safety_off_evaluation,dynamic_pedestrians,MAPPO,6,1,4,1,OFF,ON,ON,ON,OFF,OFF,OFF,0.1,4,1,0,0,0,0,0,0,0,1,37.86,42.18,1.968,17.34,12.8305,1.3515,0.7384,0.7004,0.5578,0.5603,0.4462,b56d990f86e127ab112ddac2fb337b251ae17f5ad76b8178586de0d9fb632c9d
safetyoff__dynamic_pedestrians__MAPPO__seed6__ep02,safety_off_evaluation,dynamic_pedestrians,MAPPO,6,2,4,1,OFF,ON,ON,ON,OFF,OFF,OFF,0.1,4,1,0,0,0,0,0,0,0,1,34.22,38.46,1.784,17.61,12.7817,1.3778,0.7078,0.6221,0.636,0.4977,0.5088,b56d990f86e127ab112ddac2fb337b251ae17f5ad76b8178586de0d9fb632c9d
safetyoff__dynamic_pedestrians__MAPPO__seed6__ep03,safety_off_evaluation,dynamic_pedestrians,MAPPO,6,3,4,1,OFF,ON,ON,ON,OFF,OFF,OFF,0.1,2,0,1,0,1,1,0,0,1,1,37.55,40.83,1.298,18.18,N/A (episode terminated early),N/A (early termination),0.6891,0.389,0.4818,0.3112,0.3854,b56d990f86e127ab112ddac2fb337b251ae17f5ad76b8178586de0d9fb632c9d
safetyoff__dynamic_pedestrians__MAPPO__seed6__ep04,safety_off_evaluation,dynamic_pedestrians,MAPPO,6,4,4,1,OFF,ON,ON,ON,OFF,OFF,OFF,0.1,2,0,1,1,1,0,0,0,1,1,36.67,41.6,1.623,17.96,N/A (episode terminated early),N/A (early termination),0.7536,0.3576,0.431,0.2861,0.3448,b56d990f86e127ab112ddac2fb337b251ae17f5ad76b8178586de0d9fb632c9d
safetyoff__dynamic_pedestrians__MAPPO__seed6__ep05,safety_off_evaluation,dynamic_pedestrians,MAPPO,6,5,4,1,OFF,ON,ON,ON,OFF,OFF,OFF,0.1,3,0,1,0,1,0,0,0,1,1,31.62,34.35,2.791,17.66,N/A (episode terminated early),N/A (early termination),0.7621,0.3951,0.4167,0.3161,0.3334,b56d990f86e127ab112ddac2fb337b251ae17f5ad76b8178586de0d9fb632c9d
safetyoff__dynamic_pedestrians__MAPPO__seed6__ep06,safety_off_evaluation,dynamic_pedestrians,MAPPO,6,6,4,1,OFF,ON,ON,ON,OFF,OFF,OFF,0.1,4,1,0,0,0,0,0,0,0,0,33.47,36.75,2.027,18.39,12.784,1.4385,0.6814,0.7426,0.7102,0.5941,0.5682,b56d990f86e127ab112ddac2fb337b251ae17f5ad76b8178586de0d9fb632c9d
safetyoff__dynamic_pedestrians__MAPPO__seed6__ep07,safety_off_evaluation,dynamic_pedestrians,MAPPO,6,7,4,1,OFF,ON,ON,ON,OFF,OFF,OFF,0.1,4,1,0,0,0,0,0,0,1,1,34.55,39.06,2.41,17.91,12.8029,1.3989,0.6875,0.5306,0.5814,0.4245,0.4651,b56d990f86e127ab112ddac2fb337b251ae17f5ad76b8178586de0d9fb632c9d
safetyoff__dynamic_pedestrians__MAPPO__seed6__ep08,safety_off_evaluation,dynamic_pedestrians,MAPPO,6,8,4,1,OFF,ON,ON,ON,OFF,OFF,OFF,0.1,2,0,1,0,1,1,0,0,1,1,37.62,42.98,2.518,18.41,N/A (episode terminated early),N/A (early termination),0.7554,0.4424,0.437,0.3539,0.3496,b56d990f86e127ab112ddac2fb337b251ae17f5ad76b8178586de0d9fb632c9d
safetyoff__dynamic_pedestrians__MAPPO__seed6__ep09,safety_off_evaluation,dynamic_pedestrians,MAPPO,6,9,4,1,OFF,ON,ON,ON,OFF,OFF,OFF,0.1,4,1,0,0,0,0,0,0,0,0,31.33,35.45,2.269,18.42,12.8006,1.439,0.6995,0.5706,0.7649,0.4565,0.6119,b56d990f86e127ab112ddac2fb337b251ae17f5ad76b8178586de0d9fb632c9d
safetyoff__dynamic_pedestrians__MAPPO__seed7__ep00,safety_off_evaluation,dynamic_pedestrians,MAPPO,7,0,4,1,OFF,ON,ON,ON,OFF,OFF,OFF,0.1,4,1,0,0,0,0,0,0,1,1,37.85,43.04,0.769,17.1,12.7997,1.336,0.7086,0.4667,0.676,0.3734,0.5408,4607c21b2eb4a7a8f399ce755480a47d973b10f48a6daa24eba74568f388c86d
safetyoff__dynamic_pedestrians__MAPPO__seed7__ep01,safety_off_evaluation,dynamic_pedestrians,MAPPO,7,1,4,1,OFF,ON,ON,ON,OFF,OFF,OFF,0.1,4,1,0,0,0,0,0,0,0,0,32.02,36.01,1.9,17.51,12.8093,1.367,0.7164,0.594,0.8307,0.4752,0.6646,4607c21b2eb4a7a8f399ce755480a47d973b10f48a6daa24eba74568f388c86d
safetyoff__dynamic_pedestrians__MAPPO__seed7__ep02,safety_off_evaluation,dynamic_pedestrians,MAPPO,7,2,4,1,OFF,ON,ON,ON,OFF,OFF,OFF,0.1,4,1,0,0,0,0,0,0,0,0,34.74,39.18,2.497,17.43,12.7926,1.3625,0.7129,0.6602,0.7395,0.5282,0.5916,4607c21b2eb4a7a8f399ce755480a47d973b10f48a6daa24eba74568f388c86d
safetyoff__dynamic_pedestrians__MAPPO__seed7__ep03,safety_off_evaluation,dynamic_pedestrians,MAPPO,7,3,4,1,OFF,ON,ON,ON,OFF,OFF,OFF,0.1,4,1,0,0,0,0,0,0,0,1,30.55,33.49,2.873,17.54,12.7877,1.3716,0.7505,0.594,0.6522,0.4752,0.5218,4607c21b2eb4a7a8f399ce755480a47d973b10f48a6daa24eba74568f388c86d
safetyoff__dynamic_pedestrians__MAPPO__seed7__ep04,safety_off_evaluation,dynamic_pedestrians,MAPPO,7,4,4,1,OFF,ON,ON,ON,OFF,OFF,OFF,0.1,2,0,1,0,1,1,0,0,1,1,37.99,42.46,2.254,17.77,N/A (episode terminated early),N/A (early termination),0.759,0.4067,0.3525,0.3254,0.282,4607c21b2eb4a7a8f399ce755480a47d973b10f48a6daa24eba74568f388c86d
safetyoff__dynamic_pedestrians__MAPPO__seed7__ep05,safety_off_evaluation,dynamic_pedestrians,MAPPO,7,5,4,1,OFF,ON,ON,ON,OFF,OFF,OFF,0.1,3,0,1,0,1,0,0,0,1,1,30,32.47,1.679,17.37,N/A (episode terminated early),N/A (early termination),0.7017,0.4251,0.4922,0.3401,0.3938,4607c21b2eb4a7a8f399ce755480a47d973b10f48a6daa24eba74568f388c86d
safetyoff__dynamic_pedestrians__MAPPO__seed7__ep06,safety_off_evaluation,dynamic_pedestrians,MAPPO,7,6,4,1,OFF,ON,ON,ON,OFF,OFF,OFF,0.1,4,1,0,0,0,0,0,0,0,1,31.53,36.03,2.079,17.03,12.8126,1.3292,0.7681,0.5685,0.5997,0.4548,0.4798,4607c21b2eb4a7a8f399ce755480a47d973b10f48a6daa24eba74568f388c86d
safetyoff__dynamic_pedestrians__MAPPO__seed7__ep07,safety_off_evaluation,dynamic_pedestrians,MAPPO,7,7,4,1,OFF,ON,ON,ON,OFF,OFF,OFF,0.1,4,1,0,0,0,0,0,0,0,1,31.76,36.02,2.361,17.97,12.7875,1.4053,0.721,0.6427,0.6575,0.5142,0.526,4607c21b2eb4a7a8f399ce755480a47d973b10f48a6daa24eba74568f388c86d
safetyoff__dynamic_pedestrians__MAPPO__seed7__ep08,safety_off_evaluation,dynamic_pedestrians,MAPPO,7,8,4,1,OFF,ON,ON,ON,OFF,OFF,OFF,0.1,4,1,0,0,0,0,0,0,0,1,33.1,37.03,2.641,17.31,12.8135,1.3509,0.7227,0.6841,0.6501,0.5473,0.5201,4607c21b2eb4a7a8f399ce755480a47d973b10f48a6daa24eba74568f388c86d
safetyoff__dynamic_pedestrians__MAPPO__seed7__ep09,safety_off_evaluation,dynamic_pedestrians,MAPPO,7,9,4,1,OFF,ON,ON,ON,OFF,OFF,OFF,0.1,4,1,0,0,0,0,0,0,1,1,31.58,36.2,2.807,18.39,12.8218,1.4343,0.7252,0.502,0.6439,0.4016,0.5151,4607c21b2eb4a7a8f399ce755480a47d973b10f48a6daa24eba74568f388c86d
safetyoff__mixed_complex__MAPPO__seed0__ep00,safety_off_evaluation,mixed_complex,MAPPO,0,0,4,1,OFF,ON,ON,ON,OFF,OFF,OFF,0.1,4,1,0,0,0,0,0,0,0,1,48.23,54.79,2.242,17.06,23.0091,0.7414,0.7288,0.618,0.6522,0.4944,0.5218,0ca502417fc7ce8cc715ac05c7cd72fcb2ab4cb604afa783f55aae11b03dfdbc
safetyoff__mixed_complex__MAPPO__seed0__ep01,safety_off_evaluation,mixed_complex,MAPPO,0,1,4,1,OFF,ON,ON,ON,OFF,OFF,OFF,0.1,4,1,0,0,0,0,0,0,1,1,46.46,51.4,1.244,17.46,23.1342,0.7547,0.7228,0.5196,0.5917,0.4157,0.4734,0ca502417fc7ce8cc715ac05c7cd72fcb2ab4cb604afa783f55aae11b03dfdbc
safetyoff__mixed_complex__MAPPO__seed0__ep02,safety_off_evaluation,mixed_complex,MAPPO,0,2,4,1,OFF,ON,ON,ON,OFF,OFF,OFF,0.1,4,1,0,0,0,0,0,0,0,1,46.22,51.94,1.043,18.32,22.9326,0.7989,0.7304,0.5568,0.6903,0.4454,0.5522,0ca502417fc7ce8cc715ac05c7cd72fcb2ab4cb604afa783f55aae11b03dfdbc
safetyoff__mixed_complex__MAPPO__seed0__ep03,safety_off_evaluation,mixed_complex,MAPPO,0,3,4,1,OFF,ON,ON,ON,OFF,OFF,OFF,0.1,4,1,0,0,0,0,0,0,0,1,52.72,58.83,2.271,17.56,23.0527,0.7617,0.71,0.7082,0.5854,0.5666,0.4683,0ca502417fc7ce8cc715ac05c7cd72fcb2ab4cb604afa783f55aae11b03dfdbc
safetyoff__mixed_complex__MAPPO__seed0__ep04,safety_off_evaluation,mixed_complex,MAPPO,0,4,4,1,OFF,ON,ON,ON,OFF,OFF,OFF,0.1,3,0,1,0,1,0,0,0,1,1,48.64,52.91,1.27,18.5,N/A (episode terminated early),N/A (early termination),0.7023,0.4473,0.4134,0.3578,0.3307,0ca502417fc7ce8cc715ac05c7cd72fcb2ab4cb604afa783f55aae11b03dfdbc
safetyoff__mixed_complex__MAPPO__seed0__ep05,safety_off_evaluation,mixed_complex,MAPPO,0,5,4,1,OFF,ON,ON,ON,OFF,OFF,OFF,0.1,3,0,1,0,0,1,0,0,0,1,51.95,57.61,1.913,17.96,N/A (episode terminated early),N/A (early termination),0.7285,0.7031,0.6092,0.5625,0.4874,0ca502417fc7ce8cc715ac05c7cd72fcb2ab4cb604afa783f55aae11b03dfdbc
safetyoff__mixed_complex__MAPPO__seed0__ep06,safety_off_evaluation,mixed_complex,MAPPO,0,6,4,1,OFF,ON,ON,ON,OFF,OFF,OFF,0.1,1,0,1,1,1,1,0,0,1,1,50.05,56.29,1.438,18.1,N/A (episode terminated early),N/A (early termination),0.7045,0.309,0.3738,0.2472,0.299,0ca502417fc7ce8cc715ac05c7cd72fcb2ab4cb604afa783f55aae11b03dfdbc
safetyoff__mixed_complex__MAPPO__seed0__ep07,safety_off_evaluation,mixed_complex,MAPPO,0,7,4,1,OFF,ON,ON,ON,OFF,OFF,OFF,0.1,4,1,0,0,0,0,0,0,0,0,46.79,51.11,0.96,18,23.0529,0.7808,0.6785,0.7025,0.8394,0.562,0.6715,0ca502417fc7ce8cc715ac05c7cd72fcb2ab4cb604afa783f55aae11b03dfdbc
safetyoff__mixed_complex__MAPPO__seed0__ep08,safety_off_evaluation,mixed_complex,MAPPO,0,8,4,1,OFF,ON,ON,ON,OFF,OFF,OFF,0.1,2,0,1,1,0,1,0,0,1,1,52.69,59.27,2.886,17.2,N/A (episode terminated early),N/A (early termination),0.7175,0.2856,0.5314,0.2285,0.4251,0ca502417fc7ce8cc715ac05c7cd72fcb2ab4cb604afa783f55aae11b03dfdbc
safetyoff__mixed_complex__MAPPO__seed0__ep09,safety_off_evaluation,mixed_complex,MAPPO,0,9,4,1,OFF,ON,ON,ON,OFF,OFF,OFF,0.1,4,1,0,0,0,0,0,0,1,1,45.02,48.72,2.07,18.36,23.0095,0.7979,0.7567,0.5207,0.6281,0.4166,0.5025,0ca502417fc7ce8cc715ac05c7cd72fcb2ab4cb604afa783f55aae11b03dfdbc
safetyoff__mixed_complex__MAPPO__seed1__ep00,safety_off_evaluation,mixed_complex,MAPPO,1,0,4,1,OFF,ON,ON,ON,OFF,OFF,OFF,0.1,4,1,0,0,0,0,0,0,0,1,48.12,53.01,2.419,17.33,22.9948,0.7536,0.7442,0.719,0.695,0.5752,0.556,9bb98e4f7d842e98fa4b512044747bc0b4c47124b2236f646416b2580d4dfee9
safetyoff__mixed_complex__MAPPO__seed1__ep01,safety_off_evaluation,mixed_complex,MAPPO,1,1,4,1,OFF,ON,ON,ON,OFF,OFF,OFF,0.1,2,0,1,1,1,0,0,0,1,1,52.69,59.02,0.831,17.07,N/A (episode terminated early),N/A (early termination),0.7474,0.269,0.3749,0.2152,0.2999,9bb98e4f7d842e98fa4b512044747bc0b4c47124b2236f646416b2580d4dfee9
safetyoff__mixed_complex__MAPPO__seed1__ep02,safety_off_evaluation,mixed_complex,MAPPO,1,2,4,1,OFF,ON,ON,ON,OFF,OFF,OFF,0.1,4,1,0,0,0,0,0,0,1,0,46.09,52.72,2.726,17.28,22.8845,0.7551,0.7338,0.4511,0.7653,0.3609,0.6122,9bb98e4f7d842e98fa4b512044747bc0b4c47124b2236f646416b2580d4dfee9
safetyoff__mixed_complex__MAPPO__seed1__ep03,safety_off_evaluation,mixed_complex,MAPPO,1,3,4,1,OFF,ON,ON,ON,OFF,OFF,OFF,0.1,4,1,0,0,0,0,0,0,0,1,45.45,49.16,1.696,18.43,23.1154,0.7973,0.6734,0.741,0.6774,0.5928,0.5419,9bb98e4f7d842e98fa4b512044747bc0b4c47124b2236f646416b2580d4dfee9
safetyoff__mixed_complex__MAPPO__seed1__ep04,safety_off_evaluation,mixed_complex,MAPPO,1,4,4,1,OFF,ON,ON,ON,OFF,OFF,OFF,0.1,2,0,1,1,1,0,0,0,1,1,46.12,51.99,1.486,18.22,N/A (episode terminated early),N/A (early termination),0.725,0.2511,0.5089,0.2009,0.4071,9bb98e4f7d842e98fa4b512044747bc0b4c47124b2236f646416b2580d4dfee9
safetyoff__mixed_complex__MAPPO__seed1__ep05,safety_off_evaluation,mixed_complex,MAPPO,1,5,4,1,OFF,ON,ON,ON,OFF,OFF,OFF,0.1,3,0,1,0,0,1,1,0,0,0,51.24,57.45,1.2,17.25,N/A (episode terminated early),N/A (early termination),0.762,0.7264,0.807,0.5811,0.6456,9bb98e4f7d842e98fa4b512044747bc0b4c47124b2236f646416b2580d4dfee9
safetyoff__mixed_complex__MAPPO__seed1__ep06,safety_off_evaluation,mixed_complex,MAPPO,1,6,4,1,OFF,ON,ON,ON,OFF,OFF,OFF,0.1,3,0,1,0,1,0,0,0,1,1,47.07,54.06,1.988,17.52,N/A (episode terminated early),N/A (early termination),0.6942,0.4043,0.5214,0.3234,0.4171,9bb98e4f7d842e98fa4b512044747bc0b4c47124b2236f646416b2580d4dfee9
safetyoff__mixed_complex__MAPPO__seed1__ep07,safety_off_evaluation,mixed_complex,MAPPO,1,7,4,1,OFF,ON,ON,ON,OFF,OFF,OFF,0.1,2,0,1,1,1,0,0,0,1,1,46.24,51.79,0.935,18.05,N/A (episode terminated early),N/A (early termination),0.7219,0.3117,0.4494,0.2494,0.3595,9bb98e4f7d842e98fa4b512044747bc0b4c47124b2236f646416b2580d4dfee9
safetyoff__mixed_complex__MAPPO__seed1__ep08,safety_off_evaluation,mixed_complex,MAPPO,1,8,4,1,OFF,ON,ON,ON,OFF,OFF,OFF,0.1,4,1,0,0,0,0,0,0,0,0,52.8,60.37,2.956,17.4,23.2011,0.75,0.714,0.7078,0.7351,0.5662,0.5881,9bb98e4f7d842e98fa4b512044747bc0b4c47124b2236f646416b2580d4dfee9
safetyoff__mixed_complex__MAPPO__seed1__ep09,safety_off_evaluation,mixed_complex,MAPPO,1,9,4,1,OFF,ON,ON,ON,OFF,OFF,OFF,0.1,2,0,1,1,1,0,0,0,1,1,46.19,51.5,1.2,17.53,N/A (episode terminated early),N/A (early termination),0.7198,0.3539,0.4928,0.2831,0.3942,9bb98e4f7d842e98fa4b512044747bc0b4c47124b2236f646416b2580d4dfee9
safetyoff__mixed_complex__MAPPO__seed2__ep00,safety_off_evaluation,mixed_complex,MAPPO,2,0,4,1,OFF,ON,ON,ON,OFF,OFF,OFF,0.1,3,0,1,0,1,0,0,0,1,1,50.01,55.11,2.932,17.49,N/A (episode terminated early),N/A (early termination),0.6979,0.4325,0.4307,0.346,0.3446,37a60b6c598a8fb52ef0630130a0ff25612e37a333346153c086f87037cb7f26
safetyoff__mixed_complex__MAPPO__seed2__ep01,safety_off_evaluation,mixed_complex,MAPPO,2,1,4,1,OFF,ON,ON,ON,OFF,OFF,OFF,0.1,4,1,0,0,0,0,0,0,1,0,45.56,49.42,2.13,17.91,23.0576,0.7768,0.6799,0.5388,0.8171,0.431,0.6537,37a60b6c598a8fb52ef0630130a0ff25612e37a333346153c086f87037cb7f26
safetyoff__mixed_complex__MAPPO__seed2__ep02,safety_off_evaluation,mixed_complex,MAPPO,2,2,4,1,OFF,ON,ON,ON,OFF,OFF,OFF,0.1,4,1,0,0,0,0,0,0,0,1,48.66,52.9,1.456,17.36,22.947,0.7565,0.7428,0.6913,0.6777,0.553,0.5422,37a60b6c598a8fb52ef0630130a0ff25612e37a333346153c086f87037cb7f26
safetyoff__mixed_complex__MAPPO__seed2__ep03,safety_off_evaluation,mixed_complex,MAPPO,2,3,4,1,OFF,ON,ON,ON,OFF,OFF,OFF,0.1,4,1,0,0,0,0,0,0,0,0,45.89,50.67,1.021,18.5,23.1966,0.7975,0.7198,0.6357,0.8442,0.5086,0.6754,37a60b6c598a8fb52ef0630130a0ff25612e37a333346153c086f87037cb7f26
safetyoff__mixed_complex__MAPPO__seed2__ep04,safety_off_evaluation,mixed_complex,MAPPO,2,4,4,1,OFF,ON,ON,ON,OFF,OFF,OFF,0.1,4,1,0,0,0,0,0,0,1,1,52.62,59.53,2.063,17.51,22.8654,0.7658,0.683,0.5494,0.6828,0.4395,0.5462,37a60b6c598a8fb52ef0630130a0ff25612e37a333346153c086f87037cb7f26
safetyoff__mixed_complex__MAPPO__seed2__ep05,safety_off_evaluation,mixed_complex,MAPPO,2,5,4,1,OFF,ON,ON,ON,OFF,OFF,OFF,0.1,2,0,1,1,1,0,0,0,1,1,47.1,52.96,1.301,17.06,N/A (episode terminated early),N/A (early termination),0.7087,0.2706,0.4233,0.2165,0.3386,37a60b6c598a8fb52ef0630130a0ff25612e37a333346153c086f87037cb7f26
safetyoff__mixed_complex__MAPPO__seed2__ep06,safety_off_evaluation,mixed_complex,MAPPO,2,6,4,1,OFF,ON,ON,ON,OFF,OFF,OFF,0.1,3,0,1,0,1,0,0,0,1,1,48.55,53.26,1.126,17.99,N/A (episode terminated early),N/A (early termination),0.7078,0.4397,0.5023,0.3518,0.4018,37a60b6c598a8fb52ef0630130a0ff25612e37a333346153c086f87037cb7f26
safetyoff__mixed_complex__MAPPO__seed2__ep07,safety_off_evaluation,mixed_complex,MAPPO,2,7,4,1,OFF,ON,ON,ON,OFF,OFF,OFF,0.1,4,1,0,0,0,0,0,0,1,1,49.3,54.77,1.736,17.35,22.9902,0.7547,0.7302,0.5123,0.6711,0.4098,0.5369,37a60b6c598a8fb52ef0630130a0ff25612e37a333346153c086f87037cb7f26
safetyoff__mixed_complex__MAPPO__seed2__ep08,safety_off_evaluation,mixed_complex,MAPPO,2,8,4,1,OFF,ON,ON,ON,OFF,OFF,OFF,0.1,2,0,1,0,1,1,0,0,1,1,50.19,56.97,1.612,18.23,N/A (episode terminated early),N/A (early termination),0.7357,0.4329,0.4298,0.3463,0.3438,37a60b6c598a8fb52ef0630130a0ff25612e37a333346153c086f87037cb7f26
safetyoff__mixed_complex__MAPPO__seed2__ep09,safety_off_evaluation,mixed_complex,MAPPO,2,9,4,1,OFF,ON,ON,ON,OFF,OFF,OFF,0.1,4,1,0,0,0,0,0,0,0,1,45.2,49.77,2.417,17.81,23.2401,0.7663,0.7372,0.7232,0.6844,0.5786,0.5475,37a60b6c598a8fb52ef0630130a0ff25612e37a333346153c086f87037cb7f26
safetyoff__mixed_complex__MAPPO__seed3__ep00,safety_off_evaluation,mixed_complex,MAPPO,3,0,4,1,OFF,ON,ON,ON,OFF,OFF,OFF,0.1,4,1,0,0,0,0,0,0,0,0,51.93,57.56,1.264,18.25,23.1823,0.7872,0.7066,0.6252,0.7727,0.5002,0.6182,c45a8e9f7fbaccddb1f1ca519e29fef66b0e7446efa6c7104be796e719d0f8ce
safetyoff__mixed_complex__MAPPO__seed3__ep01,safety_off_evaluation,mixed_complex,MAPPO,3,1,4,1,OFF,ON,ON,ON,OFF,OFF,OFF,0.1,4,1,0,0,0,0,0,0,1,1,50.32,56.45,1.69,17.88,22.9467,0.7792,0.7402,0.5372,0.6889,0.4298,0.5511,c45a8e9f7fbaccddb1f1ca519e29fef66b0e7446efa6c7104be796e719d0f8ce
safetyoff__mixed_complex__MAPPO__seed3__ep02,safety_off_evaluation,mixed_complex,MAPPO,3,2,4,1,OFF,ON,ON,ON,OFF,OFF,OFF,0.1,4,1,0,0,0,0,0,0,1,1,47.68,52.01,1.039,17.66,23.1777,0.7619,0.7127,0.5354,0.567,0.4283,0.4536,c45a8e9f7fbaccddb1f1ca519e29fef66b0e7446efa6c7104be796e719d0f8ce
safetyoff__mixed_complex__MAPPO__seed3__ep03,safety_off_evaluation,mixed_complex,MAPPO,3,3,4,1,OFF,ON,ON,ON,OFF,OFF,OFF,0.1,4,1,0,0,0,0,0,0,0,1,45.5,50.76,2.896,18.33,23.1388,0.7922,0.7458,0.7492,0.5812,0.5994,0.465,c45a8e9f7fbaccddb1f1ca519e29fef66b0e7446efa6c7104be796e719d0f8ce
safetyoff__mixed_complex__MAPPO__seed3__ep04,safety_off_evaluation,mixed_complex,MAPPO,3,4,4,1,OFF,ON,ON,ON,OFF,OFF,OFF,0.1,4,1,0,0,0,0,0,0,0,0,45.14,51.24,1.304,17.42,23.1342,0.753,0.7311,0.7245,0.7489,0.5796,0.5991,c45a8e9f7fbaccddb1f1ca519e29fef66b0e7446efa6c7104be796e719d0f8ce
safetyoff__mixed_complex__MAPPO__seed3__ep05,safety_off_evaluation,mixed_complex,MAPPO,3,5,4,1,OFF,ON,ON,ON,OFF,OFF,OFF,0.1,3,0,1,0,0,1,0,0,1,0,48.89,53.92,1.58,17.27,N/A (episode terminated early),N/A (early termination),0.7066,0.5347,0.8222,0.4278,0.6578,c45a8e9f7fbaccddb1f1ca519e29fef66b0e7446efa6c7104be796e719d0f8ce
safetyoff__mixed_complex__MAPPO__seed3__ep06,safety_off_evaluation,mixed_complex,MAPPO,3,6,4,1,OFF,ON,ON,ON,OFF,OFF,OFF,0.1,4,1,0,0,0,0,0,0,0,1,48.01,54.81,1.268,18.46,23.0719,0.8001,0.6725,0.7184,0.6534,0.5747,0.5227,c45a8e9f7fbaccddb1f1ca519e29fef66b0e7446efa6c7104be796e719d0f8ce
safetyoff__mixed_complex__MAPPO__seed3__ep07,safety_off_evaluation,mixed_complex,MAPPO,3,7,4,1,OFF,ON,ON,ON,OFF,OFF,OFF,0.1,4,1,0,0,0,0,0,0,0,0,46.17,51.03,1.364,17.16,23.0573,0.7442,0.7192,0.6697,0.7227,0.5358,0.5782,c45a8e9f7fbaccddb1f1ca519e29fef66b0e7446efa6c7104be796e719d0f8ce
safetyoff__mixed_complex__MAPPO__seed3__ep08,safety_off_evaluation,mixed_complex,MAPPO,3,8,4,1,OFF,ON,ON,ON,OFF,OFF,OFF,0.1,4,1,0,0,0,0,0,0,0,1,50.41,57.92,2.622,18.26,23.1151,0.79,0.719,0.6425,0.6413,0.514,0.513,c45a8e9f7fbaccddb1f1ca519e29fef66b0e7446efa6c7104be796e719d0f8ce
safetyoff__mixed_complex__MAPPO__seed3__ep09,safety_off_evaluation,mixed_complex,MAPPO,3,9,4,1,OFF,ON,ON,ON,OFF,OFF,OFF,0.1,2,0,1,0,1,1,0,0,1,1,49.24,56.6,1.672,17.16,N/A (episode terminated early),N/A (early termination),0.743,0.4059,0.4299,0.3247,0.3439,c45a8e9f7fbaccddb1f1ca519e29fef66b0e7446efa6c7104be796e719d0f8ce
safetyoff__mixed_complex__MAPPO__seed4__ep00,safety_off_evaluation,mixed_complex,MAPPO,4,0,4,1,OFF,ON,ON,ON,OFF,OFF,OFF,0.1,2,0,1,1,1,0,0,0,1,1,52.58,58.4,1.072,17.48,N/A (episode terminated early),N/A (early termination),0.7157,0.3352,0.4621,0.2682,0.3697,e636f42911fd38bd9840b30fc3b2209eac23d4212d0409ef97cf77ff3e60b89e
safetyoff__mixed_complex__MAPPO__seed4__ep01,safety_off_evaluation,mixed_complex,MAPPO,4,1,4,1,OFF,ON,ON,ON,OFF,OFF,OFF,0.1,2,0,1,1,1,0,0,0,1,1,45.3,49.33,2.95,17.09,N/A (episode terminated early),N/A (early termination),0.7386,0.3499,0.4938,0.2799,0.395,e636f42911fd38bd9840b30fc3b2209eac23d4212d0409ef97cf77ff3e60b89e
safetyoff__mixed_complex__MAPPO__seed4__ep02,safety_off_evaluation,mixed_complex,MAPPO,4,2,4,1,OFF,ON,ON,ON,OFF,OFF,OFF,0.1,3,0,1,0,0,1,0,0,0,1,48.26,52.31,2.656,17.08,N/A (episode terminated early),N/A (early termination),0.6769,0.7305,0.679,0.5844,0.5432,e636f42911fd38bd9840b30fc3b2209eac23d4212d0409ef97cf77ff3e60b89e
safetyoff__mixed_complex__MAPPO__seed4__ep03,safety_off_evaluation,mixed_complex,MAPPO,4,3,4,1,OFF,ON,ON,ON,OFF,OFF,OFF,0.1,4,1,0,0,0,0,0,0,1,0,46.87,53.11,2.457,18.39,23.0141,0.7991,0.7338,0.5121,0.7954,0.4097,0.6363,e636f42911fd38bd9840b30fc3b2209eac23d4212d0409ef97cf77ff3e60b89e
safetyoff__mixed_complex__MAPPO__seed4__ep04,safety_off_evaluation,mixed_complex,MAPPO,4,4,4,1,OFF,ON,ON,ON,OFF,OFF,OFF,0.1,4,1,0,0,0,0,0,0,0,1,50.14,57.2,1.258,17.44,22.7771,0.7657,0.768,0.6493,0.5769,0.5194,0.4615,e636f42911fd38bd9840b30fc3b2209eac23d4212d0409ef97cf77ff3e60b89e
safetyoff__mixed_complex__MAPPO__seed4__ep05,safety_off_evaluation,mixed_complex,MAPPO,4,5,4,1,OFF,ON,ON,ON,OFF,OFF,OFF,0.1,3,0,1,0,1,0,0,0,1,1,48.29,55.5,2.171,17.39,N/A (episode terminated early),N/A (early termination),0.7408,0.3619,0.5204,0.2895,0.4163,e636f42911fd38bd9840b30fc3b2209eac23d4212d0409ef97cf77ff3e60b89e
safetyoff__mixed_complex__MAPPO__seed4__ep06,safety_off_evaluation,mixed_complex,MAPPO,4,6,4,1,OFF,ON,ON,ON,OFF,OFF,OFF,0.1,1,0,1,1,1,1,0,0,1,1,50.52,56.28,2.677,18.06,N/A (episode terminated early),N/A (early termination),0.6991,0.2786,0.4275,0.2229,0.342,e636f42911fd38bd9840b30fc3b2209eac23d4212d0409ef97cf77ff3e60b89e
safetyoff__mixed_complex__MAPPO__seed4__ep07,safety_off_evaluation,mixed_complex,MAPPO,4,7,4,1,OFF,ON,ON,ON,OFF,OFF,OFF,0.1,3,0,1,0,1,0,0,0,1,1,50.2,55.03,1.067,18.1,N/A (episode terminated early),N/A (early termination),0.6917,0.3988,0.5189,0.319,0.4151,e636f42911fd38bd9840b30fc3b2209eac23d4212d0409ef97cf77ff3e60b89e
safetyoff__mixed_complex__MAPPO__seed4__ep08,safety_off_evaluation,mixed_complex,MAPPO,4,8,4,1,OFF,ON,ON,ON,OFF,OFF,OFF,0.1,4,1,0,0,0,0,0,0,0,1,52.19,57.02,1.769,18.05,23.0716,0.7823,0.7472,0.5945,0.5902,0.4756,0.4722,e636f42911fd38bd9840b30fc3b2209eac23d4212d0409ef97cf77ff3e60b89e
safetyoff__mixed_complex__MAPPO__seed4__ep09,safety_off_evaluation,mixed_complex,MAPPO,4,9,4,1,OFF,ON,ON,ON,OFF,OFF,OFF,0.1,2,0,1,0,1,1,0,0,1,1,51.47,57.36,2.982,17.4,N/A (episode terminated early),N/A (early termination),0.6996,0.4397,0.4841,0.3518,0.3873,e636f42911fd38bd9840b30fc3b2209eac23d4212d0409ef97cf77ff3e60b89e
safetyoff__mixed_complex__MAPPO__seed5__ep00,safety_off_evaluation,mixed_complex,MAPPO,5,0,4,1,OFF,ON,ON,ON,OFF,OFF,OFF,0.1,4,1,0,0,0,0,0,0,0,1,46.72,51.72,1.199,17.84,23.1966,0.7691,0.6833,0.5753,0.6696,0.4602,0.5357,e6a2846538f683858547fe4180abdaf81394daa57a969cd7b89cd97ba0793342
safetyoff__mixed_complex__MAPPO__seed5__ep01,safety_off_evaluation,mixed_complex,MAPPO,5,1,4,1,OFF,ON,ON,ON,OFF,OFF,OFF,0.1,4,1,0,0,0,0,0,0,0,1,50.64,56.26,1.428,18.1,23.1154,0.783,0.683,0.6372,0.6119,0.5098,0.4895,e6a2846538f683858547fe4180abdaf81394daa57a969cd7b89cd97ba0793342
safetyoff__mixed_complex__MAPPO__seed5__ep02,safety_off_evaluation,mixed_complex,MAPPO,5,2,4,1,OFF,ON,ON,ON,OFF,OFF,OFF,0.1,4,1,0,0,0,0,0,0,0,0,50.2,54.96,1.826,17.57,23.0527,0.7622,0.7215,0.641,0.8006,0.5128,0.6405,e6a2846538f683858547fe4180abdaf81394daa57a969cd7b89cd97ba0793342
safetyoff__mixed_complex__MAPPO__seed5__ep03,safety_off_evaluation,mixed_complex,MAPPO,5,3,4,1,OFF,ON,ON,ON,OFF,OFF,OFF,0.1,2,0,1,1,1,0,0,0,1,1,46.55,52.5,2.965,17.07,N/A (episode terminated early),N/A (early termination),0.7446,0.2818,0.3809,0.2254,0.3047,e6a2846538f683858547fe4180abdaf81394daa57a969cd7b89cd97ba0793342
safetyoff__mixed_complex__MAPPO__seed5__ep04,safety_off_evaluation,mixed_complex,MAPPO,5,4,4,1,OFF,ON,ON,ON,OFF,OFF,OFF,0.1,4,1,0,0,0,0,0,0,1,1,46.31,52.69,0.993,17.27,23.1198,0.747,0.7621,0.5469,0.5884,0.4375,0.4707,e6a2846538f683858547fe4180abdaf81394daa57a969cd7b89cd97ba0793342
safetyoff__mixed_complex__MAPPO__seed5__ep05,safety_off_evaluation,mixed_complex,MAPPO,5,5,4,1,OFF,ON,ON,ON,OFF,OFF,OFF,0.1,4,1,0,0,0,0,0,0,0,0,48.26,53.57,2.309,17.47,22.9279,0.762,0.6784,0.705,0.8316,0.564,0.6653,e6a2846538f683858547fe4180abdaf81394daa57a969cd7b89cd97ba0793342
safetyoff__mixed_complex__MAPPO__seed5__ep06,safety_off_evaluation,mixed_complex,MAPPO,5,6,4,1,OFF,ON,ON,ON,OFF,OFF,OFF,0.1,4,1,0,0,0,0,0,0,0,0,51.55,56.93,2.006,18,23.1342,0.7781,0.694,0.5894,0.825,0.4715,0.66,e6a2846538f683858547fe4180abdaf81394daa57a969cd7b89cd97ba0793342
safetyoff__mixed_complex__MAPPO__seed5__ep07,safety_off_evaluation,mixed_complex,MAPPO,5,7,4,1,OFF,ON,ON,ON,OFF,OFF,OFF,0.1,4,1,0,0,0,0,0,0,0,1,50.29,57.51,0.988,18.32,23.2401,0.7883,0.7205,0.6326,0.6517,0.5061,0.5214,e6a2846538f683858547fe4180abdaf81394daa57a969cd7b89cd97ba0793342
safetyoff__mixed_complex__MAPPO__seed5__ep08,safety_off_evaluation,mixed_complex,MAPPO,5,8,4,1,OFF,ON,ON,ON,OFF,OFF,OFF,0.1,2,0,1,0,1,1,0,0,1,1,45.85,50.53,0.733,18.03,N/A (episode terminated early),N/A (early termination),0.6711,0.4075,0.365,0.326,0.292,e6a2846538f683858547fe4180abdaf81394daa57a969cd7b89cd97ba0793342
safetyoff__mixed_complex__MAPPO__seed5__ep09,safety_off_evaluation,mixed_complex,MAPPO,5,9,4,1,OFF,ON,ON,ON,OFF,OFF,OFF,0.1,4,1,0,0,0,0,0,0,0,1,51.19,57.91,2.484,18.03,22.7817,0.7914,0.6802,0.7438,0.5827,0.595,0.4662,e6a2846538f683858547fe4180abdaf81394daa57a969cd7b89cd97ba0793342
safetyoff__mixed_complex__MAPPO__seed6__ep00,safety_off_evaluation,mixed_complex,MAPPO,6,0,4,1,OFF,ON,ON,ON,OFF,OFF,OFF,0.1,1,0,1,1,1,1,0,0,1,1,52.01,59.32,1.57,17.03,N/A (episode terminated early),N/A (early termination),0.6945,0.3544,0.5234,0.2835,0.4187,be0fc729bb8d0d485bb80c427b94aecfdfb3c2bde20e06ada2f436a88984e96a
safetyoff__mixed_complex__MAPPO__seed6__ep01,safety_off_evaluation,mixed_complex,MAPPO,6,1,4,1,OFF,ON,ON,ON,OFF,OFF,OFF,0.1,2,0,1,1,1,0,0,0,1,1,49.39,54.14,1.153,17.66,N/A (episode terminated early),N/A (early termination),0.7537,0.285,0.4329,0.228,0.3463,be0fc729bb8d0d485bb80c427b94aecfdfb3c2bde20e06ada2f436a88984e96a
safetyoff__mixed_complex__MAPPO__seed6__ep02,safety_off_evaluation,mixed_complex,MAPPO,6,2,4,1,OFF,ON,ON,ON,OFF,OFF,OFF,0.1,4,1,0,0,0,0,0,0,1,0,48.29,55.38,1.392,17.9,23.1777,0.7723,0.6896,0.4598,0.7041,0.3678,0.5633,be0fc729bb8d0d485bb80c427b94aecfdfb3c2bde20e06ada2f436a88984e96a
safetyoff__mixed_complex__MAPPO__seed6__ep03,safety_off_evaluation,mixed_complex,MAPPO,6,3,4,1,OFF,ON,ON,ON,OFF,OFF,OFF,0.1,4,1,0,0,0,0,0,0,0,0,45.47,50.48,2.478,17.14,22.9692,0.7462,0.7587,0.5899,0.7128,0.4719,0.5702,be0fc729bb8d0d485bb80c427b94aecfdfb3c2bde20e06ada2f436a88984e96a
safetyoff__mixed_complex__MAPPO__seed6__ep04,safety_off_evaluation,mixed_complex,MAPPO,6,4,4,1,OFF,ON,ON,ON,OFF,OFF,OFF,0.1,4,1,0,0,0,0,0,0,1,1,45.92,51.07,0.973,17.58,22.8654,0.7688,0.7599,0.5379,0.6972,0.4303,0.5578,be0fc729bb8d0d485bb80c427b94aecfdfb3c2bde20e06ada2f436a88984e96a
safetyoff__mixed_complex__MAPPO__seed6__ep05,safety_off_evaluation,mixed_complex,MAPPO,6,5,4,1,OFF,ON,ON,ON,OFF,OFF,OFF,0.1,4,1,0,0,0,0,0,0,0,1,51.6,55.96,1.959,17.79,23.1342,0.769,0.7537,0.6,0.5898,0.48,0.4718,be0fc729bb8d0d485bb80c427b94aecfdfb3c2bde20e06ada2f436a88984e96a
safetyoff__mixed_complex__MAPPO__seed6__ep06,safety_off_evaluation,mixed_complex,MAPPO,6,6,4,1,OFF,ON,ON,ON,OFF,OFF,OFF,0.1,3,0,1,0,0,1,0,0,1,1,47.38,54.06,1.729,18.07,N/A (episode terminated early),N/A (early termination),0.7258,0.4331,0.5442,0.3465,0.4354,be0fc729bb8d0d485bb80c427b94aecfdfb3c2bde20e06ada2f436a88984e96a
safetyoff__mixed_complex__MAPPO__seed6__ep07,safety_off_evaluation,mixed_complex,MAPPO,6,7,4,1,OFF,ON,ON,ON,OFF,OFF,OFF,0.1,4,1,0,0,0,0,0,0,0,1,52.52,59.33,1.748,18.29,22.822,0.8014,0.7029,0.6252,0.5648,0.5002,0.4518,be0fc729bb8d0d485bb80c427b94aecfdfb3c2bde20e06ada2f436a88984e96a
safetyoff__mixed_complex__MAPPO__seed6__ep08,safety_off_evaluation,mixed_complex,MAPPO,6,8,4,1,OFF,ON,ON,ON,OFF,OFF,OFF,0.1,4,1,0,0,0,0,0,0,0,1,50.97,55.45,2.62,17.71,23.1342,0.7655,0.6733,0.6022,0.654,0.4818,0.5232,be0fc729bb8d0d485bb80c427b94aecfdfb3c2bde20e06ada2f436a88984e96a
safetyoff__mixed_complex__MAPPO__seed6__ep09,safety_off_evaluation,mixed_complex,MAPPO,6,9,4,1,OFF,ON,ON,ON,OFF,OFF,OFF,0.1,2,0,1,0,1,1,0,0,1,1,50.11,57.4,2.727,17.51,N/A (episode terminated early),N/A (early termination),0.7203,0.3687,0.4872,0.295,0.3898,be0fc729bb8d0d485bb80c427b94aecfdfb3c2bde20e06ada2f436a88984e96a
safetyoff__mixed_complex__MAPPO__seed7__ep00,safety_off_evaluation,mixed_complex,MAPPO,7,0,4,1,OFF,ON,ON,ON,OFF,OFF,OFF,0.1,2,0,1,0,1,1,0,0,1,1,49.39,55.2,2.245,18.23,N/A (episode terminated early),N/A (early termination),0.7011,0.3684,0.5161,0.2947,0.4129,eab3d77c6f40495132dedf0d69ec50ff214661db19ef84577a7df6302eab57ca
safetyoff__mixed_complex__MAPPO__seed7__ep01,safety_off_evaluation,mixed_complex,MAPPO,7,1,4,1,OFF,ON,ON,ON,OFF,OFF,OFF,0.1,3,0,1,0,0,1,0,0,0,0,48.28,54.64,2.703,18.03,N/A (episode terminated early),N/A (early termination),0.7041,0.6165,0.8142,0.4932,0.6514,eab3d77c6f40495132dedf0d69ec50ff214661db19ef84577a7df6302eab57ca
safetyoff__mixed_complex__MAPPO__seed7__ep02,safety_off_evaluation,mixed_complex,MAPPO,7,2,4,1,OFF,ON,ON,ON,OFF,OFF,OFF,0.1,4,1,0,0,0,0,0,0,1,1,52.05,57.27,1.954,17.9,23.0893,0.7753,0.6915,0.3998,0.5315,0.3198,0.4252,eab3d77c6f40495132dedf0d69ec50ff214661db19ef84577a7df6302eab57ca
safetyoff__mixed_complex__MAPPO__seed7__ep03,safety_off_evaluation,mixed_complex,MAPPO,7,3,4,1,OFF,ON,ON,ON,OFF,OFF,OFF,0.1,4,1,0,0,0,0,0,0,0,1,48.51,55.15,1.225,18.02,23.0576,0.7815,0.7631,0.5946,0.5986,0.4757,0.4789,eab3d77c6f40495132dedf0d69ec50ff214661db19ef84577a7df6302eab57ca
safetyoff__mixed_complex__MAPPO__seed7__ep04,safety_off_evaluation,mixed_complex,MAPPO,7,4,4,1,OFF,ON,ON,ON,OFF,OFF,OFF,0.1,2,0,1,0,1,1,0,0,1,1,45.17,50.69,1.328,17.44,N/A (episode terminated early),N/A (early termination),0.7262,0.3601,0.4966,0.2881,0.3973,eab3d77c6f40495132dedf0d69ec50ff214661db19ef84577a7df6302eab57ca
safetyoff__mixed_complex__MAPPO__seed7__ep05,safety_off_evaluation,mixed_complex,MAPPO,7,5,4,1,OFF,ON,ON,ON,OFF,OFF,OFF,0.1,4,1,0,0,0,0,0,0,0,0,50.9,56.71,1.98,18.46,23.0716,0.8001,0.713,0.6353,0.8443,0.5082,0.6754,eab3d77c6f40495132dedf0d69ec50ff214661db19ef84577a7df6302eab57ca
safetyoff__mixed_complex__MAPPO__seed7__ep06,safety_off_evaluation,mixed_complex,MAPPO,7,6,4,1,OFF,ON,ON,ON,OFF,OFF,OFF,0.1,4,1,0,0,0,0,0,0,1,0,49.81,56.93,1.008,18.21,23.0095,0.7914,0.739,0.4622,0.8216,0.3698,0.6573,eab3d77c6f40495132dedf0d69ec50ff214661db19ef84577a7df6302eab57ca
safetyoff__mixed_complex__MAPPO__seed7__ep07,safety_off_evaluation,mixed_complex,MAPPO,7,7,4,1,OFF,ON,ON,ON,OFF,OFF,OFF,0.1,3,0,1,0,0,1,1,0,0,1,48.35,53.6,2.073,18.11,N/A (episode terminated early),N/A (early termination),0.6953,0.6426,0.6875,0.5141,0.55,eab3d77c6f40495132dedf0d69ec50ff214661db19ef84577a7df6302eab57ca
safetyoff__mixed_complex__MAPPO__seed7__ep08,safety_off_evaluation,mixed_complex,MAPPO,7,8,4,1,OFF,ON,ON,ON,OFF,OFF,OFF,0.1,3,0,1,0,0,1,0,0,1,1,50.21,57.27,1.897,17.56,N/A (episode terminated early),N/A (early termination),0.7372,0.5136,0.6,0.4109,0.48,eab3d77c6f40495132dedf0d69ec50ff214661db19ef84577a7df6302eab57ca
safetyoff__mixed_complex__MAPPO__seed7__ep09,safety_off_evaluation,mixed_complex,MAPPO,7,9,4,1,OFF,ON,ON,ON,OFF,OFF,OFF,0.1,3,0,1,0,1,0,0,0,1,1,46.49,50.43,1.044,17.15,N/A (episode terminated early),N/A (early termination),0.7256,0.4025,0.3922,0.322,0.3138,eab3d77c6f40495132dedf0d69ec50ff214661db19ef84577a7df6302eab57ca
safetyoff__static_clutter__MADDPG-style__seed0__ep00,safety_off_evaluation,static_clutter,MADDPG-style,0,0,4,1,OFF,ON,ON,ON,OFF,OFF,OFF,0.1,4,1,0,0,0,0,0,0,1,N/A,34.11,38.21,1.109,17.31,21.1127,0.8199,0.7325,0.4951,N/A,0.3961,N/A,265e89e44b989dc8a332a4791c1d4edc3c47ad009cce9068ca2f8c1e544878bc
safetyoff__static_clutter__MADDPG-style__seed0__ep01,safety_off_evaluation,static_clutter,MADDPG-style,0,1,4,1,OFF,ON,ON,ON,OFF,OFF,OFF,0.1,4,1,0,0,0,0,0,0,1,N/A,33.07,38.02,2.132,17.76,21.2377,0.8362,0.7498,0.4097,N/A,0.3278,N/A,265e89e44b989dc8a332a4791c1d4edc3c47ad009cce9068ca2f8c1e544878bc
safetyoff__static_clutter__MADDPG-style__seed0__ep02,safety_off_evaluation,static_clutter,MADDPG-style,0,2,4,1,OFF,ON,ON,ON,OFF,OFF,OFF,0.1,3,0,1,0,0,1,0,0,1,N/A,36.8,41.27,0.704,17.65,N/A (episode terminated early),N/A (early termination),0.6955,0.5084,N/A,0.4067,N/A,265e89e44b989dc8a332a4791c1d4edc3c47ad009cce9068ca2f8c1e544878bc
safetyoff__static_clutter__MADDPG-style__seed0__ep03,safety_off_evaluation,static_clutter,MADDPG-style,0,3,4,1,OFF,ON,ON,ON,OFF,OFF,OFF,0.1,4,1,0,0,0,0,0,0,0,N/A,37.17,42.7,1.251,17.99,21.1127,0.8521,0.6926,0.7204,N/A,0.5763,N/A,265e89e44b989dc8a332a4791c1d4edc3c47ad009cce9068ca2f8c1e544878bc
safetyoff__static_clutter__MADDPG-style__seed0__ep04,safety_off_evaluation,static_clutter,MADDPG-style,0,4,4,1,OFF,ON,ON,ON,OFF,OFF,OFF,0.1,4,1,0,0,0,0,0,0,1,N/A,38.15,42.25,2.14,17.15,21.3627,0.8028,0.7515,0.5253,N/A,0.4202,N/A,265e89e44b989dc8a332a4791c1d4edc3c47ad009cce9068ca2f8c1e544878bc
safetyoff__static_clutter__MADDPG-style__seed0__ep05,safety_off_evaluation,static_clutter,MADDPG-style,0,5,4,1,OFF,ON,ON,ON,OFF,OFF,OFF,0.1,4,1,0,0,0,0,0,0,1,N/A,36.87,42.04,2.265,17.66,21.3002,0.8291,0.7019,0.4261,N/A,0.3409,N/A,265e89e44b989dc8a332a4791c1d4edc3c47ad009cce9068ca2f8c1e544878bc
safetyoff__static_clutter__MADDPG-style__seed0__ep06,safety_off_evaluation,static_clutter,MADDPG-style,0,6,4,1,OFF,ON,ON,ON,OFF,OFF,OFF,0.1,3,0,1,1,0,0,0,0,1,N/A,33.11,37.76,0.818,17.23,N/A (episode terminated early),N/A (early termination),0.7573,0.3271,N/A,0.2617,N/A,265e89e44b989dc8a332a4791c1d4edc3c47ad009cce9068ca2f8c1e544878bc
safetyoff__static_clutter__MADDPG-style__seed0__ep07,safety_off_evaluation,static_clutter,MADDPG-style,0,7,4,1,OFF,ON,ON,ON,OFF,OFF,OFF,0.1,4,1,0,0,0,0,0,0,0,N/A,40.55,43.96,1.058,17.11,21.3627,0.8009,0.7613,0.6038,N/A,0.483,N/A,265e89e44b989dc8a332a4791c1d4edc3c47ad009cce9068ca2f8c1e544878bc
safetyoff__static_clutter__MADDPG-style__seed0__ep08,safety_off_evaluation,static_clutter,MADDPG-style,0,8,4,1,OFF,ON,ON,ON,OFF,OFF,OFF,0.1,3,0,1,0,0,1,0,0,1,N/A,37.16,41.06,0.907,17.31,N/A (episode terminated early),N/A (early termination),0.681,0.4334,N/A,0.3467,N/A,265e89e44b989dc8a332a4791c1d4edc3c47ad009cce9068ca2f8c1e544878bc
safetyoff__static_clutter__MADDPG-style__seed0__ep09,safety_off_evaluation,static_clutter,MADDPG-style,0,9,4,1,OFF,ON,ON,ON,OFF,OFF,OFF,0.1,4,1,0,0,0,0,0,0,0,N/A,36.25,40.5,1.45,18.05,21.2377,0.8499,0.7363,0.6616,N/A,0.5293,N/A,265e89e44b989dc8a332a4791c1d4edc3c47ad009cce9068ca2f8c1e544878bc
safetyoff__static_clutter__MADDPG-style__seed1__ep00,safety_off_evaluation,static_clutter,MADDPG-style,1,0,4,1,OFF,ON,ON,ON,OFF,OFF,OFF,0.1,4,1,0,0,0,0,0,0,0,N/A,36.53,41.26,2.658,17.95,21.4252,0.8378,0.767,0.69,N/A,0.552,N/A,aee990dc0ea64b2a5f68ad07aed8a5ea50dea95bc4d99078f5ad6f301644c905
safetyoff__static_clutter__MADDPG-style__seed1__ep01,safety_off_evaluation,static_clutter,MADDPG-style,1,1,4,1,OFF,ON,ON,ON,OFF,OFF,OFF,0.1,4,1,0,0,0,0,0,0,0,N/A,33.65,37.6,1.681,17.56,21.3627,0.822,0.6823,0.7156,N/A,0.5725,N/A,aee990dc0ea64b2a5f68ad07aed8a5ea50dea95bc4d99078f5ad6f301644c905
safetyoff__static_clutter__MADDPG-style__seed1__ep02,safety_off_evaluation,static_clutter,MADDPG-style,1,2,4,1,OFF,ON,ON,ON,OFF,OFF,OFF,0.1,4,1,0,0,0,0,0,0,0,N/A,37.75,42.27,1.96,17.93,21.4252,0.8369,0.7263,0.6848,N/A,0.5478,N/A,aee990dc0ea64b2a5f68ad07aed8a5ea50dea95bc4d99078f5ad6f301644c905
safetyoff__static_clutter__MADDPG-style__seed1__ep03,safety_off_evaluation,static_clutter,MADDPG-style,1,3,4,1,OFF,ON,ON,ON,OFF,OFF,OFF,0.1,4,1,0,0,0,0,0,0,1,N/A,37.22,41.36,2.578,17,21.4252,0.7935,0.6957,0.4406,N/A,0.3525,N/A,aee990dc0ea64b2a5f68ad07aed8a5ea50dea95bc4d99078f5ad6f301644c905
safetyoff__static_clutter__MADDPG-style__seed1__ep04,safety_off_evaluation,static_clutter,MADDPG-style,1,4,4,1,OFF,ON,ON,ON,OFF,OFF,OFF,0.1,3,0,1,0,0,1,0,0,1,N/A,35.36,39.11,2.52,17.37,N/A (episode terminated early),N/A (early termination),0.707,0.4014,N/A,0.3211,N/A,aee990dc0ea64b2a5f68ad07aed8a5ea50dea95bc4d99078f5ad6f301644c905
safetyoff__static_clutter__MADDPG-style__seed1__ep05,safety_off_evaluation,static_clutter,MADDPG-style,1,5,4,1,OFF,ON,ON,ON,OFF,OFF,OFF,0.1,4,1,0,0,0,0,0,0,0,N/A,35.49,39.18,1.155,17.4,21.3002,0.8169,0.6821,0.6552,N/A,0.5242,N/A,aee990dc0ea64b2a5f68ad07aed8a5ea50dea95bc4d99078f5ad6f301644c905
safetyoff__static_clutter__MADDPG-style__seed1__ep06,safety_off_evaluation,static_clutter,MADDPG-style,1,6,4,1,OFF,ON,ON,ON,OFF,OFF,OFF,0.1,2,0,1,1,0,1,0,0,1,N/A,36.86,42.12,1.276,18.4,N/A (episode terminated early),N/A (early termination),0.7351,0.2842,N/A,0.2274,N/A,aee990dc0ea64b2a5f68ad07aed8a5ea50dea95bc4d99078f5ad6f301644c905
safetyoff__static_clutter__MADDPG-style__seed1__ep07,safety_off_evaluation,static_clutter,MADDPG-style,1,7,4,1,OFF,ON,ON,ON,OFF,OFF,OFF,0.1,4,1,0,0,0,0,0,0,1,N/A,33.67,37.95,0.978,17.16,21.3002,0.8056,0.6763,0.4766,N/A,0.3813,N/A,aee990dc0ea64b2a5f68ad07aed8a5ea50dea95bc4d99078f5ad6f301644c905
safetyoff__static_clutter__MADDPG-style__seed1__ep08,safety_off_evaluation,static_clutter,MADDPG-style,1,8,4,1,OFF,ON,ON,ON,OFF,OFF,OFF,0.1,4,1,0,0,0,0,0,0,1,N/A,36.72,42.11,2.805,17.23,21.2377,0.8113,0.7205,0.3801,N/A,0.3041,N/A,aee990dc0ea64b2a5f68ad07aed8a5ea50dea95bc4d99078f5ad6f301644c905
safetyoff__static_clutter__MADDPG-style__seed1__ep09,safety_off_evaluation,static_clutter,MADDPG-style,1,9,4,1,OFF,ON,ON,ON,OFF,OFF,OFF,0.1,4,1,0,0,0,0,0,0,0,N/A,39.49,42.65,1.328,17.22,21.1127,0.8156,0.754,0.6059,N/A,0.4847,N/A,aee990dc0ea64b2a5f68ad07aed8a5ea50dea95bc4d99078f5ad6f301644c905
safetyoff__static_clutter__MADDPG-style__seed2__ep00,safety_off_evaluation,static_clutter,MADDPG-style,2,0,4,1,OFF,ON,ON,ON,OFF,OFF,OFF,0.1,4,1,0,0,0,0,0,0,0,N/A,33.33,37.12,0.973,17.52,21.1127,0.8298,0.734,0.5763,N/A,0.461,N/A,8d50d5990df7d0ef7138b722e2cd761cb2dffb6adbf1f051db41adad6fa0f010
safetyoff__static_clutter__MADDPG-style__seed2__ep01,safety_off_evaluation,static_clutter,MADDPG-style,2,1,4,1,OFF,ON,ON,ON,OFF,OFF,OFF,0.1,3,0,1,0,0,1,0,0,1,N/A,33.81,37.84,1.806,17.03,N/A (episode terminated early),N/A (early termination),0.6866,0.4254,N/A,0.3403,N/A,8d50d5990df7d0ef7138b722e2cd761cb2dffb6adbf1f051db41adad6fa0f010
safetyoff__static_clutter__MADDPG-style__seed2__ep02,safety_off_evaluation,static_clutter,MADDPG-style,2,2,4,1,OFF,ON,ON,ON,OFF,OFF,OFF,0.1,3,0,1,1,0,0,0,0,1,N/A,36.32,40.36,2.521,17.25,N/A (episode terminated early),N/A (early termination),0.7112,0.2981,N/A,0.2385,N/A,8d50d5990df7d0ef7138b722e2cd761cb2dffb6adbf1f051db41adad6fa0f010
safetyoff__static_clutter__MADDPG-style__seed2__ep03,safety_off_evaluation,static_clutter,MADDPG-style,2,3,4,1,OFF,ON,ON,ON,OFF,OFF,OFF,0.1,4,1,0,0,0,0,0,0,1,N/A,40.51,46.18,2.627,18.38,21.5502,0.8529,0.7033,0.4719,N/A,0.3775,N/A,8d50d5990df7d0ef7138b722e2cd761cb2dffb6adbf1f051db41adad6fa0f010
safetyoff__static_clutter__MADDPG-style__seed2__ep04,safety_off_evaluation,static_clutter,MADDPG-style,2,4,4,1,OFF,ON,ON,ON,OFF,OFF,OFF,0.1,4,1,0,0,0,0,0,0,0,N/A,33.17,36.39,1.239,17.03,21.3002,0.7995,0.7454,0.6692,N/A,0.5354,N/A,8d50d5990df7d0ef7138b722e2cd761cb2dffb6adbf1f051db41adad6fa0f010
safetyoff__static_clutter__MADDPG-style__seed2__ep05,safety_off_evaluation,static_clutter,MADDPG-style,2,5,4,1,OFF,ON,ON,ON,OFF,OFF,OFF,0.1,4,1,0,0,0,0,0,0,1,N/A,35.01,38.02,1.305,17.91,21.1752,0.8458,0.7572,0.4538,N/A,0.363,N/A,8d50d5990df7d0ef7138b722e2cd761cb2dffb6adbf1f051db41adad6fa0f010
safetyoff__static_clutter__MADDPG-style__seed2__ep06,safety_off_evaluation,static_clutter,MADDPG-style,2,6,4,1,OFF,ON,ON,ON,OFF,OFF,OFF,0.1,4,1,0,0,0,0,0,0,1,N/A,34.91,38.96,1.668,18.49,21.1127,0.8758,0.7289,0.5379,N/A,0.4303,N/A,8d50d5990df7d0ef7138b722e2cd761cb2dffb6adbf1f051db41adad6fa0f010
safetyoff__static_clutter__MADDPG-style__seed2__ep07,safety_off_evaluation,static_clutter,MADDPG-style,2,7,4,1,OFF,ON,ON,ON,OFF,OFF,OFF,0.1,4,1,0,0,0,0,0,0,0,N/A,36.7,40.59,2.101,18.24,21.2377,0.8589,0.7553,0.6806,N/A,0.5445,N/A,8d50d5990df7d0ef7138b722e2cd761cb2dffb6adbf1f051db41adad6fa0f010
safetyoff__static_clutter__MADDPG-style__seed2__ep08,safety_off_evaluation,static_clutter,MADDPG-style,2,8,4,1,OFF,ON,ON,ON,OFF,OFF,OFF,0.1,4,1,0,0,0,0,0,0,0,N/A,40.77,46.83,2.199,17.65,21.1127,0.836,0.7325,0.7287,N/A,0.583,N/A,8d50d5990df7d0ef7138b722e2cd761cb2dffb6adbf1f051db41adad6fa0f010
safetyoff__static_clutter__MADDPG-style__seed2__ep09,safety_off_evaluation,static_clutter,MADDPG-style,2,9,4,1,OFF,ON,ON,ON,OFF,OFF,OFF,0.1,3,0,1,0,0,1,0,0,1,N/A,36.4,41.78,2.129,17.92,N/A (episode terminated early),N/A (early termination),0.7454,0.3985,N/A,0.3188,N/A,8d50d5990df7d0ef7138b722e2cd761cb2dffb6adbf1f051db41adad6fa0f010
safetyoff__static_clutter__MADDPG-style__seed3__ep00,safety_off_evaluation,static_clutter,MADDPG-style,3,0,4,1,OFF,ON,ON,ON,OFF,OFF,OFF,0.1,4,1,0,0,0,0,0,0,1,N/A,38.51,42.12,1.673,17.44,21.1752,0.8236,0.6772,0.5397,N/A,0.4318,N/A,b5e23d8162fb227f99bf3a99a5e0591ae6bddc2da5b83952399efeb2cbec6b21
safetyoff__static_clutter__MADDPG-style__seed3__ep01,safety_off_evaluation,static_clutter,MADDPG-style,3,1,4,1,OFF,ON,ON,ON,OFF,OFF,OFF,0.1,4,1,0,0,0,0,0,0,0,N/A,39.09,42.78,2.685,17.29,21.3002,0.8117,0.7474,0.7318,N/A,0.5854,N/A,b5e23d8162fb227f99bf3a99a5e0591ae6bddc2da5b83952399efeb2cbec6b21
safetyoff__static_clutter__MADDPG-style__seed3__ep02,safety_off_evaluation,static_clutter,MADDPG-style,3,2,4,1,OFF,ON,ON,ON,OFF,OFF,OFF,0.1,4,1,0,0,0,0,0,0,0,N/A,39.69,43.97,1.185,17.65,21.3627,0.8262,0.7506,0.7174,N/A,0.5739,N/A,b5e23d8162fb227f99bf3a99a5e0591ae6bddc2da5b83952399efeb2cbec6b21
safetyoff__static_clutter__MADDPG-style__seed3__ep03,safety_off_evaluation,static_clutter,MADDPG-style,3,3,4,1,OFF,ON,ON,ON,OFF,OFF,OFF,0.1,3,0,1,0,0,1,0,0,1,N/A,33.89,38.29,0.779,17.21,N/A (episode terminated early),N/A (early termination),0.7356,0.3704,N/A,0.2963,N/A,b5e23d8162fb227f99bf3a99a5e0591ae6bddc2da5b83952399efeb2cbec6b21
safetyoff__static_clutter__MADDPG-style__seed3__ep04,safety_off_evaluation,static_clutter,MADDPG-style,3,4,4,1,OFF,ON,ON,ON,OFF,OFF,OFF,0.1,4,1,0,0,0,0,0,0,0,N/A,34.93,39.67,2.923,17.31,21.4877,0.8056,0.7017,0.7221,N/A,0.5777,N/A,b5e23d8162fb227f99bf3a99a5e0591ae6bddc2da5b83952399efeb2cbec6b21
safetyoff__static_clutter__MADDPG-style__seed3__ep05,safety_off_evaluation,static_clutter,MADDPG-style,3,5,4,1,OFF,ON,ON,ON,OFF,OFF,OFF,0.1,4,1,0,0,0,0,0,0,0,N/A,37.1,42.53,2.211,17.59,21.2377,0.8282,0.6832,0.5551,N/A,0.4441,N/A,b5e23d8162fb227f99bf3a99a5e0591ae6bddc2da5b83952399efeb2cbec6b21
safetyoff__static_clutter__MADDPG-style__seed3__ep06,safety_off_evaluation,static_clutter,MADDPG-style,3,6,4,1,OFF,ON,ON,ON,OFF,OFF,OFF,0.1,4,1,0,0,0,0,0,0,0,N/A,34.07,37.11,2.974,17.49,21.3002,0.8211,0.732,0.5887,N/A,0.471,N/A,b5e23d8162fb227f99bf3a99a5e0591ae6bddc2da5b83952399efeb2cbec6b21
safetyoff__static_clutter__MADDPG-style__seed3__ep07,safety_off_evaluation,static_clutter,MADDPG-style,3,7,4,1,OFF,ON,ON,ON,OFF,OFF,OFF,0.1,3,0,1,0,0,1,0,0,0,N/A,40.98,45.44,0.827,17.44,N/A (episode terminated early),N/A (early termination),0.767,0.6547,N/A,0.5238,N/A,b5e23d8162fb227f99bf3a99a5e0591ae6bddc2da5b83952399efeb2cbec6b21
safetyoff__static_clutter__MADDPG-style__seed3__ep08,safety_off_evaluation,static_clutter,MADDPG-style,3,8,4,1,OFF,ON,ON,ON,OFF,OFF,OFF,0.1,2,0,1,1,0,1,0,0,1,N/A,33.93,38.04,2.712,17.01,N/A (episode terminated early),N/A (early termination),0.7619,0.2802,N/A,0.2242,N/A,b5e23d8162fb227f99bf3a99a5e0591ae6bddc2da5b83952399efeb2cbec6b21
safetyoff__static_clutter__MADDPG-style__seed3__ep09,safety_off_evaluation,static_clutter,MADDPG-style,3,9,4,1,OFF,ON,ON,ON,OFF,OFF,OFF,0.1,4,1,0,0,0,0,0,0,1,N/A,33.47,37.33,0.878,17.22,21.1752,0.8132,0.7106,0.4091,N/A,0.3273,N/A,b5e23d8162fb227f99bf3a99a5e0591ae6bddc2da5b83952399efeb2cbec6b21
safetyoff__static_clutter__MADDPG-style__seed4__ep00,safety_off_evaluation,static_clutter,MADDPG-style,4,0,4,1,OFF,ON,ON,ON,OFF,OFF,OFF,0.1,4,1,0,0,0,0,0,0,1,N/A,40.94,45.04,0.716,17.22,21.2377,0.8108,0.697,0.4608,N/A,0.3686,N/A,3de4efe35506de3c921c6d0844c76d3ec51075f53bc30cc62b81b95825d499dd
safetyoff__static_clutter__MADDPG-style__seed4__ep01,safety_off_evaluation,static_clutter,MADDPG-style,4,1,4,1,OFF,ON,ON,ON,OFF,OFF,OFF,0.1,3,0,1,0,0,1,1,0,0,N/A,33.02,36.57,1.173,18.16,N/A (episode terminated early),N/A (early termination),0.6829,0.6234,N/A,0.4987,N/A,3de4efe35506de3c921c6d0844c76d3ec51075f53bc30cc62b81b95825d499dd
safetyoff__static_clutter__MADDPG-style__seed4__ep02,safety_off_evaluation,static_clutter,MADDPG-style,4,2,4,1,OFF,ON,ON,ON,OFF,OFF,OFF,0.1,3,0,1,0,0,1,0,0,1,N/A,34.49,38.4,0.903,17.58,N/A (episode terminated early),N/A (early termination),0.7029,0.4385,N/A,0.3508,N/A,3de4efe35506de3c921c6d0844c76d3ec51075f53bc30cc62b81b95825d499dd
safetyoff__static_clutter__MADDPG-style__seed4__ep03,safety_off_evaluation,static_clutter,MADDPG-style,4,3,4,1,OFF,ON,ON,ON,OFF,OFF,OFF,0.1,4,1,0,0,0,0,0,0,0,N/A,35.26,40.09,2.777,18.15,21.1127,0.8597,0.7608,0.6204,N/A,0.4963,N/A,3de4efe35506de3c921c6d0844c76d3ec51075f53bc30cc62b81b95825d499dd
safetyoff__static_clutter__MADDPG-style__seed4__ep04,safety_off_evaluation,static_clutter,MADDPG-style,4,4,4,1,OFF,ON,ON,ON,OFF,OFF,OFF,0.1,3,0,1,1,0,0,0,0,1,N/A,39.28,43.74,2.882,18.16,N/A (episode terminated early),N/A (early termination),0.7464,0.2844,N/A,0.2275,N/A,3de4efe35506de3c921c6d0844c76d3ec51075f53bc30cc62b81b95825d499dd
safetyoff__static_clutter__MADDPG-style__seed4__ep05,safety_off_evaluation,static_clutter,MADDPG-style,4,5,4,1,OFF,ON,ON,ON,OFF,OFF,OFF,0.1,3,0,1,1,0,0,0,0,1,N/A,38.6,42.97,0.948,17.68,N/A (episode terminated early),N/A (early termination),0.7252,0.3501,N/A,0.2801,N/A,3de4efe35506de3c921c6d0844c76d3ec51075f53bc30cc62b81b95825d499dd
safetyoff__static_clutter__MADDPG-style__seed4__ep06,safety_off_evaluation,static_clutter,MADDPG-style,4,6,4,1,OFF,ON,ON,ON,OFF,OFF,OFF,0.1,4,1,0,0,0,0,0,0,0,N/A,37.78,42.56,2.773,18.4,21.3002,0.8638,0.709,0.593,N/A,0.4744,N/A,3de4efe35506de3c921c6d0844c76d3ec51075f53bc30cc62b81b95825d499dd
safetyoff__static_clutter__MADDPG-style__seed4__ep07,safety_off_evaluation,static_clutter,MADDPG-style,4,7,4,1,OFF,ON,ON,ON,OFF,OFF,OFF,0.1,4,1,0,0,0,0,0,0,1,N/A,35.84,39.02,2.426,17.54,21.1752,0.8283,0.7418,0.538,N/A,0.4304,N/A,3de4efe35506de3c921c6d0844c76d3ec51075f53bc30cc62b81b95825d499dd
safetyoff__static_clutter__MADDPG-style__seed4__ep08,safety_off_evaluation,static_clutter,MADDPG-style,4,8,4,1,OFF,ON,ON,ON,OFF,OFF,OFF,0.1,4,1,0,0,0,0,0,0,0,N/A,39.77,43.68,1.289,17.44,21.3627,0.8164,0.6751,0.7178,N/A,0.5742,N/A,3de4efe35506de3c921c6d0844c76d3ec51075f53bc30cc62b81b95825d499dd
safetyoff__static_clutter__MADDPG-style__seed4__ep09,safety_off_evaluation,static_clutter,MADDPG-style,4,9,4,1,OFF,ON,ON,ON,OFF,OFF,OFF,0.1,4,1,0,0,0,0,0,0,0,N/A,39.59,43.64,1.874,17.9,21.3627,0.8379,0.6855,0.7204,N/A,0.5763,N/A,3de4efe35506de3c921c6d0844c76d3ec51075f53bc30cc62b81b95825d499dd
safetyoff__static_clutter__MADDPG-style__seed5__ep00,safety_off_evaluation,static_clutter,MADDPG-style,5,0,4,1,OFF,ON,ON,ON,OFF,OFF,OFF,0.1,2,0,1,1,0,1,0,0,1,N/A,38.54,42.97,1.195,18.43,N/A (episode terminated early),N/A (early termination),0.702,0.3546,N/A,0.2837,N/A,b18fa14f7a04693e3e892422a03c1606401a1b19bc238230d073cfdb317f53c6
safetyoff__static_clutter__MADDPG-style__seed5__ep01,safety_off_evaluation,static_clutter,MADDPG-style,5,1,4,1,OFF,ON,ON,ON,OFF,OFF,OFF,0.1,4,1,0,0,0,0,0,0,1,N/A,38.22,42.32,1.062,17.38,21.1752,0.8208,0.6896,0.3733,N/A,0.2986,N/A,b18fa14f7a04693e3e892422a03c1606401a1b19bc238230d073cfdb317f53c6
safetyoff__static_clutter__MADDPG-style__seed5__ep02,safety_off_evaluation,static_clutter,MADDPG-style,5,2,4,1,OFF,ON,ON,ON,OFF,OFF,OFF,0.1,4,1,0,0,0,0,0,0,0,N/A,37,41.29,1.003,17.72,21.1752,0.8368,0.6905,0.6469,N/A,0.5175,N/A,b18fa14f7a04693e3e892422a03c1606401a1b19bc238230d073cfdb317f53c6
safetyoff__static_clutter__MADDPG-style__seed5__ep03,safety_off_evaluation,static_clutter,MADDPG-style,5,3,4,1,OFF,ON,ON,ON,OFF,OFF,OFF,0.1,4,1,0,0,0,0,0,0,0,N/A,37.06,41.37,2.15,18.21,21.3002,0.8549,0.6962,0.567,N/A,0.4536,N/A,b18fa14f7a04693e3e892422a03c1606401a1b19bc238230d073cfdb317f53c6
safetyoff__static_clutter__MADDPG-style__seed5__ep04,safety_off_evaluation,static_clutter,MADDPG-style,5,4,4,1,OFF,ON,ON,ON,OFF,OFF,OFF,0.1,3,0,1,1,0,0,0,0,1,N/A,36.31,40.98,1.977,18.32,N/A (episode terminated early),N/A (early termination),0.7406,0.2621,N/A,0.2097,N/A,b18fa14f7a04693e3e892422a03c1606401a1b19bc238230d073cfdb317f53c6
safetyoff__static_clutter__MADDPG-style__seed5__ep05,safety_off_evaluation,static_clutter,MADDPG-style,5,5,4,1,OFF,ON,ON,ON,OFF,OFF,OFF,0.1,3,0,1,1,0,0,0,0,1,N/A,33.84,38.6,2.749,17.49,N/A (episode terminated early),N/A (early termination),0.6865,0.306,N/A,0.2448,N/A,b18fa14f7a04693e3e892422a03c1606401a1b19bc238230d073cfdb317f53c6
safetyoff__static_clutter__MADDPG-style__seed5__ep06,safety_off_evaluation,static_clutter,MADDPG-style,5,6,4,1,OFF,ON,ON,ON,OFF,OFF,OFF,0.1,4,1,0,0,0,0,0,0,1,N/A,34.72,39.81,0.714,18.16,21.3002,0.8526,0.6742,0.5286,N/A,0.4229,N/A,b18fa14f7a04693e3e892422a03c1606401a1b19bc238230d073cfdb317f53c6
safetyoff__static_clutter__MADDPG-style__seed5__ep07,safety_off_evaluation,static_clutter,MADDPG-style,5,7,4,1,OFF,ON,ON,ON,OFF,OFF,OFF,0.1,4,1,0,0,0,0,0,0,0,N/A,33.2,36.66,2.205,17.84,21.1127,0.845,0.7442,0.7382,N/A,0.5906,N/A,b18fa14f7a04693e3e892422a03c1606401a1b19bc238230d073cfdb317f53c6
safetyoff__static_clutter__MADDPG-style__seed5__ep08,safety_off_evaluation,static_clutter,MADDPG-style,5,8,4,1,OFF,ON,ON,ON,OFF,OFF,OFF,0.1,3,0,1,1,0,0,0,0,1,N/A,40,43.69,1.183,17.06,N/A (episode terminated early),N/A (early termination),0.7533,0.3296,N/A,0.2637,N/A,b18fa14f7a04693e3e892422a03c1606401a1b19bc238230d073cfdb317f53c6
safetyoff__static_clutter__MADDPG-style__seed5__ep09,safety_off_evaluation,static_clutter,MADDPG-style,5,9,4,1,OFF,ON,ON,ON,OFF,OFF,OFF,0.1,3,0,1,0,0,1,0,0,1,N/A,35.2,40.46,2.716,18.42,N/A (episode terminated early),N/A (early termination),0.6947,0.3965,N/A,0.3172,N/A,b18fa14f7a04693e3e892422a03c1606401a1b19bc238230d073cfdb317f53c6
safetyoff__static_clutter__MADDPG-style__seed6__ep00,safety_off_evaluation,static_clutter,MADDPG-style,6,0,4,1,OFF,ON,ON,ON,OFF,OFF,OFF,0.1,2,0,1,1,0,1,0,0,1,N/A,33.6,37.5,2.686,17.99,N/A (episode terminated early),N/A (early termination),0.7112,0.2799,N/A,0.2239,N/A,610379e1059e7fb271a6fd193f910ee4a566658aefff59646b2b377b9d608819
safetyoff__static_clutter__MADDPG-style__seed6__ep01,safety_off_evaluation,static_clutter,MADDPG-style,6,1,4,1,OFF,ON,ON,ON,OFF,OFF,OFF,0.1,4,1,0,0,0,0,0,0,0,N/A,36.7,39.64,0.764,17.23,21.1127,0.8161,0.7588,0.7174,N/A,0.5739,N/A,610379e1059e7fb271a6fd193f910ee4a566658aefff59646b2b377b9d608819
safetyoff__static_clutter__MADDPG-style__seed6__ep02,safety_off_evaluation,static_clutter,MADDPG-style,6,2,4,1,OFF,ON,ON,ON,OFF,OFF,OFF,0.1,4,1,0,0,0,0,0,0,1,N/A,36.79,40.9,2.465,17.16,21.2377,0.808,0.7174,0.547,N/A,0.4376,N/A,610379e1059e7fb271a6fd193f910ee4a566658aefff59646b2b377b9d608819
safetyoff__static_clutter__MADDPG-style__seed6__ep03,safety_off_evaluation,static_clutter,MADDPG-style,6,3,4,1,OFF,ON,ON,ON,OFF,OFF,OFF,0.1,4,1,0,0,0,0,0,0,0,N/A,33.75,38.07,1.058,18.19,21.3002,0.854,0.6999,0.5767,N/A,0.4614,N/A,610379e1059e7fb271a6fd193f910ee4a566658aefff59646b2b377b9d608819
safetyoff__static_clutter__MADDPG-style__seed6__ep04,safety_off_evaluation,static_clutter,MADDPG-style,6,4,4,1,OFF,ON,ON,ON,OFF,OFF,OFF,0.1,3,0,1,0,0,1,0,0,1,N/A,34.04,38.21,2.704,17.82,N/A (episode terminated early),N/A (early termination),0.7685,0.4116,N/A,0.3293,N/A,610379e1059e7fb271a6fd193f910ee4a566658aefff59646b2b377b9d608819
safetyoff__static_clutter__MADDPG-style__seed6__ep05,safety_off_evaluation,static_clutter,MADDPG-style,6,5,4,1,OFF,ON,ON,ON,OFF,OFF,OFF,0.1,4,1,0,0,0,0,0,0,1,N/A,38.63,43.51,2.246,18.33,21.2377,0.8631,0.6814,0.3835,N/A,0.3068,N/A,610379e1059e7fb271a6fd193f910ee4a566658aefff59646b2b377b9d608819
safetyoff__static_clutter__MADDPG-style__seed6__ep06,safety_off_evaluation,static_clutter,MADDPG-style,6,6,4,1,OFF,ON,ON,ON,OFF,OFF,OFF,0.1,4,1,0,0,0,0,0,0,1,N/A,39.85,43.68,1.272,17.37,21.1752,0.8203,0.7484,0.4863,N/A,0.389,N/A,610379e1059e7fb271a6fd193f910ee4a566658aefff59646b2b377b9d608819
safetyoff__static_clutter__MADDPG-style__seed6__ep07,safety_off_evaluation,static_clutter,MADDPG-style,6,7,4,1,OFF,ON,ON,ON,OFF,OFF,OFF,0.1,4,1,0,0,0,0,0,0,0,N/A,39.66,43.72,2.944,18.08,21.3002,0.8488,0.7668,0.665,N/A,0.532,N/A,610379e1059e7fb271a6fd193f910ee4a566658aefff59646b2b377b9d608819
safetyoff__static_clutter__MADDPG-style__seed6__ep08,safety_off_evaluation,static_clutter,MADDPG-style,6,8,4,1,OFF,ON,ON,ON,OFF,OFF,OFF,0.1,4,1,0,0,0,0,0,0,0,N/A,34.01,38.14,2.435,17.55,21.3002,0.8239,0.6834,0.6618,N/A,0.5294,N/A,610379e1059e7fb271a6fd193f910ee4a566658aefff59646b2b377b9d608819
safetyoff__static_clutter__MADDPG-style__seed6__ep09,safety_off_evaluation,static_clutter,MADDPG-style,6,9,4,1,OFF,ON,ON,ON,OFF,OFF,OFF,0.1,3,0,1,0,0,1,1,0,0,N/A,40.09,45.74,1.433,18.41,N/A (episode terminated early),N/A (early termination),0.7201,0.5761,N/A,0.4609,N/A,610379e1059e7fb271a6fd193f910ee4a566658aefff59646b2b377b9d608819
safetyoff__static_clutter__MADDPG-style__seed7__ep00,safety_off_evaluation,static_clutter,MADDPG-style,7,0,4,1,OFF,ON,ON,ON,OFF,OFF,OFF,0.1,2,0,1,1,0,1,0,0,1,N/A,36.73,40.57,0.895,18.19,N/A (episode terminated early),N/A (early termination),0.7132,0.3582,N/A,0.2866,N/A,c738af6d3e69b215243d37883e031bfe13257a76895d86e02874959facc4aa79
safetyoff__static_clutter__MADDPG-style__seed7__ep01,safety_off_evaluation,static_clutter,MADDPG-style,7,1,4,1,OFF,ON,ON,ON,OFF,OFF,OFF,0.1,4,1,0,0,0,0,0,0,0,N/A,38.57,43.87,1.015,18.35,21.1127,0.8691,0.7601,0.6687,N/A,0.535,N/A,c738af6d3e69b215243d37883e031bfe13257a76895d86e02874959facc4aa79
safetyoff__static_clutter__MADDPG-style__seed7__ep02,safety_off_evaluation,static_clutter,MADDPG-style,7,2,4,1,OFF,ON,ON,ON,OFF,OFF,OFF,0.1,4,1,0,0,0,0,0,0,0,N/A,33.88,36.74,2.59,17.9,21.1752,0.8453,0.7224,0.7257,N/A,0.5806,N/A,c738af6d3e69b215243d37883e031bfe13257a76895d86e02874959facc4aa79
safetyoff__static_clutter__MADDPG-style__seed7__ep03,safety_off_evaluation,static_clutter,MADDPG-style,7,3,4,1,OFF,ON,ON,ON,OFF,OFF,OFF,0.1,4,1,0,0,0,0,0,0,0,N/A,35.85,38.92,1.622,17.54,21.2377,0.8259,0.6934,0.7323,N/A,0.5858,N/A,c738af6d3e69b215243d37883e031bfe13257a76895d86e02874959facc4aa79
safetyoff__static_clutter__MADDPG-style__seed7__ep04,safety_off_evaluation,static_clutter,MADDPG-style,7,4,4,1,OFF,ON,ON,ON,OFF,OFF,OFF,0.1,4,1,0,0,0,0,0,0,0,N/A,37.23,42.47,1.975,18.14,21.3627,0.8491,0.7307,0.727,N/A,0.5816,N/A,c738af6d3e69b215243d37883e031bfe13257a76895d86e02874959facc4aa79
safetyoff__static_clutter__MADDPG-style__seed7__ep05,safety_off_evaluation,static_clutter,MADDPG-style,7,5,4,1,OFF,ON,ON,ON,OFF,OFF,OFF,0.1,2,0,1,1,0,1,0,0,1,N/A,37,41.8,2.265,18.42,N/A (episode terminated early),N/A (early termination),0.7288,0.296,N/A,0.2368,N/A,c738af6d3e69b215243d37883e031bfe13257a76895d86e02874959facc4aa79
safetyoff__static_clutter__MADDPG-style__seed7__ep06,safety_off_evaluation,static_clutter,MADDPG-style,7,6,4,1,OFF,ON,ON,ON,OFF,OFF,OFF,0.1,4,1,0,0,0,0,0,0,0,N/A,36.75,40.78,1.414,17.42,21.3002,0.8178,0.7001,0.6811,N/A,0.5449,N/A,c738af6d3e69b215243d37883e031bfe13257a76895d86e02874959facc4aa79
safetyoff__static_clutter__MADDPG-style__seed7__ep07,safety_off_evaluation,static_clutter,MADDPG-style,7,7,4,1,OFF,ON,ON,ON,OFF,OFF,OFF,0.1,2,0,1,1,0,1,0,0,1,N/A,39.55,43.58,1.61,18.02,N/A (episode terminated early),N/A (early termination),0.724,0.3176,N/A,0.2541,N/A,c738af6d3e69b215243d37883e031bfe13257a76895d86e02874959facc4aa79
safetyoff__static_clutter__MADDPG-style__seed7__ep08,safety_off_evaluation,static_clutter,MADDPG-style,7,8,4,1,OFF,ON,ON,ON,OFF,OFF,OFF,0.1,4,1,0,0,0,0,0,0,0,N/A,36.06,39.42,2.525,17.01,21.0502,0.8081,0.6734,0.7436,N/A,0.5949,N/A,c738af6d3e69b215243d37883e031bfe13257a76895d86e02874959facc4aa79
safetyoff__static_clutter__MADDPG-style__seed7__ep09,safety_off_evaluation,static_clutter,MADDPG-style,7,9,4,1,OFF,ON,ON,ON,OFF,OFF,OFF,0.1,4,1,0,0,0,0,0,0,1,N/A,40.77,44.17,2.393,17.74,21.2377,0.8353,0.678,0.4763,N/A,0.381,N/A,c738af6d3e69b215243d37883e031bfe13257a76895d86e02874959facc4aa79
safetyoff__dynamic_pedestrians__MADDPG-style__seed0__ep00,safety_off_evaluation,dynamic_pedestrians,MADDPG-style,0,0,4,1,OFF,ON,ON,ON,OFF,OFF,OFF,0.1,4,1,0,0,0,0,0,0,1,1,33.75,38.66,1.778,18.27,12.8192,1.4252,0.7262,0.546,0.6547,0.4368,0.5238,22ba23afb82dd8ade0b6717a95e954dfced88a7275649ffa84ea24636e9fc8e4
safetyoff__dynamic_pedestrians__MADDPG-style__seed0__ep01,safety_off_evaluation,dynamic_pedestrians,MADDPG-style,0,1,4,1,OFF,ON,ON,ON,OFF,OFF,OFF,0.1,2,0,1,0,1,1,0,0,1,1,31.06,35.15,2.206,18.14,N/A (episode terminated early),N/A (early termination),0.7534,0.3836,0.4576,0.3069,0.3661,22ba23afb82dd8ade0b6717a95e954dfced88a7275649ffa84ea24636e9fc8e4
safetyoff__dynamic_pedestrians__MADDPG-style__seed0__ep02,safety_off_evaluation,dynamic_pedestrians,MADDPG-style,0,2,4,1,OFF,ON,ON,ON,OFF,OFF,OFF,0.1,4,1,0,0,0,0,0,0,0,1,37.29,42.63,1.426,17.97,12.8112,1.4027,0.7457,0.7377,0.6077,0.5902,0.4862,22ba23afb82dd8ade0b6717a95e954dfced88a7275649ffa84ea24636e9fc8e4
safetyoff__dynamic_pedestrians__MADDPG-style__seed0__ep03,safety_off_evaluation,dynamic_pedestrians,MADDPG-style,0,3,4,1,OFF,ON,ON,ON,OFF,OFF,OFF,0.1,4,1,0,0,0,0,0,0,0,0,35.76,39.94,2.342,18.14,12.8058,1.4165,0.7327,0.6513,0.7264,0.521,0.5811,22ba23afb82dd8ade0b6717a95e954dfced88a7275649ffa84ea24636e9fc8e4
safetyoff__dynamic_pedestrians__MADDPG-style__seed0__ep04,safety_off_evaluation,dynamic_pedestrians,MADDPG-style,0,4,4,1,OFF,ON,ON,ON,OFF,OFF,OFF,0.1,4,1,0,0,0,0,0,0,1,0,32.84,36.16,2.937,17.98,12.825,1.4019,0.6858,0.5363,0.8203,0.429,0.6562,22ba23afb82dd8ade0b6717a95e954dfced88a7275649ffa84ea24636e9fc8e4
safetyoff__dynamic_pedestrians__MADDPG-style__seed0__ep05,safety_off_evaluation,dynamic_pedestrians,MADDPG-style,0,5,4,1,OFF,ON,ON,ON,OFF,OFF,OFF,0.1,2,0,1,0,1,1,0,0,1,1,36.25,41.38,2.656,18,N/A (episode terminated early),N/A (early termination),0.6939,0.3804,0.5264,0.3043,0.4211,22ba23afb82dd8ade0b6717a95e954dfced88a7275649ffa84ea24636e9fc8e4
safetyoff__dynamic_pedestrians__MADDPG-style__seed0__ep06,safety_off_evaluation,dynamic_pedestrians,MADDPG-style,0,6,4,1,OFF,ON,ON,ON,OFF,OFF,OFF,0.1,4,1,0,0,0,0,0,0,1,1,30.96,33.6,1.026,17.21,12.7812,1.3465,0.7424,0.4663,0.5539,0.373,0.4431,22ba23afb82dd8ade0b6717a95e954dfced88a7275649ffa84ea24636e9fc8e4
safetyoff__dynamic_pedestrians__MADDPG-style__seed0__ep07,safety_off_evaluation,dynamic_pedestrians,MADDPG-style,0,7,4,1,OFF,ON,ON,ON,OFF,OFF,OFF,0.1,4,1,0,0,0,0,0,0,1,0,30.58,33.96,2.3,17.74,12.804,1.3855,0.7057,0.5421,0.8313,0.4337,0.665,22ba23afb82dd8ade0b6717a95e954dfced88a7275649ffa84ea24636e9fc8e4
safetyoff__dynamic_pedestrians__MADDPG-style__seed0__ep08,safety_off_evaluation,dynamic_pedestrians,MADDPG-style,0,8,4,1,OFF,ON,ON,ON,OFF,OFF,OFF,0.1,1,0,1,1,1,1,0,0,1,1,34.05,37.98,0.888,17.83,N/A (episode terminated early),N/A (early termination),0.6865,0.3598,0.4372,0.2878,0.3498,22ba23afb82dd8ade0b6717a95e954dfced88a7275649ffa84ea24636e9fc8e4
safetyoff__dynamic_pedestrians__MADDPG-style__seed0__ep09,safety_off_evaluation,dynamic_pedestrians,MADDPG-style,0,9,4,1,OFF,ON,ON,ON,OFF,OFF,OFF,0.1,4,1,0,0,0,0,0,0,0,0,33.49,37.91,2.876,17.67,12.8135,1.379,0.7059,0.6523,0.7994,0.5218,0.6395,22ba23afb82dd8ade0b6717a95e954dfced88a7275649ffa84ea24636e9fc8e4
safetyoff__dynamic_pedestrians__MADDPG-style__seed1__ep00,safety_off_evaluation,dynamic_pedestrians,MADDPG-style,1,0,4,1,OFF,ON,ON,ON,OFF,OFF,OFF,0.1,4,1,0,0,0,0,0,0,1,1,37.19,42.13,1.555,18.25,12.8146,1.4242,0.7043,0.4672,0.6657,0.3738,0.5326,24ef00c2101fb55789b2c53c0d8fdb6699713f040a0d78b211b9ee757a25c938
safetyoff__dynamic_pedestrians__MADDPG-style__seed1__ep01,safety_off_evaluation,dynamic_pedestrians,MADDPG-style,1,1,4,1,OFF,ON,ON,ON,OFF,OFF,OFF,0.1,1,0,1,1,1,1,0,0,1,1,35.01,39.06,2.327,18.32,N/A (episode terminated early),N/A (early termination),0.724,0.294,0.4009,0.2352,0.3207,24ef00c2101fb55789b2c53c0d8fdb6699713f040a0d78b211b9ee757a25c938
safetyoff__dynamic_pedestrians__MADDPG-style__seed1__ep02,safety_off_evaluation,dynamic_pedestrians,MADDPG-style,1,2,4,1,OFF,ON,ON,ON,OFF,OFF,OFF,0.1,4,1,0,0,0,0,0,0,1,1,34.15,38.52,0.774,17.53,12.802,1.3693,0.693,0.5143,0.697,0.4114,0.5576,24ef00c2101fb55789b2c53c0d8fdb6699713f040a0d78b211b9ee757a25c938
safetyoff__dynamic_pedestrians__MADDPG-style__seed1__ep03,safety_off_evaluation,dynamic_pedestrians,MADDPG-style,1,3,4,1,OFF,ON,ON,ON,OFF,OFF,OFF,0.1,4,1,0,0,0,0,0,0,1,1,31.45,33.98,1.845,18.27,12.8151,1.4257,0.7444,0.4771,0.6952,0.3817,0.5562,24ef00c2101fb55789b2c53c0d8fdb6699713f040a0d78b211b9ee757a25c938
safetyoff__dynamic_pedestrians__MADDPG-style__seed1__ep04,safety_off_evaluation,dynamic_pedestrians,MADDPG-style,1,4,4,1,OFF,ON,ON,ON,OFF,OFF,OFF,0.1,2,0,1,1,1,0,0,0,1,1,35.2,39.52,2.141,17.68,N/A (episode terminated early),N/A (early termination),0.6963,0.3168,0.4342,0.2534,0.3474,24ef00c2101fb55789b2c53c0d8fdb6699713f040a0d78b211b9ee757a25c938
safetyoff__dynamic_pedestrians__MADDPG-style__seed1__ep05,safety_off_evaluation,dynamic_pedestrians,MADDPG-style,1,5,4,1,OFF,ON,ON,ON,OFF,OFF,OFF,0.1,4,1,0,0,0,0,0,0,0,0,37.66,40.9,2.15,17.09,12.817,1.3334,0.6959,0.6837,0.7375,0.547,0.59,24ef00c2101fb55789b2c53c0d8fdb6699713f040a0d78b211b9ee757a25c938
safetyoff__dynamic_pedestrians__MADDPG-style__seed1__ep06,safety_off_evaluation,dynamic_pedestrians,MADDPG-style,1,6,4,1,OFF,ON,ON,ON,OFF,OFF,OFF,0.1,4,1,0,0,0,0,0,0,0,0,36.28,39.85,1.973,17.73,12.8254,1.3824,0.7064,0.6461,0.7464,0.5169,0.5971,24ef00c2101fb55789b2c53c0d8fdb6699713f040a0d78b211b9ee757a25c938
safetyoff__dynamic_pedestrians__MADDPG-style__seed1__ep07,safety_off_evaluation,dynamic_pedestrians,MADDPG-style,1,7,4,1,OFF,ON,ON,ON,OFF,OFF,OFF,0.1,4,1,0,0,0,0,0,0,1,1,30.66,33.72,1.6,17.53,12.8021,1.3693,0.7573,0.4574,0.6816,0.3659,0.5453,24ef00c2101fb55789b2c53c0d8fdb6699713f040a0d78b211b9ee757a25c938
safetyoff__dynamic_pedestrians__MADDPG-style__seed1__ep08,safety_off_evaluation,dynamic_pedestrians,MADDPG-style,1,8,4,1,OFF,ON,ON,ON,OFF,OFF,OFF,0.1,2,0,1,0,1,1,0,0,1,1,36.02,41.21,2.572,17.1,N/A (episode terminated early),N/A (early termination),0.7179,0.4138,0.4972,0.331,0.3978,24ef00c2101fb55789b2c53c0d8fdb6699713f040a0d78b211b9ee757a25c938
safetyoff__dynamic_pedestrians__MADDPG-style__seed1__ep09,safety_off_evaluation,dynamic_pedestrians,MADDPG-style,1,9,4,1,OFF,ON,ON,ON,OFF,OFF,OFF,0.1,4,1,0,0,0,0,0,0,0,1,36.49,40.67,2.386,17.27,12.8057,1.3486,0.7102,0.7221,0.6797,0.5777,0.5438,24ef00c2101fb55789b2c53c0d8fdb6699713f040a0d78b211b9ee757a25c938
safetyoff__dynamic_pedestrians__MADDPG-style__seed2__ep00,safety_off_evaluation,dynamic_pedestrians,MADDPG-style,2,0,4,1,OFF,ON,ON,ON,OFF,OFF,OFF,0.1,3,0,1,0,1,0,0,0,1,1,30.59,33.53,1.508,17.91,N/A (episode terminated early),N/A (early termination),0.7162,0.3904,0.4179,0.3123,0.3343,656b5a2950388f1e8c3ac5af14a6ff77d248c8267b7e5c4bc8dfbe0218789a38
safetyoff__dynamic_pedestrians__MADDPG-style__seed2__ep01,safety_off_evaluation,dynamic_pedestrians,MADDPG-style,2,1,4,1,OFF,ON,ON,ON,OFF,OFF,OFF,0.1,4,1,0,0,0,0,0,0,0,1,35.16,39.06,1.253,18.41,12.8226,1.4357,0.7624,0.7296,0.5938,0.5837,0.475,656b5a2950388f1e8c3ac5af14a6ff77d248c8267b7e5c4bc8dfbe0218789a38
safetyoff__dynamic_pedestrians__MADDPG-style__seed2__ep02,safety_off_evaluation,dynamic_pedestrians,MADDPG-style,2,2,4,1,OFF,ON,ON,ON,OFF,OFF,OFF,0.1,4,1,0,0,0,0,0,0,1,1,32.45,35.71,2.796,18.08,12.7793,1.4148,0.7027,0.5135,0.6075,0.4108,0.486,656b5a2950388f1e8c3ac5af14a6ff77d248c8267b7e5c4bc8dfbe0218789a38
safetyoff__dynamic_pedestrians__MADDPG-style__seed2__ep03,safety_off_evaluation,dynamic_pedestrians,MADDPG-style,2,3,4,1,OFF,ON,ON,ON,OFF,OFF,OFF,0.1,4,1,0,0,0,0,0,0,0,1,33.29,36.15,1.585,18.45,12.8008,1.4413,0.6916,0.5736,0.563,0.4589,0.4504,656b5a2950388f1e8c3ac5af14a6ff77d248c8267b7e5c4bc8dfbe0218789a38
safetyoff__dynamic_pedestrians__MADDPG-style__seed2__ep04,safety_off_evaluation,dynamic_pedestrians,MADDPG-style,2,4,4,1,OFF,ON,ON,ON,OFF,OFF,OFF,0.1,3,0,1,0,1,0,0,0,1,1,36.56,41.61,1.08,17.13,N/A (episode terminated early),N/A (early termination),0.6929,0.4425,0.3609,0.354,0.2887,656b5a2950388f1e8c3ac5af14a6ff77d248c8267b7e5c4bc8dfbe0218789a38
safetyoff__dynamic_pedestrians__MADDPG-style__seed2__ep05,safety_off_evaluation,dynamic_pedestrians,MADDPG-style,2,5,4,1,OFF,ON,ON,ON,OFF,OFF,OFF,0.1,1,0,1,1,1,1,0,0,1,1,34.38,37.92,2.004,17.68,N/A (episode terminated early),N/A (early termination),0.6841,0.296,0.4815,0.2368,0.3852,656b5a2950388f1e8c3ac5af14a6ff77d248c8267b7e5c4bc8dfbe0218789a38
safetyoff__dynamic_pedestrians__MADDPG-style__seed2__ep06,safety_off_evaluation,dynamic_pedestrians,MADDPG-style,2,6,4,1,OFF,ON,ON,ON,OFF,OFF,OFF,0.1,4,1,0,0,0,0,0,0,0,1,30.95,34.09,1.186,17.23,12.8368,1.3422,0.7117,0.714,0.6656,0.5712,0.5325,656b5a2950388f1e8c3ac5af14a6ff77d248c8267b7e5c4bc8dfbe0218789a38
safetyoff__dynamic_pedestrians__MADDPG-style__seed2__ep07,safety_off_evaluation,dynamic_pedestrians,MADDPG-style,2,7,4,1,OFF,ON,ON,ON,OFF,OFF,OFF,0.1,2,0,1,1,1,0,0,0,1,1,34.58,38.19,1.657,17.08,N/A (episode terminated early),N/A (early termination),0.7318,0.2595,0.4034,0.2076,0.3227,656b5a2950388f1e8c3ac5af14a6ff77d248c8267b7e5c4bc8dfbe0218789a38
safetyoff__dynamic_pedestrians__MADDPG-style__seed2__ep08,safety_off_evaluation,dynamic_pedestrians,MADDPG-style,2,8,4,1,OFF,ON,ON,ON,OFF,OFF,OFF,0.1,2,0,1,0,1,1,0,0,1,1,34.73,38.86,1.499,18.03,N/A (episode terminated early),N/A (early termination),0.7324,0.4353,0.4425,0.3482,0.354,656b5a2950388f1e8c3ac5af14a6ff77d248c8267b7e5c4bc8dfbe0218789a38
safetyoff__dynamic_pedestrians__MADDPG-style__seed2__ep09,safety_off_evaluation,dynamic_pedestrians,MADDPG-style,2,9,4,1,OFF,ON,ON,ON,OFF,OFF,OFF,0.1,1,0,1,1,1,1,0,0,1,1,33.45,36.48,1.019,17.13,N/A (episode terminated early),N/A (early termination),0.7699,0.3279,0.4031,0.2623,0.3225,656b5a2950388f1e8c3ac5af14a6ff77d248c8267b7e5c4bc8dfbe0218789a38
safetyoff__dynamic_pedestrians__MADDPG-style__seed3__ep00,safety_off_evaluation,dynamic_pedestrians,MADDPG-style,3,0,4,1,OFF,ON,ON,ON,OFF,OFF,OFF,0.1,3,0,1,0,0,1,0,0,0,0,37.1,41.04,1.624,17.86,N/A (episode terminated early),N/A (early termination),0.7133,0.5536,0.7053,0.4429,0.5642,0102f4da9e9216ccef46082fd9d22153a63eb42c8ee3a3367744f62bfc2bb4b0
safetyoff__dynamic_pedestrians__MADDPG-style__seed3__ep01,safety_off_evaluation,dynamic_pedestrians,MADDPG-style,3,1,4,1,OFF,ON,ON,ON,OFF,OFF,OFF,0.1,3,0,1,0,1,0,0,0,1,1,32.53,36.08,2.633,18.23,N/A (episode terminated early),N/A (early termination),0.7243,0.4212,0.516,0.337,0.4128,0102f4da9e9216ccef46082fd9d22153a63eb42c8ee3a3367744f62bfc2bb4b0
safetyoff__dynamic_pedestrians__MADDPG-style__seed3__ep02,safety_off_evaluation,dynamic_pedestrians,MADDPG-style,3,2,4,1,OFF,ON,ON,ON,OFF,OFF,OFF,0.1,1,0,1,1,1,1,0,0,1,1,36.96,40.1,0.955,18.19,N/A (episode terminated early),N/A (early termination),0.7435,0.2673,0.3808,0.2138,0.3046,0102f4da9e9216ccef46082fd9d22153a63eb42c8ee3a3367744f62bfc2bb4b0
safetyoff__dynamic_pedestrians__MADDPG-style__seed3__ep03,safety_off_evaluation,dynamic_pedestrians,MADDPG-style,3,3,4,1,OFF,ON,ON,ON,OFF,OFF,OFF,0.1,3,0,1,0,1,0,0,0,1,1,37.91,43.33,2.621,18.45,N/A (episode terminated early),N/A (early termination),0.7007,0.4201,0.3964,0.3361,0.3171,0102f4da9e9216ccef46082fd9d22153a63eb42c8ee3a3367744f62bfc2bb4b0
safetyoff__dynamic_pedestrians__MADDPG-style__seed3__ep04,safety_off_evaluation,dynamic_pedestrians,MADDPG-style,3,4,4,1,OFF,ON,ON,ON,OFF,OFF,OFF,0.1,2,0,1,1,1,0,0,0,1,1,36.12,39.74,0.704,17.86,N/A (episode terminated early),N/A (early termination),0.7491,0.3419,0.4204,0.2735,0.3363,0102f4da9e9216ccef46082fd9d22153a63eb42c8ee3a3367744f62bfc2bb4b0
safetyoff__dynamic_pedestrians__MADDPG-style__seed3__ep05,safety_off_evaluation,dynamic_pedestrians,MADDPG-style,3,5,4,1,OFF,ON,ON,ON,OFF,OFF,OFF,0.1,2,0,1,0,1,1,0,0,1,1,36.55,39.99,1.225,18.17,N/A (episode terminated early),N/A (early termination),0.7128,0.3785,0.3627,0.3028,0.2902,0102f4da9e9216ccef46082fd9d22153a63eb42c8ee3a3367744f62bfc2bb4b0
safetyoff__dynamic_pedestrians__MADDPG-style__seed3__ep06,safety_off_evaluation,dynamic_pedestrians,MADDPG-style,3,6,4,1,OFF,ON,ON,ON,OFF,OFF,OFF,0.1,4,1,0,0,0,0,0,0,0,1,37.03,42.05,2.545,18.03,12.824,1.406,0.756,0.7458,0.6561,0.5966,0.5249,0102f4da9e9216ccef46082fd9d22153a63eb42c8ee3a3367744f62bfc2bb4b0
safetyoff__dynamic_pedestrians__MADDPG-style__seed3__ep07,safety_off_evaluation,dynamic_pedestrians,MADDPG-style,3,7,4,1,OFF,ON,ON,ON,OFF,OFF,OFF,0.1,2,0,1,0,1,1,0,0,1,1,37.23,40.77,1.289,17.41,N/A (episode terminated early),N/A (early termination),0.6854,0.402,0.4994,0.3216,0.3995,0102f4da9e9216ccef46082fd9d22153a63eb42c8ee3a3367744f62bfc2bb4b0
safetyoff__dynamic_pedestrians__MADDPG-style__seed3__ep08,safety_off_evaluation,dynamic_pedestrians,MADDPG-style,3,8,4,1,OFF,ON,ON,ON,OFF,OFF,OFF,0.1,2,0,1,1,1,0,0,0,1,1,31.44,34.87,2.91,18.32,N/A (episode terminated early),N/A (early termination),0.7301,0.3252,0.476,0.2602,0.3808,0102f4da9e9216ccef46082fd9d22153a63eb42c8ee3a3367744f62bfc2bb4b0
safetyoff__dynamic_pedestrians__MADDPG-style__seed3__ep09,safety_off_evaluation,dynamic_pedestrians,MADDPG-style,3,9,4,1,OFF,ON,ON,ON,OFF,OFF,OFF,0.1,4,1,0,0,0,0,0,0,1,0,37.93,43.37,2.962,17.19,12.8076,1.3422,0.7003,0.5498,0.7577,0.4398,0.6062,0102f4da9e9216ccef46082fd9d22153a63eb42c8ee3a3367744f62bfc2bb4b0
safetyoff__dynamic_pedestrians__MADDPG-style__seed4__ep00,safety_off_evaluation,dynamic_pedestrians,MADDPG-style,4,0,4,1,OFF,ON,ON,ON,OFF,OFF,OFF,0.1,3,0,1,0,1,0,0,0,1,1,31.47,34.92,2.829,18.44,N/A (episode terminated early),N/A (early termination),0.6767,0.3855,0.4231,0.3084,0.3385,7cd8e17820e512a3f842a0f68bd27b7bf2ac3d8be10b9cd054b3857fa2c7fb2c
safetyoff__dynamic_pedestrians__MADDPG-style__seed4__ep01,safety_off_evaluation,dynamic_pedestrians,MADDPG-style,4,1,4,1,OFF,ON,ON,ON,OFF,OFF,OFF,0.1,1,0,1,1,1,1,0,0,1,1,32.76,36.77,2.928,18,N/A (episode terminated early),N/A (early termination),0.6889,0.2759,0.4633,0.2207,0.3706,7cd8e17820e512a3f842a0f68bd27b7bf2ac3d8be10b9cd054b3857fa2c7fb2c
safetyoff__dynamic_pedestrians__MADDPG-style__seed4__ep02,safety_off_evaluation,dynamic_pedestrians,MADDPG-style,4,2,4,1,OFF,ON,ON,ON,OFF,OFF,OFF,0.1,4,1,0,0,0,0,0,0,0,0,31.62,36.01,1.083,18.22,12.7837,1.4253,0.7123,0.7036,0.7797,0.5629,0.6238,7cd8e17820e512a3f842a0f68bd27b7bf2ac3d8be10b9cd054b3857fa2c7fb2c
safetyoff__dynamic_pedestrians__MADDPG-style__seed4__ep03,safety_off_evaluation,dynamic_pedestrians,MADDPG-style,4,3,4,1,OFF,ON,ON,ON,OFF,OFF,OFF,0.1,4,1,0,0,0,0,0,0,0,1,33.43,37.33,2.141,18,12.828,1.4032,0.6832,0.7315,0.5776,0.5852,0.4621,7cd8e17820e512a3f842a0f68bd27b7bf2ac3d8be10b9cd054b3857fa2c7fb2c
safetyoff__dynamic_pedestrians__MADDPG-style__seed4__ep04,safety_off_evaluation,dynamic_pedestrians,MADDPG-style,4,4,4,1,OFF,ON,ON,ON,OFF,OFF,OFF,0.1,4,1,0,0,0,0,0,0,1,1,36.35,41.04,2.944,17.89,12.81,1.3966,0.693,0.4555,0.6342,0.3644,0.5074,7cd8e17820e512a3f842a0f68bd27b7bf2ac3d8be10b9cd054b3857fa2c7fb2c
safetyoff__dynamic_pedestrians__MADDPG-style__seed4__ep05,safety_off_evaluation,dynamic_pedestrians,MADDPG-style,4,5,4,1,OFF,ON,ON,ON,OFF,OFF,OFF,0.1,1,0,1,1,1,1,0,0,1,1,30.63,33.12,2.751,18.05,N/A (episode terminated early),N/A (early termination),0.7133,0.3109,0.5245,0.2487,0.4196,7cd8e17820e512a3f842a0f68bd27b7bf2ac3d8be10b9cd054b3857fa2c7fb2c
safetyoff__dynamic_pedestrians__MADDPG-style__seed4__ep06,safety_off_evaluation,dynamic_pedestrians,MADDPG-style,4,6,4,1,OFF,ON,ON,ON,OFF,OFF,OFF,0.1,4,1,0,0,0,0,0,0,1,1,34.65,39.32,1.43,17.96,12.7917,1.404,0.755,0.5022,0.6222,0.4018,0.4978,7cd8e17820e512a3f842a0f68bd27b7bf2ac3d8be10b9cd054b3857fa2c7fb2c
safetyoff__dynamic_pedestrians__MADDPG-style__seed4__ep07,safety_off_evaluation,dynamic_pedestrians,MADDPG-style,4,7,4,1,OFF,ON,ON,ON,OFF,OFF,OFF,0.1,4,1,0,0,0,0,0,0,1,1,37.46,41.91,0.82,18.43,12.8263,1.4369,0.7538,0.471,0.5664,0.3768,0.4531,7cd8e17820e512a3f842a0f68bd27b7bf2ac3d8be10b9cd054b3857fa2c7fb2c
safetyoff__dynamic_pedestrians__MADDPG-style__seed4__ep08,safety_off_evaluation,dynamic_pedestrians,MADDPG-style,4,8,4,1,OFF,ON,ON,ON,OFF,OFF,OFF,0.1,3,0,1,0,1,0,0,0,1,1,37.24,40.47,2.24,17.87,N/A (episode terminated early),N/A (early termination),0.7331,0.4239,0.5193,0.3391,0.4154,7cd8e17820e512a3f842a0f68bd27b7bf2ac3d8be10b9cd054b3857fa2c7fb2c
safetyoff__dynamic_pedestrians__MADDPG-style__seed4__ep09,safety_off_evaluation,dynamic_pedestrians,MADDPG-style,4,9,4,1,OFF,ON,ON,ON,OFF,OFF,OFF,0.1,3,0,1,0,0,1,1,0,0,1,36.22,40.7,1.699,18,N/A (episode terminated early),N/A (early termination),0.7025,0.6891,0.5745,0.5513,0.4596,7cd8e17820e512a3f842a0f68bd27b7bf2ac3d8be10b9cd054b3857fa2c7fb2c
safetyoff__dynamic_pedestrians__MADDPG-style__seed5__ep00,safety_off_evaluation,dynamic_pedestrians,MADDPG-style,5,0,4,1,OFF,ON,ON,ON,OFF,OFF,OFF,0.1,2,0,1,0,1,1,0,0,1,1,36.79,40.04,1.482,18.07,N/A (episode terminated early),N/A (early termination),0.7221,0.408,0.3736,0.3264,0.2989,e64b997c2083e072d9e46c5cadf5057466da9c9a08b370e3f938098054510aee
safetyoff__dynamic_pedestrians__MADDPG-style__seed5__ep01,safety_off_evaluation,dynamic_pedestrians,MADDPG-style,5,1,4,1,OFF,ON,ON,ON,OFF,OFF,OFF,0.1,4,1,0,0,0,0,0,0,1,0,36.46,40.87,1.17,18.35,12.8201,1.4313,0.7486,0.5475,0.831,0.438,0.6648,e64b997c2083e072d9e46c5cadf5057466da9c9a08b370e3f938098054510aee
safetyoff__dynamic_pedestrians__MADDPG-style__seed5__ep02,safety_off_evaluation,dynamic_pedestrians,MADDPG-style,5,2,4,1,OFF,ON,ON,ON,OFF,OFF,OFF,0.1,3,0,1,0,1,0,0,0,1,1,33.35,37.07,1.431,17.3,N/A (episode terminated early),N/A (early termination),0.6911,0.3659,0.4125,0.2927,0.33,e64b997c2083e072d9e46c5cadf5057466da9c9a08b370e3f938098054510aee
safetyoff__dynamic_pedestrians__MADDPG-style__seed5__ep03,safety_off_evaluation,dynamic_pedestrians,MADDPG-style,5,3,4,1,OFF,ON,ON,ON,OFF,OFF,OFF,0.1,3,0,1,0,1,0,0,0,1,1,35.2,40.24,2.623,17.57,N/A (episode terminated early),N/A (early termination),0.7464,0.4212,0.4668,0.337,0.3734,e64b997c2083e072d9e46c5cadf5057466da9c9a08b370e3f938098054510aee
safetyoff__dynamic_pedestrians__MADDPG-style__seed5__ep04,safety_off_evaluation,dynamic_pedestrians,MADDPG-style,5,4,4,1,OFF,ON,ON,ON,OFF,OFF,OFF,0.1,2,0,1,1,1,0,0,0,1,1,37.34,40.54,0.889,17.04,N/A (episode terminated early),N/A (early termination),0.7335,0.329,0.5075,0.2632,0.406,e64b997c2083e072d9e46c5cadf5057466da9c9a08b370e3f938098054510aee
safetyoff__dynamic_pedestrians__MADDPG-style__seed5__ep05,safety_off_evaluation,dynamic_pedestrians,MADDPG-style,5,5,4,1,OFF,ON,ON,ON,OFF,OFF,OFF,0.1,4,1,0,0,0,0,0,0,0,1,33.92,36.95,2.705,17.31,12.8037,1.352,0.688,0.5712,0.6028,0.457,0.4822,e64b997c2083e072d9e46c5cadf5057466da9c9a08b370e3f938098054510aee
safetyoff__dynamic_pedestrians__MADDPG-style__seed5__ep06,safety_off_evaluation,dynamic_pedestrians,MADDPG-style,5,6,4,1,OFF,ON,ON,ON,OFF,OFF,OFF,0.1,1,0,1,1,1,1,0,0,1,1,31.98,34.6,1.553,18.04,N/A (episode terminated early),N/A (early termination),0.7572,0.3543,0.4209,0.2834,0.3367,e64b997c2083e072d9e46c5cadf5057466da9c9a08b370e3f938098054510aee
safetyoff__dynamic_pedestrians__MADDPG-style__seed5__ep07,safety_off_evaluation,dynamic_pedestrians,MADDPG-style,5,7,4,1,OFF,ON,ON,ON,OFF,OFF,OFF,0.1,4,1,0,0,0,0,0,0,1,1,32.62,35.5,2.518,17.61,12.824,1.3732,0.7482,0.5102,0.6655,0.4082,0.5324,e64b997c2083e072d9e46c5cadf5057466da9c9a08b370e3f938098054510aee
safetyoff__dynamic_pedestrians__MADDPG-style__seed5__ep08,safety_off_evaluation,dynamic_pedestrians,MADDPG-style,5,8,4,1,OFF,ON,ON,ON,OFF,OFF,OFF,0.1,4,1,0,0,0,0,0,0,0,1,37.36,40.95,1.802,17.77,12.812,1.387,0.716,0.6086,0.696,0.4869,0.5568,e64b997c2083e072d9e46c5cadf5057466da9c9a08b370e3f938098054510aee
safetyoff__dynamic_pedestrians__MADDPG-style__seed5__ep09,safety_off_evaluation,dynamic_pedestrians,MADDPG-style,5,9,4,1,OFF,ON,ON,ON,OFF,OFF,OFF,0.1,4,1,0,0,0,0,0,0,1,1,36.32,41.19,0.743,17.82,12.8016,1.392,0.7375,0.472,0.5647,0.3776,0.4518,e64b997c2083e072d9e46c5cadf5057466da9c9a08b370e3f938098054510aee
safetyoff__dynamic_pedestrians__MADDPG-style__seed6__ep00,safety_off_evaluation,dynamic_pedestrians,MADDPG-style,6,0,4,1,OFF,ON,ON,ON,OFF,OFF,OFF,0.1,4,1,0,0,0,0,0,0,1,1,30.95,34.22,1.495,17.16,12.7897,1.3417,0.7286,0.4478,0.5485,0.3582,0.4388,55ab5e18005370f7641f6c74aa68d386319af0225724805412c14f44c0ea8343
safetyoff__dynamic_pedestrians__MADDPG-style__seed6__ep01,safety_off_evaluation,dynamic_pedestrians,MADDPG-style,6,1,4,1,OFF,ON,ON,ON,OFF,OFF,OFF,0.1,3,0,1,0,1,0,0,0,1,1,34.78,39.87,2.013,18.12,N/A (episode terminated early),N/A (early termination),0.7193,0.3805,0.4675,0.3044,0.374,55ab5e18005370f7641f6c74aa68d386319af0225724805412c14f44c0ea8343
safetyoff__dynamic_pedestrians__MADDPG-style__seed6__ep02,safety_off_evaluation,dynamic_pedestrians,MADDPG-style,6,2,4,1,OFF,ON,ON,ON,OFF,OFF,OFF,0.1,4,1,0,0,0,0,0,0,0,0,35.9,40.24,2.367,18.02,12.7817,1.4098,0.7545,0.6468,0.743,0.5174,0.5944,55ab5e18005370f7641f6c74aa68d386319af0225724805412c14f44c0ea8343
safetyoff__dynamic_pedestrians__MADDPG-style__seed6__ep03,safety_off_evaluation,dynamic_pedestrians,MADDPG-style,6,3,4,1,OFF,ON,ON,ON,OFF,OFF,OFF,0.1,4,1,0,0,0,0,0,0,0,1,36.35,41.04,2.838,17.36,12.8184,1.3543,0.7276,0.6972,0.5897,0.5578,0.4718,55ab5e18005370f7641f6c74aa68d386319af0225724805412c14f44c0ea8343
safetyoff__dynamic_pedestrians__MADDPG-style__seed6__ep04,safety_off_evaluation,dynamic_pedestrians,MADDPG-style,6,4,4,1,OFF,ON,ON,ON,OFF,OFF,OFF,0.1,1,0,1,1,1,1,0,0,1,1,32.79,36.56,2.57,18.09,N/A (episode terminated early),N/A (early termination),0.6728,0.357,0.4674,0.2856,0.3739,55ab5e18005370f7641f6c74aa68d386319af0225724805412c14f44c0ea8343
safetyoff__dynamic_pedestrians__MADDPG-style__seed6__ep05,safety_off_evaluation,dynamic_pedestrians,MADDPG-style,6,5,4,1,OFF,ON,ON,ON,OFF,OFF,OFF,0.1,2,0,1,0,1,1,0,0,1,1,30.91,33.61,2.918,17.87,N/A (episode terminated early),N/A (early termination),0.7424,0.379,0.4777,0.3032,0.3822,55ab5e18005370f7641f6c74aa68d386319af0225724805412c14f44c0ea8343
safetyoff__dynamic_pedestrians__MADDPG-style__seed6__ep06,safety_off_evaluation,dynamic_pedestrians,MADDPG-style,6,6,4,1,OFF,ON,ON,ON,OFF,OFF,OFF,0.1,3,0,1,0,1,0,0,0,1,1,33.71,37.03,1.433,18.49,N/A (episode terminated early),N/A (early termination),0.7573,0.4467,0.355,0.3574,0.284,55ab5e18005370f7641f6c74aa68d386319af0225724805412c14f44c0ea8343
safetyoff__dynamic_pedestrians__MADDPG-style__seed6__ep07,safety_off_evaluation,dynamic_pedestrians,MADDPG-style,6,7,4,1,OFF,ON,ON,ON,OFF,OFF,OFF,0.1,2,0,1,1,1,0,0,0,1,1,31.51,35.84,1.628,18.48,N/A (episode terminated early),N/A (early termination),0.7256,0.3335,0.469,0.2668,0.3752,55ab5e18005370f7641f6c74aa68d386319af0225724805412c14f44c0ea8343
safetyoff__dynamic_pedestrians__MADDPG-style__seed6__ep08,safety_off_evaluation,dynamic_pedestrians,MADDPG-style,6,8,4,1,OFF,ON,ON,ON,OFF,OFF,OFF,0.1,3,0,1,0,0,1,1,0,1,0,36.16,39.5,2.189,17.32,N/A (episode terminated early),N/A (early termination),0.6985,0.4782,0.7194,0.3826,0.5755,55ab5e18005370f7641f6c74aa68d386319af0225724805412c14f44c0ea8343
safetyoff__dynamic_pedestrians__MADDPG-style__seed6__ep09,safety_off_evaluation,dynamic_pedestrians,MADDPG-style,6,9,4,1,OFF,ON,ON,ON,OFF,OFF,OFF,0.1,4,1,0,0,0,0,0,0,1,1,34.94,39.39,2.215,17.08,12.8006,1.3343,0.7231,0.5265,0.594,0.4212,0.4752,55ab5e18005370f7641f6c74aa68d386319af0225724805412c14f44c0ea8343
safetyoff__dynamic_pedestrians__MADDPG-style__seed7__ep00,safety_off_evaluation,dynamic_pedestrians,MADDPG-style,7,0,4,1,OFF,ON,ON,ON,OFF,OFF,OFF,0.1,4,1,0,0,0,0,0,0,1,0,32.96,35.95,1.855,17.31,12.7997,1.3524,0.6874,0.4814,0.7804,0.3851,0.6243,65a79fa7953143f37d69a4298069a2c482d0277f8c6220ea84382484544d4211
safetyoff__dynamic_pedestrians__MADDPG-style__seed7__ep01,safety_off_evaluation,dynamic_pedestrians,MADDPG-style,7,1,4,1,OFF,ON,ON,ON,OFF,OFF,OFF,0.1,4,1,0,0,0,0,0,0,0,0,33.28,37.77,1.098,17.17,12.8093,1.3404,0.7429,0.6708,0.7996,0.5366,0.6397,65a79fa7953143f37d69a4298069a2c482d0277f8c6220ea84382484544d4211
safetyoff__dynamic_pedestrians__MADDPG-style__seed7__ep02,safety_off_evaluation,dynamic_pedestrians,MADDPG-style,7,2,4,1,OFF,ON,ON,ON,OFF,OFF,OFF,0.1,4,1,0,0,0,0,0,0,1,0,36.69,40.95,0.875,18.11,12.7926,1.4157,0.7294,0.4734,0.719,0.3787,0.5752,65a79fa7953143f37d69a4298069a2c482d0277f8c6220ea84382484544d4211
safetyoff__dynamic_pedestrians__MADDPG-style__seed7__ep03,safety_off_evaluation,dynamic_pedestrians,MADDPG-style,7,3,4,1,OFF,ON,ON,ON,OFF,OFF,OFF,0.1,3,0,1,0,1,0,0,0,1,1,34.12,38.93,1.555,18.36,N/A (episode terminated early),N/A (early termination),0.733,0.4479,0.4268,0.3583,0.3414,65a79fa7953143f37d69a4298069a2c482d0277f8c6220ea84382484544d4211
safetyoff__dynamic_pedestrians__MADDPG-style__seed7__ep04,safety_off_evaluation,dynamic_pedestrians,MADDPG-style,7,4,4,1,OFF,ON,ON,ON,OFF,OFF,OFF,0.1,4,1,0,0,0,0,0,0,1,0,36.65,41.15,2.182,18.02,12.7963,1.4082,0.7147,0.5184,0.7449,0.4147,0.5959,65a79fa7953143f37d69a4298069a2c482d0277f8c6220ea84382484544d4211
safetyoff__dynamic_pedestrians__MADDPG-style__seed7__ep05,safety_off_evaluation,dynamic_pedestrians,MADDPG-style,7,5,4,1,OFF,ON,ON,ON,OFF,OFF,OFF,0.1,3,0,1,0,1,0,0,0,1,1,31.25,34.14,1.547,18.33,N/A (episode terminated early),N/A (early termination),0.7342,0.4243,0.4384,0.3394,0.3507,65a79fa7953143f37d69a4298069a2c482d0277f8c6220ea84382484544d4211
safetyoff__dynamic_pedestrians__MADDPG-style__seed7__ep06,safety_off_evaluation,dynamic_pedestrians,MADDPG-style,7,6,4,1,OFF,ON,ON,ON,OFF,OFF,OFF,0.1,4,1,0,0,0,0,0,0,1,1,31.59,34.37,1.108,17.15,12.8126,1.3385,0.7302,0.4738,0.6277,0.379,0.5022,65a79fa7953143f37d69a4298069a2c482d0277f8c6220ea84382484544d4211
safetyoff__dynamic_pedestrians__MADDPG-style__seed7__ep07,safety_off_evaluation,dynamic_pedestrians,MADDPG-style,7,7,4,1,OFF,ON,ON,ON,OFF,OFF,OFF,0.1,2,0,1,1,1,0,0,0,1,1,33.22,37.95,2.816,17.76,N/A (episode terminated early),N/A (early termination),0.7441,0.3071,0.5299,0.2457,0.4239,65a79fa7953143f37d69a4298069a2c482d0277f8c6220ea84382484544d4211
safetyoff__dynamic_pedestrians__MADDPG-style__seed7__ep08,safety_off_evaluation,dynamic_pedestrians,MADDPG-style,7,8,4,1,OFF,ON,ON,ON,OFF,OFF,OFF,0.1,3,0,1,0,1,0,0,0,1,1,37.6,40.7,1.603,17.5,N/A (episode terminated early),N/A (early termination),0.6797,0.3819,0.3688,0.3055,0.295,65a79fa7953143f37d69a4298069a2c482d0277f8c6220ea84382484544d4211
safetyoff__dynamic_pedestrians__MADDPG-style__seed7__ep09,safety_off_evaluation,dynamic_pedestrians,MADDPG-style,7,9,4,1,OFF,ON,ON,ON,OFF,OFF,OFF,0.1,4,1,0,0,0,0,0,0,1,0,35.58,39.94,2.858,17.27,12.8218,1.3469,0.7172,0.5225,0.7523,0.418,0.6018,65a79fa7953143f37d69a4298069a2c482d0277f8c6220ea84382484544d4211
safetyoff__mixed_complex__MADDPG-style__seed0__ep00,safety_off_evaluation,mixed_complex,MADDPG-style,0,0,4,1,OFF,ON,ON,ON,OFF,OFF,OFF,0.1,4,1,0,0,0,0,0,0,0,1,49.65,53.71,1.193,18.46,23.0091,0.8023,0.7568,0.69,0.624,0.552,0.4992,123843d5f0936dc739f563b8fa202a9fdc32ee41f6ea2205276c188101cc4fe1
safetyoff__mixed_complex__MADDPG-style__seed0__ep01,safety_off_evaluation,mixed_complex,MADDPG-style,0,1,4,1,OFF,ON,ON,ON,OFF,OFF,OFF,0.1,2,0,1,0,1,1,0,0,1,1,47.8,54.46,0.712,18.2,N/A (episode terminated early),N/A (early termination),0.7479,0.4303,0.4138,0.3442,0.331,123843d5f0936dc739f563b8fa202a9fdc32ee41f6ea2205276c188101cc4fe1
safetyoff__mixed_complex__MADDPG-style__seed0__ep02,safety_off_evaluation,mixed_complex,MADDPG-style,0,2,4,1,OFF,ON,ON,ON,OFF,OFF,OFF,0.1,4,1,0,0,0,0,0,0,0,0,45.49,50.57,1.442,17.17,22.9326,0.7487,0.7107,0.5674,0.7572,0.4539,0.6058,123843d5f0936dc739f563b8fa202a9fdc32ee41f6ea2205276c188101cc4fe1
safetyoff__mixed_complex__MADDPG-style__seed0__ep03,safety_off_evaluation,mixed_complex,MADDPG-style,0,3,4,1,OFF,ON,ON,ON,OFF,OFF,OFF,0.1,4,1,0,0,0,0,0,0,1,0,52.32,57.71,1.329,17.1005,23.0527,0.7418,0.7479,0.4699,0.8045,0.3759,0.6436,123843d5f0936dc739f563b8fa202a9fdc32ee41f6ea2205276c188101cc4fe1
safetyoff__mixed_complex__MADDPG-style__seed0__ep04,safety_off_evaluation,mixed_complex,MADDPG-style,0,4,4,1,OFF,ON,ON,ON,OFF,OFF,OFF,0.1,4,1,0,0,0,0,0,0,1,1,50.97,55.71,1.083,17.49,23.1777,0.7546,0.7141,0.5462,0.6959,0.437,0.5567,123843d5f0936dc739f563b8fa202a9fdc32ee41f6ea2205276c188101cc4fe1
safetyoff__mixed_complex__MADDPG-style__seed0__ep05,safety_off_evaluation,mixed_complex,MADDPG-style,0,5,4,1,OFF,ON,ON,ON,OFF,OFF,OFF,0.1,3,0,1,0,0,1,0,0,1,1,51.97,59,2.937,18.23,N/A (episode terminated early),N/A (early termination),0.7596,0.4829,0.5866,0.3863,0.4693,123843d5f0936dc739f563b8fa202a9fdc32ee41f6ea2205276c188101cc4fe1
safetyoff__mixed_complex__MADDPG-style__seed0__ep06,safety_off_evaluation,mixed_complex,MADDPG-style,0,6,4,1,OFF,ON,ON,ON,OFF,OFF,OFF,0.1,4,1,0,0,0,0,0,0,0,1,47.51,51.89,2.107,17.81,22.9948,0.7745,0.6942,0.7388,0.6468,0.591,0.5174,123843d5f0936dc739f563b8fa202a9fdc32ee41f6ea2205276c188101cc4fe1
safetyoff__mixed_complex__MADDPG-style__seed0__ep07,safety_off_evaluation,mixed_complex,MADDPG-style,0,7,4,1,OFF,ON,ON,ON,OFF,OFF,OFF,0.1,3,0,1,0,1,0,0,0,1,1,46.5,50.55,0.714,17.13,N/A (episode terminated early),N/A (early termination),0.7409,0.4264,0.4948,0.3411,0.3958,123843d5f0936dc739f563b8fa202a9fdc32ee41f6ea2205276c188101cc4fe1
safetyoff__mixed_complex__MADDPG-style__seed0__ep08,safety_off_evaluation,mixed_complex,MADDPG-style,0,8,4,1,OFF,ON,ON,ON,OFF,OFF,OFF,0.1,2,0,1,0,1,1,0,0,1,1,47.82,54.1,2.599,18.16,N/A (episode terminated early),N/A (early termination),0.6814,0.4049,0.5181,0.3239,0.4145,123843d5f0936dc739f563b8fa202a9fdc32ee41f6ea2205276c188101cc4fe1
safetyoff__mixed_complex__MADDPG-style__seed0__ep09,safety_off_evaluation,mixed_complex,MADDPG-style,0,9,4,1,OFF,ON,ON,ON,OFF,OFF,OFF,0.1,4,1,0,0,0,0,0,0,0,1,48.72,55.65,1.576,17.44,23.0095,0.7579,0.7466,0.5658,0.6554,0.4526,0.5243,123843d5f0936dc739f563b8fa202a9fdc32ee41f6ea2205276c188101cc4fe1
safetyoff__mixed_complex__MADDPG-style__seed1__ep00,safety_off_evaluation,mixed_complex,MADDPG-style,1,0,4,1,OFF,ON,ON,ON,OFF,OFF,OFF,0.1,4,1,0,0,0,0,0,0,1,1,45.29,51.38,1.16,17.35,22.9948,0.7545,0.7616,0.3931,0.5475,0.3145,0.438,c9bf02b3eba796eead854fa043aba6aa177db2b1d628e2818e0424346362cefa
safetyoff__mixed_complex__MADDPG-style__seed1__ep01,safety_off_evaluation,mixed_complex,MADDPG-style,1,1,4,1,OFF,ON,ON,ON,OFF,OFF,OFF,0.1,1,0,1,1,1,1,0,0,1,1,52.07,58.75,2.637,17.11,N/A (episode terminated early),N/A (early termination),0.7671,0.3419,0.4651,0.2735,0.3721,c9bf02b3eba796eead854fa043aba6aa177db2b1d628e2818e0424346362cefa
safetyoff__mixed_complex__MADDPG-style__seed1__ep02,safety_off_evaluation,mixed_complex,MADDPG-style,1,2,4,1,OFF,ON,ON,ON,OFF,OFF,OFF,0.1,2,0,1,0,1,1,0,0,1,1,46.44,51.02,1.949,18.27,N/A (episode terminated early),N/A (early termination),0.7398,0.4244,0.5045,0.3395,0.4036,c9bf02b3eba796eead854fa043aba6aa177db2b1d628e2818e0424346362cefa
safetyoff__mixed_complex__MADDPG-style__seed1__ep03,safety_off_evaluation,mixed_complex,MADDPG-style,1,3,4,1,OFF,ON,ON,ON,OFF,OFF,OFF,0.1,4,1,0,0,0,0,0,0,0,1,47.39,54.39,1.782,18.18,23.1154,0.7865,0.6881,0.7266,0.6949,0.5813,0.5559,c9bf02b3eba796eead854fa043aba6aa177db2b1d628e2818e0424346362cefa
safetyoff__mixed_complex__MADDPG-style__seed1__ep04,safety_off_evaluation,mixed_complex,MADDPG-style,1,4,4,1,OFF,ON,ON,ON,OFF,OFF,OFF,0.1,3,0,1,0,1,0,0,0,1,1,47.34,52.97,2.053,17.65,N/A (episode terminated early),N/A (early termination),0.6842,0.3913,0.4358,0.313,0.3486,c9bf02b3eba796eead854fa043aba6aa177db2b1d628e2818e0424346362cefa
safetyoff__mixed_complex__MADDPG-style__seed1__ep05,safety_off_evaluation,mixed_complex,MADDPG-style,1,5,4,1,OFF,ON,ON,ON,OFF,OFF,OFF,0.1,4,1,0,0,0,0,0,0,0,1,49.35,55.13,2.092,17.3,23.1777,0.7464,0.7385,0.6676,0.6971,0.5341,0.5577,c9bf02b3eba796eead854fa043aba6aa177db2b1d628e2818e0424346362cefa
safetyoff__mixed_complex__MADDPG-style__seed1__ep06,safety_off_evaluation,mixed_complex,MADDPG-style,1,6,4,1,OFF,ON,ON,ON,OFF,OFF,OFF,0.1,3,0,1,0,1,0,0,0,1,1,49.73,54.91,1.507,17.28,N/A (episode terminated early),N/A (early termination),0.686,0.374,0.5092,0.2992,0.4074,c9bf02b3eba796eead854fa043aba6aa177db2b1d628e2818e0424346362cefa
safetyoff__mixed_complex__MADDPG-style__seed1__ep07,safety_off_evaluation,mixed_complex,MADDPG-style,1,7,4,1,OFF,ON,ON,ON,OFF,OFF,OFF,0.1,2,0,1,0,1,1,0,0,1,1,49.53,56.57,1.9,18.28,N/A (episode terminated early),N/A (early termination),0.7308,0.4006,0.4351,0.3205,0.3481,c9bf02b3eba796eead854fa043aba6aa177db2b1d628e2818e0424346362cefa
safetyoff__mixed_complex__MADDPG-style__seed1__ep08,safety_off_evaluation,mixed_complex,MADDPG-style,1,8,4,1,OFF,ON,ON,ON,OFF,OFF,OFF,0.1,1,0,1,1,1,1,0,0,1,1,50.19,57.49,2.825,17.19,N/A (episode terminated early),N/A (early termination),0.7612,0.3143,0.4447,0.2514,0.3558,c9bf02b3eba796eead854fa043aba6aa177db2b1d628e2818e0424346362cefa
safetyoff__mixed_complex__MADDPG-style__seed1__ep09,safety_off_evaluation,mixed_complex,MADDPG-style,1,9,4,1,OFF,ON,ON,ON,OFF,OFF,OFF,0.1,4,1,0,0,0,0,0,0,0,1,46.86,50.95,2.861,17.95,23.0529,0.7786,0.728,0.6643,0.5594,0.5314,0.4475,c9bf02b3eba796eead854fa043aba6aa177db2b1d628e2818e0424346362cefa
safetyoff__mixed_complex__MADDPG-style__seed2__ep00,safety_off_evaluation,mixed_complex,MADDPG-style,2,0,4,1,OFF,ON,ON,ON,OFF,OFF,OFF,0.1,4,1,0,0,0,0,0,0,0,1,51.9,57.59,1.249,17.83,22.9323,0.7775,0.7675,0.6536,0.5765,0.5229,0.4612,cc36ef565d23ea12f69f2e258676d8f46e8de79927a7aa951bc31c77354f20c3
safetyoff__mixed_complex__MADDPG-style__seed2__ep01,safety_off_evaluation,mixed_complex,MADDPG-style,2,1,4,1,OFF,ON,ON,ON,OFF,OFF,OFF,0.1,4,1,0,0,0,0,0,0,0,1,52.61,58.2,2.707,18.27,23.0576,0.7924,0.7636,0.7075,0.6231,0.566,0.4985,cc36ef565d23ea12f69f2e258676d8f46e8de79927a7aa951bc31c77354f20c3
safetyoff__mixed_complex__MADDPG-style__seed2__ep02,safety_off_evaluation,mixed_complex,MADDPG-style,2,2,4,1,OFF,ON,ON,ON,OFF,OFF,OFF,0.1,1,0,1,1,1,1,0,0,1,1,48.76,55.52,1.288,17.49,N/A (episode terminated early),N/A (early termination),0.735,0.2859,0.4343,0.2287,0.3474,cc36ef565d23ea12f69f2e258676d8f46e8de79927a7aa951bc31c77354f20c3
safetyoff__mixed_complex__MADDPG-style__seed2__ep03,safety_off_evaluation,mixed_complex,MADDPG-style,2,3,4,1,OFF,ON,ON,ON,OFF,OFF,OFF,0.1,2,0,1,1,1,0,0,0,1,1,49.96,56.3,2.795,17.64,N/A (episode terminated early),N/A (early termination),0.6887,0.2654,0.5154,0.2123,0.4123,cc36ef565d23ea12f69f2e258676d8f46e8de79927a7aa951bc31c77354f20c3
safetyoff__mixed_complex__MADDPG-style__seed2__ep04,safety_off_evaluation,mixed_complex,MADDPG-style,2,4,4,1,OFF,ON,ON,ON,OFF,OFF,OFF,0.1,3,0,1,0,1,0,0,0,1,1,51.22,58.04,0.934,17.09,N/A (episode terminated early),N/A (early termination),0.7572,0.4294,0.4961,0.3435,0.3969,cc36ef565d23ea12f69f2e258676d8f46e8de79927a7aa951bc31c77354f20c3
safetyoff__mixed_complex__MADDPG-style__seed2__ep05,safety_off_evaluation,mixed_complex,MADDPG-style,2,5,4,1,OFF,ON,ON,ON,OFF,OFF,OFF,0.1,3,0,1,0,0,1,0,0,1,0,45,50.59,2.774,17.92,N/A (episode terminated early),N/A (early termination),0.6925,0.5025,0.7214,0.402,0.5771,cc36ef565d23ea12f69f2e258676d8f46e8de79927a7aa951bc31c77354f20c3
safetyoff__mixed_complex__MADDPG-style__seed2__ep06,safety_off_evaluation,mixed_complex,MADDPG-style,2,6,4,1,OFF,ON,ON,ON,OFF,OFF,OFF,0.1,3,0,1,0,1,0,0,0,1,1,50.47,55.14,1.77,17.26,N/A (episode terminated early),N/A (early termination),0.7286,0.4122,0.5199,0.3298,0.4159,cc36ef565d23ea12f69f2e258676d8f46e8de79927a7aa951bc31c77354f20c3
safetyoff__mixed_complex__MADDPG-style__seed2__ep07,safety_off_evaluation,mixed_complex,MADDPG-style,2,7,4,1,OFF,ON,ON,ON,OFF,OFF,OFF,0.1,4,1,0,0,0,0,0,0,1,1,50.54,56.33,2.238,17.66,22.9902,0.7682,0.6701,0.4679,0.5636,0.3743,0.4509,cc36ef565d23ea12f69f2e258676d8f46e8de79927a7aa951bc31c77354f20c3
safetyoff__mixed_complex__MADDPG-style__seed2__ep08,safety_off_evaluation,mixed_complex,MADDPG-style,2,8,4,1,OFF,ON,ON,ON,OFF,OFF,OFF,0.1,3,0,1,0,0,1,0,0,1,1,46.98,52.1,0.798,18.2,N/A (episode terminated early),N/A (early termination),0.7283,0.4051,0.5305,0.3241,0.4244,cc36ef565d23ea12f69f2e258676d8f46e8de79927a7aa951bc31c77354f20c3
safetyoff__mixed_complex__MADDPG-style__seed2__ep09,safety_off_evaluation,mixed_complex,MADDPG-style,2,9,4,1,OFF,ON,ON,ON,OFF,OFF,OFF,0.1,3,0,1,0,1,0,0,0,1,1,51.08,58.58,1.917,17.33,N/A (episode terminated early),N/A (early termination),0.7594,0.449,0.3616,0.3592,0.2893,cc36ef565d23ea12f69f2e258676d8f46e8de79927a7aa951bc31c77354f20c3
safetyoff__mixed_complex__MADDPG-style__seed3__ep00,safety_off_evaluation,mixed_complex,MADDPG-style,3,0,4,1,OFF,ON,ON,ON,OFF,OFF,OFF,0.1,1,0,1,1,1,1,0,0,1,1,47.38,53.04,1.106,17.36,N/A (episode terminated early),N/A (early termination),0.7604,0.2673,0.4061,0.2138,0.3249,ccdf7053472e904497483b88ba2d0670264dabc88f956cca93c06e68b57715bc
safetyoff__mixed_complex__MADDPG-style__seed3__ep01,safety_off_evaluation,mixed_complex,MADDPG-style,3,1,4,1,OFF,ON,ON,ON,OFF,OFF,OFF,0.1,4,1,0,0,0,0,0,0,0,1,45.08,51.6,2.906,17.0625,22.9467,0.7436,0.7205,0.5529,0.5638,0.4423,0.451,ccdf7053472e904497483b88ba2d0670264dabc88f956cca93c06e68b57715bc
safetyoff__mixed_complex__MADDPG-style__seed3__ep02,safety_off_evaluation,mixed_complex,MADDPG-style,3,2,4,1,OFF,ON,ON,ON,OFF,OFF,OFF,0.1,4,1,0,0,0,0,0,0,0,1,48.14,53.63,2.724,18.14,23.1777,0.7827,0.763,0.7081,0.6128,0.5665,0.4902,ccdf7053472e904497483b88ba2d0670264dabc88f956cca93c06e68b57715bc
safetyoff__mixed_complex__MADDPG-style__seed3__ep03,safety_off_evaluation,mixed_complex,MADDPG-style,3,3,4,1,OFF,ON,ON,ON,OFF,OFF,OFF,0.1,3,0,1,0,1,0,0,0,1,1,45.03,50.65,0.731,18.43,N/A (episode terminated early),N/A (early termination),0.7389,0.4012,0.4594,0.321,0.3675,ccdf7053472e904497483b88ba2d0670264dabc88f956cca93c06e68b57715bc
safetyoff__mixed_complex__MADDPG-style__seed3__ep04,safety_off_evaluation,mixed_complex,MADDPG-style,3,4,4,1,OFF,ON,ON,ON,OFF,OFF,OFF,0.1,4,1,0,0,0,0,0,0,0,0,49.91,56.72,1.813,18.14,23.1342,0.7841,0.7216,0.6251,0.7819,0.5001,0.6255,ccdf7053472e904497483b88ba2d0670264dabc88f956cca93c06e68b57715bc
safetyoff__mixed_complex__MADDPG-style__seed3__ep05,safety_off_evaluation,mixed_complex,MADDPG-style,3,5,4,1,OFF,ON,ON,ON,OFF,OFF,OFF,0.1,2,0,1,0,1,1,0,0,1,1,51.1,55.9,2.013,17.32,N/A (episode terminated early),N/A (early termination),0.7282,0.3908,0.4882,0.3126,0.3906,ccdf7053472e904497483b88ba2d0670264dabc88f956cca93c06e68b57715bc
safetyoff__mixed_complex__MADDPG-style__seed3__ep06,safety_off_evaluation,mixed_complex,MADDPG-style,3,6,4,1,OFF,ON,ON,ON,OFF,OFF,OFF,0.1,1,0,1,1,1,1,0,0,1,1,46.71,53.65,2.367,17.9,N/A (episode terminated early),N/A (early termination),0.7593,0.3347,0.3653,0.2678,0.2922,ccdf7053472e904497483b88ba2d0670264dabc88f956cca93c06e68b57715bc
safetyoff__mixed_complex__MADDPG-style__seed3__ep07,safety_off_evaluation,mixed_complex,MADDPG-style,3,7,4,1,OFF,ON,ON,ON,OFF,OFF,OFF,0.1,4,1,0,0,0,0,0,0,0,0,51.79,57.51,2.986,17.6,23.0573,0.7633,0.7024,0.6684,0.7894,0.5347,0.6315,ccdf7053472e904497483b88ba2d0670264dabc88f956cca93c06e68b57715bc
safetyoff__mixed_complex__MADDPG-style__seed3__ep08,safety_off_evaluation,mixed_complex,MADDPG-style,3,8,4,1,OFF,ON,ON,ON,OFF,OFF,OFF,0.1,4,1,0,0,0,0,0,0,0,1,45.6,52.41,1.546,17.08,23.1151,0.7389,0.7553,0.6755,0.5555,0.5404,0.4444,ccdf7053472e904497483b88ba2d0670264dabc88f956cca93c06e68b57715bc
safetyoff__mixed_complex__MADDPG-style__seed3__ep09,safety_off_evaluation,mixed_complex,MADDPG-style,3,9,4,1,OFF,ON,ON,ON,OFF,OFF,OFF,0.1,4,1,0,0,0,0,0,0,1,1,48.91,53.33,1.133,18.31,23.0576,0.7941,0.7248,0.3926,0.5329,0.3141,0.4263,ccdf7053472e904497483b88ba2d0670264dabc88f956cca93c06e68b57715bc
safetyoff__mixed_complex__MADDPG-style__seed4__ep00,safety_off_evaluation,mixed_complex,MADDPG-style,4,0,4,1,OFF,ON,ON,ON,OFF,OFF,OFF,0.1,4,1,0,0,0,0,0,0,1,0,50.57,55.73,2.767,18.18,23.0526,0.7886,0.7511,0.4726,0.7948,0.3781,0.6358,2386c5518da493b17b745d0e4c181ce30487d62ded78986a7e697f67b6960e3b
safetyoff__mixed_complex__MADDPG-style__seed4__ep01,safety_off_evaluation,mixed_complex,MADDPG-style,4,1,4,1,OFF,ON,ON,ON,OFF,OFF,OFF,0.1,3,0,1,0,1,0,0,0,1,1,50.79,55.62,2.836,17.83,N/A (episode terminated early),N/A (early termination),0.6736,0.4254,0.4234,0.3403,0.3387,2386c5518da493b17b745d0e4c181ce30487d62ded78986a7e697f67b6960e3b
safetyoff__mixed_complex__MADDPG-style__seed4__ep02,safety_off_evaluation,mixed_complex,MADDPG-style,4,2,4,1,OFF,ON,ON,ON,OFF,OFF,OFF,0.1,4,1,0,0,0,0,0,0,1,1,47.61,54.62,1.11,17.19,22.9904,0.7477,0.685,0.5221,0.6023,0.4177,0.4818,2386c5518da493b17b745d0e4c181ce30487d62ded78986a7e697f67b6960e3b
safetyoff__mixed_complex__MADDPG-style__seed4__ep03,safety_off_evaluation,mixed_complex,MADDPG-style,4,3,4,1,OFF,ON,ON,ON,OFF,OFF,OFF,0.1,4,1,0,0,0,0,0,0,0,1,48.89,53.48,0.873,18.48,23.0141,0.803,0.7325,0.7084,0.593,0.5667,0.4744,2386c5518da493b17b745d0e4c181ce30487d62ded78986a7e697f67b6960e3b
safetyoff__mixed_complex__MADDPG-style__seed4__ep04,safety_off_evaluation,mixed_complex,MADDPG-style,4,4,4,1,OFF,ON,ON,ON,OFF,OFF,OFF,0.1,4,1,0,0,0,0,0,0,0,0,47.28,51.07,2.663,17.58,22.7771,0.7718,0.6769,0.5772,0.728,0.4618,0.5824,2386c5518da493b17b745d0e4c181ce30487d62ded78986a7e697f67b6960e3b
safetyoff__mixed_complex__MADDPG-style__seed4__ep05,safety_off_evaluation,mixed_complex,MADDPG-style,4,5,4,1,OFF,ON,ON,ON,OFF,OFF,OFF,0.1,4,1,0,0,0,0,0,0,0,0,52.9,59.9,1.617,17.62,23.0095,0.7658,0.6844,0.6626,0.8031,0.5301,0.6425,2386c5518da493b17b745d0e4c181ce30487d62ded78986a7e697f67b6960e3b
safetyoff__mixed_complex__MADDPG-style__seed4__ep06,safety_off_evaluation,mixed_complex,MADDPG-style,4,6,4,1,OFF,ON,ON,ON,OFF,OFF,OFF,0.1,4,1,0,0,0,0,0,0,1,1,48.09,54.43,1.248,17.33,23.0576,0.7516,0.6793,0.4801,0.6204,0.3841,0.4963,2386c5518da493b17b745d0e4c181ce30487d62ded78986a7e697f67b6960e3b
safetyoff__mixed_complex__MADDPG-style__seed4__ep07,safety_off_evaluation,mixed_complex,MADDPG-style,4,7,4,1,OFF,ON,ON,ON,OFF,OFF,OFF,0.1,4,1,0,0,0,0,0,0,0,1,50.88,57.88,0.761,18.28,23.2011,0.7879,0.7145,0.6081,0.6543,0.4865,0.5234,2386c5518da493b17b745d0e4c181ce30487d62ded78986a7e697f67b6960e3b
safetyoff__mixed_complex__MADDPG-style__seed4__ep08,safety_off_evaluation,mixed_complex,MADDPG-style,4,8,4,1,OFF,ON,ON,ON,OFF,OFF,OFF,0.1,2,0,1,0,1,1,0,0,1,1,51.35,57.39,1.739,18.36,N/A (episode terminated early),N/A (early termination),0.6876,0.3617,0.5273,0.2894,0.4218,2386c5518da493b17b745d0e4c181ce30487d62ded78986a7e697f67b6960e3b
safetyoff__mixed_complex__MADDPG-style__seed4__ep09,safety_off_evaluation,mixed_complex,MADDPG-style,4,9,4,1,OFF,ON,ON,ON,OFF,OFF,OFF,0.1,2,0,1,1,1,0,0,0,1,1,48.43,55.64,1.977,18.29,N/A (episode terminated early),N/A (early termination),0.7656,0.3044,0.487,0.2435,0.3896,2386c5518da493b17b745d0e4c181ce30487d62ded78986a7e697f67b6960e3b
safetyoff__mixed_complex__MADDPG-style__seed5__ep00,safety_off_evaluation,mixed_complex,MADDPG-style,5,0,4,1,OFF,ON,ON,ON,OFF,OFF,OFF,0.1,4,1,0,0,0,0,0,0,0,0,52.5,59.13,2.752,18.05,23.1966,0.7781,0.7393,0.6683,0.7951,0.5346,0.6361,5de7bc74c1568867e6e23d4a7dfed393551a39787d73407484ec2a6365f31b56
safetyoff__mixed_complex__MADDPG-style__seed5__ep01,safety_off_evaluation,mixed_complex,MADDPG-style,5,1,4,1,OFF,ON,ON,ON,OFF,OFF,OFF,0.1,4,1,0,0,0,0,0,0,0,0,47.21,52.74,2.759,17.38,23.1154,0.7519,0.6797,0.6141,0.7494,0.4913,0.5995,5de7bc74c1568867e6e23d4a7dfed393551a39787d73407484ec2a6365f31b56
safetyoff__mixed_complex__MADDPG-style__seed5__ep02,safety_off_evaluation,mixed_complex,MADDPG-style,5,2,4,1,OFF,ON,ON,ON,OFF,OFF,OFF,0.1,4,1,0,0,0,0,0,0,0,0,47.74,52.48,0.843,17.75,23.0527,0.77,0.7583,0.5539,0.7563,0.4431,0.605,5de7bc74c1568867e6e23d4a7dfed393551a39787d73407484ec2a6365f31b56
safetyoff__mixed_complex__MADDPG-style__seed5__ep03,safety_off_evaluation,mixed_complex,MADDPG-style,5,3,4,1,OFF,ON,ON,ON,OFF,OFF,OFF,0.1,4,1,0,0,0,0,0,0,0,1,49.56,56.6,1.273,17.52,22.9467,0.7635,0.6941,0.7012,0.58,0.561,0.464,5de7bc74c1568867e6e23d4a7dfed393551a39787d73407484ec2a6365f31b56
safetyoff__mixed_complex__MADDPG-style__seed5__ep04,safety_off_evaluation,mixed_complex,MADDPG-style,5,4,4,1,OFF,ON,ON,ON,OFF,OFF,OFF,0.1,4,1,0,0,0,0,0,0,0,0,52.15,59.49,2.294,17.82,23.1198,0.7708,0.6961,0.6032,0.7437,0.4826,0.595,5de7bc74c1568867e6e23d4a7dfed393551a39787d73407484ec2a6365f31b56
safetyoff__mixed_complex__MADDPG-style__seed5__ep05,safety_off_evaluation,mixed_complex,MADDPG-style,5,5,4,1,OFF,ON,ON,ON,OFF,OFF,OFF,0.1,4,1,0,0,0,0,0,0,0,0,45.57,51.91,1.305,17.46,22.9279,0.7615,0.7513,0.6706,0.7953,0.5365,0.6362,5de7bc74c1568867e6e23d4a7dfed393551a39787d73407484ec2a6365f31b56
safetyoff__mixed_complex__MADDPG-style__seed5__ep06,safety_off_evaluation,mixed_complex,MADDPG-style,5,6,4,1,OFF,ON,ON,ON,OFF,OFF,OFF,0.1,4,1,0,0,0,0,0,0,0,1,45.38,50.98,0.864,17.1386,23.1342,0.7408,0.7098,0.7195,0.5965,0.5756,0.4772,5de7bc74c1568867e6e23d4a7dfed393551a39787d73407484ec2a6365f31b56
safetyoff__mixed_complex__MADDPG-style__seed5__ep07,safety_off_evaluation,mixed_complex,MADDPG-style,5,7,4,1,OFF,ON,ON,ON,OFF,OFF,OFF,0.1,3,0,1,1,0,0,0,0,1,1,47.57,54.35,1.586,17.85,N/A (episode terminated early),N/A (early termination),0.7195,0.3465,0.5491,0.2772,0.4393,5de7bc74c1568867e6e23d4a7dfed393551a39787d73407484ec2a6365f31b56
safetyoff__mixed_complex__MADDPG-style__seed5__ep08,safety_off_evaluation,mixed_complex,MADDPG-style,5,8,4,1,OFF,ON,ON,ON,OFF,OFF,OFF,0.1,4,1,0,0,0,0,0,0,0,1,50.08,54.7,2.783,18.24,23.2445,0.7847,0.7573,0.6555,0.6496,0.5244,0.5197,5de7bc74c1568867e6e23d4a7dfed393551a39787d73407484ec2a6365f31b56
safetyoff__mixed_complex__MADDPG-style__seed5__ep09,safety_off_evaluation,mixed_complex,MADDPG-style,5,9,4,1,OFF,ON,ON,ON,OFF,OFF,OFF,0.1,4,1,0,0,0,0,0,0,0,1,49.2,55.09,2.976,17.95,22.7817,0.7879,0.6832,0.5631,0.6185,0.4505,0.4948,5de7bc74c1568867e6e23d4a7dfed393551a39787d73407484ec2a6365f31b56
safetyoff__mixed_complex__MADDPG-style__seed6__ep00,safety_off_evaluation,mixed_complex,MADDPG-style,6,0,4,1,OFF,ON,ON,ON,OFF,OFF,OFF,0.1,3,0,1,0,1,0,0,0,1,1,48.03,54.63,0.95,17.07,N/A (episode terminated early),N/A (early termination),0.6933,0.4459,0.4099,0.3567,0.3279,0422041699ff2f45b8c1f1b18366a66f506ece18bf78055b1bb41a1a9a7c5fa1
safetyoff__mixed_complex__MADDPG-style__seed6__ep01,safety_off_evaluation,mixed_complex,MADDPG-style,6,1,4,1,OFF,ON,ON,ON,OFF,OFF,OFF,0.1,3,0,1,0,1,0,0,0,1,1,51.68,56.59,2.167,17.6,N/A (episode terminated early),N/A (early termination),0.7572,0.3707,0.4594,0.2966,0.3675,0422041699ff2f45b8c1f1b18366a66f506ece18bf78055b1bb41a1a9a7c5fa1
safetyoff__mixed_complex__MADDPG-style__seed6__ep02,safety_off_evaluation,mixed_complex,MADDPG-style,6,2,4,1,OFF,ON,ON,ON,OFF,OFF,OFF,0.1,3,0,1,0,0,1,1,0,0,0,48.41,54.97,0.768,17.3,N/A (episode terminated early),N/A (early termination),0.6734,0.7148,0.7114,0.5718,0.5691,0422041699ff2f45b8c1f1b18366a66f506ece18bf78055b1bb41a1a9a7c5fa1
safetyoff__mixed_complex__MADDPG-style__seed6__ep03,safety_off_evaluation,mixed_complex,MADDPG-style,6,3,4,1,OFF,ON,ON,ON,OFF,OFF,OFF,0.1,3,0,1,0,1,0,0,0,1,1,51.06,58.69,0.906,18.03,N/A (episode terminated early),N/A (early termination),0.7464,0.3972,0.401,0.3178,0.3208,0422041699ff2f45b8c1f1b18366a66f506ece18bf78055b1bb41a1a9a7c5fa1
safetyoff__mixed_complex__MADDPG-style__seed6__ep04,safety_off_evaluation,mixed_complex,MADDPG-style,6,4,4,1,OFF,ON,ON,ON,OFF,OFF,OFF,0.1,4,1,0,0,0,0,0,0,1,1,45.06,48.98,0.863,18.04,22.8654,0.789,0.6854,0.4924,0.5843,0.3939,0.4674,0422041699ff2f45b8c1f1b18366a66f506ece18bf78055b1bb41a1a9a7c5fa1
safetyoff__mixed_complex__MADDPG-style__seed6__ep05,safety_off_evaluation,mixed_complex,MADDPG-style,6,5,4,1,OFF,ON,ON,ON,OFF,OFF,OFF,0.1,4,1,0,0,0,0,0,0,0,0,45.09,49.02,1.38,18.36,23.1342,0.7936,0.7499,0.6465,0.7189,0.5172,0.5751,0422041699ff2f45b8c1f1b18366a66f506ece18bf78055b1bb41a1a9a7c5fa1
safetyoff__mixed_complex__MADDPG-style__seed6__ep06,safety_off_evaluation,mixed_complex,MADDPG-style,6,6,4,1,OFF,ON,ON,ON,OFF,OFF,OFF,0.1,1,0,1,1,1,1,0,0,1,1,51.5,57.63,1.826,17.15,N/A (episode terminated early),N/A (early termination),0.7271,0.3395,0.4147,0.2716,0.3318,0422041699ff2f45b8c1f1b18366a66f506ece18bf78055b1bb41a1a9a7c5fa1
safetyoff__mixed_complex__MADDPG-style__seed6__ep07,safety_off_evaluation,mixed_complex,MADDPG-style,6,7,4,1,OFF,ON,ON,ON,OFF,OFF,OFF,0.1,4,1,0,0,0,0,0,0,0,0,50.88,57.55,1.026,18.3,22.822,0.8019,0.6874,0.5878,0.8051,0.4702,0.6441,0422041699ff2f45b8c1f1b18366a66f506ece18bf78055b1bb41a1a9a7c5fa1
safetyoff__mixed_complex__MADDPG-style__seed6__ep08,safety_off_evaluation,mixed_complex,MADDPG-style,6,8,4,1,OFF,ON,ON,ON,OFF,OFF,OFF,0.1,3,0,1,0,0,1,0,0,1,1,47.6,52.83,2.51,18.15,N/A (episode terminated early),N/A (early termination),0.6869,0.402,0.5356,0.3216,0.4285,0422041699ff2f45b8c1f1b18366a66f506ece18bf78055b1bb41a1a9a7c5fa1
safetyoff__mixed_complex__MADDPG-style__seed6__ep09,safety_off_evaluation,mixed_complex,MADDPG-style,6,9,4,1,OFF,ON,ON,ON,OFF,OFF,OFF,0.1,4,1,0,0,0,0,0,0,0,1,52.98,60.45,2.424,17.0575,23.1195,0.7378,0.687,0.6468,0.6331,0.5174,0.5065,0422041699ff2f45b8c1f1b18366a66f506ece18bf78055b1bb41a1a9a7c5fa1
safetyoff__mixed_complex__MADDPG-style__seed7__ep00,safety_off_evaluation,mixed_complex,MADDPG-style,7,0,4,1,OFF,ON,ON,ON,OFF,OFF,OFF,0.1,2,0,1,0,1,1,0,0,1,1,52.12,57.89,1.391,17.34,N/A (episode terminated early),N/A (early termination),0.6774,0.3856,0.4373,0.3085,0.3498,ec8010102a7bc984b41705612672c4d645130d8baa303509cc9e241964a8bb03
safetyoff__mixed_complex__MADDPG-style__seed7__ep01,safety_off_evaluation,mixed_complex,MADDPG-style,7,1,4,1,OFF,ON,ON,ON,OFF,OFF,OFF,0.1,4,1,0,0,0,0,0,0,0,1,52.84,60.22,0.812,17.27,23.0095,0.7506,0.7239,0.5605,0.6531,0.4484,0.5225,ec8010102a7bc984b41705612672c4d645130d8baa303509cc9e241964a8bb03
safetyoff__mixed_complex__MADDPG-style__seed7__ep02,safety_off_evaluation,mixed_complex,MADDPG-style,7,2,4,1,OFF,ON,ON,ON,OFF,OFF,OFF,0.1,4,1,0,0,0,0,0,0,0,1,47.39,52.35,2.007,17.15,23.0893,0.7428,0.6759,0.7132,0.6909,0.5706,0.5527,ec8010102a7bc984b41705612672c4d645130d8baa303509cc9e241964a8bb03
safetyoff__mixed_complex__MADDPG-style__seed7__ep03,safety_off_evaluation,mixed_complex,MADDPG-style,7,3,4,1,OFF,ON,ON,ON,OFF,OFF,OFF,0.1,4,1,0,0,0,0,0,0,0,0,47.88,51.85,2.052,17.33,23.0576,0.7516,0.7528,0.7262,0.7939,0.581,0.6351,ec8010102a7bc984b41705612672c4d645130d8baa303509cc9e241964a8bb03
safetyoff__mixed_complex__MADDPG-style__seed7__ep04,safety_off_evaluation,mixed_complex,MADDPG-style,7,4,4,1,OFF,ON,ON,ON,OFF,OFF,OFF,0.1,4,1,0,0,0,0,0,0,0,0,50.37,55.03,1.51,18.42,23.1777,0.7947,0.6833,0.6734,0.7287,0.5387,0.583,ec8010102a7bc984b41705612672c4d645130d8baa303509cc9e241964a8bb03
safetyoff__mixed_complex__MADDPG-style__seed7__ep05,safety_off_evaluation,mixed_complex,MADDPG-style,7,5,4,1,OFF,ON,ON,ON,OFF,OFF,OFF,0.1,2,0,1,0,1,1,0,0,1,1,49.54,54.78,2.39,18.29,N/A (episode terminated early),N/A (early termination),0.6885,0.3689,0.3867,0.2951,0.3094,ec8010102a7bc984b41705612672c4d645130d8baa303509cc9e241964a8bb03
safetyoff__mixed_complex__MADDPG-style__seed7__ep06,safety_off_evaluation,mixed_complex,MADDPG-style,7,6,4,1,OFF,ON,ON,ON,OFF,OFF,OFF,0.1,4,1,0,0,0,0,0,0,0,0,49.53,54.82,1.959,17.84,23.0095,0.7753,0.6761,0.6324,0.7752,0.5059,0.6202,ec8010102a7bc984b41705612672c4d645130d8baa303509cc9e241964a8bb03
safetyoff__mixed_complex__MADDPG-style__seed7__ep07,safety_off_evaluation,mixed_complex,MADDPG-style,7,7,4,1,OFF,ON,ON,ON,OFF,OFF,OFF,0.1,4,1,0,0,0,0,0,0,0,0,45.96,52.72,2.091,17.27,22.9467,0.7526,0.6711,0.6142,0.7365,0.4914,0.5892,ec8010102a7bc984b41705612672c4d645130d8baa303509cc9e241964a8bb03
safetyoff__mixed_complex__MADDPG-style__seed7__ep08,safety_off_evaluation,mixed_complex,MADDPG-style,7,8,4,1,OFF,ON,ON,ON,OFF,OFF,OFF,0.1,2,0,1,1,1,0,0,0,1,1,48.36,54.13,0.839,17.58,N/A (episode terminated early),N/A (early termination),0.739,0.2736,0.414,0.2189,0.3312,ec8010102a7bc984b41705612672c4d645130d8baa303509cc9e241964a8bb03
safetyoff__mixed_complex__MADDPG-style__seed7__ep09,safety_off_evaluation,mixed_complex,MADDPG-style,7,9,4,1,OFF,ON,ON,ON,OFF,OFF,OFF,0.1,1,0,1,1,1,1,0,0,1,1,45.99,49.84,2.788,18.29,N/A (episode terminated early),N/A (early termination),0.7249,0.2633,0.4519,0.2106,0.3615,ec8010102a7bc984b41705612672c4d645130d8baa303509cc9e241964a8bb03
safetyoff__static_clutter__CA-GAT-MAPPO__seed0__ep00,safety_off_evaluation,static_clutter,CA-GAT-MAPPO,0,0,4,1,OFF,ON,ON,ON,OFF,OFF,OFF,0.1,4,1,0,0,0,0,0,0,0,N/A,38.11,43.52,2.59,18.4,21.1127,0.8715,0.7623,0.6374,N/A,0.5099,N/A,32b57b023ab33276da86134da501d84a771975144fd1f90211ad7e29af38e612
safetyoff__static_clutter__CA-GAT-MAPPO__seed0__ep01,safety_off_evaluation,static_clutter,CA-GAT-MAPPO,0,1,4,1,OFF,ON,ON,ON,OFF,OFF,OFF,0.1,3,0,1,0,0,1,1,0,0,N/A,36.6,42.01,2.748,17.67,N/A (episode terminated early),N/A (early termination),0.6783,0.5785,N/A,0.4628,N/A,32b57b023ab33276da86134da501d84a771975144fd1f90211ad7e29af38e612
safetyoff__static_clutter__CA-GAT-MAPPO__seed0__ep02,safety_off_evaluation,static_clutter,CA-GAT-MAPPO,0,2,4,1,OFF,ON,ON,ON,OFF,OFF,OFF,0.1,4,1,0,0,0,0,0,0,1,N/A,35.09,39.24,1.4,18.48,21.4252,0.8625,0.7536,0.5496,N/A,0.4397,N/A,32b57b023ab33276da86134da501d84a771975144fd1f90211ad7e29af38e612
safetyoff__static_clutter__CA-GAT-MAPPO__seed0__ep03,safety_off_evaluation,static_clutter,CA-GAT-MAPPO,0,3,4,1,OFF,ON,ON,ON,OFF,OFF,OFF,0.1,4,1,0,0,0,0,0,0,1,N/A,36.04,40.63,2.756,17.06,21.1127,0.808,0.6956,0.5178,N/A,0.4142,N/A,32b57b023ab33276da86134da501d84a771975144fd1f90211ad7e29af38e612
safetyoff__static_clutter__CA-GAT-MAPPO__seed0__ep04,safety_off_evaluation,static_clutter,CA-GAT-MAPPO,0,4,4,1,OFF,ON,ON,ON,OFF,OFF,OFF,0.1,4,1,0,0,0,0,0,0,1,N/A,33.68,38.14,2.332,17.48,21.3627,0.8182,0.7011,0.4842,N/A,0.3874,N/A,32b57b023ab33276da86134da501d84a771975144fd1f90211ad7e29af38e612
safetyoff__static_clutter__CA-GAT-MAPPO__seed0__ep05,safety_off_evaluation,static_clutter,CA-GAT-MAPPO,0,5,4,1,OFF,ON,ON,ON,OFF,OFF,OFF,0.1,4,1,0,0,0,0,0,0,0,N/A,33.37,38.1,1.686,18.11,21.3002,0.8502,0.7548,0.6482,N/A,0.5186,N/A,32b57b023ab33276da86134da501d84a771975144fd1f90211ad7e29af38e612
safetyoff__static_clutter__CA-GAT-MAPPO__seed0__ep06,safety_off_evaluation,static_clutter,CA-GAT-MAPPO,0,6,4,1,OFF,ON,ON,ON,OFF,OFF,OFF,0.1,4,1,0,0,0,0,0,0,1,N/A,33.75,37.58,2.641,18.34,21.2377,0.8636,0.7214,0.4634,N/A,0.3707,N/A,32b57b023ab33276da86134da501d84a771975144fd1f90211ad7e29af38e612
safetyoff__static_clutter__CA-GAT-MAPPO__seed0__ep07,safety_off_evaluation,static_clutter,CA-GAT-MAPPO,0,7,4,1,OFF,ON,ON,ON,OFF,OFF,OFF,0.1,4,1,0,0,0,0,0,0,0,N/A,35.62,39.77,2.2,17.36,21.3627,0.8126,0.6977,0.7265,N/A,0.5812,N/A,32b57b023ab33276da86134da501d84a771975144fd1f90211ad7e29af38e612
safetyoff__static_clutter__CA-GAT-MAPPO__seed0__ep08,safety_off_evaluation,static_clutter,CA-GAT-MAPPO,0,8,4,1,OFF,ON,ON,ON,OFF,OFF,OFF,0.1,3,0,1,0,0,1,0,0,0,N/A,36.08,39.69,2.395,17.96,N/A (episode terminated early),N/A (early termination),0.6813,0.6835,N/A,0.5468,N/A,32b57b023ab33276da86134da501d84a771975144fd1f90211ad7e29af38e612
safetyoff__static_clutter__CA-GAT-MAPPO__seed0__ep09,safety_off_evaluation,static_clutter,CA-GAT-MAPPO,0,9,4,1,OFF,ON,ON,ON,OFF,OFF,OFF,0.1,3,0,1,1,0,0,0,0,1,N/A,40.98,46.13,1.303,17.53,N/A (episode terminated early),N/A (early termination),0.6905,0.3101,N/A,0.2481,N/A,32b57b023ab33276da86134da501d84a771975144fd1f90211ad7e29af38e612
safetyoff__static_clutter__CA-GAT-MAPPO__seed1__ep00,safety_off_evaluation,static_clutter,CA-GAT-MAPPO,1,0,4,1,OFF,ON,ON,ON,OFF,OFF,OFF,0.1,4,1,0,0,0,0,0,0,0,N/A,33.86,37.54,2.415,18.3,21.4252,0.8541,0.767,0.594,N/A,0.4752,N/A,c8383894f1ca21040260723e2d1af03750871b973ced1600e136c41c5efec297
safetyoff__static_clutter__CA-GAT-MAPPO__seed1__ep01,safety_off_evaluation,static_clutter,CA-GAT-MAPPO,1,1,4,1,OFF,ON,ON,ON,OFF,OFF,OFF,0.1,4,1,0,0,0,0,0,0,1,N/A,35.73,40.51,0.879,17.2,21.3627,0.8051,0.7102,0.5241,N/A,0.4193,N/A,c8383894f1ca21040260723e2d1af03750871b973ced1600e136c41c5efec297
safetyoff__static_clutter__CA-GAT-MAPPO__seed1__ep02,safety_off_evaluation,static_clutter,CA-GAT-MAPPO,1,2,4,1,OFF,ON,ON,ON,OFF,OFF,OFF,0.1,3,0,1,0,0,1,0,0,1,N/A,38.27,42.18,2.218,18.19,N/A (episode terminated early),N/A (early termination),0.7584,0.3816,N/A,0.3053,N/A,c8383894f1ca21040260723e2d1af03750871b973ced1600e136c41c5efec297
safetyoff__static_clutter__CA-GAT-MAPPO__seed1__ep03,safety_off_evaluation,static_clutter,CA-GAT-MAPPO,1,3,4,1,OFF,ON,ON,ON,OFF,OFF,OFF,0.1,4,1,0,0,0,0,0,0,1,N/A,38.46,43.25,2.447,17.42,21.4252,0.8131,0.7647,0.4793,N/A,0.3834,N/A,c8383894f1ca21040260723e2d1af03750871b973ced1600e136c41c5efec297
safetyoff__static_clutter__CA-GAT-MAPPO__seed1__ep04,safety_off_evaluation,static_clutter,CA-GAT-MAPPO,1,4,4,1,OFF,ON,ON,ON,OFF,OFF,OFF,0.1,4,1,0,0,0,0,0,0,1,N/A,34.2,38.69,1.612,17.7,21.4252,0.8261,0.7455,0.5037,N/A,0.403,N/A,c8383894f1ca21040260723e2d1af03750871b973ced1600e136c41c5efec297
safetyoff__static_clutter__CA-GAT-MAPPO__seed1__ep05,safety_off_evaluation,static_clutter,CA-GAT-MAPPO,1,5,4,1,OFF,ON,ON,ON,OFF,OFF,OFF,0.1,4,1,0,0,0,0,0,0,0,N/A,36.02,39.83,2.017,17.09,21.3002,0.8023,0.7312,0.605,N/A,0.484,N/A,c8383894f1ca21040260723e2d1af03750871b973ced1600e136c41c5efec297
safetyoff__static_clutter__CA-GAT-MAPPO__seed1__ep06,safety_off_evaluation,static_clutter,CA-GAT-MAPPO,1,6,4,1,OFF,ON,ON,ON,OFF,OFF,OFF,0.1,2,0,1,1,0,1,0,0,1,N/A,37.79,42.58,1.191,17.05,N/A (episode terminated early),N/A (early termination),0.7117,0.2538,N/A,0.203,N/A,c8383894f1ca21040260723e2d1af03750871b973ced1600e136c41c5efec297
safetyoff__static_clutter__CA-GAT-MAPPO__seed1__ep07,safety_off_evaluation,static_clutter,CA-GAT-MAPPO,1,7,4,1,OFF,ON,ON,ON,OFF,OFF,OFF,0.1,3,0,1,0,0,1,0,0,1,N/A,33.68,36.66,1.235,18.08,N/A (episode terminated early),N/A (early termination),0.7472,0.3625,N/A,0.29,N/A,c8383894f1ca21040260723e2d1af03750871b973ced1600e136c41c5efec297
safetyoff__static_clutter__CA-GAT-MAPPO__seed1__ep08,safety_off_evaluation,static_clutter,CA-GAT-MAPPO,1,8,4,1,OFF,ON,ON,ON,OFF,OFF,OFF,0.1,4,1,0,0,0,0,0,0,1,N/A,34.1,38.27,2.505,17.08,21.2377,0.8042,0.7315,0.4203,N/A,0.3362,N/A,c8383894f1ca21040260723e2d1af03750871b973ced1600e136c41c5efec297
safetyoff__static_clutter__CA-GAT-MAPPO__seed1__ep09,safety_off_evaluation,static_clutter,CA-GAT-MAPPO,1,9,4,1,OFF,ON,ON,ON,OFF,OFF,OFF,0.1,4,1,0,0,0,0,0,0,1,N/A,38.61,42.29,1.626,17.4,21.1127,0.8241,0.7278,0.4331,N/A,0.3465,N/A,c8383894f1ca21040260723e2d1af03750871b973ced1600e136c41c5efec297
safetyoff__static_clutter__CA-GAT-MAPPO__seed2__ep00,safety_off_evaluation,static_clutter,CA-GAT-MAPPO,2,0,4,1,OFF,ON,ON,ON,OFF,OFF,OFF,0.1,4,1,0,0,0,0,0,0,0,N/A,33.14,37.42,1.5,17.51,21.1127,0.8294,0.7374,0.6164,N/A,0.4931,N/A,65d1a2863c9025e481d4b3e0e77c45baddf47b35dc01a861ea5f76c4a6887f11
safetyoff__static_clutter__CA-GAT-MAPPO__seed2__ep01,safety_off_evaluation,static_clutter,CA-GAT-MAPPO,2,1,4,1,OFF,ON,ON,ON,OFF,OFF,OFF,0.1,4,1,0,0,0,0,0,0,1,N/A,38.98,43.85,2.556,18.12,21.3627,0.8482,0.7647,0.4818,N/A,0.3854,N/A,65d1a2863c9025e481d4b3e0e77c45baddf47b35dc01a861ea5f76c4a6887f11
safetyoff__static_clutter__CA-GAT-MAPPO__seed2__ep02,safety_off_evaluation,static_clutter,CA-GAT-MAPPO,2,2,4,1,OFF,ON,ON,ON,OFF,OFF,OFF,0.1,4,1,0,0,0,0,0,0,0,N/A,39.79,43.02,1.435,18.32,21.3627,0.8576,0.7234,0.7167,N/A,0.5734,N/A,65d1a2863c9025e481d4b3e0e77c45baddf47b35dc01a861ea5f76c4a6887f11
safetyoff__static_clutter__CA-GAT-MAPPO__seed2__ep03,safety_off_evaluation,static_clutter,CA-GAT-MAPPO,2,3,4,1,OFF,ON,ON,ON,OFF,OFF,OFF,0.1,4,1,0,0,0,0,0,0,1,N/A,39.7,43.14,1.777,18.11,21.5502,0.8404,0.6847,0.4939,N/A,0.3951,N/A,65d1a2863c9025e481d4b3e0e77c45baddf47b35dc01a861ea5f76c4a6887f11
safetyoff__static_clutter__CA-GAT-MAPPO__seed2__ep04,safety_off_evaluation,static_clutter,CA-GAT-MAPPO,2,4,4,1,OFF,ON,ON,ON,OFF,OFF,OFF,0.1,4,1,0,0,0,0,0,0,0,N/A,37.02,40.56,2.984,17.18,21.3002,0.8066,0.7687,0.7442,N/A,0.5954,N/A,65d1a2863c9025e481d4b3e0e77c45baddf47b35dc01a861ea5f76c4a6887f11
safetyoff__static_clutter__CA-GAT-MAPPO__seed2__ep05,safety_off_evaluation,static_clutter,CA-GAT-MAPPO,2,5,4,1,OFF,ON,ON,ON,OFF,OFF,OFF,0.1,4,1,0,0,0,0,0,0,0,N/A,34.72,39.48,2.131,17.54,21.1752,0.8283,0.7617,0.6167,N/A,0.4934,N/A,65d1a2863c9025e481d4b3e0e77c45baddf47b35dc01a861ea5f76c4a6887f11
safetyoff__static_clutter__CA-GAT-MAPPO__seed2__ep06,safety_off_evaluation,static_clutter,CA-GAT-MAPPO,2,6,4,1,OFF,ON,ON,ON,OFF,OFF,OFF,0.1,4,1,0,0,0,0,0,0,1,N/A,40.59,43.98,1.655,17.75,21.1127,0.8407,0.7291,0.5329,N/A,0.4263,N/A,65d1a2863c9025e481d4b3e0e77c45baddf47b35dc01a861ea5f76c4a6887f11
safetyoff__static_clutter__CA-GAT-MAPPO__seed2__ep07,safety_off_evaluation,static_clutter,CA-GAT-MAPPO,2,7,4,1,OFF,ON,ON,ON,OFF,OFF,OFF,0.1,3,0,1,0,0,1,0,0,1,N/A,38.13,41.94,1.8,17.35,N/A (episode terminated early),N/A (early termination),0.6999,0.3734,N/A,0.2987,N/A,65d1a2863c9025e481d4b3e0e77c45baddf47b35dc01a861ea5f76c4a6887f11
safetyoff__static_clutter__CA-GAT-MAPPO__seed2__ep08,safety_off_evaluation,static_clutter,CA-GAT-MAPPO,2,8,4,1,OFF,ON,ON,ON,OFF,OFF,OFF,0.1,4,1,0,0,0,0,0,0,0,N/A,36.74,40.65,0.929,18.49,21.1127,0.8758,0.7187,0.5943,N/A,0.4754,N/A,65d1a2863c9025e481d4b3e0e77c45baddf47b35dc01a861ea5f76c4a6887f11
safetyoff__static_clutter__CA-GAT-MAPPO__seed2__ep09,safety_off_evaluation,static_clutter,CA-GAT-MAPPO,2,9,4,1,OFF,ON,ON,ON,OFF,OFF,OFF,0.1,4,1,0,0,0,0,0,0,0,N/A,34.88,39.45,1.303,17.35,21.1752,0.8194,0.734,0.747,N/A,0.5976,N/A,65d1a2863c9025e481d4b3e0e77c45baddf47b35dc01a861ea5f76c4a6887f11
safetyoff__static_clutter__CA-GAT-MAPPO__seed3__ep00,safety_off_evaluation,static_clutter,CA-GAT-MAPPO,3,0,4,1,OFF,ON,ON,ON,OFF,OFF,OFF,0.1,4,1,0,0,0,0,0,0,1,N/A,39.47,42.68,2.855,18.27,21.1752,0.8628,0.711,0.493,N/A,0.3944,N/A,393abcb6fd079222a545cf2499fb150dadc203e2815c82a78f7abad9197326a6
safetyoff__static_clutter__CA-GAT-MAPPO__seed3__ep01,safety_off_evaluation,static_clutter,CA-GAT-MAPPO,3,1,4,1,OFF,ON,ON,ON,OFF,OFF,OFF,0.1,2,0,1,1,0,1,0,0,1,N/A,39.42,44.97,1.785,18.2,N/A (episode terminated early),N/A (early termination),0.7026,0.357,N/A,0.2856,N/A,393abcb6fd079222a545cf2499fb150dadc203e2815c82a78f7abad9197326a6
safetyoff__static_clutter__CA-GAT-MAPPO__seed3__ep02,safety_off_evaluation,static_clutter,CA-GAT-MAPPO,3,2,4,1,OFF,ON,ON,ON,OFF,OFF,OFF,0.1,3,0,1,1,0,0,0,0,1,N/A,38.66,43.95,1.319,17.7,N/A (episode terminated early),N/A (early termination),0.6838,0.3067,N/A,0.2454,N/A,393abcb6fd079222a545cf2499fb150dadc203e2815c82a78f7abad9197326a6
safetyoff__static_clutter__CA-GAT-MAPPO__seed3__ep03,safety_off_evaluation,static_clutter,CA-GAT-MAPPO,3,3,4,1,OFF,ON,ON,ON,OFF,OFF,OFF,0.1,4,1,0,0,0,0,0,0,0,N/A,35.17,39.59,1.176,17.69,21.3627,0.8281,0.7229,0.7409,N/A,0.5927,N/A,393abcb6fd079222a545cf2499fb150dadc203e2815c82a78f7abad9197326a6
safetyoff__static_clutter__CA-GAT-MAPPO__seed3__ep04,safety_off_evaluation,static_clutter,CA-GAT-MAPPO,3,4,4,1,OFF,ON,ON,ON,OFF,OFF,OFF,0.1,4,1,0,0,0,0,0,0,0,N/A,35.44,38.59,2.821,17.45,21.4877,0.8121,0.6957,0.6074,N/A,0.4859,N/A,393abcb6fd079222a545cf2499fb150dadc203e2815c82a78f7abad9197326a6
safetyoff__static_clutter__CA-GAT-MAPPO__seed3__ep05,safety_off_evaluation,static_clutter,CA-GAT-MAPPO,3,5,4,1,OFF,ON,ON,ON,OFF,OFF,OFF,0.1,4,1,0,0,0,0,0,0,0,N/A,35.31,39.25,1.536,18.05,21.2377,0.8499,0.6941,0.5929,N/A,0.4743,N/A,393abcb6fd079222a545cf2499fb150dadc203e2815c82a78f7abad9197326a6
safetyoff__static_clutter__CA-GAT-MAPPO__seed3__ep06,safety_off_evaluation,static_clutter,CA-GAT-MAPPO,3,6,4,1,OFF,ON,ON,ON,OFF,OFF,OFF,0.1,4,1,0,0,0,0,0,0,0,N/A,33.5,38.47,0.891,17.97,21.3002,0.8437,0.6782,0.6389,N/A,0.5111,N/A,393abcb6fd079222a545cf2499fb150dadc203e2815c82a78f7abad9197326a6
safetyoff__static_clutter__CA-GAT-MAPPO__seed3__ep07,safety_off_evaluation,static_clutter,CA-GAT-MAPPO,3,7,4,1,OFF,ON,ON,ON,OFF,OFF,OFF,0.1,4,1,0,0,0,0,0,0,0,N/A,33.39,36.08,2.969,17.38,21.3627,0.8136,0.6859,0.7136,N/A,0.5709,N/A,393abcb6fd079222a545cf2499fb150dadc203e2815c82a78f7abad9197326a6
safetyoff__static_clutter__CA-GAT-MAPPO__seed3__ep08,safety_off_evaluation,static_clutter,CA-GAT-MAPPO,3,8,4,1,OFF,ON,ON,ON,OFF,OFF,OFF,0.1,3,0,1,0,0,1,1,0,0,N/A,35.67,40.66,2.29,17.45,N/A (episode terminated early),N/A (early termination),0.6728,0.5583,N/A,0.4466,N/A,393abcb6fd079222a545cf2499fb150dadc203e2815c82a78f7abad9197326a6
safetyoff__static_clutter__CA-GAT-MAPPO__seed3__ep09,safety_off_evaluation,static_clutter,CA-GAT-MAPPO,3,9,4,1,OFF,ON,ON,ON,OFF,OFF,OFF,0.1,4,1,0,0,0,0,0,0,0,N/A,39.89,43.55,1.739,18,21.1752,0.8501,0.6862,0.5776,N/A,0.4621,N/A,393abcb6fd079222a545cf2499fb150dadc203e2815c82a78f7abad9197326a6
safetyoff__static_clutter__CA-GAT-MAPPO__seed4__ep00,safety_off_evaluation,static_clutter,CA-GAT-MAPPO,4,0,4,1,OFF,ON,ON,ON,OFF,OFF,OFF,0.1,2,0,1,1,0,1,0,0,1,N/A,39.92,43.66,1.807,17.83,N/A (episode terminated early),N/A (early termination),0.7063,0.3594,N/A,0.2875,N/A,85b75cebabfb43f6a21217c01bab2b4f56989a8e52faee5c7b1d32074fb631b4
safetyoff__static_clutter__CA-GAT-MAPPO__seed4__ep01,safety_off_evaluation,static_clutter,CA-GAT-MAPPO,4,1,4,1,OFF,ON,ON,ON,OFF,OFF,OFF,0.1,3,0,1,0,0,1,0,0,1,N/A,40.06,43.64,1.77,17.15,N/A (episode terminated early),N/A (early termination),0.6745,0.4708,N/A,0.3766,N/A,85b75cebabfb43f6a21217c01bab2b4f56989a8e52faee5c7b1d32074fb631b4
safetyoff__static_clutter__CA-GAT-MAPPO__seed4__ep02,safety_off_evaluation,static_clutter,CA-GAT-MAPPO,4,2,4,1,OFF,ON,ON,ON,OFF,OFF,OFF,0.1,4,1,0,0,0,0,0,0,0,N/A,35.65,39.7,2.21,17.64,21.4252,0.8233,0.6859,0.5866,N/A,0.4693,N/A,85b75cebabfb43f6a21217c01bab2b4f56989a8e52faee5c7b1d32074fb631b4
safetyoff__static_clutter__CA-GAT-MAPPO__seed4__ep03,safety_off_evaluation,static_clutter,CA-GAT-MAPPO,4,3,4,1,OFF,ON,ON,ON,OFF,OFF,OFF,0.1,4,1,0,0,0,0,0,0,0,N/A,33.96,37.77,1.305,17.41,21.1127,0.8246,0.7072,0.6307,N/A,0.5046,N/A,85b75cebabfb43f6a21217c01bab2b4f56989a8e52faee5c7b1d32074fb631b4
safetyoff__static_clutter__CA-GAT-MAPPO__seed4__ep04,safety_off_evaluation,static_clutter,CA-GAT-MAPPO,4,4,4,1,OFF,ON,ON,ON,OFF,OFF,OFF,0.1,4,1,0,0,0,0,0,0,1,N/A,40.42,44.96,1.351,17.12,21.2377,0.8061,0.7538,0.4678,N/A,0.3742,N/A,85b75cebabfb43f6a21217c01bab2b4f56989a8e52faee5c7b1d32074fb631b4
safetyoff__static_clutter__CA-GAT-MAPPO__seed4__ep05,safety_off_evaluation,static_clutter,CA-GAT-MAPPO,4,5,4,1,OFF,ON,ON,ON,OFF,OFF,OFF,0.1,4,1,0,0,0,0,0,0,0,N/A,34.33,38.11,2.446,17.83,21.1752,0.842,0.7478,0.6472,N/A,0.5178,N/A,85b75cebabfb43f6a21217c01bab2b4f56989a8e52faee5c7b1d32074fb631b4
safetyoff__static_clutter__CA-GAT-MAPPO__seed4__ep06,safety_off_evaluation,static_clutter,CA-GAT-MAPPO,4,6,4,1,OFF,ON,ON,ON,OFF,OFF,OFF,0.1,4,1,0,0,0,0,0,0,0,N/A,38.51,43.28,1.832,18.13,21.3002,0.8512,0.6856,0.6058,N/A,0.4846,N/A,85b75cebabfb43f6a21217c01bab2b4f56989a8e52faee5c7b1d32074fb631b4
safetyoff__static_clutter__CA-GAT-MAPPO__seed4__ep07,safety_off_evaluation,static_clutter,CA-GAT-MAPPO,4,7,4,1,OFF,ON,ON,ON,OFF,OFF,OFF,0.1,4,1,0,0,0,0,0,0,0,N/A,38.35,42.09,2.579,17.77,21.1752,0.8392,0.7218,0.7348,N/A,0.5878,N/A,85b75cebabfb43f6a21217c01bab2b4f56989a8e52faee5c7b1d32074fb631b4
safetyoff__static_clutter__CA-GAT-MAPPO__seed4__ep08,safety_off_evaluation,static_clutter,CA-GAT-MAPPO,4,8,4,1,OFF,ON,ON,ON,OFF,OFF,OFF,0.1,4,1,0,0,0,0,0,0,0,N/A,34.33,37.38,2.838,17.15,21.3627,0.8028,0.6872,0.6152,N/A,0.4922,N/A,85b75cebabfb43f6a21217c01bab2b4f56989a8e52faee5c7b1d32074fb631b4
safetyoff__static_clutter__CA-GAT-MAPPO__seed4__ep09,safety_off_evaluation,static_clutter,CA-GAT-MAPPO,4,9,4,1,OFF,ON,ON,ON,OFF,OFF,OFF,0.1,4,1,0,0,0,0,0,0,1,N/A,33.22,36.22,2.211,17.1,21.3627,0.8005,0.7532,0.4659,N/A,0.3727,N/A,85b75cebabfb43f6a21217c01bab2b4f56989a8e52faee5c7b1d32074fb631b4
safetyoff__static_clutter__CA-GAT-MAPPO__seed5__ep00,safety_off_evaluation,static_clutter,CA-GAT-MAPPO,5,0,4,1,OFF,ON,ON,ON,OFF,OFF,OFF,0.1,4,1,0,0,0,0,0,0,0,N/A,33.34,37.99,1.216,18.02,21.2377,0.8485,0.6889,0.7294,N/A,0.5835,N/A,b283858f9617c2e897d90052b2b1ac6b911654067f7448e0591c4b0a22e81cf3
safetyoff__static_clutter__CA-GAT-MAPPO__seed5__ep01,safety_off_evaluation,static_clutter,CA-GAT-MAPPO,5,1,4,1,OFF,ON,ON,ON,OFF,OFF,OFF,0.1,4,1,0,0,0,0,0,0,0,N/A,40.66,45.86,2.047,17.73,21.1752,0.8373,0.7118,0.5534,N/A,0.4427,N/A,b283858f9617c2e897d90052b2b1ac6b911654067f7448e0591c4b0a22e81cf3
safetyoff__static_clutter__CA-GAT-MAPPO__seed5__ep02,safety_off_evaluation,static_clutter,CA-GAT-MAPPO,5,2,4,1,OFF,ON,ON,ON,OFF,OFF,OFF,0.1,4,1,0,0,0,0,0,0,0,N/A,37.45,42.32,2.761,18.2,21.1752,0.8595,0.7225,0.6504,N/A,0.5203,N/A,b283858f9617c2e897d90052b2b1ac6b911654067f7448e0591c4b0a22e81cf3
safetyoff__static_clutter__CA-GAT-MAPPO__seed5__ep03,safety_off_evaluation,static_clutter,CA-GAT-MAPPO,5,3,4,1,OFF,ON,ON,ON,OFF,OFF,OFF,0.1,4,1,0,0,0,0,0,0,0,N/A,40.3,46.27,1.867,17.72,21.3002,0.8319,0.7532,0.5648,N/A,0.4518,N/A,b283858f9617c2e897d90052b2b1ac6b911654067f7448e0591c4b0a22e81cf3
safetyoff__static_clutter__CA-GAT-MAPPO__seed5__ep04,safety_off_evaluation,static_clutter,CA-GAT-MAPPO,5,4,4,1,OFF,ON,ON,ON,OFF,OFF,OFF,0.1,4,1,0,0,0,0,0,0,0,N/A,38.83,43.17,2.51,17.25,21.1127,0.817,0.7298,0.6487,N/A,0.519,N/A,b283858f9617c2e897d90052b2b1ac6b911654067f7448e0591c4b0a22e81cf3
safetyoff__static_clutter__CA-GAT-MAPPO__seed5__ep05,safety_off_evaluation,static_clutter,CA-GAT-MAPPO,5,5,4,1,OFF,ON,ON,ON,OFF,OFF,OFF,0.1,4,1,0,0,0,0,0,0,1,N/A,37.09,41.66,0.715,18.14,21.1127,0.8592,0.7359,0.5079,N/A,0.4063,N/A,b283858f9617c2e897d90052b2b1ac6b911654067f7448e0591c4b0a22e81cf3
safetyoff__static_clutter__CA-GAT-MAPPO__seed5__ep06,safety_off_evaluation,static_clutter,CA-GAT-MAPPO,5,6,4,1,OFF,ON,ON,ON,OFF,OFF,OFF,0.1,4,1,0,0,0,0,0,0,0,N/A,34.34,38.73,2.87,17.69,21.3002,0.8305,0.7276,0.724,N/A,0.5792,N/A,b283858f9617c2e897d90052b2b1ac6b911654067f7448e0591c4b0a22e81cf3
safetyoff__static_clutter__CA-GAT-MAPPO__seed5__ep07,safety_off_evaluation,static_clutter,CA-GAT-MAPPO,5,7,4,1,OFF,ON,ON,ON,OFF,OFF,OFF,0.1,4,1,0,0,0,0,0,0,1,N/A,34.31,37.41,1.887,18.28,21.1127,0.8658,0.6723,0.507,N/A,0.4056,N/A,b283858f9617c2e897d90052b2b1ac6b911654067f7448e0591c4b0a22e81cf3
safetyoff__static_clutter__CA-GAT-MAPPO__seed5__ep08,safety_off_evaluation,static_clutter,CA-GAT-MAPPO,5,8,4,1,OFF,ON,ON,ON,OFF,OFF,OFF,0.1,2,0,1,1,0,1,0,0,1,N/A,33.69,36.61,1.057,17.5,N/A (episode terminated early),N/A (early termination),0.696,0.3028,N/A,0.2422,N/A,b283858f9617c2e897d90052b2b1ac6b911654067f7448e0591c4b0a22e81cf3
safetyoff__static_clutter__CA-GAT-MAPPO__seed5__ep09,safety_off_evaluation,static_clutter,CA-GAT-MAPPO,5,9,4,1,OFF,ON,ON,ON,OFF,OFF,OFF,0.1,4,1,0,0,0,0,0,0,1,N/A,34.33,38.64,1.023,17.2,21.1752,0.8123,0.6758,0.5465,N/A,0.4372,N/A,b283858f9617c2e897d90052b2b1ac6b911654067f7448e0591c4b0a22e81cf3
safetyoff__static_clutter__CA-GAT-MAPPO__seed6__ep00,safety_off_evaluation,static_clutter,CA-GAT-MAPPO,6,0,4,1,OFF,ON,ON,ON,OFF,OFF,OFF,0.1,4,1,0,0,0,0,0,0,0,N/A,39.12,42.56,1.854,17.07,21.1752,0.8061,0.7084,0.7296,N/A,0.5837,N/A,ef4c83bb67c9f35ae17c7edff65168d0fc1c2678708c0a26ce593a6eaab9adbf
safetyoff__static_clutter__CA-GAT-MAPPO__seed6__ep01,safety_off_evaluation,static_clutter,CA-GAT-MAPPO,6,1,4,1,OFF,ON,ON,ON,OFF,OFF,OFF,0.1,3,0,1,1,0,0,0,0,1,N/A,36.77,41,1.21,17.85,N/A (episode terminated early),N/A (early termination),0.7577,0.2762,N/A,0.221,N/A,ef4c83bb67c9f35ae17c7edff65168d0fc1c2678708c0a26ce593a6eaab9adbf
safetyoff__static_clutter__CA-GAT-MAPPO__seed6__ep02,safety_off_evaluation,static_clutter,CA-GAT-MAPPO,6,2,4,1,OFF,ON,ON,ON,OFF,OFF,OFF,0.1,4,1,0,0,0,0,0,0,0,N/A,35.16,39.65,1.392,18.49,21.2377,0.8706,0.7212,0.6698,N/A,0.5358,N/A,ef4c83bb67c9f35ae17c7edff65168d0fc1c2678708c0a26ce593a6eaab9adbf
safetyoff__static_clutter__CA-GAT-MAPPO__seed6__ep03,safety_off_evaluation,static_clutter,CA-GAT-MAPPO,6,3,4,1,OFF,ON,ON,ON,OFF,OFF,OFF,0.1,2,0,1,1,0,1,0,0,1,N/A,38.97,43.81,1.921,18.2,N/A (episode terminated early),N/A (early termination),0.7527,0.3515,N/A,0.2812,N/A,ef4c83bb67c9f35ae17c7edff65168d0fc1c2678708c0a26ce593a6eaab9adbf
safetyoff__static_clutter__CA-GAT-MAPPO__seed6__ep04,safety_off_evaluation,static_clutter,CA-GAT-MAPPO,6,4,4,1,OFF,ON,ON,ON,OFF,OFF,OFF,0.1,4,1,0,0,0,0,0,0,1,N/A,33.64,36.37,1.491,17.38,21.1127,0.8232,0.6811,0.4312,N/A,0.345,N/A,ef4c83bb67c9f35ae17c7edff65168d0fc1c2678708c0a26ce593a6eaab9adbf
safetyoff__static_clutter__CA-GAT-MAPPO__seed6__ep05,safety_off_evaluation,static_clutter,CA-GAT-MAPPO,6,5,4,1,OFF,ON,ON,ON,OFF,OFF,OFF,0.1,4,1,0,0,0,0,0,0,0,N/A,38.37,43.46,2.522,17.65,21.2377,0.8311,0.7606,0.7205,N/A,0.5764,N/A,ef4c83bb67c9f35ae17c7edff65168d0fc1c2678708c0a26ce593a6eaab9adbf
safetyoff__static_clutter__CA-GAT-MAPPO__seed6__ep06,safety_off_evaluation,static_clutter,CA-GAT-MAPPO,6,6,4,1,OFF,ON,ON,ON,OFF,OFF,OFF,0.1,4,1,0,0,0,0,0,0,0,N/A,36.35,40.75,2.966,18.5,21.1752,0.8737,0.7625,0.6656,N/A,0.5325,N/A,ef4c83bb67c9f35ae17c7edff65168d0fc1c2678708c0a26ce593a6eaab9adbf
safetyoff__static_clutter__CA-GAT-MAPPO__seed6__ep07,safety_off_evaluation,static_clutter,CA-GAT-MAPPO,6,7,4,1,OFF,ON,ON,ON,OFF,OFF,OFF,0.1,4,1,0,0,0,0,0,0,1,N/A,37.59,43.22,1.028,18.34,21.3002,0.861,0.7496,0.5017,N/A,0.4014,N/A,ef4c83bb67c9f35ae17c7edff65168d0fc1c2678708c0a26ce593a6eaab9adbf
safetyoff__static_clutter__CA-GAT-MAPPO__seed6__ep08,safety_off_evaluation,static_clutter,CA-GAT-MAPPO,6,8,4,1,OFF,ON,ON,ON,OFF,OFF,OFF,0.1,4,1,0,0,0,0,0,0,1,N/A,34.76,37.95,1.617,17.78,21.3002,0.8347,0.7045,0.4825,N/A,0.386,N/A,ef4c83bb67c9f35ae17c7edff65168d0fc1c2678708c0a26ce593a6eaab9adbf
safetyoff__static_clutter__CA-GAT-MAPPO__seed6__ep09,safety_off_evaluation,static_clutter,CA-GAT-MAPPO,6,9,4,1,OFF,ON,ON,ON,OFF,OFF,OFF,0.1,4,1,0,0,0,0,0,0,0,N/A,33.3,36.09,1.522,18.43,21.1127,0.8729,0.738,0.5567,N/A,0.4454,N/A,ef4c83bb67c9f35ae17c7edff65168d0fc1c2678708c0a26ce593a6eaab9adbf
safetyoff__static_clutter__CA-GAT-MAPPO__seed7__ep00,safety_off_evaluation,static_clutter,CA-GAT-MAPPO,7,0,4,1,OFF,ON,ON,ON,OFF,OFF,OFF,0.1,3,0,1,0,0,1,0,0,1,N/A,33.81,38.76,0.866,18.2,N/A (episode terminated early),N/A (early termination),0.7469,0.4587,N/A,0.367,N/A,41ade5638b5129fa2e9fb7b1868b2eb2c7d7653272d8088df577bf04180280c1
safetyoff__static_clutter__CA-GAT-MAPPO__seed7__ep01,safety_off_evaluation,static_clutter,CA-GAT-MAPPO,7,1,4,1,OFF,ON,ON,ON,OFF,OFF,OFF,0.1,4,1,0,0,0,0,0,0,1,N/A,35.17,38.14,0.907,17.75,21.1127,0.8407,0.7696,0.3743,N/A,0.2994,N/A,41ade5638b5129fa2e9fb7b1868b2eb2c7d7653272d8088df577bf04180280c1
safetyoff__static_clutter__CA-GAT-MAPPO__seed7__ep02,safety_off_evaluation,static_clutter,CA-GAT-MAPPO,7,2,4,1,OFF,ON,ON,ON,OFF,OFF,OFF,0.1,4,1,0,0,0,0,0,0,0,N/A,33.55,37.76,1.702,18.38,21.1752,0.868,0.7644,0.7222,N/A,0.5778,N/A,41ade5638b5129fa2e9fb7b1868b2eb2c7d7653272d8088df577bf04180280c1
safetyoff__static_clutter__CA-GAT-MAPPO__seed7__ep03,safety_off_evaluation,static_clutter,CA-GAT-MAPPO,7,3,4,1,OFF,ON,ON,ON,OFF,OFF,OFF,0.1,4,1,0,0,0,0,0,0,0,N/A,35.57,40.54,2.983,17.84,21.2377,0.84,0.7184,0.7037,N/A,0.563,N/A,41ade5638b5129fa2e9fb7b1868b2eb2c7d7653272d8088df577bf04180280c1
safetyoff__static_clutter__CA-GAT-MAPPO__seed7__ep04,safety_off_evaluation,static_clutter,CA-GAT-MAPPO,7,4,4,1,OFF,ON,ON,ON,OFF,OFF,OFF,0.1,4,1,0,0,0,0,0,0,0,N/A,34.12,36.91,2.51,17.68,21.3627,0.8276,0.7248,0.6977,N/A,0.5582,N/A,41ade5638b5129fa2e9fb7b1868b2eb2c7d7653272d8088df577bf04180280c1
safetyoff__static_clutter__CA-GAT-MAPPO__seed7__ep05,safety_off_evaluation,static_clutter,CA-GAT-MAPPO,7,5,4,1,OFF,ON,ON,ON,OFF,OFF,OFF,0.1,4,1,0,0,0,0,0,0,0,N/A,36.71,40.74,1.777,17.83,21.1127,0.8445,0.6895,0.5551,N/A,0.4441,N/A,41ade5638b5129fa2e9fb7b1868b2eb2c7d7653272d8088df577bf04180280c1
safetyoff__static_clutter__CA-GAT-MAPPO__seed7__ep06,safety_off_evaluation,static_clutter,CA-GAT-MAPPO,7,6,4,1,OFF,ON,ON,ON,OFF,OFF,OFF,0.1,4,1,0,0,0,0,0,0,0,N/A,37.53,40.86,1.954,17.97,21.3002,0.8437,0.7325,0.6742,N/A,0.5394,N/A,41ade5638b5129fa2e9fb7b1868b2eb2c7d7653272d8088df577bf04180280c1
safetyoff__static_clutter__CA-GAT-MAPPO__seed7__ep07,safety_off_evaluation,static_clutter,CA-GAT-MAPPO,7,7,4,1,OFF,ON,ON,ON,OFF,OFF,OFF,0.1,4,1,0,0,0,0,0,0,0,N/A,40.04,45.6,1.454,17.64,21.3627,0.8257,0.7541,0.5901,N/A,0.4721,N/A,41ade5638b5129fa2e9fb7b1868b2eb2c7d7653272d8088df577bf04180280c1
safetyoff__static_clutter__CA-GAT-MAPPO__seed7__ep08,safety_off_evaluation,static_clutter,CA-GAT-MAPPO,7,8,4,1,OFF,ON,ON,ON,OFF,OFF,OFF,0.1,3,0,1,1,0,0,0,0,1,N/A,33.16,36.36,1.007,17.56,N/A (episode terminated early),N/A (early termination),0.6975,0.3185,N/A,0.2548,N/A,41ade5638b5129fa2e9fb7b1868b2eb2c7d7653272d8088df577bf04180280c1
safetyoff__static_clutter__CA-GAT-MAPPO__seed7__ep09,safety_off_evaluation,static_clutter,CA-GAT-MAPPO,7,9,4,1,OFF,ON,ON,ON,OFF,OFF,OFF,0.1,4,1,0,0,0,0,0,0,0,N/A,33.13,36.34,0.734,18.47,21.2377,0.8697,0.7147,0.6102,N/A,0.4882,N/A,41ade5638b5129fa2e9fb7b1868b2eb2c7d7653272d8088df577bf04180280c1
safetyoff__dynamic_pedestrians__CA-GAT-MAPPO__seed0__ep00,safety_off_evaluation,dynamic_pedestrians,CA-GAT-MAPPO,0,0,4,1,OFF,ON,ON,ON,OFF,OFF,OFF,0.1,4,1,0,0,0,0,0,0,0,0,33.59,38.08,2.691,18.2,12.8192,1.4197,0.7362,0.6178,0.7992,0.4942,0.6394,80d9888a6ef5c2096124f3a3adf8dcd3ea1694dc398f06e30dee26bd6896613e
safetyoff__dynamic_pedestrians__CA-GAT-MAPPO__seed0__ep01,safety_off_evaluation,dynamic_pedestrians,CA-GAT-MAPPO,0,1,4,1,OFF,ON,ON,ON,OFF,OFF,OFF,0.1,4,1,0,0,0,0,0,0,0,0,33.71,37.9,1.42,17.5,12.8118,1.3659,0.684,0.6374,0.7717,0.5099,0.6174,80d9888a6ef5c2096124f3a3adf8dcd3ea1694dc398f06e30dee26bd6896613e
safetyoff__dynamic_pedestrians__CA-GAT-MAPPO__seed0__ep02,safety_off_evaluation,dynamic_pedestrians,CA-GAT-MAPPO,0,2,4,1,OFF,ON,ON,ON,OFF,OFF,OFF,0.1,4,1,0,0,0,0,0,0,0,1,37.39,42.1,2.65,18.32,12.8112,1.43,0.7386,0.6555,0.6583,0.5244,0.5266,80d9888a6ef5c2096124f3a3adf8dcd3ea1694dc398f06e30dee26bd6896613e
safetyoff__dynamic_pedestrians__CA-GAT-MAPPO__seed0__ep03,safety_off_evaluation,dynamic_pedestrians,CA-GAT-MAPPO,0,3,4,1,OFF,ON,ON,ON,OFF,OFF,OFF,0.1,2,0,1,1,1,0,0,0,1,1,34.89,39.21,1.656,17.22,N/A (episode terminated early),N/A (early termination),0.6856,0.327,0.4923,0.2616,0.3938,80d9888a6ef5c2096124f3a3adf8dcd3ea1694dc398f06e30dee26bd6896613e
safetyoff__dynamic_pedestrians__CA-GAT-MAPPO__seed0__ep04,safety_off_evaluation,dynamic_pedestrians,CA-GAT-MAPPO,0,4,4,1,OFF,ON,ON,ON,OFF,OFF,OFF,0.1,4,1,0,0,0,0,0,0,0,0,34.27,38.33,2.223,17.99,12.825,1.4027,0.7007,0.6074,0.7706,0.4859,0.6165,80d9888a6ef5c2096124f3a3adf8dcd3ea1694dc398f06e30dee26bd6896613e
safetyoff__dynamic_pedestrians__CA-GAT-MAPPO__seed0__ep05,safety_off_evaluation,dynamic_pedestrians,CA-GAT-MAPPO,0,5,4,1,OFF,ON,ON,ON,OFF,OFF,OFF,0.1,4,1,0,0,0,0,0,0,0,0,35.75,40.35,0.795,18.36,12.8106,1.4332,0.7361,0.6729,0.7853,0.5383,0.6282,80d9888a6ef5c2096124f3a3adf8dcd3ea1694dc398f06e30dee26bd6896613e
safetyoff__dynamic_pedestrians__CA-GAT-MAPPO__seed0__ep06,safety_off_evaluation,dynamic_pedestrians,CA-GAT-MAPPO,0,6,4,1,OFF,ON,ON,ON,OFF,OFF,OFF,0.1,3,0,1,0,0,1,1,0,1,1,37.6,42.99,2.192,17.43,N/A (episode terminated early),N/A (early termination),0.7356,0.4583,0.6041,0.3666,0.4833,80d9888a6ef5c2096124f3a3adf8dcd3ea1694dc398f06e30dee26bd6896613e
safetyoff__dynamic_pedestrians__CA-GAT-MAPPO__seed0__ep07,safety_off_evaluation,dynamic_pedestrians,CA-GAT-MAPPO,0,7,4,1,OFF,ON,ON,ON,OFF,OFF,OFF,0.1,4,1,0,0,0,0,0,0,0,1,37.11,41.67,1.935,18.03,12.804,1.4082,0.6811,0.626,0.6431,0.5008,0.5145,80d9888a6ef5c2096124f3a3adf8dcd3ea1694dc398f06e30dee26bd6896613e
safetyoff__dynamic_pedestrians__CA-GAT-MAPPO__seed0__ep08,safety_off_evaluation,dynamic_pedestrians,CA-GAT-MAPPO,0,8,4,1,OFF,ON,ON,ON,OFF,OFF,OFF,0.1,4,1,0,0,0,0,0,0,1,1,31.75,36.1,1.155,18.15,12.8087,1.417,0.7313,0.5197,0.6876,0.4158,0.5501,80d9888a6ef5c2096124f3a3adf8dcd3ea1694dc398f06e30dee26bd6896613e
safetyoff__dynamic_pedestrians__CA-GAT-MAPPO__seed0__ep09,safety_off_evaluation,dynamic_pedestrians,CA-GAT-MAPPO,0,9,4,1,OFF,ON,ON,ON,OFF,OFF,OFF,0.1,4,1,0,0,0,0,0,0,1,0,32.88,36.8,2.565,17.73,12.8135,1.3837,0.6871,0.4917,0.7524,0.3934,0.6019,80d9888a6ef5c2096124f3a3adf8dcd3ea1694dc398f06e30dee26bd6896613e
safetyoff__dynamic_pedestrians__CA-GAT-MAPPO__seed1__ep00,safety_off_evaluation,dynamic_pedestrians,CA-GAT-MAPPO,1,0,4,1,OFF,ON,ON,ON,OFF,OFF,OFF,0.1,3,0,1,0,0,1,0,0,1,0,37.23,42.74,0.899,18.21,N/A (episode terminated early),N/A (early termination),0.678,0.4504,0.7278,0.3603,0.5822,853b8d05a2d24ff0811eaacc9de88b80e1d12b02619eed5528fe1b37924a2672
safetyoff__dynamic_pedestrians__CA-GAT-MAPPO__seed1__ep01,safety_off_evaluation,dynamic_pedestrians,CA-GAT-MAPPO,1,1,4,1,OFF,ON,ON,ON,OFF,OFF,OFF,0.1,3,0,1,0,0,1,1,0,0,1,30.5,33.65,2.697,17.57,N/A (episode terminated early),N/A (early termination),0.6883,0.6502,0.5572,0.5202,0.4458,853b8d05a2d24ff0811eaacc9de88b80e1d12b02619eed5528fe1b37924a2672
safetyoff__dynamic_pedestrians__CA-GAT-MAPPO__seed1__ep02,safety_off_evaluation,dynamic_pedestrians,CA-GAT-MAPPO,1,2,4,1,OFF,ON,ON,ON,OFF,OFF,OFF,0.1,4,1,0,0,0,0,0,0,0,0,31.77,35.33,0.887,18.28,12.802,1.4279,0.6958,0.6139,0.7903,0.4911,0.6322,853b8d05a2d24ff0811eaacc9de88b80e1d12b02619eed5528fe1b37924a2672
safetyoff__dynamic_pedestrians__CA-GAT-MAPPO__seed1__ep03,safety_off_evaluation,dynamic_pedestrians,CA-GAT-MAPPO,1,3,4,1,OFF,ON,ON,ON,OFF,OFF,OFF,0.1,1,0,1,1,1,1,0,0,1,1,34.9,38.3,1.86,17.57,N/A (episode terminated early),N/A (early termination),0.7445,0.3478,0.4481,0.2782,0.3585,853b8d05a2d24ff0811eaacc9de88b80e1d12b02619eed5528fe1b37924a2672
safetyoff__dynamic_pedestrians__CA-GAT-MAPPO__seed1__ep04,safety_off_evaluation,dynamic_pedestrians,CA-GAT-MAPPO,1,4,4,1,OFF,ON,ON,ON,OFF,OFF,OFF,0.1,4,1,0,0,0,0,0,0,0,0,35.03,38.75,2.247,17.68,12.8093,1.3802,0.7512,0.729,0.7482,0.5832,0.5986,853b8d05a2d24ff0811eaacc9de88b80e1d12b02619eed5528fe1b37924a2672
safetyoff__dynamic_pedestrians__CA-GAT-MAPPO__seed1__ep05,safety_off_evaluation,dynamic_pedestrians,CA-GAT-MAPPO,1,5,4,1,OFF,ON,ON,ON,OFF,OFF,OFF,0.1,4,1,0,0,0,0,0,0,1,1,34.04,38.82,1.691,17.81,12.817,1.3896,0.7094,0.5029,0.6612,0.4023,0.529,853b8d05a2d24ff0811eaacc9de88b80e1d12b02619eed5528fe1b37924a2672
safetyoff__dynamic_pedestrians__CA-GAT-MAPPO__seed1__ep06,safety_off_evaluation,dynamic_pedestrians,CA-GAT-MAPPO,1,6,4,1,OFF,ON,ON,ON,OFF,OFF,OFF,0.1,4,1,0,0,0,0,0,0,0,1,30.62,33.96,2.682,17.4,12.8254,1.3567,0.757,0.5942,0.6893,0.4754,0.5514,853b8d05a2d24ff0811eaacc9de88b80e1d12b02619eed5528fe1b37924a2672
safetyoff__dynamic_pedestrians__CA-GAT-MAPPO__seed1__ep07,safety_off_evaluation,dynamic_pedestrians,CA-GAT-MAPPO,1,7,4,1,OFF,ON,ON,ON,OFF,OFF,OFF,0.1,4,1,0,0,0,0,0,0,0,1,32.62,35.37,0.8,18.24,12.8021,1.4248,0.7694,0.5907,0.5922,0.4726,0.4738,853b8d05a2d24ff0811eaacc9de88b80e1d12b02619eed5528fe1b37924a2672
safetyoff__dynamic_pedestrians__CA-GAT-MAPPO__seed1__ep08,safety_off_evaluation,dynamic_pedestrians,CA-GAT-MAPPO,1,8,4,1,OFF,ON,ON,ON,OFF,OFF,OFF,0.1,4,1,0,0,0,0,0,0,1,1,33.3,37.1,2.048,17.99,12.8116,1.4042,0.7474,0.475,0.6196,0.38,0.4957,853b8d05a2d24ff0811eaacc9de88b80e1d12b02619eed5528fe1b37924a2672
safetyoff__dynamic_pedestrians__CA-GAT-MAPPO__seed1__ep09,safety_off_evaluation,dynamic_pedestrians,CA-GAT-MAPPO,1,9,4,1,OFF,ON,ON,ON,OFF,OFF,OFF,0.1,4,1,0,0,0,0,0,0,0,1,32.23,34.87,2.959,18.19,12.8057,1.4205,0.7441,0.7447,0.669,0.5958,0.5352,853b8d05a2d24ff0811eaacc9de88b80e1d12b02619eed5528fe1b37924a2672
safetyoff__dynamic_pedestrians__CA-GAT-MAPPO__seed2__ep00,safety_off_evaluation,dynamic_pedestrians,CA-GAT-MAPPO,2,0,4,1,OFF,ON,ON,ON,OFF,OFF,OFF,0.1,4,1,0,0,0,0,0,0,0,0,33.63,36.49,1.822,18.22,12.8041,1.423,0.7479,0.5757,0.7854,0.4606,0.6283,ac0c5c1eb164ce2555cc526b6600605a7e9b782381fd221505067a8d01572bcb
safetyoff__dynamic_pedestrians__CA-GAT-MAPPO__seed2__ep01,safety_off_evaluation,dynamic_pedestrians,CA-GAT-MAPPO,2,1,4,1,OFF,ON,ON,ON,OFF,OFF,OFF,0.1,1,0,1,1,1,1,0,0,1,1,37.45,41.48,1.654,18.37,N/A (episode terminated early),N/A (early termination),0.7519,0.3062,0.4214,0.245,0.3371,ac0c5c1eb164ce2555cc526b6600605a7e9b782381fd221505067a8d01572bcb
safetyoff__dynamic_pedestrians__CA-GAT-MAPPO__seed2__ep02,safety_off_evaluation,dynamic_pedestrians,CA-GAT-MAPPO,2,2,4,1,OFF,ON,ON,ON,OFF,OFF,OFF,0.1,4,1,0,0,0,0,0,0,0,0,33.52,38.28,2.3,17.19,12.7793,1.3451,0.7403,0.5695,0.7593,0.4556,0.6074,ac0c5c1eb164ce2555cc526b6600605a7e9b782381fd221505067a8d01572bcb
safetyoff__dynamic_pedestrians__CA-GAT-MAPPO__seed2__ep03,safety_off_evaluation,dynamic_pedestrians,CA-GAT-MAPPO,2,3,4,1,OFF,ON,ON,ON,OFF,OFF,OFF,0.1,2,0,1,1,1,0,0,0,1,1,33.73,38.4,1.554,17.38,N/A (episode terminated early),N/A (early termination),0.7205,0.3544,0.4054,0.2835,0.3243,ac0c5c1eb164ce2555cc526b6600605a7e9b782381fd221505067a8d01572bcb
safetyoff__dynamic_pedestrians__CA-GAT-MAPPO__seed2__ep04,safety_off_evaluation,dynamic_pedestrians,CA-GAT-MAPPO,2,4,4,1,OFF,ON,ON,ON,OFF,OFF,OFF,0.1,4,1,0,0,0,0,0,0,1,0,31.51,34.51,0.983,17.83,12.8317,1.3895,0.729,0.5048,0.739,0.4038,0.5912,ac0c5c1eb164ce2555cc526b6600605a7e9b782381fd221505067a8d01572bcb
safetyoff__dynamic_pedestrians__CA-GAT-MAPPO__seed2__ep05,safety_off_evaluation,dynamic_pedestrians,CA-GAT-MAPPO,2,5,4,1,OFF,ON,ON,ON,OFF,OFF,OFF,0.1,4,1,0,0,0,0,0,0,0,0,34.28,37.38,1.904,17.29,12.8201,1.3487,0.7013,0.6327,0.7849,0.5062,0.6279,ac0c5c1eb164ce2555cc526b6600605a7e9b782381fd221505067a8d01572bcb
safetyoff__dynamic_pedestrians__CA-GAT-MAPPO__seed2__ep06,safety_off_evaluation,dynamic_pedestrians,CA-GAT-MAPPO,2,6,4,1,OFF,ON,ON,ON,OFF,OFF,OFF,0.1,4,1,0,0,0,0,0,0,1,0,37.54,42.12,2.706,17.65,12.8368,1.375,0.7065,0.5075,0.8407,0.406,0.6726,ac0c5c1eb164ce2555cc526b6600605a7e9b782381fd221505067a8d01572bcb
safetyoff__dynamic_pedestrians__CA-GAT-MAPPO__seed2__ep07,safety_off_evaluation,dynamic_pedestrians,CA-GAT-MAPPO,2,7,4,1,OFF,ON,ON,ON,OFF,OFF,OFF,0.1,4,1,0,0,0,0,0,0,0,0,34.7,39.89,2.466,17.01,12.8072,1.3282,0.7255,0.7147,0.7946,0.5718,0.6357,ac0c5c1eb164ce2555cc526b6600605a7e9b782381fd221505067a8d01572bcb
safetyoff__dynamic_pedestrians__CA-GAT-MAPPO__seed2__ep08,safety_off_evaluation,dynamic_pedestrians,CA-GAT-MAPPO,2,8,4,1,OFF,ON,ON,ON,OFF,OFF,OFF,0.1,4,1,0,0,0,0,0,0,1,1,35.26,39.37,2.144,17.81,12.7667,1.395,0.76,0.5152,0.6855,0.4122,0.5484,ac0c5c1eb164ce2555cc526b6600605a7e9b782381fd221505067a8d01572bcb
safetyoff__dynamic_pedestrians__CA-GAT-MAPPO__seed2__ep09,safety_off_evaluation,dynamic_pedestrians,CA-GAT-MAPPO,2,9,4,1,OFF,ON,ON,ON,OFF,OFF,OFF,0.1,1,0,1,1,1,1,0,0,1,1,37.18,40.89,2.006,17.24,N/A (episode terminated early),N/A (early termination),0.7409,0.2567,0.3505,0.2054,0.2804,ac0c5c1eb164ce2555cc526b6600605a7e9b782381fd221505067a8d01572bcb
safetyoff__dynamic_pedestrians__CA-GAT-MAPPO__seed3__ep00,safety_off_evaluation,dynamic_pedestrians,CA-GAT-MAPPO,3,0,4,1,OFF,ON,ON,ON,OFF,OFF,OFF,0.1,4,1,0,0,0,0,0,0,0,0,34.93,38.92,2.356,17.97,12.8087,1.4029,0.7621,0.6748,0.8281,0.5398,0.6625,10d915010ebf997460263d25dc25da09b8048e5edcff22f793b4ddeb60cfa59c
safetyoff__dynamic_pedestrians__CA-GAT-MAPPO__seed3__ep01,safety_off_evaluation,dynamic_pedestrians,CA-GAT-MAPPO,3,1,4,1,OFF,ON,ON,ON,OFF,OFF,OFF,0.1,4,1,0,0,0,0,0,0,0,1,35.17,38.94,2.985,18.32,12.8008,1.4312,0.7597,0.5974,0.6739,0.4779,0.5391,10d915010ebf997460263d25dc25da09b8048e5edcff22f793b4ddeb60cfa59c
safetyoff__dynamic_pedestrians__CA-GAT-MAPPO__seed3__ep02,safety_off_evaluation,dynamic_pedestrians,CA-GAT-MAPPO,3,2,4,1,OFF,ON,ON,ON,OFF,OFF,OFF,0.1,4,1,0,0,0,0,0,0,0,0,35.04,39.25,1.686,17.07,12.7797,1.3357,0.7354,0.7489,0.7834,0.5991,0.6267,10d915010ebf997460263d25dc25da09b8048e5edcff22f793b4ddeb60cfa59c
safetyoff__dynamic_pedestrians__CA-GAT-MAPPO__seed3__ep03,safety_off_evaluation,dynamic_pedestrians,CA-GAT-MAPPO,3,3,4,1,OFF,ON,ON,ON,OFF,OFF,OFF,0.1,3,0,1,0,1,0,0,0,1,1,35.73,39.55,1.939,17.52,N/A (episode terminated early),N/A (early termination),0.713,0.4275,0.3897,0.342,0.3118,10d915010ebf997460263d25dc25da09b8048e5edcff22f793b4ddeb60cfa59c
safetyoff__dynamic_pedestrians__CA-GAT-MAPPO__seed3__ep04,safety_off_evaluation,dynamic_pedestrians,CA-GAT-MAPPO,3,4,4,1,OFF,ON,ON,ON,OFF,OFF,OFF,0.1,4,1,0,0,0,0,0,0,0,1,37.56,41.52,1.212,17.8,12.7917,1.3915,0.6818,0.7302,0.69,0.5842,0.552,10d915010ebf997460263d25dc25da09b8048e5edcff22f793b4ddeb60cfa59c
safetyoff__dynamic_pedestrians__CA-GAT-MAPPO__seed3__ep05,safety_off_evaluation,dynamic_pedestrians,CA-GAT-MAPPO,3,5,4,1,OFF,ON,ON,ON,OFF,OFF,OFF,0.1,4,1,0,0,0,0,0,0,1,0,34.67,38.84,2.854,17.89,12.8011,1.3975,0.7459,0.4976,0.8229,0.3981,0.6583,10d915010ebf997460263d25dc25da09b8048e5edcff22f793b4ddeb60cfa59c
safetyoff__dynamic_pedestrians__CA-GAT-MAPPO__seed3__ep06,safety_off_evaluation,dynamic_pedestrians,CA-GAT-MAPPO,3,6,4,1,OFF,ON,ON,ON,OFF,OFF,OFF,0.1,4,1,0,0,0,0,0,0,1,0,37.79,41.75,1.526,18.38,12.824,1.4333,0.7302,0.5386,0.7876,0.4309,0.6301,10d915010ebf997460263d25dc25da09b8048e5edcff22f793b4ddeb60cfa59c
safetyoff__dynamic_pedestrians__CA-GAT-MAPPO__seed3__ep07,safety_off_evaluation,dynamic_pedestrians,CA-GAT-MAPPO,3,7,4,1,OFF,ON,ON,ON,OFF,OFF,OFF,0.1,4,1,0,0,0,0,0,0,0,0,37.38,42.74,2.223,18.42,12.8012,1.4389,0.7299,0.746,0.8281,0.5968,0.6625,10d915010ebf997460263d25dc25da09b8048e5edcff22f793b4ddeb60cfa59c
safetyoff__dynamic_pedestrians__CA-GAT-MAPPO__seed3__ep08,safety_off_evaluation,dynamic_pedestrians,CA-GAT-MAPPO,3,8,4,1,OFF,ON,ON,ON,OFF,OFF,OFF,0.1,4,1,0,0,0,0,0,0,0,1,33.65,37.42,1.634,17.21,12.8226,1.3422,0.7569,0.6793,0.6669,0.5434,0.5335,10d915010ebf997460263d25dc25da09b8048e5edcff22f793b4ddeb60cfa59c
safetyoff__dynamic_pedestrians__CA-GAT-MAPPO__seed3__ep09,safety_off_evaluation,dynamic_pedestrians,CA-GAT-MAPPO,3,9,4,1,OFF,ON,ON,ON,OFF,OFF,OFF,0.1,4,1,0,0,0,0,0,0,0,1,35.7,39.63,1.969,17.37,12.8076,1.3562,0.7428,0.5691,0.6777,0.4553,0.5422,10d915010ebf997460263d25dc25da09b8048e5edcff22f793b4ddeb60cfa59c
safetyoff__dynamic_pedestrians__CA-GAT-MAPPO__seed4__ep00,safety_off_evaluation,dynamic_pedestrians,CA-GAT-MAPPO,4,0,4,1,OFF,ON,ON,ON,OFF,OFF,OFF,0.1,4,1,0,0,0,0,0,0,0,1,35.83,39.65,2.609,18,12.8129,1.4048,0.7495,0.5648,0.685,0.4518,0.548,0edc52a8acd379186c6ab98c1042d7e7743916870297cd3cab3f7db83225a1b4
safetyoff__dynamic_pedestrians__CA-GAT-MAPPO__seed4__ep01,safety_off_evaluation,dynamic_pedestrians,CA-GAT-MAPPO,4,1,4,1,OFF,ON,ON,ON,OFF,OFF,OFF,0.1,4,1,0,0,0,0,0,0,1,1,36.79,40.83,0.879,17.42,12.8002,1.3609,0.6887,0.5084,0.6448,0.4067,0.5158,0edc52a8acd379186c6ab98c1042d7e7743916870297cd3cab3f7db83225a1b4
safetyoff__dynamic_pedestrians__CA-GAT-MAPPO__seed4__ep02,safety_off_evaluation,dynamic_pedestrians,CA-GAT-MAPPO,4,2,4,1,OFF,ON,ON,ON,OFF,OFF,OFF,0.1,4,1,0,0,0,0,0,0,0,0,31.4,35.37,1.899,18.44,12.7837,1.4425,0.7437,0.5506,0.8023,0.4405,0.6418,0edc52a8acd379186c6ab98c1042d7e7743916870297cd3cab3f7db83225a1b4
safetyoff__dynamic_pedestrians__CA-GAT-MAPPO__seed4__ep03,safety_off_evaluation,dynamic_pedestrians,CA-GAT-MAPPO,4,3,4,1,OFF,ON,ON,ON,OFF,OFF,OFF,0.1,4,1,0,0,0,0,0,0,1,0,31.51,35.16,1.136,17.96,12.828,1.4001,0.7362,0.5146,0.763,0.4117,0.6104,0edc52a8acd379186c6ab98c1042d7e7743916870297cd3cab3f7db83225a1b4
safetyoff__dynamic_pedestrians__CA-GAT-MAPPO__seed4__ep04,safety_off_evaluation,dynamic_pedestrians,CA-GAT-MAPPO,4,4,4,1,OFF,ON,ON,ON,OFF,OFF,OFF,0.1,3,0,1,0,1,0,0,0,1,1,34.89,39,2.579,18.47,N/A (episode terminated early),N/A (early termination),0.7276,0.3987,0.4884,0.319,0.3907,0edc52a8acd379186c6ab98c1042d7e7743916870297cd3cab3f7db83225a1b4
safetyoff__dynamic_pedestrians__CA-GAT-MAPPO__seed4__ep05,safety_off_evaluation,dynamic_pedestrians,CA-GAT-MAPPO,4,5,4,1,OFF,ON,ON,ON,OFF,OFF,OFF,0.1,4,1,0,0,0,0,0,0,0,0,37.81,42.65,2.011,17.15,12.7982,1.34,0.7107,0.7001,0.7973,0.5601,0.6378,0edc52a8acd379186c6ab98c1042d7e7743916870297cd3cab3f7db83225a1b4
safetyoff__dynamic_pedestrians__CA-GAT-MAPPO__seed4__ep06,safety_off_evaluation,dynamic_pedestrians,CA-GAT-MAPPO,4,6,4,1,OFF,ON,ON,ON,OFF,OFF,OFF,0.1,4,1,0,0,0,0,0,0,0,0,31.83,35.58,2.201,17.85,12.7917,1.3954,0.6909,0.5764,0.701,0.4611,0.5608,0edc52a8acd379186c6ab98c1042d7e7743916870297cd3cab3f7db83225a1b4
safetyoff__dynamic_pedestrians__CA-GAT-MAPPO__seed4__ep07,safety_off_evaluation,dynamic_pedestrians,CA-GAT-MAPPO,4,7,4,1,OFF,ON,ON,ON,OFF,OFF,OFF,0.1,2,0,1,0,1,1,0,0,1,1,37.95,41.39,1.465,17.37,N/A (episode terminated early),N/A (early termination),0.7486,0.4232,0.375,0.3386,0.3,0edc52a8acd379186c6ab98c1042d7e7743916870297cd3cab3f7db83225a1b4
safetyoff__dynamic_pedestrians__CA-GAT-MAPPO__seed4__ep08,safety_off_evaluation,dynamic_pedestrians,CA-GAT-MAPPO,4,8,4,1,OFF,ON,ON,ON,OFF,OFF,OFF,0.1,4,1,0,0,0,0,0,0,0,0,35.23,38.81,2.691,17.1,12.8172,1.3341,0.7602,0.6563,0.7456,0.525,0.5965,0edc52a8acd379186c6ab98c1042d7e7743916870297cd3cab3f7db83225a1b4
safetyoff__dynamic_pedestrians__CA-GAT-MAPPO__seed4__ep09,safety_off_evaluation,dynamic_pedestrians,CA-GAT-MAPPO,4,9,4,1,OFF,ON,ON,ON,OFF,OFF,OFF,0.1,4,1,0,0,0,0,0,0,1,0,32.82,36.13,2.619,17.04,12.7997,1.3313,0.7237,0.5291,0.826,0.4233,0.6608,0edc52a8acd379186c6ab98c1042d7e7743916870297cd3cab3f7db83225a1b4
safetyoff__dynamic_pedestrians__CA-GAT-MAPPO__seed5__ep00,safety_off_evaluation,dynamic_pedestrians,CA-GAT-MAPPO,5,0,4,1,OFF,ON,ON,ON,OFF,OFF,OFF,0.1,4,1,0,0,0,0,0,0,0,0,35.35,40.59,2.14,17.8,12.8252,1.3879,0.7082,0.5849,0.7647,0.4679,0.6118,204d63fa6fe63720e7c75a9149e92a5a44a1162effa5d3cf08e42b89f72cfb7d
safetyoff__dynamic_pedestrians__CA-GAT-MAPPO__seed5__ep01,safety_off_evaluation,dynamic_pedestrians,CA-GAT-MAPPO,5,1,4,1,OFF,ON,ON,ON,OFF,OFF,OFF,0.1,2,0,1,0,1,1,0,0,1,1,33.45,37.1,2.604,17.48,N/A (episode terminated early),N/A (early termination),0.6949,0.3984,0.5152,0.3187,0.4122,204d63fa6fe63720e7c75a9149e92a5a44a1162effa5d3cf08e42b89f72cfb7d
safetyoff__dynamic_pedestrians__CA-GAT-MAPPO__seed5__ep02,safety_off_evaluation,dynamic_pedestrians,CA-GAT-MAPPO,5,2,4,1,OFF,ON,ON,ON,OFF,OFF,OFF,0.1,4,1,0,0,0,0,0,0,0,0,33.87,37.95,2.893,17.29,12.7949,1.3513,0.6726,0.6761,0.766,0.5409,0.6128,204d63fa6fe63720e7c75a9149e92a5a44a1162effa5d3cf08e42b89f72cfb7d
safetyoff__dynamic_pedestrians__CA-GAT-MAPPO__seed5__ep03,safety_off_evaluation,dynamic_pedestrians,CA-GAT-MAPPO,5,3,4,1,OFF,ON,ON,ON,OFF,OFF,OFF,0.1,4,1,0,0,0,0,0,0,1,1,32.24,35.82,1.962,17.78,12.8039,1.3886,0.7599,0.5302,0.5692,0.4242,0.4554,204d63fa6fe63720e7c75a9149e92a5a44a1162effa5d3cf08e42b89f72cfb7d
safetyoff__dynamic_pedestrians__CA-GAT-MAPPO__seed5__ep04,safety_off_evaluation,dynamic_pedestrians,CA-GAT-MAPPO,5,4,4,1,OFF,ON,ON,ON,OFF,OFF,OFF,0.1,4,1,0,0,0,0,0,0,0,0,35.74,38.62,1.158,17.12,12.8089,1.3366,0.7055,0.6067,0.7265,0.4854,0.5812,204d63fa6fe63720e7c75a9149e92a5a44a1162effa5d3cf08e42b89f72cfb7d
safetyoff__dynamic_pedestrians__CA-GAT-MAPPO__seed5__ep05,safety_off_evaluation,dynamic_pedestrians,CA-GAT-MAPPO,5,5,4,1,OFF,ON,ON,ON,OFF,OFF,OFF,0.1,4,1,0,0,0,0,0,0,0,0,33.25,37.31,1.829,17.61,12.8037,1.3754,0.7166,0.6789,0.7777,0.5431,0.6222,204d63fa6fe63720e7c75a9149e92a5a44a1162effa5d3cf08e42b89f72cfb7d
safetyoff__dynamic_pedestrians__CA-GAT-MAPPO__seed5__ep06,safety_off_evaluation,dynamic_pedestrians,CA-GAT-MAPPO,5,6,4,1,OFF,ON,ON,ON,OFF,OFF,OFF,0.1,2,0,1,1,1,0,0,0,1,1,35.46,38.61,1.019,17.57,N/A (episode terminated early),N/A (early termination),0.7406,0.3275,0.3844,0.262,0.3075,204d63fa6fe63720e7c75a9149e92a5a44a1162effa5d3cf08e42b89f72cfb7d
safetyoff__dynamic_pedestrians__CA-GAT-MAPPO__seed5__ep07,safety_off_evaluation,dynamic_pedestrians,CA-GAT-MAPPO,5,7,4,1,OFF,ON,ON,ON,OFF,OFF,OFF,0.1,3,0,1,1,0,0,0,0,1,1,35.35,38.63,2.944,18.44,N/A (episode terminated early),N/A (early termination),0.755,0.2793,0.5443,0.2234,0.4354,204d63fa6fe63720e7c75a9149e92a5a44a1162effa5d3cf08e42b89f72cfb7d
safetyoff__dynamic_pedestrians__CA-GAT-MAPPO__seed5__ep08,safety_off_evaluation,dynamic_pedestrians,CA-GAT-MAPPO,5,8,4,1,OFF,ON,ON,ON,OFF,OFF,OFF,0.1,4,1,0,0,0,0,0,0,0,1,31.01,34.26,2.733,18.02,12.812,1.4065,0.6869,0.6378,0.6486,0.5102,0.5189,204d63fa6fe63720e7c75a9149e92a5a44a1162effa5d3cf08e42b89f72cfb7d
safetyoff__dynamic_pedestrians__CA-GAT-MAPPO__seed5__ep09,safety_off_evaluation,dynamic_pedestrians,CA-GAT-MAPPO,5,9,4,1,OFF,ON,ON,ON,OFF,OFF,OFF,0.1,4,1,0,0,0,0,0,0,0,0,34.55,37.88,0.876,17.51,12.8016,1.3678,0.6774,0.597,0.7108,0.4776,0.5686,204d63fa6fe63720e7c75a9149e92a5a44a1162effa5d3cf08e42b89f72cfb7d
safetyoff__dynamic_pedestrians__CA-GAT-MAPPO__seed6__ep00,safety_off_evaluation,dynamic_pedestrians,CA-GAT-MAPPO,6,0,4,1,OFF,ON,ON,ON,OFF,OFF,OFF,0.1,4,1,0,0,0,0,0,0,1,0,31.57,35.86,1.84,17.66,12.7897,1.3808,0.7008,0.455,0.8161,0.364,0.6529,6a90eb5c2f6f6818cfbba4a0b454c79b02975e3e195f2d5cb614c7bd0987a2d7
safetyoff__dynamic_pedestrians__CA-GAT-MAPPO__seed6__ep01,safety_off_evaluation,dynamic_pedestrians,CA-GAT-MAPPO,6,1,4,1,OFF,ON,ON,ON,OFF,OFF,OFF,0.1,2,0,1,1,1,0,0,0,1,1,37.06,41.22,1.675,17.81,N/A (episode terminated early),N/A (early termination),0.7206,0.3053,0.4765,0.2442,0.3812,6a90eb5c2f6f6818cfbba4a0b454c79b02975e3e195f2d5cb614c7bd0987a2d7
safetyoff__dynamic_pedestrians__CA-GAT-MAPPO__seed6__ep02,safety_off_evaluation,dynamic_pedestrians,CA-GAT-MAPPO,6,2,4,1,OFF,ON,ON,ON,OFF,OFF,OFF,0.1,3,0,1,0,1,0,0,0,1,1,37.88,42.58,1.758,17.75,N/A (episode terminated early),N/A (early termination),0.6714,0.3803,0.4632,0.3042,0.3706,6a90eb5c2f6f6818cfbba4a0b454c79b02975e3e195f2d5cb614c7bd0987a2d7
safetyoff__dynamic_pedestrians__CA-GAT-MAPPO__seed6__ep03,safety_off_evaluation,dynamic_pedestrians,CA-GAT-MAPPO,6,3,4,1,OFF,ON,ON,ON,OFF,OFF,OFF,0.1,4,1,0,0,0,0,0,0,0,1,32.77,36.7,1.853,17.87,12.8184,1.3941,0.7621,0.6141,0.6489,0.4913,0.5191,6a90eb5c2f6f6818cfbba4a0b454c79b02975e3e195f2d5cb614c7bd0987a2d7
safetyoff__dynamic_pedestrians__CA-GAT-MAPPO__seed6__ep04,safety_off_evaluation,dynamic_pedestrians,CA-GAT-MAPPO,6,4,4,1,OFF,ON,ON,ON,OFF,OFF,OFF,0.1,1,0,1,1,1,1,0,0,1,1,33.62,37.92,2.888,17.09,N/A (episode terminated early),N/A (early termination),0.7585,0.2753,0.4404,0.2202,0.3523,6a90eb5c2f6f6818cfbba4a0b454c79b02975e3e195f2d5cb614c7bd0987a2d7
safetyoff__dynamic_pedestrians__CA-GAT-MAPPO__seed6__ep05,safety_off_evaluation,dynamic_pedestrians,CA-GAT-MAPPO,6,5,4,1,OFF,ON,ON,ON,OFF,OFF,OFF,0.1,4,1,0,0,0,0,0,0,0,0,37.34,42.9,0.74,17.13,12.8081,1.3374,0.6768,0.62,0.8405,0.496,0.6724,6a90eb5c2f6f6818cfbba4a0b454c79b02975e3e195f2d5cb614c7bd0987a2d7
safetyoff__dynamic_pedestrians__CA-GAT-MAPPO__seed6__ep06,safety_off_evaluation,dynamic_pedestrians,CA-GAT-MAPPO,6,6,4,1,OFF,ON,ON,ON,OFF,OFF,OFF,0.1,4,1,0,0,0,0,0,0,1,1,37.65,43.28,1.061,17.82,12.784,1.3939,0.7476,0.4911,0.6259,0.3929,0.5007,6a90eb5c2f6f6818cfbba4a0b454c79b02975e3e195f2d5cb614c7bd0987a2d7
safetyoff__dynamic_pedestrians__CA-GAT-MAPPO__seed6__ep07,safety_off_evaluation,dynamic_pedestrians,CA-GAT-MAPPO,6,7,4,1,OFF,ON,ON,ON,OFF,OFF,OFF,0.1,2,0,1,1,1,0,0,0,1,1,37.82,42.63,1.557,17.14,N/A (episode terminated early),N/A (early termination),0.7488,0.2913,0.4331,0.233,0.3465,6a90eb5c2f6f6818cfbba4a0b454c79b02975e3e195f2d5cb614c7bd0987a2d7
safetyoff__dynamic_pedestrians__CA-GAT-MAPPO__seed6__ep08,safety_off_evaluation,dynamic_pedestrians,CA-GAT-MAPPO,6,8,4,1,OFF,ON,ON,ON,OFF,OFF,OFF,0.1,4,1,0,0,0,0,0,0,0,1,32.67,37.54,1.659,17.76,12.8158,1.3858,0.7597,0.6764,0.6041,0.5411,0.4833,6a90eb5c2f6f6818cfbba4a0b454c79b02975e3e195f2d5cb614c7bd0987a2d7
safetyoff__dynamic_pedestrians__CA-GAT-MAPPO__seed6__ep09,safety_off_evaluation,dynamic_pedestrians,CA-GAT-MAPPO,6,9,4,1,OFF,ON,ON,ON,OFF,OFF,OFF,0.1,2,0,1,1,1,0,0,0,1,1,34.45,39.3,1.52,17.99,N/A (episode terminated early),N/A (early termination),0.68,0.2906,0.4156,0.2325,0.3325,6a90eb5c2f6f6818cfbba4a0b454c79b02975e3e195f2d5cb614c7bd0987a2d7
safetyoff__dynamic_pedestrians__CA-GAT-MAPPO__seed7__ep00,safety_off_evaluation,dynamic_pedestrians,CA-GAT-MAPPO,7,0,4,1,OFF,ON,ON,ON,OFF,OFF,OFF,0.1,4,1,0,0,0,0,0,0,1,1,32.24,35.23,1.189,18.12,12.7997,1.4157,0.7025,0.5307,0.5703,0.4246,0.4562,c5f357624178b8ece5882b896805a8822cfce3350111dcb4accb2dcb62a98c13
safetyoff__dynamic_pedestrians__CA-GAT-MAPPO__seed7__ep01,safety_off_evaluation,dynamic_pedestrians,CA-GAT-MAPPO,7,1,4,1,OFF,ON,ON,ON,OFF,OFF,OFF,0.1,4,1,0,0,0,0,0,0,1,0,35.53,40.53,1.355,18.04,12.8093,1.4084,0.7146,0.451,0.7939,0.3608,0.6351,c5f357624178b8ece5882b896805a8822cfce3350111dcb4accb2dcb62a98c13
safetyoff__dynamic_pedestrians__CA-GAT-MAPPO__seed7__ep02,safety_off_evaluation,dynamic_pedestrians,CA-GAT-MAPPO,7,2,4,1,OFF,ON,ON,ON,OFF,OFF,OFF,0.1,2,0,1,1,1,0,0,0,1,1,31.04,34.34,2.935,17.84,N/A (episode terminated early),N/A (early termination),0.7131,0.3003,0.377,0.2402,0.3016,c5f357624178b8ece5882b896805a8822cfce3350111dcb4accb2dcb62a98c13
safetyoff__dynamic_pedestrians__CA-GAT-MAPPO__seed7__ep03,safety_off_evaluation,dynamic_pedestrians,CA-GAT-MAPPO,7,3,4,1,OFF,ON,ON,ON,OFF,OFF,OFF,0.1,4,1,0,0,0,0,0,0,0,0,36.47,40.24,2.441,17.77,12.7877,1.3896,0.7425,0.7167,0.75,0.5734,0.6,c5f357624178b8ece5882b896805a8822cfce3350111dcb4accb2dcb62a98c13
safetyoff__dynamic_pedestrians__CA-GAT-MAPPO__seed7__ep04,safety_off_evaluation,dynamic_pedestrians,CA-GAT-MAPPO,7,4,4,1,OFF,ON,ON,ON,OFF,OFF,OFF,0.1,4,1,0,0,0,0,0,0,1,0,30.95,35.31,2.104,17.76,12.7963,1.3879,0.7551,0.5416,0.7885,0.4333,0.6308,c5f357624178b8ece5882b896805a8822cfce3350111dcb4accb2dcb62a98c13
safetyoff__dynamic_pedestrians__CA-GAT-MAPPO__seed7__ep05,safety_off_evaluation,dynamic_pedestrians,CA-GAT-MAPPO,7,5,4,1,OFF,ON,ON,ON,OFF,OFF,OFF,0.1,4,1,0,0,0,0,0,0,1,0,37.76,42.16,2.205,17.84,12.8235,1.3912,0.7628,0.4637,0.7702,0.371,0.6162,c5f357624178b8ece5882b896805a8822cfce3350111dcb4accb2dcb62a98c13
safetyoff__dynamic_pedestrians__CA-GAT-MAPPO__seed7__ep06,safety_off_evaluation,dynamic_pedestrians,CA-GAT-MAPPO,7,6,4,1,OFF,ON,ON,ON,OFF,OFF,OFF,0.1,3,0,1,0,0,1,0,0,1,1,33.98,38.49,2.625,18.32,N/A (episode terminated early),N/A (early termination),0.7288,0.3858,0.5398,0.3086,0.4318,c5f357624178b8ece5882b896805a8822cfce3350111dcb4accb2dcb62a98c13
safetyoff__dynamic_pedestrians__CA-GAT-MAPPO__seed7__ep07,safety_off_evaluation,dynamic_pedestrians,CA-GAT-MAPPO,7,7,4,1,OFF,ON,ON,ON,OFF,OFF,OFF,0.1,4,1,0,0,0,0,0,0,1,1,31.3,34.8,1.884,17.5,12.7875,1.3685,0.6833,0.5482,0.5627,0.4386,0.4502,c5f357624178b8ece5882b896805a8822cfce3350111dcb4accb2dcb62a98c13
safetyoff__dynamic_pedestrians__CA-GAT-MAPPO__seed7__ep08,safety_off_evaluation,dynamic_pedestrians,CA-GAT-MAPPO,7,8,4,1,OFF,ON,ON,ON,OFF,OFF,OFF,0.1,4,1,0,0,0,0,0,0,0,1,33.16,38.13,2.498,18.29,12.8135,1.4274,0.7696,0.6055,0.6877,0.4844,0.5502,c5f357624178b8ece5882b896805a8822cfce3350111dcb4accb2dcb62a98c13
safetyoff__dynamic_pedestrians__CA-GAT-MAPPO__seed7__ep09,safety_off_evaluation,dynamic_pedestrians,CA-GAT-MAPPO,7,9,4,1,OFF,ON,ON,ON,OFF,OFF,OFF,0.1,4,1,0,0,0,0,0,0,0,1,33.18,37.72,2.711,17.39,12.8218,1.3563,0.7498,0.5656,0.6326,0.4525,0.5061,c5f357624178b8ece5882b896805a8822cfce3350111dcb4accb2dcb62a98c13
safetyoff__mixed_complex__CA-GAT-MAPPO__seed0__ep00,safety_off_evaluation,mixed_complex,CA-GAT-MAPPO,0,0,4,1,OFF,ON,ON,ON,OFF,OFF,OFF,0.1,4,1,0,0,0,0,0,0,0,1,48.92,53.2,2.407,17.85,23.0091,0.7758,0.7464,0.6809,0.6201,0.5447,0.4961,bfcedc1c8f0ae2806ebdc8d7c572ba9275e4a0487907899821a3d107e71101ce
safetyoff__mixed_complex__CA-GAT-MAPPO__seed0__ep01,safety_off_evaluation,mixed_complex,CA-GAT-MAPPO,0,1,4,1,OFF,ON,ON,ON,OFF,OFF,OFF,0.1,4,1,0,0,0,0,0,0,0,1,48.36,55.24,1.577,17.86,23.1342,0.772,0.7248,0.6963,0.5824,0.557,0.4659,bfcedc1c8f0ae2806ebdc8d7c572ba9275e4a0487907899821a3d107e71101ce
safetyoff__mixed_complex__CA-GAT-MAPPO__seed0__ep02,safety_off_evaluation,mixed_complex,CA-GAT-MAPPO,0,2,4,1,OFF,ON,ON,ON,OFF,OFF,OFF,0.1,4,1,0,0,0,0,0,0,0,0,46.01,50.08,0.843,17.51,22.9326,0.7635,0.6847,0.5889,0.7424,0.4711,0.5939,bfcedc1c8f0ae2806ebdc8d7c572ba9275e4a0487907899821a3d107e71101ce
safetyoff__mixed_complex__CA-GAT-MAPPO__seed0__ep03,safety_off_evaluation,mixed_complex,CA-GAT-MAPPO,0,3,4,1,OFF,ON,ON,ON,OFF,OFF,OFF,0.1,4,1,0,0,0,0,0,0,0,0,46.36,53.15,2.399,17.51,23.0527,0.7596,0.7568,0.5538,0.777,0.443,0.6216,bfcedc1c8f0ae2806ebdc8d7c572ba9275e4a0487907899821a3d107e71101ce
safetyoff__mixed_complex__CA-GAT-MAPPO__seed0__ep04,safety_off_evaluation,mixed_complex,CA-GAT-MAPPO,0,4,4,1,OFF,ON,ON,ON,OFF,OFF,OFF,0.1,4,1,0,0,0,0,0,0,1,0,45.41,50.21,0.882,17.08,23.1777,0.7369,0.6811,0.5048,0.7321,0.4038,0.5857,bfcedc1c8f0ae2806ebdc8d7c572ba9275e4a0487907899821a3d107e71101ce
safetyoff__mixed_complex__CA-GAT-MAPPO__seed0__ep05,safety_off_evaluation,mixed_complex,CA-GAT-MAPPO,0,5,4,1,OFF,ON,ON,ON,OFF,OFF,OFF,0.1,4,1,0,0,0,0,0,0,0,0,47.36,53.54,2.965,18.43,23.1388,0.7965,0.714,0.5551,0.7052,0.4441,0.5642,bfcedc1c8f0ae2806ebdc8d7c572ba9275e4a0487907899821a3d107e71101ce
safetyoff__mixed_complex__CA-GAT-MAPPO__seed0__ep06,safety_off_evaluation,mixed_complex,CA-GAT-MAPPO,0,6,4,1,OFF,ON,ON,ON,OFF,OFF,OFF,0.1,4,1,0,0,0,0,0,0,0,0,52.17,59.42,2.207,18.34,22.9948,0.7976,0.6715,0.6837,0.7496,0.547,0.5997,bfcedc1c8f0ae2806ebdc8d7c572ba9275e4a0487907899821a3d107e71101ce
safetyoff__mixed_complex__CA-GAT-MAPPO__seed0__ep07,safety_off_evaluation,mixed_complex,CA-GAT-MAPPO,0,7,4,1,OFF,ON,ON,ON,OFF,OFF,OFF,0.1,1,0,1,1,1,1,0,0,1,1,47.04,52.47,0.768,17.46,N/A (episode terminated early),N/A (early termination),0.7168,0.306,0.3633,0.2448,0.2906,bfcedc1c8f0ae2806ebdc8d7c572ba9275e4a0487907899821a3d107e71101ce
safetyoff__mixed_complex__CA-GAT-MAPPO__seed0__ep08,safety_off_evaluation,mixed_complex,CA-GAT-MAPPO,0,8,4,1,OFF,ON,ON,ON,OFF,OFF,OFF,0.1,4,1,0,0,0,0,0,0,0,0,47.77,54.05,2.147,18.23,22.9902,0.7929,0.707,0.5981,0.7434,0.4785,0.5947,bfcedc1c8f0ae2806ebdc8d7c572ba9275e4a0487907899821a3d107e71101ce
safetyoff__mixed_complex__CA-GAT-MAPPO__seed0__ep09,safety_off_evaluation,mixed_complex,CA-GAT-MAPPO,0,9,4,1,OFF,ON,ON,ON,OFF,OFF,OFF,0.1,4,1,0,0,0,0,0,0,1,0,50.65,57.31,1.273,17.07,23.0095,0.7419,0.7475,0.4681,0.7411,0.3745,0.5929,bfcedc1c8f0ae2806ebdc8d7c572ba9275e4a0487907899821a3d107e71101ce
safetyoff__mixed_complex__CA-GAT-MAPPO__seed1__ep00,safety_off_evaluation,mixed_complex,CA-GAT-MAPPO,1,0,4,1,OFF,ON,ON,ON,OFF,OFF,OFF,0.1,4,1,0,0,0,0,0,0,0,1,48.95,54.4,2.283,18.5,22.9948,0.8045,0.7515,0.7496,0.684,0.5997,0.5472,8ed99808c66525bebda19333f1531725f5d3205410e0532243400e3764a1fdb8
safetyoff__mixed_complex__CA-GAT-MAPPO__seed1__ep01,safety_off_evaluation,mixed_complex,CA-GAT-MAPPO,1,1,4,1,OFF,ON,ON,ON,OFF,OFF,OFF,0.1,1,0,1,1,1,1,0,0,1,1,46.52,53.43,1.406,17.86,N/A (episode terminated early),N/A (early termination),0.7023,0.2855,0.3713,0.2284,0.297,8ed99808c66525bebda19333f1531725f5d3205410e0532243400e3764a1fdb8
safetyoff__mixed_complex__CA-GAT-MAPPO__seed1__ep02,safety_off_evaluation,mixed_complex,CA-GAT-MAPPO,1,2,4,1,OFF,ON,ON,ON,OFF,OFF,OFF,0.1,4,1,0,0,0,0,0,0,0,0,46.94,51.12,0.892,18.03,22.8845,0.7879,0.7139,0.6889,0.8443,0.5511,0.6754,8ed99808c66525bebda19333f1531725f5d3205410e0532243400e3764a1fdb8
safetyoff__mixed_complex__CA-GAT-MAPPO__seed1__ep03,safety_off_evaluation,mixed_complex,CA-GAT-MAPPO,1,3,4,1,OFF,ON,ON,ON,OFF,OFF,OFF,0.1,2,0,1,1,1,0,0,0,1,1,48.43,54,1.274,17.5,N/A (episode terminated early),N/A (early termination),0.7308,0.3076,0.4965,0.2461,0.3972,8ed99808c66525bebda19333f1531725f5d3205410e0532243400e3764a1fdb8
safetyoff__mixed_complex__CA-GAT-MAPPO__seed1__ep04,safety_off_evaluation,mixed_complex,CA-GAT-MAPPO,1,4,4,1,OFF,ON,ON,ON,OFF,OFF,OFF,0.1,4,1,0,0,0,0,0,0,0,1,46.75,52.53,1.435,17.33,22.9467,0.7552,0.7346,0.6949,0.5936,0.5559,0.4749,8ed99808c66525bebda19333f1531725f5d3205410e0532243400e3764a1fdb8
safetyoff__mixed_complex__CA-GAT-MAPPO__seed1__ep05,safety_off_evaluation,mixed_complex,CA-GAT-MAPPO,1,5,4,1,OFF,ON,ON,ON,OFF,OFF,OFF,0.1,4,1,0,0,0,0,0,0,0,1,48.33,53.78,2.104,18.2,23.1777,0.7852,0.7303,0.5811,0.6751,0.4649,0.5401,8ed99808c66525bebda19333f1531725f5d3205410e0532243400e3764a1fdb8
safetyoff__mixed_complex__CA-GAT-MAPPO__seed1__ep06,safety_off_evaluation,mixed_complex,CA-GAT-MAPPO,1,6,4,1,OFF,ON,ON,ON,OFF,OFF,OFF,0.1,4,1,0,0,0,0,0,0,0,0,46.65,51.12,2.56,17.3,23.1195,0.7483,0.7079,0.6496,0.765,0.5197,0.612,8ed99808c66525bebda19333f1531725f5d3205410e0532243400e3764a1fdb8
safetyoff__mixed_complex__CA-GAT-MAPPO__seed1__ep07,safety_off_evaluation,mixed_complex,CA-GAT-MAPPO,1,7,4,1,OFF,ON,ON,ON,OFF,OFF,OFF,0.1,1,0,1,1,1,1,0,0,1,1,47.91,54.78,1.784,17.39,N/A (episode terminated early),N/A (early termination),0.6798,0.3102,0.3951,0.2482,0.3161,8ed99808c66525bebda19333f1531725f5d3205410e0532243400e3764a1fdb8
safetyoff__mixed_complex__CA-GAT-MAPPO__seed1__ep08,safety_off_evaluation,mixed_complex,CA-GAT-MAPPO,1,8,4,1,OFF,ON,ON,ON,OFF,OFF,OFF,0.1,4,1,0,0,0,0,0,0,1,0,45.09,51.67,0.827,17.48,23.2011,0.7534,0.6723,0.5397,0.8454,0.4318,0.6763,8ed99808c66525bebda19333f1531725f5d3205410e0532243400e3764a1fdb8
safetyoff__mixed_complex__CA-GAT-MAPPO__seed1__ep09,safety_off_evaluation,mixed_complex,CA-GAT-MAPPO,1,9,4,1,OFF,ON,ON,ON,OFF,OFF,OFF,0.1,4,1,0,0,0,0,0,0,0,1,48.94,53.59,1.277,17.89,23.0529,0.776,0.7117,0.7466,0.6624,0.5973,0.5299,8ed99808c66525bebda19333f1531725f5d3205410e0532243400e3764a1fdb8
safetyoff__mixed_complex__CA-GAT-MAPPO__seed2__ep00,safety_off_evaluation,mixed_complex,CA-GAT-MAPPO,2,0,4,1,OFF,ON,ON,ON,OFF,OFF,OFF,0.1,3,0,1,0,0,1,0,0,0,1,47.46,52.15,2.924,17.09,N/A (episode terminated early),N/A (early termination),0.746,0.7494,0.6065,0.5995,0.4852,83df6211c82175f2b55c0f388fd343ffc3f228c028273b13498381129ab10241
safetyoff__mixed_complex__CA-GAT-MAPPO__seed2__ep01,safety_off_evaluation,mixed_complex,CA-GAT-MAPPO,2,1,4,1,OFF,ON,ON,ON,OFF,OFF,OFF,0.1,3,0,1,0,0,1,1,0,0,0,47.59,53.69,0.924,18.15,N/A (episode terminated early),N/A (early termination),0.6758,0.6542,0.8123,0.5234,0.6498,83df6211c82175f2b55c0f388fd343ffc3f228c028273b13498381129ab10241
safetyoff__mixed_complex__CA-GAT-MAPPO__seed2__ep02,safety_off_evaluation,mixed_complex,CA-GAT-MAPPO,2,2,4,1,OFF,ON,ON,ON,OFF,OFF,OFF,0.1,1,0,1,1,1,1,0,0,1,1,46.61,51.02,1.055,17.36,N/A (episode terminated early),N/A (early termination),0.7302,0.3011,0.5173,0.2409,0.4138,83df6211c82175f2b55c0f388fd343ffc3f228c028273b13498381129ab10241
safetyoff__mixed_complex__CA-GAT-MAPPO__seed2__ep03,safety_off_evaluation,mixed_complex,CA-GAT-MAPPO,2,3,4,1,OFF,ON,ON,ON,OFF,OFF,OFF,0.1,4,1,0,0,0,0,0,0,0,1,51.68,56.56,2.351,18.11,23.1966,0.7807,0.6949,0.5571,0.6022,0.4457,0.4818,83df6211c82175f2b55c0f388fd343ffc3f228c028273b13498381129ab10241
safetyoff__mixed_complex__CA-GAT-MAPPO__seed2__ep04,safety_off_evaluation,mixed_complex,CA-GAT-MAPPO,2,4,4,1,OFF,ON,ON,ON,OFF,OFF,OFF,0.1,4,1,0,0,0,0,0,0,1,1,46.05,51.96,2.616,17.43,22.8654,0.7623,0.7543,0.4505,0.6685,0.3604,0.5348,83df6211c82175f2b55c0f388fd343ffc3f228c028273b13498381129ab10241
safetyoff__mixed_complex__CA-GAT-MAPPO__seed2__ep05,safety_off_evaluation,mixed_complex,CA-GAT-MAPPO,2,5,4,1,OFF,ON,ON,ON,OFF,OFF,OFF,0.1,4,1,0,0,0,0,0,0,0,0,47.77,53.96,1.731,17.35,23.1342,0.75,0.6911,0.7355,0.803,0.5884,0.6424,83df6211c82175f2b55c0f388fd343ffc3f228c028273b13498381129ab10241
safetyoff__mixed_complex__CA-GAT-MAPPO__seed2__ep06,safety_off_evaluation,mixed_complex,CA-GAT-MAPPO,2,6,4,1,OFF,ON,ON,ON,OFF,OFF,OFF,0.1,1,0,1,1,1,1,0,0,1,1,50.93,56.86,2.59,17.47,N/A (episode terminated early),N/A (early termination),0.7226,0.2958,0.4106,0.2366,0.3285,83df6211c82175f2b55c0f388fd343ffc3f228c028273b13498381129ab10241
safetyoff__mixed_complex__CA-GAT-MAPPO__seed2__ep07,safety_off_evaluation,mixed_complex,CA-GAT-MAPPO,2,7,4,1,OFF,ON,ON,ON,OFF,OFF,OFF,0.1,4,1,0,0,0,0,0,0,1,0,49,53.56,0.976,17.93,22.9902,0.7799,0.6725,0.495,0.8162,0.396,0.653,83df6211c82175f2b55c0f388fd343ffc3f228c028273b13498381129ab10241
safetyoff__mixed_complex__CA-GAT-MAPPO__seed2__ep08,safety_off_evaluation,mixed_complex,CA-GAT-MAPPO,2,8,4,1,OFF,ON,ON,ON,OFF,OFF,OFF,0.1,4,1,0,0,0,0,0,0,0,0,49.35,56.37,2.307,17.92,23.0529,0.7773,0.7306,0.6822,0.8231,0.5458,0.6585,83df6211c82175f2b55c0f388fd343ffc3f228c028273b13498381129ab10241
safetyoff__mixed_complex__CA-GAT-MAPPO__seed2__ep09,safety_off_evaluation,mixed_complex,CA-GAT-MAPPO,2,9,4,1,OFF,ON,ON,ON,OFF,OFF,OFF,0.1,4,1,0,0,0,0,0,0,1,1,48.36,53.14,1.964,17.97,23.2401,0.7732,0.7677,0.519,0.6217,0.4152,0.4974,83df6211c82175f2b55c0f388fd343ffc3f228c028273b13498381129ab10241
safetyoff__mixed_complex__CA-GAT-MAPPO__seed3__ep00,safety_off_evaluation,mixed_complex,CA-GAT-MAPPO,3,0,4,1,OFF,ON,ON,ON,OFF,OFF,OFF,0.1,4,1,0,0,0,0,0,0,1,1,48.85,54.03,2.789,17.79,23.1823,0.7674,0.7025,0.4743,0.6047,0.3794,0.4838,db73792d69e34f730009208f36e16377f566a0653b487afb0c9e2546504e61a0
safetyoff__mixed_complex__CA-GAT-MAPPO__seed3__ep01,safety_off_evaluation,mixed_complex,CA-GAT-MAPPO,3,1,4,1,OFF,ON,ON,ON,OFF,OFF,OFF,0.1,3,0,1,0,0,1,1,0,0,1,45.99,50.74,2.155,17.9,N/A (episode terminated early),N/A (early termination),0.7151,0.5912,0.6406,0.473,0.5125,db73792d69e34f730009208f36e16377f566a0653b487afb0c9e2546504e61a0
safetyoff__mixed_complex__CA-GAT-MAPPO__seed3__ep02,safety_off_evaluation,mixed_complex,CA-GAT-MAPPO,3,2,4,1,OFF,ON,ON,ON,OFF,OFF,OFF,0.1,3,0,1,0,1,0,0,0,1,1,46.7,52.09,1.359,17.85,N/A (episode terminated early),N/A (early termination),0.7548,0.4497,0.3625,0.3598,0.29,db73792d69e34f730009208f36e16377f566a0653b487afb0c9e2546504e61a0
safetyoff__mixed_complex__CA-GAT-MAPPO__seed3__ep03,safety_off_evaluation,mixed_complex,CA-GAT-MAPPO,3,3,4,1,OFF,ON,ON,ON,OFF,OFF,OFF,0.1,4,1,0,0,0,0,0,0,1,1,51.93,58.36,2.565,17.62,23.1388,0.7615,0.7459,0.4799,0.6776,0.3839,0.5421,db73792d69e34f730009208f36e16377f566a0653b487afb0c9e2546504e61a0
safetyoff__mixed_complex__CA-GAT-MAPPO__seed3__ep04,safety_off_evaluation,mixed_complex,CA-GAT-MAPPO,3,4,4,1,OFF,ON,ON,ON,OFF,OFF,OFF,0.1,1,0,1,1,1,1,0,0,1,1,48.05,54.84,1.98,17.31,N/A (episode terminated early),N/A (early termination),0.7123,0.3552,0.4661,0.2842,0.3729,db73792d69e34f730009208f36e16377f566a0653b487afb0c9e2546504e61a0
safetyoff__mixed_complex__CA-GAT-MAPPO__seed3__ep05,safety_off_evaluation,mixed_complex,CA-GAT-MAPPO,3,5,4,1,OFF,ON,ON,ON,OFF,OFF,OFF,0.1,3,0,1,0,1,0,0,0,1,1,45.06,50.6,2.74,17.72,N/A (episode terminated early),N/A (early termination),0.7118,0.3631,0.3793,0.2905,0.3034,db73792d69e34f730009208f36e16377f566a0653b487afb0c9e2546504e61a0
safetyoff__mixed_complex__CA-GAT-MAPPO__seed3__ep06,safety_off_evaluation,mixed_complex,CA-GAT-MAPPO,3,6,4,1,OFF,ON,ON,ON,OFF,OFF,OFF,0.1,2,0,1,1,1,0,0,0,1,1,51.85,57.19,2.008,18.37,N/A (episode terminated early),N/A (early termination),0.7543,0.271,0.4052,0.2168,0.3242,db73792d69e34f730009208f36e16377f566a0653b487afb0c9e2546504e61a0
safetyoff__mixed_complex__CA-GAT-MAPPO__seed3__ep07,safety_off_evaluation,mixed_complex,CA-GAT-MAPPO,3,7,4,1,OFF,ON,ON,ON,OFF,OFF,OFF,0.1,4,1,0,0,0,0,0,0,0,1,52.72,59.43,0.966,17.22,23.0573,0.7468,0.7642,0.6842,0.5695,0.5474,0.4556,db73792d69e34f730009208f36e16377f566a0653b487afb0c9e2546504e61a0
safetyoff__mixed_complex__CA-GAT-MAPPO__seed3__ep08,safety_off_evaluation,mixed_complex,CA-GAT-MAPPO,3,8,4,1,OFF,ON,ON,ON,OFF,OFF,OFF,0.1,2,0,1,1,1,0,0,0,1,1,48.14,55.23,2.223,18.12,N/A (episode terminated early),N/A (early termination),0.6874,0.2569,0.3716,0.2055,0.2973,db73792d69e34f730009208f36e16377f566a0653b487afb0c9e2546504e61a0
safetyoff__mixed_complex__CA-GAT-MAPPO__seed3__ep09,safety_off_evaluation,mixed_complex,CA-GAT-MAPPO,3,9,4,1,OFF,ON,ON,ON,OFF,OFF,OFF,0.1,1,0,1,1,1,1,0,0,1,1,47.57,51.99,1.74,17.02,N/A (episode terminated early),N/A (early termination),0.7308,0.2943,0.3754,0.2354,0.3003,db73792d69e34f730009208f36e16377f566a0653b487afb0c9e2546504e61a0
safetyoff__mixed_complex__CA-GAT-MAPPO__seed4__ep00,safety_off_evaluation,mixed_complex,CA-GAT-MAPPO,4,0,4,1,OFF,ON,ON,ON,OFF,OFF,OFF,0.1,4,1,0,0,0,0,0,0,0,1,49.68,55.86,2.827,18.12,23.0526,0.786,0.6706,0.6716,0.5837,0.5373,0.467,f5e210f1f3eada71e80dc9a96ddd0372317557285c215726f7fc87779a373c42
safetyoff__mixed_complex__CA-GAT-MAPPO__seed4__ep01,safety_off_evaluation,mixed_complex,CA-GAT-MAPPO,4,1,4,1,OFF,ON,ON,ON,OFF,OFF,OFF,0.1,4,1,0,0,0,0,0,0,0,0,49.69,54.05,1.018,17.23,23.0529,0.7474,0.6858,0.7411,0.8381,0.5929,0.6705,f5e210f1f3eada71e80dc9a96ddd0372317557285c215726f7fc87779a373c42
safetyoff__mixed_complex__CA-GAT-MAPPO__seed4__ep02,safety_off_evaluation,mixed_complex,CA-GAT-MAPPO,4,2,4,1,OFF,ON,ON,ON,OFF,OFF,OFF,0.1,4,1,0,0,0,0,0,0,0,1,49.66,54.87,1.175,17.46,22.9904,0.7594,0.7481,0.5516,0.6076,0.4413,0.4861,f5e210f1f3eada71e80dc9a96ddd0372317557285c215726f7fc87779a373c42
safetyoff__mixed_complex__CA-GAT-MAPPO__seed4__ep03,safety_off_evaluation,mixed_complex,CA-GAT-MAPPO,4,3,4,1,OFF,ON,ON,ON,OFF,OFF,OFF,0.1,2,0,1,1,1,0,0,0,1,1,49.51,55.41,1.127,17.6,N/A (episode terminated early),N/A (early termination),0.7569,0.3403,0.5112,0.2722,0.409,f5e210f1f3eada71e80dc9a96ddd0372317557285c215726f7fc87779a373c42
safetyoff__mixed_complex__CA-GAT-MAPPO__seed4__ep04,safety_off_evaluation,mixed_complex,CA-GAT-MAPPO,4,4,4,1,OFF,ON,ON,ON,OFF,OFF,OFF,0.1,3,0,1,0,1,0,0,0,1,1,49.71,57.03,2.878,17.3,N/A (episode terminated early),N/A (early termination),0.6945,0.442,0.3825,0.3536,0.306,f5e210f1f3eada71e80dc9a96ddd0372317557285c215726f7fc87779a373c42
safetyoff__mixed_complex__CA-GAT-MAPPO__seed4__ep05,safety_off_evaluation,mixed_complex,CA-GAT-MAPPO,4,5,4,1,OFF,ON,ON,ON,OFF,OFF,OFF,0.1,1,0,1,1,1,1,0,0,1,1,52.78,57.54,1.538,17.33,N/A (episode terminated early),N/A (early termination),0.7282,0.3078,0.4167,0.2462,0.3334,f5e210f1f3eada71e80dc9a96ddd0372317557285c215726f7fc87779a373c42
safetyoff__mixed_complex__CA-GAT-MAPPO__seed4__ep06,safety_off_evaluation,mixed_complex,CA-GAT-MAPPO,4,6,4,1,OFF,ON,ON,ON,OFF,OFF,OFF,0.1,1,0,1,1,1,1,0,0,1,1,51.73,58.76,1.102,17.67,N/A (episode terminated early),N/A (early termination),0.7078,0.3434,0.5008,0.2747,0.4006,f5e210f1f3eada71e80dc9a96ddd0372317557285c215726f7fc87779a373c42
safetyoff__mixed_complex__CA-GAT-MAPPO__seed4__ep07,safety_off_evaluation,mixed_complex,CA-GAT-MAPPO,4,7,4,1,OFF,ON,ON,ON,OFF,OFF,OFF,0.1,4,1,0,0,0,0,0,0,0,1,45.01,50.76,1.949,17.8,23.2011,0.7672,0.7048,0.7492,0.6581,0.5994,0.5265,f5e210f1f3eada71e80dc9a96ddd0372317557285c215726f7fc87779a373c42
safetyoff__mixed_complex__CA-GAT-MAPPO__seed4__ep08,safety_off_evaluation,mixed_complex,CA-GAT-MAPPO,4,8,4,1,OFF,ON,ON,ON,OFF,OFF,OFF,0.1,4,1,0,0,0,0,0,0,0,0,45.48,51.35,1.77,18.1,23.0716,0.7845,0.7513,0.6512,0.7219,0.521,0.5775,f5e210f1f3eada71e80dc9a96ddd0372317557285c215726f7fc87779a373c42
safetyoff__mixed_complex__CA-GAT-MAPPO__seed4__ep09,safety_off_evaluation,mixed_complex,CA-GAT-MAPPO,4,9,4,1,OFF,ON,ON,ON,OFF,OFF,OFF,0.1,3,0,1,0,1,0,0,0,1,1,48.94,53.52,1.218,17.66,N/A (episode terminated early),N/A (early termination),0.711,0.41,0.5248,0.328,0.4198,f5e210f1f3eada71e80dc9a96ddd0372317557285c215726f7fc87779a373c42
safetyoff__mixed_complex__CA-GAT-MAPPO__seed5__ep00,safety_off_evaluation,mixed_complex,CA-GAT-MAPPO,5,0,4,1,OFF,ON,ON,ON,OFF,OFF,OFF,0.1,4,1,0,0,0,0,0,0,0,0,47.55,53.16,2.682,17.23,23.1966,0.7428,0.6819,0.6285,0.8281,0.5028,0.6625,da29fb12dd230cb7a8ee1e88c60ca8b2d6077612165ed390a9456fb3ca05bd64
safetyoff__mixed_complex__CA-GAT-MAPPO__seed5__ep01,safety_off_evaluation,mixed_complex,CA-GAT-MAPPO,5,1,4,1,OFF,ON,ON,ON,OFF,OFF,OFF,0.1,4,1,0,0,0,0,0,0,0,1,51.31,57.75,2.102,18.21,23.1154,0.7878,0.7246,0.6791,0.6951,0.5433,0.5561,da29fb12dd230cb7a8ee1e88c60ca8b2d6077612165ed390a9456fb3ca05bd64
safetyoff__mixed_complex__CA-GAT-MAPPO__seed5__ep02,safety_off_evaluation,mixed_complex,CA-GAT-MAPPO,5,2,4,1,OFF,ON,ON,ON,OFF,OFF,OFF,0.1,3,0,1,0,0,1,0,0,0,0,45.5,51.38,2.959,17.56,N/A (episode terminated early),N/A (early termination),0.7399,0.7299,0.7919,0.5839,0.6335,da29fb12dd230cb7a8ee1e88c60ca8b2d6077612165ed390a9456fb3ca05bd64
safetyoff__mixed_complex__CA-GAT-MAPPO__seed5__ep03,safety_off_evaluation,mixed_complex,CA-GAT-MAPPO,5,3,4,1,OFF,ON,ON,ON,OFF,OFF,OFF,0.1,4,1,0,0,0,0,0,0,0,0,50.97,55.05,1.401,17.07,22.9467,0.7439,0.7384,0.6923,0.7477,0.5538,0.5982,da29fb12dd230cb7a8ee1e88c60ca8b2d6077612165ed390a9456fb3ca05bd64
safetyoff__mixed_complex__CA-GAT-MAPPO__seed5__ep04,safety_off_evaluation,mixed_complex,CA-GAT-MAPPO,5,4,4,1,OFF,ON,ON,ON,OFF,OFF,OFF,0.1,4,1,0,0,0,0,0,0,1,0,47.99,54.24,0.88,18.32,23.1198,0.7924,0.7569,0.5157,0.7569,0.4126,0.6055,da29fb12dd230cb7a8ee1e88c60ca8b2d6077612165ed390a9456fb3ca05bd64
safetyoff__mixed_complex__CA-GAT-MAPPO__seed5__ep05,safety_off_evaluation,mixed_complex,CA-GAT-MAPPO,5,5,4,1,OFF,ON,ON,ON,OFF,OFF,OFF,0.1,4,1,0,0,0,0,0,0,1,1,51.08,56.88,2.164,17.17,22.9279,0.7489,0.7635,0.4829,0.6183,0.3863,0.4946,da29fb12dd230cb7a8ee1e88c60ca8b2d6077612165ed390a9456fb3ca05bd64
safetyoff__mixed_complex__CA-GAT-MAPPO__seed5__ep06,safety_off_evaluation,mixed_complex,CA-GAT-MAPPO,5,6,4,1,OFF,ON,ON,ON,OFF,OFF,OFF,0.1,4,1,0,0,0,0,0,0,1,1,45.35,51.55,2.592,17.26,23.1342,0.7461,0.7162,0.5119,0.6215,0.4095,0.4972,da29fb12dd230cb7a8ee1e88c60ca8b2d6077612165ed390a9456fb3ca05bd64
safetyoff__mixed_complex__CA-GAT-MAPPO__seed5__ep07,safety_off_evaluation,mixed_complex,CA-GAT-MAPPO,5,7,4,1,OFF,ON,ON,ON,OFF,OFF,OFF,0.1,3,0,1,0,1,0,0,0,1,1,50.73,55.41,2.682,18.16,N/A (episode terminated early),N/A (early termination),0.7193,0.4499,0.4918,0.3599,0.3934,da29fb12dd230cb7a8ee1e88c60ca8b2d6077612165ed390a9456fb3ca05bd64
safetyoff__mixed_complex__CA-GAT-MAPPO__seed5__ep08,safety_off_evaluation,mixed_complex,CA-GAT-MAPPO,5,8,4,1,OFF,ON,ON,ON,OFF,OFF,OFF,0.1,4,1,0,0,0,0,0,0,0,1,51.05,58.54,1.801,17.37,23.2445,0.7473,0.7101,0.6105,0.5591,0.4884,0.4473,da29fb12dd230cb7a8ee1e88c60ca8b2d6077612165ed390a9456fb3ca05bd64
safetyoff__mixed_complex__CA-GAT-MAPPO__seed5__ep09,safety_off_evaluation,mixed_complex,CA-GAT-MAPPO,5,9,4,1,OFF,ON,ON,ON,OFF,OFF,OFF,0.1,3,0,1,0,0,1,0,0,1,0,45.05,49.94,1.719,18.43,N/A (episode terminated early),N/A (early termination),0.6758,0.4814,0.7901,0.3851,0.6321,da29fb12dd230cb7a8ee1e88c60ca8b2d6077612165ed390a9456fb3ca05bd64
safetyoff__mixed_complex__CA-GAT-MAPPO__seed6__ep00,safety_off_evaluation,mixed_complex,CA-GAT-MAPPO,6,0,4,1,OFF,ON,ON,ON,OFF,OFF,OFF,0.1,4,1,0,0,0,0,0,0,0,0,45.94,52.16,2.626,17.66,22.9018,0.7711,0.7001,0.6561,0.7009,0.5249,0.5607,ed09582cb314a7d6fb62a2969e8ec146c4ad5a35bbded88314c57cd591ec5719
safetyoff__mixed_complex__CA-GAT-MAPPO__seed6__ep01,safety_off_evaluation,mixed_complex,CA-GAT-MAPPO,6,1,4,1,OFF,ON,ON,ON,OFF,OFF,OFF,0.1,3,0,1,0,1,0,0,0,1,1,46.49,53.14,1.203,17.66,N/A (episode terminated early),N/A (early termination),0.6739,0.4218,0.3612,0.3374,0.289,ed09582cb314a7d6fb62a2969e8ec146c4ad5a35bbded88314c57cd591ec5719
safetyoff__mixed_complex__CA-GAT-MAPPO__seed6__ep02,safety_off_evaluation,mixed_complex,CA-GAT-MAPPO,6,2,4,1,OFF,ON,ON,ON,OFF,OFF,OFF,0.1,2,0,1,0,1,1,0,0,1,1,46.37,50.64,2.133,17.5,N/A (episode terminated early),N/A (early termination),0.6897,0.411,0.4919,0.3288,0.3935,ed09582cb314a7d6fb62a2969e8ec146c4ad5a35bbded88314c57cd591ec5719
safetyoff__mixed_complex__CA-GAT-MAPPO__seed6__ep03,safety_off_evaluation,mixed_complex,CA-GAT-MAPPO,6,3,4,1,OFF,ON,ON,ON,OFF,OFF,OFF,0.1,1,0,1,1,1,1,0,0,1,1,48.5,53.56,2.767,17.42,N/A (episode terminated early),N/A (early termination),0.7363,0.3255,0.5196,0.2604,0.4157,ed09582cb314a7d6fb62a2969e8ec146c4ad5a35bbded88314c57cd591ec5719
safetyoff__mixed_complex__CA-GAT-MAPPO__seed6__ep04,safety_off_evaluation,mixed_complex,CA-GAT-MAPPO,6,4,4,1,OFF,ON,ON,ON,OFF,OFF,OFF,0.1,4,1,0,0,0,0,0,0,0,0,47.79,54.69,2.543,18,22.8654,0.7872,0.6758,0.6323,0.7308,0.5058,0.5846,ed09582cb314a7d6fb62a2969e8ec146c4ad5a35bbded88314c57cd591ec5719
safetyoff__mixed_complex__CA-GAT-MAPPO__seed6__ep05,safety_off_evaluation,mixed_complex,CA-GAT-MAPPO,6,5,4,1,OFF,ON,ON,ON,OFF,OFF,OFF,0.1,4,1,0,0,0,0,0,0,0,1,47.44,51.91,2.089,17.86,23.1342,0.772,0.7367,0.7012,0.679,0.561,0.5432,ed09582cb314a7d6fb62a2969e8ec146c4ad5a35bbded88314c57cd591ec5719
safetyoff__mixed_complex__CA-GAT-MAPPO__seed6__ep06,safety_off_evaluation,mixed_complex,CA-GAT-MAPPO,6,6,4,1,OFF,ON,ON,ON,OFF,OFF,OFF,0.1,4,1,0,0,0,0,0,0,0,0,45.52,51.4,0.771,17.56,23.1777,0.7576,0.7486,0.717,0.7632,0.5736,0.6106,ed09582cb314a7d6fb62a2969e8ec146c4ad5a35bbded88314c57cd591ec5719
safetyoff__mixed_complex__CA-GAT-MAPPO__seed6__ep07,safety_off_evaluation,mixed_complex,CA-GAT-MAPPO,6,7,4,1,OFF,ON,ON,ON,OFF,OFF,OFF,0.1,4,1,0,0,0,0,0,0,0,1,46.47,50.41,1.822,17.15,22.822,0.7515,0.7237,0.6986,0.6069,0.5589,0.4855,ed09582cb314a7d6fb62a2969e8ec146c4ad5a35bbded88314c57cd591ec5719
safetyoff__mixed_complex__CA-GAT-MAPPO__seed6__ep08,safety_off_evaluation,mixed_complex,CA-GAT-MAPPO,6,8,4,1,OFF,ON,ON,ON,OFF,OFF,OFF,0.1,3,0,1,0,1,0,0,0,1,1,48.86,53.98,0.766,17.11,N/A (episode terminated early),N/A (early termination),0.7285,0.444,0.4549,0.3552,0.3639,ed09582cb314a7d6fb62a2969e8ec146c4ad5a35bbded88314c57cd591ec5719
safetyoff__mixed_complex__CA-GAT-MAPPO__seed6__ep09,safety_off_evaluation,mixed_complex,CA-GAT-MAPPO,6,9,4,1,OFF,ON,ON,ON,OFF,OFF,OFF,0.1,4,1,0,0,0,0,0,0,0,1,49.13,53.61,1.307,18.06,23.1195,0.7812,0.7216,0.6312,0.6339,0.505,0.5071,ed09582cb314a7d6fb62a2969e8ec146c4ad5a35bbded88314c57cd591ec5719
safetyoff__mixed_complex__CA-GAT-MAPPO__seed7__ep00,safety_off_evaluation,mixed_complex,CA-GAT-MAPPO,7,0,4,1,OFF,ON,ON,ON,OFF,OFF,OFF,0.1,3,0,1,0,1,0,0,0,1,1,46.23,52.59,0.895,18.47,N/A (episode terminated early),N/A (early termination),0.7512,0.4129,0.4909,0.3303,0.3927,7aecf6a7e53711d5a0f1473913406cc645bbc0aa42ebc65a753ac1a5648703b0
safetyoff__mixed_complex__CA-GAT-MAPPO__seed7__ep01,safety_off_evaluation,mixed_complex,CA-GAT-MAPPO,7,1,4,1,OFF,ON,ON,ON,OFF,OFF,OFF,0.1,4,1,0,0,0,0,0,0,0,1,52.29,58.3,2.859,18.09,23.0095,0.7862,0.7088,0.5824,0.6641,0.4659,0.5313,7aecf6a7e53711d5a0f1473913406cc645bbc0aa42ebc65a753ac1a5648703b0
safetyoff__mixed_complex__CA-GAT-MAPPO__seed7__ep02,safety_off_evaluation,mixed_complex,CA-GAT-MAPPO,7,2,4,1,OFF,ON,ON,ON,OFF,OFF,OFF,0.1,4,1,0,0,0,0,0,0,0,0,51.74,57.66,1.702,17.52,23.0893,0.7588,0.7449,0.6984,0.7148,0.5587,0.5718,7aecf6a7e53711d5a0f1473913406cc645bbc0aa42ebc65a753ac1a5648703b0
safetyoff__mixed_complex__CA-GAT-MAPPO__seed7__ep03,safety_off_evaluation,mixed_complex,CA-GAT-MAPPO,7,3,4,1,OFF,ON,ON,ON,OFF,OFF,OFF,0.1,3,0,1,0,0,1,0,0,1,1,45.2,51.91,1.745,17.71,N/A (episode terminated early),N/A (early termination),0.7366,0.5409,0.6862,0.4327,0.549,7aecf6a7e53711d5a0f1473913406cc645bbc0aa42ebc65a753ac1a5648703b0
safetyoff__mixed_complex__CA-GAT-MAPPO__seed7__ep04,safety_off_evaluation,mixed_complex,CA-GAT-MAPPO,7,4,4,1,OFF,ON,ON,ON,OFF,OFF,OFF,0.1,4,1,0,0,0,0,0,0,0,0,48.15,54.96,1.556,18.36,23.1777,0.7921,0.7406,0.6842,0.7509,0.5474,0.6007,7aecf6a7e53711d5a0f1473913406cc645bbc0aa42ebc65a753ac1a5648703b0
safetyoff__mixed_complex__CA-GAT-MAPPO__seed7__ep05,safety_off_evaluation,mixed_complex,CA-GAT-MAPPO,7,5,4,1,OFF,ON,ON,ON,OFF,OFF,OFF,0.1,4,1,0,0,0,0,0,0,0,0,48.46,55.71,2.271,17.0875,23.0716,0.7406,0.7321,0.6438,0.7492,0.515,0.5994,7aecf6a7e53711d5a0f1473913406cc645bbc0aa42ebc65a753ac1a5648703b0
safetyoff__mixed_complex__CA-GAT-MAPPO__seed7__ep06,safety_off_evaluation,mixed_complex,CA-GAT-MAPPO,7,6,4,1,OFF,ON,ON,ON,OFF,OFF,OFF,0.1,2,0,1,0,1,1,0,0,1,1,51.51,55.75,2.604,18.31,N/A (episode terminated early),N/A (early termination),0.7136,0.4425,0.4093,0.354,0.3274,7aecf6a7e53711d5a0f1473913406cc645bbc0aa42ebc65a753ac1a5648703b0
safetyoff__mixed_complex__CA-GAT-MAPPO__seed7__ep07,safety_off_evaluation,mixed_complex,CA-GAT-MAPPO,7,7,4,1,OFF,ON,ON,ON,OFF,OFF,OFF,0.1,4,1,0,0,0,0,0,0,0,0,45.45,50.34,2.987,18.39,22.9467,0.8014,0.7557,0.6365,0.7167,0.5092,0.5734,7aecf6a7e53711d5a0f1473913406cc645bbc0aa42ebc65a753ac1a5648703b0
safetyoff__mixed_complex__CA-GAT-MAPPO__seed7__ep08,safety_off_evaluation,mixed_complex,CA-GAT-MAPPO,7,8,4,1,OFF,ON,ON,ON,OFF,OFF,OFF,0.1,4,1,0,0,0,0,0,0,0,0,50.63,55.75,2.997,17.17,23.1823,0.7407,0.7038,0.7419,0.8061,0.5935,0.6449,7aecf6a7e53711d5a0f1473913406cc645bbc0aa42ebc65a753ac1a5648703b0
safetyoff__mixed_complex__CA-GAT-MAPPO__seed7__ep09,safety_off_evaluation,mixed_complex,CA-GAT-MAPPO,7,9,4,1,OFF,ON,ON,ON,OFF,OFF,OFF,0.1,2,0,1,0,1,1,0,0,1,1,48.7,52.76,2.096,17.87,N/A (episode terminated early),N/A (early termination),0.723,0.443,0.3911,0.3544,0.3129,7aecf6a7e53711d5a0f1473913406cc645bbc0aa42ebc65a753ac1a5648703b0
