scenario,training_seed,evaluation_episode,evaluation_seed,robot_random_seed,robot_id,nominal_start_x,nominal_start_y,nominal_start_yaw,realized_start_x,realized_start_y,realized_start_yaw,fixed_goal_x,fixed_goal_y,euclidean_distance_m,astar_path_length_m,astar_waypoint_count,planner_name,planner_config_hash
static_clutter,0,0,0,0,robot_1,-5.0,-4.0,0.6747,-4.965557814847495,-3.97420455970597,0.6508714742492534,5.0,4.0,12.763239436800653,20.662310562561768,24,mrpp_rl.waypoints.build_scenario_waypoint_manager,bd4a04b010d8ca4424deff6cbffb3fd724c0fbfdd41818d1b09d190db83bafaa
static_clutter,0,0,0,0,robot_2,-5.0,4.0,-0.6747,-5.024108324970704,4.001127472136861,-0.7032197587648756,5.0,-4.0,12.82578607868267,21.5003776456267,30,mrpp_rl.waypoints.build_scenario_waypoint_manager,bd4a04b010d8ca4424deff6cbffb3fd724c0fbfdd41818d1b09d190db83bafaa
static_clutter,0,0,0,0,robot_3,5.0,-4.0,2.4669,5.028379858903477,-4.019668727392108,2.4598790862457065,-5.0,4.0,12.8406965968195,21.435674931802915,25,mrpp_rl.waypoints.build_scenario_waypoint_manager,bd4a04b010d8ca4424deff6cbffb3fd724c0fbfdd41818d1b09d190db83bafaa
static_clutter,0,0,0,0,robot_4,5.0,4.0,-2.4669,5.008338203945503,4.040811288519533,-2.4654939432547827,-5.0,-4.0,12.838281808020037,20.852319033204637,24,mrpp_rl.waypoints.build_scenario_waypoint_manager,bd4a04b010d8ca4424deff6cbffb3fd724c0fbfdd41818d1b09d190db83bafaa
static_clutter,0,1,1,1000004,robot_1,-5.0,-4.0,0.6747,-5.000249074279639,-4.0345394578903,0.5876062319533741,5.0,4.0,12.828047624172079,20.912310562561768,24,mrpp_rl.waypoints.build_scenario_waypoint_manager,bd4a04b010d8ca4424deff6cbffb3fd724c0fbfdd41818d1b09d190db83bafaa
static_clutter,0,1,1,1000004,robot_2,-5.0,4.0,-0.6747,-5.0499216219398875,4.017196272852446,-0.6238342499762446,5.0,-4.0,12.85598540309431,21.7503776456267,30,mrpp_rl.waypoints.build_scenario_waypoint_manager,bd4a04b010d8ca4424deff6cbffb3fd724c0fbfdd41818d1b09d190db83bafaa
static_clutter,0,1,1,1000004,robot_3,5.0,-4.0,2.4669,4.9996327444179816,-4.0160054217132295,2.3875453001430222,-5.0,4.0,12.815966523995456,21.435674931802915,25,mrpp_rl.waypoints.build_scenario_waypoint_manager,bd4a04b010d8ca4424deff6cbffb3fd724c0fbfdd41818d1b09d190db83bafaa
static_clutter,0,1,1,1000004,robot_4,5.0,4.0,-2.4669,5.045445701411127,3.980059565139528,-2.5899474469193695,-5.0,-4.0,12.829354231728663,20.852319033204637,24,mrpp_rl.waypoints.build_scenario_waypoint_manager,bd4a04b010d8ca4424deff6cbffb3fd724c0fbfdd41818d1b09d190db83bafaa
static_clutter,0,2,2,2000008,robot_1,-5.0,-4.0,0.6747,-4.963019580882572,-4.011340671182246,0.6389482188822878,5.0,4.0,12.784496021305978,20.662310562561768,24,mrpp_rl.waypoints.build_scenario_waypoint_manager,bd4a04b010d8ca4424deff6cbffb3fd724c0fbfdd41818d1b09d190db83bafaa
static_clutter,0,2,2,2000008,robot_2,-5.0,4.0,-0.6747,-4.964396171186847,3.9725314286368874,-0.6668170899901299,5.0,-4.0,12.761287099543134,22.0003776456267,31,mrpp_rl.waypoints.build_scenario_waypoint_manager,bd4a04b010d8ca4424deff6cbffb3fd724c0fbfdd41818d1b09d190db83bafaa
static_clutter,0,2,2,2000008,robot_3,5.0,-4.0,2.4669,4.972890908656429,-4.031620516484837,2.5239775999524574,-5.0,4.0,12.804900671101755,22.185674931802915,26,mrpp_rl.waypoints.build_scenario_waypoint_manager,bd4a04b010d8ca4424deff6cbffb3fd724c0fbfdd41818d1b09d190db83bafaa
static_clutter,0,2,2,2000008,robot_4,5.0,4.0,-2.4669,4.988574900504036,4.00726602939075,-2.484904118669606,-5.0,-4.0,12.80187243368775,20.852319033204637,24,mrpp_rl.waypoints.build_scenario_waypoint_manager,bd4a04b010d8ca4424deff6cbffb3fd724c0fbfdd41818d1b09d190db83bafaa
static_clutter,0,3,3,3000012,robot_1,-5.0,-4.0,0.6747,-4.987673469263607,-3.9872878599665595,0.5393778474666291,5.0,4.0,12.788682054324491,20.662310562561768,24,mrpp_rl.waypoints.build_scenario_waypoint_manager,bd4a04b010d8ca4424deff6cbffb3fd724c0fbfdd41818d1b09d190db83bafaa
static_clutter,0,3,3,3000012,robot_2,-5.0,4.0,-0.6747,-4.985761833971664,4.041628038734404,-0.6493327373800343,5.0,-4.0,12.821202007540654,21.5003776456267,30,mrpp_rl.waypoints.build_scenario_waypoint_manager,bd4a04b010d8ca4424deff6cbffb3fd724c0fbfdd41818d1b09d190db83bafaa
static_clutter,0,3,3,3000012,robot_3,5.0,-4.0,2.4669,4.990644212459809,-3.9667893018296922,2.3689414326402085,-5.0,4.0,12.778212064279757,21.435674931802915,25,mrpp_rl.waypoints.build_scenario_waypoint_manager,bd4a04b010d8ca4424deff6cbffb3fd724c0fbfdd41818d1b09d190db83bafaa
static_clutter,0,3,3,3000012,robot_4,5.0,4.0,-2.4669,5.043896134033351,3.9985530810426453,-2.583883461250231,-5.0,-4.0,12.839653458777883,20.852319033204637,24,mrpp_rl.waypoints.build_scenario_waypoint_manager,bd4a04b010d8ca4424deff6cbffb3fd724c0fbfdd41818d1b09d190db83bafaa
static_clutter,0,4,4,4000016,robot_1,-5.0,-4.0,0.6747,-5.0014250343762345,-3.969528127450992,0.5644672558848142,5.0,4.0,12.78834943581384,20.662310562561768,24,mrpp_rl.waypoints.build_scenario_waypoint_manager,bd4a04b010d8ca4424deff6cbffb3fd724c0fbfdd41818d1b09d190db83bafaa
static_clutter,0,4,4,4000016,robot_2,-5.0,4.0,-0.6747,-5.015419713409902,3.9665687530668032,-0.7746633068144788,5.0,-4.0,12.797454814653577,22.0003776456267,31,mrpp_rl.waypoints.build_scenario_waypoint_manager,bd4a04b010d8ca4424deff6cbffb3fd724c0fbfdd41818d1b09d190db83bafaa
static_clutter,0,4,4,4000016,robot_3,5.0,-4.0,2.4669,5.014870812648721,-4.0263986603950155,2.515103095977031,-5.0,4.0,12.83435673688534,21.935674931802915,26,mrpp_rl.waypoints.build_scenario_waypoint_manager,bd4a04b010d8ca4424deff6cbffb3fd724c0fbfdd41818d1b09d190db83bafaa
static_clutter,0,4,4,4000016,robot_4,5.0,4.0,-2.4669,5.0336668587520625,3.998594200320902,-2.6091442008716212,-5.0,-4.0,12.831678760545195,20.852319033204637,24,mrpp_rl.waypoints.build_scenario_waypoint_manager,bd4a04b010d8ca4424deff6cbffb3fd724c0fbfdd41818d1b09d190db83bafaa
static_clutter,0,5,5,5000020,robot_1,-5.0,-4.0,0.6747,-4.963029270696656,-3.995112581043725,0.7107811827703623,5.0,4.0,12.774340586986163,20.662310562561768,24,mrpp_rl.waypoints.build_scenario_waypoint_manager,bd4a04b010d8ca4424deff6cbffb3fd724c0fbfdd41818d1b09d190db83bafaa
static_clutter,0,5,5,5000020,robot_2,-5.0,4.0,-0.6747,-5.023290113303606,3.994078409284148,-0.5508687760488715,5.0,-4.0,12.820750146119874,21.5003776456267,30,mrpp_rl.waypoints.build_scenario_waypoint_manager,bd4a04b010d8ca4424deff6cbffb3fd724c0fbfdd41818d1b09d190db83bafaa
static_clutter,0,5,5,5000020,robot_3,5.0,-4.0,2.4669,5.003048999733417,-4.049446652562958,2.5122128494959313,-5.0,4.0,12.839570892499667,21.935674931802915,26,mrpp_rl.waypoints.build_scenario_waypoint_manager,bd4a04b010d8ca4424deff6cbffb3fd724c0fbfdd41818d1b09d190db83bafaa
static_clutter,0,5,5,5000020,robot_4,5.0,4.0,-2.4669,4.962029038572499,4.011133719313965,-2.360615501801855,-5.0,-4.0,12.783594409793002,21.102319033204637,25,mrpp_rl.waypoints.build_scenario_waypoint_manager,bd4a04b010d8ca4424deff6cbffb3fd724c0fbfdd41818d1b09d190db83bafaa
static_clutter,0,6,6,6000024,robot_1,-5.0,-4.0,0.6747,-5.002528366806047,-3.952180823660735,0.815315475795949,5.0,4.0,12.778409665563128,20.662310562561768,24,mrpp_rl.waypoints.build_scenario_waypoint_manager,bd4a04b010d8ca4424deff6cbffb3fd724c0fbfdd41818d1b09d190db83bafaa
static_clutter,0,6,6,6000024,robot_2,-5.0,4.0,-0.6747,-5.044106663853915,4.0328190185277295,-0.7744538597291496,5.0,-4.0,12.861192015489676,21.7503776456267,30,mrpp_rl.waypoints.build_scenario_waypoint_manager,bd4a04b010d8ca4424deff6cbffb3fd724c0fbfdd41818d1b09d190db83bafaa
static_clutter,0,6,6,6000024,robot_3,5.0,-4.0,2.4669,5.029011529490229,-4.009154428928604,2.3588573030744535,-5.0,4.0,12.834626092141315,21.435674931802915,25,mrpp_rl.waypoints.build_scenario_waypoint_manager,bd4a04b010d8ca4424deff6cbffb3fd724c0fbfdd41818d1b09d190db83bafaa
static_clutter,0,6,6,6000024,robot_4,5.0,4.0,-2.4669,4.966737215237611,4.013601193786327,-2.3185652408084705,-5.0,-4.0,12.78880974956841,21.102319033204637,25,mrpp_rl.waypoints.build_scenario_waypoint_manager,bd4a04b010d8ca4424deff6cbffb3fd724c0fbfdd41818d1b09d190db83bafaa
static_clutter,0,7,7,7000028,robot_1,-5.0,-4.0,0.6747,-5.014709664784337,-3.9883700412859135,0.7704897946784398,5.0,4.0,12.810482644554776,20.662310562561768,24,mrpp_rl.waypoints.build_scenario_waypoint_manager,bd4a04b010d8ca4424deff6cbffb3fd724c0fbfdd41818d1b09d190db83bafaa
static_clutter,0,7,7,7000028,robot_2,-5.0,4.0,-0.6747,-5.000947924510945,3.9604271169156697,-0.7586132730903148,5.0,-4.0,12.782306492668141,22.0003776456267,31,mrpp_rl.waypoints.build_scenario_waypoint_manager,bd4a04b010d8ca4424deff6cbffb3fd724c0fbfdd41818d1b09d190db83bafaa
static_clutter,0,7,7,7000028,robot_3,5.0,-4.0,2.4669,5.013978684800769,-4.026097241103682,2.4957412901197022,-5.0,4.0,12.83347209539555,21.935674931802915,26,mrpp_rl.waypoints.build_scenario_waypoint_manager,bd4a04b010d8ca4424deff6cbffb3fd724c0fbfdd41818d1b09d190db83bafaa
static_clutter,0,7,7,7000028,robot_4,5.0,4.0,-2.4669,5.026798853334204,4.002719513874097,-2.332293838720199,-5.0,-4.0,12.828882058190626,20.852319033204637,24,mrpp_rl.waypoints.build_scenario_waypoint_manager,bd4a04b010d8ca4424deff6cbffb3fd724c0fbfdd41818d1b09d190db83bafaa
static_clutter,0,8,8,8000032,robot_1,-5.0,-4.0,0.6747,-4.966199284757678,-3.9593245579523724,0.6965364968321892,5.0,4.0,12.754449247314765,20.662310562561768,24,mrpp_rl.waypoints.build_scenario_waypoint_manager,bd4a04b010d8ca4424deff6cbffb3fd724c0fbfdd41818d1b09d190db83bafaa
static_clutter,0,8,8,8000032,robot_2,-5.0,4.0,-0.6747,-4.950805237752676,4.049727825736119,-0.6364912135689688,5.0,-4.0,12.799087582641056,21.5003776456267,30,mrpp_rl.waypoints.build_scenario_waypoint_manager,bd4a04b010d8ca4424deff6cbffb3fd724c0fbfdd41818d1b09d190db83bafaa
static_clutter,0,8,8,8000032,robot_3,5.0,-4.0,2.4669,5.029834995211945,-3.995379111854172,2.34651320898867,-5.0,4.0,12.826678337490662,21.435674931802915,25,mrpp_rl.waypoints.build_scenario_waypoint_manager,bd4a04b010d8ca4424deff6cbffb3fd724c0fbfdd41818d1b09d190db83bafaa
static_clutter,0,8,8,8000032,robot_4,5.0,4.0,-2.4669,5.024161277930131,4.040382833288309,-2.5285404190571503,-5.0,-4.0,12.85035273569528,20.852319033204637,24,mrpp_rl.waypoints.build_scenario_waypoint_manager,bd4a04b010d8ca4424deff6cbffb3fd724c0fbfdd41818d1b09d190db83bafaa
static_clutter,0,9,9,9000036,robot_1,-5.0,-4.0,0.6747,-4.995733756309973,-3.979450706385327,0.5465894912035814,5.0,4.0,12.790087056102003,20.662310562561768,24,mrpp_rl.waypoints.build_scenario_waypoint_manager,bd4a04b010d8ca4424deff6cbffb3fd724c0fbfdd41818d1b09d190db83bafaa
static_clutter,0,9,9,9000036,robot_2,-5.0,4.0,-0.6747,-5.044746248206235,3.98178197832626,-0.7995518189983466,5.0,-4.0,12.829878048539163,21.7503776456267,30,mrpp_rl.waypoints.build_scenario_waypoint_manager,bd4a04b010d8ca4424deff6cbffb3fd724c0fbfdd41818d1b09d190db83bafaa
static_clutter,0,9,9,9000036,robot_3,5.0,-4.0,2.4669,5.038489938046442,-3.974830764382265,2.415488866262003,-5.0,4.0,12.82065544177822,21.435674931802915,25,mrpp_rl.waypoints.build_scenario_waypoint_manager,bd4a04b010d8ca4424deff6cbffb3fd724c0fbfdd41818d1b09d190db83bafaa
static_clutter,0,9,9,9000036,robot_4,5.0,4.0,-2.4669,4.954706012610504,3.9783395739965295,-2.6016959573882823,-5.0,-4.0,12.757353728556046,21.102319033204637,25,mrpp_rl.waypoints.build_scenario_waypoint_manager,bd4a04b010d8ca4424deff6cbffb3fd724c0fbfdd41818d1b09d190db83bafaa
static_clutter,1,0,10000,10000030000,robot_1,-5.0,-4.0,0.6747,-4.952138699146578,-4.02839312172159,0.5581131697988266,5.0,4.0,12.786718140475195,20.912310562561768,24,mrpp_rl.waypoints.build_scenario_waypoint_manager,bd4a04b010d8ca4424deff6cbffb3fd724c0fbfdd41818d1b09d190db83bafaa
static_clutter,1,0,10000,10000030000,robot_2,-5.0,4.0,-0.6747,-5.0458336407581985,3.988116911837493,-0.7447848016978733,5.0,-4.0,12.834671220369195,21.7503776456267,30,mrpp_rl.waypoints.build_scenario_waypoint_manager,bd4a04b010d8ca4424deff6cbffb3fd724c0fbfdd41818d1b09d190db83bafaa
static_clutter,1,0,10000,10000030000,robot_3,5.0,-4.0,2.4669,4.974112115832215,-3.989370490146638,2.572024187360537,-5.0,4.0,12.779395655821011,22.185674931802915,26,mrpp_rl.waypoints.build_scenario_waypoint_manager,bd4a04b010d8ca4424deff6cbffb3fd724c0fbfdd41818d1b09d190db83bafaa
static_clutter,1,0,10000,10000030000,robot_4,5.0,4.0,-2.4669,4.983538618291921,4.041943456378058,-2.4461669999822946,-5.0,-4.0,12.81966840048946,20.852319033204637,24,mrpp_rl.waypoints.build_scenario_waypoint_manager,bd4a04b010d8ca4424deff6cbffb3fd724c0fbfdd41818d1b09d190db83bafaa
static_clutter,1,1,10001,10001030004,robot_1,-5.0,-4.0,0.6747,-5.033893437274717,-4.015626059235631,0.7716426267789682,5.0,4.0,12.842479458114074,20.662310562561768,24,mrpp_rl.waypoints.build_scenario_waypoint_manager,bd4a04b010d8ca4424deff6cbffb3fd724c0fbfdd41818d1b09d190db83bafaa
static_clutter,1,1,10001,10001030004,robot_2,-5.0,4.0,-0.6747,-5.048891852917405,3.9695665738819814,-0.5445413311860431,5.0,-4.0,12.82552996359865,22.0003776456267,31,mrpp_rl.waypoints.build_scenario_waypoint_manager,bd4a04b010d8ca4424deff6cbffb3fd724c0fbfdd41818d1b09d190db83bafaa
static_clutter,1,1,10001,10001030004,robot_3,5.0,-4.0,2.4669,4.980394084902423,-4.041260127416114,2.3857867459838142,-5.0,4.0,12.816790960561365,21.935674931802915,26,mrpp_rl.waypoints.build_scenario_waypoint_manager,bd4a04b010d8ca4424deff6cbffb3fd724c0fbfdd41818d1b09d190db83bafaa
static_clutter,1,1,10001,10001030004,robot_4,5.0,4.0,-2.4669,5.000009739493765,4.0315600460315135,-2.3816030130244514,-5.0,-4.0,12.825995149031513,20.852319033204637,24,mrpp_rl.waypoints.build_scenario_waypoint_manager,bd4a04b010d8ca4424deff6cbffb3fd724c0fbfdd41818d1b09d190db83bafaa
static_clutter,1,2,10002,10002030008,robot_1,-5.0,-4.0,0.6747,-4.9718602579890545,-4.006856807362588,0.6444463170447539,5.0,4.0,12.7885790038796,20.662310562561768,24,mrpp_rl.waypoints.build_scenario_waypoint_manager,bd4a04b010d8ca4424deff6cbffb3fd724c0fbfdd41818d1b09d190db83bafaa
static_clutter,1,2,10002,10002030008,robot_2,-5.0,4.0,-0.6747,-5.034058655365779,3.9840324306523356,-0.619730431011567,5.0,-4.0,12.822913356684165,21.7503776456267,30,mrpp_rl.waypoints.build_scenario_waypoint_manager,bd4a04b010d8ca4424deff6cbffb3fd724c0fbfdd41818d1b09d190db83bafaa
static_clutter,1,2,10002,10002030008,robot_3,5.0,-4.0,2.4669,4.95515927122731,-3.9933720655714824,2.49184715957407,-5.0,4.0,12.76711373389309,22.185674931802915,26,mrpp_rl.waypoints.build_scenario_waypoint_manager,bd4a04b010d8ca4424deff6cbffb3fd724c0fbfdd41818d1b09d190db83bafaa
static_clutter,1,2,10002,10002030008,robot_4,5.0,4.0,-2.4669,4.956992140736318,4.001438949046243,-2.5922019790967523,-5.0,-4.0,12.773594550712772,21.102319033204637,25,mrpp_rl.waypoints.build_scenario_waypoint_manager,bd4a04b010d8ca4424deff6cbffb3fd724c0fbfdd41818d1b09d190db83bafaa
static_clutter,1,3,10003,10003030012,robot_1,-5.0,-4.0,0.6747,-4.961639674172267,-4.042306534258013,0.772972136837776,5.0,4.0,12.802849658924067,20.912310562561768,24,mrpp_rl.waypoints.build_scenario_waypoint_manager,bd4a04b010d8ca4424deff6cbffb3fd724c0fbfdd41818d1b09d190db83bafaa
static_clutter,1,3,10003,10003030012,robot_2,-5.0,4.0,-0.6747,-5.047204146146791,4.003604284325786,-0.5724970486438359,5.0,-4.0,12.845387993144751,21.7503776456267,30,mrpp_rl.waypoints.build_scenario_waypoint_manager,bd4a04b010d8ca4424deff6cbffb3fd724c0fbfdd41818d1b09d190db83bafaa
static_clutter,1,3,10003,10003030012,robot_3,5.0,-4.0,2.4669,4.956710452437314,-4.041132755291433,2.521555706478943,-5.0,4.0,12.798277189602327,22.185674931802915,26,mrpp_rl.waypoints.build_scenario_waypoint_manager,bd4a04b010d8ca4424deff6cbffb3fd724c0fbfdd41818d1b09d190db83bafaa
static_clutter,1,3,10003,10003030012,robot_4,5.0,4.0,-2.4669,5.01305675431676,3.987614815942678,-2.528249528248782,-5.0,-4.0,12.808719530578983,20.852319033204637,24,mrpp_rl.waypoints.build_scenario_waypoint_manager,bd4a04b010d8ca4424deff6cbffb3fd724c0fbfdd41818d1b09d190db83bafaa
static_clutter,1,4,10004,10004030016,robot_1,-5.0,-4.0,0.6747,-4.9925586099583334,-4.045250134701887,0.645012433460959,5.0,4.0,12.828767567594838,20.912310562561768,24,mrpp_rl.waypoints.build_scenario_waypoint_manager,bd4a04b010d8ca4424deff6cbffb3fd724c0fbfdd41818d1b09d190db83bafaa
static_clutter,1,4,10004,10004030016,robot_2,-5.0,4.0,-0.6747,-4.9540131917423995,4.043289203131644,-0.6310202563088376,5.0,-4.0,12.797534130706422,21.5003776456267,30,mrpp_rl.waypoints.build_scenario_waypoint_manager,bd4a04b010d8ca4424deff6cbffb3fd724c0fbfdd41818d1b09d190db83bafaa
static_clutter,1,4,10004,10004030016,robot_3,5.0,-4.0,2.4669,4.955735993294576,-3.981218897059104,2.412141362423478,-5.0,4.0,12.759958238605426,22.185674931802915,26,mrpp_rl.waypoints.build_scenario_waypoint_manager,bd4a04b010d8ca4424deff6cbffb3fd724c0fbfdd41818d1b09d190db83bafaa
static_clutter,1,4,10004,10004030016,robot_4,5.0,4.0,-2.4669,4.9665944149128105,4.010566245203558,-2.610591395746593,-5.0,-4.0,12.786796932780542,21.102319033204637,25,mrpp_rl.waypoints.build_scenario_waypoint_manager,bd4a04b010d8ca4424deff6cbffb3fd724c0fbfdd41818d1b09d190db83bafaa
static_clutter,1,5,10005,10005030020,robot_1,-5.0,-4.0,0.6747,-4.98246557873977,-4.031409799953933,0.7509265555062488,5.0,4.0,12.812227066576694,20.912310562561768,24,mrpp_rl.waypoints.build_scenario_waypoint_manager,bd4a04b010d8ca4424deff6cbffb3fd724c0fbfdd41818d1b09d190db83bafaa
static_clutter,1,5,10005,10005030020,robot_2,-5.0,4.0,-0.6747,-4.96093876514662,4.034880569000886,-0.6568525893015211,5.0,-4.0,12.797640674792705,21.5003776456267,30,mrpp_rl.waypoints.build_scenario_waypoint_manager,bd4a04b010d8ca4424deff6cbffb3fd724c0fbfdd41818d1b09d190db83bafaa
static_clutter,1,5,10005,10005030020,robot_3,5.0,-4.0,2.4669,4.9961703759565665,-4.046745816144734,2.5973469037606365,-5.0,4.0,12.832518864774539,21.935674931802915,26,mrpp_rl.waypoints.build_scenario_waypoint_manager,bd4a04b010d8ca4424deff6cbffb3fd724c0fbfdd41818d1b09d190db83bafaa
static_clutter,1,5,10005,10005030020,robot_4,5.0,4.0,-2.4669,4.98314502490733,4.046781629467328,-2.5804491150520694,-5.0,-4.0,12.8223975597649,20.852319033204637,24,mrpp_rl.waypoints.build_scenario_waypoint_manager,bd4a04b010d8ca4424deff6cbffb3fd724c0fbfdd41818d1b09d190db83bafaa
static_clutter,1,6,10006,10006030024,robot_1,-5.0,-4.0,0.6747,-5.0435236063133155,-3.965309814369724,0.6464840422918416,5.0,4.0,12.818678826987883,20.662310562561768,24,mrpp_rl.waypoints.build_scenario_waypoint_manager,bd4a04b010d8ca4424deff6cbffb3fd724c0fbfdd41818d1b09d190db83bafaa
static_clutter,1,6,10006,10006030024,robot_2,-5.0,4.0,-0.6747,-5.0446755983568385,3.9667879261663908,-0.5735140267017496,5.0,-4.0,12.820499901982602,22.0003776456267,31,mrpp_rl.waypoints.build_scenario_waypoint_manager,bd4a04b010d8ca4424deff6cbffb3fd724c0fbfdd41818d1b09d190db83bafaa
static_clutter,1,6,10006,10006030024,robot_3,5.0,-4.0,2.4669,4.980011833406633,-4.036078824333749,2.4802717011747855,-5.0,4.0,12.813243112726836,21.935674931802915,26,mrpp_rl.waypoints.build_scenario_waypoint_manager,bd4a04b010d8ca4424deff6cbffb3fd724c0fbfdd41818d1b09d190db83bafaa
static_clutter,1,6,10006,10006030024,robot_4,5.0,4.0,-2.4669,4.988051106761785,4.0495444041276745,-2.5038837531288705,-5.0,-4.0,12.827951123437774,20.852319033204637,24,mrpp_rl.waypoints.build_scenario_waypoint_manager,bd4a04b010d8ca4424deff6cbffb3fd724c0fbfdd41818d1b09d190db83bafaa
static_clutter,1,7,10007,10007030028,robot_1,-5.0,-4.0,0.6747,-4.966921923272986,-4.0099944169147195,0.5535699466265793,5.0,4.0,12.786693989598119,20.662310562561768,24,mrpp_rl.waypoints.build_scenario_waypoint_manager,bd4a04b010d8ca4424deff6cbffb3fd724c0fbfdd41818d1b09d190db83bafaa
static_clutter,1,7,10007,10007030028,robot_2,-5.0,4.0,-0.6747,-4.984851889782726,4.0413020053677435,-0.8153512355997878,5.0,-4.0,12.820288811194112,21.5003776456267,30,mrpp_rl.waypoints.build_scenario_waypoint_manager,bd4a04b010d8ca4424deff6cbffb3fd724c0fbfdd41818d1b09d190db83bafaa
static_clutter,1,7,10007,10007030028,robot_3,5.0,-4.0,2.4669,4.957088447828655,-4.004207644710771,2.4463226836793575,-5.0,4.0,12.775404117973302,22.185674931802915,26,mrpp_rl.waypoints.build_scenario_waypoint_manager,bd4a04b010d8ca4424deff6cbffb3fd724c0fbfdd41818d1b09d190db83bafaa
static_clutter,1,7,10007,10007030028,robot_4,5.0,4.0,-2.4669,5.02374302258245,4.022380038961839,-2.3215320232567,-5.0,-4.0,12.838769632340309,20.852319033204637,24,mrpp_rl.waypoints.build_scenario_waypoint_manager,bd4a04b010d8ca4424deff6cbffb3fd724c0fbfdd41818d1b09d190db83bafaa
static_clutter,1,8,10008,10008030032,robot_1,-5.0,-4.0,0.6747,-4.9854645758343334,-3.975477949092416,0.5935783286472767,5.0,4.0,12.779583377861021,20.662310562561768,24,mrpp_rl.waypoints.build_scenario_waypoint_manager,bd4a04b010d8ca4424deff6cbffb3fd724c0fbfdd41818d1b09d190db83bafaa
static_clutter,1,8,10008,10008030032,robot_2,-5.0,4.0,-0.6747,-4.972229834104915,3.9689640846256427,-0.7571744791336534,5.0,-4.0,12.765177493723522,22.0003776456267,31,mrpp_rl.waypoints.build_scenario_waypoint_manager,bd4a04b010d8ca4424deff6cbffb3fd724c0fbfdd41818d1b09d190db83bafaa
static_clutter,1,8,10008,10008030032,robot_3,5.0,-4.0,2.4669,5.047817800107054,-4.018880990409108,2.510446935235552,-5.0,4.0,12.855391665853388,21.435674931802915,25,mrpp_rl.waypoints.build_scenario_waypoint_manager,bd4a04b010d8ca4424deff6cbffb3fd724c0fbfdd41818d1b09d190db83bafaa
static_clutter,1,8,10008,10008030032,robot_4,5.0,4.0,-2.4669,4.978896135034893,4.016690663194527,-2.5157093100199184,-5.0,-4.0,12.800222547407708,20.852319033204637,24,mrpp_rl.waypoints.build_scenario_waypoint_manager,bd4a04b010d8ca4424deff6cbffb3fd724c0fbfdd41818d1b09d190db83bafaa
static_clutter,1,9,10009,10009030036,robot_1,-5.0,-4.0,0.6747,-4.983750895775676,-4.0258134279741284,0.699617088772396,5.0,4.0,12.809721430599163,20.912310562561768,24,mrpp_rl.waypoints.build_scenario_waypoint_manager,bd4a04b010d8ca4424deff6cbffb3fd724c0fbfdd41818d1b09d190db83bafaa
static_clutter,1,9,10009,10009030036,robot_2,-5.0,4.0,-0.6747,-5.018155849222405,4.008301878990239,-0.5726173480562318,5.0,-4.0,12.825612874414528,21.5003776456267,30,mrpp_rl.waypoints.build_scenario_waypoint_manager,bd4a04b010d8ca4424deff6cbffb3fd724c0fbfdd41818d1b09d190db83bafaa
static_clutter,1,9,10009,10009030036,robot_3,5.0,-4.0,2.4669,5.03629912944241,-4.010070101849145,2.4166960165884186,-5.0,4.0,12.840892618980352,21.435674931802915,25,mrpp_rl.waypoints.build_scenario_waypoint_manager,bd4a04b010d8ca4424deff6cbffb3fd724c0fbfdd41818d1b09d190db83bafaa
static_clutter,1,9,10009,10009030036,robot_4,5.0,4.0,-2.4669,4.9758955915917795,3.9661054442769985,-2.3303589836510543,-5.0,-4.0,12.766257431357083,20.602319033204637,24,mrpp_rl.waypoints.build_scenario_waypoint_manager,bd4a04b010d8ca4424deff6cbffb3fd724c0fbfdd41818d1b09d190db83bafaa
static_clutter,2,0,20000,20000060000,robot_1,-5.0,-4.0,0.6747,-5.016298346589759,-3.9614529276773305,0.7291536190223721,5.0,4.0,12.794958588737936,20.662310562561768,24,mrpp_rl.waypoints.build_scenario_waypoint_manager,bd4a04b010d8ca4424deff6cbffb3fd724c0fbfdd41818d1b09d190db83bafaa
static_clutter,2,0,20000,20000060000,robot_2,-5.0,4.0,-0.6747,-4.962132948771732,3.993750700451401,-0.5583871124757872,5.0,-4.0,12.772789168774791,21.5003776456267,30,mrpp_rl.waypoints.build_scenario_waypoint_manager,bd4a04b010d8ca4424deff6cbffb3fd724c0fbfdd41818d1b09d190db83bafaa
static_clutter,2,0,20000,20000060000,robot_3,5.0,-4.0,2.4669,5.013345919868375,-3.9564523308435775,2.5556170215074387,-5.0,4.0,12.78953596515256,21.435674931802915,25,mrpp_rl.waypoints.build_scenario_waypoint_manager,bd4a04b010d8ca4424deff6cbffb3fd724c0fbfdd41818d1b09d190db83bafaa
static_clutter,2,0,20000,20000060000,robot_4,5.0,4.0,-2.4669,5.032989375598604,3.984146413305517,-2.437459313496296,-5.0,-4.0,12.822147626664334,20.852319033204637,24,mrpp_rl.waypoints.build_scenario_waypoint_manager,bd4a04b010d8ca4424deff6cbffb3fd724c0fbfdd41818d1b09d190db83bafaa
static_clutter,2,1,20001,20001060004,robot_1,-5.0,-4.0,0.6747,-4.9629056909915645,-3.961737598353636,0.7375492459915087,5.0,4.0,12.753382115840099,20.662310562561768,24,mrpp_rl.waypoints.build_scenario_waypoint_manager,bd4a04b010d8ca4424deff6cbffb3fd724c0fbfdd41818d1b09d190db83bafaa
static_clutter,2,1,20001,20001060004,robot_2,-5.0,4.0,-0.6747,-4.954222803442506,3.974643240342625,-0.5515186473628392,5.0,-4.0,12.754665281038037,22.0003776456267,31,mrpp_rl.waypoints.build_scenario_waypoint_manager,bd4a04b010d8ca4424deff6cbffb3fd724c0fbfdd41818d1b09d190db83bafaa
static_clutter,2,1,20001,20001060004,robot_3,5.0,-4.0,2.4669,4.962944615797977,-3.9561630528216747,2.4599655333592003,-5.0,4.0,12.749933173963798,22.185674931802915,26,mrpp_rl.waypoints.build_scenario_waypoint_manager,bd4a04b010d8ca4424deff6cbffb3fd724c0fbfdd41818d1b09d190db83bafaa
static_clutter,2,1,20001,20001060004,robot_4,5.0,4.0,-2.4669,4.9900815746183484,3.9607599523258123,-2.5594349493172652,-5.0,-4.0,12.774013812662153,20.602319033204637,24,mrpp_rl.waypoints.build_scenario_waypoint_manager,bd4a04b010d8ca4424deff6cbffb3fd724c0fbfdd41818d1b09d190db83bafaa
static_clutter,2,2,20002,20002060008,robot_1,-5.0,-4.0,0.6747,-4.971914523739799,-4.022039868379797,0.6066925043078889,5.0,4.0,12.798132790319363,20.662310562561768,24,mrpp_rl.waypoints.build_scenario_waypoint_manager,bd4a04b010d8ca4424deff6cbffb3fd724c0fbfdd41818d1b09d190db83bafaa
static_clutter,2,2,20002,20002060008,robot_2,-5.0,4.0,-0.6747,-5.034581748061905,4.036669832247809,-0.7058232710197503,5.0,-4.0,12.856161668674643,21.7503776456267,30,mrpp_rl.waypoints.build_scenario_waypoint_manager,bd4a04b010d8ca4424deff6cbffb3fd724c0fbfdd41818d1b09d190db83bafaa
static_clutter,2,2,20002,20002060008,robot_3,5.0,-4.0,2.4669,4.95263135892323,-4.037488733365237,2.3283036174583285,-5.0,4.0,12.792814237125278,22.185674931802915,26,mrpp_rl.waypoints.build_scenario_waypoint_manager,bd4a04b010d8ca4424deff6cbffb3fd724c0fbfdd41818d1b09d190db83bafaa
static_clutter,2,2,20002,20002060008,robot_4,5.0,4.0,-2.4669,4.998664747829333,4.006829215151596,-2.571077151850172,-5.0,-4.0,12.809473479424913,20.852319033204637,24,mrpp_rl.waypoints.build_scenario_waypoint_manager,bd4a04b010d8ca4424deff6cbffb3fd724c0fbfdd41818d1b09d190db83bafaa
static_clutter,2,3,20003,20003060012,robot_1,-5.0,-4.0,0.6747,-4.956612079872335,-4.032774341001687,0.6753677165370718,5.0,4.0,12.792950704294721,20.912310562561768,24,mrpp_rl.waypoints.build_scenario_waypoint_manager,bd4a04b010d8ca4424deff6cbffb3fd724c0fbfdd41818d1b09d190db83bafaa
static_clutter,2,3,20003,20003060012,robot_2,-5.0,4.0,-0.6747,-4.981006033307604,3.9612970514690957,-0.668534516802479,5.0,-4.0,12.7672523347294,22.0003776456267,31,mrpp_rl.waypoints.build_scenario_waypoint_manager,bd4a04b010d8ca4424deff6cbffb3fd724c0fbfdd41818d1b09d190db83bafaa
static_clutter,2,3,20003,20003060012,robot_3,5.0,-4.0,2.4669,4.955459203134583,-3.9619538413630693,2.533896406443984,-5.0,4.0,12.747700848281356,22.185674931802915,26,mrpp_rl.waypoints.build_scenario_waypoint_manager,bd4a04b010d8ca4424deff6cbffb3fd724c0fbfdd41818d1b09d190db83bafaa
static_clutter,2,3,20003,20003060012,robot_4,5.0,4.0,-2.4669,4.966749262015733,4.0261404123301165,-2.3829491771371876,-5.0,-4.0,12.796680068296222,21.102319033204637,25,mrpp_rl.waypoints.build_scenario_waypoint_manager,bd4a04b010d8ca4424deff6cbffb3fd724c0fbfdd41818d1b09d190db83bafaa
static_clutter,2,4,20004,20004060016,robot_1,-5.0,-4.0,0.6747,-4.952027544880266,-3.971456823636236,0.6853071500408855,5.0,4.0,12.750959812702424,20.662310562561768,24,mrpp_rl.waypoints.build_scenario_waypoint_manager,bd4a04b010d8ca4424deff6cbffb3fd724c0fbfdd41818d1b09d190db83bafaa
static_clutter,2,4,20004,20004060016,robot_2,-5.0,4.0,-0.6747,-5.020835018008205,3.978121731877331,-0.7473259058249409,5.0,-4.0,12.808886010375486,21.5003776456267,30,mrpp_rl.waypoints.build_scenario_waypoint_manager,bd4a04b010d8ca4424deff6cbffb3fd724c0fbfdd41818d1b09d190db83bafaa
static_clutter,2,4,20004,20004060016,robot_3,5.0,-4.0,2.4669,5.032887391159777,-4.0341966780189145,2.481874337118104,-5.0,4.0,12.853293183646867,21.935674931802915,26,mrpp_rl.waypoints.build_scenario_waypoint_manager,bd4a04b010d8ca4424deff6cbffb3fd724c0fbfdd41818d1b09d190db83bafaa
static_clutter,2,4,20004,20004060016,robot_4,5.0,4.0,-2.4669,4.9558751639858,4.007456775287145,-2.3492139681716995,-5.0,-4.0,12.776494600983531,21.102319033204637,25,mrpp_rl.waypoints.build_scenario_waypoint_manager,bd4a04b010d8ca4424deff6cbffb3fd724c0fbfdd41818d1b09d190db83bafaa
static_clutter,2,5,20005,20005060020,robot_1,-5.0,-4.0,0.6747,-5.013892663157103,-4.023373011422002,0.756013219316616,5.0,4.0,12.831701397306853,20.662310562561768,24,mrpp_rl.waypoints.build_scenario_waypoint_manager,bd4a04b010d8ca4424deff6cbffb3fd724c0fbfdd41818d1b09d190db83bafaa
static_clutter,2,5,20005,20005060020,robot_2,-5.0,4.0,-0.6747,-5.049703727577291,4.0492912383119855,-0.6977437674590318,5.0,-4.0,12.875854707600851,21.7503776456267,30,mrpp_rl.waypoints.build_scenario_waypoint_manager,bd4a04b010d8ca4424deff6cbffb3fd724c0fbfdd41818d1b09d190db83bafaa
static_clutter,2,5,20005,20005060020,robot_3,5.0,-4.0,2.4669,5.026539346030656,-3.950606566272243,2.4208385607885123,-5.0,4.0,12.79623522873631,21.435674931802915,25,mrpp_rl.waypoints.build_scenario_waypoint_manager,bd4a04b010d8ca4424deff6cbffb3fd724c0fbfdd41818d1b09d190db83bafaa
static_clutter,2,5,20005,20005060020,robot_4,5.0,4.0,-2.4669,4.995831198689423,3.989539871722767,-2.363928480430816,-5.0,-4.0,12.796460007148097,20.852319033204637,24,mrpp_rl.waypoints.build_scenario_waypoint_manager,bd4a04b010d8ca4424deff6cbffb3fd724c0fbfdd41818d1b09d190db83bafaa
static_clutter,2,6,20006,20006060024,robot_1,-5.0,-4.0,0.6747,-5.022661236312006,-4.004663443999262,0.6294274179147934,5.0,4.0,12.826861467622134,20.662310562561768,24,mrpp_rl.waypoints.build_scenario_waypoint_manager,bd4a04b010d8ca4424deff6cbffb3fd724c0fbfdd41818d1b09d190db83bafaa
static_clutter,2,6,20006,20006060024,robot_2,-5.0,4.0,-0.6747,-4.9720065329273195,4.003899030690751,-0.5787585403773633,5.0,-4.0,12.786841439004297,21.5003776456267,30,mrpp_rl.waypoints.build_scenario_waypoint_manager,bd4a04b010d8ca4424deff6cbffb3fd724c0fbfdd41818d1b09d190db83bafaa
static_clutter,2,6,20006,20006060024,robot_3,5.0,-4.0,2.4669,4.9758877924604015,-3.974364110809963,2.4356191773770237,-5.0,4.0,12.771406352455255,21.435674931802915,25,mrpp_rl.waypoints.build_scenario_waypoint_manager,bd4a04b010d8ca4424deff6cbffb3fd724c0fbfdd41818d1b09d190db83bafaa
static_clutter,2,6,20006,20006060024,robot_4,5.0,4.0,-2.4669,5.0148018975653645,4.016724625210055,-2.484611692600078,-5.0,-4.0,12.828255172233211,20.852319033204637,24,mrpp_rl.waypoints.build_scenario_waypoint_manager,bd4a04b010d8ca4424deff6cbffb3fd724c0fbfdd41818d1b09d190db83bafaa
static_clutter,2,7,20007,20007060028,robot_1,-5.0,-4.0,0.6747,-4.981738913462269,-3.9886479380681026,0.6868329922931571,5.0,4.0,12.784897638030845,20.662310562561768,24,mrpp_rl.waypoints.build_scenario_waypoint_manager,bd4a04b010d8ca4424deff6cbffb3fd724c0fbfdd41818d1b09d190db83bafaa
static_clutter,2,7,20007,20007060028,robot_2,-5.0,4.0,-0.6747,-5.010828207445586,4.041048592974464,-0.6706194717234996,5.0,-4.0,12.84037164078847,21.5003776456267,30,mrpp_rl.waypoints.build_scenario_waypoint_manager,bd4a04b010d8ca4424deff6cbffb3fd724c0fbfdd41818d1b09d190db83bafaa
static_clutter,2,7,20007,20007060028,robot_3,5.0,-4.0,2.4669,4.979805057707476,-4.039161598309902,2.3888543778376263,-5.0,4.0,12.8150157313046,21.935674931802915,26,mrpp_rl.waypoints.build_scenario_waypoint_manager,bd4a04b010d8ca4424deff6cbffb3fd724c0fbfdd41818d1b09d190db83bafaa
static_clutter,2,7,20007,20007060028,robot_4,5.0,4.0,-2.4669,4.980390311888614,3.9903499745191096,-2.3745544242746344,-5.0,-4.0,12.784908427240989,20.852319033204637,24,mrpp_rl.waypoints.build_scenario_waypoint_manager,bd4a04b010d8ca4424deff6cbffb3fd724c0fbfdd41818d1b09d190db83bafaa
static_clutter,2,8,20008,20008060032,robot_1,-5.0,-4.0,0.6747,-4.992316202516834,-4.015777951425397,0.5419085723263544,5.0,4.0,12.810116285874924,20.662310562561768,24,mrpp_rl.waypoints.build_scenario_waypoint_manager,bd4a04b010d8ca4424deff6cbffb3fd724c0fbfdd41818d1b09d190db83bafaa
static_clutter,2,8,20008,20008060032,robot_2,-5.0,4.0,-0.6747,-5.00193339685309,4.017527104680522,-0.5579242527045893,5.0,-4.0,12.818713373399532,21.5003776456267,30,mrpp_rl.waypoints.build_scenario_waypoint_manager,bd4a04b010d8ca4424deff6cbffb3fd724c0fbfdd41818d1b09d190db83bafaa
static_clutter,2,8,20008,20008060032,robot_3,5.0,-4.0,2.4669,5.045612867301271,-4.0112448605575635,2.4759259663170305,-5.0,4.0,12.848905871532363,21.435674931802915,25,mrpp_rl.waypoints.build_scenario_waypoint_manager,bd4a04b010d8ca4424deff6cbffb3fd724c0fbfdd41818d1b09d190db83bafaa
static_clutter,2,8,20008,20008060032,robot_4,5.0,4.0,-2.4669,5.03447093828953,4.023906337715134,-2.5457378078009567,-5.0,-4.0,12.848100245865233,20.852319033204637,24,mrpp_rl.waypoints.build_scenario_waypoint_manager,bd4a04b010d8ca4424deff6cbffb3fd724c0fbfdd41818d1b09d190db83bafaa
static_clutter,2,9,20009,20009060036,robot_1,-5.0,-4.0,0.6747,-4.973897887808345,-3.989377334165899,0.8205483320676081,5.0,4.0,12.779232733779896,20.662310562561768,24,mrpp_rl.waypoints.build_scenario_waypoint_manager,bd4a04b010d8ca4424deff6cbffb3fd724c0fbfdd41818d1b09d190db83bafaa
static_clutter,2,9,20009,20009060036,robot_2,-5.0,4.0,-0.6747,-4.977498021346688,4.016003090840493,-0.5334221048136394,5.0,-4.0,12.798701977870309,21.5003776456267,30,mrpp_rl.waypoints.build_scenario_waypoint_manager,bd4a04b010d8ca4424deff6cbffb3fd724c0fbfdd41818d1b09d190db83bafaa
static_clutter,2,9,20009,20009060036,robot_3,5.0,-4.0,2.4669,4.989491326230583,-4.035923029862967,2.5573832098966527,-5.0,4.0,12.820530250294567,21.935674931802915,26,mrpp_rl.waypoints.build_scenario_waypoint_manager,bd4a04b010d8ca4424deff6cbffb3fd724c0fbfdd41818d1b09d190db83bafaa
static_clutter,2,9,20009,20009060036,robot_4,5.0,4.0,-2.4669,5.002276586851812,3.973329935904905,-2.349966618341115,-5.0,-4.0,12.791384881500566,20.602319033204637,24,mrpp_rl.waypoints.build_scenario_waypoint_manager,bd4a04b010d8ca4424deff6cbffb3fd724c0fbfdd41818d1b09d190db83bafaa
static_clutter,3,0,30000,30000090000,robot_1,-5.0,-4.0,0.6747,-4.98104681787771,-4.026419171577908,0.6491473904499515,5.0,4.0,12.807993609404251,20.912310562561768,24,mrpp_rl.waypoints.build_scenario_waypoint_manager,bd4a04b010d8ca4424deff6cbffb3fd724c0fbfdd41818d1b09d190db83bafaa
static_clutter,3,0,30000,30000090000,robot_2,-5.0,4.0,-0.6747,-4.968248234530901,4.0151021484965455,-0.7990672211449745,5.0,-4.0,12.790927852038818,21.5003776456267,30,mrpp_rl.waypoints.build_scenario_waypoint_manager,bd4a04b010d8ca4424deff6cbffb3fd724c0fbfdd41818d1b09d190db83bafaa
static_clutter,3,0,30000,30000090000,robot_3,5.0,-4.0,2.4669,5.030746555545539,-4.002576537489847,2.5032015066311644,-5.0,4.0,12.831878572522875,21.435674931802915,25,mrpp_rl.waypoints.build_scenario_waypoint_manager,bd4a04b010d8ca4424deff6cbffb3fd724c0fbfdd41818d1b09d190db83bafaa
static_clutter,3,0,30000,30000090000,robot_4,5.0,4.0,-2.4669,5.040951370489449,4.013993985958849,-2.5629904444008393,-5.0,-4.0,12.846976454851879,20.852319033204637,24,mrpp_rl.waypoints.build_scenario_waypoint_manager,bd4a04b010d8ca4424deff6cbffb3fd724c0fbfdd41818d1b09d190db83bafaa
static_clutter,3,1,30001,30001090004,robot_1,-5.0,-4.0,0.6747,-4.959329449184398,-3.9607860167131483,0.8082708146924665,5.0,4.0,12.749994395343364,20.662310562561768,24,mrpp_rl.waypoints.build_scenario_waypoint_manager,bd4a04b010d8ca4424deff6cbffb3fd724c0fbfdd41818d1b09d190db83bafaa
static_clutter,3,1,30001,30001090004,robot_2,-5.0,4.0,-0.6747,-5.032755697709633,4.007360661949042,-0.5944649866290972,5.0,-4.0,12.83643298040597,21.7503776456267,30,mrpp_rl.waypoints.build_scenario_waypoint_manager,bd4a04b010d8ca4424deff6cbffb3fd724c0fbfdd41818d1b09d190db83bafaa
static_clutter,3,1,30001,30001090004,robot_3,5.0,-4.0,2.4669,4.972467273498657,-3.970752460791896,2.5393814528278105,-5.0,4.0,12.766479479959298,22.185674931802915,26,mrpp_rl.waypoints.build_scenario_waypoint_manager,bd4a04b010d8ca4424deff6cbffb3fd724c0fbfdd41818d1b09d190db83bafaa
static_clutter,3,1,30001,30001090004,robot_4,5.0,4.0,-2.4669,4.971008787178805,3.9615155070453585,-2.495346599051354,-5.0,-4.0,12.759574656034607,20.602319033204637,24,mrpp_rl.waypoints.build_scenario_waypoint_manager,bd4a04b010d8ca4424deff6cbffb3fd724c0fbfdd41818d1b09d190db83bafaa
static_clutter,3,2,30002,30002090008,robot_1,-5.0,-4.0,0.6747,-4.964331419022425,-3.989856911182236,0.7494340615365169,5.0,4.0,12.772067729591948,20.662310562561768,24,mrpp_rl.waypoints.build_scenario_waypoint_manager,bd4a04b010d8ca4424deff6cbffb3fd724c0fbfdd41818d1b09d190db83bafaa
static_clutter,3,2,30002,30002090008,robot_2,-5.0,4.0,-0.6747,-4.966634344878999,3.9883438373849134,-0.6345570679481594,5.0,-4.0,12.772918125033417,21.5003776456267,30,mrpp_rl.waypoints.build_scenario_waypoint_manager,bd4a04b010d8ca4424deff6cbffb3fd724c0fbfdd41818d1b09d190db83bafaa
static_clutter,3,2,30002,30002090008,robot_3,5.0,-4.0,2.4669,4.967099257908586,-4.03662784989392,2.3239948579928935,-5.0,4.0,12.803532903643918,22.185674931802915,26,mrpp_rl.waypoints.build_scenario_waypoint_manager,bd4a04b010d8ca4424deff6cbffb3fd724c0fbfdd41818d1b09d190db83bafaa
static_clutter,3,2,30002,30002090008,robot_4,5.0,4.0,-2.4669,4.9563854171329,4.029211264884085,-2.5177636204468326,-5.0,-4.0,12.790537287801406,21.102319033204637,25,mrpp_rl.waypoints.build_scenario_waypoint_manager,bd4a04b010d8ca4424deff6cbffb3fd724c0fbfdd41818d1b09d190db83bafaa
static_clutter,3,3,30003,30003090012,robot_1,-5.0,-4.0,0.6747,-5.007902722001939,-4.033261070916966,0.7931536398076029,5.0,4.0,12.833214730789937,20.912310562561768,24,mrpp_rl.waypoints.build_scenario_waypoint_manager,bd4a04b010d8ca4424deff6cbffb3fd724c0fbfdd41818d1b09d190db83bafaa
static_clutter,3,3,30003,30003090012,robot_2,-5.0,4.0,-0.6747,-5.021944402873605,3.9509520789653108,-0.7770827345047358,5.0,-4.0,12.792849900483175,22.0003776456267,31,mrpp_rl.waypoints.build_scenario_waypoint_manager,bd4a04b010d8ca4424deff6cbffb3fd724c0fbfdd41818d1b09d190db83bafaa
static_clutter,3,3,30003,30003090012,robot_3,5.0,-4.0,2.4669,5.038857562195476,-4.046492337765174,2.5082776915915037,-5.0,4.0,12.865640290936279,21.935674931802915,26,mrpp_rl.waypoints.build_scenario_waypoint_manager,bd4a04b010d8ca4424deff6cbffb3fd724c0fbfdd41818d1b09d190db83bafaa
static_clutter,3,3,30003,30003090012,robot_4,5.0,4.0,-2.4669,5.002981720744458,3.9590811593069097,-2.5182767461472966,-5.0,-4.0,12.783059735680734,20.602319033204637,24,mrpp_rl.waypoints.build_scenario_waypoint_manager,bd4a04b010d8ca4424deff6cbffb3fd724c0fbfdd41818d1b09d190db83bafaa
static_clutter,3,4,30004,30004090016,robot_1,-5.0,-4.0,0.6747,-5.021229617034979,-3.9768300120405073,0.5614365780621005,5.0,4.0,12.80839022197283,20.662310562561768,24,mrpp_rl.waypoints.build_scenario_waypoint_manager,bd4a04b010d8ca4424deff6cbffb3fd724c0fbfdd41818d1b09d190db83bafaa
static_clutter,3,4,30004,30004090016,robot_2,-5.0,4.0,-0.6747,-4.995388291140061,3.9687981870769593,-0.5341400473869635,5.0,-4.0,12.78317377011753,22.0003776456267,31,mrpp_rl.waypoints.build_scenario_waypoint_manager,bd4a04b010d8ca4424deff6cbffb3fd724c0fbfdd41818d1b09d190db83bafaa
static_clutter,3,4,30004,30004090016,robot_3,5.0,-4.0,2.4669,4.9638139299635355,-4.025942127346823,2.3654879587970012,-5.0,4.0,12.794269618171091,22.185674931802915,26,mrpp_rl.waypoints.build_scenario_waypoint_manager,bd4a04b010d8ca4424deff6cbffb3fd724c0fbfdd41818d1b09d190db83bafaa
static_clutter,3,4,30004,30004090016,robot_4,5.0,4.0,-2.4669,4.951645117448804,4.026436450570006,-2.6059625293033037,-5.0,-4.0,12.785105499708692,21.102319033204637,25,mrpp_rl.waypoints.build_scenario_waypoint_manager,bd4a04b010d8ca4424deff6cbffb3fd724c0fbfdd41818d1b09d190db83bafaa
static_clutter,3,5,30005,30005090020,robot_1,-5.0,-4.0,0.6747,-5.031667599873383,-3.965263760233353,0.5967163664277753,5.0,4.0,12.809363044446675,20.662310562561768,24,mrpp_rl.waypoints.build_scenario_waypoint_manager,bd4a04b010d8ca4424deff6cbffb3fd724c0fbfdd41818d1b09d190db83bafaa
static_clutter,3,5,30005,30005090020,robot_2,-5.0,4.0,-0.6747,-4.996193492051663,4.020303747286757,-0.6689443394546315,5.0,-4.0,12.815972711007074,21.5003776456267,30,mrpp_rl.waypoints.build_scenario_waypoint_manager,bd4a04b010d8ca4424deff6cbffb3fd724c0fbfdd41818d1b09d190db83bafaa
static_clutter,3,5,30005,30005090020,robot_3,5.0,-4.0,2.4669,4.960436930361957,-3.9653039890804354,2.3334185912481966,-5.0,4.0,12.75368070331773,22.185674931802915,26,mrpp_rl.waypoints.build_scenario_waypoint_manager,bd4a04b010d8ca4424deff6cbffb3fd724c0fbfdd41818d1b09d190db83bafaa
static_clutter,3,5,30005,30005090020,robot_4,5.0,4.0,-2.4669,5.000772258940818,3.9596004828072213,-2.603634489449136,-5.0,-4.0,12.781654259958104,20.602319033204637,24,mrpp_rl.waypoints.build_scenario_waypoint_manager,bd4a04b010d8ca4424deff6cbffb3fd724c0fbfdd41818d1b09d190db83bafaa
static_clutter,3,6,30006,30006090024,robot_1,-5.0,-4.0,0.6747,-4.986843075392807,-4.0233117751225045,0.6457972789589199,5.0,4.0,12.81056464225292,20.662310562561768,24,mrpp_rl.waypoints.build_scenario_waypoint_manager,bd4a04b010d8ca4424deff6cbffb3fd724c0fbfdd41818d1b09d190db83bafaa
static_clutter,3,6,30006,30006090024,robot_2,-5.0,4.0,-0.6747,-5.001382004265329,4.026512610122052,-0.5704322995327145,5.0,-4.0,12.823905281765406,21.5003776456267,30,mrpp_rl.waypoints.build_scenario_waypoint_manager,bd4a04b010d8ca4424deff6cbffb3fd724c0fbfdd41818d1b09d190db83bafaa
static_clutter,3,6,30006,30006090024,robot_3,5.0,-4.0,2.4669,4.974851049569794,-3.997696982023238,2.4075577495438307,-5.0,4.0,12.785179329104743,22.185674931802915,26,mrpp_rl.waypoints.build_scenario_waypoint_manager,bd4a04b010d8ca4424deff6cbffb3fd724c0fbfdd41818d1b09d190db83bafaa
static_clutter,3,6,30006,30006090024,robot_4,5.0,4.0,-2.4669,4.998753660896807,4.018085092877386,-2.3753535454913806,-5.0,-4.0,12.816581577313032,20.852319033204637,24,mrpp_rl.waypoints.build_scenario_waypoint_manager,bd4a04b010d8ca4424deff6cbffb3fd724c0fbfdd41818d1b09d190db83bafaa
static_clutter,3,7,30007,30007090028,robot_1,-5.0,-4.0,0.6747,-4.990588987579756,-3.999097907739283,0.7854299825534243,5.0,4.0,12.798337222324971,20.662310562561768,24,mrpp_rl.waypoints.build_scenario_waypoint_manager,bd4a04b010d8ca4424deff6cbffb3fd724c0fbfdd41818d1b09d190db83bafaa
static_clutter,3,7,30007,30007090028,robot_2,-5.0,4.0,-0.6747,-4.96212237556182,3.9605116400544356,-0.7688076989943277,5.0,-4.0,12.752004854026351,22.0003776456267,31,mrpp_rl.waypoints.build_scenario_waypoint_manager,bd4a04b010d8ca4424deff6cbffb3fd724c0fbfdd41818d1b09d190db83bafaa
static_clutter,3,7,30007,30007090028,robot_3,5.0,-4.0,2.4669,5.047598196507652,-4.049303892140406,2.432868332600136,-5.0,4.0,12.874219303184582,21.935674931802915,26,mrpp_rl.waypoints.build_scenario_waypoint_manager,bd4a04b010d8ca4424deff6cbffb3fd724c0fbfdd41818d1b09d190db83bafaa
static_clutter,3,7,30007,30007090028,robot_4,5.0,4.0,-2.4669,4.991553398792169,4.024314784105864,-2.429077926309986,-5.0,-4.0,12.814865082213519,20.852319033204637,24,mrpp_rl.waypoints.build_scenario_waypoint_manager,bd4a04b010d8ca4424deff6cbffb3fd724c0fbfdd41818d1b09d190db83bafaa
static_clutter,3,8,30008,30008090032,robot_1,-5.0,-4.0,0.6747,-4.969790412880805,-3.9612694410266043,0.6577697272319685,5.0,4.0,12.758469029997057,20.662310562561768,24,mrpp_rl.waypoints.build_scenario_waypoint_manager,bd4a04b010d8ca4424deff6cbffb3fd724c0fbfdd41818d1b09d190db83bafaa
static_clutter,3,8,30008,30008090032,robot_2,-5.0,4.0,-0.6747,-4.954384698508129,3.9787658927296734,-0.5399772933046353,5.0,-4.0,12.757369630800822,21.5003776456267,30,mrpp_rl.waypoints.build_scenario_waypoint_manager,bd4a04b010d8ca4424deff6cbffb3fd724c0fbfdd41818d1b09d190db83bafaa
static_clutter,3,8,30008,30008090032,robot_3,5.0,-4.0,2.4669,5.015124320756398,-4.021911565169527,2.5150692272961033,-5.0,4.0,12.831748918974643,21.435674931802915,25,mrpp_rl.waypoints.build_scenario_waypoint_manager,bd4a04b010d8ca4424deff6cbffb3fd724c0fbfdd41818d1b09d190db83bafaa
static_clutter,3,8,30008,30008090032,robot_4,5.0,4.0,-2.4669,5.044313529703747,3.957176047001555,-2.588540332672461,-5.0,-4.0,12.81424539042253,20.602319033204637,24,mrpp_rl.waypoints.build_scenario_waypoint_manager,bd4a04b010d8ca4424deff6cbffb3fd724c0fbfdd41818d1b09d190db83bafaa
static_clutter,3,9,30009,30009090036,robot_1,-5.0,-4.0,0.6747,-4.97160730751435,-3.9674027428833964,0.8052930685072693,5.0,4.0,12.763716494915556,20.662310562561768,24,mrpp_rl.waypoints.build_scenario_waypoint_manager,bd4a04b010d8ca4424deff6cbffb3fd724c0fbfdd41818d1b09d190db83bafaa
static_clutter,3,9,30009,30009090036,robot_2,-5.0,4.0,-0.6747,-4.977269821407168,3.9542144473131797,-0.5814860882710637,5.0,-4.0,12.759915382282436,22.0003776456267,31,mrpp_rl.waypoints.build_scenario_waypoint_manager,bd4a04b010d8ca4424deff6cbffb3fd724c0fbfdd41818d1b09d190db83bafaa
static_clutter,3,9,30009,30009090036,robot_3,5.0,-4.0,2.4669,5.032631304627753,-4.0023860358321075,2.324904707801921,-5.0,4.0,12.833233153070877,21.435674931802915,25,mrpp_rl.waypoints.build_scenario_waypoint_manager,bd4a04b010d8ca4424deff6cbffb3fd724c0fbfdd41818d1b09d190db83bafaa
static_clutter,3,9,30009,30009090036,robot_4,5.0,4.0,-2.4669,4.99719862333597,3.9709829473351927,-2.33410065466501,-5.0,-4.0,12.785951253666623,20.602319033204637,24,mrpp_rl.waypoints.build_scenario_waypoint_manager,bd4a04b010d8ca4424deff6cbffb3fd724c0fbfdd41818d1b09d190db83bafaa
static_clutter,4,0,40000,40000120000,robot_1,-5.0,-4.0,0.6747,-5.002061673262535,-4.001610582080158,0.791132330576424,5.0,4.0,12.80886449389658,20.662310562561768,24,mrpp_rl.waypoints.build_scenario_waypoint_manager,bd4a04b010d8ca4424deff6cbffb3fd724c0fbfdd41818d1b09d190db83bafaa
static_clutter,4,0,40000,40000120000,robot_2,-5.0,4.0,-0.6747,-4.974439969953635,3.988369947186865,-0.5442859481042018,5.0,-4.0,12.77902606333233,21.5003776456267,30,mrpp_rl.waypoints.build_scenario_waypoint_manager,bd4a04b010d8ca4424deff6cbffb3fd724c0fbfdd41818d1b09d190db83bafaa
static_clutter,4,0,40000,40000120000,robot_3,5.0,-4.0,2.4669,5.023398937697559,-4.042999172471466,2.5495427973171365,-5.0,4.0,12.851395330959717,21.935674931802915,26,mrpp_rl.waypoints.build_scenario_waypoint_manager,bd4a04b010d8ca4424deff6cbffb3fd724c0fbfdd41818d1b09d190db83bafaa
static_clutter,4,0,40000,40000120000,robot_4,5.0,4.0,-2.4669,4.9914849949206905,4.008680648175904,-2.4968265705716117,-5.0,-4.0,12.80502784566252,20.852319033204637,24,mrpp_rl.waypoints.build_scenario_waypoint_manager,bd4a04b010d8ca4424deff6cbffb3fd724c0fbfdd41818d1b09d190db83bafaa
static_clutter,4,1,40001,40001120004,robot_1,-5.0,-4.0,0.6747,-4.95442828451015,-4.000690523318801,0.8096615409571305,5.0,4.0,12.771127253354694,20.662310562561768,24,mrpp_rl.waypoints.build_scenario_waypoint_manager,bd4a04b010d8ca4424deff6cbffb3fd724c0fbfdd41818d1b09d190db83bafaa
static_clutter,4,1,40001,40001120004,robot_2,-5.0,4.0,-0.6747,-4.952197085296486,4.0102015894844465,-0.6675484938035661,5.0,-4.0,12.775349557987171,21.5003776456267,30,mrpp_rl.waypoints.build_scenario_waypoint_manager,bd4a04b010d8ca4424deff6cbffb3fd724c0fbfdd41818d1b09d190db83bafaa
static_clutter,4,1,40001,40001120004,robot_3,5.0,-4.0,2.4669,5.004181129450941,-4.049599488098082,2.5543973495803205,-5.0,4.0,12.84054874176533,21.935674931802915,26,mrpp_rl.waypoints.build_scenario_waypoint_manager,bd4a04b010d8ca4424deff6cbffb3fd724c0fbfdd41818d1b09d190db83bafaa
static_clutter,4,1,40001,40001120004,robot_4,5.0,4.0,-2.4669,4.989194025553235,3.9804899664736224,-2.491334086361656,-5.0,-4.0,12.785625420179281,20.852319033204637,24,mrpp_rl.waypoints.build_scenario_waypoint_manager,bd4a04b010d8ca4424deff6cbffb3fd724c0fbfdd41818d1b09d190db83bafaa
static_clutter,4,2,40002,40002120008,robot_1,-5.0,-4.0,0.6747,-5.017984303367107,-4.030057253839272,0.5638781355109533,5.0,4.0,12.83907430473266,20.912310562561768,24,mrpp_rl.waypoints.build_scenario_waypoint_manager,bd4a04b010d8ca4424deff6cbffb3fd724c0fbfdd41818d1b09d190db83bafaa
static_clutter,4,2,40002,40002120008,robot_2,-5.0,4.0,-0.6747,-5.036486689765234,3.991555157351197,-0.8223103945638003,5.0,-4.0,12.829497999018558,21.7503776456267,30,mrpp_rl.waypoints.build_scenario_waypoint_manager,bd4a04b010d8ca4424deff6cbffb3fd724c0fbfdd41818d1b09d190db83bafaa
static_clutter,4,2,40002,40002120008,robot_3,5.0,-4.0,2.4669,4.963556588077908,-4.032076450831409,2.5930962377443034,-5.0,4.0,12.797918268055595,22.185674931802915,26,mrpp_rl.waypoints.build_scenario_waypoint_manager,bd4a04b010d8ca4424deff6cbffb3fd724c0fbfdd41818d1b09d190db83bafaa
static_clutter,4,2,40002,40002120008,robot_4,5.0,4.0,-2.4669,5.022079771535563,4.0056220287841855,-2.4181380597912625,-5.0,-4.0,12.827005379852965,20.852319033204637,24,mrpp_rl.waypoints.build_scenario_waypoint_manager,bd4a04b010d8ca4424deff6cbffb3fd724c0fbfdd41818d1b09d190db83bafaa
static_clutter,4,3,40003,40003120012,robot_1,-5.0,-4.0,0.6747,-4.9679353526026695,-3.9698767237657893,0.6322383856606361,5.0,4.0,12.762392807999989,20.662310562561768,24,mrpp_rl.waypoints.build_scenario_waypoint_manager,bd4a04b010d8ca4424deff6cbffb3fd724c0fbfdd41818d1b09d190db83bafaa
static_clutter,4,3,40003,40003120012,robot_2,-5.0,4.0,-0.6747,-4.9804760109537,3.9754356499601293,-0.5659112800785803,5.0,-4.0,12.775659482464192,21.5003776456267,30,mrpp_rl.waypoints.build_scenario_waypoint_manager,bd4a04b010d8ca4424deff6cbffb3fd724c0fbfdd41818d1b09d190db83bafaa
static_clutter,4,3,40003,40003120012,robot_3,5.0,-4.0,2.4669,5.0139261342726265,-3.9881933880478333,2.3698582370891947,-5.0,4.0,12.809759959793135,21.435674931802915,25,mrpp_rl.waypoints.build_scenario_waypoint_manager,bd4a04b010d8ca4424deff6cbffb3fd724c0fbfdd41818d1b09d190db83bafaa
static_clutter,4,3,40003,40003120012,robot_4,5.0,4.0,-2.4669,5.02068302479859,4.005756757254715,-2.5667898671446596,-5.0,-4.0,12.825998188827883,20.852319033204637,24,mrpp_rl.waypoints.build_scenario_waypoint_manager,bd4a04b010d8ca4424deff6cbffb3fd724c0fbfdd41818d1b09d190db83bafaa
static_clutter,4,4,40004,40004120016,robot_1,-5.0,-4.0,0.6747,-5.031711493227011,-3.9908731275664246,0.7847600267740008,5.0,4.0,12.82533776647641,20.662310562561768,24,mrpp_rl.waypoints.build_scenario_waypoint_manager,bd4a04b010d8ca4424deff6cbffb3fd724c0fbfdd41818d1b09d190db83bafaa
static_clutter,4,4,40004,40004120016,robot_2,-5.0,4.0,-0.6747,-5.026751427035598,4.037663363630066,-0.748215618979469,5.0,-4.0,12.85067222080625,21.7503776456267,30,mrpp_rl.waypoints.build_scenario_waypoint_manager,bd4a04b010d8ca4424deff6cbffb3fd724c0fbfdd41818d1b09d190db83bafaa
static_clutter,4,4,40004,40004120016,robot_3,5.0,-4.0,2.4669,4.992776897075589,-4.013664206745541,2.4877746416984357,-5.0,4.0,12.809153138798923,21.435674931802915,25,mrpp_rl.waypoints.build_scenario_waypoint_manager,bd4a04b010d8ca4424deff6cbffb3fd724c0fbfdd41818d1b09d190db83bafaa
static_clutter,4,4,40004,40004120016,robot_4,5.0,4.0,-2.4669,4.971281819383122,4.017291058994149,-2.326278134225363,-5.0,-4.0,12.794663615984124,21.102319033204637,25,mrpp_rl.waypoints.build_scenario_waypoint_manager,bd4a04b010d8ca4424deff6cbffb3fd724c0fbfdd41818d1b09d190db83bafaa
static_clutter,4,5,40005,40005120020,robot_1,-5.0,-4.0,0.6747,-4.992114999450829,-4.003962533667158,0.5762791415480888,5.0,4.0,12.802569211005963,20.662310562561768,24,mrpp_rl.waypoints.build_scenario_waypoint_manager,bd4a04b010d8ca4424deff6cbffb3fd724c0fbfdd41818d1b09d190db83bafaa
static_clutter,4,5,40005,40005120020,robot_2,-5.0,4.0,-0.6747,-5.042485542197352,3.997705599835,-0.5436851205255856,5.0,-4.0,12.83802207222261,21.7503776456267,30,mrpp_rl.waypoints.build_scenario_waypoint_manager,bd4a04b010d8ca4424deff6cbffb3fd724c0fbfdd41818d1b09d190db83bafaa
static_clutter,4,5,40005,40005120020,robot_3,5.0,-4.0,2.4669,5.03997349984699,-3.9594266563932874,2.382190138862182,-5.0,4.0,12.812241824760171,21.435674931802915,25,mrpp_rl.waypoints.build_scenario_waypoint_manager,bd4a04b010d8ca4424deff6cbffb3fd724c0fbfdd41818d1b09d190db83bafaa
static_clutter,4,5,40005,40005120020,robot_4,5.0,4.0,-2.4669,5.0038660687383985,4.030851766207294,-2.472790196895741,-5.0,-4.0,12.828558625662133,20.852319033204637,24,mrpp_rl.waypoints.build_scenario_waypoint_manager,bd4a04b010d8ca4424deff6cbffb3fd724c0fbfdd41818d1b09d190db83bafaa
static_clutter,4,6,40006,40006120024,robot_1,-5.0,-4.0,0.6747,-5.028138513878269,-4.004268456058602,0.6295334616193736,5.0,4.0,12.830895353410977,20.662310562561768,24,mrpp_rl.waypoints.build_scenario_waypoint_manager,bd4a04b010d8ca4424deff6cbffb3fd724c0fbfdd41818d1b09d190db83bafaa
static_clutter,4,6,40006,40006120024,robot_2,-5.0,4.0,-0.6747,-5.025498834366711,3.989213379705963,-0.572316465972344,5.0,-4.0,12.819444500615504,21.7503776456267,30,mrpp_rl.waypoints.build_scenario_waypoint_manager,bd4a04b010d8ca4424deff6cbffb3fd724c0fbfdd41818d1b09d190db83bafaa
static_clutter,4,6,40006,40006120024,robot_3,5.0,-4.0,2.4669,5.009819503141726,-4.033939339640246,2.488193920152511,-5.0,4.0,12.835134116887739,21.935674931802915,26,mrpp_rl.waypoints.build_scenario_waypoint_manager,bd4a04b010d8ca4424deff6cbffb3fd724c0fbfdd41818d1b09d190db83bafaa
static_clutter,4,6,40006,40006120024,robot_4,5.0,4.0,-2.4669,5.0212553630874925,4.013198878736941,-2.582654248948387,-5.0,-4.0,12.831091743199437,20.852319033204637,24,mrpp_rl.waypoints.build_scenario_waypoint_manager,bd4a04b010d8ca4424deff6cbffb3fd724c0fbfdd41818d1b09d190db83bafaa
static_clutter,4,7,40007,40007120028,robot_1,-5.0,-4.0,0.6747,-4.97825042373843,-4.033736341539049,0.5351293634238988,5.0,4.0,12.810402067234321,20.912310562561768,24,mrpp_rl.waypoints.build_scenario_waypoint_manager,bd4a04b010d8ca4424deff6cbffb3fd724c0fbfdd41818d1b09d190db83bafaa
static_clutter,4,7,40007,40007120028,robot_2,-5.0,4.0,-0.6747,-4.974797751009723,4.041632886908839,-0.6173198186448762,5.0,-4.0,12.812667546664997,21.5003776456267,30,mrpp_rl.waypoints.build_scenario_waypoint_manager,bd4a04b010d8ca4424deff6cbffb3fd724c0fbfdd41818d1b09d190db83bafaa
static_clutter,4,7,40007,40007120028,robot_3,5.0,-4.0,2.4669,5.02300098105945,-3.973123214953156,2.438203983117718,-5.0,4.0,12.807468230182874,21.435674931802915,25,mrpp_rl.waypoints.build_scenario_waypoint_manager,bd4a04b010d8ca4424deff6cbffb3fd724c0fbfdd41818d1b09d190db83bafaa
static_clutter,4,7,40007,40007120028,robot_4,5.0,4.0,-2.4669,4.997909644489981,3.9905797674440002,-2.556300254302028,-5.0,-4.0,12.798732838811473,20.852319033204637,24,mrpp_rl.waypoints.build_scenario_waypoint_manager,bd4a04b010d8ca4424deff6cbffb3fd724c0fbfdd41818d1b09d190db83bafaa
static_clutter,4,8,40008,40008120032,robot_1,-5.0,-4.0,0.6747,-4.99455165631974,-4.010571840085022,0.7444719784936802,5.0,4.0,12.808603515450338,20.662310562561768,24,mrpp_rl.waypoints.build_scenario_waypoint_manager,bd4a04b010d8ca4424deff6cbffb3fd724c0fbfdd41818d1b09d190db83bafaa
static_clutter,4,8,40008,40008120032,robot_2,-5.0,4.0,-0.6747,-4.959721459668653,3.9563234631527933,-0.6243631042001055,5.0,-4.0,12.747514840332604,22.0003776456267,31,mrpp_rl.waypoints.build_scenario_waypoint_manager,bd4a04b010d8ca4424deff6cbffb3fd724c0fbfdd41818d1b09d190db83bafaa
static_clutter,4,8,40008,40008120032,robot_3,5.0,-4.0,2.4669,4.951326742890502,-4.028059074237369,2.4054805729005047,-5.0,4.0,12.785876444077372,22.185674931802915,26,mrpp_rl.waypoints.build_scenario_waypoint_manager,bd4a04b010d8ca4424deff6cbffb3fd724c0fbfdd41818d1b09d190db83bafaa
static_clutter,4,8,40008,40008120032,robot_4,5.0,4.0,-2.4669,5.045531179938645,3.972070410978551,-2.5673873216541274,-5.0,-4.0,12.82445333434214,20.602319033204637,24,mrpp_rl.waypoints.build_scenario_waypoint_manager,bd4a04b010d8ca4424deff6cbffb3fd724c0fbfdd41818d1b09d190db83bafaa
static_clutter,4,9,40009,40009120036,robot_1,-5.0,-4.0,0.6747,-5.029387048794736,-3.9528029257176764,0.6327441447376804,5.0,4.0,12.799831207865017,20.662310562561768,24,mrpp_rl.waypoints.build_scenario_waypoint_manager,bd4a04b010d8ca4424deff6cbffb3fd724c0fbfdd41818d1b09d190db83bafaa
static_clutter,4,9,40009,40009120036,robot_2,-5.0,4.0,-0.6747,-5.033605170085629,4.004195048905049,-0.7188399756119498,5.0,-4.0,12.835122558436487,21.7503776456267,30,mrpp_rl.waypoints.build_scenario_waypoint_manager,bd4a04b010d8ca4424deff6cbffb3fd724c0fbfdd41818d1b09d190db83bafaa
static_clutter,4,9,40009,40009120036,robot_3,5.0,-4.0,2.4669,4.964862519672368,-3.96608903776156,2.415644062476645,-5.0,4.0,12.757627506457306,22.185674931802915,26,mrpp_rl.waypoints.build_scenario_waypoint_manager,bd4a04b010d8ca4424deff6cbffb3fd724c0fbfdd41818d1b09d190db83bafaa
static_clutter,4,9,40009,40009120036,robot_4,5.0,4.0,-2.4669,5.040021981921629,4.0162460086810094,-2.3818743245180856,-5.0,-4.0,12.84765509613189,20.852319033204637,24,mrpp_rl.waypoints.build_scenario_waypoint_manager,bd4a04b010d8ca4424deff6cbffb3fd724c0fbfdd41818d1b09d190db83bafaa
static_clutter,5,0,50000,50000150000,robot_1,-5.0,-4.0,0.6747,-4.979965738057214,-4.047152275588788,0.7950886735322737,5.0,4.0,12.820155064557904,20.912310562561768,24,mrpp_rl.waypoints.build_scenario_waypoint_manager,bd4a04b010d8ca4424deff6cbffb3fd724c0fbfdd41818d1b09d190db83bafaa
static_clutter,5,0,50000,50000150000,robot_2,-5.0,4.0,-0.6747,-5.0073275395864565,4.020146837703591,-0.5937491526868423,5.0,-4.0,12.824560802728975,21.5003776456267,30,mrpp_rl.waypoints.build_scenario_waypoint_manager,bd4a04b010d8ca4424deff6cbffb3fd724c0fbfdd41818d1b09d190db83bafaa
static_clutter,5,0,50000,50000150000,robot_3,5.0,-4.0,2.4669,4.988036219598582,-4.023937280013989,2.3233133666811816,-5.0,4.0,12.811886551074803,21.435674931802915,25,mrpp_rl.waypoints.build_scenario_waypoint_manager,bd4a04b010d8ca4424deff6cbffb3fd724c0fbfdd41818d1b09d190db83bafaa
static_clutter,5,0,50000,50000150000,robot_4,5.0,4.0,-2.4669,4.956030428513082,4.024598067198182,-2.5559689789437843,-5.0,-4.0,12.78736548447565,21.102319033204637,25,mrpp_rl.waypoints.build_scenario_waypoint_manager,bd4a04b010d8ca4424deff6cbffb3fd724c0fbfdd41818d1b09d190db83bafaa
static_clutter,5,1,50001,50001150004,robot_1,-5.0,-4.0,0.6747,-4.987908053338591,-3.9818882252538668,0.5309808238389914,5.0,4.0,12.785493612778202,20.662310562561768,24,mrpp_rl.waypoints.build_scenario_waypoint_manager,bd4a04b010d8ca4424deff6cbffb3fd724c0fbfdd41818d1b09d190db83bafaa
static_clutter,5,1,50001,50001150004,robot_2,-5.0,4.0,-0.6747,-4.9645386410867305,4.045747099801921,-0.7517563492590937,5.0,-4.0,12.807266559406093,21.5003776456267,30,mrpp_rl.waypoints.build_scenario_waypoint_manager,bd4a04b010d8ca4424deff6cbffb3fd724c0fbfdd41818d1b09d190db83bafaa
static_clutter,5,1,50001,50001150004,robot_3,5.0,-4.0,2.4669,5.0014767931672015,-4.03054292770878,2.5333688472120497,-5.0,4.0,12.82650216380271,21.935674931802915,26,mrpp_rl.waypoints.build_scenario_waypoint_manager,bd4a04b010d8ca4424deff6cbffb3fd724c0fbfdd41818d1b09d190db83bafaa
static_clutter,5,1,50001,50001150004,robot_4,5.0,4.0,-2.4669,5.005388510652417,3.951286157643988,-2.609904346679076,-5.0,-4.0,12.780091971884877,20.602319033204637,24,mrpp_rl.waypoints.build_scenario_waypoint_manager,bd4a04b010d8ca4424deff6cbffb3fd724c0fbfdd41818d1b09d190db83bafaa
static_clutter,5,2,50002,50002150008,robot_1,-5.0,-4.0,0.6747,-4.984735564260273,-4.014123459148089,0.7613396286586,5.0,4.0,12.803168322984417,20.662310562561768,24,mrpp_rl.waypoints.build_scenario_waypoint_manager,bd4a04b010d8ca4424deff6cbffb3fd724c0fbfdd41818d1b09d190db83bafaa
static_clutter,5,2,50002,50002150008,robot_2,-5.0,4.0,-0.6747,-5.012848843277668,3.991310765438222,-0.6950322545986338,5.0,-4.0,12.810862176611524,21.5003776456267,30,mrpp_rl.waypoints.build_scenario_waypoint_manager,bd4a04b010d8ca4424deff6cbffb3fd724c0fbfdd41818d1b09d190db83bafaa
static_clutter,5,2,50002,50002150008,robot_3,5.0,-4.0,2.4669,4.992193512061285,-3.9736482815495284,2.448833221454745,-5.0,4.0,12.783700485396917,21.435674931802915,25,mrpp_rl.waypoints.build_scenario_waypoint_manager,bd4a04b010d8ca4424deff6cbffb3fd724c0fbfdd41818d1b09d190db83bafaa
static_clutter,5,2,50002,50002150008,robot_4,5.0,4.0,-2.4669,4.960629817462089,4.030200248871425,-2.481095031240301,-5.0,-4.0,12.794462176953337,21.102319033204637,25,mrpp_rl.waypoints.build_scenario_waypoint_manager,bd4a04b010d8ca4424deff6cbffb3fd724c0fbfdd41818d1b09d190db83bafaa
static_clutter,5,3,50003,50003150012,robot_1,-5.0,-4.0,0.6747,-5.007724947121012,-3.981856076360417,0.6223133492283818,5.0,4.0,12.80096031713871,20.662310562561768,24,mrpp_rl.waypoints.build_scenario_waypoint_manager,bd4a04b010d8ca4424deff6cbffb3fd724c0fbfdd41818d1b09d190db83bafaa
static_clutter,5,3,50003,50003150012,robot_2,-5.0,4.0,-0.6747,-5.0244663344210005,4.005517142690395,-0.5915349445629036,5.0,-4.0,12.828804699263676,21.5003776456267,30,mrpp_rl.waypoints.build_scenario_waypoint_manager,bd4a04b010d8ca4424deff6cbffb3fd724c0fbfdd41818d1b09d190db83bafaa
static_clutter,5,3,50003,50003150012,robot_3,5.0,-4.0,2.4669,4.969240733470651,-3.9528219246062033,2.558242975996536,-5.0,4.0,12.752769791946672,22.185674931802915,26,mrpp_rl.waypoints.build_scenario_waypoint_manager,bd4a04b010d8ca4424deff6cbffb3fd724c0fbfdd41818d1b09d190db83bafaa
static_clutter,5,3,50003,50003150012,robot_4,5.0,4.0,-2.4669,4.986707698987444,4.045793782167888,-2.410346486957898,-5.0,-4.0,12.824551775800453,20.852319033204637,24,mrpp_rl.waypoints.build_scenario_waypoint_manager,bd4a04b010d8ca4424deff6cbffb3fd724c0fbfdd41818d1b09d190db83bafaa
static_clutter,5,4,50004,50004150016,robot_1,-5.0,-4.0,0.6747,-4.994332668593984,-3.993497581418274,0.6368947287345472,5.0,4.0,12.797761096170873,20.662310562561768,24,mrpp_rl.waypoints.build_scenario_waypoint_manager,bd4a04b010d8ca4424deff6cbffb3fd724c0fbfdd41818d1b09d190db83bafaa
static_clutter,5,4,50004,50004150016,robot_2,-5.0,4.0,-0.6747,-5.011438543440062,4.004268973091867,-0.5459512952866618,5.0,-4.0,12.817847849880197,21.5003776456267,30,mrpp_rl.waypoints.build_scenario_waypoint_manager,bd4a04b010d8ca4424deff6cbffb3fd724c0fbfdd41818d1b09d190db83bafaa
static_clutter,5,4,50004,50004150016,robot_3,5.0,-4.0,2.4669,4.987764966728158,-3.981032902262265,2.3877010519858604,-5.0,4.0,12.784847876200763,21.435674931802915,25,mrpp_rl.waypoints.build_scenario_waypoint_manager,bd4a04b010d8ca4424deff6cbffb3fd724c0fbfdd41818d1b09d190db83bafaa
static_clutter,5,4,50004,50004150016,robot_4,5.0,4.0,-2.4669,4.988271404409791,3.988193585497126,-2.5485753450752524,-5.0,-4.0,12.789714711733321,20.852319033204637,24,mrpp_rl.waypoints.build_scenario_waypoint_manager,bd4a04b010d8ca4424deff6cbffb3fd724c0fbfdd41818d1b09d190db83bafaa
static_clutter,5,5,50005,50005150020,robot_1,-5.0,-4.0,0.6747,-4.997314156589854,-4.00751760687483,0.6364849675058236,5.0,4.0,12.808849619304707,20.662310562561768,24,mrpp_rl.waypoints.build_scenario_waypoint_manager,bd4a04b010d8ca4424deff6cbffb3fd724c0fbfdd41818d1b09d190db83bafaa
static_clutter,5,5,50005,50005150020,robot_2,-5.0,4.0,-0.6747,-4.99941583512685,4.0222939953677255,-0.6485850705165647,5.0,-4.0,12.819731588137822,21.5003776456267,30,mrpp_rl.waypoints.build_scenario_waypoint_manager,bd4a04b010d8ca4424deff6cbffb3fd724c0fbfdd41818d1b09d190db83bafaa
static_clutter,5,5,50005,50005150020,robot_3,5.0,-4.0,2.4669,5.001656358948757,-3.9736552525348765,2.3408753519259595,-5.0,4.0,12.79110268932187,21.435674931802915,25,mrpp_rl.waypoints.build_scenario_waypoint_manager,bd4a04b010d8ca4424deff6cbffb3fd724c0fbfdd41818d1b09d190db83bafaa
static_clutter,5,5,50005,50005150020,robot_4,5.0,4.0,-2.4669,5.026773663024992,3.993485284481435,-2.573675373811962,-5.0,-4.0,12.82310403462254,20.852319033204637,24,mrpp_rl.waypoints.build_scenario_waypoint_manager,bd4a04b010d8ca4424deff6cbffb3fd724c0fbfdd41818d1b09d190db83bafaa
static_clutter,5,6,50006,50006150024,robot_1,-5.0,-4.0,0.6747,-4.959000450334371,-4.004345115012585,0.5592239097341389,5.0,4.0,12.776980499710644,20.662310562561768,24,mrpp_rl.waypoints.build_scenario_waypoint_manager,bd4a04b010d8ca4424deff6cbffb3fd724c0fbfdd41818d1b09d190db83bafaa
static_clutter,5,6,50006,50006150024,robot_2,-5.0,4.0,-0.6747,-5.0130968561094695,3.993978726211836,-0.5455186450222599,5.0,-4.0,12.812720418590143,21.5003776456267,30,mrpp_rl.waypoints.build_scenario_waypoint_manager,bd4a04b010d8ca4424deff6cbffb3fd724c0fbfdd41818d1b09d190db83bafaa
static_clutter,5,6,50006,50006150024,robot_3,5.0,-4.0,2.4669,4.954975766555254,-3.964525504400116,2.398355515522205,-5.0,4.0,12.748929720684098,22.185674931802915,26,mrpp_rl.waypoints.build_scenario_waypoint_manager,bd4a04b010d8ca4424deff6cbffb3fd724c0fbfdd41818d1b09d190db83bafaa
static_clutter,5,6,50006,50006150024,robot_4,5.0,4.0,-2.4669,5.013518978758719,4.035029143217529,-2.394855166835857,-5.0,-4.0,12.838701479133942,20.852319033204637,24,mrpp_rl.waypoints.build_scenario_waypoint_manager,bd4a04b010d8ca4424deff6cbffb3fd724c0fbfdd41818d1b09d190db83bafaa
static_clutter,5,7,50007,50007150028,robot_1,-5.0,-4.0,0.6747,-4.985235860855664,-3.9531951738453,0.7561551313702686,5.0,4.0,12.76551012181629,20.662310562561768,24,mrpp_rl.waypoints.build_scenario_waypoint_manager,bd4a04b010d8ca4424deff6cbffb3fd724c0fbfdd41818d1b09d190db83bafaa
static_clutter,5,7,50007,50007150028,robot_2,-5.0,4.0,-0.6747,-5.006677146785006,4.0447685396765385,-0.64506530430924,5.0,-4.0,12.839466047190541,21.5003776456267,30,mrpp_rl.waypoints.build_scenario_waypoint_manager,bd4a04b010d8ca4424deff6cbffb3fd724c0fbfdd41818d1b09d190db83bafaa
static_clutter,5,7,50007,50007150028,robot_3,5.0,-4.0,2.4669,5.030735529128398,-3.990209817612189,2.3791851059232325,-5.0,4.0,12.824161110372287,21.435674931802915,25,mrpp_rl.waypoints.build_scenario_waypoint_manager,bd4a04b010d8ca4424deff6cbffb3fd724c0fbfdd41818d1b09d190db83bafaa
static_clutter,5,7,50007,50007150028,robot_4,5.0,4.0,-2.4669,5.001841598585545,4.016658633713477,-2.46334107156599,-5.0,-4.0,12.818098572436128,20.852319033204637,24,mrpp_rl.waypoints.build_scenario_waypoint_manager,bd4a04b010d8ca4424deff6cbffb3fd724c0fbfdd41818d1b09d190db83bafaa
static_clutter,5,8,50008,50008150032,robot_1,-5.0,-4.0,0.6747,-4.967592319841376,-4.000710515951062,0.7500139206849358,5.0,4.0,12.781403108211974,20.662310562561768,24,mrpp_rl.waypoints.build_scenario_waypoint_manager,bd4a04b010d8ca4424deff6cbffb3fd724c0fbfdd41818d1b09d190db83bafaa
static_clutter,5,8,50008,50008150032,robot_2,-5.0,4.0,-0.6747,-5.04664876194312,3.9582719430065842,-0.655964767551415,5.0,-4.0,12.816756362851681,22.0003776456267,31,mrpp_rl.waypoints.build_scenario_waypoint_manager,bd4a04b010d8ca4424deff6cbffb3fd724c0fbfdd41818d1b09d190db83bafaa
static_clutter,5,8,50008,50008150032,robot_3,5.0,-4.0,2.4669,5.01095433295043,-4.0013214531813555,2.469657813526017,-5.0,4.0,12.81562919460294,21.435674931802915,25,mrpp_rl.waypoints.build_scenario_waypoint_manager,bd4a04b010d8ca4424deff6cbffb3fd724c0fbfdd41818d1b09d190db83bafaa
static_clutter,5,8,50008,50008150032,robot_4,5.0,4.0,-2.4669,4.968246546166858,3.9875595818299665,-2.4026651923972318,-5.0,-4.0,12.773685735857573,21.102319033204637,25,mrpp_rl.waypoints.build_scenario_waypoint_manager,bd4a04b010d8ca4424deff6cbffb3fd724c0fbfdd41818d1b09d190db83bafaa
static_clutter,5,9,50009,50009150036,robot_1,-5.0,-4.0,0.6747,-4.992469656112073,-4.001016130614307,0.5902959826890544,5.0,4.0,12.801004216492972,20.662310562561768,24,mrpp_rl.waypoints.build_scenario_waypoint_manager,bd4a04b010d8ca4424deff6cbffb3fd724c0fbfdd41818d1b09d190db83bafaa
static_clutter,5,9,50009,50009150036,robot_2,-5.0,4.0,-0.6747,-5.025736207829855,4.011819789415643,-0.5999445530160217,5.0,-4.0,12.83373066754413,21.7503776456267,30,mrpp_rl.waypoints.build_scenario_waypoint_manager,bd4a04b010d8ca4424deff6cbffb3fd724c0fbfdd41818d1b09d190db83bafaa
static_clutter,5,9,50009,50009150036,robot_3,5.0,-4.0,2.4669,5.008461171582127,-4.006531773501725,2.3627905522487898,-5.0,4.0,12.816935907741746,21.435674931802915,25,mrpp_rl.waypoints.build_scenario_waypoint_manager,bd4a04b010d8ca4424deff6cbffb3fd724c0fbfdd41818d1b09d190db83bafaa
static_clutter,5,9,50009,50009150036,robot_4,5.0,4.0,-2.4669,5.029421976344815,4.030759741564379,-2.538178533898681,-5.0,-4.0,12.848439874409635,20.852319033204637,24,mrpp_rl.waypoints.build_scenario_waypoint_manager,bd4a04b010d8ca4424deff6cbffb3fd724c0fbfdd41818d1b09d190db83bafaa
static_clutter,6,0,60000,60000180000,robot_1,-5.0,-4.0,0.6747,-4.986371315019249,-4.039784638761598,0.7929304654072312,5.0,4.0,12.82052062433918,20.912310562561768,24,mrpp_rl.waypoints.build_scenario_waypoint_manager,bd4a04b010d8ca4424deff6cbffb3fd724c0fbfdd41818d1b09d190db83bafaa
static_clutter,6,0,60000,60000180000,robot_2,-5.0,4.0,-0.6747,-4.977607213414057,3.992980369069601,-0.7567250760792668,5.0,-4.0,12.7843803481242,21.5003776456267,30,mrpp_rl.waypoints.build_scenario_waypoint_manager,bd4a04b010d8ca4424deff6cbffb3fd724c0fbfdd41818d1b09d190db83bafaa
static_clutter,6,0,60000,60000180000,robot_3,5.0,-4.0,2.4669,4.996505147448217,-4.001691114364822,2.3767235029736837,-5.0,4.0,12.804576363654663,21.435674931802915,25,mrpp_rl.waypoints.build_scenario_waypoint_manager,bd4a04b010d8ca4424deff6cbffb3fd724c0fbfdd41818d1b09d190db83bafaa
static_clutter,6,0,60000,60000180000,robot_4,5.0,4.0,-2.4669,5.0248875949436815,3.979529705993865,-2.458744484583553,-5.0,-4.0,12.812933529059388,20.852319033204637,24,mrpp_rl.waypoints.build_scenario_waypoint_manager,bd4a04b010d8ca4424deff6cbffb3fd724c0fbfdd41818d1b09d190db83bafaa
static_clutter,6,1,60001,60001180004,robot_1,-5.0,-4.0,0.6747,-4.982954957027006,-4.049164306269873,0.7684953787463049,5.0,4.0,12.823744995256224,20.912310562561768,24,mrpp_rl.waypoints.build_scenario_waypoint_manager,bd4a04b010d8ca4424deff6cbffb3fd724c0fbfdd41818d1b09d190db83bafaa
static_clutter,6,1,60001,60001180004,robot_2,-5.0,4.0,-0.6747,-5.013867944574082,4.031055893118208,-0.6408684340450653,5.0,-4.0,12.836487446718321,21.5003776456267,30,mrpp_rl.waypoints.build_scenario_waypoint_manager,bd4a04b010d8ca4424deff6cbffb3fd724c0fbfdd41818d1b09d190db83bafaa
static_clutter,6,1,60001,60001180004,robot_3,5.0,-4.0,2.4669,5.02795600114468,-3.9892566564534975,2.4041053677846365,-5.0,4.0,12.821393195888664,21.435674931802915,25,mrpp_rl.waypoints.build_scenario_waypoint_manager,bd4a04b010d8ca4424deff6cbffb3fd724c0fbfdd41818d1b09d190db83bafaa
static_clutter,6,1,60001,60001180004,robot_4,5.0,4.0,-2.4669,4.954745096009681,3.968407635680758,-2.4383839095993447,-5.0,-4.0,12.75117524681173,20.602319033204637,24,mrpp_rl.waypoints.build_scenario_waypoint_manager,bd4a04b010d8ca4424deff6cbffb3fd724c0fbfdd41818d1b09d190db83bafaa
static_clutter,6,2,60002,60002180008,robot_1,-5.0,-4.0,0.6747,-5.0428792781460015,-3.9603950092187503,0.8209099174020049,5.0,4.0,12.815120479270147,20.662310562561768,24,mrpp_rl.waypoints.build_scenario_waypoint_manager,bd4a04b010d8ca4424deff6cbffb3fd724c0fbfdd41818d1b09d190db83bafaa
static_clutter,6,2,60002,60002180008,robot_2,-5.0,4.0,-0.6747,-5.0165480635458914,3.9893127635496377,-0.766216206370824,5.0,-4.0,12.812507699242255,21.5003776456267,30,mrpp_rl.waypoints.build_scenario_waypoint_manager,bd4a04b010d8ca4424deff6cbffb3fd724c0fbfdd41818d1b09d190db83bafaa
static_clutter,6,2,60002,60002180008,robot_3,5.0,-4.0,2.4669,4.957449985984923,-3.983364058073144,2.52191074078957,-5.0,4.0,12.762637341361904,22.185674931802915,26,mrpp_rl.waypoints.build_scenario_waypoint_manager,bd4a04b010d8ca4424deff6cbffb3fd724c0fbfdd41818d1b09d190db83bafaa
static_clutter,6,2,60002,60002180008,robot_4,5.0,4.0,-2.4669,4.957971070281717,3.967455005181363,-2.38524772798271,-5.0,-4.0,12.753098725257214,20.602319033204637,24,mrpp_rl.waypoints.build_scenario_waypoint_manager,bd4a04b010d8ca4424deff6cbffb3fd724c0fbfdd41818d1b09d190db83bafaa
static_clutter,6,3,60003,60003180012,robot_1,-5.0,-4.0,0.6747,-4.985194155359991,-4.020590100728688,0.6841195852897798,5.0,4.0,12.807574629263042,20.662310562561768,24,mrpp_rl.waypoints.build_scenario_waypoint_manager,bd4a04b010d8ca4424deff6cbffb3fd724c0fbfdd41818d1b09d190db83bafaa
static_clutter,6,3,60003,60003180012,robot_2,-5.0,4.0,-0.6747,-5.003711851379048,4.02281317262932,-0.7291250857306645,5.0,-4.0,12.823407581775452,21.5003776456267,30,mrpp_rl.waypoints.build_scenario_waypoint_manager,bd4a04b010d8ca4424deff6cbffb3fd724c0fbfdd41818d1b09d190db83bafaa
static_clutter,6,3,60003,60003180012,robot_3,5.0,-4.0,2.4669,5.033679143227255,-4.048946815291652,2.4594282869104567,-5.0,4.0,12.863135775720757,21.935674931802915,26,mrpp_rl.waypoints.build_scenario_waypoint_manager,bd4a04b010d8ca4424deff6cbffb3fd724c0fbfdd41818d1b09d190db83bafaa
static_clutter,6,3,60003,60003180012,robot_4,5.0,4.0,-2.4669,4.9549303377667435,3.983935629937925,-2.427102722238361,-5.0,-4.0,12.761029197238793,21.102319033204637,25,mrpp_rl.waypoints.build_scenario_waypoint_manager,bd4a04b010d8ca4424deff6cbffb3fd724c0fbfdd41818d1b09d190db83bafaa
static_clutter,6,4,60004,60004180016,robot_1,-5.0,-4.0,0.6747,-4.9531892263449695,-3.988890283985779,0.6289830756272956,5.0,4.0,12.762771789270227,20.662310562561768,24,mrpp_rl.waypoints.build_scenario_waypoint_manager,bd4a04b010d8ca4424deff6cbffb3fd724c0fbfdd41818d1b09d190db83bafaa
static_clutter,6,4,60004,60004180016,robot_2,-5.0,4.0,-0.6747,-5.049200816926011,4.049526600072094,-0.8052719396372561,5.0,-4.0,12.875609327102723,21.7503776456267,30,mrpp_rl.waypoints.build_scenario_waypoint_manager,bd4a04b010d8ca4424deff6cbffb3fd724c0fbfdd41818d1b09d190db83bafaa
static_clutter,6,4,60004,60004180016,robot_3,5.0,-4.0,2.4669,5.034589223621446,-3.985689791802117,2.377870419593102,-5.0,4.0,12.824360504045112,21.435674931802915,25,mrpp_rl.waypoints.build_scenario_waypoint_manager,bd4a04b010d8ca4424deff6cbffb3fd724c0fbfdd41818d1b09d190db83bafaa
static_clutter,6,4,60004,60004180016,robot_4,5.0,4.0,-2.4669,5.013807425432922,3.958186320816539,-2.5026454776981923,-5.0,-4.0,12.790976064026037,20.602319033204637,24,mrpp_rl.waypoints.build_scenario_waypoint_manager,bd4a04b010d8ca4424deff6cbffb3fd724c0fbfdd41818d1b09d190db83bafaa
static_clutter,6,5,60005,60005180020,robot_1,-5.0,-4.0,0.6747,-4.962418890950115,-4.023438306047291,0.6352291920132072,5.0,4.0,12.791612580503942,20.662310562561768,24,mrpp_rl.waypoints.build_scenario_waypoint_manager,bd4a04b010d8ca4424deff6cbffb3fd724c0fbfdd41818d1b09d190db83bafaa
static_clutter,6,5,60005,60005180020,robot_2,-5.0,4.0,-0.6747,-4.959358049532842,3.9538224515792613,-0.7964088927684203,5.0,-4.0,12.745670023582164,22.0003776456267,31,mrpp_rl.waypoints.build_scenario_waypoint_manager,bd4a04b010d8ca4424deff6cbffb3fd724c0fbfdd41818d1b09d190db83bafaa
static_clutter,6,5,60005,60005180020,robot_3,5.0,-4.0,2.4669,5.01720991000519,-4.023718046418942,2.403299473096099,-5.0,4.0,12.834506054754705,21.435674931802915,25,mrpp_rl.waypoints.build_scenario_waypoint_manager,bd4a04b010d8ca4424deff6cbffb3fd724c0fbfdd41818d1b09d190db83bafaa
static_clutter,6,5,60005,60005180020,robot_4,5.0,4.0,-2.4669,4.978659456315776,3.9788479489980526,-2.3935475550131913,-5.0,-4.0,12.776371125572028,20.852319033204637,24,mrpp_rl.waypoints.build_scenario_waypoint_manager,bd4a04b010d8ca4424deff6cbffb3fd724c0fbfdd41818d1b09d190db83bafaa
static_clutter,6,6,60006,60006180024,robot_1,-5.0,-4.0,0.6747,-4.965711175865965,-4.009278341901395,0.7573688777767362,5.0,4.0,12.785301670231743,20.662310562561768,24,mrpp_rl.waypoints.build_scenario_waypoint_manager,bd4a04b010d8ca4424deff6cbffb3fd724c0fbfdd41818d1b09d190db83bafaa
static_clutter,6,6,60006,60006180024,robot_2,-5.0,4.0,-0.6747,-4.984706860921301,4.002241517754487,-0.5885931147288977,5.0,-4.0,12.795711797590728,21.5003776456267,30,mrpp_rl.waypoints.build_scenario_waypoint_manager,bd4a04b010d8ca4424deff6cbffb3fd724c0fbfdd41818d1b09d190db83bafaa
static_clutter,6,6,60006,60006180024,robot_3,5.0,-4.0,2.4669,4.996815381234857,-4.0137229453264,2.494663039530235,-5.0,4.0,12.812340660899734,21.435674931802915,25,mrpp_rl.waypoints.build_scenario_waypoint_manager,bd4a04b010d8ca4424deff6cbffb3fd724c0fbfdd41818d1b09d190db83bafaa
static_clutter,6,6,60006,60006180024,robot_4,5.0,4.0,-2.4669,4.9732387823127215,3.9838666031296026,-2.500928501919869,-5.0,-4.0,12.775273685741325,21.102319033204637,25,mrpp_rl.waypoints.build_scenario_waypoint_manager,bd4a04b010d8ca4424deff6cbffb3fd724c0fbfdd41818d1b09d190db83bafaa
static_clutter,6,7,60007,60007180028,robot_1,-5.0,-4.0,0.6747,-4.954844930150031,-3.988822773233508,0.67428135266379,5.0,4.0,12.764020796185976,20.662310562561768,24,mrpp_rl.waypoints.build_scenario_waypoint_manager,bd4a04b010d8ca4424deff6cbffb3fd724c0fbfdd41818d1b09d190db83bafaa
static_clutter,6,7,60007,60007180028,robot_2,-5.0,4.0,-0.6747,-5.04633001887563,3.9864066217605694,-0.7574447687459719,5.0,-4.0,12.833995386326997,21.7503776456267,30,mrpp_rl.waypoints.build_scenario_waypoint_manager,bd4a04b010d8ca4424deff6cbffb3fd724c0fbfdd41818d1b09d190db83bafaa
static_clutter,6,7,60007,60007180028,robot_3,5.0,-4.0,2.4669,5.032734186222409,-4.029247757433784,2.439709949398824,-5.0,4.0,12.85008073132816,21.935674931802915,26,mrpp_rl.waypoints.build_scenario_waypoint_manager,bd4a04b010d8ca4424deff6cbffb3fd724c0fbfdd41818d1b09d190db83bafaa
static_clutter,6,7,60007,60007180028,robot_4,5.0,4.0,-2.4669,4.988392969789451,3.9965136032201913,-2.6036706214439302,-5.0,-4.0,12.795007773558597,20.852319033204637,24,mrpp_rl.waypoints.build_scenario_waypoint_manager,bd4a04b010d8ca4424deff6cbffb3fd724c0fbfdd41818d1b09d190db83bafaa
static_clutter,6,8,60008,60008180032,robot_1,-5.0,-4.0,0.6747,-5.047665922620448,-4.044671879303305,0.7589111423042881,5.0,4.0,12.871376621723163,20.912310562561768,24,mrpp_rl.waypoints.build_scenario_waypoint_manager,bd4a04b010d8ca4424deff6cbffb3fd724c0fbfdd41818d1b09d190db83bafaa
static_clutter,6,8,60008,60008180032,robot_2,-5.0,4.0,-0.6747,-5.019453751223077,3.9990303682641395,-0.740296503078334,5.0,-4.0,12.820840077986704,21.5003776456267,30,mrpp_rl.waypoints.build_scenario_waypoint_manager,bd4a04b010d8ca4424deff6cbffb3fd724c0fbfdd41818d1b09d190db83bafaa
static_clutter,6,8,60008,60008180032,robot_3,5.0,-4.0,2.4669,4.972656430132565,-3.9915260749277626,2.4933801833205185,-5.0,4.0,12.77960739927932,22.185674931802915,26,mrpp_rl.waypoints.build_scenario_waypoint_manager,bd4a04b010d8ca4424deff6cbffb3fd724c0fbfdd41818d1b09d190db83bafaa
static_clutter,6,8,60008,60008180032,robot_4,5.0,4.0,-2.4669,5.005415942766516,3.962635796570865,-2.6061974041425495,-5.0,-4.0,12.787177836277952,20.602319033204637,24,mrpp_rl.waypoints.build_scenario_waypoint_manager,bd4a04b010d8ca4424deff6cbffb3fd724c0fbfdd41818d1b09d190db83bafaa
static_clutter,6,9,60009,60009180036,robot_1,-5.0,-4.0,0.6747,-5.0364489859704795,-3.9575996889756593,0.7623561551192045,5.0,4.0,12.808344977317459,20.662310562561768,24,mrpp_rl.waypoints.build_scenario_waypoint_manager,bd4a04b010d8ca4424deff6cbffb3fd724c0fbfdd41818d1b09d190db83bafaa
static_clutter,6,9,60009,60009180036,robot_2,-5.0,4.0,-0.6747,-5.032972776876734,4.00686643265577,-0.5604991388916959,5.0,-4.0,12.836294356703547,21.7503776456267,30,mrpp_rl.waypoints.build_scenario_waypoint_manager,bd4a04b010d8ca4424deff6cbffb3fd724c0fbfdd41818d1b09d190db83bafaa
static_clutter,6,9,60009,60009180036,robot_3,5.0,-4.0,2.4669,5.030932997458417,-3.975408701462971,2.4169839328600977,-5.0,4.0,12.815098936600974,21.435674931802915,25,mrpp_rl.waypoints.build_scenario_waypoint_manager,bd4a04b010d8ca4424deff6cbffb3fd724c0fbfdd41818d1b09d190db83bafaa
static_clutter,6,9,60009,60009180036,robot_4,5.0,4.0,-2.4669,5.001237584729653,3.9555670438455657,-2.3430767995615045,-5.0,-4.0,12.77950704117067,20.602319033204637,24,mrpp_rl.waypoints.build_scenario_waypoint_manager,bd4a04b010d8ca4424deff6cbffb3fd724c0fbfdd41818d1b09d190db83bafaa
static_clutter,7,0,70000,70000210000,robot_1,-5.0,-4.0,0.6747,-4.98883995926434,-3.994624746230681,0.5536122015885883,5.0,4.0,12.794176353514906,20.662310562561768,24,mrpp_rl.waypoints.build_scenario_waypoint_manager,bd4a04b010d8ca4424deff6cbffb3fd724c0fbfdd41818d1b09d190db83bafaa
static_clutter,7,0,70000,70000210000,robot_2,-5.0,4.0,-0.6747,-4.988973879400633,3.956843160591978,-0.6428241914469321,5.0,-4.0,12.77070680289887,22.0003776456267,31,mrpp_rl.waypoints.build_scenario_waypoint_manager,bd4a04b010d8ca4424deff6cbffb3fd724c0fbfdd41818d1b09d190db83bafaa
static_clutter,7,0,70000,70000210000,robot_3,5.0,-4.0,2.4669,4.995383636400292,-4.038196289792605,2.4403312816294074,-5.0,4.0,12.826546442127526,21.935674931802915,26,mrpp_rl.waypoints.build_scenario_waypoint_manager,bd4a04b010d8ca4424deff6cbffb3fd724c0fbfdd41818d1b09d190db83bafaa
static_clutter,7,0,70000,70000210000,robot_4,5.0,4.0,-2.4669,4.98764206596437,3.9837812943233932,-2.5975859124417995,-5.0,-4.0,12.786467760621349,20.852319033204637,24,mrpp_rl.waypoints.build_scenario_waypoint_manager,bd4a04b010d8ca4424deff6cbffb3fd724c0fbfdd41818d1b09d190db83bafaa
static_clutter,7,1,70001,70001210004,robot_1,-5.0,-4.0,0.6747,-4.9722369691251345,-4.023685229101284,0.7541392140303684,5.0,4.0,12.79941540946633,20.662310562561768,24,mrpp_rl.waypoints.build_scenario_waypoint_manager,bd4a04b010d8ca4424deff6cbffb3fd724c0fbfdd41818d1b09d190db83bafaa
static_clutter,7,1,70001,70001210004,robot_2,-5.0,4.0,-0.6747,-4.998883458356016,4.027074221181909,-0.671147498512256,5.0,-4.0,12.822308332205582,21.5003776456267,30,mrpp_rl.waypoints.build_scenario_waypoint_manager,bd4a04b010d8ca4424deff6cbffb3fd724c0fbfdd41818d1b09d190db83bafaa
static_clutter,7,1,70001,70001210004,robot_3,5.0,-4.0,2.4669,5.042298415010874,-3.9905640837930747,2.344330160382238,-5.0,4.0,12.833427906577953,21.435674931802915,25,mrpp_rl.waypoints.build_scenario_waypoint_manager,bd4a04b010d8ca4424deff6cbffb3fd724c0fbfdd41818d1b09d190db83bafaa
static_clutter,7,1,70001,70001210004,robot_4,5.0,4.0,-2.4669,5.009170621569598,3.999132782314299,-2.5471010961652896,-5.0,-4.0,12.812869382023187,20.852319033204637,24,mrpp_rl.waypoints.build_scenario_waypoint_manager,bd4a04b010d8ca4424deff6cbffb3fd724c0fbfdd41818d1b09d190db83bafaa
static_clutter,7,2,70002,70002210008,robot_1,-5.0,-4.0,0.6747,-4.998065750490222,-3.9919917593542804,0.5297761256105106,5.0,4.0,12.799736365750364,20.662310562561768,24,mrpp_rl.waypoints.build_scenario_waypoint_manager,bd4a04b010d8ca4424deff6cbffb3fd724c0fbfdd41818d1b09d190db83bafaa
static_clutter,7,2,70002,70002210008,robot_2,-5.0,4.0,-0.6747,-5.047493849452975,3.9937895129761443,-0.6973758548308222,5.0,-4.0,12.839501681629343,21.7503776456267,30,mrpp_rl.waypoints.build_scenario_waypoint_manager,bd4a04b010d8ca4424deff6cbffb3fd724c0fbfdd41818d1b09d190db83bafaa
static_clutter,7,2,70002,70002210008,robot_3,5.0,-4.0,2.4669,4.995113260759493,-3.958737058686942,2.568501540328146,-5.0,4.0,12.776689112001087,21.435674931802915,25,mrpp_rl.waypoints.build_scenario_waypoint_manager,bd4a04b010d8ca4424deff6cbffb3fd724c0fbfdd41818d1b09d190db83bafaa
static_clutter,7,2,70002,70002210008,robot_4,5.0,4.0,-2.4669,4.985301797256233,4.040370090503776,-2.388346657986135,-5.0,-4.0,12.820054725879928,20.852319033204637,24,mrpp_rl.waypoints.build_scenario_waypoint_manager,bd4a04b010d8ca4424deff6cbffb3fd724c0fbfdd41818d1b09d190db83bafaa
static_clutter,7,3,70003,70003210012,robot_1,-5.0,-4.0,0.6747,-5.0230630841555435,-4.029416350746466,0.5540823946180659,5.0,4.0,12.842636821252727,20.912310562561768,24,mrpp_rl.waypoints.build_scenario_waypoint_manager,bd4a04b010d8ca4424deff6cbffb3fd724c0fbfdd41818d1b09d190db83bafaa
static_clutter,7,3,70003,70003210012,robot_2,-5.0,4.0,-0.6747,-4.979331891277577,4.005302302482223,-0.6210380805107317,5.0,-4.0,12.793433079138566,21.5003776456267,30,mrpp_rl.waypoints.build_scenario_waypoint_manager,bd4a04b010d8ca4424deff6cbffb3fd724c0fbfdd41818d1b09d190db83bafaa
static_clutter,7,3,70003,70003210012,robot_3,5.0,-4.0,2.4669,5.009818280669494,-3.9517482767444214,2.32811142629309,-5.0,4.0,12.783847725498495,21.435674931802915,25,mrpp_rl.waypoints.build_scenario_waypoint_manager,bd4a04b010d8ca4424deff6cbffb3fd724c0fbfdd41818d1b09d190db83bafaa
static_clutter,7,3,70003,70003210012,robot_4,5.0,4.0,-2.4669,4.960351092226694,4.017492609795129,-2.433082614680459,-5.0,-4.0,12.786273171981781,21.102319033204637,25,mrpp_rl.waypoints.build_scenario_waypoint_manager,bd4a04b010d8ca4424deff6cbffb3fd724c0fbfdd41818d1b09d190db83bafaa
static_clutter,7,4,70004,70004210016,robot_1,-5.0,-4.0,0.6747,-5.012171875379208,-3.9893481610800774,0.7331732006214587,5.0,4.0,12.809108856633548,20.662310562561768,24,mrpp_rl.waypoints.build_scenario_waypoint_manager,bd4a04b010d8ca4424deff6cbffb3fd724c0fbfdd41818d1b09d190db83bafaa
static_clutter,7,4,70004,70004210016,robot_2,-5.0,4.0,-0.6747,-4.976268052754812,3.959149807751593,-0.7054806065385175,5.0,-4.0,12.76220944518027,22.0003776456267,31,mrpp_rl.waypoints.build_scenario_waypoint_manager,bd4a04b010d8ca4424deff6cbffb3fd724c0fbfdd41818d1b09d190db83bafaa
static_clutter,7,4,70004,70004210016,robot_3,5.0,-4.0,2.4669,5.008797544916799,-4.04788191006144,2.5779015162519134,-5.0,4.0,12.84306939689367,21.935674931802915,26,mrpp_rl.waypoints.build_scenario_waypoint_manager,bd4a04b010d8ca4424deff6cbffb3fd724c0fbfdd41818d1b09d190db83bafaa
static_clutter,7,4,70004,70004210016,robot_4,5.0,4.0,-2.4669,4.990771986529295,3.9772982170131033,-2.3624138306391087,-5.0,-4.0,12.784866512012512,20.852319033204637,24,mrpp_rl.waypoints.build_scenario_waypoint_manager,bd4a04b010d8ca4424deff6cbffb3fd724c0fbfdd41818d1b09d190db83bafaa
static_clutter,7,5,70005,70005210020,robot_1,-5.0,-4.0,0.6747,-4.957265272282638,-3.9850209538413237,0.7823023300132369,5.0,4.0,12.76352973655371,20.662310562561768,24,mrpp_rl.waypoints.build_scenario_waypoint_manager,bd4a04b010d8ca4424deff6cbffb3fd724c0fbfdd41818d1b09d190db83bafaa
static_clutter,7,5,70005,70005210020,robot_2,-5.0,4.0,-0.6747,-4.959761559597983,4.038992926078566,-0.7216706061033127,5.0,-4.0,12.799306918329089,21.5003776456267,30,mrpp_rl.waypoints.build_scenario_waypoint_manager,bd4a04b010d8ca4424deff6cbffb3fd724c0fbfdd41818d1b09d190db83bafaa
static_clutter,7,5,70005,70005210020,robot_3,5.0,-4.0,2.4669,4.983038562289458,-3.970158008938411,2.5906936173099555,-5.0,4.0,12.77436799311823,21.435674931802915,25,mrpp_rl.waypoints.build_scenario_waypoint_manager,bd4a04b010d8ca4424deff6cbffb3fd724c0fbfdd41818d1b09d190db83bafaa
static_clutter,7,5,70005,70005210020,robot_4,5.0,4.0,-2.4669,5.023064596109641,3.9951906048324917,-2.453380460819579,-5.0,-4.0,12.821267359562714,20.852319033204637,24,mrpp_rl.waypoints.build_scenario_waypoint_manager,bd4a04b010d8ca4424deff6cbffb3fd724c0fbfdd41818d1b09d190db83bafaa
static_clutter,7,6,70006,70006210024,robot_1,-5.0,-4.0,0.6747,-5.002811547915317,-3.9705767542418626,0.7995517125862487,5.0,4.0,12.790087281108319,20.662310562561768,24,mrpp_rl.waypoints.build_scenario_waypoint_manager,bd4a04b010d8ca4424deff6cbffb3fd724c0fbfdd41818d1b09d190db83bafaa
static_clutter,7,6,70006,70006210024,robot_2,-5.0,4.0,-0.6747,-4.998077777733395,3.977153301483872,-0.6815838729049009,5.0,-4.0,12.790486075399222,21.5003776456267,30,mrpp_rl.waypoints.build_scenario_waypoint_manager,bd4a04b010d8ca4424deff6cbffb3fd724c0fbfdd41818d1b09d190db83bafaa
static_clutter,7,6,70006,70006210024,robot_3,5.0,-4.0,2.4669,5.035907848927554,-4.045255900140525,2.4489592014889974,-5.0,4.0,12.862565407060584,21.935674931802915,26,mrpp_rl.waypoints.build_scenario_waypoint_manager,bd4a04b010d8ca4424deff6cbffb3fd724c0fbfdd41818d1b09d190db83bafaa
static_clutter,7,6,70006,70006210024,robot_4,5.0,4.0,-2.4669,4.97044475167325,3.9907085519288206,-2.5163848920825314,-5.0,-4.0,12.77737029705397,21.102319033204637,25,mrpp_rl.waypoints.build_scenario_waypoint_manager,bd4a04b010d8ca4424deff6cbffb3fd724c0fbfdd41818d1b09d190db83bafaa
static_clutter,7,7,70007,70007210028,robot_1,-5.0,-4.0,0.6747,-5.0075520530567434,-4.048304761543199,0.6193286693942843,5.0,4.0,12.84236378667569,20.912310562561768,24,mrpp_rl.waypoints.build_scenario_waypoint_manager,bd4a04b010d8ca4424deff6cbffb3fd724c0fbfdd41818d1b09d190db83bafaa
static_clutter,7,7,70007,70007210028,robot_2,-5.0,4.0,-0.6747,-5.023960026337612,3.9928161401728306,-0.6842610485567924,5.0,-4.0,12.82048690417886,21.5003776456267,30,mrpp_rl.waypoints.build_scenario_waypoint_manager,bd4a04b010d8ca4424deff6cbffb3fd724c0fbfdd41818d1b09d190db83bafaa
static_clutter,7,7,70007,70007210028,robot_3,5.0,-4.0,2.4669,4.984573263126358,-4.027110649333805,2.394694799686153,-5.0,4.0,12.811175146074067,21.935674931802915,26,mrpp_rl.waypoints.build_scenario_waypoint_manager,bd4a04b010d8ca4424deff6cbffb3fd724c0fbfdd41818d1b09d190db83bafaa
static_clutter,7,7,70007,70007210028,robot_4,5.0,4.0,-2.4669,4.958799006708508,3.981923083936327,-2.438905455159536,-5.0,-4.0,12.762788636261824,21.102319033204637,25,mrpp_rl.waypoints.build_scenario_waypoint_manager,bd4a04b010d8ca4424deff6cbffb3fd724c0fbfdd41818d1b09d190db83bafaa
static_clutter,7,8,70008,70008210032,robot_1,-5.0,-4.0,0.6747,-4.983772091098635,-3.9814189551120305,0.5887672138010316,5.0,4.0,12.78196986790462,20.662310562561768,24,mrpp_rl.waypoints.build_scenario_waypoint_manager,bd4a04b010d8ca4424deff6cbffb3fd724c0fbfdd41818d1b09d190db83bafaa
static_clutter,7,8,70008,70008210032,robot_2,-5.0,4.0,-0.6747,-5.0233359852492825,4.041239791843823,-0.5607442251068092,5.0,-4.0,12.850245198560442,21.5003776456267,30,mrpp_rl.waypoints.build_scenario_waypoint_manager,bd4a04b010d8ca4424deff6cbffb3fd724c0fbfdd41818d1b09d190db83bafaa
static_clutter,7,8,70008,70008210032,robot_3,5.0,-4.0,2.4669,5.011807910167799,-4.007078097672933,2.5780339582814182,-5.0,4.0,12.819890689562532,21.435674931802915,25,mrpp_rl.waypoints.build_scenario_waypoint_manager,bd4a04b010d8ca4424deff6cbffb3fd724c0fbfdd41818d1b09d190db83bafaa
static_clutter,7,8,70008,70008210032,robot_4,5.0,4.0,-2.4669,4.993206146951322,3.9535705270160615,-2.485610950306826,-5.0,-4.0,12.771979221079413,20.602319033204637,24,mrpp_rl.waypoints.build_scenario_waypoint_manager,bd4a04b010d8ca4424deff6cbffb3fd724c0fbfdd41818d1b09d190db83bafaa
static_clutter,7,9,70009,70009210036,robot_1,-5.0,-4.0,0.6747,-4.978698722610667,-4.0129951100060985,0.7264494363955145,5.0,4.0,12.797754444808408,20.662310562561768,24,mrpp_rl.waypoints.build_scenario_waypoint_manager,bd4a04b010d8ca4424deff6cbffb3fd724c0fbfdd41818d1b09d190db83bafaa
static_clutter,7,9,70009,70009210036,robot_2,-5.0,4.0,-0.6747,-4.996561092861888,3.998182004999611,-0.6304597903016902,5.0,-4.0,12.802427467805458,21.5003776456267,30,mrpp_rl.waypoints.build_scenario_waypoint_manager,bd4a04b010d8ca4424deff6cbffb3fd724c0fbfdd41818d1b09d190db83bafaa
static_clutter,7,9,70009,70009210036,robot_3,5.0,-4.0,2.4669,5.038156979385162,-4.040600772726061,2.42440687452761,-5.0,4.0,12.86140957784729,21.935674931802915,26,mrpp_rl.waypoints.build_scenario_waypoint_manager,bd4a04b010d8ca4424deff6cbffb3fd724c0fbfdd41818d1b09d190db83bafaa
static_clutter,7,9,70009,70009210036,robot_4,5.0,4.0,-2.4669,4.9984452830267765,4.036920300211151,-2.5548828933006726,-5.0,-4.0,12.828132989239958,20.852319033204637,24,mrpp_rl.waypoints.build_scenario_waypoint_manager,bd4a04b010d8ca4424deff6cbffb3fd724c0fbfdd41818d1b09d190db83bafaa
pedestrian_dynamic,0,0,100,100000300,robot_1,-5.0,4.0,-0.6747,-5.011704285921798,4.010829881353435,-0.7363611807526241,5.0,-4.0,12.822153411058924,12.822153411058924,2,mrpp_rl.waypoints.build_direct_waypoint_manager,ec6faec2d11f8fe72ac22357706e1262200eb713da8f1389033e4a9b7a39d29e
pedestrian_dynamic,0,0,100,100000300,robot_2,-5.0,-4.0,0.6747,-4.950078852218962,-4.041691489188228,0.7105011726686492,5.0,4.0,12.793469864452621,12.793469864452621,2,mrpp_rl.waypoints.build_direct_waypoint_manager,ec6faec2d11f8fe72ac22357706e1262200eb713da8f1389033e4a9b7a39d29e
pedestrian_dynamic,0,0,100,100000300,robot_3,5.0,-4.0,2.4669,5.023501789407726,-3.9718809422180597,2.5785623512684777,-5.0,4.0,12.807086861545033,12.807086861545033,2,mrpp_rl.waypoints.build_direct_waypoint_manager,ec6faec2d11f8fe72ac22357706e1262200eb713da8f1389033e4a9b7a39d29e
pedestrian_dynamic,0,0,100,100000300,robot_4,5.0,4.0,-2.4669,5.029968914316739,4.038962764430033,-2.614653909685735,-5.0,-4.0,12.853995439164146,12.853995439164146,2,mrpp_rl.waypoints.build_direct_waypoint_manager,ec6faec2d11f8fe72ac22357706e1262200eb713da8f1389033e4a9b7a39d29e
pedestrian_dynamic,0,1,101,101000304,robot_1,-5.0,4.0,-0.6747,-5.017224253974498,4.04311559660476,-0.5724271845729193,5.0,-4.0,12.846652881383605,12.846652881383605,2,mrpp_rl.waypoints.build_direct_waypoint_manager,ec6faec2d11f8fe72ac22357706e1262200eb713da8f1389033e4a9b7a39d29e
pedestrian_dynamic,0,1,101,101000304,robot_2,-5.0,-4.0,0.6747,-4.97493644480394,-4.013197846647099,0.62918544504293,5.0,4.0,12.794948097096276,12.794948097096276,2,mrpp_rl.waypoints.build_direct_waypoint_manager,ec6faec2d11f8fe72ac22357706e1262200eb713da8f1389033e4a9b7a39d29e
pedestrian_dynamic,0,1,101,101000304,robot_3,5.0,-4.0,2.4669,5.000998257712709,-4.012902471849581,2.4740737634619245,-5.0,4.0,12.815091578843507,12.815091578843507,2,mrpp_rl.waypoints.build_direct_waypoint_manager,ec6faec2d11f8fe72ac22357706e1262200eb713da8f1389033e4a9b7a39d29e
pedestrian_dynamic,0,1,101,101000304,robot_4,5.0,4.0,-2.4669,4.985868524058491,3.9923234919889756,-2.5970925987139215,-5.0,-4.0,12.790418483395332,12.790418483395332,2,mrpp_rl.waypoints.build_direct_waypoint_manager,ec6faec2d11f8fe72ac22357706e1262200eb713da8f1389033e4a9b7a39d29e
pedestrian_dynamic,0,2,102,102000308,robot_1,-5.0,4.0,-0.6747,-5.048771675322061,3.9877091181102173,-0.7354610415165805,5.0,-4.0,12.836717225922524,12.836717225922524,2,mrpp_rl.waypoints.build_direct_waypoint_manager,ec6faec2d11f8fe72ac22357706e1262200eb713da8f1389033e4a9b7a39d29e
pedestrian_dynamic,0,2,102,102000308,robot_2,-5.0,-4.0,0.6747,-5.036732147362592,-4.043378025668319,0.5526105702591639,5.0,4.0,12.862034141678588,12.862034141678588,2,mrpp_rl.waypoints.build_direct_waypoint_manager,ec6faec2d11f8fe72ac22357706e1262200eb713da8f1389033e4a9b7a39d29e
pedestrian_dynamic,0,2,102,102000308,robot_3,5.0,-4.0,2.4669,4.966745754825646,-3.9750732067759067,2.5297542457549542,-5.0,4.0,12.764709694888088,12.764709694888088,2,mrpp_rl.waypoints.build_direct_waypoint_manager,ec6faec2d11f8fe72ac22357706e1262200eb713da8f1389033e4a9b7a39d29e
pedestrian_dynamic,0,2,102,102000308,robot_4,5.0,4.0,-2.4669,5.0000062308531765,3.9598146338747937,-2.435874892841651,-5.0,-4.0,12.781188271156548,12.781188271156548,2,mrpp_rl.waypoints.build_direct_waypoint_manager,ec6faec2d11f8fe72ac22357706e1262200eb713da8f1389033e4a9b7a39d29e
pedestrian_dynamic,0,3,103,103000312,robot_1,-5.0,4.0,-0.6747,-5.03605669666991,3.9891601435950497,-0.5566819896911219,5.0,-4.0,12.82766985148825,12.82766985148825,2,mrpp_rl.waypoints.build_direct_waypoint_manager,ec6faec2d11f8fe72ac22357706e1262200eb713da8f1389033e4a9b7a39d29e
pedestrian_dynamic,0,3,103,103000312,robot_2,-5.0,-4.0,0.6747,-5.041775198523067,-3.995118615914331,0.6555463550666966,5.0,4.0,12.835854892457021,12.835854892457021,2,mrpp_rl.waypoints.build_direct_waypoint_manager,ec6faec2d11f8fe72ac22357706e1262200eb713da8f1389033e4a9b7a39d29e
pedestrian_dynamic,0,3,103,103000312,robot_3,5.0,-4.0,2.4669,4.987758046322126,-3.9600360395330703,2.577528754103234,-5.0,4.0,12.771745555817251,12.771745555817251,2,mrpp_rl.waypoints.build_direct_waypoint_manager,ec6faec2d11f8fe72ac22357706e1262200eb713da8f1389033e4a9b7a39d29e
pedestrian_dynamic,0,3,103,103000312,robot_4,5.0,4.0,-2.4669,4.973864172702512,4.003281146727756,-2.4276436483712147,-5.0,-4.0,12.787903489199733,12.787903489199733,2,mrpp_rl.waypoints.build_direct_waypoint_manager,ec6faec2d11f8fe72ac22357706e1262200eb713da8f1389033e4a9b7a39d29e
pedestrian_dynamic,0,4,104,104000316,robot_1,-5.0,4.0,-0.6747,-5.018355125221619,4.031265007292622,-0.6518114866728338,5.0,-4.0,12.840119042766592,12.840119042766592,2,mrpp_rl.waypoints.build_direct_waypoint_manager,ec6faec2d11f8fe72ac22357706e1262200eb713da8f1389033e4a9b7a39d29e
pedestrian_dynamic,0,4,104,104000316,robot_2,-5.0,-4.0,0.6747,-5.046698578252134,-3.9879355751441423,0.5805659400111131,5.0,4.0,12.8352353727895,12.8352353727895,2,mrpp_rl.waypoints.build_direct_waypoint_manager,ec6faec2d11f8fe72ac22357706e1262200eb713da8f1389033e4a9b7a39d29e
pedestrian_dynamic,0,4,104,104000316,robot_3,5.0,-4.0,2.4669,4.968332663336672,-4.008899014310966,2.3475873967980734,-5.0,4.0,12.787107550512584,12.787107550512584,2,mrpp_rl.waypoints.build_direct_waypoint_manager,ec6faec2d11f8fe72ac22357706e1262200eb713da8f1389033e4a9b7a39d29e
pedestrian_dynamic,0,4,104,104000316,robot_4,5.0,4.0,-2.4669,5.047490502091504,3.990623624766552,-2.377620539458235,-5.0,-4.0,12.837528239590998,12.837528239590998,2,mrpp_rl.waypoints.build_direct_waypoint_manager,ec6faec2d11f8fe72ac22357706e1262200eb713da8f1389033e4a9b7a39d29e
pedestrian_dynamic,0,5,105,105000320,robot_1,-5.0,4.0,-0.6747,-4.988883528361276,3.988436943866495,-0.6214372228928942,5.0,-4.0,12.790344754903922,12.790344754903922,2,mrpp_rl.waypoints.build_direct_waypoint_manager,ec6faec2d11f8fe72ac22357706e1262200eb713da8f1389033e4a9b7a39d29e
pedestrian_dynamic,0,5,105,105000320,robot_2,-5.0,-4.0,0.6747,-5.004093132428601,-3.974208968477373,0.7222082684981255,5.0,4.0,12.793353277200238,12.793353277200238,2,mrpp_rl.waypoints.build_direct_waypoint_manager,ec6faec2d11f8fe72ac22357706e1262200eb713da8f1389033e4a9b7a39d29e
pedestrian_dynamic,0,5,105,105000320,robot_3,5.0,-4.0,2.4669,4.975320852932356,-4.031148324483453,2.552120599982812,-5.0,4.0,12.806497160769625,12.806497160769625,2,mrpp_rl.waypoints.build_direct_waypoint_manager,ec6faec2d11f8fe72ac22357706e1262200eb713da8f1389033e4a9b7a39d29e
pedestrian_dynamic,0,5,105,105000320,robot_4,5.0,4.0,-2.4669,5.020800574541155,4.047785900521364,-2.4351031903438076,-5.0,-4.0,12.852365620980242,12.852365620980242,2,mrpp_rl.waypoints.build_direct_waypoint_manager,ec6faec2d11f8fe72ac22357706e1262200eb713da8f1389033e4a9b7a39d29e
pedestrian_dynamic,0,6,106,106000324,robot_1,-5.0,4.0,-0.6747,-5.037835997008952,4.03146277825042,-0.6229831694924581,5.0,-4.0,12.8554481003686,12.8554481003686,2,mrpp_rl.waypoints.build_direct_waypoint_manager,ec6faec2d11f8fe72ac22357706e1262200eb713da8f1389033e4a9b7a39d29e
pedestrian_dynamic,0,6,106,106000324,robot_2,-5.0,-4.0,0.6747,-4.965547781761124,-3.9554253006688738,0.7768915380100396,5.0,4.0,12.751507138573327,12.751507138573327,2,mrpp_rl.waypoints.build_direct_waypoint_manager,ec6faec2d11f8fe72ac22357706e1262200eb713da8f1389033e4a9b7a39d29e
pedestrian_dynamic,0,6,106,106000324,robot_3,5.0,-4.0,2.4669,4.976806705323416,-3.958165775796954,2.371955441723065,-5.0,4.0,12.762016868444118,12.762016868444118,2,mrpp_rl.waypoints.build_direct_waypoint_manager,ec6faec2d11f8fe72ac22357706e1262200eb713da8f1389033e4a9b7a39d29e
pedestrian_dynamic,0,6,106,106000324,robot_4,5.0,4.0,-2.4669,4.96546838349655,3.962130427702083,-2.4985071870209814,-5.0,-4.0,12.755629386675073,12.755629386675073,2,mrpp_rl.waypoints.build_direct_waypoint_manager,ec6faec2d11f8fe72ac22357706e1262200eb713da8f1389033e4a9b7a39d29e
pedestrian_dynamic,0,7,107,107000328,robot_1,-5.0,4.0,-0.6747,-5.035948377952267,3.9863268455188567,-0.7466230522081079,5.0,-4.0,12.825820688298192,12.825820688298192,2,mrpp_rl.waypoints.build_direct_waypoint_manager,ec6faec2d11f8fe72ac22357706e1262200eb713da8f1389033e4a9b7a39d29e
pedestrian_dynamic,0,7,107,107000328,robot_2,-5.0,-4.0,0.6747,-4.975690390274847,-3.98534436675179,0.800868844238267,5.0,4.0,12.778111105254817,12.778111105254817,2,mrpp_rl.waypoints.build_direct_waypoint_manager,ec6faec2d11f8fe72ac22357706e1262200eb713da8f1389033e4a9b7a39d29e
pedestrian_dynamic,0,7,107,107000328,robot_3,5.0,-4.0,2.4669,5.005086375145191,-4.010820122402669,2.3742183066767306,-5.0,4.0,12.81698062757401,12.81698062757401,2,mrpp_rl.waypoints.build_direct_waypoint_manager,ec6faec2d11f8fe72ac22357706e1262200eb713da8f1389033e4a9b7a39d29e
pedestrian_dynamic,0,7,107,107000328,robot_4,5.0,4.0,-2.4669,4.972868828950895,4.016025861778689,-2.463325290533077,-5.0,-4.0,12.795107787594647,12.795107787594647,2,mrpp_rl.waypoints.build_direct_waypoint_manager,ec6faec2d11f8fe72ac22357706e1262200eb713da8f1389033e4a9b7a39d29e
pedestrian_dynamic,0,8,108,108000332,robot_1,-5.0,4.0,-0.6747,-5.028637200708596,3.973442677383705,-0.6232443512874644,5.0,-4.0,12.812078372885493,12.812078372885493,2,mrpp_rl.waypoints.build_direct_waypoint_manager,ec6faec2d11f8fe72ac22357706e1262200eb713da8f1389033e4a9b7a39d29e
pedestrian_dynamic,0,8,108,108000332,robot_2,-5.0,-4.0,0.6747,-5.012248482588881,-4.016063765346813,0.7575995271483913,5.0,4.0,12.825848820534627,12.825848820534627,2,mrpp_rl.waypoints.build_direct_waypoint_manager,ec6faec2d11f8fe72ac22357706e1262200eb713da8f1389033e4a9b7a39d29e
pedestrian_dynamic,0,8,108,108000332,robot_3,5.0,-4.0,2.4669,5.00676735027958,-4.013486809926062,2.3598348374904123,-5.0,4.0,12.819959580883255,12.819959580883255,2,mrpp_rl.waypoints.build_direct_waypoint_manager,ec6faec2d11f8fe72ac22357706e1262200eb713da8f1389033e4a9b7a39d29e
pedestrian_dynamic,0,8,108,108000332,robot_4,5.0,4.0,-2.4669,4.9779654187714195,3.9808431818704046,-2.515194758397664,-5.0,-4.0,12.77707524403788,12.77707524403788,2,mrpp_rl.waypoints.build_direct_waypoint_manager,ec6faec2d11f8fe72ac22357706e1262200eb713da8f1389033e4a9b7a39d29e
pedestrian_dynamic,0,9,109,109000336,robot_1,-5.0,4.0,-0.6747,-5.017788625546061,3.961349618082634,-0.8180107655614948,5.0,-4.0,12.796060983266083,12.796060983266083,2,mrpp_rl.waypoints.build_direct_waypoint_manager,ec6faec2d11f8fe72ac22357706e1262200eb713da8f1389033e4a9b7a39d29e
pedestrian_dynamic,0,9,109,109000336,robot_2,-5.0,-4.0,0.6747,-4.995837247088547,-4.0406551406228735,0.7397614738496487,5.0,4.0,12.828440955966075,12.828440955966075,2,mrpp_rl.waypoints.build_direct_waypoint_manager,ec6faec2d11f8fe72ac22357706e1262200eb713da8f1389033e4a9b7a39d29e
pedestrian_dynamic,0,9,109,109000336,robot_3,5.0,-4.0,2.4669,5.019932990204656,-3.961048133688831,2.449716555003208,-5.0,4.0,12.797552286085883,12.797552286085883,2,mrpp_rl.waypoints.build_direct_waypoint_manager,ec6faec2d11f8fe72ac22357706e1262200eb713da8f1389033e4a9b7a39d29e
pedestrian_dynamic,0,9,109,109000336,robot_4,5.0,4.0,-2.4669,5.032409040996975,4.0009095535148305,-2.500394528408572,-5.0,-4.0,12.832138748057655,12.832138748057655,2,mrpp_rl.waypoints.build_direct_waypoint_manager,ec6faec2d11f8fe72ac22357706e1262200eb713da8f1389033e4a9b7a39d29e
pedestrian_dynamic,1,0,10100,10100030300,robot_1,-5.0,4.0,-0.6747,-5.031934652432428,3.9876829309705735,-0.7652051993222049,5.0,-4.0,12.823524923997816,12.823524923997816,2,mrpp_rl.waypoints.build_direct_waypoint_manager,ec6faec2d11f8fe72ac22357706e1262200eb713da8f1389033e4a9b7a39d29e
pedestrian_dynamic,1,0,10100,10100030300,robot_2,-5.0,-4.0,0.6747,-4.961888039130082,-4.0116562956931805,0.5720980038161837,5.0,4.0,12.783812025545556,12.783812025545556,2,mrpp_rl.waypoints.build_direct_waypoint_manager,ec6faec2d11f8fe72ac22357706e1262200eb713da8f1389033e4a9b7a39d29e
pedestrian_dynamic,1,0,10100,10100030300,robot_3,5.0,-4.0,2.4669,5.02847386093955,-4.040018528442229,2.532848964742466,-5.0,4.0,12.853489250675947,12.853489250675947,2,mrpp_rl.waypoints.build_direct_waypoint_manager,ec6faec2d11f8fe72ac22357706e1262200eb713da8f1389033e4a9b7a39d29e
pedestrian_dynamic,1,0,10100,10100030300,robot_4,5.0,4.0,-2.4669,4.971852596598955,4.0212021300544265,-2.3402925701785002,-5.0,-4.0,12.797559447780932,12.797559447780932,2,mrpp_rl.waypoints.build_direct_waypoint_manager,ec6faec2d11f8fe72ac22357706e1262200eb713da8f1389033e4a9b7a39d29e
pedestrian_dynamic,1,1,10101,10101030304,robot_1,-5.0,4.0,-0.6747,-5.012255191174356,4.003417997833751,-0.6064473845780675,5.0,-4.0,12.817954347759514,12.817954347759514,2,mrpp_rl.waypoints.build_direct_waypoint_manager,ec6faec2d11f8fe72ac22357706e1262200eb713da8f1389033e4a9b7a39d29e
pedestrian_dynamic,1,1,10101,10101030304,robot_2,-5.0,-4.0,0.6747,-5.009965521070474,-3.98776400840349,0.8159780717836738,5.0,4.0,12.806396198266157,12.806396198266157,2,mrpp_rl.waypoints.build_direct_waypoint_manager,ec6faec2d11f8fe72ac22357706e1262200eb713da8f1389033e4a9b7a39d29e
pedestrian_dynamic,1,1,10101,10101030304,robot_3,5.0,-4.0,2.4669,5.010808715427877,-4.008700312978748,2.3939498931389727,-5.0,4.0,12.820123706111133,12.820123706111133,2,mrpp_rl.waypoints.build_direct_waypoint_manager,ec6faec2d11f8fe72ac22357706e1262200eb713da8f1389033e4a9b7a39d29e
pedestrian_dynamic,1,1,10101,10101030304,robot_4,5.0,4.0,-2.4669,4.9778514307626285,3.97099816190896,-2.3294438620987004,-5.0,-4.0,12.770839082516382,12.770839082516382,2,mrpp_rl.waypoints.build_direct_waypoint_manager,ec6faec2d11f8fe72ac22357706e1262200eb713da8f1389033e4a9b7a39d29e
pedestrian_dynamic,1,2,10102,10102030308,robot_1,-5.0,4.0,-0.6747,-4.973663075166496,3.9951641534984765,-0.7940033130012564,5.0,-4.0,12.78266814786047,12.78266814786047,2,mrpp_rl.waypoints.build_direct_waypoint_manager,ec6faec2d11f8fe72ac22357706e1262200eb713da8f1389033e4a9b7a39d29e
pedestrian_dynamic,1,2,10102,10102030308,robot_2,-5.0,-4.0,0.6747,-5.026088169217019,-4.032854341996294,0.7947906912881357,5.0,4.0,12.847147265313113,12.847147265313113,2,mrpp_rl.waypoints.build_direct_waypoint_manager,ec6faec2d11f8fe72ac22357706e1262200eb713da8f1389033e4a9b7a39d29e
pedestrian_dynamic,1,2,10102,10102030308,robot_3,5.0,-4.0,2.4669,5.031035471517128,-3.9671548293275074,2.4374682591780092,-5.0,4.0,12.81004405555701,12.81004405555701,2,mrpp_rl.waypoints.build_direct_waypoint_manager,ec6faec2d11f8fe72ac22357706e1262200eb713da8f1389033e4a9b7a39d29e
pedestrian_dynamic,1,2,10102,10102030308,robot_4,5.0,4.0,-2.4669,4.987878922427599,3.953960007004719,-2.489481749979108,-5.0,-4.0,12.768054086747282,12.768054086747282,2,mrpp_rl.waypoints.build_direct_waypoint_manager,ec6faec2d11f8fe72ac22357706e1262200eb713da8f1389033e4a9b7a39d29e
pedestrian_dynamic,1,3,10103,10103030312,robot_1,-5.0,4.0,-0.6747,-5.012516329973108,3.9687019345265604,-0.5717361634561355,5.0,-4.0,12.796511000241647,12.796511000241647,2,mrpp_rl.waypoints.build_direct_waypoint_manager,ec6faec2d11f8fe72ac22357706e1262200eb713da8f1389033e4a9b7a39d29e
pedestrian_dynamic,1,3,10103,10103030312,robot_2,-5.0,-4.0,0.6747,-4.953791982906091,-4.043746459755307,0.706879648665028,5.0,4.0,12.797649469640572,12.797649469640572,2,mrpp_rl.waypoints.build_direct_waypoint_manager,ec6faec2d11f8fe72ac22357706e1262200eb713da8f1389033e4a9b7a39d29e
pedestrian_dynamic,1,3,10103,10103030312,robot_3,5.0,-4.0,2.4669,4.994762769716916,-4.041759071080445,2.404879243325941,-5.0,4.0,12.82829574730112,12.82829574730112,2,mrpp_rl.waypoints.build_direct_waypoint_manager,ec6faec2d11f8fe72ac22357706e1262200eb713da8f1389033e4a9b7a39d29e
pedestrian_dynamic,1,3,10103,10103030312,robot_4,5.0,4.0,-2.4669,5.02992487299996,4.013031133043644,-2.5492670084317313,-5.0,-4.0,12.837759185198559,12.837759185198559,2,mrpp_rl.waypoints.build_direct_waypoint_manager,ec6faec2d11f8fe72ac22357706e1262200eb713da8f1389033e4a9b7a39d29e
pedestrian_dynamic,1,4,10104,10104030316,robot_1,-5.0,4.0,-0.6747,-5.0277909192110615,3.9783282294033113,-0.7632021610195401,5.0,-4.0,12.814457150246575,12.814457150246575,2,mrpp_rl.waypoints.build_direct_waypoint_manager,ec6faec2d11f8fe72ac22357706e1262200eb713da8f1389033e4a9b7a39d29e
pedestrian_dynamic,1,4,10104,10104030316,robot_2,-5.0,-4.0,0.6747,-4.984415834602191,-3.989884673825633,0.641053923955514,5.0,4.0,12.787760423908821,12.787760423908821,2,mrpp_rl.waypoints.build_direct_waypoint_manager,ec6faec2d11f8fe72ac22357706e1262200eb713da8f1389033e4a9b7a39d29e
pedestrian_dynamic,1,4,10104,10104030316,robot_3,5.0,-4.0,2.4669,4.978468645413036,-3.9705800608959287,2.5499667718506474,-5.0,4.0,12.771060371583983,12.771060371583983,2,mrpp_rl.waypoints.build_direct_waypoint_manager,ec6faec2d11f8fe72ac22357706e1262200eb713da8f1389033e4a9b7a39d29e
pedestrian_dynamic,1,4,10104,10104030316,robot_4,5.0,4.0,-2.4669,5.0474340830281275,4.033116766927479,-2.6005955041658937,-5.0,-4.0,12.863976704110073,12.863976704110073,2,mrpp_rl.waypoints.build_direct_waypoint_manager,ec6faec2d11f8fe72ac22357706e1262200eb713da8f1389033e4a9b7a39d29e
pedestrian_dynamic,1,5,10105,10105030320,robot_1,-5.0,4.0,-0.6747,-5.041700344853342,3.989361256217043,-0.5385691334932474,5.0,-4.0,12.83221099803809,12.83221099803809,2,mrpp_rl.waypoints.build_direct_waypoint_manager,ec6faec2d11f8fe72ac22357706e1262200eb713da8f1389033e4a9b7a39d29e
pedestrian_dynamic,1,5,10105,10105030320,robot_2,-5.0,-4.0,0.6747,-5.017949001036381,-3.998535845344783,0.6566691441980073,5.0,4.0,12.819355594437312,12.819355594437312,2,mrpp_rl.waypoints.build_direct_waypoint_manager,ec6faec2d11f8fe72ac22357706e1262200eb713da8f1389033e4a9b7a39d29e
pedestrian_dynamic,1,5,10105,10105030320,robot_3,5.0,-4.0,2.4669,4.994686136761251,-4.033471887215833,2.5884818305712667,-5.0,4.0,12.823042600531851,12.823042600531851,2,mrpp_rl.waypoints.build_direct_waypoint_manager,ec6faec2d11f8fe72ac22357706e1262200eb713da8f1389033e4a9b7a39d29e
pedestrian_dynamic,1,5,10105,10105030320,robot_4,5.0,4.0,-2.4669,4.985509259935927,3.997400084879773,-2.5255009946948963,-5.0,-4.0,12.793310880999538,12.793310880999538,2,mrpp_rl.waypoints.build_direct_waypoint_manager,ec6faec2d11f8fe72ac22357706e1262200eb713da8f1389033e4a9b7a39d29e
pedestrian_dynamic,1,6,10106,10106030324,robot_1,-5.0,4.0,-0.6747,-5.004225803435635,3.978072630796067,-0.6109751760215407,5.0,-4.0,12.79586561465791,12.79586561465791,2,mrpp_rl.waypoints.build_direct_waypoint_manager,ec6faec2d11f8fe72ac22357706e1262200eb713da8f1389033e4a9b7a39d29e
pedestrian_dynamic,1,6,10106,10106030324,robot_2,-5.0,-4.0,0.6747,-5.046218721559137,-4.039084835337907,0.6179174594528319,5.0,4.0,12.866755441492048,12.866755441492048,2,mrpp_rl.waypoints.build_direct_waypoint_manager,ec6faec2d11f8fe72ac22357706e1262200eb713da8f1389033e4a9b7a39d29e
pedestrian_dynamic,1,6,10106,10106030324,robot_3,5.0,-4.0,2.4669,5.031439459362871,-3.978200630880212,2.5217487135426957,-5.0,4.0,12.817233045140432,12.817233045140432,2,mrpp_rl.waypoints.build_direct_waypoint_manager,ec6faec2d11f8fe72ac22357706e1262200eb713da8f1389033e4a9b7a39d29e
pedestrian_dynamic,1,6,10106,10106030324,robot_4,5.0,4.0,-2.4669,5.042722023447301,3.971550057267375,-2.349961348465982,-5.0,-4.0,12.821929494259159,12.821929494259159,2,mrpp_rl.waypoints.build_direct_waypoint_manager,ec6faec2d11f8fe72ac22357706e1262200eb713da8f1389033e4a9b7a39d29e
pedestrian_dynamic,1,7,10107,10107030328,robot_1,-5.0,4.0,-0.6747,-4.980157787071634,4.010236781611319,-0.7519748239521253,5.0,-4.0,12.797165418651328,12.797165418651328,2,mrpp_rl.waypoints.build_direct_waypoint_manager,ec6faec2d11f8fe72ac22357706e1262200eb713da8f1389033e4a9b7a39d29e
pedestrian_dynamic,1,7,10107,10107030328,robot_2,-5.0,-4.0,0.6747,-5.031200470978037,-4.033754214365324,0.5803288778582237,5.0,4.0,12.851699874560664,12.851699874560664,2,mrpp_rl.waypoints.build_direct_waypoint_manager,ec6faec2d11f8fe72ac22357706e1262200eb713da8f1389033e4a9b7a39d29e
pedestrian_dynamic,1,7,10107,10107030328,robot_3,5.0,-4.0,2.4669,4.985957509078031,-3.977998940065351,2.5122100970940022,-5.0,4.0,12.781541943787367,12.781541943787367,2,mrpp_rl.waypoints.build_direct_waypoint_manager,ec6faec2d11f8fe72ac22357706e1262200eb713da8f1389033e4a9b7a39d29e
pedestrian_dynamic,1,7,10107,10107030328,robot_4,5.0,4.0,-2.4669,4.974911120674857,3.986239106056917,-2.5707380781032905,-5.0,-4.0,12.778061939295634,12.778061939295634,2,mrpp_rl.waypoints.build_direct_waypoint_manager,ec6faec2d11f8fe72ac22357706e1262200eb713da8f1389033e4a9b7a39d29e
pedestrian_dynamic,1,8,10108,10108030332,robot_1,-5.0,4.0,-0.6747,-4.960895976610422,4.03168427494965,-0.6167293581100012,5.0,-4.0,12.795600843623061,12.795600843623061,2,mrpp_rl.waypoints.build_direct_waypoint_manager,ec6faec2d11f8fe72ac22357706e1262200eb713da8f1389033e4a9b7a39d29e
pedestrian_dynamic,1,8,10108,10108030332,robot_2,-5.0,-4.0,0.6747,-4.967753521024905,-4.034048317216843,0.571699009953627,5.0,4.0,12.802423310423663,12.802423310423663,2,mrpp_rl.waypoints.build_direct_waypoint_manager,ec6faec2d11f8fe72ac22357706e1262200eb713da8f1389033e4a9b7a39d29e
pedestrian_dynamic,1,8,10108,10108030332,robot_3,5.0,-4.0,2.4669,5.031084384071493,-3.9506169615622846,2.5998289906931715,-5.0,4.0,12.799803279341633,12.799803279341633,2,mrpp_rl.waypoints.build_direct_waypoint_manager,ec6faec2d11f8fe72ac22357706e1262200eb713da8f1389033e4a9b7a39d29e
pedestrian_dynamic,1,8,10108,10108030332,robot_4,5.0,4.0,-2.4669,5.026367591957807,4.034883505819614,-2.4956605705951946,-5.0,-4.0,12.848634170259261,12.848634170259261,2,mrpp_rl.waypoints.build_direct_waypoint_manager,ec6faec2d11f8fe72ac22357706e1262200eb713da8f1389033e4a9b7a39d29e
pedestrian_dynamic,1,9,10109,10109030336,robot_1,-5.0,4.0,-0.6747,-5.041949731782302,4.010215514538681,-0.5286634099424914,5.0,-4.0,12.845400227513304,12.845400227513304,2,mrpp_rl.waypoints.build_direct_waypoint_manager,ec6faec2d11f8fe72ac22357706e1262200eb713da8f1389033e4a9b7a39d29e
pedestrian_dynamic,1,9,10109,10109030336,robot_2,-5.0,-4.0,0.6747,-4.988031959293474,-3.96207101018991,0.7009897408228727,5.0,4.0,12.773228142923559,12.773228142923559,2,mrpp_rl.waypoints.build_direct_waypoint_manager,ec6faec2d11f8fe72ac22357706e1262200eb713da8f1389033e4a9b7a39d29e
pedestrian_dynamic,1,9,10109,10109030336,robot_3,5.0,-4.0,2.4669,4.961333661533745,-3.9741807673668177,2.3662479979736606,-5.0,4.0,12.759926615268919,12.759926615268919,2,mrpp_rl.waypoints.build_direct_waypoint_manager,ec6faec2d11f8fe72ac22357706e1262200eb713da8f1389033e4a9b7a39d29e
pedestrian_dynamic,1,9,10109,10109030336,robot_4,5.0,4.0,-2.4669,5.026044072232536,4.0281390749397366,-2.3975394698298316,-5.0,-4.0,12.844165085552406,12.844165085552406,2,mrpp_rl.waypoints.build_direct_waypoint_manager,ec6faec2d11f8fe72ac22357706e1262200eb713da8f1389033e4a9b7a39d29e
pedestrian_dynamic,2,0,20100,20100060300,robot_1,-5.0,4.0,-0.6747,-5.015340623021215,4.010632210030643,-0.8183691231931228,5.0,-4.0,12.82486944181185,12.82486944181185,2,mrpp_rl.waypoints.build_direct_waypoint_manager,ec6faec2d11f8fe72ac22357706e1262200eb713da8f1389033e4a9b7a39d29e
pedestrian_dynamic,2,0,20100,20100060300,robot_2,-5.0,-4.0,0.6747,-4.982010846751133,-4.03713896053687,0.7341618641594276,5.0,4.0,12.815465001927826,12.815465001927826,2,mrpp_rl.waypoints.build_direct_waypoint_manager,ec6faec2d11f8fe72ac22357706e1262200eb713da8f1389033e4a9b7a39d29e
pedestrian_dynamic,2,0,20100,20100060300,robot_3,5.0,-4.0,2.4669,4.981306311928177,-4.023382465265833,2.3695581468040157,-5.0,4.0,12.806293057574173,12.806293057574173,2,mrpp_rl.waypoints.build_direct_waypoint_manager,ec6faec2d11f8fe72ac22357706e1262200eb713da8f1389033e4a9b7a39d29e
pedestrian_dynamic,2,0,20100,20100060300,robot_4,5.0,4.0,-2.4669,4.9669056424891584,3.9830357720760636,-2.4665721998016767,-5.0,-4.0,12.769810813967775,12.769810813967775,2,mrpp_rl.waypoints.build_direct_waypoint_manager,ec6faec2d11f8fe72ac22357706e1262200eb713da8f1389033e4a9b7a39d29e
pedestrian_dynamic,2,1,20101,20101060304,robot_1,-5.0,4.0,-0.6747,-4.976482431759066,4.04658831631501,-0.7606661129537866,5.0,-4.0,12.817089577726081,12.817089577726081,2,mrpp_rl.waypoints.build_direct_waypoint_manager,ec6faec2d11f8fe72ac22357706e1262200eb713da8f1389033e4a9b7a39d29e
pedestrian_dynamic,2,1,20101,20101060304,robot_2,-5.0,-4.0,0.6747,-5.0188672253453745,-3.9866921189988793,0.8226738077805509,5.0,4.0,12.812687129668722,12.812687129668722,2,mrpp_rl.waypoints.build_direct_waypoint_manager,ec6faec2d11f8fe72ac22357706e1262200eb713da8f1389033e4a9b7a39d29e
pedestrian_dynamic,2,1,20101,20101060304,robot_3,5.0,-4.0,2.4669,5.02480694376238,-3.991774160572975,2.3337333574884904,-5.0,4.0,12.820499541488557,12.820499541488557,2,mrpp_rl.waypoints.build_direct_waypoint_manager,ec6faec2d11f8fe72ac22357706e1262200eb713da8f1389033e4a9b7a39d29e
pedestrian_dynamic,2,1,20101,20101060304,robot_4,5.0,4.0,-2.4669,5.024876726162644,4.023448087916873,-2.4351745204488875,-5.0,-4.0,12.840322137479822,12.840322137479822,2,mrpp_rl.waypoints.build_direct_waypoint_manager,ec6faec2d11f8fe72ac22357706e1262200eb713da8f1389033e4a9b7a39d29e
pedestrian_dynamic,2,2,20102,20102060308,robot_1,-5.0,4.0,-0.6747,-4.972818126825814,3.957846177558348,-0.704530690916718,5.0,-4.0,12.75869966636199,12.75869966636199,2,mrpp_rl.waypoints.build_direct_waypoint_manager,ec6faec2d11f8fe72ac22357706e1262200eb713da8f1389033e4a9b7a39d29e
pedestrian_dynamic,2,2,20102,20102060308,robot_2,-5.0,-4.0,0.6747,-5.035047631488425,-3.953455480382072,0.5318231262445223,5.0,4.0,12.804672391149298,12.804672391149298,2,mrpp_rl.waypoints.build_direct_waypoint_manager,ec6faec2d11f8fe72ac22357706e1262200eb713da8f1389033e4a9b7a39d29e
pedestrian_dynamic,2,2,20102,20102060308,robot_3,5.0,-4.0,2.4669,4.9555894555282025,-4.033033103329046,2.3603638070230226,-5.0,4.0,12.792317313380114,12.792317313380114,2,mrpp_rl.waypoints.build_direct_waypoint_manager,ec6faec2d11f8fe72ac22357706e1262200eb713da8f1389033e4a9b7a39d29e
pedestrian_dynamic,2,2,20102,20102060308,robot_4,5.0,4.0,-2.4669,4.967495664964067,3.968810586467053,-2.3471571761579524,-5.0,-4.0,12.761383623810815,12.761383623810815,2,mrpp_rl.waypoints.build_direct_waypoint_manager,ec6faec2d11f8fe72ac22357706e1262200eb713da8f1389033e4a9b7a39d29e
pedestrian_dynamic,2,3,20103,20103060312,robot_1,-5.0,4.0,-0.6747,-5.002254311313695,4.0001051626470785,-0.5804488938281106,5.0,-4.0,12.80807455949589,12.80807455949589,2,mrpp_rl.waypoints.build_direct_waypoint_manager,ec6faec2d11f8fe72ac22357706e1262200eb713da8f1389033e4a9b7a39d29e
pedestrian_dynamic,2,3,20103,20103060312,robot_2,-5.0,-4.0,0.6747,-5.033794931617971,-4.034038776846769,0.7114892660314056,5.0,4.0,12.853902901361906,12.853902901361906,2,mrpp_rl.waypoints.build_direct_waypoint_manager,ec6faec2d11f8fe72ac22357706e1262200eb713da8f1389033e4a9b7a39d29e
pedestrian_dynamic,2,3,20103,20103060312,robot_3,5.0,-4.0,2.4669,4.986903511901445,-3.972518289822457,2.503582892572247,-5.0,4.0,12.778861046180252,12.778861046180252,2,mrpp_rl.waypoints.build_direct_waypoint_manager,ec6faec2d11f8fe72ac22357706e1262200eb713da8f1389033e4a9b7a39d29e
pedestrian_dynamic,2,3,20103,20103060312,robot_4,5.0,4.0,-2.4669,4.95437847952808,3.9869431757071174,-2.4413460709364845,-5.0,-4.0,12.762480644673522,12.762480644673522,2,mrpp_rl.waypoints.build_direct_waypoint_manager,ec6faec2d11f8fe72ac22357706e1262200eb713da8f1389033e4a9b7a39d29e
pedestrian_dynamic,2,4,20104,20104060316,robot_1,-5.0,4.0,-0.6747,-5.011350361508215,3.984811938190177,-0.6616416669884231,5.0,-4.0,12.805637733011777,12.805637733011777,2,mrpp_rl.waypoints.build_direct_waypoint_manager,ec6faec2d11f8fe72ac22357706e1262200eb713da8f1389033e4a9b7a39d29e
pedestrian_dynamic,2,4,20104,20104060316,robot_2,-5.0,-4.0,0.6747,-5.030936566700846,-4.036411169048177,0.6419370106862103,5.0,4.0,12.853154977793523,12.853154977793523,2,mrpp_rl.waypoints.build_direct_waypoint_manager,ec6faec2d11f8fe72ac22357706e1262200eb713da8f1389033e4a9b7a39d29e
pedestrian_dynamic,2,4,20104,20104060316,robot_3,5.0,-4.0,2.4669,5.007612040920717,-4.0229680782057615,2.408044048385123,-5.0,4.0,12.826547296349473,12.826547296349473,2,mrpp_rl.waypoints.build_direct_waypoint_manager,ec6faec2d11f8fe72ac22357706e1262200eb713da8f1389033e4a9b7a39d29e
pedestrian_dynamic,2,4,20104,20104060316,robot_4,5.0,4.0,-2.4669,5.028966873718071,4.020360535549427,-2.402565937560639,-5.0,-4.0,12.841587116643064,12.841587116643064,2,mrpp_rl.waypoints.build_direct_waypoint_manager,ec6faec2d11f8fe72ac22357706e1262200eb713da8f1389033e4a9b7a39d29e
pedestrian_dynamic,2,5,20105,20105060320,robot_1,-5.0,4.0,-0.6747,-5.017179724382778,3.989390074880532,-0.6802057290100494,5.0,-4.0,12.813049730613901,12.813049730613901,2,mrpp_rl.waypoints.build_direct_waypoint_manager,ec6faec2d11f8fe72ac22357706e1262200eb713da8f1389033e4a9b7a39d29e
pedestrian_dynamic,2,5,20105,20105060320,robot_2,-5.0,-4.0,0.6747,-5.045156061319438,-4.041071992216694,0.5559289657066422,5.0,4.0,12.86716748473705,12.86716748473705,2,mrpp_rl.waypoints.build_direct_waypoint_manager,ec6faec2d11f8fe72ac22357706e1262200eb713da8f1389033e4a9b7a39d29e
pedestrian_dynamic,2,5,20105,20105060320,robot_3,5.0,-4.0,2.4669,5.013633693198547,-3.980179220289189,2.5946118215607696,-5.0,4.0,12.804535139140995,12.804535139140995,2,mrpp_rl.waypoints.build_direct_waypoint_manager,ec6faec2d11f8fe72ac22357706e1262200eb713da8f1389033e4a9b7a39d29e
pedestrian_dynamic,2,5,20105,20105060320,robot_4,5.0,4.0,-2.4669,5.010840136975823,3.9691489545527427,-2.59069128944262,-5.0,-4.0,12.795477924170523,12.795477924170523,2,mrpp_rl.waypoints.build_direct_waypoint_manager,ec6faec2d11f8fe72ac22357706e1262200eb713da8f1389033e4a9b7a39d29e
pedestrian_dynamic,2,6,20106,20106060324,robot_1,-5.0,4.0,-0.6747,-5.028317308731244,4.009528310136212,-0.5414410511925786,5.0,-4.0,12.834316958664846,12.834316958664846,2,mrpp_rl.waypoints.build_direct_waypoint_manager,ec6faec2d11f8fe72ac22357706e1262200eb713da8f1389033e4a9b7a39d29e
pedestrian_dynamic,2,6,20106,20106060324,robot_2,-5.0,-4.0,0.6747,-5.013753117145628,-4.04482713318706,0.5558954773373385,5.0,4.0,12.845018298702673,12.845018298702673,2,mrpp_rl.waypoints.build_direct_waypoint_manager,ec6faec2d11f8fe72ac22357706e1262200eb713da8f1389033e4a9b7a39d29e
pedestrian_dynamic,2,6,20106,20106060324,robot_3,5.0,-4.0,2.4669,5.049474723566641,-4.045634317506786,2.3733556354271563,-5.0,4.0,12.873390143650882,12.873390143650882,2,mrpp_rl.waypoints.build_direct_waypoint_manager,ec6faec2d11f8fe72ac22357706e1262200eb713da8f1389033e4a9b7a39d29e
pedestrian_dynamic,2,6,20106,20106060324,robot_4,5.0,4.0,-2.4669,5.005953688017326,3.973636635778687,-2.3865049049813627,-5.0,-4.0,12.794451547689707,12.794451547689707,2,mrpp_rl.waypoints.build_direct_waypoint_manager,ec6faec2d11f8fe72ac22357706e1262200eb713da8f1389033e4a9b7a39d29e
pedestrian_dynamic,2,7,20107,20107060328,robot_1,-5.0,4.0,-0.6747,-4.9713884893920754,4.049890386836104,-0.5980861612953812,5.0,-4.0,12.815198931208876,12.815198931208876,2,mrpp_rl.waypoints.build_direct_waypoint_manager,ec6faec2d11f8fe72ac22357706e1262200eb713da8f1389033e4a9b7a39d29e
pedestrian_dynamic,2,7,20107,20107060328,robot_2,-5.0,-4.0,0.6747,-4.999001964332257,-3.9918776327816894,0.6809120932545969,5.0,4.0,12.800396414958273,12.800396414958273,2,mrpp_rl.waypoints.build_direct_waypoint_manager,ec6faec2d11f8fe72ac22357706e1262200eb713da8f1389033e4a9b7a39d29e
pedestrian_dynamic,2,7,20107,20107060328,robot_3,5.0,-4.0,2.4669,4.971641428874439,-3.990621777516302,2.4265011254791577,-5.0,4.0,12.778249847978511,12.778249847978511,2,mrpp_rl.waypoints.build_direct_waypoint_manager,ec6faec2d11f8fe72ac22357706e1262200eb713da8f1389033e4a9b7a39d29e
pedestrian_dynamic,2,7,20107,20107060328,robot_4,5.0,4.0,-2.4669,5.012424760548791,4.03048993702701,-2.41290577752642,-5.0,-4.0,12.83500752685181,12.83500752685181,2,mrpp_rl.waypoints.build_direct_waypoint_manager,ec6faec2d11f8fe72ac22357706e1262200eb713da8f1389033e4a9b7a39d29e
pedestrian_dynamic,2,8,20108,20108060332,robot_1,-5.0,4.0,-0.6747,-4.960586087643863,3.9657995643897834,-0.686922292654217,5.0,-4.0,12.754106707621547,12.754106707621547,2,mrpp_rl.waypoints.build_direct_waypoint_manager,ec6faec2d11f8fe72ac22357706e1262200eb713da8f1389033e4a9b7a39d29e
pedestrian_dynamic,2,8,20108,20108060332,robot_2,-5.0,-4.0,0.6747,-4.958968763448339,-3.9563282663280557,0.8142559478078945,5.0,4.0,12.74692976025641,12.74692976025641,2,mrpp_rl.waypoints.build_direct_waypoint_manager,ec6faec2d11f8fe72ac22357706e1262200eb713da8f1389033e4a9b7a39d29e
pedestrian_dynamic,2,8,20108,20108060332,robot_3,5.0,-4.0,2.4669,4.973466482749828,-3.9772018779938074,2.505315255561083,-5.0,4.0,12.771287463869966,12.771287463869966,2,mrpp_rl.waypoints.build_direct_waypoint_manager,ec6faec2d11f8fe72ac22357706e1262200eb713da8f1389033e4a9b7a39d29e
pedestrian_dynamic,2,8,20108,20108060332,robot_4,5.0,4.0,-2.4669,4.952134047658698,4.04049014562165,-2.593840819549946,-5.0,-4.0,12.794313341653252,12.794313341653252,2,mrpp_rl.waypoints.build_direct_waypoint_manager,ec6faec2d11f8fe72ac22357706e1262200eb713da8f1389033e4a9b7a39d29e
pedestrian_dynamic,2,9,20109,20109060336,robot_1,-5.0,4.0,-0.6747,-4.995400462988937,4.003858775284996,-0.6301417905174307,5.0,-4.0,12.805068750702828,12.805068750702828,2,mrpp_rl.waypoints.build_direct_waypoint_manager,ec6faec2d11f8fe72ac22357706e1262200eb713da8f1389033e4a9b7a39d29e
pedestrian_dynamic,2,9,20109,20109060336,robot_2,-5.0,-4.0,0.6747,-5.012961267428384,-3.9702504345657257,0.5706171403138464,5.0,4.0,12.797823460757543,12.797823460757543,2,mrpp_rl.waypoints.build_direct_waypoint_manager,ec6faec2d11f8fe72ac22357706e1262200eb713da8f1389033e4a9b7a39d29e
pedestrian_dynamic,2,9,20109,20109060336,robot_3,5.0,-4.0,2.4669,5.010429005005379,-3.9652997467311155,2.5285887821896,-5.0,4.0,12.79275923792548,12.79275923792548,2,mrpp_rl.waypoints.build_direct_waypoint_manager,ec6faec2d11f8fe72ac22357706e1262200eb713da8f1389033e4a9b7a39d29e
pedestrian_dynamic,2,9,20109,20109060336,robot_4,5.0,4.0,-2.4669,4.994994465085988,3.9980238717419763,-2.431513478504031,-5.0,-4.0,12.801105429221886,12.801105429221886,2,mrpp_rl.waypoints.build_direct_waypoint_manager,ec6faec2d11f8fe72ac22357706e1262200eb713da8f1389033e4a9b7a39d29e
pedestrian_dynamic,3,0,30100,30100090300,robot_1,-5.0,4.0,-0.6747,-5.013152573027198,4.000392400144384,-0.7775691606437525,5.0,-4.0,12.816766480162196,12.816766480162196,2,mrpp_rl.waypoints.build_direct_waypoint_manager,ec6faec2d11f8fe72ac22357706e1262200eb713da8f1389033e4a9b7a39d29e
pedestrian_dynamic,3,0,30100,30100090300,robot_2,-5.0,-4.0,0.6747,-5.0302101531780234,-3.9656359145274642,0.7466979968929348,5.0,4.0,12.808453116583802,12.808453116583802,2,mrpp_rl.waypoints.build_direct_waypoint_manager,ec6faec2d11f8fe72ac22357706e1262200eb713da8f1389033e4a9b7a39d29e
pedestrian_dynamic,3,0,30100,30100090300,robot_3,5.0,-4.0,2.4669,4.997708693767395,-4.026019159092413,2.344292300548459,-5.0,4.0,12.820731752421569,12.820731752421569,2,mrpp_rl.waypoints.build_direct_waypoint_manager,ec6faec2d11f8fe72ac22357706e1262200eb713da8f1389033e4a9b7a39d29e
pedestrian_dynamic,3,0,30100,30100090300,robot_4,5.0,4.0,-2.4669,5.014719301328744,3.953894499078641,-2.498781972321525,-5.0,-4.0,12.789020305984346,12.789020305984346,2,mrpp_rl.waypoints.build_direct_waypoint_manager,ec6faec2d11f8fe72ac22357706e1262200eb713da8f1389033e4a9b7a39d29e
pedestrian_dynamic,3,1,30101,30101090304,robot_1,-5.0,4.0,-0.6747,-4.985291202277214,3.973256705729993,-0.5432295183356605,5.0,-4.0,12.7780617814183,12.7780617814183,2,mrpp_rl.waypoints.build_direct_waypoint_manager,ec6faec2d11f8fe72ac22357706e1262200eb713da8f1389033e4a9b7a39d29e
pedestrian_dynamic,3,1,30101,30101090304,robot_2,-5.0,-4.0,0.6747,-5.000029125338263,-4.027426358942572,0.7620791328025558,5.0,4.0,12.823422181923963,12.823422181923963,2,mrpp_rl.waypoints.build_direct_waypoint_manager,ec6faec2d11f8fe72ac22357706e1262200eb713da8f1389033e4a9b7a39d29e
pedestrian_dynamic,3,1,30101,30101090304,robot_3,5.0,-4.0,2.4669,5.017335968960262,-4.015389833755865,2.4756472162398544,-5.0,4.0,12.829399600219096,12.829399600219096,2,mrpp_rl.waypoints.build_direct_waypoint_manager,ec6faec2d11f8fe72ac22357706e1262200eb713da8f1389033e4a9b7a39d29e
pedestrian_dynamic,3,1,30101,30101090304,robot_4,5.0,4.0,-2.4669,4.955107533501532,4.001756695973612,-2.3417165200507903,-5.0,-4.0,12.77232462103659,12.77232462103659,2,mrpp_rl.waypoints.build_direct_waypoint_manager,ec6faec2d11f8fe72ac22357706e1262200eb713da8f1389033e4a9b7a39d29e
pedestrian_dynamic,3,2,30102,30102090308,robot_1,-5.0,4.0,-0.6747,-4.962661540028984,3.965699364771154,-0.7670077013261564,5.0,-4.0,12.75566506816043,12.75566506816043,2,mrpp_rl.waypoints.build_direct_waypoint_manager,ec6faec2d11f8fe72ac22357706e1262200eb713da8f1389033e4a9b7a39d29e
pedestrian_dynamic,3,2,30102,30102090308,robot_2,-5.0,-4.0,0.6747,-4.987654663628716,-3.9619495146253416,0.6910356205528496,5.0,4.0,12.772857384052605,12.772857384052605,2,mrpp_rl.waypoints.build_direct_waypoint_manager,ec6faec2d11f8fe72ac22357706e1262200eb713da8f1389033e4a9b7a39d29e
pedestrian_dynamic,3,2,30102,30102090308,robot_3,5.0,-4.0,2.4669,4.995065411891166,-3.9834048855383193,2.324718599839502,-5.0,4.0,12.792032135451358,12.792032135451358,2,mrpp_rl.waypoints.build_direct_waypoint_manager,ec6faec2d11f8fe72ac22357706e1262200eb713da8f1389033e4a9b7a39d29e
pedestrian_dynamic,3,2,30102,30102090308,robot_4,5.0,4.0,-2.4669,4.976588580319052,4.016187908682732,-2.361980013878658,-5.0,-4.0,12.798108777794623,12.798108777794623,2,mrpp_rl.waypoints.build_direct_waypoint_manager,ec6faec2d11f8fe72ac22357706e1262200eb713da8f1389033e4a9b7a39d29e
pedestrian_dynamic,3,3,30103,30103090312,robot_1,-5.0,4.0,-0.6747,-5.028073457744223,4.023694856037243,-0.6044291481074218,5.0,-4.0,12.842972257881456,12.842972257881456,2,mrpp_rl.waypoints.build_direct_waypoint_manager,ec6faec2d11f8fe72ac22357706e1262200eb713da8f1389033e4a9b7a39d29e
pedestrian_dynamic,3,3,30103,30103090312,robot_2,-5.0,-4.0,0.6747,-5.028790945761498,-4.034504081216573,0.5749153774461162,5.0,4.0,12.850288077116154,12.850288077116154,2,mrpp_rl.waypoints.build_direct_waypoint_manager,ec6faec2d11f8fe72ac22357706e1262200eb713da8f1389033e4a9b7a39d29e
pedestrian_dynamic,3,3,30103,30103090312,robot_3,5.0,-4.0,2.4669,4.977691683877775,-4.006352518749318,2.5770902903969333,-5.0,4.0,12.79281094963133,12.79281094963133,2,mrpp_rl.waypoints.build_direct_waypoint_manager,ec6faec2d11f8fe72ac22357706e1262200eb713da8f1389033e4a9b7a39d29e
pedestrian_dynamic,3,3,30103,30103090312,robot_4,5.0,4.0,-2.4669,5.02916072134685,3.97833466593149,-2.4495592203932564,-5.0,-4.0,12.815533106984297,12.815533106984297,2,mrpp_rl.waypoints.build_direct_waypoint_manager,ec6faec2d11f8fe72ac22357706e1262200eb713da8f1389033e4a9b7a39d29e
pedestrian_dynamic,3,4,30104,30104090316,robot_1,-5.0,4.0,-0.6747,-5.010527792386808,3.9754763793539687,-0.6021631405390322,5.0,-4.0,12.799175370303425,12.799175370303425,2,mrpp_rl.waypoints.build_direct_waypoint_manager,ec6faec2d11f8fe72ac22357706e1262200eb713da8f1389033e4a9b7a39d29e
pedestrian_dynamic,3,4,30104,30104090316,robot_2,-5.0,-4.0,0.6747,-4.9576421067014875,-4.01022144636859,0.6076309237313503,5.0,4.0,12.77960421707252,12.77960421707252,2,mrpp_rl.waypoints.build_direct_waypoint_manager,ec6faec2d11f8fe72ac22357706e1262200eb713da8f1389033e4a9b7a39d29e
pedestrian_dynamic,3,4,30104,30104090316,robot_3,5.0,-4.0,2.4669,5.026156014262029,-3.958988247222819,2.3957598449475275,-5.0,4.0,12.801144415315125,12.801144415315125,2,mrpp_rl.waypoints.build_direct_waypoint_manager,ec6faec2d11f8fe72ac22357706e1262200eb713da8f1389033e4a9b7a39d29e
pedestrian_dynamic,3,4,30104,30104090316,robot_4,5.0,4.0,-2.4669,4.981807832618754,3.9917576711927594,-2.3595884522272814,-5.0,-4.0,12.786894786553827,12.786894786553827,2,mrpp_rl.waypoints.build_direct_waypoint_manager,ec6faec2d11f8fe72ac22357706e1262200eb713da8f1389033e4a9b7a39d29e
pedestrian_dynamic,3,5,30105,30105090320,robot_1,-5.0,4.0,-0.6747,-4.986574211147902,4.016222327080352,-0.5864103518090182,5.0,-4.0,12.805916010654837,12.805916010654837,2,mrpp_rl.waypoints.build_direct_waypoint_manager,ec6faec2d11f8fe72ac22357706e1262200eb713da8f1389033e4a9b7a39d29e
pedestrian_dynamic,3,5,30105,30105090320,robot_2,-5.0,-4.0,0.6747,-4.969437043323458,-4.006173272164697,0.6485290983853491,5.0,4.0,12.786261589092973,12.786261589092973,2,mrpp_rl.waypoints.build_direct_waypoint_manager,ec6faec2d11f8fe72ac22357706e1262200eb713da8f1389033e4a9b7a39d29e
pedestrian_dynamic,3,5,30105,30105090320,robot_3,5.0,-4.0,2.4669,4.95256203399062,-4.037495734444457,2.3452001995798555,-5.0,4.0,12.792764702035457,12.792764702035457,2,mrpp_rl.waypoints.build_direct_waypoint_manager,ec6faec2d11f8fe72ac22357706e1262200eb713da8f1389033e4a9b7a39d29e
pedestrian_dynamic,3,5,30105,30105090320,robot_4,5.0,4.0,-2.4669,4.980468972668482,4.045500458862779,-2.4192738172263124,-5.0,-4.0,12.81951007441234,12.81951007441234,2,mrpp_rl.waypoints.build_direct_waypoint_manager,ec6faec2d11f8fe72ac22357706e1262200eb713da8f1389033e4a9b7a39d29e
pedestrian_dynamic,3,6,30106,30106090324,robot_1,-5.0,4.0,-0.6747,-5.019159787616474,4.047301186753153,-0.5612437085755176,5.0,-4.0,12.850782825964716,12.850782825964716,2,mrpp_rl.waypoints.build_direct_waypoint_manager,ec6faec2d11f8fe72ac22357706e1262200eb713da8f1389033e4a9b7a39d29e
pedestrian_dynamic,3,6,30106,30106090324,robot_2,-5.0,-4.0,0.6747,-5.029624567566875,-3.9587460819161775,0.632636310733276,5.0,4.0,12.803710718489274,12.803710718489274,2,mrpp_rl.waypoints.build_direct_waypoint_manager,ec6faec2d11f8fe72ac22357706e1262200eb713da8f1389033e4a9b7a39d29e
pedestrian_dynamic,3,6,30106,30106090324,robot_3,5.0,-4.0,2.4669,5.0151825053547,-3.962644410576333,2.4509388373196077,-5.0,4.0,12.79482655704427,12.79482655704427,2,mrpp_rl.waypoints.build_direct_waypoint_manager,ec6faec2d11f8fe72ac22357706e1262200eb713da8f1389033e4a9b7a39d29e
pedestrian_dynamic,3,6,30106,30106090324,robot_4,5.0,4.0,-2.4669,5.012223373880779,4.0491989830627055,-2.3998398038011937,-5.0,-4.0,12.846564566350892,12.846564566350892,2,mrpp_rl.waypoints.build_direct_waypoint_manager,ec6faec2d11f8fe72ac22357706e1262200eb713da8f1389033e4a9b7a39d29e
pedestrian_dynamic,3,7,30107,30107090328,robot_1,-5.0,4.0,-0.6747,-4.956163605479325,4.045629796290708,-0.8129316742095158,5.0,-4.0,12.800677816351442,12.800677816351442,2,mrpp_rl.waypoints.build_direct_waypoint_manager,ec6faec2d11f8fe72ac22357706e1262200eb713da8f1389033e4a9b7a39d29e
pedestrian_dynamic,3,7,30107,30107090328,robot_2,-5.0,-4.0,0.6747,-4.984676645381466,-4.02313068007959,0.6723393430011045,5.0,4.0,12.808762376688096,12.808762376688096,2,mrpp_rl.waypoints.build_direct_waypoint_manager,ec6faec2d11f8fe72ac22357706e1262200eb713da8f1389033e4a9b7a39d29e
pedestrian_dynamic,3,7,30107,30107090328,robot_3,5.0,-4.0,2.4669,4.970645355191458,-4.032868298303482,2.5165930336406643,-5.0,4.0,12.80393462560982,12.80393462560982,2,mrpp_rl.waypoints.build_direct_waypoint_manager,ec6faec2d11f8fe72ac22357706e1262200eb713da8f1389033e4a9b7a39d29e
pedestrian_dynamic,3,7,30107,30107090328,robot_4,5.0,4.0,-2.4669,5.017280807717669,3.954841787650316,-2.589058504312379,-5.0,-4.0,12.791615325955375,12.791615325955375,2,mrpp_rl.waypoints.build_direct_waypoint_manager,ec6faec2d11f8fe72ac22357706e1262200eb713da8f1389033e4a9b7a39d29e
pedestrian_dynamic,3,8,30108,30108090332,robot_1,-5.0,4.0,-0.6747,-5.020080325984413,4.038011000955471,-0.5713542714942008,5.0,-4.0,12.845685290815009,12.845685290815009,2,mrpp_rl.waypoints.build_direct_waypoint_manager,ec6faec2d11f8fe72ac22357706e1262200eb713da8f1389033e4a9b7a39d29e
pedestrian_dynamic,3,8,30108,30108090332,robot_2,-5.0,-4.0,0.6747,-5.021870756680983,-3.979147793714762,0.628721033226611,5.0,4.0,12.810335396763062,12.810335396763062,2,mrpp_rl.waypoints.build_direct_waypoint_manager,ec6faec2d11f8fe72ac22357706e1262200eb713da8f1389033e4a9b7a39d29e
pedestrian_dynamic,3,8,30108,30108090332,robot_3,5.0,-4.0,2.4669,5.048840046840597,-3.9948936276677136,2.336729194352188,-5.0,4.0,12.841242556883238,12.841242556883238,2,mrpp_rl.waypoints.build_direct_waypoint_manager,ec6faec2d11f8fe72ac22357706e1262200eb713da8f1389033e4a9b7a39d29e
pedestrian_dynamic,3,8,30108,30108090332,robot_4,5.0,4.0,-2.4669,4.956510428241948,4.033473309626628,-2.4314452989854365,-5.0,-4.0,12.793310491197111,12.793310491197111,2,mrpp_rl.waypoints.build_direct_waypoint_manager,ec6faec2d11f8fe72ac22357706e1262200eb713da8f1389033e4a9b7a39d29e
pedestrian_dynamic,3,9,30109,30109090336,robot_1,-5.0,4.0,-0.6747,-4.9886602250893946,3.988948266060316,-0.6819717572990398,5.0,-4.0,12.790489728312634,12.790489728312634,2,mrpp_rl.waypoints.build_direct_waypoint_manager,ec6faec2d11f8fe72ac22357706e1262200eb713da8f1389033e4a9b7a39d29e
pedestrian_dynamic,3,9,30109,30109090336,robot_2,-5.0,-4.0,0.6747,-5.01243083656248,-3.9590135233330432,0.6382475326511103,5.0,4.0,12.790413109886073,12.790413109886073,2,mrpp_rl.waypoints.build_direct_waypoint_manager,ec6faec2d11f8fe72ac22357706e1262200eb713da8f1389033e4a9b7a39d29e
pedestrian_dynamic,3,9,30109,30109090336,robot_3,5.0,-4.0,2.4669,5.0265633376196375,-3.984389235759138,2.6031170228065057,-5.0,4.0,12.81727130989294,12.81727130989294,2,mrpp_rl.waypoints.build_direct_waypoint_manager,ec6faec2d11f8fe72ac22357706e1262200eb713da8f1389033e4a9b7a39d29e
pedestrian_dynamic,3,9,30109,30109090336,robot_4,5.0,4.0,-2.4669,5.006429655949468,4.033515480225504,-2.5280306168758706,-5.0,-4.0,12.832225271966191,12.832225271966191,2,mrpp_rl.waypoints.build_direct_waypoint_manager,ec6faec2d11f8fe72ac22357706e1262200eb713da8f1389033e4a9b7a39d29e
pedestrian_dynamic,4,0,40100,40100120300,robot_1,-5.0,4.0,-0.6747,-4.956327632733987,3.950756513214628,-0.808892721522124,5.0,-4.0,12.741388820013587,12.741388820013587,2,mrpp_rl.waypoints.build_direct_waypoint_manager,ec6faec2d11f8fe72ac22357706e1262200eb713da8f1389033e4a9b7a39d29e
pedestrian_dynamic,4,0,40100,40100120300,robot_2,-5.0,-4.0,0.6747,-5.010100121375242,-4.045821810147875,0.5549825540887359,5.0,4.0,12.842793817569753,12.842793817569753,2,mrpp_rl.waypoints.build_direct_waypoint_manager,ec6faec2d11f8fe72ac22357706e1262200eb713da8f1389033e4a9b7a39d29e
pedestrian_dynamic,4,0,40100,40100120300,robot_3,5.0,-4.0,2.4669,5.026324949557295,-3.9631696432935333,2.5967379546772147,-5.0,4.0,12.803876864527664,12.803876864527664,2,mrpp_rl.waypoints.build_direct_waypoint_manager,ec6faec2d11f8fe72ac22357706e1262200eb713da8f1389033e4a9b7a39d29e
pedestrian_dynamic,4,0,40100,40100120300,robot_4,5.0,4.0,-2.4669,5.038101455855939,4.0438032388507965,-2.327525794844051,-5.0,-4.0,12.863368586159835,12.863368586159835,2,mrpp_rl.waypoints.build_direct_waypoint_manager,ec6faec2d11f8fe72ac22357706e1262200eb713da8f1389033e4a9b7a39d29e
pedestrian_dynamic,4,1,40101,40101120304,robot_1,-5.0,4.0,-0.6747,-5.023503100643525,4.043922250072837,-0.6243595904735318,5.0,-4.0,12.852054293918433,12.852054293918433,2,mrpp_rl.waypoints.build_direct_waypoint_manager,ec6faec2d11f8fe72ac22357706e1262200eb713da8f1389033e4a9b7a39d29e
pedestrian_dynamic,4,1,40101,40101120304,robot_2,-5.0,-4.0,0.6747,-4.95676019250137,-4.008039253747718,0.6847943216177534,5.0,4.0,12.777549304171917,12.777549304171917,2,mrpp_rl.waypoints.build_direct_waypoint_manager,ec6faec2d11f8fe72ac22357706e1262200eb713da8f1389033e4a9b7a39d29e
pedestrian_dynamic,4,1,40101,40101120304,robot_3,5.0,-4.0,2.4669,5.003559454767862,-3.9824680831298718,2.532892303214153,-5.0,4.0,12.798085734330058,12.798085734330058,2,mrpp_rl.waypoints.build_direct_waypoint_manager,ec6faec2d11f8fe72ac22357706e1262200eb713da8f1389033e4a9b7a39d29e
pedestrian_dynamic,4,1,40101,40101120304,robot_4,5.0,4.0,-2.4669,4.986629170308985,3.9636490184319695,-2.5161403351661518,-5.0,-4.0,12.773115041916705,12.773115041916705,2,mrpp_rl.waypoints.build_direct_waypoint_manager,ec6faec2d11f8fe72ac22357706e1262200eb713da8f1389033e4a9b7a39d29e
pedestrian_dynamic,4,2,40102,40102120308,robot_1,-5.0,4.0,-0.6747,-4.954715806948773,4.018097693506466,-0.601019719753563,5.0,-4.0,12.782263391893059,12.782263391893059,2,mrpp_rl.waypoints.build_direct_waypoint_manager,ec6faec2d11f8fe72ac22357706e1262200eb713da8f1389033e4a9b7a39d29e
pedestrian_dynamic,4,2,40102,40102120308,robot_2,-5.0,-4.0,0.6747,-4.950506073804391,-3.9975534252344422,0.7659703206394902,5.0,4.0,12.766104805863739,12.766104805863739,2,mrpp_rl.waypoints.build_direct_waypoint_manager,ec6faec2d11f8fe72ac22357706e1262200eb713da8f1389033e4a9b7a39d29e
pedestrian_dynamic,4,2,40102,40102120308,robot_3,5.0,-4.0,2.4669,4.952579467793614,-4.012047734605168,2.5355617024562513,-5.0,4.0,12.776805037423825,12.776805037423825,2,mrpp_rl.waypoints.build_direct_waypoint_manager,ec6faec2d11f8fe72ac22357706e1262200eb713da8f1389033e4a9b7a39d29e
pedestrian_dynamic,4,2,40102,40102120308,robot_4,5.0,4.0,-2.4669,5.019601921572472,3.9808833639880383,-2.5399095562468754,-5.0,-4.0,12.809641756753381,12.809641756753381,2,mrpp_rl.waypoints.build_direct_waypoint_manager,ec6faec2d11f8fe72ac22357706e1262200eb713da8f1389033e4a9b7a39d29e
pedestrian_dynamic,4,3,40103,40103120312,robot_1,-5.0,4.0,-0.6747,-5.0489746724905595,4.012054451775231,-0.7245653141117803,5.0,-4.0,12.852039079716807,12.852039079716807,2,mrpp_rl.waypoints.build_direct_waypoint_manager,ec6faec2d11f8fe72ac22357706e1262200eb713da8f1389033e4a9b7a39d29e
pedestrian_dynamic,4,3,40103,40103120312,robot_2,-5.0,-4.0,0.6747,-5.029800211700431,-4.030527190685083,0.5876878421448408,5.0,4.0,12.848589776584761,12.848589776584761,2,mrpp_rl.waypoints.build_direct_waypoint_manager,ec6faec2d11f8fe72ac22357706e1262200eb713da8f1389033e4a9b7a39d29e
pedestrian_dynamic,4,3,40103,40103120312,robot_3,5.0,-4.0,2.4669,5.044461695155688,-3.9526311936338625,2.430114380028433,-5.0,4.0,12.81153986246026,12.81153986246026,2,mrpp_rl.waypoints.build_direct_waypoint_manager,ec6faec2d11f8fe72ac22357706e1262200eb713da8f1389033e4a9b7a39d29e
pedestrian_dynamic,4,3,40103,40103120312,robot_4,5.0,4.0,-2.4669,4.985222352888707,4.0082477540128165,-2.4778123375265717,-5.0,-4.0,12.799870996470222,12.799870996470222,2,mrpp_rl.waypoints.build_direct_waypoint_manager,ec6faec2d11f8fe72ac22357706e1262200eb713da8f1389033e4a9b7a39d29e
pedestrian_dynamic,4,4,40104,40104120316,robot_1,-5.0,4.0,-0.6747,-5.0442477000969745,4.0187178318120464,-0.683107347254319,5.0,-4.0,12.852499660654493,12.852499660654493,2,mrpp_rl.waypoints.build_direct_waypoint_manager,ec6faec2d11f8fe72ac22357706e1262200eb713da8f1389033e4a9b7a39d29e
pedestrian_dynamic,4,4,40104,40104120316,robot_2,-5.0,-4.0,0.6747,-4.983579888184998,-4.015168155610591,0.7758814328221765,5.0,4.0,12.80292107085278,12.80292107085278,2,mrpp_rl.waypoints.build_direct_waypoint_manager,ec6faec2d11f8fe72ac22357706e1262200eb713da8f1389033e4a9b7a39d29e
pedestrian_dynamic,4,4,40104,40104120316,robot_3,5.0,-4.0,2.4669,4.991799454227867,-4.048796627862246,2.4928865356813636,-5.0,4.0,12.830400753296638,12.830400753296638,2,mrpp_rl.waypoints.build_direct_waypoint_manager,ec6faec2d11f8fe72ac22357706e1262200eb713da8f1389033e4a9b7a39d29e
pedestrian_dynamic,4,4,40104,40104120316,robot_4,5.0,4.0,-2.4669,4.952479337438924,3.975771986710183,-2.360137749882553,-5.0,-4.0,12.754010496551256,12.754010496551256,2,mrpp_rl.waypoints.build_direct_waypoint_manager,ec6faec2d11f8fe72ac22357706e1262200eb713da8f1389033e4a9b7a39d29e
pedestrian_dynamic,4,5,40105,40105120320,robot_1,-5.0,4.0,-0.6747,-5.004121688132331,3.9716034559537814,-0.6452148336018555,5.0,-4.0,12.791751733438778,12.791751733438778,2,mrpp_rl.waypoints.build_direct_waypoint_manager,ec6faec2d11f8fe72ac22357706e1262200eb713da8f1389033e4a9b7a39d29e
pedestrian_dynamic,4,5,40105,40105120320,robot_2,-5.0,-4.0,0.6747,-5.004174611918336,-4.039107140023761,0.8096118227142016,5.0,4.0,12.833968726568271,12.833968726568271,2,mrpp_rl.waypoints.build_direct_waypoint_manager,ec6faec2d11f8fe72ac22357706e1262200eb713da8f1389033e4a9b7a39d29e
pedestrian_dynamic,4,5,40105,40105120320,robot_3,5.0,-4.0,2.4669,4.97737053291041,-3.95283900796425,2.4699342239350526,-5.0,4.0,12.759136766944179,12.759136766944179,2,mrpp_rl.waypoints.build_direct_waypoint_manager,ec6faec2d11f8fe72ac22357706e1262200eb713da8f1389033e4a9b7a39d29e
pedestrian_dynamic,4,5,40105,40105120320,robot_4,5.0,4.0,-2.4669,5.03124331367158,3.9636598187437566,-2.335688573794515,-5.0,-4.0,12.808033421519271,12.808033421519271,2,mrpp_rl.waypoints.build_direct_waypoint_manager,ec6faec2d11f8fe72ac22357706e1262200eb713da8f1389033e4a9b7a39d29e
pedestrian_dynamic,4,6,40106,40106120324,robot_1,-5.0,4.0,-0.6747,-5.004230456939632,3.970099594634685,-0.5717763973645186,5.0,-4.0,12.790899678441486,12.790899678441486,2,mrpp_rl.waypoints.build_direct_waypoint_manager,ec6faec2d11f8fe72ac22357706e1262200eb713da8f1389033e4a9b7a39d29e
pedestrian_dynamic,4,6,40106,40106120324,robot_2,-5.0,-4.0,0.6747,-4.9856509573440055,-3.960281122615531,0.8128566175193787,5.0,4.0,12.770250608072438,12.770250608072438,2,mrpp_rl.waypoints.build_direct_waypoint_manager,ec6faec2d11f8fe72ac22357706e1262200eb713da8f1389033e4a9b7a39d29e
pedestrian_dynamic,4,6,40106,40106120324,robot_3,5.0,-4.0,2.4669,4.993172846089878,-3.9860968597560302,2.601350740446089,-5.0,4.0,12.79223383874893,12.79223383874893,2,mrpp_rl.waypoints.build_direct_waypoint_manager,ec6faec2d11f8fe72ac22357706e1262200eb713da8f1389033e4a9b7a39d29e
pedestrian_dynamic,4,6,40106,40106120324,robot_4,5.0,4.0,-2.4669,5.023317064396198,3.9821080082007287,-2.5844375155061954,-5.0,-4.0,12.81331078324405,12.81331078324405,2,mrpp_rl.waypoints.build_direct_waypoint_manager,ec6faec2d11f8fe72ac22357706e1262200eb713da8f1389033e4a9b7a39d29e
pedestrian_dynamic,4,7,40107,40107120328,robot_1,-5.0,4.0,-0.6747,-5.027505615153803,4.000353161328735,-0.6547508716431383,5.0,-4.0,12.827958511311289,12.827958511311289,2,mrpp_rl.waypoints.build_direct_waypoint_manager,ec6faec2d11f8fe72ac22357706e1262200eb713da8f1389033e4a9b7a39d29e
pedestrian_dynamic,4,7,40107,40107120328,robot_2,-5.0,-4.0,0.6747,-5.019175188837726,-3.9845853840162544,0.7888387448421091,5.0,4.0,12.811614856030737,12.811614856030737,2,mrpp_rl.waypoints.build_direct_waypoint_manager,ec6faec2d11f8fe72ac22357706e1262200eb713da8f1389033e4a9b7a39d29e
pedestrian_dynamic,4,7,40107,40107120328,robot_3,5.0,-4.0,2.4669,5.047901788560872,-4.030578313071932,2.4114758465838846,-5.0,4.0,12.862757029305419,12.862757029305419,2,mrpp_rl.waypoints.build_direct_waypoint_manager,ec6faec2d11f8fe72ac22357706e1262200eb713da8f1389033e4a9b7a39d29e
pedestrian_dynamic,4,7,40107,40107120328,robot_4,5.0,4.0,-2.4669,4.99080822737248,4.005760448145424,-2.53506149581827,-5.0,-4.0,12.802673525058086,12.802673525058086,2,mrpp_rl.waypoints.build_direct_waypoint_manager,ec6faec2d11f8fe72ac22357706e1262200eb713da8f1389033e4a9b7a39d29e
pedestrian_dynamic,4,8,40108,40108120332,robot_1,-5.0,4.0,-0.6747,-5.006734474684975,3.992755773104204,-0.611833783808019,5.0,-4.0,12.806985581913464,12.806985581913464,2,mrpp_rl.waypoints.build_direct_waypoint_manager,ec6faec2d11f8fe72ac22357706e1262200eb713da8f1389033e4a9b7a39d29e
pedestrian_dynamic,4,8,40108,40108120332,robot_2,-5.0,-4.0,0.6747,-5.046207859296408,-3.972084337540999,0.6609794789980512,5.0,4.0,12.824992048225816,12.824992048225816,2,mrpp_rl.waypoints.build_direct_waypoint_manager,ec6faec2d11f8fe72ac22357706e1262200eb713da8f1389033e4a9b7a39d29e
pedestrian_dynamic,4,8,40108,40108120332,robot_3,5.0,-4.0,2.4669,5.0268489726596455,-4.043018674820793,2.3979534522926755,-5.0,4.0,12.854098557426804,12.854098557426804,2,mrpp_rl.waypoints.build_direct_waypoint_manager,ec6faec2d11f8fe72ac22357706e1262200eb713da8f1389033e4a9b7a39d29e
pedestrian_dynamic,4,8,40108,40108120332,robot_4,5.0,4.0,-2.4669,4.9686758160060505,4.001218648195798,-2.5869183055495717,-5.0,-4.0,12.782566150067838,12.782566150067838,2,mrpp_rl.waypoints.build_direct_waypoint_manager,ec6faec2d11f8fe72ac22357706e1262200eb713da8f1389033e4a9b7a39d29e
pedestrian_dynamic,4,9,40109,40109120336,robot_1,-5.0,4.0,-0.6747,-4.973254581005843,3.96621765146222,-0.6596400223236778,5.0,-4.0,12.764263809872556,12.764263809872556,2,mrpp_rl.waypoints.build_direct_waypoint_manager,ec6faec2d11f8fe72ac22357706e1262200eb713da8f1389033e4a9b7a39d29e
pedestrian_dynamic,4,9,40109,40109120336,robot_2,-5.0,-4.0,0.6747,-4.968843214227368,-3.9892985504211147,0.7399281791943308,5.0,4.0,12.77523879845727,12.77523879845727,2,mrpp_rl.waypoints.build_direct_waypoint_manager,ec6faec2d11f8fe72ac22357706e1262200eb713da8f1389033e4a9b7a39d29e
pedestrian_dynamic,4,9,40109,40109120336,robot_3,5.0,-4.0,2.4669,4.995804794136662,-4.033697553893619,2.353560995697196,-5.0,4.0,12.824055905598735,12.824055905598735,2,mrpp_rl.waypoints.build_direct_waypoint_manager,ec6faec2d11f8fe72ac22357706e1262200eb713da8f1389033e4a9b7a39d29e
pedestrian_dynamic,4,9,40109,40109120336,robot_4,5.0,4.0,-2.4669,5.029565145350144,4.009729556594334,-2.5365397394218885,-5.0,-4.0,12.835417584738071,12.835417584738071,2,mrpp_rl.waypoints.build_direct_waypoint_manager,ec6faec2d11f8fe72ac22357706e1262200eb713da8f1389033e4a9b7a39d29e
pedestrian_dynamic,5,0,50100,50100150300,robot_1,-5.0,4.0,-0.6747,-4.999000119024259,3.950340173960109,-0.5462683735512491,5.0,-4.0,12.774502427176223,12.774502427176223,2,mrpp_rl.waypoints.build_direct_waypoint_manager,ec6faec2d11f8fe72ac22357706e1262200eb713da8f1389033e4a9b7a39d29e
pedestrian_dynamic,5,0,50100,50100150300,robot_2,-5.0,-4.0,0.6747,-5.0329159338817755,-4.036949031478061,0.7970695648473389,5.0,4.0,12.855036050937972,12.855036050937972,2,mrpp_rl.waypoints.build_direct_waypoint_manager,ec6faec2d11f8fe72ac22357706e1262200eb713da8f1389033e4a9b7a39d29e
pedestrian_dynamic,5,0,50100,50100150300,robot_3,5.0,-4.0,2.4669,4.9810549662114285,-4.021127359774736,2.490527845094586,-5.0,4.0,12.804684391278867,12.804684391278867,2,mrpp_rl.waypoints.build_direct_waypoint_manager,ec6faec2d11f8fe72ac22357706e1262200eb713da8f1389033e4a9b7a39d29e
pedestrian_dynamic,5,0,50100,50100150300,robot_4,5.0,4.0,-2.4669,5.047234890450392,4.037627517211625,-2.5019535557848416,-5.0,-4.0,12.866638451799336,12.866638451799336,2,mrpp_rl.waypoints.build_direct_waypoint_manager,ec6faec2d11f8fe72ac22357706e1262200eb713da8f1389033e4a9b7a39d29e
pedestrian_dynamic,5,1,50101,50101150304,robot_1,-5.0,4.0,-0.6747,-5.04404415177691,4.037569924187311,-0.6695680462400477,5.0,-4.0,12.864111053976654,12.864111053976654,2,mrpp_rl.waypoints.build_direct_waypoint_manager,ec6faec2d11f8fe72ac22357706e1262200eb713da8f1389033e4a9b7a39d29e
pedestrian_dynamic,5,1,50101,50101150304,robot_2,-5.0,-4.0,0.6747,-4.961631425063338,-4.0139866391511445,0.6779977438760754,5.0,4.0,12.785072643567673,12.785072643567673,2,mrpp_rl.waypoints.build_direct_waypoint_manager,ec6faec2d11f8fe72ac22357706e1262200eb713da8f1389033e4a9b7a39d29e
pedestrian_dynamic,5,1,50101,50101150304,robot_3,5.0,-4.0,2.4669,5.033270619129979,-4.0389617327488665,2.5150063458711265,-5.0,4.0,12.856571279205726,12.856571279205726,2,mrpp_rl.waypoints.build_direct_waypoint_manager,ec6faec2d11f8fe72ac22357706e1262200eb713da8f1389033e4a9b7a39d29e
pedestrian_dynamic,5,1,50101,50101150304,robot_4,5.0,4.0,-2.4669,4.986979901143049,3.9659697880210567,-2.5446900438639126,-5.0,-4.0,12.774836288951004,12.774836288951004,2,mrpp_rl.waypoints.build_direct_waypoint_manager,ec6faec2d11f8fe72ac22357706e1262200eb713da8f1389033e4a9b7a39d29e
pedestrian_dynamic,5,2,50102,50102150308,robot_1,-5.0,4.0,-0.6747,-4.986426773099279,4.015896700488211,-0.5515494864280642,5.0,-4.0,12.805597198388362,12.805597198388362,2,mrpp_rl.waypoints.build_direct_waypoint_manager,ec6faec2d11f8fe72ac22357706e1262200eb713da8f1389033e4a9b7a39d29e
pedestrian_dynamic,5,2,50102,50102150308,robot_2,-5.0,-4.0,0.6747,-4.967570281352786,-3.967881150024723,0.7440529640391008,5.0,4.0,12.760861543588135,12.760861543588135,2,mrpp_rl.waypoints.build_direct_waypoint_manager,ec6faec2d11f8fe72ac22357706e1262200eb713da8f1389033e4a9b7a39d29e
pedestrian_dynamic,5,2,50102,50102150308,robot_3,5.0,-4.0,2.4669,5.021526299604111,-3.9932434773290084,2.345315848208898,-5.0,4.0,12.81885059829935,12.81885059829935,2,mrpp_rl.waypoints.build_direct_waypoint_manager,ec6faec2d11f8fe72ac22357706e1262200eb713da8f1389033e4a9b7a39d29e
pedestrian_dynamic,5,2,50102,50102150308,robot_4,5.0,4.0,-2.4669,4.975486404985202,4.011291074765779,-2.3546042406048966,-5.0,-4.0,12.794182807067687,12.794182807067687,2,mrpp_rl.waypoints.build_direct_waypoint_manager,ec6faec2d11f8fe72ac22357706e1262200eb713da8f1389033e4a9b7a39d29e
pedestrian_dynamic,5,3,50103,50103150312,robot_1,-5.0,4.0,-0.6747,-4.965079265842879,4.017486175108761,-0.6440345661946727,5.0,-4.0,12.789952671632204,12.789952671632204,2,mrpp_rl.waypoints.build_direct_waypoint_manager,ec6faec2d11f8fe72ac22357706e1262200eb713da8f1389033e4a9b7a39d29e
pedestrian_dynamic,5,3,50103,50103150312,robot_2,-5.0,-4.0,0.6747,-5.04537159572377,-3.9667957362440265,0.532465836438352,5.0,4.0,12.821050066168915,12.821050066168915,2,mrpp_rl.waypoints.build_direct_waypoint_manager,ec6faec2d11f8fe72ac22357706e1262200eb713da8f1389033e4a9b7a39d29e
pedestrian_dynamic,5,3,50103,50103150312,robot_3,5.0,-4.0,2.4669,4.99442088363278,-3.9631133015534807,2.608838469947978,-5.0,4.0,12.778874060439481,12.778874060439481,2,mrpp_rl.waypoints.build_direct_waypoint_manager,ec6faec2d11f8fe72ac22357706e1262200eb713da8f1389033e4a9b7a39d29e
pedestrian_dynamic,5,3,50103,50103150312,robot_4,5.0,4.0,-2.4669,5.02895154810408,3.995144652479577,-2.5436385542619293,-5.0,-4.0,12.825841382470468,12.825841382470468,2,mrpp_rl.waypoints.build_direct_waypoint_manager,ec6faec2d11f8fe72ac22357706e1262200eb713da8f1389033e4a9b7a39d29e
pedestrian_dynamic,5,4,50104,50104150316,robot_1,-5.0,4.0,-0.6747,-4.956865478863058,3.977534246291569,-0.5819071969201189,5.0,-4.0,12.758535292694443,12.758535292694443,2,mrpp_rl.waypoints.build_direct_waypoint_manager,ec6faec2d11f8fe72ac22357706e1262200eb713da8f1389033e4a9b7a39d29e
pedestrian_dynamic,5,4,50104,50104150316,robot_2,-5.0,-4.0,0.6747,-5.011107160420052,-4.008539740223066,0.7445943413721072,5.0,4.0,12.820256446270713,12.820256446270713,2,mrpp_rl.waypoints.build_direct_waypoint_manager,ec6faec2d11f8fe72ac22357706e1262200eb713da8f1389033e4a9b7a39d29e
pedestrian_dynamic,5,4,50104,50104150316,robot_3,5.0,-4.0,2.4669,5.049909658136088,-4.005598263349585,2.513038499478639,-5.0,4.0,12.848746541621985,12.848746541621985,2,mrpp_rl.waypoints.build_direct_waypoint_manager,ec6faec2d11f8fe72ac22357706e1262200eb713da8f1389033e4a9b7a39d29e
pedestrian_dynamic,5,4,50104,50104150316,robot_4,5.0,4.0,-2.4669,4.967016307201044,4.044229658643445,-2.4890847523358297,-5.0,-4.0,12.808241287117072,12.808241287117072,2,mrpp_rl.waypoints.build_direct_waypoint_manager,ec6faec2d11f8fe72ac22357706e1262200eb713da8f1389033e4a9b7a39d29e
pedestrian_dynamic,5,5,50105,50105150320,robot_1,-5.0,4.0,-0.6747,-5.0045504388944195,4.017626302493074,-0.6629466345571343,5.0,-4.0,12.820817486058028,12.820817486058028,2,mrpp_rl.waypoints.build_direct_waypoint_manager,ec6faec2d11f8fe72ac22357706e1262200eb713da8f1389033e4a9b7a39d29e
pedestrian_dynamic,5,5,50105,50105150320,robot_2,-5.0,-4.0,0.6747,-5.001434281331065,-4.0173010090532735,0.534062641657503,5.0,4.0,12.818182521463442,12.818182521463442,2,mrpp_rl.waypoints.build_direct_waypoint_manager,ec6faec2d11f8fe72ac22357706e1262200eb713da8f1389033e4a9b7a39d29e
pedestrian_dynamic,5,5,50105,50105150320,robot_3,5.0,-4.0,2.4669,4.9517367119269675,-3.990604492011283,2.527337096818183,-5.0,4.0,12.762712240400386,12.762712240400386,2,mrpp_rl.waypoints.build_direct_waypoint_manager,ec6faec2d11f8fe72ac22357706e1262200eb713da8f1389033e4a9b7a39d29e
pedestrian_dynamic,5,5,50105,50105150320,robot_4,5.0,4.0,-2.4669,5.007098186695026,4.001840559002056,-2.3551466447907488,-5.0,-4.0,12.812941366050387,12.812941366050387,2,mrpp_rl.waypoints.build_direct_waypoint_manager,ec6faec2d11f8fe72ac22357706e1262200eb713da8f1389033e4a9b7a39d29e
pedestrian_dynamic,5,6,50106,50106150324,robot_1,-5.0,4.0,-0.6747,-5.037005123145382,3.9978751173731277,-0.6850103861041521,5.0,-4.0,12.833841133314019,12.833841133314019,2,mrpp_rl.waypoints.build_direct_waypoint_manager,ec6faec2d11f8fe72ac22357706e1262200eb713da8f1389033e4a9b7a39d29e
pedestrian_dynamic,5,6,50106,50106150324,robot_2,-5.0,-4.0,0.6747,-4.992837524578434,-4.000226190076211,0.6569761046474354,5.0,4.0,12.80079766596614,12.80079766596614,2,mrpp_rl.waypoints.build_direct_waypoint_manager,ec6faec2d11f8fe72ac22357706e1262200eb713da8f1389033e4a9b7a39d29e
pedestrian_dynamic,5,6,50106,50106150324,robot_3,5.0,-4.0,2.4669,5.028558060644071,-4.030498444589928,2.3596515169070704,-5.0,4.0,12.847602190458359,12.847602190458359,2,mrpp_rl.waypoints.build_direct_waypoint_manager,ec6faec2d11f8fe72ac22357706e1262200eb713da8f1389033e4a9b7a39d29e
pedestrian_dynamic,5,6,50106,50106150324,robot_4,5.0,4.0,-2.4669,5.00775370870422,4.001853972258224,-2.432704670050247,-5.0,-4.0,12.813461721464181,12.813461721464181,2,mrpp_rl.waypoints.build_direct_waypoint_manager,ec6faec2d11f8fe72ac22357706e1262200eb713da8f1389033e4a9b7a39d29e
pedestrian_dynamic,5,7,50107,50107150328,robot_1,-5.0,4.0,-0.6747,-5.029048423721845,3.9642386984625424,-0.6266254062061917,5.0,-4.0,12.806674444657597,12.806674444657597,2,mrpp_rl.waypoints.build_direct_waypoint_manager,ec6faec2d11f8fe72ac22357706e1262200eb713da8f1389033e4a9b7a39d29e
pedestrian_dynamic,5,7,50107,50107150328,robot_2,-5.0,-4.0,0.6747,-5.048742764961462,-4.008129635890817,0.8095889048978336,5.0,4.0,12.849411325877856,12.849411325877856,2,mrpp_rl.waypoints.build_direct_waypoint_manager,ec6faec2d11f8fe72ac22357706e1262200eb713da8f1389033e4a9b7a39d29e
pedestrian_dynamic,5,7,50107,50107150328,robot_3,5.0,-4.0,2.4669,5.0040198560983775,-4.045305756340399,2.5780972181629935,-5.0,4.0,12.837731808782054,12.837731808782054,2,mrpp_rl.waypoints.build_direct_waypoint_manager,ec6faec2d11f8fe72ac22357706e1262200eb713da8f1389033e4a9b7a39d29e
pedestrian_dynamic,5,7,50107,50107150328,robot_4,5.0,4.0,-2.4669,4.975649856353919,4.024051649523034,-2.458645096126125,-5.0,-4.0,12.802304282073102,12.802304282073102,2,mrpp_rl.waypoints.build_direct_waypoint_manager,ec6faec2d11f8fe72ac22357706e1262200eb713da8f1389033e4a9b7a39d29e
pedestrian_dynamic,5,8,50108,50108150332,robot_1,-5.0,4.0,-0.6747,-5.020550508011416,4.049741548928779,-0.7298314810650768,5.0,-4.0,12.853395329178907,12.853395329178907,2,mrpp_rl.waypoints.build_direct_waypoint_manager,ec6faec2d11f8fe72ac22357706e1262200eb713da8f1389033e4a9b7a39d29e
pedestrian_dynamic,5,8,50108,50108150332,robot_2,-5.0,-4.0,0.6747,-5.012215681225701,-3.9826765664374544,0.607758640961127,5.0,4.0,12.804982936799702,12.804982936799702,2,mrpp_rl.waypoints.build_direct_waypoint_manager,ec6faec2d11f8fe72ac22357706e1262200eb713da8f1389033e4a9b7a39d29e
pedestrian_dynamic,5,8,50108,50108150332,robot_3,5.0,-4.0,2.4669,4.9604326294180465,-4.023103074262962,2.5144691162100328,-5.0,4.0,12.78985539814362,12.78985539814362,2,mrpp_rl.waypoints.build_direct_waypoint_manager,ec6faec2d11f8fe72ac22357706e1262200eb713da8f1389033e4a9b7a39d29e
pedestrian_dynamic,5,8,50108,50108150332,robot_4,5.0,4.0,-2.4669,4.969524586182494,4.02766001691491,-2.482177866756755,-5.0,-4.0,12.799794757013549,12.799794757013549,2,mrpp_rl.waypoints.build_direct_waypoint_manager,ec6faec2d11f8fe72ac22357706e1262200eb713da8f1389033e4a9b7a39d29e
pedestrian_dynamic,5,9,50109,50109150336,robot_1,-5.0,4.0,-0.6747,-4.993311688932438,3.959323200982714,-0.7472035684072316,5.0,-4.0,12.775644967274857,12.775644967274857,2,mrpp_rl.waypoints.build_direct_waypoint_manager,ec6faec2d11f8fe72ac22357706e1262200eb713da8f1389033e4a9b7a39d29e
pedestrian_dynamic,5,9,50109,50109150336,robot_2,-5.0,-4.0,0.6747,-4.9885980107759265,-4.049055266582866,0.8138076469422518,5.0,4.0,12.828070038216278,12.828070038216278,2,mrpp_rl.waypoints.build_direct_waypoint_manager,ec6faec2d11f8fe72ac22357706e1262200eb713da8f1389033e4a9b7a39d29e
pedestrian_dynamic,5,9,50109,50109150336,robot_3,5.0,-4.0,2.4669,4.978680340894785,-4.001893864678034,2.559043933869118,-5.0,4.0,12.790792265037066,12.790792265037066,2,mrpp_rl.waypoints.build_direct_waypoint_manager,ec6faec2d11f8fe72ac22357706e1262200eb713da8f1389033e4a9b7a39d29e
pedestrian_dynamic,5,9,50109,50109150336,robot_4,5.0,4.0,-2.4669,5.014420407701117,3.9912131108216107,-2.5145289217708164,-5.0,-4.0,12.812029623941235,12.812029623941235,2,mrpp_rl.waypoints.build_direct_waypoint_manager,ec6faec2d11f8fe72ac22357706e1262200eb713da8f1389033e4a9b7a39d29e
pedestrian_dynamic,6,0,60100,60100180300,robot_1,-5.0,4.0,-0.6747,-4.954126502987233,4.0182150748601915,-0.6687503789664486,5.0,-4.0,12.781878086736238,12.781878086736238,2,mrpp_rl.waypoints.build_direct_waypoint_manager,ec6faec2d11f8fe72ac22357706e1262200eb713da8f1389033e4a9b7a39d29e
pedestrian_dynamic,6,0,60100,60100180300,robot_2,-5.0,-4.0,0.6747,-4.97334762215013,-3.9872284925915626,0.6150877113672912,5.0,4.0,12.777459911309215,12.777459911309215,2,mrpp_rl.waypoints.build_direct_waypoint_manager,ec6faec2d11f8fe72ac22357706e1262200eb713da8f1389033e4a9b7a39d29e
pedestrian_dynamic,6,0,60100,60100180300,robot_3,5.0,-4.0,2.4669,5.02279157682944,-4.033671544502776,2.4253927832289532,-5.0,4.0,12.845085810438047,12.845085810438047,2,mrpp_rl.waypoints.build_direct_waypoint_manager,ec6faec2d11f8fe72ac22357706e1262200eb713da8f1389033e4a9b7a39d29e
pedestrian_dynamic,6,0,60100,60100180300,robot_4,5.0,4.0,-2.4669,4.953429585357795,3.975348207386703,-2.460844927071879,-5.0,-4.0,12.754487035539382,12.754487035539382,2,mrpp_rl.waypoints.build_direct_waypoint_manager,ec6faec2d11f8fe72ac22357706e1262200eb713da8f1389033e4a9b7a39d29e
pedestrian_dynamic,6,1,60101,60101180304,robot_1,-5.0,4.0,-0.6747,-5.035763409179034,4.01064664061524,-0.5868624572163004,5.0,-4.0,12.840833571299685,12.840833571299685,2,mrpp_rl.waypoints.build_direct_waypoint_manager,ec6faec2d11f8fe72ac22357706e1262200eb713da8f1389033e4a9b7a39d29e
pedestrian_dynamic,6,1,60101,60101180304,robot_2,-5.0,-4.0,0.6747,-5.017006655980065,-3.9730754713758243,0.6285893249258432,5.0,4.0,12.802747940118314,12.802747940118314,2,mrpp_rl.waypoints.build_direct_waypoint_manager,ec6faec2d11f8fe72ac22357706e1262200eb713da8f1389033e4a9b7a39d29e
pedestrian_dynamic,6,1,60101,60101180304,robot_3,5.0,-4.0,2.4669,5.049747535565177,-4.020649401091422,2.604033498804984,-5.0,4.0,12.858003046500905,12.858003046500905,2,mrpp_rl.waypoints.build_direct_waypoint_manager,ec6faec2d11f8fe72ac22357706e1262200eb713da8f1389033e4a9b7a39d29e
pedestrian_dynamic,6,1,60101,60101180304,robot_4,5.0,4.0,-2.4669,4.987595198742538,4.038241791268065,-2.329008980708013,-5.0,-4.0,12.820506579259394,12.820506579259394,2,mrpp_rl.waypoints.build_direct_waypoint_manager,ec6faec2d11f8fe72ac22357706e1262200eb713da8f1389033e4a9b7a39d29e
pedestrian_dynamic,6,2,60102,60102180308,robot_1,-5.0,4.0,-0.6747,-5.00049109426203,3.984640761384443,-0.5317187253928743,5.0,-4.0,12.797043026214146,12.797043026214146,2,mrpp_rl.waypoints.build_direct_waypoint_manager,ec6faec2d11f8fe72ac22357706e1262200eb713da8f1389033e4a9b7a39d29e
pedestrian_dynamic,6,2,60102,60102180308,robot_2,-5.0,-4.0,0.6747,-4.968321003909567,-3.9700625395794527,0.7845824035785895,5.0,4.0,12.762810055853386,12.762810055853386,2,mrpp_rl.waypoints.build_direct_waypoint_manager,ec6faec2d11f8fe72ac22357706e1262200eb713da8f1389033e4a9b7a39d29e
pedestrian_dynamic,6,2,60102,60102180308,robot_3,5.0,-4.0,2.4669,4.981663403674277,-3.9540287364967517,2.354671946052386,-5.0,4.0,12.763235383133324,12.763235383133324,2,mrpp_rl.waypoints.build_direct_waypoint_manager,ec6faec2d11f8fe72ac22357706e1262200eb713da8f1389033e4a9b7a39d29e
pedestrian_dynamic,6,2,60102,60102180308,robot_4,5.0,4.0,-2.4669,5.028336486762375,3.96011508671628,-2.352924681815432,-5.0,-4.0,12.803552822771406,12.803552822771406,2,mrpp_rl.waypoints.build_direct_waypoint_manager,ec6faec2d11f8fe72ac22357706e1262200eb713da8f1389033e4a9b7a39d29e
pedestrian_dynamic,6,3,60103,60103180312,robot_1,-5.0,4.0,-0.6747,-5.039989259527376,4.02732169957876,-0.593112036132923,5.0,-4.0,12.85454308794961,12.85454308794961,2,mrpp_rl.waypoints.build_direct_waypoint_manager,ec6faec2d11f8fe72ac22357706e1262200eb713da8f1389033e4a9b7a39d29e
pedestrian_dynamic,6,3,60103,60103180312,robot_2,-5.0,-4.0,0.6747,-5.013316527354254,-3.9511988097825284,0.5598031269850805,5.0,4.0,12.786245359356787,12.786245359356787,2,mrpp_rl.waypoints.build_direct_waypoint_manager,ec6faec2d11f8fe72ac22357706e1262200eb713da8f1389033e4a9b7a39d29e
pedestrian_dynamic,6,3,60103,60103180312,robot_3,5.0,-4.0,2.4669,5.018145744601754,-4.03993402383032,2.3523352180085193,-5.0,4.0,12.845379841313632,12.845379841313632,2,mrpp_rl.waypoints.build_direct_waypoint_manager,ec6faec2d11f8fe72ac22357706e1262200eb713da8f1389033e4a9b7a39d29e
pedestrian_dynamic,6,3,60103,60103180312,robot_4,5.0,4.0,-2.4669,4.970431261706107,4.006680710017231,-2.524374312327139,-5.0,-4.0,12.787354516731304,12.787354516731304,2,mrpp_rl.waypoints.build_direct_waypoint_manager,ec6faec2d11f8fe72ac22357706e1262200eb713da8f1389033e4a9b7a39d29e
pedestrian_dynamic,6,4,60104,60104180316,robot_1,-5.0,4.0,-0.6747,-5.010937221325072,4.008589211572995,-0.7357734161692744,5.0,-4.0,12.820154648405579,12.820154648405579,2,mrpp_rl.waypoints.build_direct_waypoint_manager,ec6faec2d11f8fe72ac22357706e1262200eb713da8f1389033e4a9b7a39d29e
pedestrian_dynamic,6,4,60104,60104180316,robot_2,-5.0,-4.0,0.6747,-4.989484745656824,-4.024721661624028,0.7749774361136877,5.0,4.0,12.813507062090702,12.813507062090702,2,mrpp_rl.waypoints.build_direct_waypoint_manager,ec6faec2d11f8fe72ac22357706e1262200eb713da8f1389033e4a9b7a39d29e
pedestrian_dynamic,6,4,60104,60104180316,robot_3,5.0,-4.0,2.4669,4.99267345476999,-3.953509351757802,2.466080615744327,-5.0,4.0,12.771524332755412,12.771524332755412,2,mrpp_rl.waypoints.build_direct_waypoint_manager,ec6faec2d11f8fe72ac22357706e1262200eb713da8f1389033e4a9b7a39d29e
pedestrian_dynamic,6,4,60104,60104180316,robot_4,5.0,4.0,-2.4669,5.0074975658065854,3.986795543182128,-2.5238508166027134,-5.0,-4.0,12.803863111507347,12.803863111507347,2,mrpp_rl.waypoints.build_direct_waypoint_manager,ec6faec2d11f8fe72ac22357706e1262200eb713da8f1389033e4a9b7a39d29e
pedestrian_dynamic,6,5,60105,60105180320,robot_1,-5.0,4.0,-0.6747,-4.985772722095652,4.022276090669034,-0.802707551977727,5.0,-4.0,12.809081564744197,12.809081564744197,2,mrpp_rl.waypoints.build_direct_waypoint_manager,ec6faec2d11f8fe72ac22357706e1262200eb713da8f1389033e4a9b7a39d29e
pedestrian_dynamic,6,5,60105,60105180320,robot_2,-5.0,-4.0,0.6747,-4.9704603060494,-4.0417572531198775,0.6891812776450771,5.0,4.0,12.80936916606797,12.80936916606797,2,mrpp_rl.waypoints.build_direct_waypoint_manager,ec6faec2d11f8fe72ac22357706e1262200eb713da8f1389033e4a9b7a39d29e
pedestrian_dynamic,6,5,60105,60105180320,robot_3,5.0,-4.0,2.4669,5.010191773997533,-4.009446997804941,2.395528393740089,-5.0,4.0,12.820108445830499,12.820108445830499,2,mrpp_rl.waypoints.build_direct_waypoint_manager,ec6faec2d11f8fe72ac22357706e1262200eb713da8f1389033e4a9b7a39d29e
pedestrian_dynamic,6,5,60105,60105180320,robot_4,5.0,4.0,-2.4669,4.968950780965928,4.019046966877935,-2.5356947461600234,-5.0,-4.0,12.793947550709882,12.793947550709882,2,mrpp_rl.waypoints.build_direct_waypoint_manager,ec6faec2d11f8fe72ac22357706e1262200eb713da8f1389033e4a9b7a39d29e
pedestrian_dynamic,6,6,60106,60106180324,robot_1,-5.0,4.0,-0.6747,-5.049789854317097,3.9693254399897873,-0.6975249335805584,5.0,-4.0,12.826083739177882,12.826083739177882,2,mrpp_rl.waypoints.build_direct_waypoint_manager,ec6faec2d11f8fe72ac22357706e1262200eb713da8f1389033e4a9b7a39d29e
pedestrian_dynamic,6,6,60106,60106180324,robot_2,-5.0,-4.0,0.6747,-4.985103517823741,-3.950332760305727,0.738580580548126,5.0,4.0,12.76362343777215,12.76362343777215,2,mrpp_rl.waypoints.build_direct_waypoint_manager,ec6faec2d11f8fe72ac22357706e1262200eb713da8f1389033e4a9b7a39d29e
pedestrian_dynamic,6,6,60106,60106180324,robot_3,5.0,-4.0,2.4669,4.999127595860942,-3.9823187573273935,2.3291483788726786,-5.0,4.0,12.79452872996456,12.79452872996456,2,mrpp_rl.waypoints.build_direct_waypoint_manager,ec6faec2d11f8fe72ac22357706e1262200eb713da8f1389033e4a9b7a39d29e
pedestrian_dynamic,6,6,60106,60106180324,robot_4,5.0,4.0,-2.4669,4.954759769293383,3.969017518558949,-2.4110752564074187,-5.0,-4.0,12.751567835973797,12.751567835973797,2,mrpp_rl.waypoints.build_direct_waypoint_manager,ec6faec2d11f8fe72ac22357706e1262200eb713da8f1389033e4a9b7a39d29e
pedestrian_dynamic,6,7,60107,60107180328,robot_1,-5.0,4.0,-0.6747,-5.0118132044372095,3.963993168460985,-0.7440444324873937,5.0,-4.0,12.793028993472833,12.793028993472833,2,mrpp_rl.waypoints.build_direct_waypoint_manager,ec6faec2d11f8fe72ac22357706e1262200eb713da8f1389033e4a9b7a39d29e
pedestrian_dynamic,6,7,60107,60107180328,robot_2,-5.0,-4.0,0.6747,-5.024963118733086,-4.021611366484074,0.6605545405076801,5.0,4.0,12.839241973218867,12.839241973218867,2,mrpp_rl.waypoints.build_direct_waypoint_manager,ec6faec2d11f8fe72ac22357706e1262200eb713da8f1389033e4a9b7a39d29e
pedestrian_dynamic,6,7,60107,60107180328,robot_3,5.0,-4.0,2.4669,5.01618287124725,-3.985200970359886,2.4426486215951373,-5.0,4.0,12.8096586155644,12.8096586155644,2,mrpp_rl.waypoints.build_direct_waypoint_manager,ec6faec2d11f8fe72ac22357706e1262200eb713da8f1389033e4a9b7a39d29e
pedestrian_dynamic,6,7,60107,60107180328,robot_4,5.0,4.0,-2.4669,4.962688456672662,3.988368929330353,-2.567925320877839,-5.0,-4.0,12.769855106296598,12.769855106296598,2,mrpp_rl.waypoints.build_direct_waypoint_manager,ec6faec2d11f8fe72ac22357706e1262200eb713da8f1389033e4a9b7a39d29e
pedestrian_dynamic,6,8,60108,60108180332,robot_1,-5.0,4.0,-0.6747,-5.016715372740347,3.9958472107881904,-0.6397061691618113,5.0,-4.0,12.816714067059547,12.816714067059547,2,mrpp_rl.waypoints.build_direct_waypoint_manager,ec6faec2d11f8fe72ac22357706e1262200eb713da8f1389033e4a9b7a39d29e
pedestrian_dynamic,6,8,60108,60108180332,robot_2,-5.0,-4.0,0.6747,-5.043631595330575,-4.032655156287844,0.6945869237950917,5.0,4.0,12.860718661200869,12.860718661200869,2,mrpp_rl.waypoints.build_direct_waypoint_manager,ec6faec2d11f8fe72ac22357706e1262200eb713da8f1389033e4a9b7a39d29e
pedestrian_dynamic,6,8,60108,60108180332,robot_3,5.0,-4.0,2.4669,4.9703465491170595,-3.981743706528904,2.353573640542403,-5.0,4.0,12.771689117192144,12.771689117192144,2,mrpp_rl.waypoints.build_direct_waypoint_manager,ec6faec2d11f8fe72ac22357706e1262200eb713da8f1389033e4a9b7a39d29e
pedestrian_dynamic,6,8,60108,60108180332,robot_4,5.0,4.0,-2.4669,5.0264885224583375,3.9795225359378468,-2.5103010317940604,-5.0,-4.0,12.81418167471215,12.81418167471215,2,mrpp_rl.waypoints.build_direct_waypoint_manager,ec6faec2d11f8fe72ac22357706e1262200eb713da8f1389033e4a9b7a39d29e
pedestrian_dynamic,6,9,60109,60109180336,robot_1,-5.0,4.0,-0.6747,-4.975771500151996,4.00832907561684,-0.5640841805880498,5.0,-4.0,12.792550629433322,12.792550629433322,2,mrpp_rl.waypoints.build_direct_waypoint_manager,ec6faec2d11f8fe72ac22357706e1262200eb713da8f1389033e4a9b7a39d29e
pedestrian_dynamic,6,9,60109,60109180336,robot_2,-5.0,-4.0,0.6747,-4.978081064602556,-4.031196632802721,0.7287808634689319,5.0,4.0,12.808677569777524,12.808677569777524,2,mrpp_rl.waypoints.build_direct_waypoint_manager,ec6faec2d11f8fe72ac22357706e1262200eb713da8f1389033e4a9b7a39d29e
pedestrian_dynamic,6,9,60109,60109180336,robot_3,5.0,-4.0,2.4669,4.969800736599907,-3.965611322392546,2.5490988324607966,-5.0,4.0,12.761186875323798,12.761186875323798,2,mrpp_rl.waypoints.build_direct_waypoint_manager,ec6faec2d11f8fe72ac22357706e1262200eb713da8f1389033e4a9b7a39d29e
pedestrian_dynamic,6,9,60109,60109180336,robot_4,5.0,4.0,-2.4669,5.01577720790609,4.033954114681768,-2.606976581629302,-5.0,-4.0,12.839790177227322,12.839790177227322,2,mrpp_rl.waypoints.build_direct_waypoint_manager,ec6faec2d11f8fe72ac22357706e1262200eb713da8f1389033e4a9b7a39d29e
pedestrian_dynamic,7,0,70100,70100210300,robot_1,-5.0,4.0,-0.6747,-5.001123842226888,3.9932019663818226,-0.590550869399872,5.0,-4.0,12.802880761099408,12.802880761099408,2,mrpp_rl.waypoints.build_direct_waypoint_manager,ec6faec2d11f8fe72ac22357706e1262200eb713da8f1389033e4a9b7a39d29e
pedestrian_dynamic,7,0,70100,70100210300,robot_2,-5.0,-4.0,0.6747,-4.984714095839458,-3.968431849498503,0.7449526084500854,5.0,4.0,12.774600647995118,12.774600647995118,2,mrpp_rl.waypoints.build_direct_waypoint_manager,ec6faec2d11f8fe72ac22357706e1262200eb713da8f1389033e4a9b7a39d29e
pedestrian_dynamic,7,0,70100,70100210300,robot_3,5.0,-4.0,2.4669,4.974717247039835,-4.005316831760099,2.502993009081879,-5.0,4.0,12.789842912845156,12.789842912845156,2,mrpp_rl.waypoints.build_direct_waypoint_manager,ec6faec2d11f8fe72ac22357706e1262200eb713da8f1389033e4a9b7a39d29e
pedestrian_dynamic,7,0,70100,70100210300,robot_4,5.0,4.0,-2.4669,5.028687701026672,4.004780563942932,-2.3912595335585336,-5.0,-4.0,12.831644044377251,12.831644044377251,2,mrpp_rl.waypoints.build_direct_waypoint_manager,ec6faec2d11f8fe72ac22357706e1262200eb713da8f1389033e4a9b7a39d29e
pedestrian_dynamic,7,1,70101,70101210304,robot_1,-5.0,4.0,-0.6747,-5.0290012313295165,4.009050113648201,-0.6761924806519256,5.0,-4.0,12.834552949788987,12.834552949788987,2,mrpp_rl.waypoints.build_direct_waypoint_manager,ec6faec2d11f8fe72ac22357706e1262200eb713da8f1389033e4a9b7a39d29e
pedestrian_dynamic,7,1,70101,70101210304,robot_2,-5.0,-4.0,0.6747,-4.998927191861531,-4.0389329169928905,0.7367042071046228,5.0,4.0,12.829769578291723,12.829769578291723,2,mrpp_rl.waypoints.build_direct_waypoint_manager,ec6faec2d11f8fe72ac22357706e1262200eb713da8f1389033e4a9b7a39d29e
pedestrian_dynamic,7,1,70101,70101210304,robot_3,5.0,-4.0,2.4669,4.969704404935098,-3.9829933274067053,2.449904418650375,-5.0,4.0,12.771968853203575,12.771968853203575,2,mrpp_rl.waypoints.build_direct_waypoint_manager,ec6faec2d11f8fe72ac22357706e1262200eb713da8f1389033e4a9b7a39d29e
pedestrian_dynamic,7,1,70101,70101210304,robot_4,5.0,4.0,-2.4669,4.966242047968415,4.0334577344601215,-2.3393751276144936,-5.0,-4.0,12.800875896986534,12.800875896986534,2,mrpp_rl.waypoints.build_direct_waypoint_manager,ec6faec2d11f8fe72ac22357706e1262200eb713da8f1389033e4a9b7a39d29e
pedestrian_dynamic,7,2,70102,70102210308,robot_1,-5.0,4.0,-0.6747,-5.00419445642018,3.9649426508112606,-0.7939383945550168,5.0,-4.0,12.787658822184012,12.787658822184012,2,mrpp_rl.waypoints.build_direct_waypoint_manager,ec6faec2d11f8fe72ac22357706e1262200eb713da8f1389033e4a9b7a39d29e
pedestrian_dynamic,7,2,70102,70102210308,robot_2,-5.0,-4.0,0.6747,-5.0240111748167,-4.005911614744437,0.8010960129480069,5.0,4.0,12.828695210969428,12.828695210969428,2,mrpp_rl.waypoints.build_direct_waypoint_manager,ec6faec2d11f8fe72ac22357706e1262200eb713da8f1389033e4a9b7a39d29e
pedestrian_dynamic,7,2,70102,70102210308,robot_3,5.0,-4.0,2.4669,4.952046231977311,-4.024364140346172,2.6113127970953394,-5.0,4.0,12.784116866654784,12.784116866654784,2,mrpp_rl.waypoints.build_direct_waypoint_manager,ec6faec2d11f8fe72ac22357706e1262200eb713da8f1389033e4a9b7a39d29e
pedestrian_dynamic,7,2,70102,70102210308,robot_4,5.0,4.0,-2.4669,4.989700781812806,3.954521946116636,-2.545429646676862,-5.0,-4.0,12.769829329376433,12.769829329376433,2,mrpp_rl.waypoints.build_direct_waypoint_manager,ec6faec2d11f8fe72ac22357706e1262200eb713da8f1389033e4a9b7a39d29e
pedestrian_dynamic,7,3,70103,70103210312,robot_1,-5.0,4.0,-0.6747,-5.026528117615508,3.988495447534886,-0.5288748111710304,5.0,-4.0,12.819802089292175,12.819802089292175,2,mrpp_rl.waypoints.build_direct_waypoint_manager,ec6faec2d11f8fe72ac22357706e1262200eb713da8f1389033e4a9b7a39d29e
pedestrian_dynamic,7,3,70103,70103210312,robot_2,-5.0,-4.0,0.6747,-4.969709527686292,-4.00047966850055,0.8002050946460273,5.0,4.0,12.782909801470456,12.782909801470456,2,mrpp_rl.waypoints.build_direct_waypoint_manager,ec6faec2d11f8fe72ac22357706e1262200eb713da8f1389033e4a9b7a39d29e
pedestrian_dynamic,7,3,70103,70103210312,robot_3,5.0,-4.0,2.4669,4.995018937460829,-4.001674509413164,2.5462549969769586,-5.0,4.0,12.80340573889592,12.80340573889592,2,mrpp_rl.waypoints.build_direct_waypoint_manager,ec6faec2d11f8fe72ac22357706e1262200eb713da8f1389033e4a9b7a39d29e
pedestrian_dynamic,7,3,70103,70103210312,robot_4,5.0,4.0,-2.4669,4.957858398951697,3.953992329996411,-2.3498257326262078,-5.0,-4.0,12.74460426530438,12.74460426530438,2,mrpp_rl.waypoints.build_direct_waypoint_manager,ec6faec2d11f8fe72ac22357706e1262200eb713da8f1389033e4a9b7a39d29e
pedestrian_dynamic,7,4,70104,70104210316,robot_1,-5.0,4.0,-0.6747,-4.97807230063824,4.044154067133342,-0.8109552205185568,5.0,-4.0,12.816799190614713,12.816799190614713,2,mrpp_rl.waypoints.build_direct_waypoint_manager,ec6faec2d11f8fe72ac22357706e1262200eb713da8f1389033e4a9b7a39d29e
pedestrian_dynamic,7,4,70104,70104210316,robot_2,-5.0,-4.0,0.6747,-4.98327827539064,-3.960717595019599,0.6334017497731171,5.0,4.0,12.768667501017534,12.768667501017534,2,mrpp_rl.waypoints.build_direct_waypoint_manager,ec6faec2d11f8fe72ac22357706e1262200eb713da8f1389033e4a9b7a39d29e
pedestrian_dynamic,7,4,70104,70104210316,robot_3,5.0,-4.0,2.4669,4.987510916781031,-3.957717582982406,2.4235530721515692,-5.0,4.0,12.770107417063006,12.770107417063006,2,mrpp_rl.waypoints.build_direct_waypoint_manager,ec6faec2d11f8fe72ac22357706e1262200eb713da8f1389033e4a9b7a39d29e
pedestrian_dynamic,7,4,70104,70104210316,robot_4,5.0,4.0,-2.4669,5.000125259017597,4.0369946946764435,-2.3541662088576807,-5.0,-4.0,12.829489035744919,12.829489035744919,2,mrpp_rl.waypoints.build_direct_waypoint_manager,ec6faec2d11f8fe72ac22357706e1262200eb713da8f1389033e4a9b7a39d29e
pedestrian_dynamic,7,5,70105,70105210320,robot_1,-5.0,4.0,-0.6747,-4.97994717728055,4.048609344159953,-0.5884403934158513,5.0,-4.0,12.821055262193083,12.821055262193083,2,mrpp_rl.waypoints.build_direct_waypoint_manager,ec6faec2d11f8fe72ac22357706e1262200eb713da8f1389033e4a9b7a39d29e
pedestrian_dynamic,7,5,70105,70105210320,robot_2,-5.0,-4.0,0.6747,-4.991333978613662,-4.000600047649148,0.5252416649455578,5.0,4.0,12.799857647436687,12.799857647436687,2,mrpp_rl.waypoints.build_direct_waypoint_manager,ec6faec2d11f8fe72ac22357706e1262200eb713da8f1389033e4a9b7a39d29e
pedestrian_dynamic,7,5,70105,70105210320,robot_3,5.0,-4.0,2.4669,5.031943689128401,-4.032683503417703,2.4201889636823712,-5.0,4.0,12.851610733597639,12.851610733597639,2,mrpp_rl.waypoints.build_direct_waypoint_manager,ec6faec2d11f8fe72ac22357706e1262200eb713da8f1389033e4a9b7a39d29e
pedestrian_dynamic,7,5,70105,70105210320,robot_4,5.0,4.0,-2.4669,4.980535311257837,4.048653221257131,-2.6133976541183275,-5.0,-4.0,12.821540616295584,12.821540616295584,2,mrpp_rl.waypoints.build_direct_waypoint_manager,ec6faec2d11f8fe72ac22357706e1262200eb713da8f1389033e4a9b7a39d29e
pedestrian_dynamic,7,6,70106,70106210324,robot_1,-5.0,4.0,-0.6747,-5.001158930503806,4.026033319261887,-0.6707413163730161,5.0,-4.0,12.823431319077512,12.823431319077512,2,mrpp_rl.waypoints.build_direct_waypoint_manager,ec6faec2d11f8fe72ac22357706e1262200eb713da8f1389033e4a9b7a39d29e
pedestrian_dynamic,7,6,70106,70106210324,robot_2,-5.0,-4.0,0.6747,-4.9652190263091835,-4.019649018138359,0.563267525731959,5.0,4.0,12.791417459235786,12.791417459235786,2,mrpp_rl.waypoints.build_direct_waypoint_manager,ec6faec2d11f8fe72ac22357706e1262200eb713da8f1389033e4a9b7a39d29e
pedestrian_dynamic,7,6,70106,70106210324,robot_3,5.0,-4.0,2.4669,5.03392583023802,-3.992179896595953,2.351988721339161,-5.0,4.0,12.82788396682283,12.82788396682283,2,mrpp_rl.waypoints.build_direct_waypoint_manager,ec6faec2d11f8fe72ac22357706e1262200eb713da8f1389033e4a9b7a39d29e
pedestrian_dynamic,7,6,70106,70106210324,robot_4,5.0,4.0,-2.4669,4.974509299983561,4.034259654064221,-2.4494229937209457,-5.0,-4.0,12.80781651821975,12.80781651821975,2,mrpp_rl.waypoints.build_direct_waypoint_manager,ec6faec2d11f8fe72ac22357706e1262200eb713da8f1389033e4a9b7a39d29e
pedestrian_dynamic,7,7,70107,70107210328,robot_1,-5.0,4.0,-0.6747,-4.960481250698859,3.954772503132194,-0.777448047236392,5.0,-4.0,12.747140554732717,12.747140554732717,2,mrpp_rl.waypoints.build_direct_waypoint_manager,ec6faec2d11f8fe72ac22357706e1262200eb713da8f1389033e4a9b7a39d29e
pedestrian_dynamic,7,7,70107,70107210328,robot_2,-5.0,-4.0,0.6747,-4.962702662765714,-3.9740778817990323,0.5976066830422835,5.0,4.0,12.760931095013232,12.760931095013232,2,mrpp_rl.waypoints.build_direct_waypoint_manager,ec6faec2d11f8fe72ac22357706e1262200eb713da8f1389033e4a9b7a39d29e
pedestrian_dynamic,7,7,70107,70107210328,robot_3,5.0,-4.0,2.4669,5.002379724848889,-3.9758289719742383,2.5649012525138675,-5.0,4.0,12.79302340927475,12.79302340927475,2,mrpp_rl.waypoints.build_direct_waypoint_manager,ec6faec2d11f8fe72ac22357706e1262200eb713da8f1389033e4a9b7a39d29e
pedestrian_dynamic,7,7,70107,70107210328,robot_4,5.0,4.0,-2.4669,5.030050695326022,4.030896300823044,-2.5619309058180795,-5.0,-4.0,12.84901600689264,12.84901600689264,2,mrpp_rl.waypoints.build_direct_waypoint_manager,ec6faec2d11f8fe72ac22357706e1262200eb713da8f1389033e4a9b7a39d29e
pedestrian_dynamic,7,8,70108,70108210332,robot_1,-5.0,4.0,-0.6747,-4.985141639559058,4.038946018987655,-0.7248596655009354,5.0,-4.0,12.819036884971258,12.819036884971258,2,mrpp_rl.waypoints.build_direct_waypoint_manager,ec6faec2d11f8fe72ac22357706e1262200eb713da8f1389033e4a9b7a39d29e
pedestrian_dynamic,7,8,70108,70108210332,robot_2,-5.0,-4.0,0.6747,-5.044207424279231,-3.980303036037584,0.7293912123167743,5.0,4.0,12.828536133516433,12.828536133516433,2,mrpp_rl.waypoints.build_direct_waypoint_manager,ec6faec2d11f8fe72ac22357706e1262200eb713da8f1389033e4a9b7a39d29e
pedestrian_dynamic,7,8,70108,70108210332,robot_3,5.0,-4.0,2.4669,4.9757200796216585,-4.024722472340557,2.3612589380831466,-5.0,4.0,12.802779458580638,12.802779458580638,2,mrpp_rl.waypoints.build_direct_waypoint_manager,ec6faec2d11f8fe72ac22357706e1262200eb713da8f1389033e4a9b7a39d29e
pedestrian_dynamic,7,8,70108,70108210332,robot_4,5.0,4.0,-2.4669,4.968138812932071,4.035692343883389,-2.605455221175686,-5.0,-4.0,12.803755028874496,12.803755028874496,2,mrpp_rl.waypoints.build_direct_waypoint_manager,ec6faec2d11f8fe72ac22357706e1262200eb713da8f1389033e4a9b7a39d29e
pedestrian_dynamic,7,9,70109,70109210336,robot_1,-5.0,4.0,-0.6747,-4.981906317935357,4.0264118016239125,-0.5584805899453547,5.0,-4.0,12.808658795880442,12.808658795880442,2,mrpp_rl.waypoints.build_direct_waypoint_manager,ec6faec2d11f8fe72ac22357706e1262200eb713da8f1389033e4a9b7a39d29e
pedestrian_dynamic,7,9,70109,70109210336,robot_2,-5.0,-4.0,0.6747,-4.955383815084947,-3.9652587915377664,0.8014569959235274,5.0,4.0,12.74970644845696,12.74970644845696,2,mrpp_rl.waypoints.build_direct_waypoint_manager,ec6faec2d11f8fe72ac22357706e1262200eb713da8f1389033e4a9b7a39d29e
pedestrian_dynamic,7,9,70109,70109210336,robot_3,5.0,-4.0,2.4669,5.029121078527124,-4.049919954561753,2.3368366630445716,-5.0,4.0,12.860189768530189,12.860189768530189,2,mrpp_rl.waypoints.build_direct_waypoint_manager,ec6faec2d11f8fe72ac22357706e1262200eb713da8f1389033e4a9b7a39d29e
pedestrian_dynamic,7,9,70109,70109210336,robot_4,5.0,4.0,-2.4669,5.0464218328139285,4.041842277254391,-2.3601115029346595,-5.0,-4.0,12.86863702398496,12.86863702398496,2,mrpp_rl.waypoints.build_direct_waypoint_manager,ec6faec2d11f8fe72ac22357706e1262200eb713da8f1389033e4a9b7a39d29e
mixed_complex,0,0,200,200000600,robot_1,-6.0,6.0,-0.7854,-5.969475349207914,5.98103779531293,-0.6680170847560407,6.0,-6.0,16.935572230899457,24.812366048125227,33,mrpp_rl.waypoints.build_scenario_waypoint_manager,dd0cfd0aaf6be3df6f4e4db540de5c3722b1319f5a84375f57833d1074bfe390
mixed_complex,0,0,200,200000600,robot_2,-6.0,-6.0,0.7854,-6.036066173176965,-5.969829416574163,0.821380446180856,6.0,6.0,16.974796175123252,21.521381903662228,28,mrpp_rl.waypoints.build_scenario_waypoint_manager,dd0cfd0aaf6be3df6f4e4db540de5c3722b1319f5a84375f57833d1074bfe390
mixed_complex,0,0,200,200000600,robot_3,6.0,6.0,-2.3562,6.004115377400892,5.955762988473577,-2.212353905241315,-6.0,-6.0,16.942226967860726,21.344923746264143,28,mrpp_rl.waypoints.build_scenario_waypoint_manager,dd0cfd0aaf6be3df6f4e4db540de5c3722b1319f5a84375f57833d1074bfe390
mixed_complex,0,0,200,200000600,robot_4,6.0,-6.0,2.3562,5.955648401988173,-5.9826761908003485,2.3077149309085567,-6.0,6.0,16.92696243882924,24.357723671077984,31,mrpp_rl.waypoints.build_scenario_waypoint_manager,dd0cfd0aaf6be3df6f4e4db540de5c3722b1319f5a84375f57833d1074bfe390
mixed_complex,0,1,201,201000604,robot_1,-6.0,6.0,-0.7854,-6.000350542280626,6.001285208025807,-0.8041417984845414,6.0,-6.0,16.97171941147961,24.812366048125227,33,mrpp_rl.waypoints.build_scenario_waypoint_manager,dd0cfd0aaf6be3df6f4e4db540de5c3722b1319f5a84375f57833d1074bfe390
mixed_complex,0,1,201,201000604,robot_2,-6.0,-6.0,0.7854,-5.961363505358929,-5.982680382550589,0.6935717822004399,6.0,6.0,16.931002511892057,21.27167899188027,28,mrpp_rl.waypoints.build_scenario_waypoint_manager,dd0cfd0aaf6be3df6f4e4db540de5c3722b1319f5a84375f57833d1074bfe390
mixed_complex,0,1,201,201000604,robot_3,6.0,6.0,-2.3562,5.998660714703986,5.965470539818149,-2.3601386085919493,-6.0,-6.0,16.94521596751829,21.344923746264143,28,mrpp_rl.waypoints.build_scenario_waypoint_manager,dd0cfd0aaf6be3df6f4e4db540de5c3722b1319f5a84375f57833d1074bfe390
mixed_complex,0,1,201,201000604,robot_4,6.0,-6.0,2.3562,6.0144448061343185,-5.985885795428241,2.4861136142351605,-6.0,6.0,16.970808534088658,25.107723671077984,32,mrpp_rl.waypoints.build_scenario_waypoint_manager,dd0cfd0aaf6be3df6f4e4db540de5c3722b1319f5a84375f57833d1074bfe390
mixed_complex,0,2,202,202000608,robot_1,-6.0,6.0,-0.7854,-6.02767387988875,6.010963753944995,-0.7547499044339046,6.0,-6.0,16.997887788179405,24.313500967224215,29,mrpp_rl.waypoints.build_scenario_waypoint_manager,dd0cfd0aaf6be3df6f4e4db540de5c3722b1319f5a84375f57833d1074bfe390
mixed_complex,0,2,202,202000608,robot_2,-6.0,-6.0,0.7854,-5.968822263773978,-6.02867418709586,0.8163971978339943,6.0,6.0,16.968845248900053,21.290370703815515,28,mrpp_rl.waypoints.build_scenario_waypoint_manager,dd0cfd0aaf6be3df6f4e4db540de5c3722b1319f5a84375f57833d1074bfe390
mixed_complex,0,2,202,202000608,robot_3,6.0,6.0,-2.3562,6.024997605181589,6.018302824468345,-2.229588603509086,-6.0,-6.0,17.001181434984062,21.51884994589119,28,mrpp_rl.waypoints.build_scenario_waypoint_manager,dd0cfd0aaf6be3df6f4e4db540de5c3722b1319f5a84375f57833d1074bfe390
mixed_complex,0,2,202,202000608,robot_4,6.0,-6.0,2.3562,6.010860464904167,-6.044597866097544,2.4438527492372315,-6.0,6.0,17.009794439187072,24.607723671077984,31,mrpp_rl.waypoints.build_scenario_waypoint_manager,dd0cfd0aaf6be3df6f4e4db540de5c3722b1319f5a84375f57833d1074bfe390
mixed_complex,0,3,203,203000612,robot_1,-6.0,6.0,-0.7854,-5.964277311171611,6.034181528089478,-0.9157139897111708,6.0,-6.0,16.969544974147826,24.812366048125227,33,mrpp_rl.waypoints.build_scenario_waypoint_manager,dd0cfd0aaf6be3df6f4e4db540de5c3722b1319f5a84375f57833d1074bfe390
mixed_complex,0,3,203,203000612,robot_2,-6.0,-6.0,0.7854,-6.018394513545638,-6.018180955956079,0.6612978780104429,6.0,6.0,16.996425511657716,21.27167899188027,28,mrpp_rl.waypoints.build_scenario_waypoint_manager,dd0cfd0aaf6be3df6f4e4db540de5c3722b1319f5a84375f57833d1074bfe390
mixed_complex,0,3,203,203000612,robot_3,6.0,6.0,-2.3562,5.9858097248735636,5.987452245162808,-2.210191683979191,-6.0,-6.0,16.951656145962037,21.51884994589119,28,mrpp_rl.waypoints.build_scenario_waypoint_manager,dd0cfd0aaf6be3df6f4e4db540de5c3722b1319f5a84375f57833d1074bfe390
mixed_complex,0,3,203,203000612,robot_4,6.0,-6.0,2.3562,6.031933748079381,-6.029710557158742,2.234457151211863,-6.0,6.0,17.014151927357062,24.607723671077984,31,mrpp_rl.waypoints.build_scenario_waypoint_manager,dd0cfd0aaf6be3df6f4e4db540de5c3722b1319f5a84375f57833d1074bfe390
mixed_complex,0,4,204,204000616,robot_1,-6.0,6.0,-0.7854,-5.96805631824713,6.002410296868231,-0.8334989026663425,6.0,-6.0,16.94969689909243,24.812366048125227,33,mrpp_rl.waypoints.build_scenario_waypoint_manager,dd0cfd0aaf6be3df6f4e4db540de5c3722b1319f5a84375f57833d1074bfe390
mixed_complex,0,4,204,204000616,robot_2,-6.0,-6.0,0.7854,-5.9856757345951195,-5.988615044042515,0.9147736677398802,6.0,6.0,16.952383711121712,21.27167899188027,28,mrpp_rl.waypoints.build_scenario_waypoint_manager,dd0cfd0aaf6be3df6f4e4db540de5c3722b1319f5a84375f57833d1074bfe390
mixed_complex,0,4,204,204000616,robot_3,6.0,6.0,-2.3562,6.035672033764352,6.020990005758507,-2.498067604123002,-6.0,-6.0,17.010632028907192,21.51884994589119,28,mrpp_rl.waypoints.build_scenario_waypoint_manager,dd0cfd0aaf6be3df6f4e4db540de5c3722b1319f5a84375f57833d1074bfe390
mixed_complex,0,4,204,204000616,robot_4,6.0,-6.0,2.3562,6.005663765982017,-6.009715657168033,2.4894313861075346,-6.0,6.0,16.981437884579755,25.107723671077984,32,mrpp_rl.waypoints.build_scenario_waypoint_manager,dd0cfd0aaf6be3df6f4e4db540de5c3722b1319f5a84375f57833d1074bfe390
mixed_complex,0,5,205,205000620,robot_1,-6.0,6.0,-0.7854,-5.965264889672886,6.017611091334704,-0.8732480171146619,6.0,-6.0,16.958494633150952,24.812366048125227,33,mrpp_rl.waypoints.build_scenario_waypoint_manager,dd0cfd0aaf6be3df6f4e4db540de5c3722b1319f5a84375f57833d1074bfe390
mixed_complex,0,5,205,205000620,robot_2,-6.0,-6.0,0.7854,-5.975209644828411,-6.041206145014893,0.7938586537376934,6.0,6.0,16.982234583950834,21.290370703815515,28,mrpp_rl.waypoints.build_scenario_waypoint_manager,dd0cfd0aaf6be3df6f4e4db540de5c3722b1319f5a84375f57833d1074bfe390
mixed_complex,0,5,205,205000620,robot_3,6.0,6.0,-2.3562,5.974109087351305,6.044089028299969,-2.3987400513360617,-6.0,-6.0,16.983502847098556,21.344923746264143,28,mrpp_rl.waypoints.build_scenario_waypoint_manager,dd0cfd0aaf6be3df6f4e4db540de5c3722b1319f5a84375f57833d1074bfe390
mixed_complex,0,5,205,205000620,robot_4,6.0,-6.0,2.3562,5.9918237754266,-6.023517264276455,2.2275044642241113,-6.0,6.0,16.981425289569795,25.107723671077984,32,mrpp_rl.waypoints.build_scenario_waypoint_manager,dd0cfd0aaf6be3df6f4e4db540de5c3722b1319f5a84375f57833d1074bfe390
mixed_complex,0,6,206,206000624,robot_1,-6.0,6.0,-0.7854,-5.99859865630422,5.971705943113469,-0.9161713561847322,6.0,-6.0,16.949575596558276,24.313500967224215,28,mrpp_rl.waypoints.build_scenario_waypoint_manager,dd0cfd0aaf6be3df6f4e4db540de5c3722b1319f5a84375f57833d1074bfe390
mixed_complex,0,6,206,206000624,robot_2,-6.0,-6.0,0.7854,-6.041374088559383,-6.029301537726493,0.7632860787401974,6.0,6.0,17.02054010383273,21.539188670687313,28,mrpp_rl.waypoints.build_scenario_waypoint_manager,dd0cfd0aaf6be3df6f4e4db540de5c3722b1319f5a84375f57833d1074bfe390
mixed_complex,0,6,206,206000624,robot_3,6.0,6.0,-2.3562,6.035910188129213,6.045116342557682,-2.5024308610754438,-6.0,-6.0,17.02785840211454,21.51884994589119,28,mrpp_rl.waypoints.build_scenario_waypoint_manager,dd0cfd0aaf6be3df6f4e4db540de5c3722b1319f5a84375f57833d1074bfe390
mixed_complex,0,6,206,206000624,robot_4,6.0,-6.0,2.3562,6.022705857748672,-6.04221183133574,2.494008650127063,-6.0,6.0,17.016472076570594,24.607723671077984,31,mrpp_rl.waypoints.build_scenario_waypoint_manager,dd0cfd0aaf6be3df6f4e4db540de5c3722b1319f5a84375f57833d1074bfe390
mixed_complex,0,7,207,207000628,robot_1,-6.0,6.0,-0.7854,-6.032684822383058,6.031718909747826,-0.9278498746503,6.0,-6.0,17.016103077908028,24.313500967224215,29,mrpp_rl.waypoints.build_scenario_waypoint_manager,dd0cfd0aaf6be3df6f4e4db540de5c3722b1319f5a84375f57833d1074bfe390
mixed_complex,0,7,207,207000628,robot_2,-6.0,-6.0,0.7854,-6.002017985017939,-5.951446230767094,0.8037334063173815,6.0,6.0,16.93769472861083,21.27167899188027,28,mrpp_rl.waypoints.build_scenario_waypoint_manager,dd0cfd0aaf6be3df6f4e4db540de5c3722b1319f5a84375f57833d1074bfe390
mixed_complex,0,7,207,207000628,robot_3,6.0,6.0,-2.3562,6.03652164616637,6.043848724291272,-2.2948148509397455,-6.0,-6.0,17.027393970665155,21.51884994589119,28,mrpp_rl.waypoints.build_scenario_waypoint_manager,dd0cfd0aaf6be3df6f4e4db540de5c3722b1319f5a84375f57833d1074bfe390
mixed_complex,0,7,207,207000628,robot_4,6.0,-6.0,2.3562,6.0009339541865705,-6.017917985423534,2.338253586209351,-6.0,6.0,16.983897328855782,25.107723671077984,32,mrpp_rl.waypoints.build_scenario_waypoint_manager,dd0cfd0aaf6be3df6f4e4db540de5c3722b1319f5a84375f57833d1074bfe390
mixed_complex,0,8,208,208000632,robot_1,-6.0,6.0,-0.7854,-5.974704448515335,6.038640868430634,-0.9202026702347729,6.0,-6.0,16.98005949896352,24.812366048125227,33,mrpp_rl.waypoints.build_scenario_waypoint_manager,dd0cfd0aaf6be3df6f4e4db540de5c3722b1319f5a84375f57833d1074bfe390
mixed_complex,0,8,208,208000632,robot_2,-6.0,-6.0,0.7854,-6.021274525570474,-6.013697026097303,0.8252689882740791,6.0,6.0,16.995292214433643,21.27167899188027,28,mrpp_rl.waypoints.build_scenario_waypoint_manager,dd0cfd0aaf6be3df6f4e4db540de5c3722b1319f5a84375f57833d1074bfe390
mixed_complex,0,8,208,208000632,robot_3,6.0,6.0,-2.3562,6.003883954464045,5.992724672899596,-2.241943383962862,-6.0,-6.0,16.968166520641354,21.51884994589119,28,mrpp_rl.waypoints.build_scenario_waypoint_manager,dd0cfd0aaf6be3df6f4e4db540de5c3722b1319f5a84375f57833d1074bfe390
mixed_complex,0,8,208,208000632,robot_4,6.0,-6.0,2.3562,5.974368558596315,-5.977117735889505,2.3046423518181807,-6.0,6.0,16.93625848989259,24.357723671077984,31,mrpp_rl.waypoints.build_scenario_waypoint_manager,dd0cfd0aaf6be3df6f4e4db540de5c3722b1319f5a84375f57833d1074bfe390
mixed_complex,0,9,209,209000636,robot_1,-6.0,6.0,-0.7854,-6.03316127342197,5.993103470801655,-0.7025590381840637,6.0,-6.0,16.989158339762948,24.313500967224215,29,mrpp_rl.waypoints.build_scenario_waypoint_manager,dd0cfd0aaf6be3df6f4e4db540de5c3722b1319f5a84375f57833d1074bfe390
mixed_complex,0,9,209,209000636,robot_2,-6.0,-6.0,0.7854,-5.961070587974584,-5.963754854351505,0.6632510372692032,6.0,6.0,16.91740641545062,21.27167899188027,28,mrpp_rl.waypoints.build_scenario_waypoint_manager,dd0cfd0aaf6be3df6f4e4db540de5c3722b1319f5a84375f57833d1074bfe390
mixed_complex,0,9,209,209000636,robot_3,6.0,6.0,-2.3562,5.959194726061826,5.976125788254871,-2.2204599703113943,-6.0,-6.0,16.924831679871097,21.344923746264143,28,mrpp_rl.waypoints.build_scenario_waypoint_manager,dd0cfd0aaf6be3df6f4e4db540de5c3722b1319f5a84375f57833d1074bfe390
mixed_complex,0,9,209,209000636,robot_4,6.0,-6.0,2.3562,5.986564473176749,-5.958789609699348,2.3803259509638055,-6.0,6.0,16.931933640274995,25.107723671077984,32,mrpp_rl.waypoints.build_scenario_waypoint_manager,dd0cfd0aaf6be3df6f4e4db540de5c3722b1319f5a84375f57833d1074bfe390
mixed_complex,1,0,10200,10200030600,robot_1,-6.0,6.0,-0.7854,-6.022617136361165,5.987569819933863,-0.8380739246859963,6.0,-6.0,16.977784101446055,24.812366048125227,33,mrpp_rl.waypoints.build_scenario_waypoint_manager,dd0cfd0aaf6be3df6f4e4db540de5c3722b1319f5a84375f57833d1074bfe390
mixed_complex,1,0,10200,10200030600,robot_2,-6.0,-6.0,0.7854,-5.959832653363655,-6.029914956858287,0.8694790134780448,6.0,6.0,16.96338559856806,21.290370703815515,28,mrpp_rl.waypoints.build_scenario_waypoint_manager,dd0cfd0aaf6be3df6f4e4db540de5c3722b1319f5a84375f57833d1074bfe390
mixed_complex,1,0,10200,10200030600,robot_3,6.0,6.0,-2.3562,6.04394943173606,6.03646271132181,-2.2159166942392696,-6.0,-6.0,17.027423543074736,21.51884994589119,28,mrpp_rl.waypoints.build_scenario_waypoint_manager,dd0cfd0aaf6be3df6f4e4db540de5c3722b1319f5a84375f57833d1074bfe390
mixed_complex,1,0,10200,10200030600,robot_4,6.0,-6.0,2.3562,5.956391114916236,-5.95008908731279,2.422647176420182,-6.0,6.0,16.904434852652134,24.357723671077984,31,mrpp_rl.waypoints.build_scenario_waypoint_manager,dd0cfd0aaf6be3df6f4e4db540de5c3722b1319f5a84375f57833d1074bfe390
mixed_complex,1,1,10201,10201030604,robot_1,-6.0,6.0,-0.7854,-6.006394734953439,5.9972854116756995,-0.8117594893005354,6.0,-6.0,16.973166227334374,24.812366048125227,33,mrpp_rl.waypoints.build_scenario_waypoint_manager,dd0cfd0aaf6be3df6f4e4db540de5c3722b1319f5a84375f57833d1074bfe390
mixed_complex,1,1,10201,10201030604,robot_2,-6.0,-6.0,0.7854,-5.982188627469791,-6.04511601294557,0.6497747144008206,6.0,6.0,16.9899283126676,21.290370703815515,28,mrpp_rl.waypoints.build_scenario_waypoint_manager,dd0cfd0aaf6be3df6f4e4db540de5c3722b1319f5a84375f57833d1074bfe390
mixed_complex,1,1,10201,10201030604,robot_3,6.0,6.0,-2.3562,5.974060982518085,6.02575344953188,-2.4055703740132826,-6.0,-6.0,16.97047089629483,21.344923746264143,28,mrpp_rl.waypoints.build_scenario_waypoint_manager,dd0cfd0aaf6be3df6f4e4db540de5c3722b1319f5a84375f57833d1074bfe390
mixed_complex,1,1,10201,10201030604,robot_4,6.0,-6.0,2.3562,5.98769404113797,-6.013216413562505,2.3756613765207195,-6.0,6.0,16.971216132706058,25.107723671077984,32,mrpp_rl.waypoints.build_scenario_waypoint_manager,dd0cfd0aaf6be3df6f4e4db540de5c3722b1319f5a84375f57833d1074bfe390
mixed_complex,1,2,10202,10202030608,robot_1,-6.0,6.0,-0.7854,-6.0425219090963465,6.01496615056809,-0.6950839523144241,6.0,-6.0,17.01122410440714,24.313500967224215,29,mrpp_rl.waypoints.build_scenario_waypoint_manager,dd0cfd0aaf6be3df6f4e4db540de5c3722b1319f5a84375f57833d1074bfe390
mixed_complex,1,2,10202,10202030608,robot_2,-6.0,-6.0,0.7854,-5.979356253913218,-5.950909942668776,0.691471618972826,6.0,6.0,16.921265458468202,21.27167899188027,28,mrpp_rl.waypoints.build_scenario_waypoint_manager,dd0cfd0aaf6be3df6f4e4db540de5c3722b1319f5a84375f57833d1074bfe390
mixed_complex,1,2,10202,10202030608,robot_3,6.0,6.0,-2.3562,6.016061692185679,5.964082268501726,-2.4070326051576516,-6.0,-6.0,16.956562243505893,21.344923746264143,28,mrpp_rl.waypoints.build_scenario_waypoint_manager,dd0cfd0aaf6be3df6f4e4db540de5c3722b1319f5a84375f57833d1074bfe390
mixed_complex,1,2,10202,10202030608,robot_4,6.0,-6.0,2.3562,6.0307233826900415,-6.0482423853124265,2.4499250134975386,-6.0,6.0,17.02640448497697,24.607723671077984,31,mrpp_rl.waypoints.build_scenario_waypoint_manager,dd0cfd0aaf6be3df6f4e4db540de5c3722b1319f5a84375f57833d1074bfe390
mixed_complex,1,3,10203,10203030612,robot_1,-6.0,6.0,-0.7854,-6.044165746439564,6.023679119172585,-0.6754458451850389,6.0,-6.0,17.018542478383246,24.313500967224215,29,mrpp_rl.waypoints.build_scenario_waypoint_manager,dd0cfd0aaf6be3df6f4e4db540de5c3722b1319f5a84375f57833d1074bfe390
mixed_complex,1,3,10203,10203030612,robot_2,-6.0,-6.0,0.7854,-6.0296242064983865,-5.980943062679623,0.6826682293525939,6.0,6.0,16.978069832013972,21.521381903662228,28,mrpp_rl.waypoints.build_scenario_waypoint_manager,dd0cfd0aaf6be3df6f4e4db540de5c3722b1319f5a84375f57833d1074bfe390
mixed_complex,1,3,10203,10203030612,robot_3,6.0,6.0,-2.3562,5.997799454971006,6.0486244209404205,-2.439767768075774,-6.0,-6.0,17.0034273662278,21.51884994589119,28,mrpp_rl.waypoints.build_scenario_waypoint_manager,dd0cfd0aaf6be3df6f4e4db540de5c3722b1319f5a84375f57833d1074bfe390
mixed_complex,1,3,10203,10203030612,robot_4,6.0,-6.0,2.3562,6.025550040881081,-5.967735105882512,2.444877280040351,-6.0,6.0,16.965863884586238,25.107723671077984,32,mrpp_rl.waypoints.build_scenario_waypoint_manager,dd0cfd0aaf6be3df6f4e4db540de5c3722b1319f5a84375f57833d1074bfe390
mixed_complex,1,4,10204,10204030616,robot_1,-6.0,6.0,-0.7854,-5.967636133109922,6.046741450392968,-0.8778143364430813,6.0,-6.0,16.980821363736627,24.812366048125227,33,mrpp_rl.waypoints.build_scenario_waypoint_manager,dd0cfd0aaf6be3df6f4e4db540de5c3722b1319f5a84375f57833d1074bfe390
mixed_complex,1,4,10204,10204030616,robot_2,-6.0,-6.0,0.7854,-5.994176300050346,-5.999709226022317,0.6745815994613773,6.0,6.0,16.966239613590705,21.27167899188027,28,mrpp_rl.waypoints.build_scenario_waypoint_manager,dd0cfd0aaf6be3df6f4e4db540de5c3722b1319f5a84375f57833d1074bfe390
mixed_complex,1,4,10204,10204030616,robot_3,6.0,6.0,-2.3562,6.021648854289847,5.9720659191839145,-2.292745813646546,-6.0,-6.0,16.966154648273527,21.344923746264143,28,mrpp_rl.waypoints.build_scenario_waypoint_manager,dd0cfd0aaf6be3df6f4e4db540de5c3722b1319f5a84375f57833d1074bfe390
mixed_complex,1,4,10204,10204030616,robot_4,6.0,-6.0,2.3562,5.962087281265222,-6.034654683728056,2.438543051489328,-6.0,6.0,16.9683365561031,24.357723671077984,31,mrpp_rl.waypoints.build_scenario_waypoint_manager,dd0cfd0aaf6be3df6f4e4db540de5c3722b1319f5a84375f57833d1074bfe390
mixed_complex,1,5,10205,10205030620,robot_1,-6.0,6.0,-0.7854,-6.016481836035821,6.038032809990595,-0.6562407137199928,6.0,-6.0,17.00911725076257,24.812366048125227,33,mrpp_rl.waypoints.build_scenario_waypoint_manager,dd0cfd0aaf6be3df6f4e4db540de5c3722b1319f5a84375f57833d1074bfe390
mixed_complex,1,5,10205,10205030620,robot_2,-6.0,-6.0,0.7854,-5.994025091610369,-6.023099059843589,0.8456492706465538,6.0,6.0,16.982683795589875,21.27167899188027,28,mrpp_rl.waypoints.build_scenario_waypoint_manager,dd0cfd0aaf6be3df6f4e4db540de5c3722b1319f5a84375f57833d1074bfe390
mixed_complex,1,5,10205,10205030620,robot_3,6.0,6.0,-2.3562,5.9756958971811525,6.027064593662174,-2.4763768568210223,-6.0,-6.0,16.972553578112038,21.51884994589119,28,mrpp_rl.waypoints.build_scenario_waypoint_manager,dd0cfd0aaf6be3df6f4e4db540de5c3722b1319f5a84375f57833d1074bfe390
mixed_complex,1,5,10205,10205030620,robot_4,6.0,-6.0,2.3562,5.9802559984615,-5.996337646908636,2.30141896211521,-6.0,6.0,16.95401576993811,25.107723671077984,32,mrpp_rl.waypoints.build_scenario_waypoint_manager,dd0cfd0aaf6be3df6f4e4db540de5c3722b1319f5a84375f57833d1074bfe390
mixed_complex,1,6,10206,10206030624,robot_1,-6.0,6.0,-0.7854,-5.993433896562197,6.026965670759124,-0.9118726790146835,6.0,-6.0,16.985003970468348,24.812366048125227,33,mrpp_rl.waypoints.build_scenario_waypoint_manager,dd0cfd0aaf6be3df6f4e4db540de5c3722b1319f5a84375f57833d1074bfe390
mixed_complex,1,6,10206,10206030624,robot_2,-6.0,-6.0,0.7854,-6.030369592072172,-6.042341780896096,0.9117644038188106,6.0,6.0,17.0219795584935,21.539188670687313,28,mrpp_rl.waypoints.build_scenario_waypoint_manager,dd0cfd0aaf6be3df6f4e4db540de5c3722b1319f5a84375f57833d1074bfe390
mixed_complex,1,6,10206,10206030624,robot_3,6.0,6.0,-2.3562,6.048451539953356,6.034341008103538,-2.227001441933834,-6.0,-6.0,17.029108843680778,21.51884994589119,28,mrpp_rl.waypoints.build_scenario_waypoint_manager,dd0cfd0aaf6be3df6f4e4db540de5c3722b1319f5a84375f57833d1074bfe390
mixed_complex,1,6,10206,10206030624,robot_4,6.0,-6.0,2.3562,6.042234503983166,-6.030455752517114,2.2350684358700006,-6.0,6.0,17.021964559421303,24.607723671077984,31,mrpp_rl.waypoints.build_scenario_waypoint_manager,dd0cfd0aaf6be3df6f4e4db540de5c3722b1319f5a84375f57833d1074bfe390
mixed_complex,1,7,10207,10207030628,robot_1,-6.0,6.0,-0.7854,-6.012845139832493,5.98060924201816,-0.7643483828828251,6.0,-6.0,16.965949609836994,24.812366048125227,33,mrpp_rl.waypoints.build_scenario_waypoint_manager,dd0cfd0aaf6be3df6f4e4db540de5c3722b1319f5a84375f57833d1074bfe390
mixed_complex,1,7,10207,10207030628,robot_2,-6.0,-6.0,0.7854,-5.994344864728721,-5.992933962896092,0.8857889196428981,6.0,6.0,16.96156755056651,21.27167899188027,28,mrpp_rl.waypoints.build_scenario_waypoint_manager,dd0cfd0aaf6be3df6f4e4db540de5c3722b1319f5a84375f57833d1074bfe390
mixed_complex,1,7,10207,10207030628,robot_3,6.0,6.0,-2.3562,6.035448983470437,6.013025553931093,-2.4855008914724164,-6.0,-6.0,17.00484681475023,21.51884994589119,28,mrpp_rl.waypoints.build_scenario_waypoint_manager,dd0cfd0aaf6be3df6f4e4db540de5c3722b1319f5a84375f57833d1074bfe390
mixed_complex,1,7,10207,10207030628,robot_4,6.0,-6.0,2.3562,6.043000199575899,-6.0389679483806855,2.2371341919795618,-6.0,6.0,17.028523220441713,24.607723671077984,31,mrpp_rl.waypoints.build_scenario_waypoint_manager,dd0cfd0aaf6be3df6f4e4db540de5c3722b1319f5a84375f57833d1074bfe390
mixed_complex,1,8,10208,10208030632,robot_1,-6.0,6.0,-0.7854,-5.997547102449999,6.005169949222733,-0.6485460126256751,6.0,-6.0,16.972484850051476,24.812366048125227,33,mrpp_rl.waypoints.build_scenario_waypoint_manager,dd0cfd0aaf6be3df6f4e4db540de5c3722b1319f5a84375f57833d1074bfe390
mixed_complex,1,8,10208,10208030632,robot_2,-6.0,-6.0,0.7854,-6.048296562112784,-6.046184427946205,0.6776520363731168,6.0,6.0,17.03737096270174,21.539188670687313,28,mrpp_rl.waypoints.build_scenario_waypoint_manager,dd0cfd0aaf6be3df6f4e4db540de5c3722b1319f5a84375f57833d1074bfe390
mixed_complex,1,8,10208,10208030632,robot_3,6.0,6.0,-2.3562,5.974303731830442,6.0123363214497925,-2.2636891973978868,-6.0,-6.0,16.961137160041787,21.344923746264143,28,mrpp_rl.waypoints.build_scenario_waypoint_manager,dd0cfd0aaf6be3df6f4e4db540de5c3722b1319f5a84375f57833d1074bfe390
mixed_complex,1,8,10208,10208030632,robot_4,6.0,-6.0,2.3562,6.027325518460352,-5.957567615487319,2.410870173567447,-6.0,6.0,16.959952311429376,25.107723671077984,32,mrpp_rl.waypoints.build_scenario_waypoint_manager,dd0cfd0aaf6be3df6f4e4db540de5c3722b1319f5a84375f57833d1074bfe390
mixed_complex,1,9,10209,10209030636,robot_1,-6.0,6.0,-0.7854,-5.965098490824784,5.971631282034769,-0.7883923126555827,6.0,-6.0,16.925824572177596,24.313500967224215,28,mrpp_rl.waypoints.build_scenario_waypoint_manager,dd0cfd0aaf6be3df6f4e4db540de5c3722b1319f5a84375f57833d1074bfe390
mixed_complex,1,9,10209,10209030636,robot_2,-6.0,-6.0,0.7854,-6.000330316001628,-5.9527376411463155,0.9279297662099881,6.0,6.0,16.937410215591512,21.27167899188027,28,mrpp_rl.waypoints.build_scenario_waypoint_manager,dd0cfd0aaf6be3df6f4e4db540de5c3722b1319f5a84375f57833d1074bfe390
mixed_complex,1,9,10209,10209030636,robot_3,6.0,6.0,-2.3562,6.029566154317347,6.025513219002951,-2.4686410454410526,-6.0,-6.0,17.009509988283384,21.51884994589119,28,mrpp_rl.waypoints.build_scenario_waypoint_manager,dd0cfd0aaf6be3df6f4e4db540de5c3722b1319f5a84375f57833d1074bfe390
mixed_complex,1,9,10209,10209030636,robot_4,6.0,-6.0,2.3562,5.983170005610149,-6.013055838876294,2.3263173953317486,-6.0,6.0,16.967907177118647,25.107723671077984,32,mrpp_rl.waypoints.build_scenario_waypoint_manager,dd0cfd0aaf6be3df6f4e4db540de5c3722b1319f5a84375f57833d1074bfe390
mixed_complex,2,0,20200,20200060600,robot_1,-6.0,6.0,-0.7854,-5.9574995542482485,5.962229019994594,-0.6448432249884724,6.0,-6.0,16.913802609604023,24.313500967224215,28,mrpp_rl.waypoints.build_scenario_waypoint_manager,dd0cfd0aaf6be3df6f4e4db540de5c3722b1319f5a84375f57833d1074bfe390
mixed_complex,2,0,20200,20200060600,robot_2,-6.0,-6.0,0.7854,-6.028467877491057,-6.028212455370078,0.7182543844717436,6.0,6.0,17.010641797161977,21.539188670687313,28,mrpp_rl.waypoints.build_scenario_waypoint_manager,dd0cfd0aaf6be3df6f4e4db540de5c3722b1319f5a84375f57833d1074bfe390
mixed_complex,2,0,20200,20200060600,robot_3,6.0,6.0,-2.3562,5.991005212955906,5.975024626959245,-2.4110666408351245,-6.0,-6.0,16.9465459853451,21.51884994589119,28,mrpp_rl.waypoints.build_scenario_waypoint_manager,dd0cfd0aaf6be3df6f4e4db540de5c3722b1319f5a84375f57833d1074bfe390
mixed_complex,2,0,20200,20200060600,robot_4,6.0,-6.0,2.3562,5.974121895966059,-6.006845359359622,2.399642015426325,-6.0,6.0,16.95712035290867,24.357723671077984,31,mrpp_rl.waypoints.build_scenario_waypoint_manager,dd0cfd0aaf6be3df6f4e4db540de5c3722b1319f5a84375f57833d1074bfe390
mixed_complex,2,1,20201,20201060604,robot_1,-6.0,6.0,-0.7854,-6.041383482959051,6.007657529899096,-0.8833751612818229,6.0,-6.0,17.005256703120406,24.313500967224215,29,mrpp_rl.waypoints.build_scenario_waypoint_manager,dd0cfd0aaf6be3df6f4e4db540de5c3722b1319f5a84375f57833d1074bfe390
mixed_complex,2,1,20201,20201060604,robot_2,-6.0,-6.0,0.7854,-5.9638970630104735,-6.049574904411482,0.7976324589047574,6.0,6.0,16.98019694559912,21.290370703815515,28,mrpp_rl.waypoints.build_scenario_waypoint_manager,dd0cfd0aaf6be3df6f4e4db540de5c3722b1319f5a84375f57833d1074bfe390
mixed_complex,2,1,20201,20201060604,robot_3,6.0,6.0,-2.3562,6.031777771822282,6.037551278546831,-2.2666534821075963,-6.0,-6.0,17.01958627975901,21.51884994589119,28,mrpp_rl.waypoints.build_scenario_waypoint_manager,dd0cfd0aaf6be3df6f4e4db540de5c3722b1319f5a84375f57833d1074bfe390
mixed_complex,2,1,20201,20201060604,robot_4,6.0,-6.0,2.3562,6.04445692980061,-6.022067082284041,2.305323516655357,-6.0,6.0,17.017609693043248,25.107723671077984,32,mrpp_rl.waypoints.build_scenario_waypoint_manager,dd0cfd0aaf6be3df6f4e4db540de5c3722b1319f5a84375f57833d1074bfe390
mixed_complex,2,2,20202,20202060608,robot_1,-6.0,6.0,-0.7854,-6.040214411439368,5.958883687213868,-0.7727299604107087,6.0,-6.0,16.970022454839068,24.063500967224215,28,mrpp_rl.waypoints.build_scenario_waypoint_manager,dd0cfd0aaf6be3df6f4e4db540de5c3722b1319f5a84375f57833d1074bfe390
mixed_complex,2,2,20202,20202060608,robot_2,-6.0,-6.0,0.7854,-5.972283999890547,-5.997633544476821,0.8229874800853134,6.0,6.0,16.94930071836566,21.27167899188027,28,mrpp_rl.waypoints.build_scenario_waypoint_manager,dd0cfd0aaf6be3df6f4e4db540de5c3722b1319f5a84375f57833d1074bfe390
mixed_complex,2,2,20202,20202060608,robot_3,6.0,6.0,-2.3562,5.962678741465776,6.008218609951284,-2.333411875262036,-6.0,-6.0,16.950014656509815,21.344923746264143,28,mrpp_rl.waypoints.build_scenario_waypoint_manager,dd0cfd0aaf6be3df6f4e4db540de5c3722b1319f5a84375f57833d1074bfe390
mixed_complex,2,2,20202,20202060608,robot_4,6.0,-6.0,2.3562,5.9750706504312525,-5.951885715760555,2.3856424342111606,-6.0,6.0,16.91892104259078,25.107723671077984,32,mrpp_rl.waypoints.build_scenario_waypoint_manager,dd0cfd0aaf6be3df6f4e4db540de5c3722b1319f5a84375f57833d1074bfe390
mixed_complex,2,3,20203,20203060612,robot_1,-6.0,6.0,-0.7854,-6.009305355517199,6.022485427427314,-0.762858011557813,6.0,-6.0,16.99304478234422,24.812366048125227,33,mrpp_rl.waypoints.build_scenario_waypoint_manager,dd0cfd0aaf6be3df6f4e4db540de5c3722b1319f5a84375f57833d1074bfe390
mixed_complex,2,3,20203,20203060612,robot_2,-6.0,-6.0,0.7854,-6.034948959402435,-5.954648268503498,0.8239379725741034,6.0,6.0,16.963301909683015,21.521381903662228,28,mrpp_rl.waypoints.build_scenario_waypoint_manager,dd0cfd0aaf6be3df6f4e4db540de5c3722b1319f5a84375f57833d1074bfe390
mixed_complex,2,3,20203,20203060612,robot_3,6.0,6.0,-2.3562,5.989216786005892,5.958022368456192,-2.4537565807676374,-6.0,-6.0,16.93326956338746,21.344923746264143,28,mrpp_rl.waypoints.build_scenario_waypoint_manager,dd0cfd0aaf6be3df6f4e4db540de5c3722b1319f5a84375f57833d1074bfe390
mixed_complex,2,3,20203,20203060612,robot_4,6.0,-6.0,2.3562,6.042461130655119,-5.965345006623333,2.4355819335597335,-6.0,6.0,16.976170098431076,25.107723671077984,32,mrpp_rl.waypoints.build_scenario_waypoint_manager,dd0cfd0aaf6be3df6f4e4db540de5c3722b1319f5a84375f57833d1074bfe390
mixed_complex,2,4,20204,20204060616,robot_1,-6.0,6.0,-0.7854,-6.039706810790013,6.028956854485189,-0.8594221785023091,6.0,-6.0,17.01911698934024,24.313500967224215,29,mrpp_rl.waypoints.build_scenario_waypoint_manager,dd0cfd0aaf6be3df6f4e4db540de5c3722b1319f5a84375f57833d1074bfe390
mixed_complex,2,4,20204,20204060616,robot_2,-6.0,-6.0,0.7854,-6.010749400721913,-6.0093603117668914,0.7703926957499542,6.0,6.0,16.98478249094711,21.27167899188027,28,mrpp_rl.waypoints.build_scenario_waypoint_manager,dd0cfd0aaf6be3df6f4e4db540de5c3722b1319f5a84375f57833d1074bfe390
mixed_complex,2,4,20204,20204060616,robot_3,6.0,6.0,-2.3562,6.021730321892228,5.982148146767187,-2.3650650454923197,-6.0,-6.0,16.973328316608367,21.51884994589119,28,mrpp_rl.waypoints.build_scenario_waypoint_manager,dd0cfd0aaf6be3df6f4e4db540de5c3722b1319f5a84375f57833d1074bfe390
mixed_complex,2,4,20204,20204060616,robot_4,6.0,-6.0,2.3562,5.967034970048685,-5.985125305671894,2.328296787042328,-6.0,6.0,16.936739785656062,24.357723671077984,31,mrpp_rl.waypoints.build_scenario_waypoint_manager,dd0cfd0aaf6be3df6f4e4db540de5c3722b1319f5a84375f57833d1074bfe390
mixed_complex,2,5,20205,20205060620,robot_1,-6.0,6.0,-0.7854,-5.96310949309268,6.023832373456443,-0.6666026125322643,6.0,-6.0,16.96138360183813,24.812366048125227,33,mrpp_rl.waypoints.build_scenario_waypoint_manager,dd0cfd0aaf6be3df6f4e4db540de5c3722b1319f5a84375f57833d1074bfe390
mixed_complex,2,5,20205,20205060620,robot_2,-6.0,-6.0,0.7854,-6.02277379332185,-5.9590537154519545,0.6927164506547132,6.0,6.0,16.95777271502516,21.27167899188027,28,mrpp_rl.waypoints.build_scenario_waypoint_manager,dd0cfd0aaf6be3df6f4e4db540de5c3722b1319f5a84375f57833d1074bfe390
mixed_complex,2,5,20205,20205060620,robot_3,6.0,6.0,-2.3562,5.951119796180156,5.993851379168303,-2.347577177860046,-6.0,-6.0,16.93167845454864,21.344923746264143,28,mrpp_rl.waypoints.build_scenario_waypoint_manager,dd0cfd0aaf6be3df6f4e4db540de5c3722b1319f5a84375f57833d1074bfe390
mixed_complex,2,5,20205,20205060620,robot_4,6.0,-6.0,2.3562,6.035808010360398,-6.0132664166007155,2.346509799866029,-6.0,6.0,17.00527107865329,25.107723671077984,32,mrpp_rl.waypoints.build_scenario_waypoint_manager,dd0cfd0aaf6be3df6f4e4db540de5c3722b1319f5a84375f57833d1074bfe390
mixed_complex,2,6,20206,20206060624,robot_1,-6.0,6.0,-0.7854,-5.982350318123421,5.9781232884207,-0.6759162442398289,6.0,-6.0,16.942613631280118,24.812366048125227,33,mrpp_rl.waypoints.build_scenario_waypoint_manager,dd0cfd0aaf6be3df6f4e4db540de5c3722b1319f5a84375f57833d1074bfe390
mixed_complex,2,6,20206,20206060624,robot_2,-6.0,-6.0,0.7854,-5.995996268440828,-6.025403166424857,0.8342154544402535,6.0,6.0,16.985707161831893,21.290370703815515,28,mrpp_rl.waypoints.build_scenario_waypoint_manager,dd0cfd0aaf6be3df6f4e4db540de5c3722b1319f5a84375f57833d1074bfe390
mixed_complex,2,6,20206,20206060624,robot_3,6.0,6.0,-2.3562,5.998437051228478,5.9753980871161705,-2.4059454540156833,-6.0,-6.0,16.952069225236134,21.51884994589119,28,mrpp_rl.waypoints.build_scenario_waypoint_manager,dd0cfd0aaf6be3df6f4e4db540de5c3722b1319f5a84375f57833d1074bfe390
mixed_complex,2,6,20206,20206060624,robot_4,6.0,-6.0,2.3562,5.978560924062862,-6.0212055615638835,2.36853363807496,-6.0,6.0,16.970424419113982,25.107723671077984,32,mrpp_rl.waypoints.build_scenario_waypoint_manager,dd0cfd0aaf6be3df6f4e4db540de5c3722b1319f5a84375f57833d1074bfe390
mixed_complex,2,7,20207,20207060628,robot_1,-6.0,6.0,-0.7854,-5.979724212692158,6.048212055089494,-0.7130228994261061,6.0,-6.0,16.99038569122451,24.812366048125227,33,mrpp_rl.waypoints.build_scenario_waypoint_manager,dd0cfd0aaf6be3df6f4e4db540de5c3722b1319f5a84375f57833d1074bfe390
mixed_complex,2,7,20207,20207060628,robot_2,-6.0,-6.0,0.7854,-6.0084734051393625,-6.024266215884272,0.7911227065796517,6.0,6.0,16.993716825709296,21.27167899188027,28,mrpp_rl.waypoints.build_scenario_waypoint_manager,dd0cfd0aaf6be3df6f4e4db540de5c3722b1319f5a84375f57833d1074bfe390
mixed_complex,2,7,20207,20207060628,robot_3,6.0,6.0,-2.3562,5.981800147603148,5.980794471918675,-2.273904178945372,-6.0,-6.0,16.944113165210503,21.51884994589119,28,mrpp_rl.waypoints.build_scenario_waypoint_manager,dd0cfd0aaf6be3df6f4e4db540de5c3722b1319f5a84375f57833d1074bfe390
mixed_complex,2,7,20207,20207060628,robot_4,6.0,-6.0,2.3562,5.96802514047597,-5.987068003830433,2.438833457032046,-6.0,6.0,16.938814158361858,24.357723671077984,31,mrpp_rl.waypoints.build_scenario_waypoint_manager,dd0cfd0aaf6be3df6f4e4db540de5c3722b1319f5a84375f57833d1074bfe390
mixed_complex,2,8,20208,20208060632,robot_1,-6.0,6.0,-0.7854,-6.010275042636273,5.959437737799972,-0.6374561230106724,6.0,-6.0,16.94918457047671,24.313500967224215,28,mrpp_rl.waypoints.build_scenario_waypoint_manager,dd0cfd0aaf6be3df6f4e4db540de5c3722b1319f5a84375f57833d1074bfe390
mixed_complex,2,8,20208,20208060632,robot_2,-6.0,-6.0,0.7854,-6.007750172107597,-5.977214559404642,0.7511402081057206,6.0,6.0,16.959944952674952,21.27167899188027,28,mrpp_rl.waypoints.build_scenario_waypoint_manager,dd0cfd0aaf6be3df6f4e4db540de5c3722b1319f5a84375f57833d1074bfe390
mixed_complex,2,8,20208,20208060632,robot_3,6.0,6.0,-2.3562,6.010243412149194,6.028399303704025,-2.2356830272115737,-6.0,-6.0,16.99789212309634,21.51884994589119,28,mrpp_rl.waypoints.build_scenario_waypoint_manager,dd0cfd0aaf6be3df6f4e4db540de5c3722b1319f5a84375f57833d1074bfe390
mixed_complex,2,8,20208,20208060632,robot_4,6.0,-6.0,2.3562,6.003141329234006,-5.999205791501297,2.433101249504693,-6.0,6.0,16.972222641609545,25.107723671077984,32,mrpp_rl.waypoints.build_scenario_waypoint_manager,dd0cfd0aaf6be3df6f4e4db540de5c3722b1319f5a84375f57833d1074bfe390
mixed_complex,2,9,20209,20209060636,robot_1,-6.0,6.0,-0.7854,-5.99191168855564,6.048663080426505,-0.8561475682925226,6.0,-6.0,16.99930080832003,24.812366048125227,33,mrpp_rl.waypoints.build_scenario_waypoint_manager,dd0cfd0aaf6be3df6f4e4db540de5c3722b1319f5a84375f57833d1074bfe390
mixed_complex,2,9,20209,20209060636,robot_2,-6.0,-6.0,0.7854,-6.035028263457717,-5.988259574162684,0.8266834704014304,6.0,6.0,16.987061927235366,21.521381903662228,28,mrpp_rl.waypoints.build_scenario_waypoint_manager,dd0cfd0aaf6be3df6f4e4db540de5c3722b1319f5a84375f57833d1074bfe390
mixed_complex,2,9,20209,20209060636,robot_3,6.0,6.0,-2.3562,6.003623175481739,6.006597947504859,-2.217476954812652,-6.0,-6.0,16.977790304158848,21.51884994589119,28,mrpp_rl.waypoints.build_scenario_waypoint_manager,dd0cfd0aaf6be3df6f4e4db540de5c3722b1319f5a84375f57833d1074bfe390
mixed_complex,2,9,20209,20209060636,robot_4,6.0,-6.0,2.3562,5.977566445430338,-5.991407252901816,2.351975048096718,-6.0,6.0,16.948626665887858,25.107723671077984,32,mrpp_rl.waypoints.build_scenario_waypoint_manager,dd0cfd0aaf6be3df6f4e4db540de5c3722b1319f5a84375f57833d1074bfe390
mixed_complex,3,0,30200,30200090600,robot_1,-6.0,6.0,-0.7854,-6.009619114654109,5.978726087993822,-0.7286603831762237,6.0,-6.0,16.962335628392957,24.812366048125227,33,mrpp_rl.waypoints.build_scenario_waypoint_manager,dd0cfd0aaf6be3df6f4e4db540de5c3722b1319f5a84375f57833d1074bfe390
mixed_complex,3,0,30200,30200090600,robot_2,-6.0,-6.0,0.7854,-5.9657702961410735,-6.032316533406725,0.7487391128868776,6.0,6.0,16.96927517427026,21.290370703815515,28,mrpp_rl.waypoints.build_scenario_waypoint_manager,dd0cfd0aaf6be3df6f4e4db540de5c3722b1319f5a84375f57833d1074bfe390
mixed_complex,3,0,30200,30200090600,robot_3,6.0,6.0,-2.3562,6.034724782952153,6.044229195311215,-2.4841777974114376,-6.0,-6.0,17.02639296828867,21.51884994589119,28,mrpp_rl.waypoints.build_scenario_waypoint_manager,dd0cfd0aaf6be3df6f4e4db540de5c3722b1319f5a84375f57833d1074bfe390
mixed_complex,3,0,30200,30200090600,robot_4,6.0,-6.0,2.3562,5.981200257836505,-5.97559801113377,2.2814027932802725,-6.0,6.0,16.94001497468797,25.107723671077984,32,mrpp_rl.waypoints.build_scenario_waypoint_manager,dd0cfd0aaf6be3df6f4e4db540de5c3722b1319f5a84375f57833d1074bfe390
mixed_complex,3,1,30201,30201090604,robot_1,-6.0,6.0,-0.7854,-5.975891492613388,6.021468736961176,-0.8667624370281685,6.0,-6.0,16.968726753548264,24.812366048125227,33,mrpp_rl.waypoints.build_scenario_waypoint_manager,dd0cfd0aaf6be3df6f4e4db540de5c3722b1319f5a84375f57833d1074bfe390
mixed_complex,3,1,30201,30201090604,robot_2,-6.0,-6.0,0.7854,-5.96110699888675,-5.976174682230026,0.7465722431562939,6.0,6.0,16.926217553195546,21.27167899188027,28,mrpp_rl.waypoints.build_scenario_waypoint_manager,dd0cfd0aaf6be3df6f4e4db540de5c3722b1319f5a84375f57833d1074bfe390
mixed_complex,3,1,30201,30201090604,robot_3,6.0,6.0,-2.3562,5.951682469086416,6.044908482902962,-2.3682187534281667,-6.0,-6.0,16.968280237059243,21.344923746264143,28,mrpp_rl.waypoints.build_scenario_waypoint_manager,dd0cfd0aaf6be3df6f4e4db540de5c3722b1319f5a84375f57833d1074bfe390
mixed_complex,3,1,30201,30201090604,robot_4,6.0,-6.0,2.3562,5.9598032030680805,-5.960206295161193,2.4737075697882616,-6.0,6.0,16.914000924646153,24.357723671077984,31,mrpp_rl.waypoints.build_scenario_waypoint_manager,dd0cfd0aaf6be3df6f4e4db540de5c3722b1319f5a84375f57833d1074bfe390
mixed_complex,3,2,30202,30202090608,robot_1,-6.0,6.0,-0.7854,-5.99116037903273,6.012244342353179,-0.8482224762951771,6.0,-6.0,16.97297679772409,24.812366048125227,33,mrpp_rl.waypoints.build_scenario_waypoint_manager,dd0cfd0aaf6be3df6f4e4db540de5c3722b1319f5a84375f57833d1074bfe390
mixed_complex,3,2,30202,30202090608,robot_2,-6.0,-6.0,0.7854,-5.96331333606072,-5.97969916096692,0.8451296704081337,6.0,6.0,16.930270463404884,21.27167899188027,28,mrpp_rl.waypoints.build_scenario_waypoint_manager,dd0cfd0aaf6be3df6f4e4db540de5c3722b1319f5a84375f57833d1074bfe390
mixed_complex,3,2,30202,30202090608,robot_3,6.0,6.0,-2.3562,5.98000673964041,5.980639998778868,-2.4257435288896647,-6.0,-6.0,16.942735796268845,21.51884994589119,28,mrpp_rl.waypoints.build_scenario_waypoint_manager,dd0cfd0aaf6be3df6f4e4db540de5c3722b1319f5a84375f57833d1074bfe390
mixed_complex,3,2,30202,30202090608,robot_4,6.0,-6.0,2.3562,6.016860814553121,-6.019335689888985,2.3275227297887797,-6.0,6.0,16.996157632317413,25.107723671077984,32,mrpp_rl.waypoints.build_scenario_waypoint_manager,dd0cfd0aaf6be3df6f4e4db540de5c3722b1319f5a84375f57833d1074bfe390
mixed_complex,3,3,30203,30203090612,robot_1,-6.0,6.0,-0.7854,-5.984902784826329,6.043312218989658,-0.8922024340867786,6.0,-6.0,16.99056396844447,24.812366048125227,33,mrpp_rl.waypoints.build_scenario_waypoint_manager,dd0cfd0aaf6be3df6f4e4db540de5c3722b1319f5a84375f57833d1074bfe390
mixed_complex,3,3,30203,30203090612,robot_2,-6.0,-6.0,0.7854,-5.973635072604426,-6.043392926053389,0.9084312208924895,6.0,6.0,16.982674996101636,21.290370703815515,28,mrpp_rl.waypoints.build_scenario_waypoint_manager,dd0cfd0aaf6be3df6f4e4db540de5c3722b1319f5a84375f57833d1074bfe390
mixed_complex,3,3,30203,30203090612,robot_3,6.0,6.0,-2.3562,5.963181256023923,5.991594113801541,-2.4129550111705997,-6.0,-6.0,16.938596020763995,21.344923746264143,28,mrpp_rl.waypoints.build_scenario_waypoint_manager,dd0cfd0aaf6be3df6f4e4db540de5c3722b1319f5a84375f57833d1074bfe390
mixed_complex,3,3,30203,30203090612,robot_4,6.0,-6.0,2.3562,5.985452182077021,-6.005112309353197,2.2378503716016533,-6.0,6.0,16.96389653260826,25.107723671077984,32,mrpp_rl.waypoints.build_scenario_waypoint_manager,dd0cfd0aaf6be3df6f4e4db540de5c3722b1319f5a84375f57833d1074bfe390
mixed_complex,3,4,30204,30204090616,robot_1,-6.0,6.0,-0.7854,-6.012570212996602,5.99496808465327,-0.8793016120072082,6.0,-6.0,16.975897692729646,24.812366048125227,33,mrpp_rl.waypoints.build_scenario_waypoint_manager,dd0cfd0aaf6be3df6f4e4db540de5c3722b1319f5a84375f57833d1074bfe390
mixed_complex,3,4,30204,30204090616,robot_2,-6.0,-6.0,0.7854,-5.952397307044549,-5.992160104625795,0.7459351567644683,6.0,6.0,16.931382263726267,21.27167899188027,28,mrpp_rl.waypoints.build_scenario_waypoint_manager,dd0cfd0aaf6be3df6f4e4db540de5c3722b1319f5a84375f57833d1074bfe390
mixed_complex,3,4,30204,30204090616,robot_3,6.0,6.0,-2.3562,5.9565689369282815,6.0377813330587635,-2.3379644696533495,-6.0,-6.0,16.966664968875182,21.344923746264143,28,mrpp_rl.waypoints.build_scenario_waypoint_manager,dd0cfd0aaf6be3df6f4e4db540de5c3722b1319f5a84375f57833d1074bfe390
mixed_complex,3,4,30204,30204090616,robot_4,6.0,-6.0,2.3562,5.982930059582753,-6.013294976529717,2.400638380532442,-6.0,6.0,16.96790703080277,25.107723671077984,32,mrpp_rl.waypoints.build_scenario_waypoint_manager,dd0cfd0aaf6be3df6f4e4db540de5c3722b1319f5a84375f57833d1074bfe390
mixed_complex,3,5,30205,30205090620,robot_1,-6.0,6.0,-0.7854,-5.979739129287962,6.048736868137896,-0.7667692469463359,6.0,-6.0,16.99076836765832,24.812366048125227,33,mrpp_rl.waypoints.build_scenario_waypoint_manager,dd0cfd0aaf6be3df6f4e4db540de5c3722b1319f5a84375f57833d1074bfe390
mixed_complex,3,5,30205,30205090620,robot_2,-6.0,-6.0,0.7854,-5.953067792688124,-5.961794305679854,0.748240567889725,6.0,6.0,16.910362286716186,21.27167899188027,28,mrpp_rl.waypoints.build_scenario_waypoint_manager,dd0cfd0aaf6be3df6f4e4db540de5c3722b1319f5a84375f57833d1074bfe390
mixed_complex,3,5,30205,30205090620,robot_3,6.0,6.0,-2.3562,6.028408240489702,5.951598260626093,-2.4533944693490515,-6.0,-6.0,16.956512193941336,21.344923746264143,28,mrpp_rl.waypoints.build_scenario_waypoint_manager,dd0cfd0aaf6be3df6f4e4db540de5c3722b1319f5a84375f57833d1074bfe390
mixed_complex,3,5,30205,30205090620,robot_4,6.0,-6.0,2.3562,5.987135724925203,-6.039427054193085,2.3625750410139204,-6.0,6.0,16.989385706405468,24.607723671077984,31,mrpp_rl.waypoints.build_scenario_waypoint_manager,dd0cfd0aaf6be3df6f4e4db540de5c3722b1319f5a84375f57833d1074bfe390
mixed_complex,3,6,30206,30206090624,robot_1,-6.0,6.0,-0.7854,-6.0173097765903005,5.964737875615859,-0.7337485221549651,6.0,-6.0,16.95790926673243,24.313500967224215,28,mrpp_rl.waypoints.build_scenario_waypoint_manager,dd0cfd0aaf6be3df6f4e4db540de5c3722b1319f5a84375f57833d1074bfe390
mixed_complex,3,6,30206,30206090624,robot_2,-6.0,-6.0,0.7854,-6.037643633370194,-5.968373699191364,0.7930625244821684,6.0,6.0,16.974888313255953,21.521381903662228,28,mrpp_rl.waypoints.build_scenario_waypoint_manager,dd0cfd0aaf6be3df6f4e4db540de5c3722b1319f5a84375f57833d1074bfe390
mixed_complex,3,6,30206,30206090624,robot_3,6.0,6.0,-2.3562,5.963276669156469,6.028613852822668,-2.4253311131946638,-6.0,-6.0,16.964891390253605,21.344923746264143,28,mrpp_rl.waypoints.build_scenario_waypoint_manager,dd0cfd0aaf6be3df6f4e4db540de5c3722b1319f5a84375f57833d1074bfe390
mixed_complex,3,6,30206,30206090624,robot_4,6.0,-6.0,2.3562,5.979336249498365,-5.97320712452149,2.388288185406797,-6.0,6.0,16.937006400932773,25.107723671077984,32,mrpp_rl.waypoints.build_scenario_waypoint_manager,dd0cfd0aaf6be3df6f4e4db540de5c3722b1319f5a84375f57833d1074bfe390
mixed_complex,3,7,30207,30207090628,robot_1,-6.0,6.0,-0.7854,-6.008247848913397,6.041658788812348,-0.6647265456208973,6.0,-6.0,17.005868480824933,24.812366048125227,33,mrpp_rl.waypoints.build_scenario_waypoint_manager,dd0cfd0aaf6be3df6f4e4db540de5c3722b1319f5a84375f57833d1074bfe390
mixed_complex,3,7,30207,30207090628,robot_2,-6.0,-6.0,0.7854,-6.01877058236079,-6.04779666221102,0.724951841992727,6.0,6.0,17.017645275578055,21.290370703815515,28,mrpp_rl.waypoints.build_scenario_waypoint_manager,dd0cfd0aaf6be3df6f4e4db540de5c3722b1319f5a84375f57833d1074bfe390
mixed_complex,3,7,30207,30207090628,robot_3,6.0,6.0,-2.3562,5.9934447271259135,6.031242121260288,-2.3396858429095118,-6.0,-6.0,16.988040010637253,21.51884994589119,28,mrpp_rl.waypoints.build_scenario_waypoint_manager,dd0cfd0aaf6be3df6f4e4db540de5c3722b1319f5a84375f57833d1074bfe390
mixed_complex,3,7,30207,30207090628,robot_4,6.0,-6.0,2.3562,6.010523154003666,-6.037735292559026,2.4927063145173243,-6.0,6.0,17.004697509999385,24.607723671077984,31,mrpp_rl.waypoints.build_scenario_waypoint_manager,dd0cfd0aaf6be3df6f4e4db540de5c3722b1319f5a84375f57833d1074bfe390
mixed_complex,3,8,30208,30208090632,robot_1,-6.0,6.0,-0.7854,-5.952134650107487,5.989056420760555,-0.8249002917653171,6.0,-6.0,16.928998687296303,24.812366048125227,33,mrpp_rl.waypoints.build_scenario_waypoint_manager,dd0cfd0aaf6be3df6f4e4db540de5c3722b1319f5a84375f57833d1074bfe390
mixed_complex,3,8,30208,30208090632,robot_2,-6.0,-6.0,0.7854,-6.045014893117454,-5.991493163465632,0.7742023496488724,6.0,6.0,16.996419977891353,21.521381903662228,28,mrpp_rl.waypoints.build_scenario_waypoint_manager,dd0cfd0aaf6be3df6f4e4db540de5c3722b1319f5a84375f57833d1074bfe390
mixed_complex,3,8,30208,30208090632,robot_3,6.0,6.0,-2.3562,6.016146175659877,6.018515221877115,-2.418623806125031,-6.0,-6.0,16.99507214027988,21.51884994589119,28,mrpp_rl.waypoints.build_scenario_waypoint_manager,dd0cfd0aaf6be3df6f4e4db540de5c3722b1319f5a84375f57833d1074bfe390
mixed_complex,3,8,30208,30208090632,robot_4,6.0,-6.0,2.3562,5.983940809771368,-6.02843587605319,2.395949437338789,-6.0,6.0,16.97934353726395,24.607723671077984,31,mrpp_rl.waypoints.build_scenario_waypoint_manager,dd0cfd0aaf6be3df6f4e4db540de5c3722b1319f5a84375f57833d1074bfe390
mixed_complex,3,9,30209,30209090636,robot_1,-6.0,6.0,-0.7854,-6.049569738699855,6.027898226825045,-0.7788312744090652,6.0,-6.0,17.025347768625824,24.313500967224215,29,mrpp_rl.waypoints.build_scenario_waypoint_manager,dd0cfd0aaf6be3df6f4e4db540de5c3722b1319f5a84375f57833d1074bfe390
mixed_complex,3,9,30209,30209090636,robot_2,-6.0,-6.0,0.7854,-5.954040985769968,-6.035444660803543,0.7972222557016277,6.0,6.0,16.96322563879679,21.290370703815515,28,mrpp_rl.waypoints.build_scenario_waypoint_manager,dd0cfd0aaf6be3df6f4e4db540de5c3722b1319f5a84375f57833d1074bfe390
mixed_complex,3,9,30209,30209090636,robot_3,6.0,6.0,-2.3562,5.9950256716538535,6.015505012972861,-2.485409597647669,-6.0,-6.0,16.97801524267224,21.51884994589119,28,mrpp_rl.waypoints.build_scenario_waypoint_manager,dd0cfd0aaf6be3df6f4e4db540de5c3722b1319f5a84375f57833d1074bfe390
mixed_complex,3,9,30209,30209090636,robot_4,6.0,-6.0,2.3562,6.013166112983817,-5.994860203577241,2.3285033203632364,-6.0,6.0,16.976243146276616,25.107723671077984,32,mrpp_rl.waypoints.build_scenario_waypoint_manager,dd0cfd0aaf6be3df6f4e4db540de5c3722b1319f5a84375f57833d1074bfe390
mixed_complex,4,0,40200,40200120600,robot_1,-6.0,6.0,-0.7854,-5.969016665457995,6.027235849328592,-0.7953461048921764,6.0,-6.0,16.967962815653095,24.812366048125227,33,mrpp_rl.waypoints.build_scenario_waypoint_manager,dd0cfd0aaf6be3df6f4e4db540de5c3722b1319f5a84375f57833d1074bfe390
mixed_complex,4,0,40200,40200120600,robot_2,-6.0,-6.0,0.7854,-6.02813393572225,-6.0228797958833,0.8388281152491854,6.0,6.0,17.00663530984104,21.521381903662228,28,mrpp_rl.waypoints.build_scenario_waypoint_manager,dd0cfd0aaf6be3df6f4e4db540de5c3722b1319f5a84375f57833d1074bfe390
mixed_complex,4,0,40200,40200120600,robot_3,6.0,6.0,-2.3562,6.0020851802132675,5.982349189914819,-2.2262484447366506,-6.0,-6.0,16.959561927778303,21.51884994589119,28,mrpp_rl.waypoints.build_scenario_waypoint_manager,dd0cfd0aaf6be3df6f4e4db540de5c3722b1319f5a84375f57833d1074bfe390
mixed_complex,4,0,40200,40200120600,robot_4,6.0,-6.0,2.3562,5.959773506232024,-5.97280239291636,2.2435549101095913,-6.0,6.0,16.922889217275905,24.357723671077984,31,mrpp_rl.waypoints.build_scenario_waypoint_manager,dd0cfd0aaf6be3df6f4e4db540de5c3722b1319f5a84375f57833d1074bfe390
mixed_complex,4,1,40201,40201120604,robot_1,-6.0,6.0,-0.7854,-6.036326634490074,6.0362409819885645,-0.9291237247893229,6.0,-6.0,17.02187580229148,24.313500967224215,29,mrpp_rl.waypoints.build_scenario_waypoint_manager,dd0cfd0aaf6be3df6f4e4db540de5c3722b1319f5a84375f57833d1074bfe390
mixed_complex,4,1,40201,40201120604,robot_2,-6.0,-6.0,0.7854,-5.962745644558155,-5.987706566744719,0.9297492557410022,6.0,6.0,16.935536368440463,21.27167899188027,28,mrpp_rl.waypoints.build_scenario_waypoint_manager,dd0cfd0aaf6be3df6f4e4db540de5c3722b1319f5a84375f57833d1074bfe390
mixed_complex,4,1,40201,40201120604,robot_3,6.0,6.0,-2.3562,6.020968126275852,6.03852425672091,-2.345608743535989,-6.0,-6.0,17.012634745170946,21.51884994589119,28,mrpp_rl.waypoints.build_scenario_waypoint_manager,dd0cfd0aaf6be3df6f4e4db540de5c3722b1319f5a84375f57833d1074bfe390
mixed_complex,4,1,40201,40201120604,robot_4,6.0,-6.0,2.3562,6.032609461769816,-5.9575242130147466,2.4850013804006914,-6.0,6.0,16.96366928952302,25.107723671077984,32,mrpp_rl.waypoints.build_scenario_waypoint_manager,dd0cfd0aaf6be3df6f4e4db540de5c3722b1319f5a84375f57833d1074bfe390
mixed_complex,4,2,40202,40202120608,robot_1,-6.0,6.0,-0.7854,-5.961119222919803,5.959986136787874,-0.854710147236714,6.0,-6.0,16.914775832302944,24.313500967224215,28,mrpp_rl.waypoints.build_scenario_waypoint_manager,dd0cfd0aaf6be3df6f4e4db540de5c3722b1319f5a84375f57833d1074bfe390
mixed_complex,4,2,40202,40202120608,robot_2,-6.0,-6.0,0.7854,-6.037068329450703,-6.018763999193575,0.8275817895104042,6.0,6.0,17.0100470909453,21.521381903662228,28,mrpp_rl.waypoints.build_scenario_waypoint_manager,dd0cfd0aaf6be3df6f4e4db540de5c3722b1319f5a84375f57833d1074bfe390
mixed_complex,4,2,40202,40202120608,robot_3,6.0,6.0,-2.3562,6.043275879389646,5.9896700393664,-2.4472528809535463,-6.0,-6.0,16.993901304879017,21.51884994589119,28,mrpp_rl.waypoints.build_scenario_waypoint_manager,dd0cfd0aaf6be3df6f4e4db540de5c3722b1319f5a84375f57833d1074bfe390
mixed_complex,4,2,40202,40202120608,robot_4,6.0,-6.0,2.3562,6.005525056318349,-6.026349975267639,2.471343706402048,-6.0,6.0,16.99310817965647,24.607723671077984,31,mrpp_rl.waypoints.build_scenario_waypoint_manager,dd0cfd0aaf6be3df6f4e4db540de5c3722b1319f5a84375f57833d1074bfe390
mixed_complex,4,3,40203,40203120612,robot_1,-6.0,6.0,-0.7854,-6.0469741228442215,5.983064133073657,-0.8193783159851612,6.0,-6.0,16.99186309778403,24.313500967224215,29,mrpp_rl.waypoints.build_scenario_waypoint_manager,dd0cfd0aaf6be3df6f4e4db540de5c3722b1319f5a84375f57833d1074bfe390
mixed_complex,4,3,40203,40203120612,robot_2,-6.0,-6.0,0.7854,-5.958074780667075,-6.026322286589885,0.8824138617465882,6.0,6.0,16.95959846815232,21.290370703815515,28,mrpp_rl.waypoints.build_scenario_waypoint_manager,dd0cfd0aaf6be3df6f4e4db540de5c3722b1319f5a84375f57833d1074bfe390
mixed_complex,4,3,40203,40203120612,robot_3,6.0,6.0,-2.3562,5.971641344305185,6.025200632961153,-2.25084857673505,-6.0,-6.0,16.968371953126397,21.344923746264143,28,mrpp_rl.waypoints.build_scenario_waypoint_manager,dd0cfd0aaf6be3df6f4e4db540de5c3722b1319f5a84375f57833d1074bfe390
mixed_complex,4,3,40203,40203120612,robot_4,6.0,-6.0,2.3562,6.003373079056664,-6.003897804498544,2.219570590326327,-6.0,6.0,16.975704043599112,25.107723671077984,32,mrpp_rl.waypoints.build_scenario_waypoint_manager,dd0cfd0aaf6be3df6f4e4db540de5c3722b1319f5a84375f57833d1074bfe390
mixed_complex,4,4,40204,40204120616,robot_1,-6.0,6.0,-0.7854,-6.003134621645333,5.96683529734072,-0.7341271363973194,6.0,-6.0,16.949347709543886,24.313500967224215,28,mrpp_rl.waypoints.build_scenario_waypoint_manager,dd0cfd0aaf6be3df6f4e4db540de5c3722b1319f5a84375f57833d1074bfe390
mixed_complex,4,4,40204,40204120616,robot_2,-6.0,-6.0,0.7854,-6.018667444868228,-5.9548664697980875,0.7453844582910324,6.0,6.0,16.95190843123682,21.27167899188027,28,mrpp_rl.waypoints.build_scenario_waypoint_manager,dd0cfd0aaf6be3df6f4e4db540de5c3722b1319f5a84375f57833d1074bfe390
mixed_complex,4,4,40204,40204120616,robot_3,6.0,6.0,-2.3562,5.9515637423869086,5.956538058660044,-2.338227278953966,-6.0,-6.0,16.905581274730647,21.16529655529792,28,mrpp_rl.waypoints.build_scenario_waypoint_manager,dd0cfd0aaf6be3df6f4e4db540de5c3722b1319f5a84375f57833d1074bfe390
mixed_complex,4,4,40204,40204120616,robot_4,6.0,-6.0,2.3562,5.952087243940251,-5.9897119085576715,2.4972421221332888,-6.0,6.0,16.929429439203464,24.357723671077984,31,mrpp_rl.waypoints.build_scenario_waypoint_manager,dd0cfd0aaf6be3df6f4e4db540de5c3722b1319f5a84375f57833d1074bfe390
mixed_complex,4,5,40205,40205120620,robot_1,-6.0,6.0,-0.7854,-6.047446398344247,5.9940436354628535,-0.9233588162304367,6.0,-6.0,16.999942571972554,24.313500967224215,29,mrpp_rl.waypoints.build_scenario_waypoint_manager,dd0cfd0aaf6be3df6f4e4db540de5c3722b1319f5a84375f57833d1074bfe390
mixed_complex,4,5,40205,40205120620,robot_2,-6.0,-6.0,0.7854,-6.011851812232362,-5.955093835489918,0.8995283148270777,6.0,6.0,16.94723731392226,21.27167899188027,28,mrpp_rl.waypoints.build_scenario_waypoint_manager,dd0cfd0aaf6be3df6f4e4db540de5c3722b1319f5a84375f57833d1074bfe390
mixed_complex,4,5,40205,40205120620,robot_3,6.0,6.0,-2.3562,5.967122650769381,5.999564373891316,-2.4612952831425936,-6.0,-6.0,16.947022443536188,21.344923746264143,28,mrpp_rl.waypoints.build_scenario_waypoint_manager,dd0cfd0aaf6be3df6f4e4db540de5c3722b1319f5a84375f57833d1074bfe390
mixed_complex,4,5,40205,40205120620,robot_4,6.0,-6.0,2.3562,6.000401624369638,-5.978897758228463,2.2164441890283717,-6.0,6.0,16.95593201945161,25.107723671077984,32,mrpp_rl.waypoints.build_scenario_waypoint_manager,dd0cfd0aaf6be3df6f4e4db540de5c3722b1319f5a84375f57833d1074bfe390
mixed_complex,4,6,40206,40206120624,robot_1,-6.0,6.0,-0.7854,-6.01965029787652,5.9607364723201295,-0.7760041367757106,6.0,-6.0,16.956745272708794,24.313500967224215,28,mrpp_rl.waypoints.build_scenario_waypoint_manager,dd0cfd0aaf6be3df6f4e4db540de5c3722b1319f5a84375f57833d1074bfe390
mixed_complex,4,6,40206,40206120624,robot_2,-6.0,-6.0,0.7854,-5.950902534866731,-6.044711469006785,0.8535418205245794,6.0,6.0,16.967591042027966,21.290370703815515,28,mrpp_rl.waypoints.build_scenario_waypoint_manager,dd0cfd0aaf6be3df6f4e4db540de5c3722b1319f5a84375f57833d1074bfe390
mixed_complex,4,6,40206,40206120624,robot_3,6.0,6.0,-2.3562,6.048746077634566,5.979490100082596,-2.4337058466674644,-6.0,-6.0,16.990599315541854,21.51884994589119,28,mrpp_rl.waypoints.build_scenario_waypoint_manager,dd0cfd0aaf6be3df6f4e4db540de5c3722b1319f5a84375f57833d1074bfe390
mixed_complex,4,6,40206,40206120624,robot_4,6.0,-6.0,2.3562,6.006801214396144,-5.974284138585342,2.37422749334797,-6.0,6.0,16.957203661972137,25.107723671077984,32,mrpp_rl.waypoints.build_scenario_waypoint_manager,dd0cfd0aaf6be3df6f4e4db540de5c3722b1319f5a84375f57833d1074bfe390
mixed_complex,4,7,40207,40207120628,robot_1,-6.0,6.0,-0.7854,-6.02432816643791,6.019037585486106,-0.823315439511366,6.0,-6.0,17.00122737732543,24.812366048125227,33,mrpp_rl.waypoints.build_scenario_waypoint_manager,dd0cfd0aaf6be3df6f4e4db540de5c3722b1319f5a84375f57833d1074bfe390
mixed_complex,4,7,40207,40207120628,robot_2,-6.0,-6.0,0.7854,-6.038043751503751,-6.0274816886931415,0.7074729670083926,6.0,6.0,17.016897870498234,21.539188670687313,28,mrpp_rl.waypoints.build_scenario_waypoint_manager,dd0cfd0aaf6be3df6f4e4db540de5c3722b1319f5a84375f57833d1074bfe390
mixed_complex,4,7,40207,40207120628,robot_3,6.0,6.0,-2.3562,6.021466396127479,5.954413334095672,-2.5049353254429287,-6.0,-6.0,16.953573442658826,21.344923746264143,28,mrpp_rl.waypoints.build_scenario_waypoint_manager,dd0cfd0aaf6be3df6f4e4db540de5c3722b1319f5a84375f57833d1074bfe390
mixed_complex,4,7,40207,40207120628,robot_4,6.0,-6.0,2.3562,5.994156495678904,-5.968501728806062,2.3774430564561744,-6.0,6.0,16.944167836611808,25.107723671077984,32,mrpp_rl.waypoints.build_scenario_waypoint_manager,dd0cfd0aaf6be3df6f4e4db540de5c3722b1319f5a84375f57833d1074bfe390
mixed_complex,4,8,40208,40208120632,robot_1,-6.0,6.0,-0.7854,-5.966683735364821,6.035147076679669,-0.6789351538792209,6.0,-6.0,16.97192637208741,24.812366048125227,33,mrpp_rl.waypoints.build_scenario_waypoint_manager,dd0cfd0aaf6be3df6f4e4db540de5c3722b1319f5a84375f57833d1074bfe390
mixed_complex,4,8,40208,40208120632,robot_2,-6.0,-6.0,0.7854,-6.040164048807193,-5.957029889719543,0.895564606553856,6.0,6.0,16.96868038787447,21.521381903662228,28,mrpp_rl.waypoints.build_scenario_waypoint_manager,dd0cfd0aaf6be3df6f4e4db540de5c3722b1319f5a84375f57833d1074bfe390
mixed_complex,4,8,40208,40208120632,robot_3,6.0,6.0,-2.3562,6.041740424831947,5.965477120654381,-2.367177793930457,-6.0,-6.0,16.97575197697985,21.344923746264143,28,mrpp_rl.waypoints.build_scenario_waypoint_manager,dd0cfd0aaf6be3df6f4e4db540de5c3722b1319f5a84375f57833d1074bfe390
mixed_complex,4,8,40208,40208120632,robot_4,6.0,-6.0,2.3562,6.00649150574958,-6.042814275076374,2.303153365004915,-6.0,6.0,17.005446596359064,24.607723671077984,31,mrpp_rl.waypoints.build_scenario_waypoint_manager,dd0cfd0aaf6be3df6f4e4db540de5c3722b1319f5a84375f57833d1074bfe390
mixed_complex,4,9,40209,40209120636,robot_1,-6.0,6.0,-0.7854,-6.01290237782047,6.02723305651269,-0.8732092594118028,6.0,-6.0,16.99894580657037,24.812366048125227,33,mrpp_rl.waypoints.build_scenario_waypoint_manager,dd0cfd0aaf6be3df6f4e4db540de5c3722b1319f5a84375f57833d1074bfe390
mixed_complex,4,9,40209,40209120636,robot_2,-6.0,-6.0,0.7854,-6.00539905248476,-5.996186337225073,0.8288210064499915,6.0,6.0,16.97168503852306,21.27167899188027,28,mrpp_rl.waypoints.build_scenario_waypoint_manager,dd0cfd0aaf6be3df6f4e4db540de5c3722b1319f5a84375f57833d1074bfe390
mixed_complex,4,9,40209,40209120636,robot_3,6.0,6.0,-2.3562,6.0019164882738085,5.968428131344143,-2.3635372695117844,-6.0,-6.0,16.949609769155412,21.344923746264143,28,mrpp_rl.waypoints.build_scenario_waypoint_manager,dd0cfd0aaf6be3df6f4e4db540de5c3722b1319f5a84375f57833d1074bfe390
mixed_complex,4,9,40209,40209120636,robot_4,6.0,-6.0,2.3562,6.035706292947038,-5.999277557217528,2.4457555381145246,-6.0,6.0,16.99531958702834,25.107723671077984,32,mrpp_rl.waypoints.build_scenario_waypoint_manager,dd0cfd0aaf6be3df6f4e4db540de5c3722b1319f5a84375f57833d1074bfe390
mixed_complex,5,0,50200,50200150600,robot_1,-6.0,6.0,-0.7854,-6.015748794354265,5.975212053520759,-0.7709065419606568,6.0,-6.0,16.964195318841824,24.812366048125227,33,mrpp_rl.waypoints.build_scenario_waypoint_manager,dd0cfd0aaf6be3df6f4e4db540de5c3722b1319f5a84375f57833d1074bfe390
mixed_complex,5,0,50200,50200150600,robot_2,-6.0,-6.0,0.7854,-6.032157191825556,-6.0114143330611505,0.8971193150673201,6.0,6.0,17.001378796123163,21.521381903662228,28,mrpp_rl.waypoints.build_scenario_waypoint_manager,dd0cfd0aaf6be3df6f4e4db540de5c3722b1319f5a84375f57833d1074bfe390
mixed_complex,5,0,50200,50200150600,robot_3,6.0,6.0,-2.3562,6.011092264871944,5.956174079838116,-2.2840491595340593,-6.0,-6.0,16.94746104945102,21.344923746264143,28,mrpp_rl.waypoints.build_scenario_waypoint_manager,dd0cfd0aaf6be3df6f4e4db540de5c3722b1319f5a84375f57833d1074bfe390
mixed_complex,5,0,50200,50200150600,robot_4,6.0,-6.0,2.3562,6.0202693825154485,-5.979178811143362,2.410851331405715,-6.0,6.0,16.970197436022495,25.107723671077984,32,mrpp_rl.waypoints.build_scenario_waypoint_manager,dd0cfd0aaf6be3df6f4e4db540de5c3722b1319f5a84375f57833d1074bfe390
mixed_complex,5,1,50201,50201150604,robot_1,-6.0,6.0,-0.7854,-5.968382468303224,5.97170720907314,-0.884887039661276,6.0,-6.0,16.928199916333742,24.313500967224215,28,mrpp_rl.waypoints.build_scenario_waypoint_manager,dd0cfd0aaf6be3df6f4e4db540de5c3722b1319f5a84375f57833d1074bfe390
mixed_complex,5,1,50201,50201150604,robot_2,-6.0,-6.0,0.7854,-6.033705146449432,-6.012420699454982,0.8230464282231048,6.0,6.0,17.003185307829177,21.521381903662228,28,mrpp_rl.waypoints.build_scenario_waypoint_manager,dd0cfd0aaf6be3df6f4e4db540de5c3722b1319f5a84375f57833d1074bfe390
mixed_complex,5,1,50201,50201150604,robot_3,6.0,6.0,-2.3562,5.983709458745636,5.9950957730373275,-2.3736103572092917,-6.0,-6.0,16.955577695730913,21.51884994589119,28,mrpp_rl.waypoints.build_scenario_waypoint_manager,dd0cfd0aaf6be3df6f4e4db540de5c3722b1319f5a84375f57833d1074bfe390
mixed_complex,5,1,50201,50201150604,robot_4,6.0,-6.0,2.3562,6.020756149979995,-6.0018944320551935,2.4332857154459737,-6.0,6.0,16.986584364594293,25.107723671077984,32,mrpp_rl.waypoints.build_scenario_waypoint_manager,dd0cfd0aaf6be3df6f4e4db540de5c3722b1319f5a84375f57833d1074bfe390
mixed_complex,5,2,50202,50202150608,robot_1,-6.0,6.0,-0.7854,-6.015922482185746,6.003498601821026,-0.7675433525581703,6.0,-6.0,16.984297800669186,24.812366048125227,33,mrpp_rl.waypoints.build_scenario_waypoint_manager,dd0cfd0aaf6be3df6f4e4db540de5c3722b1319f5a84375f57833d1074bfe390
mixed_complex,5,2,50202,50202150608,robot_2,-6.0,-6.0,0.7854,-6.009121602742415,-5.992799513491514,0.8816695710156933,6.0,6.0,16.971925107077773,21.27167899188027,28,mrpp_rl.waypoints.build_scenario_waypoint_manager,dd0cfd0aaf6be3df6f4e4db540de5c3722b1319f5a84375f57833d1074bfe390
mixed_complex,5,2,50202,50202150608,robot_3,6.0,6.0,-2.3562,5.994454570491694,6.006664011325419,-2.2727213167735085,-6.0,-6.0,16.971355901177905,21.51884994589119,28,mrpp_rl.waypoints.build_scenario_waypoint_manager,dd0cfd0aaf6be3df6f4e4db540de5c3722b1319f5a84375f57833d1074bfe390
mixed_complex,5,2,50202,50202150608,robot_4,6.0,-6.0,2.3562,5.980980345592194,-6.026332204445703,2.309744228354836,-6.0,6.0,16.97576379233507,24.607723671077984,31,mrpp_rl.waypoints.build_scenario_waypoint_manager,dd0cfd0aaf6be3df6f4e4db540de5c3722b1319f5a84375f57833d1074bfe390
mixed_complex,5,3,50203,50203150612,robot_1,-6.0,6.0,-0.7854,-5.99486854827349,5.999406536165658,-0.8047835695975355,6.0,-6.0,16.966514925303184,24.812366048125227,33,mrpp_rl.waypoints.build_scenario_waypoint_manager,dd0cfd0aaf6be3df6f4e4db540de5c3722b1319f5a84375f57833d1074bfe390
mixed_complex,5,3,50203,50203150612,robot_2,-6.0,-6.0,0.7854,-5.999820139973906,-5.967833218076431,0.8908468138865553,6.0,6.0,16.94770531155817,21.27167899188027,28,mrpp_rl.waypoints.build_scenario_waypoint_manager,dd0cfd0aaf6be3df6f4e4db540de5c3722b1319f5a84375f57833d1074bfe390
mixed_complex,5,3,50203,50203150612,robot_3,6.0,6.0,-2.3562,6.032670007611762,5.953238148075753,-2.2983666841974326,-6.0,-6.0,16.960691310695243,21.344923746264143,28,mrpp_rl.waypoints.build_scenario_waypoint_manager,dd0cfd0aaf6be3df6f4e4db540de5c3722b1319f5a84375f57833d1074bfe390
mixed_complex,5,3,50203,50203150612,robot_4,6.0,-6.0,2.3562,5.974632584688817,-6.026280129465198,2.3960170313127,-6.0,6.0,16.971247428832704,24.357723671077984,31,mrpp_rl.waypoints.build_scenario_waypoint_manager,dd0cfd0aaf6be3df6f4e4db540de5c3722b1319f5a84375f57833d1074bfe390
mixed_complex,5,4,50204,50204150616,robot_1,-6.0,6.0,-0.7854,-5.997334415941842,5.964041334018165,-0.9220653878176897,6.0,-6.0,16.94326763437436,24.313500967224215,28,mrpp_rl.waypoints.build_scenario_waypoint_manager,dd0cfd0aaf6be3df6f4e4db540de5c3722b1319f5a84375f57833d1074bfe390
mixed_complex,5,4,50204,50204150616,robot_2,-6.0,-6.0,0.7854,-6.027673528028316,-6.049596431950174,0.8323177710229986,6.0,6.0,17.025207918545355,21.539188670687313,28,mrpp_rl.waypoints.build_scenario_waypoint_manager,dd0cfd0aaf6be3df6f4e4db540de5c3722b1319f5a84375f57833d1074bfe390
mixed_complex,5,4,50204,50204150616,robot_3,6.0,6.0,-2.3562,6.00051357148288,6.008642767412696,-2.207924175833548,-6.0,-6.0,16.977038230936454,21.51884994589119,28,mrpp_rl.waypoints.build_scenario_waypoint_manager,dd0cfd0aaf6be3df6f4e4db540de5c3722b1319f5a84375f57833d1074bfe390
mixed_complex,5,4,50204,50204150616,robot_4,6.0,-6.0,2.3562,6.012596838789885,-6.019244565505763,2.3242288811072562,-6.0,6.0,16.99307867152814,25.107723671077984,32,mrpp_rl.waypoints.build_scenario_waypoint_manager,dd0cfd0aaf6be3df6f4e4db540de5c3722b1319f5a84375f57833d1074bfe390
mixed_complex,5,5,50205,50205150620,robot_1,-6.0,6.0,-0.7854,-6.031875099639252,5.996324639596586,-0.6789369244602798,6.0,-6.0,16.990521571508957,24.313500967224215,29,mrpp_rl.waypoints.build_scenario_waypoint_manager,dd0cfd0aaf6be3df6f4e4db540de5c3722b1319f5a84375f57833d1074bfe390
mixed_complex,5,5,50205,50205150620,robot_2,-6.0,-6.0,0.7854,-6.037412086117824,-6.013393439342408,0.9115022903023656,6.0,6.0,17.006496160569075,21.521381903662228,28,mrpp_rl.waypoints.build_scenario_waypoint_manager,dd0cfd0aaf6be3df6f4e4db540de5c3722b1319f5a84375f57833d1074bfe390
mixed_complex,5,5,50205,50205150620,robot_3,6.0,6.0,-2.3562,6.037260823386859,6.021420923639136,-2.3778957105105105,-6.0,-6.0,17.012060696857183,21.51884994589119,28,mrpp_rl.waypoints.build_scenario_waypoint_manager,dd0cfd0aaf6be3df6f4e4db540de5c3722b1319f5a84375f57833d1074bfe390
mixed_complex,5,5,50205,50205150620,robot_4,6.0,-6.0,2.3562,5.958750849260046,-5.976828037521022,2.4505936642043147,-6.0,6.0,16.925014969418122,24.357723671077984,31,mrpp_rl.waypoints.build_scenario_waypoint_manager,dd0cfd0aaf6be3df6f4e4db540de5c3722b1319f5a84375f57833d1074bfe390
mixed_complex,5,6,50206,50206150624,robot_1,-6.0,6.0,-0.7854,-5.972722656312175,6.001821125976943,-0.8948443544683574,6.0,-6.0,16.952574970927493,24.812366048125227,33,mrpp_rl.waypoints.build_scenario_waypoint_manager,dd0cfd0aaf6be3df6f4e4db540de5c3722b1319f5a84375f57833d1074bfe390
mixed_complex,5,6,50206,50206150624,robot_2,-6.0,-6.0,0.7854,-5.970168052865477,-6.010144764255755,0.8858236762402034,6.0,6.0,16.95666537006086,21.27167899188027,28,mrpp_rl.waypoints.build_scenario_waypoint_manager,dd0cfd0aaf6be3df6f4e4db540de5c3722b1319f5a84375f57833d1074bfe390
mixed_complex,5,6,50206,50206150624,robot_3,6.0,6.0,-2.3562,6.024893749050307,5.97128734265381,-2.367092261606403,-6.0,-6.0,16.967904712024183,21.344923746264143,28,mrpp_rl.waypoints.build_scenario_waypoint_manager,dd0cfd0aaf6be3df6f4e4db540de5c3722b1319f5a84375f57833d1074bfe390
mixed_complex,5,6,50206,50206150624,robot_4,6.0,-6.0,2.3562,6.049756622490166,-5.986381202229529,2.3061784543847734,-6.0,6.0,16.996175128140067,25.107723671077984,32,mrpp_rl.waypoints.build_scenario_waypoint_manager,dd0cfd0aaf6be3df6f4e4db540de5c3722b1319f5a84375f57833d1074bfe390
mixed_complex,5,7,50207,50207150628,robot_1,-6.0,6.0,-0.7854,-5.952669815904487,6.0160006296726465,-0.645287159435498,6.0,-6.0,16.94846856976546,24.812366048125227,33,mrpp_rl.waypoints.build_scenario_waypoint_manager,dd0cfd0aaf6be3df6f4e4db540de5c3722b1319f5a84375f57833d1074bfe390
mixed_complex,5,7,50207,50207150628,robot_2,-6.0,-6.0,0.7854,-6.039654561890552,-5.970481806827261,0.9242080872066558,6.0,6.0,16.977800701422858,21.521381903662228,28,mrpp_rl.waypoints.build_scenario_waypoint_manager,dd0cfd0aaf6be3df6f4e4db540de5c3722b1319f5a84375f57833d1074bfe390
mixed_complex,5,7,50207,50207150628,robot_3,6.0,6.0,-2.3562,6.004347789347841,5.976258161108369,-2.269383734621884,-6.0,-6.0,16.956860717395045,21.51884994589119,28,mrpp_rl.waypoints.build_scenario_waypoint_manager,dd0cfd0aaf6be3df6f4e4db540de5c3722b1319f5a84375f57833d1074bfe390
mixed_complex,5,7,50207,50207150628,robot_4,6.0,-6.0,2.3562,6.042796463894903,-5.97040853224883,2.45861455687775,-6.0,6.0,16.979977240848562,25.107723671077984,32,mrpp_rl.waypoints.build_scenario_waypoint_manager,dd0cfd0aaf6be3df6f4e4db540de5c3722b1319f5a84375f57833d1074bfe390
mixed_complex,5,8,50208,50208150632,robot_1,-6.0,6.0,-0.7854,-5.9776009420640746,5.997345058893986,-0.6879954090485384,6.0,-6.0,16.95285264459944,24.812366048125227,33,mrpp_rl.waypoints.build_scenario_waypoint_manager,dd0cfd0aaf6be3df6f4e4db540de5c3722b1319f5a84375f57833d1074bfe390
mixed_complex,5,8,50208,50208150632,robot_2,-6.0,-6.0,0.7854,-6.028904626238832,-6.031835264315316,0.6827812266684766,6.0,6.0,17.01351246317972,21.539188670687313,28,mrpp_rl.waypoints.build_scenario_waypoint_manager,dd0cfd0aaf6be3df6f4e4db540de5c3722b1319f5a84375f57833d1074bfe390
mixed_complex,5,8,50208,50208150632,robot_3,6.0,6.0,-2.3562,6.048766490248121,6.0199553467403035,-2.231194798568824,-6.0,-6.0,17.01916861877092,21.51884994589119,28,mrpp_rl.waypoints.build_scenario_waypoint_manager,dd0cfd0aaf6be3df6f4e4db540de5c3722b1319f5a84375f57833d1074bfe390
mixed_complex,5,8,50208,50208150632,robot_4,6.0,-6.0,2.3562,6.010573690632815,-5.967404557754822,2.222441808109674,-6.0,6.0,16.955018496807725,25.107723671077984,32,mrpp_rl.waypoints.build_scenario_waypoint_manager,dd0cfd0aaf6be3df6f4e4db540de5c3722b1319f5a84375f57833d1074bfe390
mixed_complex,5,9,50209,50209150636,robot_1,-6.0,6.0,-0.7854,-6.013881974669199,5.967925928215906,-0.7629510603951598,6.0,-6.0,16.957730128898266,24.313500967224215,28,mrpp_rl.waypoints.build_scenario_waypoint_manager,dd0cfd0aaf6be3df6f4e4db540de5c3722b1319f5a84375f57833d1074bfe390
mixed_complex,5,9,50209,50209150636,robot_2,-6.0,-6.0,0.7854,-6.021565684362856,-6.034634835950719,0.8058024167918587,6.0,6.0,17.01030502778034,21.290370703815515,28,mrpp_rl.waypoints.build_scenario_waypoint_manager,dd0cfd0aaf6be3df6f4e4db540de5c3722b1319f5a84375f57833d1074bfe390
mixed_complex,5,9,50209,50209150636,robot_3,6.0,6.0,-2.3562,5.970465114916401,5.9672084728445824,-2.3413601167816465,-6.0,-6.0,16.92649147637967,21.16529655529792,28,mrpp_rl.waypoints.build_scenario_waypoint_manager,dd0cfd0aaf6be3df6f4e4db540de5c3722b1319f5a84375f57833d1074bfe390
mixed_complex,5,9,50209,50209150636,robot_4,6.0,-6.0,2.3562,5.9652892577396015,-6.040899053581379,2.341838026793404,-6.0,6.0,16.97502274048302,24.357723671077984,31,mrpp_rl.waypoints.build_scenario_waypoint_manager,dd0cfd0aaf6be3df6f4e4db540de5c3722b1319f5a84375f57833d1074bfe390
mixed_complex,6,0,60200,60200180600,robot_1,-6.0,6.0,-0.7854,-5.999381366715829,6.030186638116244,-0.8486339638590155,6.0,-6.0,16.991484447563657,24.812366048125227,33,mrpp_rl.waypoints.build_scenario_waypoint_manager,dd0cfd0aaf6be3df6f4e4db540de5c3722b1319f5a84375f57833d1074bfe390
mixed_complex,6,0,60200,60200180600,robot_2,-6.0,-6.0,0.7854,-5.959578771660125,-5.965886546848755,0.7069679973166977,6.0,6.0,16.917859357720157,21.27167899188027,28,mrpp_rl.waypoints.build_scenario_waypoint_manager,dd0cfd0aaf6be3df6f4e4db540de5c3722b1319f5a84375f57833d1074bfe390
mixed_complex,6,0,60200,60200180600,robot_3,6.0,6.0,-2.3562,5.964286553474894,5.958721735530615,-2.4932556634912606,-6.0,-6.0,16.916121845195857,21.16529655529792,28,mrpp_rl.waypoints.build_scenario_waypoint_manager,dd0cfd0aaf6be3df6f4e4db540de5c3722b1319f5a84375f57833d1074bfe390
mixed_complex,6,0,60200,60200180600,robot_4,6.0,-6.0,2.3562,5.9741956349611005,-6.024442849929714,2.2105721593414507,-6.0,6.0,16.96963720754063,24.357723671077984,31,mrpp_rl.waypoints.build_scenario_waypoint_manager,dd0cfd0aaf6be3df6f4e4db540de5c3722b1319f5a84375f57833d1074bfe390
mixed_complex,6,1,60201,60201180604,robot_1,-6.0,6.0,-0.7854,-6.045809273751031,6.024329591559313,-0.6797566875757587,6.0,-6.0,17.020165192677634,24.313500967224215,29,mrpp_rl.waypoints.build_scenario_waypoint_manager,dd0cfd0aaf6be3df6f4e4db540de5c3722b1319f5a84375f57833d1074bfe390
mixed_complex,6,1,60201,60201180604,robot_2,-6.0,-6.0,0.7854,-5.950317389990792,-5.98915751820992,0.7030270257958844,6.0,6.0,16.927787324927195,21.27167899188027,28,mrpp_rl.waypoints.build_scenario_waypoint_manager,dd0cfd0aaf6be3df6f4e4db540de5c3722b1319f5a84375f57833d1074bfe390
mixed_complex,6,1,60201,60201180604,robot_3,6.0,6.0,-2.3562,5.9696856613161495,6.045927673904537,-2.249156284470079,-6.0,-6.0,16.981688619087812,21.344923746264143,28,mrpp_rl.waypoints.build_scenario_waypoint_manager,dd0cfd0aaf6be3df6f4e4db540de5c3722b1319f5a84375f57833d1074bfe390
mixed_complex,6,1,60201,60201180604,robot_4,6.0,-6.0,2.3562,6.044474293819848,-6.012473458370139,2.285961035305893,-6.0,6.0,17.01084594023866,25.107723671077984,32,mrpp_rl.waypoints.build_scenario_waypoint_manager,dd0cfd0aaf6be3df6f4e4db540de5c3722b1319f5a84375f57833d1074bfe390
mixed_complex,6,2,60202,60202180608,robot_1,-6.0,6.0,-0.7854,-5.991530028968507,6.025462871812336,-0.8066836814461288,6.0,-6.0,16.982595494122517,24.812366048125227,33,mrpp_rl.waypoints.build_scenario_waypoint_manager,dd0cfd0aaf6be3df6f4e4db540de5c3722b1319f5a84375f57833d1074bfe390
mixed_complex,6,2,60202,60202180608,robot_2,-6.0,-6.0,0.7854,-5.984603712889866,-5.980223941556433,0.882534626645791,6.0,6.0,16.945692427424014,21.27167899188027,28,mrpp_rl.waypoints.build_scenario_waypoint_manager,dd0cfd0aaf6be3df6f4e4db540de5c3722b1319f5a84375f57833d1074bfe390
mixed_complex,6,2,60202,60202180608,robot_3,6.0,6.0,-2.3562,6.0332032158351385,6.005283097638517,-2.5046321276127066,-6.0,-6.0,16.99778814693342,21.51884994589119,28,mrpp_rl.waypoints.build_scenario_waypoint_manager,dd0cfd0aaf6be3df6f4e4db540de5c3722b1319f5a84375f57833d1074bfe390
mixed_complex,6,2,60202,60202180608,robot_4,6.0,-6.0,2.3562,6.042239967518897,-6.024846932561322,2.3948369985133136,-6.0,6.0,17.018004794535667,25.107723671077984,32,mrpp_rl.waypoints.build_scenario_waypoint_manager,dd0cfd0aaf6be3df6f4e4db540de5c3722b1319f5a84375f57833d1074bfe390
mixed_complex,6,3,60203,60203180612,robot_1,-6.0,6.0,-0.7854,-5.980828459076225,5.962559006034643,-0.6361208017024124,6.0,-6.0,16.93053656972133,24.313500967224215,28,mrpp_rl.waypoints.build_scenario_waypoint_manager,dd0cfd0aaf6be3df6f4e4db540de5c3722b1319f5a84375f57833d1074bfe390
mixed_complex,6,3,60203,60203180612,robot_2,-6.0,-6.0,0.7854,-5.975994986449503,-6.028203178200276,0.7422189162255206,6.0,6.0,16.973571445383286,21.290370703815515,28,mrpp_rl.waypoints.build_scenario_waypoint_manager,dd0cfd0aaf6be3df6f4e4db540de5c3722b1319f5a84375f57833d1074bfe390
mixed_complex,6,3,60203,60203180612,robot_3,6.0,6.0,-2.3562,5.950618160088816,5.972006082834285,-2.505997326996264,-6.0,-6.0,16.91585658651863,21.16529655529792,28,mrpp_rl.waypoints.build_scenario_waypoint_manager,dd0cfd0aaf6be3df6f4e4db540de5c3722b1319f5a84375f57833d1074bfe390
mixed_complex,6,3,60203,60203180612,robot_4,6.0,-6.0,2.3562,6.016232269689562,-6.014928456789286,2.314711486016696,-6.0,6.0,16.992596734486867,25.107723671077984,32,mrpp_rl.waypoints.build_scenario_waypoint_manager,dd0cfd0aaf6be3df6f4e4db540de5c3722b1319f5a84375f57833d1074bfe390
mixed_complex,6,4,60204,60204180616,robot_1,-6.0,6.0,-0.7854,-6.030688421546005,6.0114515959296355,-0.7358574667550739,6.0,-6.0,17.000365682469354,24.313500967224215,29,mrpp_rl.waypoints.build_scenario_waypoint_manager,dd0cfd0aaf6be3df6f4e4db540de5c3722b1319f5a84375f57833d1074bfe390
mixed_complex,6,4,60204,60204180616,robot_2,-6.0,-6.0,0.7854,-5.951403928330566,-6.002207901406422,0.7290586217178131,6.0,6.0,16.937799454672323,21.27167899188027,28,mrpp_rl.waypoints.build_scenario_waypoint_manager,dd0cfd0aaf6be3df6f4e4db540de5c3722b1319f5a84375f57833d1074bfe390
mixed_complex,6,4,60204,60204180616,robot_3,6.0,6.0,-2.3562,5.983339849182038,6.022640541597033,-2.4935573630123486,-6.0,-6.0,16.97481427095586,21.51884994589119,28,mrpp_rl.waypoints.build_scenario_waypoint_manager,dd0cfd0aaf6be3df6f4e4db540de5c3722b1319f5a84375f57833d1074bfe390
mixed_complex,6,4,60204,60204180616,robot_4,6.0,-6.0,2.3562,5.959784783366129,-5.970088671967314,2.4538442975594985,-6.0,6.0,16.92097736181915,24.357723671077984,31,mrpp_rl.waypoints.build_scenario_waypoint_manager,dd0cfd0aaf6be3df6f4e4db540de5c3722b1319f5a84375f57833d1074bfe390
mixed_complex,6,5,60205,60205180620,robot_1,-6.0,6.0,-0.7854,-6.021618740281577,6.039211866281448,-0.6743724948395224,6.0,-6.0,17.013581030985254,24.812366048125227,33,mrpp_rl.waypoints.build_scenario_waypoint_manager,dd0cfd0aaf6be3df6f4e4db540de5c3722b1319f5a84375f57833d1074bfe390
mixed_complex,6,5,60205,60205180620,robot_2,-6.0,-6.0,0.7854,-6.009945218629621,-5.989198634347746,0.864156516447209,6.0,6.0,16.969963702033375,21.27167899188027,28,mrpp_rl.waypoints.build_scenario_waypoint_manager,dd0cfd0aaf6be3df6f4e4db540de5c3722b1319f5a84375f57833d1074bfe390
mixed_complex,6,5,60205,60205180620,robot_3,6.0,6.0,-2.3562,6.044204637092891,5.9564083554325205,-2.2105289762196154,-6.0,-6.0,16.971109748688402,21.344923746264143,28,mrpp_rl.waypoints.build_scenario_waypoint_manager,dd0cfd0aaf6be3df6f4e4db540de5c3722b1319f5a84375f57833d1074bfe390
mixed_complex,6,5,60205,60205180620,robot_4,6.0,-6.0,2.3562,6.0281641771285885,-5.950404756458342,2.3520540126979386,-6.0,6.0,16.955497849227005,25.107723671077984,32,mrpp_rl.waypoints.build_scenario_waypoint_manager,dd0cfd0aaf6be3df6f4e4db540de5c3722b1319f5a84375f57833d1074bfe390
mixed_complex,6,6,60206,60206180624,robot_1,-6.0,6.0,-0.7854,-6.008273534656467,6.047123790995051,-0.819274096336966,6.0,-6.0,17.00975675659972,24.812366048125227,33,mrpp_rl.waypoints.build_scenario_waypoint_manager,dd0cfd0aaf6be3df6f4e4db540de5c3722b1319f5a84375f57833d1074bfe390
mixed_complex,6,6,60206,60206180624,robot_2,-6.0,-6.0,0.7854,-6.020060967088851,-5.961602678674303,0.664691592144072,6.0,6.0,16.95764736910758,21.27167899188027,28,mrpp_rl.waypoints.build_scenario_waypoint_manager,dd0cfd0aaf6be3df6f4e4db540de5c3722b1319f5a84375f57833d1074bfe390
mixed_complex,6,6,60206,60206180624,robot_3,6.0,6.0,-2.3562,6.027030959202124,6.032535969492055,-2.346248663134217,-6.0,-6.0,17.012683373022803,21.51884994589119,28,mrpp_rl.waypoints.build_scenario_waypoint_manager,dd0cfd0aaf6be3df6f4e4db540de5c3722b1319f5a84375f57833d1074bfe390
mixed_complex,6,6,60206,60206180624,robot_4,6.0,-6.0,2.3562,6.015358428249561,-5.972923427911603,2.3496543095011786,-6.0,6.0,16.962303309690647,25.107723671077984,32,mrpp_rl.waypoints.build_scenario_waypoint_manager,dd0cfd0aaf6be3df6f4e4db540de5c3722b1319f5a84375f57833d1074bfe390
mixed_complex,6,7,60207,60207180628,robot_1,-6.0,6.0,-0.7854,-6.0287011699693265,6.0434397960622785,-0.8944158163276267,6.0,-6.0,17.02157730522639,24.313500967224215,29,mrpp_rl.waypoints.build_scenario_waypoint_manager,dd0cfd0aaf6be3df6f4e4db540de5c3722b1319f5a84375f57833d1074bfe390
mixed_complex,6,7,60207,60207180628,robot_2,-6.0,-6.0,0.7854,-6.0074393276831115,-5.960013039970678,0.7966682424463369,6.0,6.0,16.94758127652025,21.27167899188027,28,mrpp_rl.waypoints.build_scenario_waypoint_manager,dd0cfd0aaf6be3df6f4e4db540de5c3722b1319f5a84375f57833d1074bfe390
mixed_complex,6,7,60207,60207180628,robot_3,6.0,6.0,-2.3562,5.9552016305900946,5.99949452216976,-2.385041356145757,-6.0,-6.0,16.93855704644425,21.344923746264143,28,mrpp_rl.waypoints.build_scenario_waypoint_manager,dd0cfd0aaf6be3df6f4e4db540de5c3722b1319f5a84375f57833d1074bfe390
mixed_complex,6,7,60207,60207180628,robot_4,6.0,-6.0,2.3562,5.966642164714101,-5.960566248623964,2.40675505219546,-6.0,6.0,16.919091869424793,24.357723671077984,31,mrpp_rl.waypoints.build_scenario_waypoint_manager,dd0cfd0aaf6be3df6f4e4db540de5c3722b1319f5a84375f57833d1074bfe390
mixed_complex,6,8,60208,60208180632,robot_1,-6.0,6.0,-0.7854,-5.999964149422394,6.02204734594869,-0.736424430304133,6.0,-6.0,16.986134403555585,24.812366048125227,33,mrpp_rl.waypoints.build_scenario_waypoint_manager,dd0cfd0aaf6be3df6f4e4db540de5c3722b1319f5a84375f57833d1074bfe390
mixed_complex,6,8,60208,60208180632,robot_2,-6.0,-6.0,0.7854,-6.004955403946387,-6.01592736524248,0.7313023591651205,6.0,6.0,16.985330868061553,21.27167899188027,28,mrpp_rl.waypoints.build_scenario_waypoint_manager,dd0cfd0aaf6be3df6f4e4db540de5c3722b1319f5a84375f57833d1074bfe390
mixed_complex,6,8,60208,60208180632,robot_3,6.0,6.0,-2.3562,6.045611760788596,5.954322061550067,-2.480445579743438,-6.0,-6.0,16.970638722302443,21.344923746264143,28,mrpp_rl.waypoints.build_scenario_waypoint_manager,dd0cfd0aaf6be3df6f4e4db540de5c3722b1319f5a84375f57833d1074bfe390
mixed_complex,6,8,60208,60208180632,robot_4,6.0,-6.0,2.3562,6.003635928151896,-5.985338780420058,2.242522118352438,-6.0,6.0,16.962771624267656,25.107723671077984,32,mrpp_rl.waypoints.build_scenario_waypoint_manager,dd0cfd0aaf6be3df6f4e4db540de5c3722b1319f5a84375f57833d1074bfe390
mixed_complex,6,9,60209,60209180636,robot_1,-6.0,6.0,-0.7854,-6.014091744502673,5.992108134125962,-0.6929250269134557,6.0,-6.0,16.974953842231717,24.812366048125227,33,mrpp_rl.waypoints.build_scenario_waypoint_manager,dd0cfd0aaf6be3df6f4e4db540de5c3722b1319f5a84375f57833d1074bfe390
mixed_complex,6,9,60209,60209180636,robot_2,-6.0,-6.0,0.7854,-6.027835827413489,-6.038695127277877,0.6975018325949901,6.0,6.0,17.017608970086123,21.539188670687313,28,mrpp_rl.waypoints.build_scenario_waypoint_manager,dd0cfd0aaf6be3df6f4e4db540de5c3722b1319f5a84375f57833d1074bfe390
mixed_complex,6,9,60209,60209180636,robot_3,6.0,6.0,-2.3562,6.008358733670157,5.993870238139782,-2.3441081269814563,-6.0,-6.0,16.972141961633703,21.51884994589119,28,mrpp_rl.waypoints.build_scenario_waypoint_manager,dd0cfd0aaf6be3df6f4e4db540de5c3722b1319f5a84375f57833d1074bfe390
mixed_complex,6,9,60209,60209180636,robot_4,6.0,-6.0,2.3562,5.980889859039903,-6.047401374050151,2.2631540556272594,-6.0,6.0,16.99063276284643,24.607723671077984,31,mrpp_rl.waypoints.build_scenario_waypoint_manager,dd0cfd0aaf6be3df6f4e4db540de5c3722b1319f5a84375f57833d1074bfe390
mixed_complex,7,0,70200,70200210600,robot_1,-6.0,6.0,-0.7854,-5.984832278829415,5.960813854733296,-0.784993202798191,6.0,-6.0,16.93213727853786,24.313500967224215,28,mrpp_rl.waypoints.build_scenario_waypoint_manager,dd0cfd0aaf6be3df6f4e4db540de5c3722b1319f5a84375f57833d1074bfe390
mixed_complex,7,0,70200,70200210600,robot_2,-6.0,-6.0,0.7854,-5.964934103157425,-5.976575106959569,0.7794907923593062,6.0,6.0,16.929205515485457,21.27167899188027,28,mrpp_rl.waypoints.build_scenario_waypoint_manager,dd0cfd0aaf6be3df6f4e4db540de5c3722b1319f5a84375f57833d1074bfe390
mixed_complex,7,0,70200,70200210600,robot_3,6.0,6.0,-2.3562,5.992397745098521,6.048928142750475,-2.2856783595653045,-6.0,-6.0,16.9998315599246,21.51884994589119,28,mrpp_rl.waypoints.build_scenario_waypoint_manager,dd0cfd0aaf6be3df6f4e4db540de5c3722b1319f5a84375f57833d1074bfe390
mixed_complex,7,0,70200,70200210600,robot_4,6.0,-6.0,2.3562,6.045930221173653,-6.03231668759109,2.294300439675246,-6.0,6.0,17.02589438954288,24.607723671077984,31,mrpp_rl.waypoints.build_scenario_waypoint_manager,dd0cfd0aaf6be3df6f4e4db540de5c3722b1319f5a84375f57833d1074bfe390
mixed_complex,7,1,70201,70201210604,robot_1,-6.0,6.0,-0.7854,-5.976021975514577,5.957667639415678,-0.666253810757369,6.0,-6.0,16.92367920201565,24.313500967224215,28,mrpp_rl.waypoints.build_scenario_waypoint_manager,dd0cfd0aaf6be3df6f4e4db540de5c3722b1319f5a84375f57833d1074bfe390
mixed_complex,7,1,70201,70201210604,robot_2,-6.0,-6.0,0.7854,-5.993177532941364,-5.956479482268847,0.7332966169672113,6.0,6.0,16.934984763694516,21.27167899188027,28,mrpp_rl.waypoints.build_scenario_waypoint_manager,dd0cfd0aaf6be3df6f4e4db540de5c3722b1319f5a84375f57833d1074bfe390
mixed_complex,7,1,70201,70201210604,robot_3,6.0,6.0,-2.3562,5.982347734849484,5.953191612971599,-2.275317970169386,-6.0,-6.0,16.92499474077517,21.344923746264143,28,mrpp_rl.waypoints.build_scenario_waypoint_manager,dd0cfd0aaf6be3df6f4e4db540de5c3722b1319f5a84375f57833d1074bfe390
mixed_complex,7,1,70201,70201210604,robot_4,6.0,-6.0,2.3562,6.015856828663431,-5.977303970680785,2.4805775222601736,-6.0,6.0,16.965748605146292,25.107723671077984,32,mrpp_rl.waypoints.build_scenario_waypoint_manager,dd0cfd0aaf6be3df6f4e4db540de5c3722b1319f5a84375f57833d1074bfe390
mixed_complex,7,2,70202,70202210608,robot_1,-6.0,6.0,-0.7854,-5.993513352394736,5.975076016573349,-0.643087871163157,6.0,-6.0,16.94835709255564,24.812366048125227,33,mrpp_rl.waypoints.build_scenario_waypoint_manager,dd0cfd0aaf6be3df6f4e4db540de5c3722b1319f5a84375f57833d1074bfe390
mixed_complex,7,2,70202,70202210608,robot_2,-6.0,-6.0,0.7854,-5.976178623635708,-5.962248311039009,0.763059280059403,6.0,6.0,16.927026882479524,21.27167899188027,28,mrpp_rl.waypoints.build_scenario_waypoint_manager,dd0cfd0aaf6be3df6f4e4db540de5c3722b1319f5a84375f57833d1074bfe390
mixed_complex,7,2,70202,70202210608,robot_3,6.0,6.0,-2.3562,5.968195155987617,5.966986089450207,-2.4128515608626784,-6.0,-6.0,16.92472898917144,21.16529655529792,28,mrpp_rl.waypoints.build_scenario_waypoint_manager,dd0cfd0aaf6be3df6f4e4db540de5c3722b1319f5a84375f57833d1074bfe390
mixed_complex,7,2,70202,70202210608,robot_4,6.0,-6.0,2.3562,6.024099363791114,-5.981304570619831,2.3174447398815485,-6.0,6.0,16.974410880035794,25.107723671077984,32,mrpp_rl.waypoints.build_scenario_waypoint_manager,dd0cfd0aaf6be3df6f4e4db540de5c3722b1319f5a84375f57833d1074bfe390
mixed_complex,7,3,70203,70203210612,robot_1,-6.0,6.0,-0.7854,-5.9918973146189884,5.971656585886273,-0.644488778696572,6.0,-6.0,16.94479750881551,24.313500967224215,28,mrpp_rl.waypoints.build_scenario_waypoint_manager,dd0cfd0aaf6be3df6f4e4db540de5c3722b1319f5a84375f57833d1074bfe390
mixed_complex,7,3,70203,70203210612,robot_2,-6.0,-6.0,0.7854,-6.0167439015965645,-6.028738622899817,0.7881350658643897,6.0,6.0,17.002725865419343,21.290370703815515,28,mrpp_rl.waypoints.build_scenario_waypoint_manager,dd0cfd0aaf6be3df6f4e4db540de5c3722b1319f5a84375f57833d1074bfe390
mixed_complex,7,3,70203,70203210612,robot_3,6.0,6.0,-2.3562,6.0456774323199785,6.007880810390533,-2.4021442242436803,-6.0,-6.0,17.00845514325296,21.51884994589119,28,mrpp_rl.waypoints.build_scenario_waypoint_manager,dd0cfd0aaf6be3df6f4e4db540de5c3722b1319f5a84375f57833d1074bfe390
mixed_complex,7,3,70203,70203210612,robot_4,6.0,-6.0,2.3562,5.980222958402153,-5.997350729864061,2.412717712069071,-6.0,6.0,16.954709277023763,25.107723671077984,32,mrpp_rl.waypoints.build_scenario_waypoint_manager,dd0cfd0aaf6be3df6f4e4db540de5c3722b1319f5a84375f57833d1074bfe390
mixed_complex,7,4,70204,70204210616,robot_1,-6.0,6.0,-0.7854,-5.957399536854436,6.011676997024323,-0.6749006178508502,6.0,-6.0,16.948740011127963,24.812366048125227,33,mrpp_rl.waypoints.build_scenario_waypoint_manager,dd0cfd0aaf6be3df6f4e4db540de5c3722b1319f5a84375f57833d1074bfe390
mixed_complex,7,4,70204,70204210616,robot_2,-6.0,-6.0,0.7854,-6.022593251381759,-5.9586505826295175,0.7395856874579168,6.0,6.0,16.95736041504088,21.27167899188027,28,mrpp_rl.waypoints.build_scenario_waypoint_manager,dd0cfd0aaf6be3df6f4e4db540de5c3722b1319f5a84375f57833d1074bfe390
mixed_complex,7,4,70204,70204210616,robot_3,6.0,6.0,-2.3562,6.0025113971496955,5.9794151116884775,-2.292066244111562,-6.0,-6.0,16.95779072452714,21.51884994589119,28,mrpp_rl.waypoints.build_scenario_waypoint_manager,dd0cfd0aaf6be3df6f4e4db540de5c3722b1319f5a84375f57833d1074bfe390
mixed_complex,7,4,70204,70204210616,robot_4,6.0,-6.0,2.3562,6.034500727392102,-5.95123068258407,2.4020526270939575,-6.0,6.0,16.960575538169095,25.107723671077984,32,mrpp_rl.waypoints.build_scenario_waypoint_manager,dd0cfd0aaf6be3df6f4e4db540de5c3722b1319f5a84375f57833d1074bfe390
mixed_complex,7,5,70205,70205210620,robot_1,-6.0,6.0,-0.7854,-5.964398444712302,5.984890255247997,-0.8266977671532765,6.0,-6.0,16.934710643355338,24.812366048125227,33,mrpp_rl.waypoints.build_scenario_waypoint_manager,dd0cfd0aaf6be3df6f4e4db540de5c3722b1319f5a84375f57833d1074bfe390
mixed_complex,7,5,70205,70205210620,robot_2,-6.0,-6.0,0.7854,-6.045819535902206,-5.977876709404994,0.725500122496876,6.0,6.0,16.987386460466183,21.521381903662228,28,mrpp_rl.waypoints.build_scenario_waypoint_manager,dd0cfd0aaf6be3df6f4e4db540de5c3722b1319f5a84375f57833d1074bfe390
mixed_complex,7,5,70205,70205210620,robot_3,6.0,6.0,-2.3562,6.043434062041952,5.962285493994528,-2.3037834067837446,-6.0,-6.0,16.97470406948481,21.344923746264143,28,mrpp_rl.waypoints.build_scenario_waypoint_manager,dd0cfd0aaf6be3df6f4e4db540de5c3722b1319f5a84375f57833d1074bfe390
mixed_complex,7,5,70205,70205210620,robot_4,6.0,-6.0,2.3562,6.014904836869142,-6.0474814402254236,2.2499741684504584,-6.0,6.0,17.014692100993116,24.607723671077984,31,mrpp_rl.waypoints.build_scenario_waypoint_manager,dd0cfd0aaf6be3df6f4e4db540de5c3722b1319f5a84375f57833d1074bfe390
mixed_complex,7,6,70206,70206210624,robot_1,-6.0,6.0,-0.7854,-5.950608122228168,5.955801021977234,-0.7382873487981201,6.0,-6.0,16.90438441849267,24.313500967224215,28,mrpp_rl.waypoints.build_scenario_waypoint_manager,dd0cfd0aaf6be3df6f4e4db540de5c3722b1319f5a84375f57833d1074bfe390
mixed_complex,7,6,70206,70206210624,robot_2,-6.0,-6.0,0.7854,-6.02007772844364,-5.999837395710606,0.6459560982386925,6.0,6.0,16.984650897834833,21.27167899188027,28,mrpp_rl.waypoints.build_scenario_waypoint_manager,dd0cfd0aaf6be3df6f4e4db540de5c3722b1319f5a84375f57833d1074bfe390
mixed_complex,7,6,70206,70206210624,robot_3,6.0,6.0,-2.3562,5.993672699682465,5.95313565879604,-2.21434513633701,-6.0,-6.0,16.932974839191427,21.344923746264143,28,mrpp_rl.waypoints.build_scenario_waypoint_manager,dd0cfd0aaf6be3df6f4e4db540de5c3722b1319f5a84375f57833d1074bfe390
mixed_complex,7,6,70206,70206210624,robot_4,6.0,-6.0,2.3562,6.019417813958724,-5.961742243188844,2.3781796332296814,-6.0,6.0,16.95728993910869,25.107723671077984,32,mrpp_rl.waypoints.build_scenario_waypoint_manager,dd0cfd0aaf6be3df6f4e4db540de5c3722b1319f5a84375f57833d1074bfe390
mixed_complex,7,7,70207,70207210628,robot_1,-6.0,6.0,-0.7854,-5.978576287731119,6.023345646396946,-0.7954070320055715,6.0,-6.0,16.971951284803012,24.812366048125227,33,mrpp_rl.waypoints.build_scenario_waypoint_manager,dd0cfd0aaf6be3df6f4e4db540de5c3722b1319f5a84375f57833d1074bfe390
mixed_complex,7,7,70207,70207210628,robot_2,-6.0,-6.0,0.7854,-5.9731599651089375,-6.008636509315861,0.9302236478372418,6.0,6.0,16.957709466875567,21.27167899188027,28,mrpp_rl.waypoints.build_scenario_waypoint_manager,dd0cfd0aaf6be3df6f4e4db540de5c3722b1319f5a84375f57833d1074bfe390
mixed_complex,7,7,70207,70207210628,robot_3,6.0,6.0,-2.3562,5.971978723581416,5.988999028957493,-2.369492537167097,-6.0,-6.0,16.942974127178196,21.344923746264143,28,mrpp_rl.waypoints.build_scenario_waypoint_manager,dd0cfd0aaf6be3df6f4e4db540de5c3722b1319f5a84375f57833d1074bfe390
mixed_complex,7,7,70207,70207210628,robot_4,6.0,-6.0,2.3562,5.9733837222432475,-6.046614163897964,2.3482046230650515,-6.0,6.0,16.984782323418415,24.357723671077984,31,mrpp_rl.waypoints.build_scenario_waypoint_manager,dd0cfd0aaf6be3df6f4e4db540de5c3722b1319f5a84375f57833d1074bfe390
mixed_complex,7,8,70208,70208210632,robot_1,-6.0,6.0,-0.7854,-5.985348699130609,6.015615664899551,-0.8697022366665412,6.0,-6.0,16.971258151543488,24.812366048125227,33,mrpp_rl.waypoints.build_scenario_waypoint_manager,dd0cfd0aaf6be3df6f4e4db540de5c3722b1319f5a84375f57833d1074bfe390
mixed_complex,7,8,70208,70208210632,robot_2,-6.0,-6.0,0.7854,-5.975880856331543,-6.040557934523578,0.7039951481801175,6.0,6.0,16.982248309916653,21.290370703815515,28,mrpp_rl.waypoints.build_scenario_waypoint_manager,dd0cfd0aaf6be3df6f4e4db540de5c3722b1319f5a84375f57833d1074bfe390
mixed_complex,7,8,70208,70208210632,robot_3,6.0,6.0,-2.3562,5.9780957814819455,6.013933440840415,-2.256797654000371,-6.0,-6.0,16.964945483888215,21.51884994589119,28,mrpp_rl.waypoints.build_scenario_waypoint_manager,dd0cfd0aaf6be3df6f4e4db540de5c3722b1319f5a84375f57833d1074bfe390
mixed_complex,7,8,70208,70208210632,robot_4,6.0,-6.0,2.3562,6.041225404678932,-6.014537788206427,2.3412395198587364,-6.0,6.0,17.010003748104392,25.107723671077984,32,mrpp_rl.waypoints.build_scenario_waypoint_manager,dd0cfd0aaf6be3df6f4e4db540de5c3722b1319f5a84375f57833d1074bfe390
mixed_complex,7,9,70209,70209210636,robot_1,-6.0,6.0,-0.7854,-5.977567861319449,6.026622219634904,-0.7053140618745759,6.0,-6.0,16.973561025498704,24.812366048125227,33,mrpp_rl.waypoints.build_scenario_waypoint_manager,dd0cfd0aaf6be3df6f4e4db540de5c3722b1319f5a84375f57833d1074bfe390
mixed_complex,7,9,70209,70209210636,robot_2,-6.0,-6.0,0.7854,-6.048935648066083,-5.990680643977568,0.7376752000849891,6.0,6.0,16.998625607886538,21.521381903662228,28,mrpp_rl.waypoints.build_scenario_waypoint_manager,dd0cfd0aaf6be3df6f4e4db540de5c3722b1319f5a84375f57833d1074bfe390
mixed_complex,7,9,70209,70209210636,robot_3,6.0,6.0,-2.3562,5.968232014314835,5.961346098087983,-2.3915624518382144,-6.0,-6.0,16.920767654770135,21.16529655529792,28,mrpp_rl.waypoints.build_scenario_waypoint_manager,dd0cfd0aaf6be3df6f4e4db540de5c3722b1319f5a84375f57833d1074bfe390
mixed_complex,7,9,70209,70209210636,robot_4,6.0,-6.0,2.3562,5.965455515198337,-6.014920809677853,2.3960655558001527,-6.0,6.0,16.956722789177753,24.357723671077984,31,mrpp_rl.waypoints.build_scenario_waypoint_manager,dd0cfd0aaf6be3df6f4e4db540de5c3722b1319f5a84375f57833d1074bfe390
