record_id,protocol_id,scenario,method,base_training_robot_count,evaluation_robot_count,zero_shot_variable_team_size,training_seed,evaluation_episode_index,safety_envelope,possible_directed_nonself_edge_count,active_conflict_edge_count_mean,active_conflict_edge_count_max,edge_density_mean,CPA_graph_build_time_mean_ms,GAT_message_passing_time_mean_ms,policy_inference_time_mean_ms,policy_inference_time_p95_ms,control_step_time_mean_ms,peak_GPU_memory_MB,real_time_factor,fully_successful_episode,collision_episode,near_miss_episode,average_completion_time_s,makespan_s,average_waiting_time_s,average_path_length_m,min_rr_center_distance_m,episode_wall_time_s,checkpoint_sha256
scal__mixed_complex__CA-GAT-MAPPO__N4__seed0__ep00,zero_shot_team_size_stress,mixed_complex,CA-GAT-MAPPO,4,4,1,0,0,ON,12,7.1,8,0.591667,0.0931,0.2798,0.7687,1.3837,1.2,1200,0.95,1,0,0,50.61,58.21,1.32,21.0146,0.8472,55.7,bfcedc1c8f0ae2806ebdc8d7c572ba9275e4a0487907899821a3d107e71101ce
scal__mixed_complex__CA-GAT-MAPPO__N4__seed0__ep01,zero_shot_team_size_stress,mixed_complex,CA-GAT-MAPPO,4,4,1,0,1,ON,12,5.5,6,0.458333,0.0887,0.2526,0.782,1.4077,1.2,1200,0.95,1,0,0,55.08,63.35,0.649,22.0941,0.8522,60.6,bfcedc1c8f0ae2806ebdc8d7c572ba9275e4a0487907899821a3d107e71101ce
scal__mixed_complex__CA-GAT-MAPPO__N4__seed0__ep02,zero_shot_team_size_stress,mixed_complex,CA-GAT-MAPPO,4,4,1,0,2,ON,12,5,5,0.416667,0.0942,0.2895,0.7908,1.4234,1.2,1200,0.95,1,0,0,53.94,62.03,0.929,22.0502,0.8527,59.3,bfcedc1c8f0ae2806ebdc8d7c572ba9275e4a0487907899821a3d107e71101ce
scal__mixed_complex__CA-GAT-MAPPO__N4__seed0__ep03,zero_shot_team_size_stress,mixed_complex,CA-GAT-MAPPO,4,4,1,0,3,ON,12,5.5,7,0.458333,0.0997,0.2253,0.8643,1.5557,1.2,1200,0.95,1,0,0,46.98,54.03,0.671,21.339,0.8589,51.7,bfcedc1c8f0ae2806ebdc8d7c572ba9275e4a0487907899821a3d107e71101ce
scal__mixed_complex__CA-GAT-MAPPO__N4__seed0__ep04,zero_shot_team_size_stress,mixed_complex,CA-GAT-MAPPO,4,4,1,0,4,ON,12,7.2,8,0.6,0.0706,0.2448,0.7183,1.2929,1.2,1200,0.95,1,0,0,54.52,62.7,0.401,22.0031,0.8406,60,bfcedc1c8f0ae2806ebdc8d7c572ba9275e4a0487907899821a3d107e71101ce
scal__mixed_complex__CA-GAT-MAPPO__N4__seed0__ep05,zero_shot_team_size_stress,mixed_complex,CA-GAT-MAPPO,4,4,1,0,5,ON,12,4.1,6,0.341667,0.0819,0.2489,0.8861,1.595,1.2,1200,0.95,1,0,0,54.84,63.06,1.138,21.5228,0.8459,60.3,bfcedc1c8f0ae2806ebdc8d7c572ba9275e4a0487907899821a3d107e71101ce
scal__mixed_complex__CA-GAT-MAPPO__N4__seed0__ep06,zero_shot_team_size_stress,mixed_complex,CA-GAT-MAPPO,4,4,1,0,6,ON,12,3.2,4,0.266667,0.0897,0.2752,0.9592,1.7266,1.2,1200,0.95,1,0,0,51.77,59.54,1.463,20.9801,0.8535,56.9,bfcedc1c8f0ae2806ebdc8d7c572ba9275e4a0487907899821a3d107e71101ce
scal__mixed_complex__CA-GAT-MAPPO__N4__seed0__ep07,zero_shot_team_size_stress,mixed_complex,CA-GAT-MAPPO,4,4,1,0,7,ON,12,5.3,7,0.441667,0.0726,0.2235,0.9859,1.7746,1.2,1200,0.95,1,0,0,52.88,60.82,1.321,21.9787,0.872,58.2,bfcedc1c8f0ae2806ebdc8d7c572ba9275e4a0487907899821a3d107e71101ce
scal__mixed_complex__CA-GAT-MAPPO__N4__seed0__ep08,zero_shot_team_size_stress,mixed_complex,CA-GAT-MAPPO,4,4,1,0,8,ON,12,4.6,5,0.383333,0.0926,0.2557,0.8197,1.4754,1.2,1200,0.95,1,0,0,43.11,49.58,0.434,21.242,0.8283,47.4,bfcedc1c8f0ae2806ebdc8d7c572ba9275e4a0487907899821a3d107e71101ce
scal__mixed_complex__CA-GAT-MAPPO__N4__seed0__ep09,zero_shot_team_size_stress,mixed_complex,CA-GAT-MAPPO,4,4,1,0,9,ON,12,5.9,7,0.491667,0.0989,0.24,0.7922,1.426,1.2,1200,0.95,1,0,0,55.59,63.93,1.162,21.3111,0.8598,61.1,bfcedc1c8f0ae2806ebdc8d7c572ba9275e4a0487907899821a3d107e71101ce
scal__mixed_complex__CA-GAT-MAPPO__N4__seed1__ep00,zero_shot_team_size_stress,mixed_complex,CA-GAT-MAPPO,4,4,1,1,0,ON,12,3.7,5,0.308333,0.0707,0.2996,0.9075,1.6335,1.2,1200,0.95,1,0,0,53.15,61.12,0.849,21.3162,0.8455,58.5,8ed99808c66525bebda19333f1531725f5d3205410e0532243400e3764a1fdb8
scal__mixed_complex__CA-GAT-MAPPO__N4__seed1__ep01,zero_shot_team_size_stress,mixed_complex,CA-GAT-MAPPO,4,4,1,1,1,ON,12,6.6,8,0.55,0.0932,0.2669,0.998,1.7964,1.2,1200,0.95,1,0,0,48.06,55.26,1.082,22.1409,0.8202,52.9,8ed99808c66525bebda19333f1531725f5d3205410e0532243400e3764a1fdb8
scal__mixed_complex__CA-GAT-MAPPO__N4__seed1__ep02,zero_shot_team_size_stress,mixed_complex,CA-GAT-MAPPO,4,4,1,1,2,ON,12,4.5,5,0.375,0.0879,0.2598,0.8579,1.5443,1.2,1200,0.95,1,0,0,44.25,50.89,1.333,21.2885,0.8491,48.7,8ed99808c66525bebda19333f1531725f5d3205410e0532243400e3764a1fdb8
scal__mixed_complex__CA-GAT-MAPPO__N4__seed1__ep03,zero_shot_team_size_stress,mixed_complex,CA-GAT-MAPPO,4,4,1,1,3,ON,12,5.2,8,0.433333,0.0818,0.2716,0.8774,1.5793,1.2,1200,0.95,1,0,0,49.01,56.36,0.91,21.6733,0.8514,53.9,8ed99808c66525bebda19333f1531725f5d3205410e0532243400e3764a1fdb8
scal__mixed_complex__CA-GAT-MAPPO__N4__seed1__ep04,zero_shot_team_size_stress,mixed_complex,CA-GAT-MAPPO,4,4,1,1,4,ON,12,4.8,6,0.4,0.0739,0.2822,0.7441,1.3394,1.2,1200,0.95,1,0,0,52.91,60.85,0.523,22.4191,0.8451,58.2,8ed99808c66525bebda19333f1531725f5d3205410e0532243400e3764a1fdb8
scal__mixed_complex__CA-GAT-MAPPO__N4__seed1__ep05,zero_shot_team_size_stress,mixed_complex,CA-GAT-MAPPO,4,4,1,1,5,ON,12,5.2,6,0.433333,0.0873,0.2862,0.7297,1.3134,1.2,1200,0.95,1,0,0,53.39,61.4,1.226,21.8806,0.8462,58.7,8ed99808c66525bebda19333f1531725f5d3205410e0532243400e3764a1fdb8
scal__mixed_complex__CA-GAT-MAPPO__N4__seed1__ep06,zero_shot_team_size_stress,mixed_complex,CA-GAT-MAPPO,4,4,1,1,6,ON,12,3.7,4,0.308333,0.096,0.2907,0.8216,1.4788,1.2,1200,0.95,1,0,0,51.8,59.57,1.422,21.2636,0.8594,57,8ed99808c66525bebda19333f1531725f5d3205410e0532243400e3764a1fdb8
scal__mixed_complex__CA-GAT-MAPPO__N4__seed1__ep07,zero_shot_team_size_stress,mixed_complex,CA-GAT-MAPPO,4,4,1,1,7,ON,12,2.6,4,0.216667,0.082,0.2587,0.8497,1.5294,1.2,1200,0.95,1,0,0,46.63,53.62,1.123,20.7804,0.8566,51.3,8ed99808c66525bebda19333f1531725f5d3205410e0532243400e3764a1fdb8
scal__mixed_complex__CA-GAT-MAPPO__N4__seed1__ep08,zero_shot_team_size_stress,mixed_complex,CA-GAT-MAPPO,4,4,1,1,8,ON,12,5.6,6,0.466667,0.0742,0.2689,0.8219,1.4794,1.2,1200,0.95,1,0,0,51.25,58.94,0.563,21.1891,0.8546,56.4,8ed99808c66525bebda19333f1531725f5d3205410e0532243400e3764a1fdb8
scal__mixed_complex__CA-GAT-MAPPO__N4__seed1__ep09,zero_shot_team_size_stress,mixed_complex,CA-GAT-MAPPO,4,4,1,1,9,ON,12,3.1,5,0.258333,0.0774,0.2859,0.89,1.6019,1.2,1200,0.95,1,0,0,49.75,57.21,0.963,20.1377,0.8474,54.7,8ed99808c66525bebda19333f1531725f5d3205410e0532243400e3764a1fdb8
scal__mixed_complex__CA-GAT-MAPPO__N4__seed2__ep00,zero_shot_team_size_stress,mixed_complex,CA-GAT-MAPPO,4,4,1,2,0,ON,12,6.8,7,0.566667,0.0999,0.2538,0.8911,1.6039,1.2,1200,0.95,1,0,0,48.17,55.4,0.73,21.865,0.8533,53,83df6211c82175f2b55c0f388fd343ffc3f228c028273b13498381129ab10241
scal__mixed_complex__CA-GAT-MAPPO__N4__seed2__ep01,zero_shot_team_size_stress,mixed_complex,CA-GAT-MAPPO,4,4,1,2,1,ON,12,4.8,5,0.4,0.0959,0.2982,0.9307,1.6752,1.2,1200,0.95,1,0,0,44.57,51.26,1.135,22.1305,0.8506,49,83df6211c82175f2b55c0f388fd343ffc3f228c028273b13498381129ab10241
scal__mixed_complex__CA-GAT-MAPPO__N4__seed2__ep02,zero_shot_team_size_stress,mixed_complex,CA-GAT-MAPPO,4,4,1,2,2,ON,12,4.9,6,0.408333,0.0811,0.2908,0.9791,1.7624,1.2,1200,0.95,1,0,0,55.51,63.83,0.664,21.5903,0.8735,61.1,83df6211c82175f2b55c0f388fd343ffc3f228c028273b13498381129ab10241
scal__mixed_complex__CA-GAT-MAPPO__N4__seed2__ep03,zero_shot_team_size_stress,mixed_complex,CA-GAT-MAPPO,4,4,1,2,3,ON,12,4.2,6,0.35,0.0943,0.2575,0.8879,1.5982,1.2,1200,0.95,1,0,0,50.6,58.19,1.103,21.6122,0.8446,55.7,83df6211c82175f2b55c0f388fd343ffc3f228c028273b13498381129ab10241
scal__mixed_complex__CA-GAT-MAPPO__N4__seed2__ep04,zero_shot_team_size_stress,mixed_complex,CA-GAT-MAPPO,4,4,1,2,4,ON,12,5.2,8,0.433333,0.0891,0.2871,0.9104,1.6387,1.2,1200,0.95,1,0,0,46.03,52.94,1.059,21.4811,0.8697,50.6,83df6211c82175f2b55c0f388fd343ffc3f228c028273b13498381129ab10241
scal__mixed_complex__CA-GAT-MAPPO__N4__seed2__ep05,zero_shot_team_size_stress,mixed_complex,CA-GAT-MAPPO,4,4,1,2,5,ON,12,5.4,6,0.45,0.0875,0.239,0.9471,1.7047,1.2,1200,0.95,1,0,0,50.08,57.59,1.103,21.1797,0.8673,55.1,83df6211c82175f2b55c0f388fd343ffc3f228c028273b13498381129ab10241
scal__mixed_complex__CA-GAT-MAPPO__N4__seed2__ep06,zero_shot_team_size_stress,mixed_complex,CA-GAT-MAPPO,4,4,1,2,6,ON,12,6.2,8,0.516667,0.0921,0.2277,0.89,1.6019,1.2,1200,0.95,1,0,0,48.12,55.34,0.438,22.1502,0.8563,52.9,83df6211c82175f2b55c0f388fd343ffc3f228c028273b13498381129ab10241
scal__mixed_complex__CA-GAT-MAPPO__N4__seed2__ep07,zero_shot_team_size_stress,mixed_complex,CA-GAT-MAPPO,4,4,1,2,7,ON,12,2.5,3,0.208333,0.0833,0.2744,0.9987,1.7977,1.2,1200,0.95,1,0,0,43.25,49.74,0.878,20.8296,0.8553,47.6,83df6211c82175f2b55c0f388fd343ffc3f228c028273b13498381129ab10241
scal__mixed_complex__CA-GAT-MAPPO__N4__seed2__ep08,zero_shot_team_size_stress,mixed_complex,CA-GAT-MAPPO,4,4,1,2,8,ON,12,6.5,8,0.541667,0.0952,0.2572,0.7034,1.2661,1.2,1200,0.95,1,0,0,54.36,62.51,0.46,21.3965,0.8651,59.8,83df6211c82175f2b55c0f388fd343ffc3f228c028273b13498381129ab10241
scal__mixed_complex__CA-GAT-MAPPO__N4__seed2__ep09,zero_shot_team_size_stress,mixed_complex,CA-GAT-MAPPO,4,4,1,2,9,ON,12,4.1,5,0.341667,0.0718,0.2562,0.8066,1.452,1.2,1200,0.95,1,0,0,43.85,50.43,0.423,22.1833,0.8692,48.2,83df6211c82175f2b55c0f388fd343ffc3f228c028273b13498381129ab10241
scal__mixed_complex__CA-GAT-MAPPO__N4__seed3__ep00,zero_shot_team_size_stress,mixed_complex,CA-GAT-MAPPO,4,4,1,3,0,ON,12,6.4,7,0.533333,0.0801,0.2343,0.987,1.7767,1.2,1200,0.95,1,0,0,47.95,55.15,0.647,21.1974,0.8317,52.7,db73792d69e34f730009208f36e16377f566a0653b487afb0c9e2546504e61a0
scal__mixed_complex__CA-GAT-MAPPO__N4__seed3__ep01,zero_shot_team_size_stress,mixed_complex,CA-GAT-MAPPO,4,4,1,3,1,ON,12,5.9,8,0.491667,0.0781,0.2342,0.865,1.557,1.2,1200,0.95,1,0,0,49.71,57.17,0.72,22.5107,0.8495,54.7,db73792d69e34f730009208f36e16377f566a0653b487afb0c9e2546504e61a0
scal__mixed_complex__CA-GAT-MAPPO__N4__seed3__ep02,zero_shot_team_size_stress,mixed_complex,CA-GAT-MAPPO,4,4,1,3,2,ON,12,5.8,6,0.483333,0.0884,0.2844,0.7074,1.2733,1.2,1200,0.95,1,0,0,53.34,61.34,1.082,21.1923,0.875,58.7,db73792d69e34f730009208f36e16377f566a0653b487afb0c9e2546504e61a0
scal__mixed_complex__CA-GAT-MAPPO__N4__seed3__ep03,zero_shot_team_size_stress,mixed_complex,CA-GAT-MAPPO,4,4,1,3,3,ON,12,7.5,8,0.625,0.0821,0.2664,0.8459,1.5227,1.2,1200,0.95,1,0,0,50.12,57.64,0.608,20.9739,0.8502,55.1,db73792d69e34f730009208f36e16377f566a0653b487afb0c9e2546504e61a0
scal__mixed_complex__CA-GAT-MAPPO__N4__seed3__ep04,zero_shot_team_size_stress,mixed_complex,CA-GAT-MAPPO,4,4,1,3,4,ON,12,2.7,4,0.225,0.0784,0.2798,0.72,1.2961,1.2,1200,0.95,1,0,0,51.93,59.72,1.459,21.2961,0.8518,57.1,db73792d69e34f730009208f36e16377f566a0653b487afb0c9e2546504e61a0
scal__mixed_complex__CA-GAT-MAPPO__N4__seed3__ep05,zero_shot_team_size_stress,mixed_complex,CA-GAT-MAPPO,4,4,1,3,5,ON,12,4.6,5,0.383333,0.0969,0.2328,0.9656,1.738,1.2,1200,0.95,1,0,0,43.05,49.51,0.477,21.1927,0.8484,47.4,db73792d69e34f730009208f36e16377f566a0653b487afb0c9e2546504e61a0
scal__mixed_complex__CA-GAT-MAPPO__N4__seed3__ep06,zero_shot_team_size_stress,mixed_complex,CA-GAT-MAPPO,4,4,1,3,6,ON,12,6.9,8,0.575,0.0843,0.2877,0.8161,1.4689,1.2,1200,0.95,1,0,0,44.36,51.02,0.718,21.7012,0.8592,48.8,db73792d69e34f730009208f36e16377f566a0653b487afb0c9e2546504e61a0
scal__mixed_complex__CA-GAT-MAPPO__N4__seed3__ep07,zero_shot_team_size_stress,mixed_complex,CA-GAT-MAPPO,4,4,1,3,7,ON,12,4,5,0.333333,0.0809,0.2342,0.7689,1.3841,1.2,1200,0.95,1,0,0,49.79,57.26,1.119,21.5422,0.8549,54.8,db73792d69e34f730009208f36e16377f566a0653b487afb0c9e2546504e61a0
scal__mixed_complex__CA-GAT-MAPPO__N4__seed3__ep08,zero_shot_team_size_stress,mixed_complex,CA-GAT-MAPPO,4,4,1,3,8,ON,12,4.5,5,0.375,0.0958,0.2848,0.8482,1.5268,1.2,1200,0.95,1,0,0,47.67,54.83,0.793,21.5559,0.8752,52.4,db73792d69e34f730009208f36e16377f566a0653b487afb0c9e2546504e61a0
scal__mixed_complex__CA-GAT-MAPPO__N4__seed3__ep09,zero_shot_team_size_stress,mixed_complex,CA-GAT-MAPPO,4,4,1,3,9,ON,12,3.3,4,0.275,0.0825,0.2769,0.8535,1.5362,1.2,1200,0.95,1,0,0,43.32,49.81,1.346,20.9276,0.8577,47.6,db73792d69e34f730009208f36e16377f566a0653b487afb0c9e2546504e61a0
scal__mixed_complex__CA-GAT-MAPPO__N4__seed4__ep00,zero_shot_team_size_stress,mixed_complex,CA-GAT-MAPPO,4,4,1,4,0,ON,12,4.7,7,0.391667,0.0856,0.247,0.7244,1.3039,1.2,1200,0.95,1,0,0,53.26,61.25,1.282,21.5133,0.8578,58.6,f5e210f1f3eada71e80dc9a96ddd0372317557285c215726f7fc87779a373c42
scal__mixed_complex__CA-GAT-MAPPO__N4__seed4__ep01,zero_shot_team_size_stress,mixed_complex,CA-GAT-MAPPO,4,4,1,4,1,ON,12,4.2,5,0.35,0.0859,0.2493,0.7416,1.3348,1.2,1200,0.95,1,0,0,54.08,62.19,0.888,20.9185,0.8604,59.5,f5e210f1f3eada71e80dc9a96ddd0372317557285c215726f7fc87779a373c42
scal__mixed_complex__CA-GAT-MAPPO__N4__seed4__ep02,zero_shot_team_size_stress,mixed_complex,CA-GAT-MAPPO,4,4,1,4,2,ON,12,8,8,0.666667,0.0719,0.2789,0.7608,1.3695,1.2,1200,0.95,1,0,0,53.43,61.44,0.439,20.3183,0.8357,58.8,f5e210f1f3eada71e80dc9a96ddd0372317557285c215726f7fc87779a373c42
scal__mixed_complex__CA-GAT-MAPPO__N4__seed4__ep03,zero_shot_team_size_stress,mixed_complex,CA-GAT-MAPPO,4,4,1,4,3,ON,12,3.1,6,0.258333,0.0881,0.2421,0.9053,1.6295,1.2,1200,0.95,1,0,0,47.84,55.01,0.703,22.0138,0.8403,52.6,f5e210f1f3eada71e80dc9a96ddd0372317557285c215726f7fc87779a373c42
scal__mixed_complex__CA-GAT-MAPPO__N4__seed4__ep04,zero_shot_team_size_stress,mixed_complex,CA-GAT-MAPPO,4,4,1,4,4,ON,12,5.1,6,0.425,0.0851,0.2873,0.9069,1.6325,1.2,1200,0.95,1,0,0,47.94,55.14,0.526,21.2479,0.8529,52.7,f5e210f1f3eada71e80dc9a96ddd0372317557285c215726f7fc87779a373c42
scal__mixed_complex__CA-GAT-MAPPO__N4__seed4__ep05,zero_shot_team_size_stress,mixed_complex,CA-GAT-MAPPO,4,4,1,4,5,ON,12,3.8,4,0.316667,0.0872,0.2204,0.9703,1.7465,1.2,1200,0.95,1,0,0,44.26,50.9,0.801,21.565,0.8546,48.7,f5e210f1f3eada71e80dc9a96ddd0372317557285c215726f7fc87779a373c42
scal__mixed_complex__CA-GAT-MAPPO__N4__seed4__ep06,zero_shot_team_size_stress,mixed_complex,CA-GAT-MAPPO,4,4,1,4,6,ON,12,3.5,5,0.291667,0.0874,0.2363,0.9888,1.7799,1.2,1200,0.95,1,0,0,52.93,60.87,0.762,21.4454,0.8401,58.2,f5e210f1f3eada71e80dc9a96ddd0372317557285c215726f7fc87779a373c42
scal__mixed_complex__CA-GAT-MAPPO__N4__seed4__ep07,zero_shot_team_size_stress,mixed_complex,CA-GAT-MAPPO,4,4,1,4,7,ON,12,4.4,5,0.366667,0.0889,0.2715,0.8216,1.4788,1.2,1200,0.95,1,0,0,50.89,58.52,0.809,21.3707,0.8676,56,f5e210f1f3eada71e80dc9a96ddd0372317557285c215726f7fc87779a373c42
scal__mixed_complex__CA-GAT-MAPPO__N4__seed4__ep08,zero_shot_team_size_stress,mixed_complex,CA-GAT-MAPPO,4,4,1,4,8,ON,12,5.1,6,0.425,0.0759,0.2497,0.7966,1.4339,1.2,1200,0.95,1,0,0,53.16,61.13,0.54,22.5802,0.8537,58.5,f5e210f1f3eada71e80dc9a96ddd0372317557285c215726f7fc87779a373c42
scal__mixed_complex__CA-GAT-MAPPO__N4__seed4__ep09,zero_shot_team_size_stress,mixed_complex,CA-GAT-MAPPO,4,4,1,4,9,ON,12,4.8,6,0.4,0.0812,0.2708,0.7485,1.3472,1.2,1200,0.95,1,0,0,48.26,55.5,0.402,21.7611,0.8661,53.1,f5e210f1f3eada71e80dc9a96ddd0372317557285c215726f7fc87779a373c42
scal__mixed_complex__CA-GAT-MAPPO__N4__seed5__ep00,zero_shot_team_size_stress,mixed_complex,CA-GAT-MAPPO,4,4,1,5,0,ON,12,4.5,7,0.375,0.0877,0.2342,0.7086,1.2755,1.2,1200,0.95,1,0,0,48.49,55.76,0.758,21.1691,0.832,53.3,da29fb12dd230cb7a8ee1e88c60ca8b2d6077612165ed390a9456fb3ca05bd64
scal__mixed_complex__CA-GAT-MAPPO__N4__seed5__ep01,zero_shot_team_size_stress,mixed_complex,CA-GAT-MAPPO,4,4,1,5,1,ON,12,4.2,5,0.35,0.08,0.2399,0.8196,1.4753,1.2,1200,0.95,1,0,0,47.83,55.01,1.142,21.907,0.8667,52.6,da29fb12dd230cb7a8ee1e88c60ca8b2d6077612165ed390a9456fb3ca05bd64
scal__mixed_complex__CA-GAT-MAPPO__N4__seed5__ep02,zero_shot_team_size_stress,mixed_complex,CA-GAT-MAPPO,4,4,1,5,2,ON,12,4.4,5,0.366667,0.083,0.2666,0.8065,1.4517,1.2,1200,0.95,1,0,0,48.55,55.84,1.017,21.7686,0.8492,53.4,da29fb12dd230cb7a8ee1e88c60ca8b2d6077612165ed390a9456fb3ca05bd64
scal__mixed_complex__CA-GAT-MAPPO__N4__seed5__ep03,zero_shot_team_size_stress,mixed_complex,CA-GAT-MAPPO,4,4,1,5,3,ON,12,5.5,7,0.458333,0.0989,0.2463,0.8224,1.4803,1.2,1200,0.95,1,0,0,52.24,60.07,0.407,21.268,0.861,57.5,da29fb12dd230cb7a8ee1e88c60ca8b2d6077612165ed390a9456fb3ca05bd64
scal__mixed_complex__CA-GAT-MAPPO__N4__seed5__ep04,zero_shot_team_size_stress,mixed_complex,CA-GAT-MAPPO,4,4,1,5,4,ON,12,7.6,8,0.633333,0.0754,0.2956,0.8338,1.5008,1.2,1200,0.95,1,0,0,45.29,52.09,0.504,21.113,0.8455,49.8,da29fb12dd230cb7a8ee1e88c60ca8b2d6077612165ed390a9456fb3ca05bd64
scal__mixed_complex__CA-GAT-MAPPO__N4__seed5__ep05,zero_shot_team_size_stress,mixed_complex,CA-GAT-MAPPO,4,4,1,5,5,ON,12,3.8,4,0.316667,0.0828,0.236,0.8382,1.5087,1.2,1200,0.95,1,0,0,46.13,53.05,1.412,21.2304,0.8638,50.7,da29fb12dd230cb7a8ee1e88c60ca8b2d6077612165ed390a9456fb3ca05bd64
scal__mixed_complex__CA-GAT-MAPPO__N4__seed5__ep06,zero_shot_team_size_stress,mixed_complex,CA-GAT-MAPPO,4,4,1,5,6,ON,12,4.4,5,0.366667,0.0915,0.2647,0.8019,1.4434,1.2,1200,0.95,1,0,0,52.83,60.76,0.593,21.5316,0.8518,58.1,da29fb12dd230cb7a8ee1e88c60ca8b2d6077612165ed390a9456fb3ca05bd64
scal__mixed_complex__CA-GAT-MAPPO__N4__seed5__ep07,zero_shot_team_size_stress,mixed_complex,CA-GAT-MAPPO,4,4,1,5,7,ON,12,6.4,8,0.533333,0.0723,0.2934,0.8645,1.5561,1.2,1200,0.95,1,0,0,45.25,52.04,1.23,21.6372,0.8542,49.8,da29fb12dd230cb7a8ee1e88c60ca8b2d6077612165ed390a9456fb3ca05bd64
scal__mixed_complex__CA-GAT-MAPPO__N4__seed5__ep08,zero_shot_team_size_stress,mixed_complex,CA-GAT-MAPPO,4,4,1,5,8,ON,12,5.2,6,0.433333,0.0777,0.2933,0.7595,1.3672,1.2,1200,0.95,1,0,0,52.18,60.01,0.702,21.5353,0.8462,57.4,da29fb12dd230cb7a8ee1e88c60ca8b2d6077612165ed390a9456fb3ca05bd64
scal__mixed_complex__CA-GAT-MAPPO__N4__seed5__ep09,zero_shot_team_size_stress,mixed_complex,CA-GAT-MAPPO,4,4,1,5,9,ON,12,4.1,5,0.341667,0.0836,0.2967,0.8822,1.588,1.2,1200,0.95,1,0,0,52.92,60.86,0.663,22.1107,0.8689,58.2,da29fb12dd230cb7a8ee1e88c60ca8b2d6077612165ed390a9456fb3ca05bd64
scal__mixed_complex__CA-GAT-MAPPO__N4__seed6__ep00,zero_shot_team_size_stress,mixed_complex,CA-GAT-MAPPO,4,4,1,6,0,ON,12,6.5,8,0.541667,0.0808,0.2546,0.8114,1.4606,1.2,1200,0.95,1,0,0,47.57,54.7,1,20.9718,0.8582,52.3,ed09582cb314a7d6fb62a2969e8ec146c4ad5a35bbded88314c57cd591ec5719
scal__mixed_complex__CA-GAT-MAPPO__N4__seed6__ep01,zero_shot_team_size_stress,mixed_complex,CA-GAT-MAPPO,4,4,1,6,1,ON,12,5.1,6,0.425,0.0914,0.2246,0.8352,1.5034,1.2,1200,0.95,1,0,0,54.28,62.43,1.109,21.9024,0.8531,59.7,ed09582cb314a7d6fb62a2969e8ec146c4ad5a35bbded88314c57cd591ec5719
scal__mixed_complex__CA-GAT-MAPPO__N4__seed6__ep02,zero_shot_team_size_stress,mixed_complex,CA-GAT-MAPPO,4,4,1,6,2,ON,12,4.5,6,0.375,0.073,0.2955,0.9704,1.7468,1.2,1200,0.95,1,0,0,43.56,50.09,0.466,21.2914,0.8692,47.9,ed09582cb314a7d6fb62a2969e8ec146c4ad5a35bbded88314c57cd591ec5719
scal__mixed_complex__CA-GAT-MAPPO__N4__seed6__ep03,zero_shot_team_size_stress,mixed_complex,CA-GAT-MAPPO,4,4,1,6,3,ON,12,5.8,6,0.483333,0.0926,0.2228,0.9292,1.6726,1.2,1200,0.95,1,0,0,44.09,50.7,0.459,21.2412,0.8462,48.5,ed09582cb314a7d6fb62a2969e8ec146c4ad5a35bbded88314c57cd591ec5719
scal__mixed_complex__CA-GAT-MAPPO__N4__seed6__ep04,zero_shot_team_size_stress,mixed_complex,CA-GAT-MAPPO,4,4,1,6,4,ON,12,3.3,6,0.275,0.0744,0.2696,0.7505,1.3509,1.2,1200,0.95,1,0,0,44.15,50.78,1.214,21.8853,0.8565,48.6,ed09582cb314a7d6fb62a2969e8ec146c4ad5a35bbded88314c57cd591ec5719
scal__mixed_complex__CA-GAT-MAPPO__N4__seed6__ep05,zero_shot_team_size_stress,mixed_complex,CA-GAT-MAPPO,4,4,1,6,5,ON,12,6.7,7,0.558333,0.0741,0.2704,0.8605,1.5489,1.2,1200,0.95,1,0,0,51.14,58.81,1.435,21.5105,0.8574,56.3,ed09582cb314a7d6fb62a2969e8ec146c4ad5a35bbded88314c57cd591ec5719
scal__mixed_complex__CA-GAT-MAPPO__N4__seed6__ep06,zero_shot_team_size_stress,mixed_complex,CA-GAT-MAPPO,4,4,1,6,6,ON,12,4.1,6,0.341667,0.0952,0.2519,0.8665,1.5596,1.2,1200,0.95,1,0,0,47.06,54.12,0.871,20.8914,0.8369,51.8,ed09582cb314a7d6fb62a2969e8ec146c4ad5a35bbded88314c57cd591ec5719
scal__mixed_complex__CA-GAT-MAPPO__N4__seed6__ep07,zero_shot_team_size_stress,mixed_complex,CA-GAT-MAPPO,4,4,1,6,7,ON,12,4.7,5,0.391667,0.0981,0.2318,0.85,1.53,1.2,1200,0.95,1,0,0,46.09,53.01,1.207,21.0639,0.852,50.7,ed09582cb314a7d6fb62a2969e8ec146c4ad5a35bbded88314c57cd591ec5719
scal__mixed_complex__CA-GAT-MAPPO__N4__seed6__ep08,zero_shot_team_size_stress,mixed_complex,CA-GAT-MAPPO,4,4,1,6,8,ON,12,5.1,7,0.425,0.0811,0.2968,0.8019,1.4435,1.2,1200,0.95,1,0,0,52.46,60.33,1.182,21.059,0.8423,57.7,ed09582cb314a7d6fb62a2969e8ec146c4ad5a35bbded88314c57cd591ec5719
scal__mixed_complex__CA-GAT-MAPPO__N4__seed6__ep09,zero_shot_team_size_stress,mixed_complex,CA-GAT-MAPPO,4,4,1,6,9,ON,12,4.2,5,0.35,0.0752,0.2483,0.9268,1.6682,1.2,1200,0.95,1,0,0,49.99,57.49,0.679,21.2534,0.8461,55,ed09582cb314a7d6fb62a2969e8ec146c4ad5a35bbded88314c57cd591ec5719
scal__mixed_complex__CA-GAT-MAPPO__N4__seed7__ep00,zero_shot_team_size_stress,mixed_complex,CA-GAT-MAPPO,4,4,1,7,0,ON,12,3.8,4,0.316667,0.073,0.2666,0.7414,1.3345,1.2,1200,0.95,1,0,0,47.18,54.26,1.075,21.7519,0.8485,51.9,7aecf6a7e53711d5a0f1473913406cc645bbc0aa42ebc65a753ac1a5648703b0
scal__mixed_complex__CA-GAT-MAPPO__N4__seed7__ep01,zero_shot_team_size_stress,mixed_complex,CA-GAT-MAPPO,4,4,1,7,1,ON,12,5.2,6,0.433333,0.0911,0.2504,0.8584,1.545,1.2,1200,0.95,1,0,0,50.54,58.12,0.428,21.4995,0.8469,55.6,7aecf6a7e53711d5a0f1473913406cc645bbc0aa42ebc65a753ac1a5648703b0
scal__mixed_complex__CA-GAT-MAPPO__N4__seed7__ep02,zero_shot_team_size_stress,mixed_complex,CA-GAT-MAPPO,4,4,1,7,2,ON,12,4.6,7,0.383333,0.0788,0.2862,0.8261,1.4871,1.2,1200,0.95,1,0,0,44.11,50.72,0.699,21.7277,0.8552,48.5,7aecf6a7e53711d5a0f1473913406cc645bbc0aa42ebc65a753ac1a5648703b0
scal__mixed_complex__CA-GAT-MAPPO__N4__seed7__ep03,zero_shot_team_size_stress,mixed_complex,CA-GAT-MAPPO,4,4,1,7,3,ON,12,3.9,4,0.325,0.0959,0.2374,0.7155,1.2879,1.2,1200,0.95,1,0,0,51.45,59.16,0.463,21.1195,0.8588,56.6,7aecf6a7e53711d5a0f1473913406cc645bbc0aa42ebc65a753ac1a5648703b0
scal__mixed_complex__CA-GAT-MAPPO__N4__seed7__ep04,zero_shot_team_size_stress,mixed_complex,CA-GAT-MAPPO,4,4,1,7,4,ON,12,2.2,3,0.183333,0.0915,0.226,0.826,1.4868,1.2,1200,0.95,1,0,0,43.39,49.9,0.495,21.5758,0.8448,47.7,7aecf6a7e53711d5a0f1473913406cc645bbc0aa42ebc65a753ac1a5648703b0
scal__mixed_complex__CA-GAT-MAPPO__N4__seed7__ep05,zero_shot_team_size_stress,mixed_complex,CA-GAT-MAPPO,4,4,1,7,5,ON,12,3.9,5,0.325,0.0823,0.2371,0.7536,1.3566,1.2,1200,0.95,1,0,0,47.48,54.6,0.47,21.1155,0.8637,52.2,7aecf6a7e53711d5a0f1473913406cc645bbc0aa42ebc65a753ac1a5648703b0
scal__mixed_complex__CA-GAT-MAPPO__N4__seed7__ep06,zero_shot_team_size_stress,mixed_complex,CA-GAT-MAPPO,4,4,1,7,6,ON,12,3.7,4,0.308333,0.0718,0.2989,0.8007,1.4412,1.2,1200,0.95,1,0,0,55.45,63.77,0.478,21.8078,0.8607,61,7aecf6a7e53711d5a0f1473913406cc645bbc0aa42ebc65a753ac1a5648703b0
scal__mixed_complex__CA-GAT-MAPPO__N4__seed7__ep07,zero_shot_team_size_stress,mixed_complex,CA-GAT-MAPPO,4,4,1,7,7,ON,12,5.2,6,0.433333,0.0831,0.2677,0.7515,1.3527,1.2,1200,0.95,1,0,0,45.61,52.45,1.092,21.3162,0.8419,50.2,7aecf6a7e53711d5a0f1473913406cc645bbc0aa42ebc65a753ac1a5648703b0
scal__mixed_complex__CA-GAT-MAPPO__N4__seed7__ep08,zero_shot_team_size_stress,mixed_complex,CA-GAT-MAPPO,4,4,1,7,8,ON,12,3.2,4,0.266667,0.0821,0.2792,0.7208,1.2975,1.2,1200,0.95,1,0,0,52.89,60.82,0.695,21.9163,0.8759,58.2,7aecf6a7e53711d5a0f1473913406cc645bbc0aa42ebc65a753ac1a5648703b0
scal__mixed_complex__CA-GAT-MAPPO__N4__seed7__ep09,zero_shot_team_size_stress,mixed_complex,CA-GAT-MAPPO,4,4,1,7,9,ON,12,6.8,7,0.566667,0.0825,0.2973,0.9616,1.7309,1.2,1200,0.95,1,0,0,54.22,62.36,1.37,21.6509,0.8497,59.6,7aecf6a7e53711d5a0f1473913406cc645bbc0aa42ebc65a753ac1a5648703b0
scal__mixed_complex__CA-GAT-MAPPO__N6__seed0__ep00,zero_shot_team_size_stress,mixed_complex,CA-GAT-MAPPO,4,6,1,0,0,ON,30,15.8,16,0.526667,0.1245,0.3928,1.1053,1.9895,1.4,1600,0.89,0,1,1,63.25,74.32,1.027,25.4863,0.5698,69.6,bfcedc1c8f0ae2806ebdc8d7c572ba9275e4a0487907899821a3d107e71101ce
scal__mixed_complex__CA-GAT-MAPPO__N6__seed0__ep01,zero_shot_team_size_stress,mixed_complex,CA-GAT-MAPPO,4,6,1,0,1,ON,30,8.8,10,0.293333,0.1294,0.3934,1.198,2.1563,1.4,1600,0.89,1,0,0,57.61,67.69,1.694,25.9088,0.8355,63.4,bfcedc1c8f0ae2806ebdc8d7c572ba9275e4a0487907899821a3d107e71101ce
scal__mixed_complex__CA-GAT-MAPPO__N6__seed0__ep02,zero_shot_team_size_stress,mixed_complex,CA-GAT-MAPPO,4,6,1,0,2,ON,30,13.7,15,0.456667,0.1201,0.4014,1.1358,2.0444,1.4,1600,0.89,1,0,0,54.14,63.62,1.268,26.6303,0.8266,59.6,bfcedc1c8f0ae2806ebdc8d7c572ba9275e4a0487907899821a3d107e71101ce
scal__mixed_complex__CA-GAT-MAPPO__N6__seed0__ep03,zero_shot_team_size_stress,mixed_complex,CA-GAT-MAPPO,4,6,1,0,3,ON,30,16.4,18,0.546667,0.1253,0.3612,1.0748,1.9346,1.4,1600,0.89,1,0,0,57.52,67.59,1.848,26.6451,0.8396,63.3,bfcedc1c8f0ae2806ebdc8d7c572ba9275e4a0487907899821a3d107e71101ce
scal__mixed_complex__CA-GAT-MAPPO__N6__seed0__ep04,zero_shot_team_size_stress,mixed_complex,CA-GAT-MAPPO,4,6,1,0,4,ON,30,12.8,13,0.426667,0.1223,0.4299,1.1251,2.0252,1.4,1600,0.89,1,0,0,66.68,78.35,1.396,26.2795,0.8273,73.3,bfcedc1c8f0ae2806ebdc8d7c572ba9275e4a0487907899821a3d107e71101ce
scal__mixed_complex__CA-GAT-MAPPO__N6__seed0__ep05,zero_shot_team_size_stress,mixed_complex,CA-GAT-MAPPO,4,6,1,0,5,ON,30,9.8,10,0.326667,0.1475,0.4357,1.1704,2.1068,1.4,1600,0.89,1,0,0,64.76,76.1,1.598,26.3423,0.8524,71.2,bfcedc1c8f0ae2806ebdc8d7c572ba9275e4a0487907899821a3d107e71101ce
scal__mixed_complex__CA-GAT-MAPPO__N6__seed0__ep06,zero_shot_team_size_stress,mixed_complex,CA-GAT-MAPPO,4,6,1,0,6,ON,30,13.5,14,0.45,0.1439,0.3977,1.2806,2.3051,1.4,1600,0.89,1,0,0,64.35,75.61,0.858,25.9004,0.8461,70.8,bfcedc1c8f0ae2806ebdc8d7c572ba9275e4a0487907899821a3d107e71101ce
scal__mixed_complex__CA-GAT-MAPPO__N6__seed0__ep07,zero_shot_team_size_stress,mixed_complex,CA-GAT-MAPPO,4,6,1,0,7,ON,30,8.5,11,0.283333,0.1204,0.4146,1.2116,2.181,1.4,1600,0.89,1,0,0,64.59,75.89,1.001,25.8244,0.832,71,bfcedc1c8f0ae2806ebdc8d7c572ba9275e4a0487907899821a3d107e71101ce
scal__mixed_complex__CA-GAT-MAPPO__N6__seed0__ep08,zero_shot_team_size_stress,mixed_complex,CA-GAT-MAPPO,4,6,1,0,8,ON,30,14.7,15,0.49,0.1438,0.4178,1.0065,1.8116,1.4,1600,0.89,1,0,0,54.25,63.75,1.188,25.7917,0.8571,59.7,bfcedc1c8f0ae2806ebdc8d7c572ba9275e4a0487907899821a3d107e71101ce
scal__mixed_complex__CA-GAT-MAPPO__N6__seed0__ep09,zero_shot_team_size_stress,mixed_complex,CA-GAT-MAPPO,4,6,1,0,9,ON,30,16.4,17,0.546667,0.1436,0.3603,1.1427,2.0568,1.4,1600,0.89,1,0,0,62.32,73.23,1.394,25.8329,0.8428,68.6,bfcedc1c8f0ae2806ebdc8d7c572ba9275e4a0487907899821a3d107e71101ce
scal__mixed_complex__CA-GAT-MAPPO__N6__seed1__ep00,zero_shot_team_size_stress,mixed_complex,CA-GAT-MAPPO,4,6,1,1,0,ON,30,10.4,11,0.346667,0.1282,0.4244,1.2077,2.1738,1.4,1600,0.89,1,0,0,53.88,63.31,1.222,25.6293,0.8397,59.3,8ed99808c66525bebda19333f1531725f5d3205410e0532243400e3764a1fdb8
scal__mixed_complex__CA-GAT-MAPPO__N6__seed1__ep01,zero_shot_team_size_stress,mixed_complex,CA-GAT-MAPPO,4,6,1,1,1,ON,30,14.3,16,0.476667,0.1403,0.3845,1.2202,2.1963,1.4,1600,0.89,1,0,0,61.77,72.58,1.37,26.7988,0.8422,67.9,8ed99808c66525bebda19333f1531725f5d3205410e0532243400e3764a1fdb8
scal__mixed_complex__CA-GAT-MAPPO__N6__seed1__ep02,zero_shot_team_size_stress,mixed_complex,CA-GAT-MAPPO,4,6,1,1,2,ON,30,15.4,16,0.513333,0.1344,0.4126,1.1626,2.0927,1.4,1600,0.89,1,0,0,56.93,66.89,1.741,26.189,0.8166,62.6,8ed99808c66525bebda19333f1531725f5d3205410e0532243400e3764a1fdb8
scal__mixed_complex__CA-GAT-MAPPO__N6__seed1__ep03,zero_shot_team_size_stress,mixed_complex,CA-GAT-MAPPO,4,6,1,1,3,ON,30,9.9,10,0.33,0.1223,0.4018,1.2235,2.2023,1.4,1600,0.89,1,0,0,63.8,74.97,1.064,26.158,0.8259,70.2,8ed99808c66525bebda19333f1531725f5d3205410e0532243400e3764a1fdb8
scal__mixed_complex__CA-GAT-MAPPO__N6__seed1__ep04,zero_shot_team_size_stress,mixed_complex,CA-GAT-MAPPO,4,6,1,1,4,ON,30,11.2,13,0.373333,0.144,0.4023,1.0815,1.9467,1.4,1600,0.89,1,0,0,64.26,75.51,1.677,25.5568,0.8233,70.7,8ed99808c66525bebda19333f1531725f5d3205410e0532243400e3764a1fdb8
scal__mixed_complex__CA-GAT-MAPPO__N6__seed1__ep05,zero_shot_team_size_stress,mixed_complex,CA-GAT-MAPPO,4,6,1,1,5,ON,30,10.2,11,0.34,0.1236,0.4302,1.0904,1.9627,1.4,1600,0.89,1,0,0,62.77,73.75,1.179,27.1037,0.8182,69,8ed99808c66525bebda19333f1531725f5d3205410e0532243400e3764a1fdb8
scal__mixed_complex__CA-GAT-MAPPO__N6__seed1__ep06,zero_shot_team_size_stress,mixed_complex,CA-GAT-MAPPO,4,6,1,1,6,ON,30,15.2,16,0.506667,0.1229,0.4252,1.1818,2.1272,1.4,1600,0.89,1,0,0,59.95,70.44,1.755,26.0699,0.8366,65.9,8ed99808c66525bebda19333f1531725f5d3205410e0532243400e3764a1fdb8
scal__mixed_complex__CA-GAT-MAPPO__N6__seed1__ep07,zero_shot_team_size_stress,mixed_complex,CA-GAT-MAPPO,4,6,1,1,7,ON,30,16.6,17,0.553333,0.1448,0.409,1.1746,2.1143,1.4,1600,0.89,1,0,0,65.41,76.85,1.787,26.7674,0.8426,71.9,8ed99808c66525bebda19333f1531725f5d3205410e0532243400e3764a1fdb8
scal__mixed_complex__CA-GAT-MAPPO__N6__seed1__ep08,zero_shot_team_size_stress,mixed_complex,CA-GAT-MAPPO,4,6,1,1,8,ON,30,17.1,18,0.57,0.1365,0.3629,1.1782,2.1208,1.4,1600,0.89,1,0,0,57.84,67.96,1.327,26.2487,0.8375,63.6,8ed99808c66525bebda19333f1531725f5d3205410e0532243400e3764a1fdb8
scal__mixed_complex__CA-GAT-MAPPO__N6__seed1__ep09,zero_shot_team_size_stress,mixed_complex,CA-GAT-MAPPO,4,6,1,1,9,ON,30,12.4,14,0.413333,0.1217,0.4343,1.0884,1.9591,1.4,1600,0.89,1,0,0,61.05,71.73,1.736,25.793,0.8447,67.2,8ed99808c66525bebda19333f1531725f5d3205410e0532243400e3764a1fdb8
scal__mixed_complex__CA-GAT-MAPPO__N6__seed2__ep00,zero_shot_team_size_stress,mixed_complex,CA-GAT-MAPPO,4,6,1,2,0,ON,30,8.9,9,0.296667,0.1426,0.3837,1.0252,1.8453,1.4,1600,0.89,0,1,1,61.7,72.5,1.61,26.2156,0.5942,67.9,83df6211c82175f2b55c0f388fd343ffc3f228c028273b13498381129ab10241
scal__mixed_complex__CA-GAT-MAPPO__N6__seed2__ep01,zero_shot_team_size_stress,mixed_complex,CA-GAT-MAPPO,4,6,1,2,1,ON,30,13.9,16,0.463333,0.143,0.3673,1.1126,2.0027,1.4,1600,0.89,1,0,0,65.85,77.37,1.769,25.4992,0.8257,72.4,83df6211c82175f2b55c0f388fd343ffc3f228c028273b13498381129ab10241
scal__mixed_complex__CA-GAT-MAPPO__N6__seed2__ep02,zero_shot_team_size_stress,mixed_complex,CA-GAT-MAPPO,4,6,1,2,2,ON,30,8.9,10,0.296667,0.12,0.3741,1.0875,1.9575,1.4,1600,0.89,1,0,0,64.1,75.31,1.545,25.7616,0.8237,70.5,83df6211c82175f2b55c0f388fd343ffc3f228c028273b13498381129ab10241
scal__mixed_complex__CA-GAT-MAPPO__N6__seed2__ep03,zero_shot_team_size_stress,mixed_complex,CA-GAT-MAPPO,4,6,1,2,3,ON,30,12.1,13,0.403333,0.1262,0.4019,1.2265,2.2077,1.4,1600,0.89,1,0,0,56.71,66.63,1.179,26.1817,0.8393,62.4,83df6211c82175f2b55c0f388fd343ffc3f228c028273b13498381129ab10241
scal__mixed_complex__CA-GAT-MAPPO__N6__seed2__ep04,zero_shot_team_size_stress,mixed_complex,CA-GAT-MAPPO,4,6,1,2,4,ON,30,13.6,16,0.453333,0.1271,0.3743,1.2621,2.2718,1.4,1600,0.89,1,0,0,63.77,74.94,1.123,26.7135,0.8475,70.2,83df6211c82175f2b55c0f388fd343ffc3f228c028273b13498381129ab10241
scal__mixed_complex__CA-GAT-MAPPO__N6__seed2__ep05,zero_shot_team_size_stress,mixed_complex,CA-GAT-MAPPO,4,6,1,2,5,ON,30,12.5,13,0.416667,0.1259,0.4343,1.1943,2.1498,1.4,1600,0.89,1,0,1,66.71,78.38,0.757,26.793,0.6204,73.4,83df6211c82175f2b55c0f388fd343ffc3f228c028273b13498381129ab10241
scal__mixed_complex__CA-GAT-MAPPO__N6__seed2__ep06,zero_shot_team_size_stress,mixed_complex,CA-GAT-MAPPO,4,6,1,2,6,ON,30,16,16,0.533333,0.1367,0.3731,1.0885,1.9592,1.4,1600,0.89,1,0,0,54.51,64.05,1.022,25.4827,0.8307,60,83df6211c82175f2b55c0f388fd343ffc3f228c028273b13498381129ab10241
scal__mixed_complex__CA-GAT-MAPPO__N6__seed2__ep07,zero_shot_team_size_stress,mixed_complex,CA-GAT-MAPPO,4,6,1,2,7,ON,30,14,14,0.466667,0.138,0.3991,1.0564,1.9016,1.4,1600,0.89,1,0,0,59.92,70.41,1.552,26.5474,0.8281,65.9,83df6211c82175f2b55c0f388fd343ffc3f228c028273b13498381129ab10241
scal__mixed_complex__CA-GAT-MAPPO__N6__seed2__ep08,zero_shot_team_size_stress,mixed_complex,CA-GAT-MAPPO,4,6,1,2,8,ON,30,12,13,0.4,0.1486,0.3842,1.0266,1.8478,1.4,1600,0.89,1,0,0,63.86,75.03,1.536,27.1457,0.8381,70.2,83df6211c82175f2b55c0f388fd343ffc3f228c028273b13498381129ab10241
scal__mixed_complex__CA-GAT-MAPPO__N6__seed2__ep09,zero_shot_team_size_stress,mixed_complex,CA-GAT-MAPPO,4,6,1,2,9,ON,30,9.1,10,0.303333,0.13,0.4334,1.1297,2.0335,1.4,1600,0.89,1,0,0,66.48,78.11,1.62,25.8593,0.8329,73.1,83df6211c82175f2b55c0f388fd343ffc3f228c028273b13498381129ab10241
scal__mixed_complex__CA-GAT-MAPPO__N6__seed3__ep00,zero_shot_team_size_stress,mixed_complex,CA-GAT-MAPPO,4,6,1,3,0,ON,30,12.2,13,0.406667,0.1485,0.4312,1.2983,2.337,1.4,1600,0.89,1,0,0,64.25,75.49,0.839,26.9076,0.8406,70.7,db73792d69e34f730009208f36e16377f566a0653b487afb0c9e2546504e61a0
scal__mixed_complex__CA-GAT-MAPPO__N6__seed3__ep01,zero_shot_team_size_stress,mixed_complex,CA-GAT-MAPPO,4,6,1,3,1,ON,30,10,10,0.333333,0.139,0.4313,1.1153,2.0075,1.4,1600,0.89,1,0,0,66.46,78.09,0.76,26.0071,0.8374,73.1,db73792d69e34f730009208f36e16377f566a0653b487afb0c9e2546504e61a0
scal__mixed_complex__CA-GAT-MAPPO__N6__seed3__ep02,zero_shot_team_size_stress,mixed_complex,CA-GAT-MAPPO,4,6,1,3,2,ON,30,13.4,14,0.446667,0.1493,0.3854,1.1957,2.1523,1.4,1600,0.89,1,0,0,55.83,65.6,1.263,25.6916,0.8256,61.4,db73792d69e34f730009208f36e16377f566a0653b487afb0c9e2546504e61a0
scal__mixed_complex__CA-GAT-MAPPO__N6__seed3__ep03,zero_shot_team_size_stress,mixed_complex,CA-GAT-MAPPO,4,6,1,3,3,ON,30,12.3,15,0.41,0.1203,0.4334,1.1512,2.0722,1.4,1600,0.89,1,0,0,62.12,73,1.044,26.7036,0.818,68.3,db73792d69e34f730009208f36e16377f566a0653b487afb0c9e2546504e61a0
scal__mixed_complex__CA-GAT-MAPPO__N6__seed3__ep04,zero_shot_team_size_stress,mixed_complex,CA-GAT-MAPPO,4,6,1,3,4,ON,30,13.8,14,0.46,0.1476,0.4202,1.017,1.8306,1.4,1600,0.89,1,0,0,59.8,70.26,1.259,26.1322,0.8244,65.8,db73792d69e34f730009208f36e16377f566a0653b487afb0c9e2546504e61a0
scal__mixed_complex__CA-GAT-MAPPO__N6__seed3__ep05,zero_shot_team_size_stress,mixed_complex,CA-GAT-MAPPO,4,6,1,3,5,ON,30,8.1,9,0.27,0.1376,0.4058,1.1523,2.0741,1.4,1600,0.89,1,0,0,61.49,72.25,1.785,25.3422,0.8222,67.6,db73792d69e34f730009208f36e16377f566a0653b487afb0c9e2546504e61a0
scal__mixed_complex__CA-GAT-MAPPO__N6__seed3__ep06,zero_shot_team_size_stress,mixed_complex,CA-GAT-MAPPO,4,6,1,3,6,ON,30,15.1,16,0.503333,0.1392,0.3739,1.2331,2.2196,1.4,1600,0.89,1,0,0,66.75,78.44,1.692,26.3887,0.8278,73.4,db73792d69e34f730009208f36e16377f566a0653b487afb0c9e2546504e61a0
scal__mixed_complex__CA-GAT-MAPPO__N6__seed3__ep07,zero_shot_team_size_stress,mixed_complex,CA-GAT-MAPPO,4,6,1,3,7,ON,30,11.4,13,0.38,0.1412,0.3794,1.0107,1.8193,1.4,1600,0.89,1,0,0,60.71,71.33,1.517,26.6936,0.8284,66.8,db73792d69e34f730009208f36e16377f566a0653b487afb0c9e2546504e61a0
scal__mixed_complex__CA-GAT-MAPPO__N6__seed3__ep08,zero_shot_team_size_stress,mixed_complex,CA-GAT-MAPPO,4,6,1,3,8,ON,30,12.2,13,0.406667,0.1422,0.4273,1.2385,2.2294,1.4,1600,0.89,1,0,0,63.53,74.65,1.338,26.0198,0.8327,69.9,db73792d69e34f730009208f36e16377f566a0653b487afb0c9e2546504e61a0
scal__mixed_complex__CA-GAT-MAPPO__N6__seed3__ep09,zero_shot_team_size_stress,mixed_complex,CA-GAT-MAPPO,4,6,1,3,9,ON,30,9.4,12,0.313333,0.1376,0.3986,1.1406,2.053,1.4,1600,0.89,1,0,0,65.98,77.53,0.913,25.4485,0.8447,72.6,db73792d69e34f730009208f36e16377f566a0653b487afb0c9e2546504e61a0
scal__mixed_complex__CA-GAT-MAPPO__N6__seed4__ep00,zero_shot_team_size_stress,mixed_complex,CA-GAT-MAPPO,4,6,1,4,0,ON,30,13.7,16,0.456667,0.148,0.427,1.1749,2.1149,1.4,1600,0.89,1,0,0,58.5,68.74,0.852,26.8583,0.8287,64.3,f5e210f1f3eada71e80dc9a96ddd0372317557285c215726f7fc87779a373c42
scal__mixed_complex__CA-GAT-MAPPO__N6__seed4__ep01,zero_shot_team_size_stress,mixed_complex,CA-GAT-MAPPO,4,6,1,4,1,ON,30,8.6,9,0.286667,0.1359,0.4394,1.1027,1.9848,1.4,1600,0.89,1,0,0,60.37,70.93,1.721,26.4716,0.8279,66.4,f5e210f1f3eada71e80dc9a96ddd0372317557285c215726f7fc87779a373c42
scal__mixed_complex__CA-GAT-MAPPO__N6__seed4__ep02,zero_shot_team_size_stress,mixed_complex,CA-GAT-MAPPO,4,6,1,4,2,ON,30,15.9,17,0.53,0.1389,0.3643,1.1663,2.0993,1.4,1600,0.89,1,0,0,55.7,65.45,1.13,26.7014,0.8299,61.3,f5e210f1f3eada71e80dc9a96ddd0372317557285c215726f7fc87779a373c42
scal__mixed_complex__CA-GAT-MAPPO__N6__seed4__ep03,zero_shot_team_size_stress,mixed_complex,CA-GAT-MAPPO,4,6,1,4,3,ON,30,10.7,11,0.356667,0.1223,0.3826,1.223,2.2015,1.4,1600,0.89,1,0,0,63.21,74.28,1.033,26.6228,0.8357,69.5,f5e210f1f3eada71e80dc9a96ddd0372317557285c215726f7fc87779a373c42
scal__mixed_complex__CA-GAT-MAPPO__N6__seed4__ep04,zero_shot_team_size_stress,mixed_complex,CA-GAT-MAPPO,4,6,1,4,4,ON,30,12.7,13,0.423333,0.1259,0.3943,1.1148,2.0066,1.4,1600,0.89,1,0,0,56.83,66.78,1.749,26.9702,0.8333,62.5,f5e210f1f3eada71e80dc9a96ddd0372317557285c215726f7fc87779a373c42
scal__mixed_complex__CA-GAT-MAPPO__N6__seed4__ep05,zero_shot_team_size_stress,mixed_complex,CA-GAT-MAPPO,4,6,1,4,5,ON,30,10.5,11,0.35,0.1463,0.421,1.1769,2.1184,1.4,1600,0.89,1,0,0,63.56,74.69,0.804,24.9994,0.8351,69.9,f5e210f1f3eada71e80dc9a96ddd0372317557285c215726f7fc87779a373c42
scal__mixed_complex__CA-GAT-MAPPO__N6__seed4__ep06,zero_shot_team_size_stress,mixed_complex,CA-GAT-MAPPO,4,6,1,4,6,ON,30,11.1,13,0.37,0.1216,0.3684,1.2341,2.2214,1.4,1600,0.89,1,0,0,59.38,69.77,1.38,26.8113,0.8414,65.3,f5e210f1f3eada71e80dc9a96ddd0372317557285c215726f7fc87779a373c42
scal__mixed_complex__CA-GAT-MAPPO__N6__seed4__ep07,zero_shot_team_size_stress,mixed_complex,CA-GAT-MAPPO,4,6,1,4,7,ON,30,12.9,13,0.43,0.1243,0.411,1.2924,2.3262,1.4,1600,0.89,1,0,0,57.52,67.59,1.158,25.6538,0.8377,63.3,f5e210f1f3eada71e80dc9a96ddd0372317557285c215726f7fc87779a373c42
scal__mixed_complex__CA-GAT-MAPPO__N6__seed4__ep08,zero_shot_team_size_stress,mixed_complex,CA-GAT-MAPPO,4,6,1,4,8,ON,30,9.8,12,0.326667,0.1322,0.3872,1.0045,1.8081,1.4,1600,0.89,1,0,0,54.18,63.66,1.278,27.3217,0.8533,59.6,f5e210f1f3eada71e80dc9a96ddd0372317557285c215726f7fc87779a373c42
scal__mixed_complex__CA-GAT-MAPPO__N6__seed4__ep09,zero_shot_team_size_stress,mixed_complex,CA-GAT-MAPPO,4,6,1,4,9,ON,30,16,16,0.533333,0.1496,0.3976,1.2576,2.2638,1.4,1600,0.89,1,0,0,55.1,64.74,1.18,25.3757,0.8292,60.6,f5e210f1f3eada71e80dc9a96ddd0372317557285c215726f7fc87779a373c42
scal__mixed_complex__CA-GAT-MAPPO__N6__seed5__ep00,zero_shot_team_size_stress,mixed_complex,CA-GAT-MAPPO,4,6,1,5,0,ON,30,9.2,10,0.306667,0.1256,0.4318,1.0519,1.8934,1.4,1600,0.89,1,0,0,64.36,75.62,1.749,26.7581,0.8422,70.8,da29fb12dd230cb7a8ee1e88c60ca8b2d6077612165ed390a9456fb3ca05bd64
scal__mixed_complex__CA-GAT-MAPPO__N6__seed5__ep01,zero_shot_team_size_stress,mixed_complex,CA-GAT-MAPPO,4,6,1,5,1,ON,30,17.3,18,0.576667,0.1289,0.3985,1.1722,2.11,1.4,1600,0.89,1,0,0,63.55,74.67,0.924,26.2771,0.8491,69.9,da29fb12dd230cb7a8ee1e88c60ca8b2d6077612165ed390a9456fb3ca05bd64
scal__mixed_complex__CA-GAT-MAPPO__N6__seed5__ep02,zero_shot_team_size_stress,mixed_complex,CA-GAT-MAPPO,4,6,1,5,2,ON,30,16,17,0.533333,0.1255,0.4245,1.0401,1.8722,1.4,1600,0.89,1,0,0,61.71,72.51,0.92,26.84,0.8367,67.9,da29fb12dd230cb7a8ee1e88c60ca8b2d6077612165ed390a9456fb3ca05bd64
scal__mixed_complex__CA-GAT-MAPPO__N6__seed5__ep03,zero_shot_team_size_stress,mixed_complex,CA-GAT-MAPPO,4,6,1,5,3,ON,30,9.2,10,0.306667,0.1446,0.3737,1.2983,2.337,1.4,1600,0.89,1,0,0,56.79,66.73,1.103,26.6608,0.8212,62.5,da29fb12dd230cb7a8ee1e88c60ca8b2d6077612165ed390a9456fb3ca05bd64
scal__mixed_complex__CA-GAT-MAPPO__N6__seed5__ep04,zero_shot_team_size_stress,mixed_complex,CA-GAT-MAPPO,4,6,1,5,4,ON,30,13,13,0.433333,0.1276,0.3657,1.0466,1.8839,1.4,1600,0.89,1,0,0,57.18,67.19,1.641,27.091,0.8408,62.9,da29fb12dd230cb7a8ee1e88c60ca8b2d6077612165ed390a9456fb3ca05bd64
scal__mixed_complex__CA-GAT-MAPPO__N6__seed5__ep05,zero_shot_team_size_stress,mixed_complex,CA-GAT-MAPPO,4,6,1,5,5,ON,30,16.3,18,0.543333,0.1322,0.3814,1.2449,2.2408,1.4,1600,0.89,1,0,0,62.05,72.91,1.355,26.1626,0.834,68.3,da29fb12dd230cb7a8ee1e88c60ca8b2d6077612165ed390a9456fb3ca05bd64
scal__mixed_complex__CA-GAT-MAPPO__N6__seed5__ep06,zero_shot_team_size_stress,mixed_complex,CA-GAT-MAPPO,4,6,1,5,6,ON,30,14.1,17,0.47,0.1333,0.3727,1.1145,2.0061,1.4,1600,0.89,1,0,0,64.75,76.08,1.497,27.026,0.8181,71.2,da29fb12dd230cb7a8ee1e88c60ca8b2d6077612165ed390a9456fb3ca05bd64
scal__mixed_complex__CA-GAT-MAPPO__N6__seed5__ep07,zero_shot_team_size_stress,mixed_complex,CA-GAT-MAPPO,4,6,1,5,7,ON,30,14.7,15,0.49,0.1459,0.3735,1.0944,1.97,1.4,1600,0.89,1,0,0,65.64,77.13,1.47,25.2287,0.8268,72.2,da29fb12dd230cb7a8ee1e88c60ca8b2d6077612165ed390a9456fb3ca05bd64
scal__mixed_complex__CA-GAT-MAPPO__N6__seed5__ep08,zero_shot_team_size_stress,mixed_complex,CA-GAT-MAPPO,4,6,1,5,8,ON,30,17.3,18,0.576667,0.1382,0.3686,1.09,1.962,1.4,1600,0.89,1,0,0,60.2,70.73,1.713,26.2491,0.8417,66.2,da29fb12dd230cb7a8ee1e88c60ca8b2d6077612165ed390a9456fb3ca05bd64
scal__mixed_complex__CA-GAT-MAPPO__N6__seed5__ep09,zero_shot_team_size_stress,mixed_complex,CA-GAT-MAPPO,4,6,1,5,9,ON,30,16.9,17,0.563333,0.1431,0.3677,1.025,1.845,1.4,1600,0.89,0,1,1,62.31,73.22,1.84,27.3606,0.6157,68.5,da29fb12dd230cb7a8ee1e88c60ca8b2d6077612165ed390a9456fb3ca05bd64
scal__mixed_complex__CA-GAT-MAPPO__N6__seed6__ep00,zero_shot_team_size_stress,mixed_complex,CA-GAT-MAPPO,4,6,1,6,0,ON,30,14.1,15,0.47,0.1365,0.3682,1.1034,1.9861,1.4,1600,0.89,1,0,1,57.46,67.52,1.307,26.4304,0.5542,63.2,ed09582cb314a7d6fb62a2969e8ec146c4ad5a35bbded88314c57cd591ec5719
scal__mixed_complex__CA-GAT-MAPPO__N6__seed6__ep01,zero_shot_team_size_stress,mixed_complex,CA-GAT-MAPPO,4,6,1,6,1,ON,30,14.2,15,0.473333,0.1212,0.3873,1.2277,2.2098,1.4,1600,0.89,1,0,0,60.58,71.18,1.18,27.2308,0.8323,66.6,ed09582cb314a7d6fb62a2969e8ec146c4ad5a35bbded88314c57cd591ec5719
scal__mixed_complex__CA-GAT-MAPPO__N6__seed6__ep02,zero_shot_team_size_stress,mixed_complex,CA-GAT-MAPPO,4,6,1,6,2,ON,30,9.7,10,0.323333,0.1273,0.4164,1.1462,2.0632,1.4,1600,0.89,1,0,0,57.01,66.99,1.653,25.8349,0.8261,62.7,ed09582cb314a7d6fb62a2969e8ec146c4ad5a35bbded88314c57cd591ec5719
scal__mixed_complex__CA-GAT-MAPPO__N6__seed6__ep03,zero_shot_team_size_stress,mixed_complex,CA-GAT-MAPPO,4,6,1,6,3,ON,30,10.4,12,0.346667,0.1395,0.3928,1.1697,2.1054,1.4,1600,0.89,1,0,0,64.39,75.66,1.749,26.5456,0.8401,70.8,ed09582cb314a7d6fb62a2969e8ec146c4ad5a35bbded88314c57cd591ec5719
scal__mixed_complex__CA-GAT-MAPPO__N6__seed6__ep04,zero_shot_team_size_stress,mixed_complex,CA-GAT-MAPPO,4,6,1,6,4,ON,30,8.4,9,0.28,0.1488,0.4204,1.1688,2.1039,1.4,1600,0.89,1,0,0,63.71,74.86,1.767,26.501,0.8337,70.1,ed09582cb314a7d6fb62a2969e8ec146c4ad5a35bbded88314c57cd591ec5719
scal__mixed_complex__CA-GAT-MAPPO__N6__seed6__ep05,zero_shot_team_size_stress,mixed_complex,CA-GAT-MAPPO,4,6,1,6,5,ON,30,9.5,10,0.316667,0.1465,0.4207,1.1777,2.1198,1.4,1600,0.89,1,0,0,64.8,76.13,1.623,25.5914,0.8436,71.3,ed09582cb314a7d6fb62a2969e8ec146c4ad5a35bbded88314c57cd591ec5719
scal__mixed_complex__CA-GAT-MAPPO__N6__seed6__ep06,zero_shot_team_size_stress,mixed_complex,CA-GAT-MAPPO,4,6,1,6,6,ON,30,11.1,14,0.37,0.1274,0.4259,1.1057,1.9902,1.4,1600,0.89,1,0,0,59.61,70.04,0.813,26.2089,0.8386,65.6,ed09582cb314a7d6fb62a2969e8ec146c4ad5a35bbded88314c57cd591ec5719
scal__mixed_complex__CA-GAT-MAPPO__N6__seed6__ep07,zero_shot_team_size_stress,mixed_complex,CA-GAT-MAPPO,4,6,1,6,7,ON,30,10.4,11,0.346667,0.1434,0.3818,1.0459,1.8826,1.4,1600,0.89,1,0,0,62.81,73.81,1.503,26.6744,0.8405,69.1,ed09582cb314a7d6fb62a2969e8ec146c4ad5a35bbded88314c57cd591ec5719
scal__mixed_complex__CA-GAT-MAPPO__N6__seed6__ep08,zero_shot_team_size_stress,mixed_complex,CA-GAT-MAPPO,4,6,1,6,8,ON,30,13.7,14,0.456667,0.1412,0.4012,1.167,2.1007,1.4,1600,0.89,1,0,0,56.89,66.85,0.792,26.1541,0.8334,62.6,ed09582cb314a7d6fb62a2969e8ec146c4ad5a35bbded88314c57cd591ec5719
scal__mixed_complex__CA-GAT-MAPPO__N6__seed6__ep09,zero_shot_team_size_stress,mixed_complex,CA-GAT-MAPPO,4,6,1,6,9,ON,30,12,13,0.4,0.1463,0.4109,1.2465,2.2438,1.4,1600,0.89,1,0,0,57.39,67.43,1.007,27.0746,0.8313,63.1,ed09582cb314a7d6fb62a2969e8ec146c4ad5a35bbded88314c57cd591ec5719
scal__mixed_complex__CA-GAT-MAPPO__N6__seed7__ep00,zero_shot_team_size_stress,mixed_complex,CA-GAT-MAPPO,4,6,1,7,0,ON,30,14.2,15,0.473333,0.137,0.4133,1.2114,2.1805,1.4,1600,0.89,1,0,0,55.32,65,1.83,26.6456,0.8348,60.9,7aecf6a7e53711d5a0f1473913406cc645bbc0aa42ebc65a753ac1a5648703b0
scal__mixed_complex__CA-GAT-MAPPO__N6__seed7__ep01,zero_shot_team_size_stress,mixed_complex,CA-GAT-MAPPO,4,6,1,7,1,ON,30,9.1,11,0.303333,0.1478,0.3753,1.1883,2.139,1.4,1600,0.89,1,0,0,55.46,65.16,1.182,26.2785,0.8394,61,7aecf6a7e53711d5a0f1473913406cc645bbc0aa42ebc65a753ac1a5648703b0
scal__mixed_complex__CA-GAT-MAPPO__N6__seed7__ep02,zero_shot_team_size_stress,mixed_complex,CA-GAT-MAPPO,4,6,1,7,2,ON,30,11.3,12,0.376667,0.1371,0.4266,1.1075,1.9935,1.4,1600,0.89,1,0,0,63.27,74.34,1.048,26.8558,0.8295,69.6,7aecf6a7e53711d5a0f1473913406cc645bbc0aa42ebc65a753ac1a5648703b0
scal__mixed_complex__CA-GAT-MAPPO__N6__seed7__ep03,zero_shot_team_size_stress,mixed_complex,CA-GAT-MAPPO,4,6,1,7,3,ON,30,12,14,0.4,0.1315,0.4355,1.2835,2.3102,1.4,1600,0.89,1,0,0,61.03,71.71,0.876,26.6276,0.8389,67.1,7aecf6a7e53711d5a0f1473913406cc645bbc0aa42ebc65a753ac1a5648703b0
scal__mixed_complex__CA-GAT-MAPPO__N6__seed7__ep04,zero_shot_team_size_stress,mixed_complex,CA-GAT-MAPPO,4,6,1,7,4,ON,30,13.2,15,0.44,0.1259,0.3669,1.0363,1.8653,1.4,1600,0.89,1,0,0,55.78,65.55,1.32,26.6669,0.8296,61.4,7aecf6a7e53711d5a0f1473913406cc645bbc0aa42ebc65a753ac1a5648703b0
scal__mixed_complex__CA-GAT-MAPPO__N6__seed7__ep05,zero_shot_team_size_stress,mixed_complex,CA-GAT-MAPPO,4,6,1,7,5,ON,30,9.6,11,0.32,0.1368,0.4186,1.0337,1.8607,1.4,1600,0.89,1,0,0,57.14,67.14,1.207,27.0616,0.8459,62.9,7aecf6a7e53711d5a0f1473913406cc645bbc0aa42ebc65a753ac1a5648703b0
scal__mixed_complex__CA-GAT-MAPPO__N6__seed7__ep06,zero_shot_team_size_stress,mixed_complex,CA-GAT-MAPPO,4,6,1,7,6,ON,30,10.7,11,0.356667,0.1408,0.3939,1.1241,2.0233,1.4,1600,0.89,1,0,0,62.3,73.21,1.58,26.6651,0.8244,68.5,7aecf6a7e53711d5a0f1473913406cc645bbc0aa42ebc65a753ac1a5648703b0
scal__mixed_complex__CA-GAT-MAPPO__N6__seed7__ep07,zero_shot_team_size_stress,mixed_complex,CA-GAT-MAPPO,4,6,1,7,7,ON,30,15.7,16,0.523333,0.1377,0.3957,1.1407,2.0532,1.4,1600,0.89,1,0,1,65.85,77.37,1.761,26.6656,0.6213,72.4,7aecf6a7e53711d5a0f1473913406cc645bbc0aa42ebc65a753ac1a5648703b0
scal__mixed_complex__CA-GAT-MAPPO__N6__seed7__ep08,zero_shot_team_size_stress,mixed_complex,CA-GAT-MAPPO,4,6,1,7,8,ON,30,8.2,11,0.273333,0.1268,0.3816,1.1316,2.0369,1.4,1600,0.89,1,0,0,66.57,78.22,1.727,25.5813,0.8417,73.2,7aecf6a7e53711d5a0f1473913406cc645bbc0aa42ebc65a753ac1a5648703b0
scal__mixed_complex__CA-GAT-MAPPO__N6__seed7__ep09,zero_shot_team_size_stress,mixed_complex,CA-GAT-MAPPO,4,6,1,7,9,ON,30,15.7,17,0.523333,0.1487,0.4101,1.2068,2.1723,1.4,1600,0.89,1,0,0,60.94,71.6,0.815,26.564,0.8512,67,7aecf6a7e53711d5a0f1473913406cc645bbc0aa42ebc65a753ac1a5648703b0
scal__mixed_complex__CA-GAT-MAPPO__N8__seed0__ep00,zero_shot_team_size_stress,mixed_complex,CA-GAT-MAPPO,4,8,1,0,0,ON,56,24.1,26,0.430357,0.1782,0.5733,1.3576,2.4437,1.6,2000,0.83,1,0,0,67.92,81.51,1.967,30.7401,0.8316,74.7,bfcedc1c8f0ae2806ebdc8d7c572ba9275e4a0487907899821a3d107e71101ce
scal__mixed_complex__CA-GAT-MAPPO__N8__seed0__ep01,zero_shot_team_size_stress,mixed_complex,CA-GAT-MAPPO,4,8,1,0,1,ON,56,32.4,33,0.578571,0.1702,0.5303,1.3197,2.3754,1.6,2000,0.83,1,0,0,74.47,89.36,1.13,30.4215,0.8212,81.9,bfcedc1c8f0ae2806ebdc8d7c572ba9275e4a0487907899821a3d107e71101ce
scal__mixed_complex__CA-GAT-MAPPO__N8__seed0__ep02,zero_shot_team_size_stress,mixed_complex,CA-GAT-MAPPO,4,8,1,0,2,ON,56,24.7,26,0.441071,0.1959,0.5677,1.421,2.5579,1.6,2000,0.83,1,0,1,71.39,85.67,1.537,30.505,0.6055,78.5,bfcedc1c8f0ae2806ebdc8d7c572ba9275e4a0487907899821a3d107e71101ce
scal__mixed_complex__CA-GAT-MAPPO__N8__seed0__ep03,zero_shot_team_size_stress,mixed_complex,CA-GAT-MAPPO,4,8,1,0,3,ON,56,29.5,30,0.526786,0.1789,0.5737,1.5343,2.7617,1.6,2000,0.83,1,0,1,74.74,89.69,1.117,31.1069,0.603,82.2,bfcedc1c8f0ae2806ebdc8d7c572ba9275e4a0487907899821a3d107e71101ce
scal__mixed_complex__CA-GAT-MAPPO__N8__seed0__ep04,zero_shot_team_size_stress,mixed_complex,CA-GAT-MAPPO,4,8,1,0,4,ON,56,17.5,18,0.3125,0.1768,0.5155,1.3715,2.4688,1.6,2000,0.83,1,0,0,73.77,88.52,2.04,30.6082,0.8297,81.1,bfcedc1c8f0ae2806ebdc8d7c572ba9275e4a0487907899821a3d107e71101ce
scal__mixed_complex__CA-GAT-MAPPO__N8__seed0__ep05,zero_shot_team_size_stress,mixed_complex,CA-GAT-MAPPO,4,8,1,0,5,ON,56,31.6,33,0.564286,0.1906,0.5188,1.5073,2.7132,1.6,2000,0.83,1,0,0,64.05,76.86,2.064,30.6848,0.8312,70.5,bfcedc1c8f0ae2806ebdc8d7c572ba9275e4a0487907899821a3d107e71101ce
scal__mixed_complex__CA-GAT-MAPPO__N8__seed0__ep06,zero_shot_team_size_stress,mixed_complex,CA-GAT-MAPPO,4,8,1,0,6,ON,56,18.2,19,0.325,0.171,0.5534,1.3176,2.3718,1.6,2000,0.83,1,0,1,73.26,87.91,1.514,30.2727,0.5975,80.6,bfcedc1c8f0ae2806ebdc8d7c572ba9275e4a0487907899821a3d107e71101ce
scal__mixed_complex__CA-GAT-MAPPO__N8__seed0__ep07,zero_shot_team_size_stress,mixed_complex,CA-GAT-MAPPO,4,8,1,0,7,ON,56,17.8,18,0.317857,0.1708,0.5097,1.4266,2.5678,1.6,2000,0.83,1,0,1,73.32,87.98,1.205,30.6797,0.6066,80.6,bfcedc1c8f0ae2806ebdc8d7c572ba9275e4a0487907899821a3d107e71101ce
scal__mixed_complex__CA-GAT-MAPPO__N8__seed0__ep08,zero_shot_team_size_stress,mixed_complex,CA-GAT-MAPPO,4,8,1,0,8,ON,56,22.9,23,0.408929,0.1968,0.5646,1.4734,2.6521,1.6,2000,0.83,1,0,0,71.39,85.66,1.216,31.4247,0.8488,78.5,bfcedc1c8f0ae2806ebdc8d7c572ba9275e4a0487907899821a3d107e71101ce
scal__mixed_complex__CA-GAT-MAPPO__N8__seed0__ep09,zero_shot_team_size_stress,mixed_complex,CA-GAT-MAPPO,4,8,1,0,9,ON,56,18.6,19,0.332143,0.1709,0.569,1.4459,2.6025,1.6,2000,0.83,1,0,0,73.19,87.83,1.599,31.1976,0.8384,80.5,bfcedc1c8f0ae2806ebdc8d7c572ba9275e4a0487907899821a3d107e71101ce
scal__mixed_complex__CA-GAT-MAPPO__N8__seed1__ep00,zero_shot_team_size_stress,mixed_complex,CA-GAT-MAPPO,4,8,1,1,0,ON,56,26.6,28,0.475,0.1986,0.5535,1.35,2.43,1.6,2000,0.83,1,0,0,63.31,75.98,1.636,30.0018,0.8303,69.6,8ed99808c66525bebda19333f1531725f5d3205410e0532243400e3764a1fdb8
scal__mixed_complex__CA-GAT-MAPPO__N8__seed1__ep01,zero_shot_team_size_stress,mixed_complex,CA-GAT-MAPPO,4,8,1,1,1,ON,56,18.6,19,0.332143,0.1996,0.5224,1.5836,2.8505,1.6,2000,0.83,1,0,0,63.14,75.77,1.346,30.5838,0.8256,69.5,8ed99808c66525bebda19333f1531725f5d3205410e0532243400e3764a1fdb8
scal__mixed_complex__CA-GAT-MAPPO__N8__seed1__ep02,zero_shot_team_size_stress,mixed_complex,CA-GAT-MAPPO,4,8,1,1,2,ON,56,17.1,18,0.305357,0.1809,0.5773,1.4871,2.6768,1.6,2000,0.83,1,0,0,73.17,87.8,1.259,30.0837,0.8141,80.5,8ed99808c66525bebda19333f1531725f5d3205410e0532243400e3764a1fdb8
scal__mixed_complex__CA-GAT-MAPPO__N8__seed1__ep03,zero_shot_team_size_stress,mixed_complex,CA-GAT-MAPPO,4,8,1,1,3,ON,56,23.6,24,0.421429,0.1722,0.5247,1.5177,2.7319,1.6,2000,0.83,1,0,0,65.29,78.35,2.124,30.7967,0.807,71.8,8ed99808c66525bebda19333f1531725f5d3205410e0532243400e3764a1fdb8
scal__mixed_complex__CA-GAT-MAPPO__N8__seed1__ep04,zero_shot_team_size_stress,mixed_complex,CA-GAT-MAPPO,4,8,1,1,4,ON,56,31.1,34,0.555357,0.1896,0.5775,1.5813,2.8463,1.6,2000,0.83,1,0,0,67.64,81.17,1.647,30.7942,0.8231,74.4,8ed99808c66525bebda19333f1531725f5d3205410e0532243400e3764a1fdb8
scal__mixed_complex__CA-GAT-MAPPO__N8__seed1__ep05,zero_shot_team_size_stress,mixed_complex,CA-GAT-MAPPO,4,8,1,1,5,ON,56,28.1,29,0.501786,0.1814,0.5368,1.5224,2.7403,1.6,2000,0.83,1,0,0,67.99,81.59,1.182,30.2235,0.8178,74.8,8ed99808c66525bebda19333f1531725f5d3205410e0532243400e3764a1fdb8
scal__mixed_complex__CA-GAT-MAPPO__N8__seed1__ep06,zero_shot_team_size_stress,mixed_complex,CA-GAT-MAPPO,4,8,1,1,6,ON,56,20.7,21,0.369643,0.1904,0.5784,1.5239,2.743,1.6,2000,0.83,1,0,0,67.1,80.52,1.825,29.6845,0.8395,73.8,8ed99808c66525bebda19333f1531725f5d3205410e0532243400e3764a1fdb8
scal__mixed_complex__CA-GAT-MAPPO__N8__seed1__ep07,zero_shot_team_size_stress,mixed_complex,CA-GAT-MAPPO,4,8,1,1,7,ON,56,19,21,0.339286,0.1764,0.5547,1.4652,2.6374,1.6,2000,0.83,1,0,0,72.5,87,2.154,29.7874,0.8238,79.8,8ed99808c66525bebda19333f1531725f5d3205410e0532243400e3764a1fdb8
scal__mixed_complex__CA-GAT-MAPPO__N8__seed1__ep08,zero_shot_team_size_stress,mixed_complex,CA-GAT-MAPPO,4,8,1,1,8,ON,56,23.6,26,0.421429,0.1881,0.5388,1.4617,2.631,1.6,2000,0.83,1,0,0,75.3,90.36,1.672,30.0947,0.8042,82.8,8ed99808c66525bebda19333f1531725f5d3205410e0532243400e3764a1fdb8
scal__mixed_complex__CA-GAT-MAPPO__N8__seed1__ep09,zero_shot_team_size_stress,mixed_complex,CA-GAT-MAPPO,4,8,1,1,9,ON,56,16.1,19,0.2875,0.1732,0.517,1.4277,2.5699,1.6,2000,0.83,1,0,0,64.94,77.93,1.252,30.2878,0.8169,71.4,8ed99808c66525bebda19333f1531725f5d3205410e0532243400e3764a1fdb8
scal__mixed_complex__CA-GAT-MAPPO__N8__seed2__ep00,zero_shot_team_size_stress,mixed_complex,CA-GAT-MAPPO,4,8,1,2,0,ON,56,29.8,30,0.532143,0.1936,0.5252,1.5304,2.7548,1.6,2000,0.83,1,0,0,71.09,85.31,1.666,30.7188,0.8329,78.2,83df6211c82175f2b55c0f388fd343ffc3f228c028273b13498381129ab10241
scal__mixed_complex__CA-GAT-MAPPO__N8__seed2__ep01,zero_shot_team_size_stress,mixed_complex,CA-GAT-MAPPO,4,8,1,2,1,ON,56,17.7,18,0.316071,0.1818,0.546,1.5467,2.7841,1.6,2000,0.83,1,0,0,73.02,87.62,1.77,30.9314,0.8136,80.3,83df6211c82175f2b55c0f388fd343ffc3f228c028273b13498381129ab10241
scal__mixed_complex__CA-GAT-MAPPO__N8__seed2__ep02,zero_shot_team_size_stress,mixed_complex,CA-GAT-MAPPO,4,8,1,2,2,ON,56,22.6,23,0.403571,0.1764,0.5049,1.4199,2.5559,1.6,2000,0.83,1,0,0,66.57,79.89,1.446,29.9381,0.819,73.2,83df6211c82175f2b55c0f388fd343ffc3f228c028273b13498381129ab10241
scal__mixed_complex__CA-GAT-MAPPO__N8__seed2__ep03,zero_shot_team_size_stress,mixed_complex,CA-GAT-MAPPO,4,8,1,2,3,ON,56,24.8,27,0.442857,0.195,0.5361,1.3534,2.4361,1.6,2000,0.83,1,0,1,66.75,80.1,1.426,30.8004,0.6127,73.4,83df6211c82175f2b55c0f388fd343ffc3f228c028273b13498381129ab10241
scal__mixed_complex__CA-GAT-MAPPO__N8__seed2__ep04,zero_shot_team_size_stress,mixed_complex,CA-GAT-MAPPO,4,8,1,2,4,ON,56,18.6,20,0.332143,0.1788,0.5681,1.3139,2.3651,1.6,2000,0.83,1,0,0,68.65,82.38,1.702,31.0748,0.8415,75.5,83df6211c82175f2b55c0f388fd343ffc3f228c028273b13498381129ab10241
scal__mixed_complex__CA-GAT-MAPPO__N8__seed2__ep05,zero_shot_team_size_stress,mixed_complex,CA-GAT-MAPPO,4,8,1,2,5,ON,56,29.9,30,0.533929,0.1932,0.5794,1.4388,2.5899,1.6,2000,0.83,1,0,0,74.13,88.95,1.818,30.2926,0.8064,81.5,83df6211c82175f2b55c0f388fd343ffc3f228c028273b13498381129ab10241
scal__mixed_complex__CA-GAT-MAPPO__N8__seed2__ep06,zero_shot_team_size_stress,mixed_complex,CA-GAT-MAPPO,4,8,1,2,6,ON,56,25,26,0.446429,0.178,0.5786,1.3625,2.4524,1.6,2000,0.83,1,0,0,74.82,89.79,1.163,30.7114,0.8165,82.3,83df6211c82175f2b55c0f388fd343ffc3f228c028273b13498381129ab10241
scal__mixed_complex__CA-GAT-MAPPO__N8__seed2__ep07,zero_shot_team_size_stress,mixed_complex,CA-GAT-MAPPO,4,8,1,2,7,ON,56,27,29,0.482143,0.1942,0.5763,1.4975,2.6955,1.6,2000,0.83,1,0,0,71.54,85.85,1.311,29.8157,0.8165,78.7,83df6211c82175f2b55c0f388fd343ffc3f228c028273b13498381129ab10241
scal__mixed_complex__CA-GAT-MAPPO__N8__seed2__ep08,zero_shot_team_size_stress,mixed_complex,CA-GAT-MAPPO,4,8,1,2,8,ON,56,31.4,34,0.560714,0.1759,0.5387,1.3717,2.4691,1.6,2000,0.83,1,0,0,72.63,87.16,1.312,30.5653,0.8378,79.9,83df6211c82175f2b55c0f388fd343ffc3f228c028273b13498381129ab10241
scal__mixed_complex__CA-GAT-MAPPO__N8__seed2__ep09,zero_shot_team_size_stress,mixed_complex,CA-GAT-MAPPO,4,8,1,2,9,ON,56,19,19,0.339286,0.1875,0.5103,1.5242,2.7435,1.6,2000,0.83,1,0,0,69.9,83.88,1.533,30.826,0.8064,76.9,83df6211c82175f2b55c0f388fd343ffc3f228c028273b13498381129ab10241
scal__mixed_complex__CA-GAT-MAPPO__N8__seed3__ep00,zero_shot_team_size_stress,mixed_complex,CA-GAT-MAPPO,4,8,1,3,0,ON,56,29.5,30,0.526786,0.1818,0.5652,1.3964,2.5135,1.6,2000,0.83,1,0,1,74.65,89.58,1.972,30.3873,0.6039,82.1,db73792d69e34f730009208f36e16377f566a0653b487afb0c9e2546504e61a0
scal__mixed_complex__CA-GAT-MAPPO__N8__seed3__ep01,zero_shot_team_size_stress,mixed_complex,CA-GAT-MAPPO,4,8,1,3,1,ON,56,22.7,23,0.405357,0.1929,0.5651,1.4412,2.5941,1.6,2000,0.83,1,0,0,68.86,82.63,1.827,29.6104,0.8109,75.7,db73792d69e34f730009208f36e16377f566a0653b487afb0c9e2546504e61a0
scal__mixed_complex__CA-GAT-MAPPO__N8__seed3__ep02,zero_shot_team_size_stress,mixed_complex,CA-GAT-MAPPO,4,8,1,3,2,ON,56,30.9,33,0.551786,0.1783,0.5156,1.368,2.4623,1.6,2000,0.83,1,0,0,69.32,83.19,2.002,30.2635,0.8245,76.3,db73792d69e34f730009208f36e16377f566a0653b487afb0c9e2546504e61a0
scal__mixed_complex__CA-GAT-MAPPO__N8__seed3__ep03,zero_shot_team_size_stress,mixed_complex,CA-GAT-MAPPO,4,8,1,3,3,ON,56,27.1,30,0.483929,0.1984,0.5611,1.5314,2.7565,1.6,2000,0.83,1,0,0,72.26,86.72,2.072,30.3082,0.8105,79.5,db73792d69e34f730009208f36e16377f566a0653b487afb0c9e2546504e61a0
scal__mixed_complex__CA-GAT-MAPPO__N8__seed3__ep04,zero_shot_team_size_stress,mixed_complex,CA-GAT-MAPPO,4,8,1,3,4,ON,56,24.5,27,0.4375,0.1853,0.5094,1.5479,2.7861,1.6,2000,0.83,1,0,0,66.12,79.35,1.784,30.872,0.8099,72.7,db73792d69e34f730009208f36e16377f566a0653b487afb0c9e2546504e61a0
scal__mixed_complex__CA-GAT-MAPPO__N8__seed3__ep05,zero_shot_team_size_stress,mixed_complex,CA-GAT-MAPPO,4,8,1,3,5,ON,56,19.4,20,0.346429,0.1811,0.5234,1.3802,2.4844,1.6,2000,0.83,1,0,0,64.31,77.18,1.557,30.945,0.8244,70.7,db73792d69e34f730009208f36e16377f566a0653b487afb0c9e2546504e61a0
scal__mixed_complex__CA-GAT-MAPPO__N8__seed3__ep06,zero_shot_team_size_stress,mixed_complex,CA-GAT-MAPPO,4,8,1,3,6,ON,56,21,23,0.375,0.1941,0.543,1.3604,2.4487,1.6,2000,0.83,1,0,0,71.17,85.4,2.121,30.0623,0.8155,78.3,db73792d69e34f730009208f36e16377f566a0653b487afb0c9e2546504e61a0
scal__mixed_complex__CA-GAT-MAPPO__N8__seed3__ep07,zero_shot_team_size_stress,mixed_complex,CA-GAT-MAPPO,4,8,1,3,7,ON,56,28,29,0.5,0.1771,0.5303,1.4408,2.5934,1.6,2000,0.83,1,0,1,71.93,86.32,1.175,30.6957,0.6193,79.1,db73792d69e34f730009208f36e16377f566a0653b487afb0c9e2546504e61a0
scal__mixed_complex__CA-GAT-MAPPO__N8__seed3__ep08,zero_shot_team_size_stress,mixed_complex,CA-GAT-MAPPO,4,8,1,3,8,ON,56,22.8,25,0.407143,0.1814,0.5646,1.444,2.5992,1.6,2000,0.83,1,0,0,72.56,87.08,1.468,31.7672,0.8159,79.8,db73792d69e34f730009208f36e16377f566a0653b487afb0c9e2546504e61a0
scal__mixed_complex__CA-GAT-MAPPO__N8__seed3__ep09,zero_shot_team_size_stress,mixed_complex,CA-GAT-MAPPO,4,8,1,3,9,ON,56,18.1,20,0.323214,0.1971,0.5025,1.4085,2.5354,1.6,2000,0.83,1,0,0,75.11,90.14,1.906,29.9322,0.8245,82.6,db73792d69e34f730009208f36e16377f566a0653b487afb0c9e2546504e61a0
scal__mixed_complex__CA-GAT-MAPPO__N8__seed4__ep00,zero_shot_team_size_stress,mixed_complex,CA-GAT-MAPPO,4,8,1,4,0,ON,56,17.2,18,0.307143,0.1929,0.5081,1.3765,2.4776,1.6,2000,0.83,1,0,1,75.78,90.93,1.761,31.0741,0.5771,83.4,f5e210f1f3eada71e80dc9a96ddd0372317557285c215726f7fc87779a373c42
scal__mixed_complex__CA-GAT-MAPPO__N8__seed4__ep01,zero_shot_team_size_stress,mixed_complex,CA-GAT-MAPPO,4,8,1,4,1,ON,56,19.7,20,0.351786,0.1709,0.5028,1.5314,2.7565,1.6,2000,0.83,1,0,0,74.81,89.77,2.042,29.9103,0.8008,82.3,f5e210f1f3eada71e80dc9a96ddd0372317557285c215726f7fc87779a373c42
scal__mixed_complex__CA-GAT-MAPPO__N8__seed4__ep02,zero_shot_team_size_stress,mixed_complex,CA-GAT-MAPPO,4,8,1,4,2,ON,56,20.2,22,0.360714,0.1745,0.5599,1.4543,2.6178,1.6,2000,0.83,1,0,0,65.83,79,1.903,30.4727,0.8045,72.4,f5e210f1f3eada71e80dc9a96ddd0372317557285c215726f7fc87779a373c42
scal__mixed_complex__CA-GAT-MAPPO__N8__seed4__ep03,zero_shot_team_size_stress,mixed_complex,CA-GAT-MAPPO,4,8,1,4,3,ON,56,21.9,22,0.391071,0.181,0.516,1.4349,2.5828,1.6,2000,0.83,1,0,0,69.27,83.12,2.156,30.0968,0.8105,76.2,f5e210f1f3eada71e80dc9a96ddd0372317557285c215726f7fc87779a373c42
scal__mixed_complex__CA-GAT-MAPPO__N8__seed4__ep04,zero_shot_team_size_stress,mixed_complex,CA-GAT-MAPPO,4,8,1,4,4,ON,56,21.7,22,0.3875,0.19,0.5249,1.4443,2.5997,1.6,2000,0.83,1,0,0,69,82.8,1.85,30.4282,0.7899,75.9,f5e210f1f3eada71e80dc9a96ddd0372317557285c215726f7fc87779a373c42
scal__mixed_complex__CA-GAT-MAPPO__N8__seed4__ep05,zero_shot_team_size_stress,mixed_complex,CA-GAT-MAPPO,4,8,1,4,5,ON,56,19.1,21,0.341071,0.1997,0.5191,1.3172,2.3709,1.6,2000,0.83,1,0,0,74.26,89.11,1.41,30.7083,0.8398,81.7,f5e210f1f3eada71e80dc9a96ddd0372317557285c215726f7fc87779a373c42
scal__mixed_complex__CA-GAT-MAPPO__N8__seed4__ep06,zero_shot_team_size_stress,mixed_complex,CA-GAT-MAPPO,4,8,1,4,6,ON,56,31.5,32,0.5625,0.1772,0.5634,1.45,2.6099,1.6,2000,0.83,1,0,0,70.98,85.18,1.982,30.3608,0.8109,78.1,f5e210f1f3eada71e80dc9a96ddd0372317557285c215726f7fc87779a373c42
scal__mixed_complex__CA-GAT-MAPPO__N8__seed4__ep07,zero_shot_team_size_stress,mixed_complex,CA-GAT-MAPPO,4,8,1,4,7,ON,56,18.4,19,0.328571,0.1705,0.5172,1.4268,2.5682,1.6,2000,0.83,0,1,1,72.39,86.86,1.707,29.5248,0.603,79.6,f5e210f1f3eada71e80dc9a96ddd0372317557285c215726f7fc87779a373c42
scal__mixed_complex__CA-GAT-MAPPO__N8__seed4__ep08,zero_shot_team_size_stress,mixed_complex,CA-GAT-MAPPO,4,8,1,4,8,ON,56,31.9,32,0.569643,0.1811,0.5707,1.5624,2.8123,1.6,2000,0.83,1,0,0,63.39,76.07,1.635,30.033,0.8218,69.7,f5e210f1f3eada71e80dc9a96ddd0372317557285c215726f7fc87779a373c42
scal__mixed_complex__CA-GAT-MAPPO__N8__seed4__ep09,zero_shot_team_size_stress,mixed_complex,CA-GAT-MAPPO,4,8,1,4,9,ON,56,32.7,33,0.583929,0.1798,0.5084,1.3518,2.4333,1.6,2000,0.83,1,0,0,70.07,84.08,1.56,30.52,0.8176,77.1,f5e210f1f3eada71e80dc9a96ddd0372317557285c215726f7fc87779a373c42
scal__mixed_complex__CA-GAT-MAPPO__N8__seed5__ep00,zero_shot_team_size_stress,mixed_complex,CA-GAT-MAPPO,4,8,1,5,0,ON,56,29.8,30,0.532143,0.1715,0.5268,1.4514,2.6126,1.6,2000,0.83,1,0,0,72.35,86.82,1.352,30.667,0.8384,79.6,da29fb12dd230cb7a8ee1e88c60ca8b2d6077612165ed390a9456fb3ca05bd64
scal__mixed_complex__CA-GAT-MAPPO__N8__seed5__ep01,zero_shot_team_size_stress,mixed_complex,CA-GAT-MAPPO,4,8,1,5,1,ON,56,27.2,29,0.485714,0.1839,0.5277,1.5091,2.7164,1.6,2000,0.83,1,0,0,74.85,89.82,2.112,30.9122,0.8415,82.3,da29fb12dd230cb7a8ee1e88c60ca8b2d6077612165ed390a9456fb3ca05bd64
scal__mixed_complex__CA-GAT-MAPPO__N8__seed5__ep02,zero_shot_team_size_stress,mixed_complex,CA-GAT-MAPPO,4,8,1,5,2,ON,56,24.5,27,0.4375,0.1922,0.5521,1.3765,2.4778,1.6,2000,0.83,1,0,0,68,81.6,1.508,31.768,0.8224,74.8,da29fb12dd230cb7a8ee1e88c60ca8b2d6077612165ed390a9456fb3ca05bd64
scal__mixed_complex__CA-GAT-MAPPO__N8__seed5__ep03,zero_shot_team_size_stress,mixed_complex,CA-GAT-MAPPO,4,8,1,5,3,ON,56,17.7,19,0.316071,0.1921,0.531,1.3577,2.4438,1.6,2000,0.83,1,0,1,63.22,75.87,1.507,30.8959,0.6061,69.5,da29fb12dd230cb7a8ee1e88c60ca8b2d6077612165ed390a9456fb3ca05bd64
scal__mixed_complex__CA-GAT-MAPPO__N8__seed5__ep04,zero_shot_team_size_stress,mixed_complex,CA-GAT-MAPPO,4,8,1,5,4,ON,56,25.9,26,0.4625,0.1794,0.535,1.4557,2.6203,1.6,2000,0.83,1,0,0,74.5,89.4,2.048,30.5216,0.8108,81.9,da29fb12dd230cb7a8ee1e88c60ca8b2d6077612165ed390a9456fb3ca05bd64
scal__mixed_complex__CA-GAT-MAPPO__N8__seed5__ep05,zero_shot_team_size_stress,mixed_complex,CA-GAT-MAPPO,4,8,1,5,5,ON,56,26.1,27,0.466071,0.1946,0.5073,1.5359,2.7646,1.6,2000,0.83,0,1,1,72.66,87.19,1.237,31.0231,0.5982,79.9,da29fb12dd230cb7a8ee1e88c60ca8b2d6077612165ed390a9456fb3ca05bd64
scal__mixed_complex__CA-GAT-MAPPO__N8__seed5__ep06,zero_shot_team_size_stress,mixed_complex,CA-GAT-MAPPO,4,8,1,5,6,ON,56,29.5,32,0.526786,0.1798,0.5292,1.3757,2.4763,1.6,2000,0.83,1,0,0,72.31,86.78,1.1,30.5106,0.8154,79.5,da29fb12dd230cb7a8ee1e88c60ca8b2d6077612165ed390a9456fb3ca05bd64
scal__mixed_complex__CA-GAT-MAPPO__N8__seed5__ep07,zero_shot_team_size_stress,mixed_complex,CA-GAT-MAPPO,4,8,1,5,7,ON,56,32.7,33,0.583929,0.1798,0.5193,1.3992,2.5186,1.6,2000,0.83,1,0,0,66.66,79.99,1.707,29.7338,0.8222,73.3,da29fb12dd230cb7a8ee1e88c60ca8b2d6077612165ed390a9456fb3ca05bd64
scal__mixed_complex__CA-GAT-MAPPO__N8__seed5__ep08,zero_shot_team_size_stress,mixed_complex,CA-GAT-MAPPO,4,8,1,5,8,ON,56,22.5,23,0.401786,0.1732,0.5399,1.5661,2.8191,1.6,2000,0.83,0,1,1,73.19,87.83,1.908,29.9154,0.5826,80.5,da29fb12dd230cb7a8ee1e88c60ca8b2d6077612165ed390a9456fb3ca05bd64
scal__mixed_complex__CA-GAT-MAPPO__N8__seed5__ep09,zero_shot_team_size_stress,mixed_complex,CA-GAT-MAPPO,4,8,1,5,9,ON,56,16.4,17,0.292857,0.178,0.5337,1.3541,2.4374,1.6,2000,0.83,1,0,0,65.37,78.44,1.547,29.3704,0.8157,71.9,da29fb12dd230cb7a8ee1e88c60ca8b2d6077612165ed390a9456fb3ca05bd64
scal__mixed_complex__CA-GAT-MAPPO__N8__seed6__ep00,zero_shot_team_size_stress,mixed_complex,CA-GAT-MAPPO,4,8,1,6,0,ON,56,24.4,25,0.435714,0.1974,0.5396,1.3382,2.4087,1.6,2000,0.83,1,0,1,70.25,84.29,1.106,30.3838,0.5729,77.3,ed09582cb314a7d6fb62a2969e8ec146c4ad5a35bbded88314c57cd591ec5719
scal__mixed_complex__CA-GAT-MAPPO__N8__seed6__ep01,zero_shot_team_size_stress,mixed_complex,CA-GAT-MAPPO,4,8,1,6,1,ON,56,17.5,18,0.3125,0.1965,0.5643,1.423,2.5614,1.6,2000,0.83,1,0,0,69.76,83.71,1.465,31.2445,0.7987,76.7,ed09582cb314a7d6fb62a2969e8ec146c4ad5a35bbded88314c57cd591ec5719
scal__mixed_complex__CA-GAT-MAPPO__N8__seed6__ep02,zero_shot_team_size_stress,mixed_complex,CA-GAT-MAPPO,4,8,1,6,2,ON,56,26.6,27,0.475,0.194,0.5009,1.4067,2.5321,1.6,2000,0.83,1,0,0,64.83,77.79,1.348,29.7706,0.8252,71.3,ed09582cb314a7d6fb62a2969e8ec146c4ad5a35bbded88314c57cd591ec5719
scal__mixed_complex__CA-GAT-MAPPO__N8__seed6__ep03,zero_shot_team_size_stress,mixed_complex,CA-GAT-MAPPO,4,8,1,6,3,ON,56,25.7,27,0.458929,0.1802,0.5168,1.317,2.3706,1.6,2000,0.83,1,0,0,75.63,90.75,1.226,30.3795,0.8087,83.2,ed09582cb314a7d6fb62a2969e8ec146c4ad5a35bbded88314c57cd591ec5719
scal__mixed_complex__CA-GAT-MAPPO__N8__seed6__ep04,zero_shot_team_size_stress,mixed_complex,CA-GAT-MAPPO,4,8,1,6,4,ON,56,29.2,30,0.521429,0.1792,0.5462,1.3462,2.4232,1.6,2000,0.83,1,0,1,72,86.4,1.884,31.0183,0.6063,79.2,ed09582cb314a7d6fb62a2969e8ec146c4ad5a35bbded88314c57cd591ec5719
scal__mixed_complex__CA-GAT-MAPPO__N8__seed6__ep05,zero_shot_team_size_stress,mixed_complex,CA-GAT-MAPPO,4,8,1,6,5,ON,56,29.7,31,0.530357,0.1887,0.5249,1.5766,2.8378,1.6,2000,0.83,1,0,0,74.62,89.54,1.794,30.8634,0.8051,82.1,ed09582cb314a7d6fb62a2969e8ec146c4ad5a35bbded88314c57cd591ec5719
scal__mixed_complex__CA-GAT-MAPPO__N8__seed6__ep06,zero_shot_team_size_stress,mixed_complex,CA-GAT-MAPPO,4,8,1,6,6,ON,56,20.3,21,0.3625,0.1761,0.5142,1.4115,2.5407,1.6,2000,0.83,1,0,0,70.94,85.12,1.512,29.7622,0.8218,78,ed09582cb314a7d6fb62a2969e8ec146c4ad5a35bbded88314c57cd591ec5719
scal__mixed_complex__CA-GAT-MAPPO__N8__seed6__ep07,zero_shot_team_size_stress,mixed_complex,CA-GAT-MAPPO,4,8,1,6,7,ON,56,30.4,31,0.542857,0.1725,0.5635,1.5178,2.7321,1.6,2000,0.83,1,0,0,68.36,82.03,1.625,30.571,0.8126,75.2,ed09582cb314a7d6fb62a2969e8ec146c4ad5a35bbded88314c57cd591ec5719
scal__mixed_complex__CA-GAT-MAPPO__N8__seed6__ep08,zero_shot_team_size_stress,mixed_complex,CA-GAT-MAPPO,4,8,1,6,8,ON,56,23.1,24,0.4125,0.191,0.5669,1.3654,2.4578,1.6,2000,0.83,1,0,0,66.83,80.2,1.596,30.729,0.817,73.5,ed09582cb314a7d6fb62a2969e8ec146c4ad5a35bbded88314c57cd591ec5719
scal__mixed_complex__CA-GAT-MAPPO__N8__seed6__ep09,zero_shot_team_size_stress,mixed_complex,CA-GAT-MAPPO,4,8,1,6,9,ON,56,21.6,24,0.385714,0.175,0.5602,1.4729,2.6512,1.6,2000,0.83,1,0,1,65.24,78.29,2.184,30.967,0.6021,71.8,ed09582cb314a7d6fb62a2969e8ec146c4ad5a35bbded88314c57cd591ec5719
scal__mixed_complex__CA-GAT-MAPPO__N8__seed7__ep00,zero_shot_team_size_stress,mixed_complex,CA-GAT-MAPPO,4,8,1,7,0,ON,56,26.2,28,0.467857,0.1925,0.5319,1.4823,2.6682,1.6,2000,0.83,1,0,0,69.93,83.92,1.877,29.9351,0.834,76.9,7aecf6a7e53711d5a0f1473913406cc645bbc0aa42ebc65a753ac1a5648703b0
scal__mixed_complex__CA-GAT-MAPPO__N8__seed7__ep01,zero_shot_team_size_stress,mixed_complex,CA-GAT-MAPPO,4,8,1,7,1,ON,56,29.2,30,0.521429,0.1915,0.5458,1.4308,2.5754,1.6,2000,0.83,0,1,1,65.61,78.73,1.14,30.1802,0.5921,72.2,7aecf6a7e53711d5a0f1473913406cc645bbc0aa42ebc65a753ac1a5648703b0
scal__mixed_complex__CA-GAT-MAPPO__N8__seed7__ep02,zero_shot_team_size_stress,mixed_complex,CA-GAT-MAPPO,4,8,1,7,2,ON,56,28.6,29,0.510714,0.176,0.5463,1.5124,2.7223,1.6,2000,0.83,1,0,0,67.51,81.02,1.898,30.377,0.8204,74.3,7aecf6a7e53711d5a0f1473913406cc645bbc0aa42ebc65a753ac1a5648703b0
scal__mixed_complex__CA-GAT-MAPPO__N8__seed7__ep03,zero_shot_team_size_stress,mixed_complex,CA-GAT-MAPPO,4,8,1,7,3,ON,56,17.1,19,0.305357,0.1994,0.5141,1.4577,2.6239,1.6,2000,0.83,1,0,0,72.49,86.99,1.498,30.2312,0.829,79.7,7aecf6a7e53711d5a0f1473913406cc645bbc0aa42ebc65a753ac1a5648703b0
scal__mixed_complex__CA-GAT-MAPPO__N8__seed7__ep04,zero_shot_team_size_stress,mixed_complex,CA-GAT-MAPPO,4,8,1,7,4,ON,56,22.5,24,0.401786,0.1814,0.5388,1.3376,2.4076,1.6,2000,0.83,1,0,0,67.95,81.54,1.609,30.7707,0.8187,74.7,7aecf6a7e53711d5a0f1473913406cc645bbc0aa42ebc65a753ac1a5648703b0
scal__mixed_complex__CA-GAT-MAPPO__N8__seed7__ep05,zero_shot_team_size_stress,mixed_complex,CA-GAT-MAPPO,4,8,1,7,5,ON,56,25.3,27,0.451786,0.171,0.5589,1.3458,2.4225,1.6,2000,0.83,0,1,1,72.05,86.46,2.078,30.7175,0.6513,79.3,7aecf6a7e53711d5a0f1473913406cc645bbc0aa42ebc65a753ac1a5648703b0
scal__mixed_complex__CA-GAT-MAPPO__N8__seed7__ep06,zero_shot_team_size_stress,mixed_complex,CA-GAT-MAPPO,4,8,1,7,6,ON,56,27.2,29,0.485714,0.1852,0.5618,1.3314,2.3965,1.6,2000,0.83,1,0,0,74.94,89.93,2.065,30.6222,0.8206,82.4,7aecf6a7e53711d5a0f1473913406cc645bbc0aa42ebc65a753ac1a5648703b0
scal__mixed_complex__CA-GAT-MAPPO__N8__seed7__ep07,zero_shot_team_size_stress,mixed_complex,CA-GAT-MAPPO,4,8,1,7,7,ON,56,21,21,0.375,0.1764,0.5035,1.4787,2.6617,1.6,2000,0.83,1,0,0,72.24,86.68,1.633,30.5942,0.8169,79.5,7aecf6a7e53711d5a0f1473913406cc645bbc0aa42ebc65a753ac1a5648703b0
scal__mixed_complex__CA-GAT-MAPPO__N8__seed7__ep08,zero_shot_team_size_stress,mixed_complex,CA-GAT-MAPPO,4,8,1,7,8,ON,56,27.6,29,0.492857,0.1949,0.5714,1.5009,2.7016,1.6,2000,0.83,1,0,0,67.79,81.35,1.176,28.577,0.8102,74.6,7aecf6a7e53711d5a0f1473913406cc645bbc0aa42ebc65a753ac1a5648703b0
scal__mixed_complex__CA-GAT-MAPPO__N8__seed7__ep09,zero_shot_team_size_stress,mixed_complex,CA-GAT-MAPPO,4,8,1,7,9,ON,56,27.1,28,0.483929,0.1894,0.5125,1.3916,2.5049,1.6,2000,0.83,1,0,0,69.09,82.91,1.624,30.2389,0.8249,76,7aecf6a7e53711d5a0f1473913406cc645bbc0aa42ebc65a753ac1a5648703b0
scal__mixed_complex__CA-GAT-MAPPO__N10__seed0__ep00,zero_shot_team_size_stress,mixed_complex,CA-GAT-MAPPO,4,10,1,0,0,ON,90,29.4,30,0.326667,0.2478,0.7058,1.6793,3.0228,1.8,2400,0.77,1,0,0,82.61,101.2,1.696,33.9242,0.8008,90.9,bfcedc1c8f0ae2806ebdc8d7c572ba9275e4a0487907899821a3d107e71101ce
scal__mixed_complex__CA-GAT-MAPPO__N10__seed0__ep01,zero_shot_team_size_stress,mixed_complex,CA-GAT-MAPPO,4,10,1,0,1,ON,90,41.5,42,0.461111,0.2399,0.6668,1.8124,3.2623,1.8,2400,0.77,0,1,1,81.71,100.09,1.595,34.9946,0.6073,89.9,bfcedc1c8f0ae2806ebdc8d7c572ba9275e4a0487907899821a3d107e71101ce
scal__mixed_complex__CA-GAT-MAPPO__N10__seed0__ep02,zero_shot_team_size_stress,mixed_complex,CA-GAT-MAPPO,4,10,1,0,2,ON,90,48.8,49,0.542222,0.2498,0.6588,1.8915,3.4047,1.8,2400,0.77,1,0,0,75.47,92.46,2.073,35.9036,0.7855,83,bfcedc1c8f0ae2806ebdc8d7c572ba9275e4a0487907899821a3d107e71101ce
scal__mixed_complex__CA-GAT-MAPPO__N10__seed0__ep03,zero_shot_team_size_stress,mixed_complex,CA-GAT-MAPPO,4,10,1,0,3,ON,90,33.2,35,0.368889,0.2211,0.6561,1.6076,2.8936,1.8,2400,0.77,0,1,1,71.3,87.34,2.533,33.7226,0.5886,78.4,bfcedc1c8f0ae2806ebdc8d7c572ba9275e4a0487907899821a3d107e71101ce
scal__mixed_complex__CA-GAT-MAPPO__N10__seed0__ep04,zero_shot_team_size_stress,mixed_complex,CA-GAT-MAPPO,4,10,1,0,4,ON,90,46.4,47,0.515556,0.2321,0.6906,1.8597,3.3475,1.8,2400,0.77,0,1,1,71.32,87.36,1.454,34.9453,0.6066,78.4,bfcedc1c8f0ae2806ebdc8d7c572ba9275e4a0487907899821a3d107e71101ce
scal__mixed_complex__CA-GAT-MAPPO__N10__seed0__ep05,zero_shot_team_size_stress,mixed_complex,CA-GAT-MAPPO,4,10,1,0,5,ON,90,32.3,33,0.358889,0.2342,0.6656,1.8279,3.2902,1.8,2400,0.77,1,0,0,78.94,96.7,1.597,34.5526,0.7823,86.8,bfcedc1c8f0ae2806ebdc8d7c572ba9275e4a0487907899821a3d107e71101ce
scal__mixed_complex__CA-GAT-MAPPO__N10__seed0__ep06,zero_shot_team_size_stress,mixed_complex,CA-GAT-MAPPO,4,10,1,0,6,ON,90,33.8,35,0.375556,0.2383,0.6817,1.7977,3.2359,1.8,2400,0.77,1,0,0,82.67,101.27,2.405,33.8555,0.7802,90.9,bfcedc1c8f0ae2806ebdc8d7c572ba9275e4a0487907899821a3d107e71101ce
scal__mixed_complex__CA-GAT-MAPPO__N10__seed0__ep07,zero_shot_team_size_stress,mixed_complex,CA-GAT-MAPPO,4,10,1,0,7,ON,90,31.6,32,0.351111,0.2354,0.7016,1.6421,2.9558,1.8,2400,0.77,1,0,0,74.48,91.24,2.38,33.514,0.7793,81.9,bfcedc1c8f0ae2806ebdc8d7c572ba9275e4a0487907899821a3d107e71101ce
scal__mixed_complex__CA-GAT-MAPPO__N10__seed0__ep08,zero_shot_team_size_stress,mixed_complex,CA-GAT-MAPPO,4,10,1,0,8,ON,90,40.9,42,0.454444,0.2206,0.7107,1.7647,3.1765,1.8,2400,0.77,1,0,0,74.03,90.68,1.91,34.0367,0.7909,81.4,bfcedc1c8f0ae2806ebdc8d7c572ba9275e4a0487907899821a3d107e71101ce
scal__mixed_complex__CA-GAT-MAPPO__N10__seed0__ep09,zero_shot_team_size_stress,mixed_complex,CA-GAT-MAPPO,4,10,1,0,9,ON,90,50.3,51,0.558889,0.2446,0.687,1.8632,3.3537,1.8,2400,0.77,1,0,0,73.7,90.28,1.808,33.624,0.7903,81.1,bfcedc1c8f0ae2806ebdc8d7c572ba9275e4a0487907899821a3d107e71101ce
scal__mixed_complex__CA-GAT-MAPPO__N10__seed1__ep00,zero_shot_team_size_stress,mixed_complex,CA-GAT-MAPPO,4,10,1,1,0,ON,90,44.5,46,0.494444,0.234,0.6868,1.728,3.1104,1.8,2400,0.77,1,0,0,72.07,88.29,1.867,34.6772,0.7864,79.3,8ed99808c66525bebda19333f1531725f5d3205410e0532243400e3764a1fdb8
scal__mixed_complex__CA-GAT-MAPPO__N10__seed1__ep01,zero_shot_team_size_stress,mixed_complex,CA-GAT-MAPPO,4,10,1,1,1,ON,90,49.3,51,0.547778,0.2422,0.6682,1.6457,2.9623,1.8,2400,0.77,1,0,0,74.59,91.37,1.582,33.3176,0.776,82,8ed99808c66525bebda19333f1531725f5d3205410e0532243400e3764a1fdb8
scal__mixed_complex__CA-GAT-MAPPO__N10__seed1__ep02,zero_shot_team_size_stress,mixed_complex,CA-GAT-MAPPO,4,10,1,1,2,ON,90,49,49,0.544444,0.2357,0.697,1.7362,3.1252,1.8,2400,0.77,0,1,1,80.77,98.95,1.556,33.7513,0.5883,88.8,8ed99808c66525bebda19333f1531725f5d3205410e0532243400e3764a1fdb8
scal__mixed_complex__CA-GAT-MAPPO__N10__seed1__ep03,zero_shot_team_size_stress,mixed_complex,CA-GAT-MAPPO,4,10,1,1,3,ON,90,46.1,48,0.512222,0.2493,0.7016,1.8496,3.3293,1.8,2400,0.77,1,0,1,76.45,93.65,2.506,34.22,0.5829,84.1,8ed99808c66525bebda19333f1531725f5d3205410e0532243400e3764a1fdb8
scal__mixed_complex__CA-GAT-MAPPO__N10__seed1__ep04,zero_shot_team_size_stress,mixed_complex,CA-GAT-MAPPO,4,10,1,1,4,ON,90,52.4,53,0.582222,0.2358,0.6876,1.6281,2.9306,1.8,2400,0.77,1,0,1,71.6,87.71,2.202,34.4228,0.6024,78.8,8ed99808c66525bebda19333f1531725f5d3205410e0532243400e3764a1fdb8
scal__mixed_complex__CA-GAT-MAPPO__N10__seed1__ep05,zero_shot_team_size_stress,mixed_complex,CA-GAT-MAPPO,4,10,1,1,5,ON,90,42.7,43,0.474444,0.2231,0.686,1.8883,3.399,1.8,2400,0.77,1,0,0,81.95,100.39,1.981,34.1679,0.7846,90.2,8ed99808c66525bebda19333f1531725f5d3205410e0532243400e3764a1fdb8
scal__mixed_complex__CA-GAT-MAPPO__N10__seed1__ep06,zero_shot_team_size_stress,mixed_complex,CA-GAT-MAPPO,4,10,1,1,6,ON,90,40.1,42,0.445556,0.2406,0.6432,1.8617,3.3511,1.8,2400,0.77,1,0,0,80.48,98.58,2.155,34.2537,0.7926,88.5,8ed99808c66525bebda19333f1531725f5d3205410e0532243400e3764a1fdb8
scal__mixed_complex__CA-GAT-MAPPO__N10__seed1__ep07,zero_shot_team_size_stress,mixed_complex,CA-GAT-MAPPO,4,10,1,1,7,ON,90,49.9,50,0.554444,0.241,0.6593,1.6933,3.0479,1.8,2400,0.77,1,0,0,74.72,91.54,2.095,33.9355,0.7807,82.2,8ed99808c66525bebda19333f1531725f5d3205410e0532243400e3764a1fdb8
scal__mixed_complex__CA-GAT-MAPPO__N10__seed1__ep08,zero_shot_team_size_stress,mixed_complex,CA-GAT-MAPPO,4,10,1,1,8,ON,90,41.8,44,0.464444,0.2469,0.6928,1.808,3.2543,1.8,2400,0.77,1,0,0,82.13,100.61,2.335,33.7282,0.783,90.3,8ed99808c66525bebda19333f1531725f5d3205410e0532243400e3764a1fdb8
scal__mixed_complex__CA-GAT-MAPPO__N10__seed1__ep09,zero_shot_team_size_stress,mixed_complex,CA-GAT-MAPPO,4,10,1,1,9,ON,90,37.2,38,0.413333,0.2437,0.6454,1.858,3.3444,1.8,2400,0.77,0,1,1,72.77,89.15,2.345,34.587,0.6238,80,8ed99808c66525bebda19333f1531725f5d3205410e0532243400e3764a1fdb8
scal__mixed_complex__CA-GAT-MAPPO__N10__seed2__ep00,zero_shot_team_size_stress,mixed_complex,CA-GAT-MAPPO,4,10,1,2,0,ON,90,39.7,41,0.441111,0.2405,0.6837,1.6457,2.9623,1.8,2400,0.77,1,0,0,75.25,92.18,1.692,32.3463,0.7855,82.8,83df6211c82175f2b55c0f388fd343ffc3f228c028273b13498381129ab10241
scal__mixed_complex__CA-GAT-MAPPO__N10__seed2__ep01,zero_shot_team_size_stress,mixed_complex,CA-GAT-MAPPO,4,10,1,2,1,ON,90,39.1,40,0.434444,0.2303,0.6417,1.7602,3.1683,1.8,2400,0.77,1,0,0,79.12,96.92,1.876,33.3691,0.7854,87,83df6211c82175f2b55c0f388fd343ffc3f228c028273b13498381129ab10241
scal__mixed_complex__CA-GAT-MAPPO__N10__seed2__ep02,zero_shot_team_size_stress,mixed_complex,CA-GAT-MAPPO,4,10,1,2,2,ON,90,42.9,43,0.476667,0.2211,0.6776,1.7186,3.0934,1.8,2400,0.77,1,0,0,78.37,96.01,2.278,34.3624,0.7812,86.2,83df6211c82175f2b55c0f388fd343ffc3f228c028273b13498381129ab10241
scal__mixed_complex__CA-GAT-MAPPO__N10__seed2__ep03,zero_shot_team_size_stress,mixed_complex,CA-GAT-MAPPO,4,10,1,2,3,ON,90,46.6,49,0.517778,0.2209,0.6859,1.702,3.0636,1.8,2400,0.77,1,0,1,76.69,93.95,2.102,33.9132,0.6097,84.4,83df6211c82175f2b55c0f388fd343ffc3f228c028273b13498381129ab10241
scal__mixed_complex__CA-GAT-MAPPO__N10__seed2__ep04,zero_shot_team_size_stress,mixed_complex,CA-GAT-MAPPO,4,10,1,2,4,ON,90,35.9,38,0.398889,0.2286,0.6471,1.7817,3.207,1.8,2400,0.77,1,0,0,71.39,87.45,2.031,34.0609,0.7875,78.5,83df6211c82175f2b55c0f388fd343ffc3f228c028273b13498381129ab10241
scal__mixed_complex__CA-GAT-MAPPO__N10__seed2__ep05,zero_shot_team_size_stress,mixed_complex,CA-GAT-MAPPO,4,10,1,2,5,ON,90,29.8,31,0.331111,0.2279,0.6568,1.74,3.132,1.8,2400,0.77,1,0,1,76.76,94.03,1.838,34.1837,0.5626,84.4,83df6211c82175f2b55c0f388fd343ffc3f228c028273b13498381129ab10241
scal__mixed_complex__CA-GAT-MAPPO__N10__seed2__ep06,zero_shot_team_size_stress,mixed_complex,CA-GAT-MAPPO,4,10,1,2,6,ON,90,37.2,40,0.413333,0.2461,0.6698,1.8618,3.3513,1.8,2400,0.77,1,0,0,81.84,100.25,1.783,33.4254,0.7884,90,83df6211c82175f2b55c0f388fd343ffc3f228c028273b13498381129ab10241
scal__mixed_complex__CA-GAT-MAPPO__N10__seed2__ep07,zero_shot_team_size_stress,mixed_complex,CA-GAT-MAPPO,4,10,1,2,7,ON,90,39.8,40,0.442222,0.2487,0.6635,1.6555,2.9799,1.8,2400,0.77,1,0,0,73.5,90.03,2.178,34.0147,0.785,80.8,83df6211c82175f2b55c0f388fd343ffc3f228c028273b13498381129ab10241
scal__mixed_complex__CA-GAT-MAPPO__N10__seed2__ep08,zero_shot_team_size_stress,mixed_complex,CA-GAT-MAPPO,4,10,1,2,8,ON,90,45,46,0.5,0.2338,0.6813,1.6598,2.9877,1.8,2400,0.77,1,0,0,78.37,96,2.062,34.4372,0.783,86.2,83df6211c82175f2b55c0f388fd343ffc3f228c028273b13498381129ab10241
scal__mixed_complex__CA-GAT-MAPPO__N10__seed2__ep09,zero_shot_team_size_stress,mixed_complex,CA-GAT-MAPPO,4,10,1,2,9,ON,90,38.5,39,0.427778,0.249,0.656,1.6553,2.9795,1.8,2400,0.77,1,0,0,77.71,95.19,2.272,34.2193,0.794,85.5,83df6211c82175f2b55c0f388fd343ffc3f228c028273b13498381129ab10241
scal__mixed_complex__CA-GAT-MAPPO__N10__seed3__ep00,zero_shot_team_size_stress,mixed_complex,CA-GAT-MAPPO,4,10,1,3,0,ON,90,38.8,39,0.431111,0.2405,0.6774,1.6748,3.0147,1.8,2400,0.77,1,0,0,75.62,92.63,2.204,33.8898,0.7809,83.2,db73792d69e34f730009208f36e16377f566a0653b487afb0c9e2546504e61a0
scal__mixed_complex__CA-GAT-MAPPO__N10__seed3__ep01,zero_shot_team_size_stress,mixed_complex,CA-GAT-MAPPO,4,10,1,3,1,ON,90,39.3,40,0.436667,0.2451,0.7107,1.8972,3.415,1.8,2400,0.77,0,1,1,77.9,95.43,1.848,34.6639,0.6184,85.7,db73792d69e34f730009208f36e16377f566a0653b487afb0c9e2546504e61a0
scal__mixed_complex__CA-GAT-MAPPO__N10__seed3__ep02,zero_shot_team_size_stress,mixed_complex,CA-GAT-MAPPO,4,10,1,3,2,ON,90,29.9,30,0.332222,0.2305,0.6924,1.6915,3.0448,1.8,2400,0.77,1,0,0,81.03,99.26,1.472,34.5302,0.7921,89.1,db73792d69e34f730009208f36e16377f566a0653b487afb0c9e2546504e61a0
scal__mixed_complex__CA-GAT-MAPPO__N10__seed3__ep03,zero_shot_team_size_stress,mixed_complex,CA-GAT-MAPPO,4,10,1,3,3,ON,90,41.2,42,0.457778,0.2238,0.6781,1.7339,3.121,1.8,2400,0.77,1,0,1,80.41,98.5,2.129,33.3922,0.6006,88.5,db73792d69e34f730009208f36e16377f566a0653b487afb0c9e2546504e61a0
scal__mixed_complex__CA-GAT-MAPPO__N10__seed3__ep04,zero_shot_team_size_stress,mixed_complex,CA-GAT-MAPPO,4,10,1,3,4,ON,90,33.2,34,0.368889,0.2302,0.705,1.8685,3.3633,1.8,2400,0.77,1,0,1,76.72,93.99,1.824,34.3336,0.6098,84.4,db73792d69e34f730009208f36e16377f566a0653b487afb0c9e2546504e61a0
scal__mixed_complex__CA-GAT-MAPPO__N10__seed3__ep05,zero_shot_team_size_stress,mixed_complex,CA-GAT-MAPPO,4,10,1,3,5,ON,90,43.7,44,0.485556,0.2233,0.6835,1.6249,2.9248,1.8,2400,0.77,0,1,1,81.85,100.26,1.859,33.8296,0.5741,90,db73792d69e34f730009208f36e16377f566a0653b487afb0c9e2546504e61a0
scal__mixed_complex__CA-GAT-MAPPO__N10__seed3__ep06,zero_shot_team_size_stress,mixed_complex,CA-GAT-MAPPO,4,10,1,3,6,ON,90,27.6,28,0.306667,0.2479,0.7114,1.7468,3.1442,1.8,2400,0.77,0,1,1,76.39,93.57,2.035,34.2285,0.57,84,db73792d69e34f730009208f36e16377f566a0653b487afb0c9e2546504e61a0
scal__mixed_complex__CA-GAT-MAPPO__N10__seed3__ep07,zero_shot_team_size_stress,mixed_complex,CA-GAT-MAPPO,4,10,1,3,7,ON,90,50.7,51,0.563333,0.2477,0.7016,1.7365,3.1257,1.8,2400,0.77,1,0,1,80.41,98.5,1.531,33.7108,0.6086,88.4,db73792d69e34f730009208f36e16377f566a0653b487afb0c9e2546504e61a0
scal__mixed_complex__CA-GAT-MAPPO__N10__seed3__ep08,zero_shot_team_size_stress,mixed_complex,CA-GAT-MAPPO,4,10,1,3,8,ON,90,51.7,52,0.574444,0.2295,0.6971,1.6421,2.9557,1.8,2400,0.77,1,0,1,77.51,94.95,2.303,33.1958,0.6054,85.3,db73792d69e34f730009208f36e16377f566a0653b487afb0c9e2546504e61a0
scal__mixed_complex__CA-GAT-MAPPO__N10__seed3__ep09,zero_shot_team_size_stress,mixed_complex,CA-GAT-MAPPO,4,10,1,3,9,ON,90,35.7,38,0.396667,0.2251,0.6911,1.6289,2.932,1.8,2400,0.77,1,0,1,79.42,97.29,1.555,32.9829,0.6242,87.4,db73792d69e34f730009208f36e16377f566a0653b487afb0c9e2546504e61a0
scal__mixed_complex__CA-GAT-MAPPO__N10__seed4__ep00,zero_shot_team_size_stress,mixed_complex,CA-GAT-MAPPO,4,10,1,4,0,ON,90,26.8,27,0.297778,0.2243,0.7163,1.7044,3.0679,1.8,2400,0.77,1,0,0,76.6,93.83,1.812,33.7348,0.7807,84.3,f5e210f1f3eada71e80dc9a96ddd0372317557285c215726f7fc87779a373c42
scal__mixed_complex__CA-GAT-MAPPO__N10__seed4__ep01,zero_shot_team_size_stress,mixed_complex,CA-GAT-MAPPO,4,10,1,4,1,ON,90,32.4,34,0.36,0.2409,0.6826,1.6964,3.0536,1.8,2400,0.77,1,0,0,79.04,96.82,1.92,33.0578,0.7905,86.9,f5e210f1f3eada71e80dc9a96ddd0372317557285c215726f7fc87779a373c42
scal__mixed_complex__CA-GAT-MAPPO__N10__seed4__ep02,zero_shot_team_size_stress,mixed_complex,CA-GAT-MAPPO,4,10,1,4,2,ON,90,42,42,0.466667,0.234,0.64,1.6615,2.9907,1.8,2400,0.77,1,0,1,81.22,99.5,1.961,34.8799,0.5772,89.3,f5e210f1f3eada71e80dc9a96ddd0372317557285c215726f7fc87779a373c42
scal__mixed_complex__CA-GAT-MAPPO__N10__seed4__ep03,zero_shot_team_size_stress,mixed_complex,CA-GAT-MAPPO,4,10,1,4,3,ON,90,43.2,44,0.48,0.2439,0.661,1.6115,2.9006,1.8,2400,0.77,1,0,0,72.08,88.3,2.199,34.394,0.7727,79.3,f5e210f1f3eada71e80dc9a96ddd0372317557285c215726f7fc87779a373c42
scal__mixed_complex__CA-GAT-MAPPO__N10__seed4__ep04,zero_shot_team_size_stress,mixed_complex,CA-GAT-MAPPO,4,10,1,4,4,ON,90,27.6,28,0.306667,0.2268,0.7143,1.6479,2.9662,1.8,2400,0.77,1,0,0,82.97,101.64,1.714,34.0525,0.7868,91.3,f5e210f1f3eada71e80dc9a96ddd0372317557285c215726f7fc87779a373c42
scal__mixed_complex__CA-GAT-MAPPO__N10__seed4__ep05,zero_shot_team_size_stress,mixed_complex,CA-GAT-MAPPO,4,10,1,4,5,ON,90,50.4,53,0.56,0.2436,0.7137,1.7883,3.2189,1.8,2400,0.77,1,0,0,75.58,92.59,2.252,35.1187,0.7957,83.1,f5e210f1f3eada71e80dc9a96ddd0372317557285c215726f7fc87779a373c42
scal__mixed_complex__CA-GAT-MAPPO__N10__seed4__ep06,zero_shot_team_size_stress,mixed_complex,CA-GAT-MAPPO,4,10,1,4,6,ON,90,39.6,40,0.44,0.2382,0.707,1.6165,2.9097,1.8,2400,0.77,1,0,0,76.1,93.22,2.517,33.3338,0.7925,83.7,f5e210f1f3eada71e80dc9a96ddd0372317557285c215726f7fc87779a373c42
scal__mixed_complex__CA-GAT-MAPPO__N10__seed4__ep07,zero_shot_team_size_stress,mixed_complex,CA-GAT-MAPPO,4,10,1,4,7,ON,90,43.2,44,0.48,0.2371,0.7054,1.6551,2.9791,1.8,2400,0.77,1,0,0,79.67,97.6,2.258,34.856,0.7916,87.6,f5e210f1f3eada71e80dc9a96ddd0372317557285c215726f7fc87779a373c42
scal__mixed_complex__CA-GAT-MAPPO__N10__seed4__ep08,zero_shot_team_size_stress,mixed_complex,CA-GAT-MAPPO,4,10,1,4,8,ON,90,41.1,42,0.456667,0.2393,0.6613,1.7857,3.2143,1.8,2400,0.77,1,0,0,83.75,102.6,2.194,33.3025,0.7833,92.1,f5e210f1f3eada71e80dc9a96ddd0372317557285c215726f7fc87779a373c42
scal__mixed_complex__CA-GAT-MAPPO__N10__seed4__ep09,zero_shot_team_size_stress,mixed_complex,CA-GAT-MAPPO,4,10,1,4,9,ON,90,48.5,50,0.538889,0.2344,0.6715,1.7467,3.1441,1.8,2400,0.77,1,0,0,82.82,101.45,1.842,33.3559,0.8031,91.1,f5e210f1f3eada71e80dc9a96ddd0372317557285c215726f7fc87779a373c42
scal__mixed_complex__CA-GAT-MAPPO__N10__seed5__ep00,zero_shot_team_size_stress,mixed_complex,CA-GAT-MAPPO,4,10,1,5,0,ON,90,30.7,32,0.341111,0.2283,0.7098,1.6535,2.9764,1.8,2400,0.77,1,0,0,75.92,93.01,1.935,34.5444,0.779,83.5,da29fb12dd230cb7a8ee1e88c60ca8b2d6077612165ed390a9456fb3ca05bd64
scal__mixed_complex__CA-GAT-MAPPO__N10__seed5__ep01,zero_shot_team_size_stress,mixed_complex,CA-GAT-MAPPO,4,10,1,5,1,ON,90,39,39,0.433333,0.2304,0.6824,1.8847,3.3925,1.8,2400,0.77,1,0,0,83.74,102.58,2.504,33.7251,0.7774,92.1,da29fb12dd230cb7a8ee1e88c60ca8b2d6077612165ed390a9456fb3ca05bd64
scal__mixed_complex__CA-GAT-MAPPO__N10__seed5__ep02,zero_shot_team_size_stress,mixed_complex,CA-GAT-MAPPO,4,10,1,5,2,ON,90,29.2,30,0.324444,0.2213,0.6514,1.6649,2.9968,1.8,2400,0.77,1,0,0,77.09,94.43,1.607,34.2224,0.8068,84.8,da29fb12dd230cb7a8ee1e88c60ca8b2d6077612165ed390a9456fb3ca05bd64
scal__mixed_complex__CA-GAT-MAPPO__N10__seed5__ep03,zero_shot_team_size_stress,mixed_complex,CA-GAT-MAPPO,4,10,1,5,3,ON,90,48.4,49,0.537778,0.2373,0.6717,1.7171,3.0909,1.8,2400,0.77,1,0,1,77.65,95.12,1.463,33.09,0.6183,85.4,da29fb12dd230cb7a8ee1e88c60ca8b2d6077612165ed390a9456fb3ca05bd64
scal__mixed_complex__CA-GAT-MAPPO__N10__seed5__ep04,zero_shot_team_size_stress,mixed_complex,CA-GAT-MAPPO,4,10,1,5,4,ON,90,50,51,0.555556,0.2406,0.6983,1.6124,2.9024,1.8,2400,0.77,1,0,0,76.61,93.84,2.186,34.3715,0.789,84.3,da29fb12dd230cb7a8ee1e88c60ca8b2d6077612165ed390a9456fb3ca05bd64
scal__mixed_complex__CA-GAT-MAPPO__N10__seed5__ep05,zero_shot_team_size_stress,mixed_complex,CA-GAT-MAPPO,4,10,1,5,5,ON,90,34.3,36,0.381111,0.239,0.7138,1.6285,2.9313,1.8,2400,0.77,1,0,0,72.65,88.99,2.205,34.279,0.8089,79.9,da29fb12dd230cb7a8ee1e88c60ca8b2d6077612165ed390a9456fb3ca05bd64
scal__mixed_complex__CA-GAT-MAPPO__N10__seed5__ep06,zero_shot_team_size_stress,mixed_complex,CA-GAT-MAPPO,4,10,1,5,6,ON,90,34.2,35,0.38,0.2269,0.6652,1.6936,3.0484,1.8,2400,0.77,1,0,0,72.02,88.22,2.472,34.0549,0.7944,79.2,da29fb12dd230cb7a8ee1e88c60ca8b2d6077612165ed390a9456fb3ca05bd64
scal__mixed_complex__CA-GAT-MAPPO__N10__seed5__ep07,zero_shot_team_size_stress,mixed_complex,CA-GAT-MAPPO,4,10,1,5,7,ON,90,47.2,50,0.524444,0.2287,0.6927,1.65,2.9701,1.8,2400,0.77,1,0,0,78.71,96.42,1.458,33.8162,0.7982,86.6,da29fb12dd230cb7a8ee1e88c60ca8b2d6077612165ed390a9456fb3ca05bd64
scal__mixed_complex__CA-GAT-MAPPO__N10__seed5__ep08,zero_shot_team_size_stress,mixed_complex,CA-GAT-MAPPO,4,10,1,5,8,ON,90,26.9,29,0.298889,0.224,0.6676,1.6937,3.0487,1.8,2400,0.77,1,0,0,83.08,101.77,2.194,34.273,0.7797,91.4,da29fb12dd230cb7a8ee1e88c60ca8b2d6077612165ed390a9456fb3ca05bd64
scal__mixed_complex__CA-GAT-MAPPO__N10__seed5__ep09,zero_shot_team_size_stress,mixed_complex,CA-GAT-MAPPO,4,10,1,5,9,ON,90,52.3,54,0.581111,0.2369,0.6743,1.7542,3.1576,1.8,2400,0.77,1,0,0,83.15,101.86,2.372,34.1472,0.7909,91.5,da29fb12dd230cb7a8ee1e88c60ca8b2d6077612165ed390a9456fb3ca05bd64
scal__mixed_complex__CA-GAT-MAPPO__N10__seed6__ep00,zero_shot_team_size_stress,mixed_complex,CA-GAT-MAPPO,4,10,1,6,0,ON,90,36.4,37,0.404444,0.2216,0.6953,1.7058,3.0704,1.8,2400,0.77,0,1,1,82.31,100.83,2.269,33.5428,0.5927,90.5,ed09582cb314a7d6fb62a2969e8ec146c4ad5a35bbded88314c57cd591ec5719
scal__mixed_complex__CA-GAT-MAPPO__N10__seed6__ep01,zero_shot_team_size_stress,mixed_complex,CA-GAT-MAPPO,4,10,1,6,1,ON,90,51.1,53,0.567778,0.2429,0.7172,1.7116,3.081,1.8,2400,0.77,1,0,0,83.31,102.05,2.408,33.9221,0.7876,91.6,ed09582cb314a7d6fb62a2969e8ec146c4ad5a35bbded88314c57cd591ec5719
scal__mixed_complex__CA-GAT-MAPPO__N10__seed6__ep02,zero_shot_team_size_stress,mixed_complex,CA-GAT-MAPPO,4,10,1,6,2,ON,90,38.3,39,0.425556,0.2269,0.7054,1.672,3.0095,1.8,2400,0.77,1,0,0,72.72,89.08,1.574,34.9725,0.784,80,ed09582cb314a7d6fb62a2969e8ec146c4ad5a35bbded88314c57cd591ec5719
scal__mixed_complex__CA-GAT-MAPPO__N10__seed6__ep03,zero_shot_team_size_stress,mixed_complex,CA-GAT-MAPPO,4,10,1,6,3,ON,90,41.5,42,0.461111,0.2405,0.655,1.7409,3.1336,1.8,2400,0.77,1,0,0,74.08,90.75,1.78,34.6031,0.7861,81.5,ed09582cb314a7d6fb62a2969e8ec146c4ad5a35bbded88314c57cd591ec5719
scal__mixed_complex__CA-GAT-MAPPO__N10__seed6__ep04,zero_shot_team_size_stress,mixed_complex,CA-GAT-MAPPO,4,10,1,6,4,ON,90,29.5,30,0.327778,0.241,0.6643,1.8202,3.2764,1.8,2400,0.77,1,0,0,71.85,88.02,1.788,34.7463,0.8007,79,ed09582cb314a7d6fb62a2969e8ec146c4ad5a35bbded88314c57cd591ec5719
scal__mixed_complex__CA-GAT-MAPPO__N10__seed6__ep05,zero_shot_team_size_stress,mixed_complex,CA-GAT-MAPPO,4,10,1,6,5,ON,90,35.9,37,0.398889,0.2279,0.7035,1.7832,3.2098,1.8,2400,0.77,1,0,0,75.81,92.86,2.426,34.1584,0.7916,83.4,ed09582cb314a7d6fb62a2969e8ec146c4ad5a35bbded88314c57cd591ec5719
scal__mixed_complex__CA-GAT-MAPPO__N10__seed6__ep06,zero_shot_team_size_stress,mixed_complex,CA-GAT-MAPPO,4,10,1,6,6,ON,90,42.5,43,0.472222,0.2492,0.7153,1.8962,3.4132,1.8,2400,0.77,1,0,0,73.87,90.49,2.141,33.2837,0.7939,81.3,ed09582cb314a7d6fb62a2969e8ec146c4ad5a35bbded88314c57cd591ec5719
scal__mixed_complex__CA-GAT-MAPPO__N10__seed6__ep07,zero_shot_team_size_stress,mixed_complex,CA-GAT-MAPPO,4,10,1,6,7,ON,90,27.8,28,0.308889,0.2252,0.6629,1.8614,3.3505,1.8,2400,0.77,1,0,0,79.95,97.94,2.093,32.9655,0.784,87.9,ed09582cb314a7d6fb62a2969e8ec146c4ad5a35bbded88314c57cd591ec5719
scal__mixed_complex__CA-GAT-MAPPO__N10__seed6__ep08,zero_shot_team_size_stress,mixed_complex,CA-GAT-MAPPO,4,10,1,6,8,ON,90,35.7,37,0.396667,0.2291,0.6911,1.6003,2.8806,1.8,2400,0.77,1,0,0,74.17,90.86,1.944,34.674,0.7793,81.6,ed09582cb314a7d6fb62a2969e8ec146c4ad5a35bbded88314c57cd591ec5719
scal__mixed_complex__CA-GAT-MAPPO__N10__seed6__ep09,zero_shot_team_size_stress,mixed_complex,CA-GAT-MAPPO,4,10,1,6,9,ON,90,52.9,55,0.587778,0.2367,0.6931,1.8981,3.4165,1.8,2400,0.77,1,0,0,73.95,90.59,1.682,33.7039,0.7956,81.3,ed09582cb314a7d6fb62a2969e8ec146c4ad5a35bbded88314c57cd591ec5719
scal__mixed_complex__CA-GAT-MAPPO__N10__seed7__ep00,zero_shot_team_size_stress,mixed_complex,CA-GAT-MAPPO,4,10,1,7,0,ON,90,30.5,32,0.338889,0.2427,0.6443,1.7485,3.1474,1.8,2400,0.77,1,0,0,74.17,90.86,1.733,34.5056,0.791,81.6,7aecf6a7e53711d5a0f1473913406cc645bbc0aa42ebc65a753ac1a5648703b0
scal__mixed_complex__CA-GAT-MAPPO__N10__seed7__ep01,zero_shot_team_size_stress,mixed_complex,CA-GAT-MAPPO,4,10,1,7,1,ON,90,52.4,54,0.582222,0.2291,0.6506,1.6568,2.9823,1.8,2400,0.77,1,0,1,72.52,88.83,1.67,34.0508,0.6163,79.8,7aecf6a7e53711d5a0f1473913406cc645bbc0aa42ebc65a753ac1a5648703b0
scal__mixed_complex__CA-GAT-MAPPO__N10__seed7__ep02,zero_shot_team_size_stress,mixed_complex,CA-GAT-MAPPO,4,10,1,7,2,ON,90,49.5,51,0.55,0.2232,0.7082,1.7236,3.1025,1.8,2400,0.77,1,0,0,76.68,93.93,2.541,34.0628,0.7825,84.3,7aecf6a7e53711d5a0f1473913406cc645bbc0aa42ebc65a753ac1a5648703b0
scal__mixed_complex__CA-GAT-MAPPO__N10__seed7__ep03,zero_shot_team_size_stress,mixed_complex,CA-GAT-MAPPO,4,10,1,7,3,ON,90,31.2,32,0.346667,0.2396,0.6648,1.7881,3.2186,1.8,2400,0.77,1,0,0,74.5,91.26,2.452,33.6037,0.7864,81.9,7aecf6a7e53711d5a0f1473913406cc645bbc0aa42ebc65a753ac1a5648703b0
scal__mixed_complex__CA-GAT-MAPPO__N10__seed7__ep04,zero_shot_team_size_stress,mixed_complex,CA-GAT-MAPPO,4,10,1,7,4,ON,90,26.4,29,0.293333,0.2282,0.6457,1.6528,2.975,1.8,2400,0.77,1,0,0,74.41,91.15,2.474,33.8597,0.7876,81.8,7aecf6a7e53711d5a0f1473913406cc645bbc0aa42ebc65a753ac1a5648703b0
scal__mixed_complex__CA-GAT-MAPPO__N10__seed7__ep05,zero_shot_team_size_stress,mixed_complex,CA-GAT-MAPPO,4,10,1,7,5,ON,90,53.3,54,0.592222,0.2455,0.7155,1.8425,3.3165,1.8,2400,0.77,0,1,1,76.19,93.34,1.704,34.5495,0.5941,83.8,7aecf6a7e53711d5a0f1473913406cc645bbc0aa42ebc65a753ac1a5648703b0
scal__mixed_complex__CA-GAT-MAPPO__N10__seed7__ep06,zero_shot_team_size_stress,mixed_complex,CA-GAT-MAPPO,4,10,1,7,6,ON,90,31.4,32,0.348889,0.2287,0.7118,1.8493,3.3288,1.8,2400,0.77,1,0,0,77.07,94.41,1.706,34.001,0.7734,84.8,7aecf6a7e53711d5a0f1473913406cc645bbc0aa42ebc65a753ac1a5648703b0
scal__mixed_complex__CA-GAT-MAPPO__N10__seed7__ep07,zero_shot_team_size_stress,mixed_complex,CA-GAT-MAPPO,4,10,1,7,7,ON,90,30.2,31,0.335556,0.248,0.6999,1.8753,3.3755,1.8,2400,0.77,1,0,0,80.58,98.71,2.125,35.5333,0.7705,88.6,7aecf6a7e53711d5a0f1473913406cc645bbc0aa42ebc65a753ac1a5648703b0
scal__mixed_complex__CA-GAT-MAPPO__N10__seed7__ep08,zero_shot_team_size_stress,mixed_complex,CA-GAT-MAPPO,4,10,1,7,8,ON,90,51.8,53,0.575556,0.233,0.6849,1.8752,3.3754,1.8,2400,0.77,1,0,1,71.05,87.04,2.465,35.3025,0.5926,78.2,7aecf6a7e53711d5a0f1473913406cc645bbc0aa42ebc65a753ac1a5648703b0
scal__mixed_complex__CA-GAT-MAPPO__N10__seed7__ep09,zero_shot_team_size_stress,mixed_complex,CA-GAT-MAPPO,4,10,1,7,9,ON,90,33.1,35,0.367778,0.2341,0.6811,1.8636,3.3545,1.8,2400,0.77,1,0,0,78.99,96.76,1.627,33.8087,0.7656,86.9,7aecf6a7e53711d5a0f1473913406cc645bbc0aa42ebc65a753ac1a5648703b0
scal__mixed_complex__Fully-connected_GAT__N4__seed0__ep00,zero_shot_team_size_stress,mixed_complex,Fully-connected GAT,4,4,1,0,0,ON,12,12,12,1,0.0826,0.2279,0.9332,1.6797,1.2,1200,0.95,1,0,0,52.24,60.08,1.333,20.7984,0.8512,57.5,6907d5427709b680225b175e83d5104612d6abe26c3a731ed19a925da7c082a2
scal__mixed_complex__Fully-connected_GAT__N4__seed0__ep01,zero_shot_team_size_stress,mixed_complex,Fully-connected GAT,4,4,1,0,1,ON,12,12,12,1,0.0927,0.2705,0.8451,1.5211,1.2,1200,0.95,1,0,0,49.58,57.02,0.733,21.3795,0.8542,54.5,6907d5427709b680225b175e83d5104612d6abe26c3a731ed19a925da7c082a2
scal__mixed_complex__Fully-connected_GAT__N4__seed0__ep02,zero_shot_team_size_stress,mixed_complex,Fully-connected GAT,4,4,1,0,2,ON,12,12,12,1,0.0858,0.2478,0.9684,1.7431,1.2,1200,0.95,1,0,0,45.25,52.03,0.742,21.4139,0.8334,49.8,6907d5427709b680225b175e83d5104612d6abe26c3a731ed19a925da7c082a2
scal__mixed_complex__Fully-connected_GAT__N4__seed0__ep03,zero_shot_team_size_stress,mixed_complex,Fully-connected GAT,4,4,1,0,3,ON,12,12,12,1,0.0729,0.2333,0.7733,1.3919,1.2,1200,0.95,1,0,0,49.05,56.41,1.2,21.7393,0.8449,54,6907d5427709b680225b175e83d5104612d6abe26c3a731ed19a925da7c082a2
scal__mixed_complex__Fully-connected_GAT__N4__seed0__ep04,zero_shot_team_size_stress,mixed_complex,Fully-connected GAT,4,4,1,0,4,ON,12,12,12,1,0.0798,0.2242,0.8206,1.4771,1.2,1200,0.95,1,0,0,54.39,62.55,0.84,21.6988,0.8392,59.8,6907d5427709b680225b175e83d5104612d6abe26c3a731ed19a925da7c082a2
scal__mixed_complex__Fully-connected_GAT__N4__seed0__ep05,zero_shot_team_size_stress,mixed_complex,Fully-connected GAT,4,4,1,0,5,ON,12,12,12,1,0.0747,0.2319,0.8973,1.6152,1.2,1200,0.95,1,0,0,52.17,59.99,1.043,21.4385,0.859,57.4,6907d5427709b680225b175e83d5104612d6abe26c3a731ed19a925da7c082a2
scal__mixed_complex__Fully-connected_GAT__N4__seed0__ep06,zero_shot_team_size_stress,mixed_complex,Fully-connected GAT,4,4,1,0,6,ON,12,12,12,1,0.0979,0.2958,0.7619,1.3714,1.2,1200,0.95,1,0,0,51.22,58.9,1.318,21.6923,0.85,56.3,6907d5427709b680225b175e83d5104612d6abe26c3a731ed19a925da7c082a2
scal__mixed_complex__Fully-connected_GAT__N4__seed0__ep07,zero_shot_team_size_stress,mixed_complex,Fully-connected GAT,4,4,1,0,7,ON,12,12,12,1,0.0829,0.262,0.8936,1.6084,1.2,1200,0.95,1,0,0,51.01,58.66,0.445,21.4262,0.8412,56.1,6907d5427709b680225b175e83d5104612d6abe26c3a731ed19a925da7c082a2
scal__mixed_complex__Fully-connected_GAT__N4__seed0__ep08,zero_shot_team_size_stress,mixed_complex,Fully-connected GAT,4,4,1,0,8,ON,12,12,12,1,0.0798,0.2485,0.8618,1.5513,1.2,1200,0.95,1,0,0,48.03,55.23,0.904,22.4603,0.8323,52.8,6907d5427709b680225b175e83d5104612d6abe26c3a731ed19a925da7c082a2
scal__mixed_complex__Fully-connected_GAT__N4__seed0__ep09,zero_shot_team_size_stress,mixed_complex,Fully-connected GAT,4,4,1,0,9,ON,12,12,12,1,0.0858,0.2288,0.732,1.3176,1.2,1200,0.95,1,0,0,50.4,57.96,1.464,21.9434,0.8465,55.4,6907d5427709b680225b175e83d5104612d6abe26c3a731ed19a925da7c082a2
scal__mixed_complex__Fully-connected_GAT__N4__seed1__ep00,zero_shot_team_size_stress,mixed_complex,Fully-connected GAT,4,4,1,1,0,ON,12,12,12,1,0.095,0.299,0.7192,1.2945,1.2,1200,0.95,1,0,0,54,62.1,1.085,22.5126,0.8405,59.4,625b60761c892177f8c0f5a45ae622a2f181d33a2f58e8256c5d27d26cdaba14
scal__mixed_complex__Fully-connected_GAT__N4__seed1__ep01,zero_shot_team_size_stress,mixed_complex,Fully-connected GAT,4,4,1,1,1,ON,12,12,12,1,0.0727,0.2647,0.9187,1.6537,1.2,1200,0.95,1,0,0,43.08,49.55,0.8,21.612,0.8473,47.4,625b60761c892177f8c0f5a45ae622a2f181d33a2f58e8256c5d27d26cdaba14
scal__mixed_complex__Fully-connected_GAT__N4__seed1__ep02,zero_shot_team_size_stress,mixed_complex,Fully-connected GAT,4,4,1,1,2,ON,12,12,12,1,0.0734,0.2631,0.9677,1.7418,1.2,1200,0.95,1,0,0,43.44,49.96,0.856,21.6269,0.846,47.8,625b60761c892177f8c0f5a45ae622a2f181d33a2f58e8256c5d27d26cdaba14
scal__mixed_complex__Fully-connected_GAT__N4__seed1__ep03,zero_shot_team_size_stress,mixed_complex,Fully-connected GAT,4,4,1,1,3,ON,12,12,12,1,0.0889,0.2293,0.9204,1.6568,1.2,1200,0.95,1,0,0,44.58,51.26,0.851,20.7921,0.8401,49,625b60761c892177f8c0f5a45ae622a2f181d33a2f58e8256c5d27d26cdaba14
scal__mixed_complex__Fully-connected_GAT__N4__seed1__ep04,zero_shot_team_size_stress,mixed_complex,Fully-connected GAT,4,4,1,1,4,ON,12,12,12,1,0.0846,0.2587,0.7668,1.3803,1.2,1200,0.95,1,0,0,50.01,57.51,1.488,21.897,0.8564,55,625b60761c892177f8c0f5a45ae622a2f181d33a2f58e8256c5d27d26cdaba14
scal__mixed_complex__Fully-connected_GAT__N4__seed1__ep05,zero_shot_team_size_stress,mixed_complex,Fully-connected GAT,4,4,1,1,5,ON,12,12,12,1,0.0759,0.2781,0.8111,1.46,1.2,1200,0.95,1,0,0,50.97,58.61,1.425,21.5883,0.8605,56.1,625b60761c892177f8c0f5a45ae622a2f181d33a2f58e8256c5d27d26cdaba14
scal__mixed_complex__Fully-connected_GAT__N4__seed1__ep06,zero_shot_team_size_stress,mixed_complex,Fully-connected GAT,4,4,1,1,6,ON,12,12,12,1,0.0946,0.2401,0.9517,1.7131,1.2,1200,0.95,1,0,0,43.77,50.33,0.775,21.7127,0.8259,48.1,625b60761c892177f8c0f5a45ae622a2f181d33a2f58e8256c5d27d26cdaba14
scal__mixed_complex__Fully-connected_GAT__N4__seed1__ep07,zero_shot_team_size_stress,mixed_complex,Fully-connected GAT,4,4,1,1,7,ON,12,12,12,1,0.0716,0.2539,0.8425,1.5165,1.2,1200,0.95,1,0,0,54.36,62.51,0.989,21.4478,0.8536,59.8,625b60761c892177f8c0f5a45ae622a2f181d33a2f58e8256c5d27d26cdaba14
scal__mixed_complex__Fully-connected_GAT__N4__seed1__ep08,zero_shot_team_size_stress,mixed_complex,Fully-connected GAT,4,4,1,1,8,ON,12,12,12,1,0.092,0.2607,0.8527,1.5349,1.2,1200,0.95,1,0,0,54.74,62.95,1.4,22.4491,0.8631,60.2,625b60761c892177f8c0f5a45ae622a2f181d33a2f58e8256c5d27d26cdaba14
scal__mixed_complex__Fully-connected_GAT__N4__seed1__ep09,zero_shot_team_size_stress,mixed_complex,Fully-connected GAT,4,4,1,1,9,ON,12,12,12,1,0.0959,0.2491,0.9513,1.7124,1.2,1200,0.95,1,0,0,45.82,52.69,0.795,21.7076,0.837,50.4,625b60761c892177f8c0f5a45ae622a2f181d33a2f58e8256c5d27d26cdaba14
scal__mixed_complex__Fully-connected_GAT__N4__seed2__ep00,zero_shot_team_size_stress,mixed_complex,Fully-connected GAT,4,4,1,2,0,ON,12,12,12,1,0.0834,0.291,0.7714,1.3886,1.2,1200,0.95,1,0,0,49.05,56.41,1.234,21.5026,0.8406,54,5f471704c6d7db5093ce364f8b7a758649dc879676dad4f4a3b236be7b09a0a7
scal__mixed_complex__Fully-connected_GAT__N4__seed2__ep01,zero_shot_team_size_stress,mixed_complex,Fully-connected GAT,4,4,1,2,1,ON,12,12,12,1,0.0952,0.2466,0.8747,1.5744,1.2,1200,0.95,1,0,0,50.54,58.13,0.882,21.9193,0.8417,55.6,5f471704c6d7db5093ce364f8b7a758649dc879676dad4f4a3b236be7b09a0a7
scal__mixed_complex__Fully-connected_GAT__N4__seed2__ep02,zero_shot_team_size_stress,mixed_complex,Fully-connected GAT,4,4,1,2,2,ON,12,12,12,1,0.0872,0.2866,0.7901,1.4221,1.2,1200,0.95,1,0,0,43.57,50.11,1.38,21.1637,0.8442,47.9,5f471704c6d7db5093ce364f8b7a758649dc879676dad4f4a3b236be7b09a0a7
scal__mixed_complex__Fully-connected_GAT__N4__seed2__ep03,zero_shot_team_size_stress,mixed_complex,Fully-connected GAT,4,4,1,2,3,ON,12,12,12,1,0.0711,0.2581,0.9542,1.7176,1.2,1200,0.95,1,0,0,48.71,56.02,1.085,21.5316,0.8525,53.6,5f471704c6d7db5093ce364f8b7a758649dc879676dad4f4a3b236be7b09a0a7
scal__mixed_complex__Fully-connected_GAT__N4__seed2__ep04,zero_shot_team_size_stress,mixed_complex,Fully-connected GAT,4,4,1,2,4,ON,12,12,12,1,0.0941,0.2254,0.7984,1.4371,1.2,1200,0.95,1,0,0,46.07,52.98,0.905,21.2308,0.8457,50.7,5f471704c6d7db5093ce364f8b7a758649dc879676dad4f4a3b236be7b09a0a7
scal__mixed_complex__Fully-connected_GAT__N4__seed2__ep05,zero_shot_team_size_stress,mixed_complex,Fully-connected GAT,4,4,1,2,5,ON,12,12,12,1,0.0932,0.272,0.8675,1.5616,1.2,1200,0.95,1,0,0,54.47,62.64,0.402,21.4849,0.8449,59.9,5f471704c6d7db5093ce364f8b7a758649dc879676dad4f4a3b236be7b09a0a7
scal__mixed_complex__Fully-connected_GAT__N4__seed2__ep06,zero_shot_team_size_stress,mixed_complex,Fully-connected GAT,4,4,1,2,6,ON,12,12,12,1,0.0901,0.2529,0.9332,1.6798,1.2,1200,0.95,1,0,0,43.49,50.01,0.478,21.1541,0.8536,47.8,5f471704c6d7db5093ce364f8b7a758649dc879676dad4f4a3b236be7b09a0a7
scal__mixed_complex__Fully-connected_GAT__N4__seed2__ep07,zero_shot_team_size_stress,mixed_complex,Fully-connected GAT,4,4,1,2,7,ON,12,12,12,1,0.0979,0.2841,0.7207,1.2972,1.2,1200,0.95,1,0,0,43.99,50.59,0.963,21.242,0.8539,48.4,5f471704c6d7db5093ce364f8b7a758649dc879676dad4f4a3b236be7b09a0a7
scal__mixed_complex__Fully-connected_GAT__N4__seed2__ep08,zero_shot_team_size_stress,mixed_complex,Fully-connected GAT,4,4,1,2,8,ON,12,12,12,1,0.0926,0.2822,0.8278,1.49,1.2,1200,0.95,1,0,0,44.61,51.3,0.44,20.838,0.8566,49.1,5f471704c6d7db5093ce364f8b7a758649dc879676dad4f4a3b236be7b09a0a7
scal__mixed_complex__Fully-connected_GAT__N4__seed2__ep09,zero_shot_team_size_stress,mixed_complex,Fully-connected GAT,4,4,1,2,9,ON,12,12,12,1,0.0783,0.2301,0.7027,1.2649,1.2,1200,0.95,1,0,0,47.42,54.53,0.567,21.4638,0.8504,52.2,5f471704c6d7db5093ce364f8b7a758649dc879676dad4f4a3b236be7b09a0a7
scal__mixed_complex__Fully-connected_GAT__N4__seed3__ep00,zero_shot_team_size_stress,mixed_complex,Fully-connected GAT,4,4,1,3,0,ON,12,12,12,1,0.0821,0.2563,0.7749,1.3949,1.2,1200,0.95,1,0,0,50.52,58.1,0.971,20.4366,0.844,55.6,a0b34284160998f6a6bfba14d60632f2538fa929bca26bc3fa42002ddc241103
scal__mixed_complex__Fully-connected_GAT__N4__seed3__ep01,zero_shot_team_size_stress,mixed_complex,Fully-connected GAT,4,4,1,3,1,ON,12,12,12,1,0.0811,0.2721,0.7846,1.4123,1.2,1200,0.95,1,0,0,45.18,51.96,0.888,21.51,0.8536,49.7,a0b34284160998f6a6bfba14d60632f2538fa929bca26bc3fa42002ddc241103
scal__mixed_complex__Fully-connected_GAT__N4__seed3__ep02,zero_shot_team_size_stress,mixed_complex,Fully-connected GAT,4,4,1,3,2,ON,12,12,12,1,0.0717,0.2512,0.9974,1.7953,1.2,1200,0.95,1,0,0,55.54,63.87,0.966,21.1371,0.8535,61.1,a0b34284160998f6a6bfba14d60632f2538fa929bca26bc3fa42002ddc241103
scal__mixed_complex__Fully-connected_GAT__N4__seed3__ep03,zero_shot_team_size_stress,mixed_complex,Fully-connected GAT,4,4,1,3,3,ON,12,12,12,1,0.0718,0.2411,0.9723,1.7502,1.2,1200,0.95,1,0,0,48.58,55.87,1.358,21.9174,0.8465,53.4,a0b34284160998f6a6bfba14d60632f2538fa929bca26bc3fa42002ddc241103
scal__mixed_complex__Fully-connected_GAT__N4__seed3__ep04,zero_shot_team_size_stress,mixed_complex,Fully-connected GAT,4,4,1,3,4,ON,12,12,12,1,0.0989,0.2528,0.9734,1.7521,1.2,1200,0.95,1,0,0,52.87,60.8,0.868,20.9676,0.822,58.2,a0b34284160998f6a6bfba14d60632f2538fa929bca26bc3fa42002ddc241103
scal__mixed_complex__Fully-connected_GAT__N4__seed3__ep05,zero_shot_team_size_stress,mixed_complex,Fully-connected GAT,4,4,1,3,5,ON,12,12,12,1,0.0841,0.2599,0.737,1.3267,1.2,1200,0.95,1,0,0,48.15,55.37,1.209,22.1366,0.8278,53,a0b34284160998f6a6bfba14d60632f2538fa929bca26bc3fa42002ddc241103
scal__mixed_complex__Fully-connected_GAT__N4__seed3__ep06,zero_shot_team_size_stress,mixed_complex,Fully-connected GAT,4,4,1,3,6,ON,12,12,12,1,0.0981,0.2597,0.867,1.5606,1.2,1200,0.95,1,0,0,49.64,57.08,1.446,21.7672,0.8409,54.6,a0b34284160998f6a6bfba14d60632f2538fa929bca26bc3fa42002ddc241103
scal__mixed_complex__Fully-connected_GAT__N4__seed3__ep07,zero_shot_team_size_stress,mixed_complex,Fully-connected GAT,4,4,1,3,7,ON,12,12,12,1,0.0744,0.2819,0.9724,1.7502,1.2,1200,0.95,1,0,0,46.03,52.93,0.797,21.1083,0.8301,50.6,a0b34284160998f6a6bfba14d60632f2538fa929bca26bc3fa42002ddc241103
scal__mixed_complex__Fully-connected_GAT__N4__seed3__ep08,zero_shot_team_size_stress,mixed_complex,Fully-connected GAT,4,4,1,3,8,ON,12,12,12,1,0.0943,0.2818,0.7571,1.3628,1.2,1200,0.95,1,0,0,48.58,55.87,0.501,21.0269,0.8315,53.4,a0b34284160998f6a6bfba14d60632f2538fa929bca26bc3fa42002ddc241103
scal__mixed_complex__Fully-connected_GAT__N4__seed3__ep09,zero_shot_team_size_stress,mixed_complex,Fully-connected GAT,4,4,1,3,9,ON,12,12,12,1,0.0917,0.2299,0.9008,1.6214,1.2,1200,0.95,1,0,0,51.52,59.25,1.376,21.4555,0.8477,56.7,a0b34284160998f6a6bfba14d60632f2538fa929bca26bc3fa42002ddc241103
scal__mixed_complex__Fully-connected_GAT__N4__seed4__ep00,zero_shot_team_size_stress,mixed_complex,Fully-connected GAT,4,4,1,4,0,ON,12,12,12,1,0.0827,0.2954,0.8838,1.5908,1.2,1200,0.95,1,0,0,48.83,56.15,1.185,21.8279,0.8378,53.7,2e36d3eee72b97f47984be496cf1d347d825ffe26b59cfd86407a475fd71af1c
scal__mixed_complex__Fully-connected_GAT__N4__seed4__ep01,zero_shot_team_size_stress,mixed_complex,Fully-connected GAT,4,4,1,4,1,ON,12,12,12,1,0.0895,0.2796,0.755,1.3591,1.2,1200,0.95,1,0,0,54.95,63.19,0.459,21.9099,0.8432,60.4,2e36d3eee72b97f47984be496cf1d347d825ffe26b59cfd86407a475fd71af1c
scal__mixed_complex__Fully-connected_GAT__N4__seed4__ep02,zero_shot_team_size_stress,mixed_complex,Fully-connected GAT,4,4,1,4,2,ON,12,12,12,1,0.0712,0.2258,0.9148,1.6467,1.2,1200,0.95,1,0,0,49.67,57.12,0.532,21.8643,0.8388,54.6,2e36d3eee72b97f47984be496cf1d347d825ffe26b59cfd86407a475fd71af1c
scal__mixed_complex__Fully-connected_GAT__N4__seed4__ep03,zero_shot_team_size_stress,mixed_complex,Fully-connected GAT,4,4,1,4,3,ON,12,12,12,1,0.0841,0.2668,0.9439,1.699,1.2,1200,0.95,1,0,0,44.2,50.83,1.02,21.9329,0.837,48.6,2e36d3eee72b97f47984be496cf1d347d825ffe26b59cfd86407a475fd71af1c
scal__mixed_complex__Fully-connected_GAT__N4__seed4__ep04,zero_shot_team_size_stress,mixed_complex,Fully-connected GAT,4,4,1,4,4,ON,12,12,12,1,0.0711,0.2615,0.75,1.3499,1.2,1200,0.95,1,0,0,44.97,51.72,0.918,21.0234,0.8666,49.5,2e36d3eee72b97f47984be496cf1d347d825ffe26b59cfd86407a475fd71af1c
scal__mixed_complex__Fully-connected_GAT__N4__seed4__ep05,zero_shot_team_size_stress,mixed_complex,Fully-connected GAT,4,4,1,4,5,ON,12,12,12,1,0.095,0.2355,0.7611,1.37,1.2,1200,0.95,1,0,0,44.59,51.28,0.781,21.1914,0.8382,49,2e36d3eee72b97f47984be496cf1d347d825ffe26b59cfd86407a475fd71af1c
scal__mixed_complex__Fully-connected_GAT__N4__seed4__ep06,zero_shot_team_size_stress,mixed_complex,Fully-connected GAT,4,4,1,4,6,ON,12,12,12,1,0.0905,0.2311,0.7281,1.3105,1.2,1200,0.95,1,0,0,49.25,56.63,1.357,21.505,0.8409,54.2,2e36d3eee72b97f47984be496cf1d347d825ffe26b59cfd86407a475fd71af1c
scal__mixed_complex__Fully-connected_GAT__N4__seed4__ep07,zero_shot_team_size_stress,mixed_complex,Fully-connected GAT,4,4,1,4,7,ON,12,12,12,1,0.0779,0.2348,0.8494,1.5289,1.2,1200,0.95,1,0,0,47.74,54.9,1.167,20.5165,0.8472,52.5,2e36d3eee72b97f47984be496cf1d347d825ffe26b59cfd86407a475fd71af1c
scal__mixed_complex__Fully-connected_GAT__N4__seed4__ep08,zero_shot_team_size_stress,mixed_complex,Fully-connected GAT,4,4,1,4,8,ON,12,12,12,1,0.0907,0.2729,0.7106,1.279,1.2,1200,0.95,1,0,0,45.71,52.57,0.979,21.6492,0.8577,50.3,2e36d3eee72b97f47984be496cf1d347d825ffe26b59cfd86407a475fd71af1c
scal__mixed_complex__Fully-connected_GAT__N4__seed4__ep09,zero_shot_team_size_stress,mixed_complex,Fully-connected GAT,4,4,1,4,9,ON,12,12,12,1,0.0895,0.2866,0.8056,1.4502,1.2,1200,0.95,1,0,0,47.21,54.29,0.573,21.5818,0.8613,51.9,2e36d3eee72b97f47984be496cf1d347d825ffe26b59cfd86407a475fd71af1c
scal__mixed_complex__Fully-connected_GAT__N4__seed5__ep00,zero_shot_team_size_stress,mixed_complex,Fully-connected GAT,4,4,1,5,0,ON,12,12,12,1,0.072,0.2336,0.9398,1.6917,1.2,1200,0.95,1,0,0,47.95,55.14,0.831,21.7326,0.8495,52.7,d44280e378362cd408f6f040450d5445982ed7615924685f3f342c73ffb525d5
scal__mixed_complex__Fully-connected_GAT__N4__seed5__ep01,zero_shot_team_size_stress,mixed_complex,Fully-connected GAT,4,4,1,5,1,ON,12,12,12,1,0.0882,0.2941,0.7903,1.4225,1.2,1200,0.95,1,0,0,51.25,58.94,0.961,21.1386,0.8599,56.4,d44280e378362cd408f6f040450d5445982ed7615924685f3f342c73ffb525d5
scal__mixed_complex__Fully-connected_GAT__N4__seed5__ep02,zero_shot_team_size_stress,mixed_complex,Fully-connected GAT,4,4,1,5,2,ON,12,12,12,1,0.078,0.2311,0.7002,1.2604,1.2,1200,0.95,1,0,0,53.26,61.25,0.971,21.6583,0.8562,58.6,d44280e378362cd408f6f040450d5445982ed7615924685f3f342c73ffb525d5
scal__mixed_complex__Fully-connected_GAT__N4__seed5__ep03,zero_shot_team_size_stress,mixed_complex,Fully-connected GAT,4,4,1,5,3,ON,12,12,12,1,0.0827,0.2468,0.8751,1.5752,1.2,1200,0.95,1,0,0,48.38,55.63,0.895,21.2411,0.8519,53.2,d44280e378362cd408f6f040450d5445982ed7615924685f3f342c73ffb525d5
scal__mixed_complex__Fully-connected_GAT__N4__seed5__ep04,zero_shot_team_size_stress,mixed_complex,Fully-connected GAT,4,4,1,5,4,ON,12,12,12,1,0.0962,0.2654,0.8581,1.5447,1.2,1200,0.95,1,0,0,49.37,56.78,1.247,21.6386,0.8307,54.3,d44280e378362cd408f6f040450d5445982ed7615924685f3f342c73ffb525d5
scal__mixed_complex__Fully-connected_GAT__N4__seed5__ep05,zero_shot_team_size_stress,mixed_complex,Fully-connected GAT,4,4,1,5,5,ON,12,12,12,1,0.0851,0.2972,0.908,1.6344,1.2,1200,0.95,1,0,0,52.41,60.28,1.176,20.9606,0.8508,57.7,d44280e378362cd408f6f040450d5445982ed7615924685f3f342c73ffb525d5
scal__mixed_complex__Fully-connected_GAT__N4__seed5__ep06,zero_shot_team_size_stress,mixed_complex,Fully-connected GAT,4,4,1,5,6,ON,12,12,12,1,0.0773,0.2596,0.9599,1.7278,1.2,1200,0.95,1,0,0,52.96,60.9,1.16,22.0313,0.8448,58.3,d44280e378362cd408f6f040450d5445982ed7615924685f3f342c73ffb525d5
scal__mixed_complex__Fully-connected_GAT__N4__seed5__ep07,zero_shot_team_size_stress,mixed_complex,Fully-connected GAT,4,4,1,5,7,ON,12,12,12,1,0.0727,0.2232,0.9857,1.7742,1.2,1200,0.95,1,0,0,52.95,60.89,1.486,22.3452,0.8552,58.2,d44280e378362cd408f6f040450d5445982ed7615924685f3f342c73ffb525d5
scal__mixed_complex__Fully-connected_GAT__N4__seed5__ep08,zero_shot_team_size_stress,mixed_complex,Fully-connected GAT,4,4,1,5,8,ON,12,12,12,1,0.0894,0.2888,0.9984,1.7971,1.2,1200,0.95,1,0,0,51.96,59.76,0.621,21.5452,0.858,57.2,d44280e378362cd408f6f040450d5445982ed7615924685f3f342c73ffb525d5
scal__mixed_complex__Fully-connected_GAT__N4__seed5__ep09,zero_shot_team_size_stress,mixed_complex,Fully-connected GAT,4,4,1,5,9,ON,12,12,12,1,0.0793,0.2942,0.7313,1.3163,1.2,1200,0.95,1,0,0,53.55,61.58,1.107,21.9604,0.8611,58.9,d44280e378362cd408f6f040450d5445982ed7615924685f3f342c73ffb525d5
scal__mixed_complex__Fully-connected_GAT__N4__seed6__ep00,zero_shot_team_size_stress,mixed_complex,Fully-connected GAT,4,4,1,6,0,ON,12,12,12,1,0.0761,0.2297,0.9061,1.631,1.2,1200,0.95,1,0,0,50.66,58.26,0.983,20.9851,0.8358,55.7,e74746e4d7f84a1df3b44a7ef354368b27c805feef1f3e065c48151b11177900
scal__mixed_complex__Fully-connected_GAT__N4__seed6__ep01,zero_shot_team_size_stress,mixed_complex,Fully-connected GAT,4,4,1,6,1,ON,12,12,12,1,0.0959,0.2754,0.8435,1.5183,1.2,1200,0.95,1,0,0,50.53,58.11,1.156,21.67,0.846,55.6,e74746e4d7f84a1df3b44a7ef354368b27c805feef1f3e065c48151b11177900
scal__mixed_complex__Fully-connected_GAT__N4__seed6__ep02,zero_shot_team_size_stress,mixed_complex,Fully-connected GAT,4,4,1,6,2,ON,12,12,12,1,0.0794,0.2967,0.8503,1.5305,1.2,1200,0.95,1,0,0,46.55,53.53,0.501,21.7645,0.8544,51.2,e74746e4d7f84a1df3b44a7ef354368b27c805feef1f3e065c48151b11177900
scal__mixed_complex__Fully-connected_GAT__N4__seed6__ep03,zero_shot_team_size_stress,mixed_complex,Fully-connected GAT,4,4,1,6,3,ON,12,12,12,1,0.085,0.2346,0.8577,1.5439,1.2,1200,0.95,1,0,0,47.75,54.91,0.425,21.7344,0.8478,52.5,e74746e4d7f84a1df3b44a7ef354368b27c805feef1f3e065c48151b11177900
scal__mixed_complex__Fully-connected_GAT__N4__seed6__ep04,zero_shot_team_size_stress,mixed_complex,Fully-connected GAT,4,4,1,6,4,ON,12,12,12,1,0.0951,0.2765,0.7542,1.3576,1.2,1200,0.95,1,0,0,55.92,64.31,0.825,21.4609,0.8502,61.5,e74746e4d7f84a1df3b44a7ef354368b27c805feef1f3e065c48151b11177900
scal__mixed_complex__Fully-connected_GAT__N4__seed6__ep05,zero_shot_team_size_stress,mixed_complex,Fully-connected GAT,4,4,1,6,5,ON,12,12,12,1,0.0802,0.2536,0.7637,1.3746,1.2,1200,0.95,1,0,0,51.99,59.78,0.423,22.0392,0.8466,57.2,e74746e4d7f84a1df3b44a7ef354368b27c805feef1f3e065c48151b11177900
scal__mixed_complex__Fully-connected_GAT__N4__seed6__ep06,zero_shot_team_size_stress,mixed_complex,Fully-connected GAT,4,4,1,6,6,ON,12,12,12,1,0.0845,0.2404,0.8626,1.5527,1.2,1200,0.95,1,0,0,47.98,55.18,0.68,21.4129,0.8494,52.8,e74746e4d7f84a1df3b44a7ef354368b27c805feef1f3e065c48151b11177900
scal__mixed_complex__Fully-connected_GAT__N4__seed6__ep07,zero_shot_team_size_stress,mixed_complex,Fully-connected GAT,4,4,1,6,7,ON,12,12,12,1,0.0932,0.2212,0.8671,1.5608,1.2,1200,0.95,1,0,0,49.79,57.26,0.725,21.1013,0.8365,54.8,e74746e4d7f84a1df3b44a7ef354368b27c805feef1f3e065c48151b11177900
scal__mixed_complex__Fully-connected_GAT__N4__seed6__ep08,zero_shot_team_size_stress,mixed_complex,Fully-connected GAT,4,4,1,6,8,ON,12,12,12,1,0.0758,0.2268,0.7976,1.4357,1.2,1200,0.95,1,0,0,49.97,57.46,1.427,20.8899,0.8278,55,e74746e4d7f84a1df3b44a7ef354368b27c805feef1f3e065c48151b11177900
scal__mixed_complex__Fully-connected_GAT__N4__seed6__ep09,zero_shot_team_size_stress,mixed_complex,Fully-connected GAT,4,4,1,6,9,ON,12,12,12,1,0.0707,0.2775,0.717,1.2906,1.2,1200,0.95,1,0,0,44.62,51.31,1.406,21.5064,0.8585,49.1,e74746e4d7f84a1df3b44a7ef354368b27c805feef1f3e065c48151b11177900
scal__mixed_complex__Fully-connected_GAT__N4__seed7__ep00,zero_shot_team_size_stress,mixed_complex,Fully-connected GAT,4,4,1,7,0,ON,12,12,12,1,0.0764,0.2392,0.7744,1.3939,1.2,1200,0.95,1,0,0,43.85,50.43,0.992,21.2846,0.8387,48.2,834b9fc8cfe54c848b1b008b8df659eb012e3f430b165cbdf07ad29570037fa3
scal__mixed_complex__Fully-connected_GAT__N4__seed7__ep01,zero_shot_team_size_stress,mixed_complex,Fully-connected GAT,4,4,1,7,1,ON,12,12,12,1,0.094,0.2604,0.7526,1.3546,1.2,1200,0.95,1,0,0,50.41,57.97,1.402,21.4403,0.8605,55.5,834b9fc8cfe54c848b1b008b8df659eb012e3f430b165cbdf07ad29570037fa3
scal__mixed_complex__Fully-connected_GAT__N4__seed7__ep02,zero_shot_team_size_stress,mixed_complex,Fully-connected GAT,4,4,1,7,2,ON,12,12,12,1,0.0935,0.2482,0.7847,1.4125,1.2,1200,0.95,1,0,0,47.33,54.43,1.355,21.5748,0.8296,52.1,834b9fc8cfe54c848b1b008b8df659eb012e3f430b165cbdf07ad29570037fa3
scal__mixed_complex__Fully-connected_GAT__N4__seed7__ep03,zero_shot_team_size_stress,mixed_complex,Fully-connected GAT,4,4,1,7,3,ON,12,12,12,1,0.0917,0.2763,0.791,1.4238,1.2,1200,0.95,1,0,0,49.97,57.47,0.514,21.7557,0.8431,55,834b9fc8cfe54c848b1b008b8df659eb012e3f430b165cbdf07ad29570037fa3
scal__mixed_complex__Fully-connected_GAT__N4__seed7__ep04,zero_shot_team_size_stress,mixed_complex,Fully-connected GAT,4,4,1,7,4,ON,12,12,12,1,0.075,0.2789,0.7663,1.3793,1.2,1200,0.95,1,0,0,51.61,59.35,0.965,21.269,0.8528,56.8,834b9fc8cfe54c848b1b008b8df659eb012e3f430b165cbdf07ad29570037fa3
scal__mixed_complex__Fully-connected_GAT__N4__seed7__ep05,zero_shot_team_size_stress,mixed_complex,Fully-connected GAT,4,4,1,7,5,ON,12,12,12,1,0.0755,0.2376,0.9937,1.7887,1.2,1200,0.95,1,0,0,55.8,64.17,1.098,21.4722,0.8452,61.4,834b9fc8cfe54c848b1b008b8df659eb012e3f430b165cbdf07ad29570037fa3
scal__mixed_complex__Fully-connected_GAT__N4__seed7__ep06,zero_shot_team_size_stress,mixed_complex,Fully-connected GAT,4,4,1,7,6,ON,12,12,12,1,0.0751,0.2509,0.993,1.7874,1.2,1200,0.95,1,0,0,51.8,59.57,1.467,21.7457,0.8622,57,834b9fc8cfe54c848b1b008b8df659eb012e3f430b165cbdf07ad29570037fa3
scal__mixed_complex__Fully-connected_GAT__N4__seed7__ep07,zero_shot_team_size_stress,mixed_complex,Fully-connected GAT,4,4,1,7,7,ON,12,12,12,1,0.087,0.2997,0.8784,1.581,1.2,1200,0.95,1,0,0,53.02,60.97,1.46,21.1479,0.8595,58.3,834b9fc8cfe54c848b1b008b8df659eb012e3f430b165cbdf07ad29570037fa3
scal__mixed_complex__Fully-connected_GAT__N4__seed7__ep08,zero_shot_team_size_stress,mixed_complex,Fully-connected GAT,4,4,1,7,8,ON,12,12,12,1,0.0972,0.2846,0.9511,1.712,1.2,1200,0.95,1,0,0,47.04,54.1,1.18,21.1768,0.8366,51.7,834b9fc8cfe54c848b1b008b8df659eb012e3f430b165cbdf07ad29570037fa3
scal__mixed_complex__Fully-connected_GAT__N4__seed7__ep09,zero_shot_team_size_stress,mixed_complex,Fully-connected GAT,4,4,1,7,9,ON,12,12,12,1,0.0861,0.256,0.9609,1.7296,1.2,1200,0.95,1,0,0,47.96,55.16,1.475,22.2936,0.851,52.8,834b9fc8cfe54c848b1b008b8df659eb012e3f430b165cbdf07ad29570037fa3
scal__mixed_complex__Fully-connected_GAT__N6__seed0__ep00,zero_shot_team_size_stress,mixed_complex,Fully-connected GAT,4,6,1,0,0,ON,30,30,30,1,0.1435,0.4213,1.0718,1.9293,1.4,1600,0.89,1,0,0,58.06,68.22,1.16,26.3518,0.8439,63.9,6907d5427709b680225b175e83d5104612d6abe26c3a731ed19a925da7c082a2
scal__mixed_complex__Fully-connected_GAT__N6__seed0__ep01,zero_shot_team_size_stress,mixed_complex,Fully-connected GAT,4,6,1,0,1,ON,30,30,30,1,0.1464,0.3682,1.2099,2.1778,1.4,1600,0.89,1,0,0,64.89,76.25,1.599,26.4022,0.8494,71.4,6907d5427709b680225b175e83d5104612d6abe26c3a731ed19a925da7c082a2
scal__mixed_complex__Fully-connected_GAT__N6__seed0__ep02,zero_shot_team_size_stress,mixed_complex,Fully-connected GAT,4,6,1,0,2,ON,30,30,30,1,0.1204,0.3989,1.05,1.89,1.4,1600,0.89,1,0,0,60.69,71.31,1.45,26.339,0.8478,66.8,6907d5427709b680225b175e83d5104612d6abe26c3a731ed19a925da7c082a2
scal__mixed_complex__Fully-connected_GAT__N6__seed0__ep03,zero_shot_team_size_stress,mixed_complex,Fully-connected GAT,4,6,1,0,3,ON,30,30,30,1,0.13,0.4315,1.1934,2.1481,1.4,1600,0.89,1,0,1,59.36,69.75,1.362,26.3306,0.5918,65.3,6907d5427709b680225b175e83d5104612d6abe26c3a731ed19a925da7c082a2
scal__mixed_complex__Fully-connected_GAT__N6__seed0__ep04,zero_shot_team_size_stress,mixed_complex,Fully-connected GAT,4,6,1,0,4,ON,30,30,30,1,0.1253,0.4325,1.0149,1.8268,1.4,1600,0.89,1,0,0,62.49,73.43,1.066,26.9853,0.8131,68.7,6907d5427709b680225b175e83d5104612d6abe26c3a731ed19a925da7c082a2
scal__mixed_complex__Fully-connected_GAT__N6__seed0__ep05,zero_shot_team_size_stress,mixed_complex,Fully-connected GAT,4,6,1,0,5,ON,30,30,30,1,0.132,0.4311,1.1536,2.0764,1.4,1600,0.89,1,0,0,63.14,74.19,1.225,25.9252,0.8237,69.5,6907d5427709b680225b175e83d5104612d6abe26c3a731ed19a925da7c082a2
scal__mixed_complex__Fully-connected_GAT__N6__seed0__ep06,zero_shot_team_size_stress,mixed_complex,Fully-connected GAT,4,6,1,0,6,ON,30,30,30,1,0.1281,0.4025,1.0472,1.8849,1.4,1600,0.89,1,0,0,60.93,71.6,1.014,25.4916,0.8352,67,6907d5427709b680225b175e83d5104612d6abe26c3a731ed19a925da7c082a2
scal__mixed_complex__Fully-connected_GAT__N6__seed0__ep07,zero_shot_team_size_stress,mixed_complex,Fully-connected GAT,4,6,1,0,7,ON,30,30,30,1,0.1212,0.4273,1.1742,2.1135,1.4,1600,0.89,1,0,0,65.15,76.55,1.712,25.6442,0.8293,71.7,6907d5427709b680225b175e83d5104612d6abe26c3a731ed19a925da7c082a2
scal__mixed_complex__Fully-connected_GAT__N6__seed0__ep08,zero_shot_team_size_stress,mixed_complex,Fully-connected GAT,4,6,1,0,8,ON,30,30,30,1,0.1405,0.3658,1.0957,1.9723,1.4,1600,0.89,1,0,0,62.2,73.09,1.379,25.6687,0.8385,68.4,6907d5427709b680225b175e83d5104612d6abe26c3a731ed19a925da7c082a2
scal__mixed_complex__Fully-connected_GAT__N6__seed0__ep09,zero_shot_team_size_stress,mixed_complex,Fully-connected GAT,4,6,1,0,9,ON,30,30,30,1,0.1287,0.398,1.2737,2.2926,1.4,1600,0.89,1,0,1,54.73,64.31,1.622,26.9778,0.6001,60.2,6907d5427709b680225b175e83d5104612d6abe26c3a731ed19a925da7c082a2
scal__mixed_complex__Fully-connected_GAT__N6__seed1__ep00,zero_shot_team_size_stress,mixed_complex,Fully-connected GAT,4,6,1,1,0,ON,30,30,30,1,0.1332,0.3929,1.1388,2.0498,1.4,1600,0.89,1,0,0,63.37,74.45,1.563,26.4407,0.8381,69.7,625b60761c892177f8c0f5a45ae622a2f181d33a2f58e8256c5d27d26cdaba14
scal__mixed_complex__Fully-connected_GAT__N6__seed1__ep01,zero_shot_team_size_stress,mixed_complex,Fully-connected GAT,4,6,1,1,1,ON,30,30,30,1,0.1224,0.3825,1.1195,2.015,1.4,1600,0.89,1,0,0,62.96,73.98,1.808,26.1029,0.8284,69.3,625b60761c892177f8c0f5a45ae622a2f181d33a2f58e8256c5d27d26cdaba14
scal__mixed_complex__Fully-connected_GAT__N6__seed1__ep02,zero_shot_team_size_stress,mixed_complex,Fully-connected GAT,4,6,1,1,2,ON,30,30,30,1,0.1254,0.3832,1.1543,2.0778,1.4,1600,0.89,1,0,0,60.48,71.07,0.765,26.6116,0.8282,66.5,625b60761c892177f8c0f5a45ae622a2f181d33a2f58e8256c5d27d26cdaba14
scal__mixed_complex__Fully-connected_GAT__N6__seed1__ep03,zero_shot_team_size_stress,mixed_complex,Fully-connected GAT,4,6,1,1,3,ON,30,30,30,1,0.1359,0.4118,1.1507,2.0713,1.4,1600,0.89,1,0,0,54.19,63.67,1.176,26.4034,0.8376,59.6,625b60761c892177f8c0f5a45ae622a2f181d33a2f58e8256c5d27d26cdaba14
scal__mixed_complex__Fully-connected_GAT__N6__seed1__ep04,zero_shot_team_size_stress,mixed_complex,Fully-connected GAT,4,6,1,1,4,ON,30,30,30,1,0.1245,0.3638,1.1692,2.1045,1.4,1600,0.89,1,0,0,59.36,69.75,1.465,26.5773,0.8337,65.3,625b60761c892177f8c0f5a45ae622a2f181d33a2f58e8256c5d27d26cdaba14
scal__mixed_complex__Fully-connected_GAT__N6__seed1__ep05,zero_shot_team_size_stress,mixed_complex,Fully-connected GAT,4,6,1,1,5,ON,30,30,30,1,0.135,0.3861,1.0905,1.963,1.4,1600,0.89,1,0,0,65.95,77.49,0.754,26.6713,0.8418,72.5,625b60761c892177f8c0f5a45ae622a2f181d33a2f58e8256c5d27d26cdaba14
scal__mixed_complex__Fully-connected_GAT__N6__seed1__ep06,zero_shot_team_size_stress,mixed_complex,Fully-connected GAT,4,6,1,1,6,ON,30,30,30,1,0.1296,0.425,1.0551,1.8991,1.4,1600,0.89,1,0,0,54.06,63.52,1.645,25.5103,0.8407,59.5,625b60761c892177f8c0f5a45ae622a2f181d33a2f58e8256c5d27d26cdaba14
scal__mixed_complex__Fully-connected_GAT__N6__seed1__ep07,zero_shot_team_size_stress,mixed_complex,Fully-connected GAT,4,6,1,1,7,ON,30,30,30,1,0.1245,0.4103,1.2897,2.3214,1.4,1600,0.89,1,0,0,62,72.85,1.419,26.3772,0.8368,68.2,625b60761c892177f8c0f5a45ae622a2f181d33a2f58e8256c5d27d26cdaba14
scal__mixed_complex__Fully-connected_GAT__N6__seed1__ep08,zero_shot_team_size_stress,mixed_complex,Fully-connected GAT,4,6,1,1,8,ON,30,30,30,1,0.1484,0.3708,1.262,2.2715,1.4,1600,0.89,1,0,0,60.55,71.14,1.145,26.0533,0.8126,66.6,625b60761c892177f8c0f5a45ae622a2f181d33a2f58e8256c5d27d26cdaba14
scal__mixed_complex__Fully-connected_GAT__N6__seed1__ep09,zero_shot_team_size_stress,mixed_complex,Fully-connected GAT,4,6,1,1,9,ON,30,30,30,1,0.1236,0.4007,1.1874,2.1372,1.4,1600,0.89,1,0,0,62.68,73.65,1.748,25.8652,0.8321,69,625b60761c892177f8c0f5a45ae622a2f181d33a2f58e8256c5d27d26cdaba14
scal__mixed_complex__Fully-connected_GAT__N6__seed2__ep00,zero_shot_team_size_stress,mixed_complex,Fully-connected GAT,4,6,1,2,0,ON,30,30,30,1,0.1246,0.4396,1.0791,1.9423,1.4,1600,0.89,1,0,1,54.55,64.09,1.084,26.421,0.6152,60,5f471704c6d7db5093ce364f8b7a758649dc879676dad4f4a3b236be7b09a0a7
scal__mixed_complex__Fully-connected_GAT__N6__seed2__ep01,zero_shot_team_size_stress,mixed_complex,Fully-connected GAT,4,6,1,2,1,ON,30,30,30,1,0.1266,0.4062,1.1494,2.0689,1.4,1600,0.89,1,0,1,59.5,69.91,1.734,24.9518,0.5647,65.5,5f471704c6d7db5093ce364f8b7a758649dc879676dad4f4a3b236be7b09a0a7
scal__mixed_complex__Fully-connected_GAT__N6__seed2__ep02,zero_shot_team_size_stress,mixed_complex,Fully-connected GAT,4,6,1,2,2,ON,30,30,30,1,0.1403,0.4365,1.0724,1.9304,1.4,1600,0.89,1,0,0,64.99,76.36,1.161,25.7004,0.831,71.5,5f471704c6d7db5093ce364f8b7a758649dc879676dad4f4a3b236be7b09a0a7
scal__mixed_complex__Fully-connected_GAT__N6__seed2__ep03,zero_shot_team_size_stress,mixed_complex,Fully-connected GAT,4,6,1,2,3,ON,30,30,30,1,0.1268,0.385,1.058,1.9044,1.4,1600,0.89,1,0,0,63.35,74.43,1.347,26.1195,0.838,69.7,5f471704c6d7db5093ce364f8b7a758649dc879676dad4f4a3b236be7b09a0a7
scal__mixed_complex__Fully-connected_GAT__N6__seed2__ep04,zero_shot_team_size_stress,mixed_complex,Fully-connected GAT,4,6,1,2,4,ON,30,30,30,1,0.1286,0.4213,1.2183,2.193,1.4,1600,0.89,1,0,0,65.79,77.3,1.366,25.9351,0.844,72.4,5f471704c6d7db5093ce364f8b7a758649dc879676dad4f4a3b236be7b09a0a7
scal__mixed_complex__Fully-connected_GAT__N6__seed2__ep05,zero_shot_team_size_stress,mixed_complex,Fully-connected GAT,4,6,1,2,5,ON,30,30,30,1,0.1341,0.4334,1.232,2.2176,1.4,1600,0.89,1,0,1,60.78,71.41,0.875,26.948,0.5832,66.9,5f471704c6d7db5093ce364f8b7a758649dc879676dad4f4a3b236be7b09a0a7
scal__mixed_complex__Fully-connected_GAT__N6__seed2__ep06,zero_shot_team_size_stress,mixed_complex,Fully-connected GAT,4,6,1,2,6,ON,30,30,30,1,0.1461,0.3603,1.0328,1.859,1.4,1600,0.89,0,1,1,55.82,65.59,1.042,26.2114,0.607,61.4,5f471704c6d7db5093ce364f8b7a758649dc879676dad4f4a3b236be7b09a0a7
scal__mixed_complex__Fully-connected_GAT__N6__seed2__ep07,zero_shot_team_size_stress,mixed_complex,Fully-connected GAT,4,6,1,2,7,ON,30,30,30,1,0.1334,0.3616,1.0327,1.8589,1.4,1600,0.89,1,0,0,64.85,76.19,1.141,26.069,0.8343,71.3,5f471704c6d7db5093ce364f8b7a758649dc879676dad4f4a3b236be7b09a0a7
scal__mixed_complex__Fully-connected_GAT__N6__seed2__ep08,zero_shot_team_size_stress,mixed_complex,Fully-connected GAT,4,6,1,2,8,ON,30,30,30,1,0.1447,0.4025,1.0244,1.8439,1.4,1600,0.89,1,0,0,65.14,76.54,1.162,26.791,0.8454,71.7,5f471704c6d7db5093ce364f8b7a758649dc879676dad4f4a3b236be7b09a0a7
scal__mixed_complex__Fully-connected_GAT__N6__seed2__ep09,zero_shot_team_size_stress,mixed_complex,Fully-connected GAT,4,6,1,2,9,ON,30,30,30,1,0.1488,0.4041,1.2637,2.2747,1.4,1600,0.89,1,0,0,56.5,66.39,1.456,27.2879,0.8184,62.2,5f471704c6d7db5093ce364f8b7a758649dc879676dad4f4a3b236be7b09a0a7
scal__mixed_complex__Fully-connected_GAT__N6__seed3__ep00,zero_shot_team_size_stress,mixed_complex,Fully-connected GAT,4,6,1,3,0,ON,30,30,30,1,0.1374,0.431,1.0098,1.8177,1.4,1600,0.89,1,0,0,62.72,73.7,1.431,25.932,0.8424,69,a0b34284160998f6a6bfba14d60632f2538fa929bca26bc3fa42002ddc241103
scal__mixed_complex__Fully-connected_GAT__N6__seed3__ep01,zero_shot_team_size_stress,mixed_complex,Fully-connected GAT,4,6,1,3,1,ON,30,30,30,1,0.1499,0.3717,1.2017,2.163,1.4,1600,0.89,1,0,0,55.76,65.52,0.902,26.7307,0.8318,61.3,a0b34284160998f6a6bfba14d60632f2538fa929bca26bc3fa42002ddc241103
scal__mixed_complex__Fully-connected_GAT__N6__seed3__ep02,zero_shot_team_size_stress,mixed_complex,Fully-connected GAT,4,6,1,3,2,ON,30,30,30,1,0.1275,0.3899,1.1822,2.128,1.4,1600,0.89,1,0,0,54.15,63.63,1.072,25.6538,0.8341,59.6,a0b34284160998f6a6bfba14d60632f2538fa929bca26bc3fa42002ddc241103
scal__mixed_complex__Fully-connected_GAT__N6__seed3__ep03,zero_shot_team_size_stress,mixed_complex,Fully-connected GAT,4,6,1,3,3,ON,30,30,30,1,0.1244,0.3653,1.2566,2.2619,1.4,1600,0.89,1,0,0,60.51,71.1,1.124,25.7077,0.822,66.6,a0b34284160998f6a6bfba14d60632f2538fa929bca26bc3fa42002ddc241103
scal__mixed_complex__Fully-connected_GAT__N6__seed3__ep04,zero_shot_team_size_stress,mixed_complex,Fully-connected GAT,4,6,1,3,4,ON,30,30,30,1,0.1327,0.3984,1.0052,1.8094,1.4,1600,0.89,1,0,0,61.97,72.81,1.786,27.5019,0.8254,68.2,a0b34284160998f6a6bfba14d60632f2538fa929bca26bc3fa42002ddc241103
scal__mixed_complex__Fully-connected_GAT__N6__seed3__ep05,zero_shot_team_size_stress,mixed_complex,Fully-connected GAT,4,6,1,3,5,ON,30,30,30,1,0.1449,0.3731,1.0947,1.9704,1.4,1600,0.89,1,0,0,61.97,72.82,1.208,26.1523,0.8471,68.2,a0b34284160998f6a6bfba14d60632f2538fa929bca26bc3fa42002ddc241103
scal__mixed_complex__Fully-connected_GAT__N6__seed3__ep06,zero_shot_team_size_stress,mixed_complex,Fully-connected GAT,4,6,1,3,6,ON,30,30,30,1,0.1327,0.3614,1.2438,2.2389,1.4,1600,0.89,1,0,0,55.25,64.92,1.448,26.7483,0.8466,60.8,a0b34284160998f6a6bfba14d60632f2538fa929bca26bc3fa42002ddc241103
scal__mixed_complex__Fully-connected_GAT__N6__seed3__ep07,zero_shot_team_size_stress,mixed_complex,Fully-connected GAT,4,6,1,3,7,ON,30,30,30,1,0.1353,0.3641,1.222,2.1996,1.4,1600,0.89,1,0,0,61.92,72.76,1.401,26.1595,0.8226,68.1,a0b34284160998f6a6bfba14d60632f2538fa929bca26bc3fa42002ddc241103
scal__mixed_complex__Fully-connected_GAT__N6__seed3__ep08,zero_shot_team_size_stress,mixed_complex,Fully-connected GAT,4,6,1,3,8,ON,30,30,30,1,0.1474,0.3981,1.0708,1.9274,1.4,1600,0.89,0,1,1,57.01,66.99,1.252,26.4754,0.6446,62.7,a0b34284160998f6a6bfba14d60632f2538fa929bca26bc3fa42002ddc241103
scal__mixed_complex__Fully-connected_GAT__N6__seed3__ep09,zero_shot_team_size_stress,mixed_complex,Fully-connected GAT,4,6,1,3,9,ON,30,30,30,1,0.1257,0.3965,1.0809,1.9455,1.4,1600,0.89,1,0,0,63.74,74.89,1.495,26.6604,0.8264,70.1,a0b34284160998f6a6bfba14d60632f2538fa929bca26bc3fa42002ddc241103
scal__mixed_complex__Fully-connected_GAT__N6__seed4__ep00,zero_shot_team_size_stress,mixed_complex,Fully-connected GAT,4,6,1,4,0,ON,30,30,30,1,0.1424,0.3679,1.2667,2.2801,1.4,1600,0.89,1,0,0,63.31,74.39,1.766,27.2893,0.839,69.6,2e36d3eee72b97f47984be496cf1d347d825ffe26b59cfd86407a475fd71af1c
scal__mixed_complex__Fully-connected_GAT__N6__seed4__ep01,zero_shot_team_size_stress,mixed_complex,Fully-connected GAT,4,6,1,4,1,ON,30,30,30,1,0.1353,0.3622,1.1917,2.145,1.4,1600,0.89,1,0,1,58.36,68.57,1.173,26.4592,0.6105,64.2,2e36d3eee72b97f47984be496cf1d347d825ffe26b59cfd86407a475fd71af1c
scal__mixed_complex__Fully-connected_GAT__N6__seed4__ep02,zero_shot_team_size_stress,mixed_complex,Fully-connected GAT,4,6,1,4,2,ON,30,30,30,1,0.1459,0.3666,1.1981,2.1565,1.4,1600,0.89,1,0,0,58.98,69.3,1.594,26.9806,0.8407,64.9,2e36d3eee72b97f47984be496cf1d347d825ffe26b59cfd86407a475fd71af1c
scal__mixed_complex__Fully-connected_GAT__N6__seed4__ep03,zero_shot_team_size_stress,mixed_complex,Fully-connected GAT,4,6,1,4,3,ON,30,30,30,1,0.132,0.3933,1.0878,1.9581,1.4,1600,0.89,1,0,0,59.07,69.41,1.454,25.658,0.8343,65,2e36d3eee72b97f47984be496cf1d347d825ffe26b59cfd86407a475fd71af1c
scal__mixed_complex__Fully-connected_GAT__N6__seed4__ep04,zero_shot_team_size_stress,mixed_complex,Fully-connected GAT,4,6,1,4,4,ON,30,30,30,1,0.1338,0.3946,1.2338,2.2208,1.4,1600,0.89,1,0,0,61.43,72.19,1.232,26.5609,0.8392,67.6,2e36d3eee72b97f47984be496cf1d347d825ffe26b59cfd86407a475fd71af1c
scal__mixed_complex__Fully-connected_GAT__N6__seed4__ep05,zero_shot_team_size_stress,mixed_complex,Fully-connected GAT,4,6,1,4,5,ON,30,30,30,1,0.1421,0.425,1.048,1.8863,1.4,1600,0.89,0,1,1,61.4,72.15,1.137,26.5026,0.5912,67.5,2e36d3eee72b97f47984be496cf1d347d825ffe26b59cfd86407a475fd71af1c
scal__mixed_complex__Fully-connected_GAT__N6__seed4__ep06,zero_shot_team_size_stress,mixed_complex,Fully-connected GAT,4,6,1,4,6,ON,30,30,30,1,0.1402,0.4279,1.2807,2.3052,1.4,1600,0.89,1,0,1,59.81,70.28,1.74,26.4613,0.6281,65.8,2e36d3eee72b97f47984be496cf1d347d825ffe26b59cfd86407a475fd71af1c
scal__mixed_complex__Fully-connected_GAT__N6__seed4__ep07,zero_shot_team_size_stress,mixed_complex,Fully-connected GAT,4,6,1,4,7,ON,30,30,30,1,0.1386,0.3712,1.1844,2.1319,1.4,1600,0.89,1,0,0,64.18,75.41,1.848,26.3602,0.8314,70.6,2e36d3eee72b97f47984be496cf1d347d825ffe26b59cfd86407a475fd71af1c
scal__mixed_complex__Fully-connected_GAT__N6__seed4__ep08,zero_shot_team_size_stress,mixed_complex,Fully-connected GAT,4,6,1,4,8,ON,30,30,30,1,0.141,0.4361,1.2631,2.2736,1.4,1600,0.89,1,0,0,65.89,77.42,1.027,26.4605,0.8229,72.5,2e36d3eee72b97f47984be496cf1d347d825ffe26b59cfd86407a475fd71af1c
scal__mixed_complex__Fully-connected_GAT__N6__seed4__ep09,zero_shot_team_size_stress,mixed_complex,Fully-connected GAT,4,6,1,4,9,ON,30,30,30,1,0.1472,0.4051,1.1077,1.9938,1.4,1600,0.89,1,0,0,63.96,75.15,1.012,26.5918,0.8288,70.4,2e36d3eee72b97f47984be496cf1d347d825ffe26b59cfd86407a475fd71af1c
scal__mixed_complex__Fully-connected_GAT__N6__seed5__ep00,zero_shot_team_size_stress,mixed_complex,Fully-connected GAT,4,6,1,5,0,ON,30,30,30,1,0.1332,0.391,1.1076,1.9936,1.4,1600,0.89,1,0,0,54.2,63.68,0.84,27.2349,0.8421,59.6,d44280e378362cd408f6f040450d5445982ed7615924685f3f342c73ffb525d5
scal__mixed_complex__Fully-connected_GAT__N6__seed5__ep01,zero_shot_team_size_stress,mixed_complex,Fully-connected GAT,4,6,1,5,1,ON,30,30,30,1,0.1377,0.424,1.1648,2.0966,1.4,1600,0.89,1,0,1,55.69,65.44,0.916,26.7956,0.5881,61.3,d44280e378362cd408f6f040450d5445982ed7615924685f3f342c73ffb525d5
scal__mixed_complex__Fully-connected_GAT__N6__seed5__ep02,zero_shot_team_size_stress,mixed_complex,Fully-connected GAT,4,6,1,5,2,ON,30,30,30,1,0.1214,0.391,1.0086,1.8154,1.4,1600,0.89,1,0,0,54.99,64.61,1.1,25.5228,0.8489,60.5,d44280e378362cd408f6f040450d5445982ed7615924685f3f342c73ffb525d5
scal__mixed_complex__Fully-connected_GAT__N6__seed5__ep03,zero_shot_team_size_stress,mixed_complex,Fully-connected GAT,4,6,1,5,3,ON,30,30,30,1,0.13,0.4343,1.0832,1.9497,1.4,1600,0.89,1,0,0,63.15,74.2,1.486,25.2922,0.8271,69.5,d44280e378362cd408f6f040450d5445982ed7615924685f3f342c73ffb525d5
scal__mixed_complex__Fully-connected_GAT__N6__seed5__ep04,zero_shot_team_size_stress,mixed_complex,Fully-connected GAT,4,6,1,5,4,ON,30,30,30,1,0.1256,0.3781,1.2926,2.3266,1.4,1600,0.89,1,0,0,60.64,71.25,1.745,26.2388,0.8266,66.7,d44280e378362cd408f6f040450d5445982ed7615924685f3f342c73ffb525d5
scal__mixed_complex__Fully-connected_GAT__N6__seed5__ep05,zero_shot_team_size_stress,mixed_complex,Fully-connected GAT,4,6,1,5,5,ON,30,30,30,1,0.1395,0.3777,1.2327,2.2188,1.4,1600,0.89,1,0,0,61.11,71.8,0.909,26.3849,0.831,67.2,d44280e378362cd408f6f040450d5445982ed7615924685f3f342c73ffb525d5
scal__mixed_complex__Fully-connected_GAT__N6__seed5__ep06,zero_shot_team_size_stress,mixed_complex,Fully-connected GAT,4,6,1,5,6,ON,30,30,30,1,0.1229,0.3674,1.2479,2.2462,1.4,1600,0.89,1,0,0,63.44,74.54,0.899,26.9486,0.8388,69.8,d44280e378362cd408f6f040450d5445982ed7615924685f3f342c73ffb525d5
scal__mixed_complex__Fully-connected_GAT__N6__seed5__ep07,zero_shot_team_size_stress,mixed_complex,Fully-connected GAT,4,6,1,5,7,ON,30,30,30,1,0.1451,0.4066,1.0004,1.8008,1.4,1600,0.89,1,0,0,57.98,68.13,1.274,26.0301,0.8394,63.8,d44280e378362cd408f6f040450d5445982ed7615924685f3f342c73ffb525d5
scal__mixed_complex__Fully-connected_GAT__N6__seed5__ep08,zero_shot_team_size_stress,mixed_complex,Fully-connected GAT,4,6,1,5,8,ON,30,30,30,1,0.139,0.3981,1.2281,2.2107,1.4,1600,0.89,1,0,0,65.71,77.21,0.832,26.3317,0.8385,72.3,d44280e378362cd408f6f040450d5445982ed7615924685f3f342c73ffb525d5
scal__mixed_complex__Fully-connected_GAT__N6__seed5__ep09,zero_shot_team_size_stress,mixed_complex,Fully-connected GAT,4,6,1,5,9,ON,30,30,30,1,0.1282,0.4357,1.1775,2.1195,1.4,1600,0.89,1,0,0,64.76,76.09,1.507,26.8345,0.8379,71.2,d44280e378362cd408f6f040450d5445982ed7615924685f3f342c73ffb525d5
scal__mixed_complex__Fully-connected_GAT__N6__seed6__ep00,zero_shot_team_size_stress,mixed_complex,Fully-connected GAT,4,6,1,6,0,ON,30,30,30,1,0.1286,0.3634,1.2039,2.167,1.4,1600,0.89,1,0,0,59.21,69.57,1.09,25.2776,0.8118,65.1,e74746e4d7f84a1df3b44a7ef354368b27c805feef1f3e065c48151b11177900
scal__mixed_complex__Fully-connected_GAT__N6__seed6__ep01,zero_shot_team_size_stress,mixed_complex,Fully-connected GAT,4,6,1,6,1,ON,30,30,30,1,0.1467,0.4138,1.1221,2.0197,1.4,1600,0.89,1,0,0,59.9,70.38,1.42,26.4451,0.8446,65.9,e74746e4d7f84a1df3b44a7ef354368b27c805feef1f3e065c48151b11177900
scal__mixed_complex__Fully-connected_GAT__N6__seed6__ep02,zero_shot_team_size_stress,mixed_complex,Fully-connected GAT,4,6,1,6,2,ON,30,30,30,1,0.1445,0.3936,1.2276,2.2096,1.4,1600,0.89,1,0,0,61.68,72.47,1.111,26.2805,0.8397,67.8,e74746e4d7f84a1df3b44a7ef354368b27c805feef1f3e065c48151b11177900
scal__mixed_complex__Fully-connected_GAT__N6__seed6__ep03,zero_shot_team_size_stress,mixed_complex,Fully-connected GAT,4,6,1,6,3,ON,30,30,30,1,0.1427,0.4266,1.0048,1.8087,1.4,1600,0.89,1,0,0,65.6,77.08,1.642,25.8755,0.8464,72.2,e74746e4d7f84a1df3b44a7ef354368b27c805feef1f3e065c48151b11177900
scal__mixed_complex__Fully-connected_GAT__N6__seed6__ep04,zero_shot_team_size_stress,mixed_complex,Fully-connected GAT,4,6,1,6,4,ON,30,30,30,1,0.1417,0.4308,1.1268,2.0283,1.4,1600,0.89,1,0,0,58.92,69.23,0.795,26.1203,0.8391,64.8,e74746e4d7f84a1df3b44a7ef354368b27c805feef1f3e065c48151b11177900
scal__mixed_complex__Fully-connected_GAT__N6__seed6__ep05,zero_shot_team_size_stress,mixed_complex,Fully-connected GAT,4,6,1,6,5,ON,30,30,30,1,0.143,0.3706,1.0251,1.8452,1.4,1600,0.89,1,0,0,59.97,70.46,0.948,25.998,0.8188,66,e74746e4d7f84a1df3b44a7ef354368b27c805feef1f3e065c48151b11177900
scal__mixed_complex__Fully-connected_GAT__N6__seed6__ep06,zero_shot_team_size_stress,mixed_complex,Fully-connected GAT,4,6,1,6,6,ON,30,30,30,1,0.1479,0.4288,1.0857,1.9542,1.4,1600,0.89,1,0,0,65.83,77.35,1.82,26.4913,0.8429,72.4,e74746e4d7f84a1df3b44a7ef354368b27c805feef1f3e065c48151b11177900
scal__mixed_complex__Fully-connected_GAT__N6__seed6__ep07,zero_shot_team_size_stress,mixed_complex,Fully-connected GAT,4,6,1,6,7,ON,30,30,30,1,0.1211,0.4368,1.0002,1.8003,1.4,1600,0.89,1,0,0,57.78,67.89,1.383,26.2091,0.8461,63.6,e74746e4d7f84a1df3b44a7ef354368b27c805feef1f3e065c48151b11177900
scal__mixed_complex__Fully-connected_GAT__N6__seed6__ep08,zero_shot_team_size_stress,mixed_complex,Fully-connected GAT,4,6,1,6,8,ON,30,30,30,1,0.1305,0.4264,1.1373,2.0472,1.4,1600,0.89,1,0,0,59.37,69.76,1.642,26.3477,0.8357,65.3,e74746e4d7f84a1df3b44a7ef354368b27c805feef1f3e065c48151b11177900
scal__mixed_complex__Fully-connected_GAT__N6__seed6__ep09,zero_shot_team_size_stress,mixed_complex,Fully-connected GAT,4,6,1,6,9,ON,30,30,30,1,0.1204,0.3984,1.0325,1.8585,1.4,1600,0.89,1,0,0,57.81,67.92,1.351,25.9145,0.8244,63.6,e74746e4d7f84a1df3b44a7ef354368b27c805feef1f3e065c48151b11177900
scal__mixed_complex__Fully-connected_GAT__N6__seed7__ep00,zero_shot_team_size_stress,mixed_complex,Fully-connected GAT,4,6,1,7,0,ON,30,30,30,1,0.135,0.4225,1.1564,2.0815,1.4,1600,0.89,1,0,0,61.58,72.36,1.471,26.0385,0.8272,67.7,834b9fc8cfe54c848b1b008b8df659eb012e3f430b165cbdf07ad29570037fa3
scal__mixed_complex__Fully-connected_GAT__N6__seed7__ep01,zero_shot_team_size_stress,mixed_complex,Fully-connected GAT,4,6,1,7,1,ON,30,30,30,1,0.1235,0.4041,1.187,2.1366,1.4,1600,0.89,1,0,0,65.63,77.11,1.498,27.4943,0.8314,72.2,834b9fc8cfe54c848b1b008b8df659eb012e3f430b165cbdf07ad29570037fa3
scal__mixed_complex__Fully-connected_GAT__N6__seed7__ep02,zero_shot_team_size_stress,mixed_complex,Fully-connected GAT,4,6,1,7,2,ON,30,30,30,1,0.1404,0.389,1.2744,2.2939,1.4,1600,0.89,1,0,0,59.57,69.99,1.117,27.0149,0.8411,65.5,834b9fc8cfe54c848b1b008b8df659eb012e3f430b165cbdf07ad29570037fa3
scal__mixed_complex__Fully-connected_GAT__N6__seed7__ep03,zero_shot_team_size_stress,mixed_complex,Fully-connected GAT,4,6,1,7,3,ON,30,30,30,1,0.1284,0.4209,1.2247,2.2045,1.4,1600,0.89,1,0,0,61.9,72.74,1.611,26.2097,0.8361,68.1,834b9fc8cfe54c848b1b008b8df659eb012e3f430b165cbdf07ad29570037fa3
scal__mixed_complex__Fully-connected_GAT__N6__seed7__ep04,zero_shot_team_size_stress,mixed_complex,Fully-connected GAT,4,6,1,7,4,ON,30,30,30,1,0.1294,0.3971,1.0831,1.9495,1.4,1600,0.89,1,0,0,59.87,70.34,1.652,25.9083,0.8381,65.9,834b9fc8cfe54c848b1b008b8df659eb012e3f430b165cbdf07ad29570037fa3
scal__mixed_complex__Fully-connected_GAT__N6__seed7__ep05,zero_shot_team_size_stress,mixed_complex,Fully-connected GAT,4,6,1,7,5,ON,30,30,30,1,0.1315,0.4277,1.0565,1.9016,1.4,1600,0.89,1,0,0,66.32,77.93,1.66,26.7098,0.8573,73,834b9fc8cfe54c848b1b008b8df659eb012e3f430b165cbdf07ad29570037fa3
scal__mixed_complex__Fully-connected_GAT__N6__seed7__ep06,zero_shot_team_size_stress,mixed_complex,Fully-connected GAT,4,6,1,7,6,ON,30,30,30,1,0.1205,0.397,1.2559,2.2606,1.4,1600,0.89,1,0,0,64.71,76.04,1.538,26.8454,0.8487,71.2,834b9fc8cfe54c848b1b008b8df659eb012e3f430b165cbdf07ad29570037fa3
scal__mixed_complex__Fully-connected_GAT__N6__seed7__ep07,zero_shot_team_size_stress,mixed_complex,Fully-connected GAT,4,6,1,7,7,ON,30,30,30,1,0.1299,0.419,1.1102,1.9984,1.4,1600,0.89,1,0,0,61.78,72.59,1.436,25.9616,0.8561,68,834b9fc8cfe54c848b1b008b8df659eb012e3f430b165cbdf07ad29570037fa3
scal__mixed_complex__Fully-connected_GAT__N6__seed7__ep08,zero_shot_team_size_stress,mixed_complex,Fully-connected GAT,4,6,1,7,8,ON,30,30,30,1,0.1316,0.408,1.1866,2.1359,1.4,1600,0.89,1,0,0,60.73,71.36,1.111,26.7628,0.8352,66.8,834b9fc8cfe54c848b1b008b8df659eb012e3f430b165cbdf07ad29570037fa3
scal__mixed_complex__Fully-connected_GAT__N6__seed7__ep09,zero_shot_team_size_stress,mixed_complex,Fully-connected GAT,4,6,1,7,9,ON,30,30,30,1,0.1344,0.3773,1.2156,2.1881,1.4,1600,0.89,1,0,0,66.47,78.1,1.577,27.2805,0.8197,73.1,834b9fc8cfe54c848b1b008b8df659eb012e3f430b165cbdf07ad29570037fa3
scal__mixed_complex__Fully-connected_GAT__N8__seed0__ep00,zero_shot_team_size_stress,mixed_complex,Fully-connected GAT,4,8,1,0,0,ON,56,56,56,1,0.1782,0.5588,1.5799,2.8438,1.6,2000,0.83,1,0,1,75.86,91.04,1.379,30.9224,0.5929,83.4,6907d5427709b680225b175e83d5104612d6abe26c3a731ed19a925da7c082a2
scal__mixed_complex__Fully-connected_GAT__N8__seed0__ep01,zero_shot_team_size_stress,mixed_complex,Fully-connected GAT,4,8,1,0,1,ON,56,56,56,1,0.1863,0.5174,1.3362,2.4052,1.6,2000,0.83,1,0,0,68.82,82.59,1.358,30.251,0.8163,75.7,6907d5427709b680225b175e83d5104612d6abe26c3a731ed19a925da7c082a2
scal__mixed_complex__Fully-connected_GAT__N8__seed0__ep02,zero_shot_team_size_stress,mixed_complex,Fully-connected GAT,4,8,1,0,2,ON,56,56,56,1,0.1894,0.5286,1.3557,2.4402,1.6,2000,0.83,1,0,0,73.6,88.32,1.27,30.2776,0.795,81,6907d5427709b680225b175e83d5104612d6abe26c3a731ed19a925da7c082a2
scal__mixed_complex__Fully-connected_GAT__N8__seed0__ep03,zero_shot_team_size_stress,mixed_complex,Fully-connected GAT,4,8,1,0,3,ON,56,56,56,1,0.1919,0.5424,1.5312,2.7561,1.6,2000,0.83,1,0,0,69.54,83.44,1.358,30.7916,0.8224,76.5,6907d5427709b680225b175e83d5104612d6abe26c3a731ed19a925da7c082a2
scal__mixed_complex__Fully-connected_GAT__N8__seed0__ep04,zero_shot_team_size_stress,mixed_complex,Fully-connected GAT,4,8,1,0,4,ON,56,56,56,1,0.1865,0.5339,1.4958,2.6924,1.6,2000,0.83,1,0,0,69.42,83.3,2.146,30.7316,0.8183,76.4,6907d5427709b680225b175e83d5104612d6abe26c3a731ed19a925da7c082a2
scal__mixed_complex__Fully-connected_GAT__N8__seed0__ep05,zero_shot_team_size_stress,mixed_complex,Fully-connected GAT,4,8,1,0,5,ON,56,56,56,1,0.1851,0.5598,1.3924,2.5063,1.6,2000,0.83,1,0,0,72.32,86.78,2.047,30.0509,0.8255,79.6,6907d5427709b680225b175e83d5104612d6abe26c3a731ed19a925da7c082a2
scal__mixed_complex__Fully-connected_GAT__N8__seed0__ep06,zero_shot_team_size_stress,mixed_complex,Fully-connected GAT,4,8,1,0,6,ON,56,56,56,1,0.1804,0.558,1.3875,2.4975,1.6,2000,0.83,1,0,0,71.91,86.29,1.599,29.8824,0.8354,79.1,6907d5427709b680225b175e83d5104612d6abe26c3a731ed19a925da7c082a2
scal__mixed_complex__Fully-connected_GAT__N8__seed0__ep07,zero_shot_team_size_stress,mixed_complex,Fully-connected GAT,4,8,1,0,7,ON,56,56,56,1,0.1872,0.5325,1.3753,2.4755,1.6,2000,0.83,1,0,0,67.27,80.72,1.316,30.459,0.8046,74,6907d5427709b680225b175e83d5104612d6abe26c3a731ed19a925da7c082a2
scal__mixed_complex__Fully-connected_GAT__N8__seed0__ep08,zero_shot_team_size_stress,mixed_complex,Fully-connected GAT,4,8,1,0,8,ON,56,56,56,1,0.1978,0.5318,1.4932,2.6878,1.6,2000,0.83,0,1,1,72.09,86.51,1.758,30.3587,0.5926,79.3,6907d5427709b680225b175e83d5104612d6abe26c3a731ed19a925da7c082a2
scal__mixed_complex__Fully-connected_GAT__N8__seed0__ep09,zero_shot_team_size_stress,mixed_complex,Fully-connected GAT,4,8,1,0,9,ON,56,56,56,1,0.1736,0.5674,1.3843,2.4917,1.6,2000,0.83,0,1,1,67.02,80.42,2.08,30.0591,0.5998,73.7,6907d5427709b680225b175e83d5104612d6abe26c3a731ed19a925da7c082a2
scal__mixed_complex__Fully-connected_GAT__N8__seed1__ep00,zero_shot_team_size_stress,mixed_complex,Fully-connected GAT,4,8,1,1,0,ON,56,56,56,1,0.1974,0.5736,1.3051,2.3491,1.6,2000,0.83,1,0,0,70.36,84.43,1.248,29.9552,0.825,77.4,625b60761c892177f8c0f5a45ae622a2f181d33a2f58e8256c5d27d26cdaba14
scal__mixed_complex__Fully-connected_GAT__N8__seed1__ep01,zero_shot_team_size_stress,mixed_complex,Fully-connected GAT,4,8,1,1,1,ON,56,56,56,1,0.1825,0.5658,1.4901,2.6821,1.6,2000,0.83,0,1,1,74.15,88.97,1.435,30.2072,0.6004,81.6,625b60761c892177f8c0f5a45ae622a2f181d33a2f58e8256c5d27d26cdaba14
scal__mixed_complex__Fully-connected_GAT__N8__seed1__ep02,zero_shot_team_size_stress,mixed_complex,Fully-connected GAT,4,8,1,1,2,ON,56,56,56,1,0.1731,0.5213,1.5803,2.8446,1.6,2000,0.83,1,0,0,74.49,89.39,1.175,30.3778,0.8105,81.9,625b60761c892177f8c0f5a45ae622a2f181d33a2f58e8256c5d27d26cdaba14
scal__mixed_complex__Fully-connected_GAT__N8__seed1__ep03,zero_shot_team_size_stress,mixed_complex,Fully-connected GAT,4,8,1,1,3,ON,56,56,56,1,0.187,0.5738,1.4997,2.6994,1.6,2000,0.83,1,0,0,67.03,80.44,2.136,30.7079,0.8318,73.7,625b60761c892177f8c0f5a45ae622a2f181d33a2f58e8256c5d27d26cdaba14
scal__mixed_complex__Fully-connected_GAT__N8__seed1__ep04,zero_shot_team_size_stress,mixed_complex,Fully-connected GAT,4,8,1,1,4,ON,56,56,56,1,0.1724,0.5517,1.3592,2.4465,1.6,2000,0.83,1,0,0,63.79,76.55,1.786,30.6949,0.8284,70.2,625b60761c892177f8c0f5a45ae622a2f181d33a2f58e8256c5d27d26cdaba14
scal__mixed_complex__Fully-connected_GAT__N8__seed1__ep05,zero_shot_team_size_stress,mixed_complex,Fully-connected GAT,4,8,1,1,5,ON,56,56,56,1,0.1983,0.5191,1.3506,2.4311,1.6,2000,0.83,1,0,1,69.16,82.99,2.199,30.4961,0.6282,76.1,625b60761c892177f8c0f5a45ae622a2f181d33a2f58e8256c5d27d26cdaba14
scal__mixed_complex__Fully-connected_GAT__N8__seed1__ep06,zero_shot_team_size_stress,mixed_complex,Fully-connected GAT,4,8,1,1,6,ON,56,56,56,1,0.189,0.5484,1.4618,2.6312,1.6,2000,0.83,1,0,0,70.94,85.13,1.366,31.5715,0.8138,78,625b60761c892177f8c0f5a45ae622a2f181d33a2f58e8256c5d27d26cdaba14
scal__mixed_complex__Fully-connected_GAT__N8__seed1__ep07,zero_shot_team_size_stress,mixed_complex,Fully-connected GAT,4,8,1,1,7,ON,56,56,56,1,0.1876,0.5112,1.4681,2.6426,1.6,2000,0.83,1,0,0,74.11,88.94,2.013,30.1029,0.813,81.5,625b60761c892177f8c0f5a45ae622a2f181d33a2f58e8256c5d27d26cdaba14
scal__mixed_complex__Fully-connected_GAT__N8__seed1__ep08,zero_shot_team_size_stress,mixed_complex,Fully-connected GAT,4,8,1,1,8,ON,56,56,56,1,0.1927,0.5505,1.4593,2.6268,1.6,2000,0.83,1,0,1,72.73,87.28,2.028,30.2007,0.5782,80,625b60761c892177f8c0f5a45ae622a2f181d33a2f58e8256c5d27d26cdaba14
scal__mixed_complex__Fully-connected_GAT__N8__seed1__ep09,zero_shot_team_size_stress,mixed_complex,Fully-connected GAT,4,8,1,1,9,ON,56,56,56,1,0.1808,0.5458,1.4454,2.6017,1.6,2000,0.83,1,0,0,73.31,87.98,1.486,29.402,0.8208,80.6,625b60761c892177f8c0f5a45ae622a2f181d33a2f58e8256c5d27d26cdaba14
scal__mixed_complex__Fully-connected_GAT__N8__seed2__ep00,zero_shot_team_size_stress,mixed_complex,Fully-connected GAT,4,8,1,2,0,ON,56,56,56,1,0.1844,0.5744,1.4688,2.6438,1.6,2000,0.83,1,0,0,70.72,84.86,1.346,30.5012,0.8046,77.8,5f471704c6d7db5093ce364f8b7a758649dc879676dad4f4a3b236be7b09a0a7
scal__mixed_complex__Fully-connected_GAT__N8__seed2__ep01,zero_shot_team_size_stress,mixed_complex,Fully-connected GAT,4,8,1,2,1,ON,56,56,56,1,0.194,0.5308,1.3763,2.4773,1.6,2000,0.83,1,0,0,67.56,81.08,2.176,30.2964,0.8221,74.3,5f471704c6d7db5093ce364f8b7a758649dc879676dad4f4a3b236be7b09a0a7
scal__mixed_complex__Fully-connected_GAT__N8__seed2__ep02,zero_shot_team_size_stress,mixed_complex,Fully-connected GAT,4,8,1,2,2,ON,56,56,56,1,0.1859,0.5347,1.4298,2.5737,1.6,2000,0.83,1,0,0,68.86,82.63,1.381,31.362,0.829,75.7,5f471704c6d7db5093ce364f8b7a758649dc879676dad4f4a3b236be7b09a0a7
scal__mixed_complex__Fully-connected_GAT__N8__seed2__ep03,zero_shot_team_size_stress,mixed_complex,Fully-connected GAT,4,8,1,2,3,ON,56,56,56,1,0.1814,0.5051,1.411,2.5399,1.6,2000,0.83,1,0,1,70.21,84.25,1.87,29.9648,0.606,77.2,5f471704c6d7db5093ce364f8b7a758649dc879676dad4f4a3b236be7b09a0a7
scal__mixed_complex__Fully-connected_GAT__N8__seed2__ep04,zero_shot_team_size_stress,mixed_complex,Fully-connected GAT,4,8,1,2,4,ON,56,56,56,1,0.1953,0.5491,1.4684,2.643,1.6,2000,0.83,1,0,0,64.6,77.53,1.105,30.3943,0.8192,71.1,5f471704c6d7db5093ce364f8b7a758649dc879676dad4f4a3b236be7b09a0a7
scal__mixed_complex__Fully-connected_GAT__N8__seed2__ep05,zero_shot_team_size_stress,mixed_complex,Fully-connected GAT,4,8,1,2,5,ON,56,56,56,1,0.1929,0.5726,1.4596,2.6273,1.6,2000,0.83,1,0,0,74.29,89.15,1.992,30.6741,0.8241,81.7,5f471704c6d7db5093ce364f8b7a758649dc879676dad4f4a3b236be7b09a0a7
scal__mixed_complex__Fully-connected_GAT__N8__seed2__ep06,zero_shot_team_size_stress,mixed_complex,Fully-connected GAT,4,8,1,2,6,ON,56,56,56,1,0.1728,0.5416,1.545,2.7811,1.6,2000,0.83,1,0,0,72.19,86.63,1.166,30.6675,0.8246,79.4,5f471704c6d7db5093ce364f8b7a758649dc879676dad4f4a3b236be7b09a0a7
scal__mixed_complex__Fully-connected_GAT__N8__seed2__ep07,zero_shot_team_size_stress,mixed_complex,Fully-connected GAT,4,8,1,2,7,ON,56,56,56,1,0.197,0.5707,1.5138,2.7249,1.6,2000,0.83,1,0,0,65.21,78.26,1.246,29.8282,0.823,71.7,5f471704c6d7db5093ce364f8b7a758649dc879676dad4f4a3b236be7b09a0a7
scal__mixed_complex__Fully-connected_GAT__N8__seed2__ep08,zero_shot_team_size_stress,mixed_complex,Fully-connected GAT,4,8,1,2,8,ON,56,56,56,1,0.1962,0.5343,1.4671,2.6408,1.6,2000,0.83,0,1,1,68.33,82,1.489,30.0176,0.602,75.2,5f471704c6d7db5093ce364f8b7a758649dc879676dad4f4a3b236be7b09a0a7
scal__mixed_complex__Fully-connected_GAT__N8__seed2__ep09,zero_shot_team_size_stress,mixed_complex,Fully-connected GAT,4,8,1,2,9,ON,56,56,56,1,0.1718,0.527,1.5517,2.793,1.6,2000,0.83,1,0,0,64.13,76.95,1.131,31.9419,0.8238,70.5,5f471704c6d7db5093ce364f8b7a758649dc879676dad4f4a3b236be7b09a0a7
scal__mixed_complex__Fully-connected_GAT__N8__seed3__ep00,zero_shot_team_size_stress,mixed_complex,Fully-connected GAT,4,8,1,3,0,ON,56,56,56,1,0.1956,0.5499,1.3202,2.3764,1.6,2000,0.83,1,0,0,66.85,80.22,2.078,31.1113,0.8247,73.5,a0b34284160998f6a6bfba14d60632f2538fa929bca26bc3fa42002ddc241103
scal__mixed_complex__Fully-connected_GAT__N8__seed3__ep01,zero_shot_team_size_stress,mixed_complex,Fully-connected GAT,4,8,1,3,1,ON,56,56,56,1,0.1979,0.5191,1.4599,2.6279,1.6,2000,0.83,1,0,1,68.45,82.14,1.241,29.9667,0.5985,75.3,a0b34284160998f6a6bfba14d60632f2538fa929bca26bc3fa42002ddc241103
scal__mixed_complex__Fully-connected_GAT__N8__seed3__ep02,zero_shot_team_size_stress,mixed_complex,Fully-connected GAT,4,8,1,3,2,ON,56,56,56,1,0.1842,0.5621,1.3253,2.3856,1.6,2000,0.83,1,0,0,64.56,77.47,1.433,30.0188,0.8315,71,a0b34284160998f6a6bfba14d60632f2538fa929bca26bc3fa42002ddc241103
scal__mixed_complex__Fully-connected_GAT__N8__seed3__ep03,zero_shot_team_size_stress,mixed_complex,Fully-connected GAT,4,8,1,3,3,ON,56,56,56,1,0.1716,0.5432,1.5266,2.7478,1.6,2000,0.83,1,0,0,71.14,85.37,1.899,29.7996,0.8148,78.3,a0b34284160998f6a6bfba14d60632f2538fa929bca26bc3fa42002ddc241103
scal__mixed_complex__Fully-connected_GAT__N8__seed3__ep04,zero_shot_team_size_stress,mixed_complex,Fully-connected GAT,4,8,1,3,4,ON,56,56,56,1,0.1827,0.5133,1.3725,2.4705,1.6,2000,0.83,1,0,0,65.83,79,1.632,30.2613,0.8043,72.4,a0b34284160998f6a6bfba14d60632f2538fa929bca26bc3fa42002ddc241103
scal__mixed_complex__Fully-connected_GAT__N8__seed3__ep05,zero_shot_team_size_stress,mixed_complex,Fully-connected GAT,4,8,1,3,5,ON,56,56,56,1,0.191,0.518,1.326,2.3869,1.6,2000,0.83,1,0,0,72.44,86.92,1.703,30.0617,0.8256,79.7,a0b34284160998f6a6bfba14d60632f2538fa929bca26bc3fa42002ddc241103
scal__mixed_complex__Fully-connected_GAT__N8__seed3__ep06,zero_shot_team_size_stress,mixed_complex,Fully-connected GAT,4,8,1,3,6,ON,56,56,56,1,0.1962,0.5359,1.482,2.6676,1.6,2000,0.83,1,0,0,72.85,87.42,1.892,29.7684,0.8129,80.1,a0b34284160998f6a6bfba14d60632f2538fa929bca26bc3fa42002ddc241103
scal__mixed_complex__Fully-connected_GAT__N8__seed3__ep07,zero_shot_team_size_stress,mixed_complex,Fully-connected GAT,4,8,1,3,7,ON,56,56,56,1,0.1844,0.5337,1.5889,2.86,1.6,2000,0.83,1,0,0,73.47,88.16,1.987,29.4662,0.8181,80.8,a0b34284160998f6a6bfba14d60632f2538fa929bca26bc3fa42002ddc241103
scal__mixed_complex__Fully-connected_GAT__N8__seed3__ep08,zero_shot_team_size_stress,mixed_complex,Fully-connected GAT,4,8,1,3,8,ON,56,56,56,1,0.1761,0.5573,1.5443,2.7797,1.6,2000,0.83,1,0,0,65.3,78.36,1.929,30.3775,0.8168,71.8,a0b34284160998f6a6bfba14d60632f2538fa929bca26bc3fa42002ddc241103
scal__mixed_complex__Fully-connected_GAT__N8__seed3__ep09,zero_shot_team_size_stress,mixed_complex,Fully-connected GAT,4,8,1,3,9,ON,56,56,56,1,0.1792,0.5076,1.5979,2.8762,1.6,2000,0.83,1,0,0,72.84,87.41,1.923,30.9812,0.827,80.1,a0b34284160998f6a6bfba14d60632f2538fa929bca26bc3fa42002ddc241103
scal__mixed_complex__Fully-connected_GAT__N8__seed4__ep00,zero_shot_team_size_stress,mixed_complex,Fully-connected GAT,4,8,1,4,0,ON,56,56,56,1,0.1997,0.5427,1.4746,2.6543,1.6,2000,0.83,1,0,1,72.72,87.27,1.285,31.0796,0.5836,80,2e36d3eee72b97f47984be496cf1d347d825ffe26b59cfd86407a475fd71af1c
scal__mixed_complex__Fully-connected_GAT__N8__seed4__ep01,zero_shot_team_size_stress,mixed_complex,Fully-connected GAT,4,8,1,4,1,ON,56,56,56,1,0.1762,0.5349,1.4264,2.5676,1.6,2000,0.83,1,0,1,71.18,85.41,2.029,29.8623,0.5818,78.3,2e36d3eee72b97f47984be496cf1d347d825ffe26b59cfd86407a475fd71af1c
scal__mixed_complex__Fully-connected_GAT__N8__seed4__ep02,zero_shot_team_size_stress,mixed_complex,Fully-connected GAT,4,8,1,4,2,ON,56,56,56,1,0.1848,0.5526,1.4737,2.6526,1.6,2000,0.83,1,0,1,75.29,90.35,1.524,30.1104,0.5954,82.8,2e36d3eee72b97f47984be496cf1d347d825ffe26b59cfd86407a475fd71af1c
scal__mixed_complex__Fully-connected_GAT__N8__seed4__ep03,zero_shot_team_size_stress,mixed_complex,Fully-connected GAT,4,8,1,4,3,ON,56,56,56,1,0.1772,0.5658,1.4825,2.6686,1.6,2000,0.83,1,0,0,67,80.4,1.986,29.9697,0.8173,73.7,2e36d3eee72b97f47984be496cf1d347d825ffe26b59cfd86407a475fd71af1c
scal__mixed_complex__Fully-connected_GAT__N8__seed4__ep04,zero_shot_team_size_stress,mixed_complex,Fully-connected GAT,4,8,1,4,4,ON,56,56,56,1,0.1888,0.5362,1.4904,2.6827,1.6,2000,0.83,1,0,0,72.36,86.84,2.058,30.9171,0.8113,79.6,2e36d3eee72b97f47984be496cf1d347d825ffe26b59cfd86407a475fd71af1c
scal__mixed_complex__Fully-connected_GAT__N8__seed4__ep05,zero_shot_team_size_stress,mixed_complex,Fully-connected GAT,4,8,1,4,5,ON,56,56,56,1,0.187,0.5332,1.4623,2.6322,1.6,2000,0.83,1,0,0,64.97,77.96,1.8,31.0409,0.8232,71.5,2e36d3eee72b97f47984be496cf1d347d825ffe26b59cfd86407a475fd71af1c
scal__mixed_complex__Fully-connected_GAT__N8__seed4__ep06,zero_shot_team_size_stress,mixed_complex,Fully-connected GAT,4,8,1,4,6,ON,56,56,56,1,0.1976,0.5762,1.4172,2.5509,1.6,2000,0.83,1,0,0,64.8,77.76,1.796,31.8003,0.8097,71.3,2e36d3eee72b97f47984be496cf1d347d825ffe26b59cfd86407a475fd71af1c
scal__mixed_complex__Fully-connected_GAT__N8__seed4__ep07,zero_shot_team_size_stress,mixed_complex,Fully-connected GAT,4,8,1,4,7,ON,56,56,56,1,0.1927,0.5233,1.4136,2.5445,1.6,2000,0.83,1,0,0,74.75,89.7,1.667,30.42,0.8025,82.2,2e36d3eee72b97f47984be496cf1d347d825ffe26b59cfd86407a475fd71af1c
scal__mixed_complex__Fully-connected_GAT__N8__seed4__ep08,zero_shot_team_size_stress,mixed_complex,Fully-connected GAT,4,8,1,4,8,ON,56,56,56,1,0.1921,0.5572,1.3247,2.3845,1.6,2000,0.83,1,0,0,73.45,88.14,1.304,28.8856,0.8283,80.8,2e36d3eee72b97f47984be496cf1d347d825ffe26b59cfd86407a475fd71af1c
scal__mixed_complex__Fully-connected_GAT__N8__seed4__ep09,zero_shot_team_size_stress,mixed_complex,Fully-connected GAT,4,8,1,4,9,ON,56,56,56,1,0.1801,0.5347,1.4223,2.5602,1.6,2000,0.83,1,0,0,66.01,79.21,1.388,30.8392,0.8335,72.6,2e36d3eee72b97f47984be496cf1d347d825ffe26b59cfd86407a475fd71af1c
scal__mixed_complex__Fully-connected_GAT__N8__seed5__ep00,zero_shot_team_size_stress,mixed_complex,Fully-connected GAT,4,8,1,5,0,ON,56,56,56,1,0.1919,0.5093,1.5656,2.818,1.6,2000,0.83,0,1,1,66.35,79.62,1.69,30.0092,0.6218,73,d44280e378362cd408f6f040450d5445982ed7615924685f3f342c73ffb525d5
scal__mixed_complex__Fully-connected_GAT__N8__seed5__ep01,zero_shot_team_size_stress,mixed_complex,Fully-connected GAT,4,8,1,5,1,ON,56,56,56,1,0.1715,0.5519,1.3619,2.4514,1.6,2000,0.83,0,1,1,64.09,76.91,1.136,29.4351,0.5853,70.5,d44280e378362cd408f6f040450d5445982ed7615924685f3f342c73ffb525d5
scal__mixed_complex__Fully-connected_GAT__N8__seed5__ep02,zero_shot_team_size_stress,mixed_complex,Fully-connected GAT,4,8,1,5,2,ON,56,56,56,1,0.1912,0.5346,1.5109,2.7196,1.6,2000,0.83,1,0,0,64.93,77.92,1.369,30.7978,0.8309,71.4,d44280e378362cd408f6f040450d5445982ed7615924685f3f342c73ffb525d5
scal__mixed_complex__Fully-connected_GAT__N8__seed5__ep03,zero_shot_team_size_stress,mixed_complex,Fully-connected GAT,4,8,1,5,3,ON,56,56,56,1,0.1841,0.5117,1.5887,2.8597,1.6,2000,0.83,1,0,0,72.79,87.35,1.946,29.8784,0.8023,80.1,d44280e378362cd408f6f040450d5445982ed7615924685f3f342c73ffb525d5
scal__mixed_complex__Fully-connected_GAT__N8__seed5__ep04,zero_shot_team_size_stress,mixed_complex,Fully-connected GAT,4,8,1,5,4,ON,56,56,56,1,0.1998,0.5342,1.5404,2.7728,1.6,2000,0.83,1,0,0,67.9,81.49,1.399,30.1484,0.83,74.7,d44280e378362cd408f6f040450d5445982ed7615924685f3f342c73ffb525d5
scal__mixed_complex__Fully-connected_GAT__N8__seed5__ep05,zero_shot_team_size_stress,mixed_complex,Fully-connected GAT,4,8,1,5,5,ON,56,56,56,1,0.1701,0.5008,1.508,2.7144,1.6,2000,0.83,1,0,0,68.69,82.43,2.105,30.3924,0.8203,75.6,d44280e378362cd408f6f040450d5445982ed7615924685f3f342c73ffb525d5
scal__mixed_complex__Fully-connected_GAT__N8__seed5__ep06,zero_shot_team_size_stress,mixed_complex,Fully-connected GAT,4,8,1,5,6,ON,56,56,56,1,0.1788,0.5513,1.5493,2.7888,1.6,2000,0.83,1,0,0,71.61,85.93,1.732,29.8343,0.8055,78.8,d44280e378362cd408f6f040450d5445982ed7615924685f3f342c73ffb525d5
scal__mixed_complex__Fully-connected_GAT__N8__seed5__ep07,zero_shot_team_size_stress,mixed_complex,Fully-connected GAT,4,8,1,5,7,ON,56,56,56,1,0.19,0.546,1.4008,2.5214,1.6,2000,0.83,1,0,0,68.57,82.28,1.154,30.7586,0.8197,75.4,d44280e378362cd408f6f040450d5445982ed7615924685f3f342c73ffb525d5
scal__mixed_complex__Fully-connected_GAT__N8__seed5__ep08,zero_shot_team_size_stress,mixed_complex,Fully-connected GAT,4,8,1,5,8,ON,56,56,56,1,0.1814,0.5689,1.5084,2.7152,1.6,2000,0.83,1,0,0,73.15,87.77,1.668,31.162,0.8204,80.5,d44280e378362cd408f6f040450d5445982ed7615924685f3f342c73ffb525d5
scal__mixed_complex__Fully-connected_GAT__N8__seed5__ep09,zero_shot_team_size_stress,mixed_complex,Fully-connected GAT,4,8,1,5,9,ON,56,56,56,1,0.1905,0.5134,1.4316,2.5769,1.6,2000,0.83,1,0,0,68.51,82.22,2.048,30.4668,0.8063,75.4,d44280e378362cd408f6f040450d5445982ed7615924685f3f342c73ffb525d5
scal__mixed_complex__Fully-connected_GAT__N8__seed6__ep00,zero_shot_team_size_stress,mixed_complex,Fully-connected GAT,4,8,1,6,0,ON,56,56,56,1,0.17,0.5092,1.5731,2.8316,1.6,2000,0.83,1,0,1,69.31,83.17,1.518,29.5638,0.5723,76.2,e74746e4d7f84a1df3b44a7ef354368b27c805feef1f3e065c48151b11177900
scal__mixed_complex__Fully-connected_GAT__N8__seed6__ep01,zero_shot_team_size_stress,mixed_complex,Fully-connected GAT,4,8,1,6,1,ON,56,56,56,1,0.1797,0.5145,1.3971,2.5147,1.6,2000,0.83,1,0,1,68.54,82.24,1.73,29.1808,0.6107,75.4,e74746e4d7f84a1df3b44a7ef354368b27c805feef1f3e065c48151b11177900
scal__mixed_complex__Fully-connected_GAT__N8__seed6__ep02,zero_shot_team_size_stress,mixed_complex,Fully-connected GAT,4,8,1,6,2,ON,56,56,56,1,0.176,0.5116,1.4587,2.6256,1.6,2000,0.83,0,1,1,69.6,83.52,1.56,30.8191,0.6049,76.6,e74746e4d7f84a1df3b44a7ef354368b27c805feef1f3e065c48151b11177900
scal__mixed_complex__Fully-connected_GAT__N8__seed6__ep03,zero_shot_team_size_stress,mixed_complex,Fully-connected GAT,4,8,1,6,3,ON,56,56,56,1,0.1725,0.5758,1.4535,2.6163,1.6,2000,0.83,0,1,1,71.54,85.85,1.586,30.8303,0.5719,78.7,e74746e4d7f84a1df3b44a7ef354368b27c805feef1f3e065c48151b11177900
scal__mixed_complex__Fully-connected_GAT__N8__seed6__ep04,zero_shot_team_size_stress,mixed_complex,Fully-connected GAT,4,8,1,6,4,ON,56,56,56,1,0.1913,0.5157,1.3009,2.3416,1.6,2000,0.83,1,0,0,75.04,90.05,1.323,30.3381,0.8364,82.5,e74746e4d7f84a1df3b44a7ef354368b27c805feef1f3e065c48151b11177900
scal__mixed_complex__Fully-connected_GAT__N8__seed6__ep05,zero_shot_team_size_stress,mixed_complex,Fully-connected GAT,4,8,1,6,5,ON,56,56,56,1,0.1748,0.5455,1.5704,2.8267,1.6,2000,0.83,1,0,0,69.27,83.13,1.435,30.5921,0.8133,76.2,e74746e4d7f84a1df3b44a7ef354368b27c805feef1f3e065c48151b11177900
scal__mixed_complex__Fully-connected_GAT__N8__seed6__ep06,zero_shot_team_size_stress,mixed_complex,Fully-connected GAT,4,8,1,6,6,ON,56,56,56,1,0.1799,0.5666,1.584,2.8512,1.6,2000,0.83,1,0,0,75.26,90.31,1.275,31.7831,0.8197,82.8,e74746e4d7f84a1df3b44a7ef354368b27c805feef1f3e065c48151b11177900
scal__mixed_complex__Fully-connected_GAT__N8__seed6__ep07,zero_shot_team_size_stress,mixed_complex,Fully-connected GAT,4,8,1,6,7,ON,56,56,56,1,0.1958,0.533,1.4457,2.6022,1.6,2000,0.83,1,0,0,66.1,79.32,2.105,30.3425,0.803,72.7,e74746e4d7f84a1df3b44a7ef354368b27c805feef1f3e065c48151b11177900
scal__mixed_complex__Fully-connected_GAT__N8__seed6__ep08,zero_shot_team_size_stress,mixed_complex,Fully-connected GAT,4,8,1,6,8,ON,56,56,56,1,0.1791,0.5408,1.3487,2.4277,1.6,2000,0.83,1,0,0,71.96,86.36,1.881,30.4588,0.8242,79.2,e74746e4d7f84a1df3b44a7ef354368b27c805feef1f3e065c48151b11177900
scal__mixed_complex__Fully-connected_GAT__N8__seed6__ep09,zero_shot_team_size_stress,mixed_complex,Fully-connected GAT,4,8,1,6,9,ON,56,56,56,1,0.1838,0.5608,1.3548,2.4387,1.6,2000,0.83,1,0,0,67.04,80.44,1.22,29.4764,0.8156,73.7,e74746e4d7f84a1df3b44a7ef354368b27c805feef1f3e065c48151b11177900
scal__mixed_complex__Fully-connected_GAT__N8__seed7__ep00,zero_shot_team_size_stress,mixed_complex,Fully-connected GAT,4,8,1,7,0,ON,56,56,56,1,0.195,0.549,1.3082,2.3548,1.6,2000,0.83,1,0,0,64.25,77.1,2.106,30.4345,0.8173,70.7,834b9fc8cfe54c848b1b008b8df659eb012e3f430b165cbdf07ad29570037fa3
scal__mixed_complex__Fully-connected_GAT__N8__seed7__ep01,zero_shot_team_size_stress,mixed_complex,Fully-connected GAT,4,8,1,7,1,ON,56,56,56,1,0.1876,0.5614,1.4685,2.6433,1.6,2000,0.83,1,0,0,66.27,79.52,2.124,30.1559,0.8117,72.9,834b9fc8cfe54c848b1b008b8df659eb012e3f430b165cbdf07ad29570037fa3
scal__mixed_complex__Fully-connected_GAT__N8__seed7__ep02,zero_shot_team_size_stress,mixed_complex,Fully-connected GAT,4,8,1,7,2,ON,56,56,56,1,0.1798,0.5604,1.4466,2.6038,1.6,2000,0.83,1,0,0,74.87,89.84,1.437,30.2891,0.8259,82.4,834b9fc8cfe54c848b1b008b8df659eb012e3f430b165cbdf07ad29570037fa3
scal__mixed_complex__Fully-connected_GAT__N8__seed7__ep03,zero_shot_team_size_stress,mixed_complex,Fully-connected GAT,4,8,1,7,3,ON,56,56,56,1,0.1735,0.546,1.5139,2.7251,1.6,2000,0.83,1,0,1,73.08,87.7,1.711,29.6828,0.6335,80.4,834b9fc8cfe54c848b1b008b8df659eb012e3f430b165cbdf07ad29570037fa3
scal__mixed_complex__Fully-connected_GAT__N8__seed7__ep04,zero_shot_team_size_stress,mixed_complex,Fully-connected GAT,4,8,1,7,4,ON,56,56,56,1,0.1926,0.5285,1.3869,2.4964,1.6,2000,0.83,1,0,0,75.79,90.95,1.403,30.2556,0.8236,83.4,834b9fc8cfe54c848b1b008b8df659eb012e3f430b165cbdf07ad29570037fa3
scal__mixed_complex__Fully-connected_GAT__N8__seed7__ep05,zero_shot_team_size_stress,mixed_complex,Fully-connected GAT,4,8,1,7,5,ON,56,56,56,1,0.1807,0.5724,1.5011,2.7019,1.6,2000,0.83,1,0,0,71.77,86.12,1.454,30.492,0.8201,78.9,834b9fc8cfe54c848b1b008b8df659eb012e3f430b165cbdf07ad29570037fa3
scal__mixed_complex__Fully-connected_GAT__N8__seed7__ep06,zero_shot_team_size_stress,mixed_complex,Fully-connected GAT,4,8,1,7,6,ON,56,56,56,1,0.172,0.546,1.4941,2.6894,1.6,2000,0.83,1,0,0,73.86,88.63,1.927,29.9653,0.821,81.2,834b9fc8cfe54c848b1b008b8df659eb012e3f430b165cbdf07ad29570037fa3
scal__mixed_complex__Fully-connected_GAT__N8__seed7__ep07,zero_shot_team_size_stress,mixed_complex,Fully-connected GAT,4,8,1,7,7,ON,56,56,56,1,0.1871,0.5164,1.3918,2.5053,1.6,2000,0.83,1,0,0,63.9,76.68,2.046,29.0883,0.8267,70.3,834b9fc8cfe54c848b1b008b8df659eb012e3f430b165cbdf07ad29570037fa3
scal__mixed_complex__Fully-connected_GAT__N8__seed7__ep08,zero_shot_team_size_stress,mixed_complex,Fully-connected GAT,4,8,1,7,8,ON,56,56,56,1,0.1704,0.5378,1.5376,2.7677,1.6,2000,0.83,1,0,0,74.99,89.99,1.139,30.8691,0.8137,82.5,834b9fc8cfe54c848b1b008b8df659eb012e3f430b165cbdf07ad29570037fa3
scal__mixed_complex__Fully-connected_GAT__N8__seed7__ep09,zero_shot_team_size_stress,mixed_complex,Fully-connected GAT,4,8,1,7,9,ON,56,56,56,1,0.1814,0.555,1.4419,2.5954,1.6,2000,0.83,1,0,0,74.86,89.83,1.332,31.3356,0.8035,82.3,834b9fc8cfe54c848b1b008b8df659eb012e3f430b165cbdf07ad29570037fa3
scal__mixed_complex__Fully-connected_GAT__N10__seed0__ep00,zero_shot_team_size_stress,mixed_complex,Fully-connected GAT,4,10,1,0,0,ON,90,90,90,1,0.2213,0.6779,1.7245,3.1042,1.8,2400,0.77,1,0,0,83.41,102.18,2.49,34.0594,0.7884,91.8,6907d5427709b680225b175e83d5104612d6abe26c3a731ed19a925da7c082a2
scal__mixed_complex__Fully-connected_GAT__N10__seed0__ep01,zero_shot_team_size_stress,mixed_complex,Fully-connected GAT,4,10,1,0,1,ON,90,90,90,1,0.2209,0.7173,1.7547,3.1585,1.8,2400,0.77,1,0,0,78.41,96.05,2.451,34.4256,0.7847,86.2,6907d5427709b680225b175e83d5104612d6abe26c3a731ed19a925da7c082a2
scal__mixed_complex__Fully-connected_GAT__N10__seed0__ep02,zero_shot_team_size_stress,mixed_complex,Fully-connected GAT,4,10,1,0,2,ON,90,90,90,1,0.2257,0.6533,1.8342,3.3016,1.8,2400,0.77,1,0,0,80.87,99.07,1.682,33.5153,0.8029,89,6907d5427709b680225b175e83d5104612d6abe26c3a731ed19a925da7c082a2
scal__mixed_complex__Fully-connected_GAT__N10__seed0__ep03,zero_shot_team_size_stress,mixed_complex,Fully-connected GAT,4,10,1,0,3,ON,90,90,90,1,0.2291,0.6462,1.6105,2.8989,1.8,2400,0.77,1,0,0,78.67,96.36,1.796,33.6664,0.7825,86.5,6907d5427709b680225b175e83d5104612d6abe26c3a731ed19a925da7c082a2
scal__mixed_complex__Fully-connected_GAT__N10__seed0__ep04,zero_shot_team_size_stress,mixed_complex,Fully-connected GAT,4,10,1,0,4,ON,90,90,90,1,0.2419,0.6861,1.7454,3.1418,1.8,2400,0.77,1,0,0,81.43,99.75,2.029,35.0304,0.7783,89.6,6907d5427709b680225b175e83d5104612d6abe26c3a731ed19a925da7c082a2
scal__mixed_complex__Fully-connected_GAT__N10__seed0__ep05,zero_shot_team_size_stress,mixed_complex,Fully-connected GAT,4,10,1,0,5,ON,90,90,90,1,0.2377,0.6437,1.6873,3.0371,1.8,2400,0.77,1,0,0,82.84,101.48,1.8,34.8814,0.7859,91.1,6907d5427709b680225b175e83d5104612d6abe26c3a731ed19a925da7c082a2
scal__mixed_complex__Fully-connected_GAT__N10__seed0__ep06,zero_shot_team_size_stress,mixed_complex,Fully-connected GAT,4,10,1,0,6,ON,90,90,90,1,0.2344,0.6823,1.8016,3.2429,1.8,2400,0.77,1,0,0,77.81,95.32,1.639,34.1211,0.7868,85.6,6907d5427709b680225b175e83d5104612d6abe26c3a731ed19a925da7c082a2
scal__mixed_complex__Fully-connected_GAT__N10__seed0__ep07,zero_shot_team_size_stress,mixed_complex,Fully-connected GAT,4,10,1,0,7,ON,90,90,90,1,0.2288,0.6772,1.6879,3.0382,1.8,2400,0.77,1,0,0,76.99,94.31,1.535,34.6488,0.7849,84.7,6907d5427709b680225b175e83d5104612d6abe26c3a731ed19a925da7c082a2
scal__mixed_complex__Fully-connected_GAT__N10__seed0__ep08,zero_shot_team_size_stress,mixed_complex,Fully-connected GAT,4,10,1,0,8,ON,90,90,90,1,0.2479,0.6774,1.889,3.4002,1.8,2400,0.77,1,0,0,82,100.45,1.73,33.7519,0.78,90.2,6907d5427709b680225b175e83d5104612d6abe26c3a731ed19a925da7c082a2
scal__mixed_complex__Fully-connected_GAT__N10__seed0__ep09,zero_shot_team_size_stress,mixed_complex,Fully-connected GAT,4,10,1,0,9,ON,90,90,90,1,0.2274,0.6989,1.8374,3.3072,1.8,2400,0.77,1,0,1,74.1,90.78,1.677,34.0439,0.5882,81.5,6907d5427709b680225b175e83d5104612d6abe26c3a731ed19a925da7c082a2
scal__mixed_complex__Fully-connected_GAT__N10__seed1__ep00,zero_shot_team_size_stress,mixed_complex,Fully-connected GAT,4,10,1,1,0,ON,90,90,90,1,0.2256,0.6709,1.6253,2.9255,1.8,2400,0.77,1,0,0,82.84,101.48,2.531,33.6361,0.7772,91.1,625b60761c892177f8c0f5a45ae622a2f181d33a2f58e8256c5d27d26cdaba14
scal__mixed_complex__Fully-connected_GAT__N10__seed1__ep01,zero_shot_team_size_stress,mixed_complex,Fully-connected GAT,4,10,1,1,1,ON,90,90,90,1,0.2285,0.7057,1.6575,2.9836,1.8,2400,0.77,1,0,1,83.79,102.64,1.988,33.9476,0.6179,92.2,625b60761c892177f8c0f5a45ae622a2f181d33a2f58e8256c5d27d26cdaba14
scal__mixed_complex__Fully-connected_GAT__N10__seed1__ep02,zero_shot_team_size_stress,mixed_complex,Fully-connected GAT,4,10,1,1,2,ON,90,90,90,1,0.2496,0.664,1.6539,2.977,1.8,2400,0.77,1,0,1,72.68,89.04,1.58,34.1665,0.6124,80,625b60761c892177f8c0f5a45ae622a2f181d33a2f58e8256c5d27d26cdaba14
scal__mixed_complex__Fully-connected_GAT__N10__seed1__ep03,zero_shot_team_size_stress,mixed_complex,Fully-connected GAT,4,10,1,1,3,ON,90,90,90,1,0.233,0.6945,1.8043,3.2477,1.8,2400,0.77,1,0,1,82.05,100.51,2.318,34.4477,0.6176,90.3,625b60761c892177f8c0f5a45ae622a2f181d33a2f58e8256c5d27d26cdaba14
scal__mixed_complex__Fully-connected_GAT__N10__seed1__ep04,zero_shot_team_size_stress,mixed_complex,Fully-connected GAT,4,10,1,1,4,ON,90,90,90,1,0.2211,0.6412,1.7402,3.1323,1.8,2400,0.77,1,0,0,78.99,96.77,2.235,32.4001,0.8058,86.9,625b60761c892177f8c0f5a45ae622a2f181d33a2f58e8256c5d27d26cdaba14
scal__mixed_complex__Fully-connected_GAT__N10__seed1__ep05,zero_shot_team_size_stress,mixed_complex,Fully-connected GAT,4,10,1,1,5,ON,90,90,90,1,0.2419,0.7163,1.8234,3.282,1.8,2400,0.77,1,0,0,74.72,91.53,1.821,34.0327,0.7828,82.2,625b60761c892177f8c0f5a45ae622a2f181d33a2f58e8256c5d27d26cdaba14
scal__mixed_complex__Fully-connected_GAT__N10__seed1__ep06,zero_shot_team_size_stress,mixed_complex,Fully-connected GAT,4,10,1,1,6,ON,90,90,90,1,0.2266,0.696,1.6086,2.8955,1.8,2400,0.77,1,0,0,78.84,96.58,2.132,34.3851,0.7761,86.7,625b60761c892177f8c0f5a45ae622a2f181d33a2f58e8256c5d27d26cdaba14
scal__mixed_complex__Fully-connected_GAT__N10__seed1__ep07,zero_shot_team_size_stress,mixed_complex,Fully-connected GAT,4,10,1,1,7,ON,90,90,90,1,0.2232,0.6516,1.6455,2.962,1.8,2400,0.77,1,0,0,80.3,98.37,1.73,33.2302,0.7939,88.3,625b60761c892177f8c0f5a45ae622a2f181d33a2f58e8256c5d27d26cdaba14
scal__mixed_complex__Fully-connected_GAT__N10__seed1__ep08,zero_shot_team_size_stress,mixed_complex,Fully-connected GAT,4,10,1,1,8,ON,90,90,90,1,0.2455,0.6942,1.68,3.024,1.8,2400,0.77,1,0,0,78.42,96.06,2.19,34.0323,0.797,86.3,625b60761c892177f8c0f5a45ae622a2f181d33a2f58e8256c5d27d26cdaba14
scal__mixed_complex__Fully-connected_GAT__N10__seed1__ep09,zero_shot_team_size_stress,mixed_complex,Fully-connected GAT,4,10,1,1,9,ON,90,90,90,1,0.2329,0.6784,1.6023,2.8841,1.8,2400,0.77,1,0,0,81.73,100.12,2.009,34.2738,0.7923,89.9,625b60761c892177f8c0f5a45ae622a2f181d33a2f58e8256c5d27d26cdaba14
scal__mixed_complex__Fully-connected_GAT__N10__seed2__ep00,zero_shot_team_size_stress,mixed_complex,Fully-connected GAT,4,10,1,2,0,ON,90,90,90,1,0.2208,0.6554,1.8691,3.3645,1.8,2400,0.77,1,0,0,81.03,99.26,2.158,33.8452,0.7741,89.1,5f471704c6d7db5093ce364f8b7a758649dc879676dad4f4a3b236be7b09a0a7
scal__mixed_complex__Fully-connected_GAT__N10__seed2__ep01,zero_shot_team_size_stress,mixed_complex,Fully-connected GAT,4,10,1,2,1,ON,90,90,90,1,0.2476,0.7139,1.6226,2.9206,1.8,2400,0.77,1,0,0,71.77,87.92,2.102,32.8294,0.8011,78.9,5f471704c6d7db5093ce364f8b7a758649dc879676dad4f4a3b236be7b09a0a7
scal__mixed_complex__Fully-connected_GAT__N10__seed2__ep02,zero_shot_team_size_stress,mixed_complex,Fully-connected GAT,4,10,1,2,2,ON,90,90,90,1,0.2248,0.6887,1.7877,3.2178,1.8,2400,0.77,1,0,0,81.44,99.76,2.436,33.8994,0.7878,89.6,5f471704c6d7db5093ce364f8b7a758649dc879676dad4f4a3b236be7b09a0a7
scal__mixed_complex__Fully-connected_GAT__N10__seed2__ep03,zero_shot_team_size_stress,mixed_complex,Fully-connected GAT,4,10,1,2,3,ON,90,90,90,1,0.2451,0.66,1.8422,3.3159,1.8,2400,0.77,1,0,1,79.9,97.88,1.486,32.9356,0.6026,87.9,5f471704c6d7db5093ce364f8b7a758649dc879676dad4f4a3b236be7b09a0a7
scal__mixed_complex__Fully-connected_GAT__N10__seed2__ep04,zero_shot_team_size_stress,mixed_complex,Fully-connected GAT,4,10,1,2,4,ON,90,90,90,1,0.2298,0.7144,1.7985,3.2374,1.8,2400,0.77,1,0,1,74.6,91.39,1.95,33.5392,0.5855,82.1,5f471704c6d7db5093ce364f8b7a758649dc879676dad4f4a3b236be7b09a0a7
scal__mixed_complex__Fully-connected_GAT__N10__seed2__ep05,zero_shot_team_size_stress,mixed_complex,Fully-connected GAT,4,10,1,2,5,ON,90,90,90,1,0.221,0.6655,1.8086,3.2554,1.8,2400,0.77,1,0,0,71.02,87,2.053,34.125,0.8022,78.1,5f471704c6d7db5093ce364f8b7a758649dc879676dad4f4a3b236be7b09a0a7
scal__mixed_complex__Fully-connected_GAT__N10__seed2__ep06,zero_shot_team_size_stress,mixed_complex,Fully-connected GAT,4,10,1,2,6,ON,90,90,90,1,0.2434,0.6827,1.6115,2.9007,1.8,2400,0.77,1,0,0,73.68,90.26,2.016,34.176,0.7884,81.1,5f471704c6d7db5093ce364f8b7a758649dc879676dad4f4a3b236be7b09a0a7
scal__mixed_complex__Fully-connected_GAT__N10__seed2__ep07,zero_shot_team_size_stress,mixed_complex,Fully-connected GAT,4,10,1,2,7,ON,90,90,90,1,0.2463,0.6669,1.7912,3.2242,1.8,2400,0.77,1,0,1,81.28,99.56,2.369,34.8226,0.596,89.4,5f471704c6d7db5093ce364f8b7a758649dc879676dad4f4a3b236be7b09a0a7
scal__mixed_complex__Fully-connected_GAT__N10__seed2__ep08,zero_shot_team_size_stress,mixed_complex,Fully-connected GAT,4,10,1,2,8,ON,90,90,90,1,0.2339,0.6946,1.8427,3.3168,1.8,2400,0.77,1,0,0,74.39,91.12,1.519,33.5933,0.7918,81.8,5f471704c6d7db5093ce364f8b7a758649dc879676dad4f4a3b236be7b09a0a7
scal__mixed_complex__Fully-connected_GAT__N10__seed2__ep09,zero_shot_team_size_stress,mixed_complex,Fully-connected GAT,4,10,1,2,9,ON,90,90,90,1,0.2412,0.6532,1.6794,3.0229,1.8,2400,0.77,1,0,1,80.33,98.41,2.382,32.7568,0.5932,88.4,5f471704c6d7db5093ce364f8b7a758649dc879676dad4f4a3b236be7b09a0a7
scal__mixed_complex__Fully-connected_GAT__N10__seed3__ep00,zero_shot_team_size_stress,mixed_complex,Fully-connected GAT,4,10,1,3,0,ON,90,90,90,1,0.2384,0.7051,1.7701,3.1862,1.8,2400,0.77,1,0,0,76.98,94.31,2.453,33.1876,0.7989,84.7,a0b34284160998f6a6bfba14d60632f2538fa929bca26bc3fa42002ddc241103
scal__mixed_complex__Fully-connected_GAT__N10__seed3__ep01,zero_shot_team_size_stress,mixed_complex,Fully-connected GAT,4,10,1,3,1,ON,90,90,90,1,0.2279,0.7199,1.6322,2.938,1.8,2400,0.77,1,0,0,71.66,87.79,1.809,35.2366,0.8015,78.8,a0b34284160998f6a6bfba14d60632f2538fa929bca26bc3fa42002ddc241103
scal__mixed_complex__Fully-connected_GAT__N10__seed3__ep02,zero_shot_team_size_stress,mixed_complex,Fully-connected GAT,4,10,1,3,2,ON,90,90,90,1,0.2389,0.6731,1.717,3.0907,1.8,2400,0.77,1,0,0,73.87,90.49,2.313,34.8117,0.7849,81.3,a0b34284160998f6a6bfba14d60632f2538fa929bca26bc3fa42002ddc241103
scal__mixed_complex__Fully-connected_GAT__N10__seed3__ep03,zero_shot_team_size_stress,mixed_complex,Fully-connected GAT,4,10,1,3,3,ON,90,90,90,1,0.2445,0.654,1.8129,3.2631,1.8,2400,0.77,1,0,1,77.15,94.51,1.625,34.4067,0.6102,84.9,a0b34284160998f6a6bfba14d60632f2538fa929bca26bc3fa42002ddc241103
scal__mixed_complex__Fully-connected_GAT__N10__seed3__ep04,zero_shot_team_size_stress,mixed_complex,Fully-connected GAT,4,10,1,3,4,ON,90,90,90,1,0.2465,0.667,1.6059,2.8906,1.8,2400,0.77,0,1,1,80.54,98.66,1.973,33.0497,0.6138,88.6,a0b34284160998f6a6bfba14d60632f2538fa929bca26bc3fa42002ddc241103
scal__mixed_complex__Fully-connected_GAT__N10__seed3__ep05,zero_shot_team_size_stress,mixed_complex,Fully-connected GAT,4,10,1,3,5,ON,90,90,90,1,0.2223,0.6699,1.6685,3.0033,1.8,2400,0.77,1,0,0,73.97,90.62,1.626,34.3925,0.7945,81.4,a0b34284160998f6a6bfba14d60632f2538fa929bca26bc3fa42002ddc241103
scal__mixed_complex__Fully-connected_GAT__N10__seed3__ep06,zero_shot_team_size_stress,mixed_complex,Fully-connected GAT,4,10,1,3,6,ON,90,90,90,1,0.2361,0.6522,1.8355,3.3039,1.8,2400,0.77,0,1,1,74.07,90.73,1.704,32.6775,0.6018,81.5,a0b34284160998f6a6bfba14d60632f2538fa929bca26bc3fa42002ddc241103
scal__mixed_complex__Fully-connected_GAT__N10__seed3__ep07,zero_shot_team_size_stress,mixed_complex,Fully-connected GAT,4,10,1,3,7,ON,90,90,90,1,0.231,0.6814,1.6895,3.041,1.8,2400,0.77,1,0,0,76.12,93.24,1.951,34.4803,0.7912,83.7,a0b34284160998f6a6bfba14d60632f2538fa929bca26bc3fa42002ddc241103
scal__mixed_complex__Fully-connected_GAT__N10__seed3__ep08,zero_shot_team_size_stress,mixed_complex,Fully-connected GAT,4,10,1,3,8,ON,90,90,90,1,0.2466,0.7131,1.8178,3.2721,1.8,2400,0.77,1,0,0,72.76,89.14,2.378,33.5931,0.7773,80,a0b34284160998f6a6bfba14d60632f2538fa929bca26bc3fa42002ddc241103
scal__mixed_complex__Fully-connected_GAT__N10__seed3__ep09,zero_shot_team_size_stress,mixed_complex,Fully-connected GAT,4,10,1,3,9,ON,90,90,90,1,0.2486,0.6447,1.6046,2.8883,1.8,2400,0.77,1,0,0,83.34,102.09,1.561,34.2169,0.7816,91.7,a0b34284160998f6a6bfba14d60632f2538fa929bca26bc3fa42002ddc241103
scal__mixed_complex__Fully-connected_GAT__N10__seed4__ep00,zero_shot_team_size_stress,mixed_complex,Fully-connected GAT,4,10,1,4,0,ON,90,90,90,1,0.2243,0.6647,1.8334,3.3001,1.8,2400,0.77,1,0,0,81.49,99.83,1.474,34.0336,0.7788,89.6,2e36d3eee72b97f47984be496cf1d347d825ffe26b59cfd86407a475fd71af1c
scal__mixed_complex__Fully-connected_GAT__N10__seed4__ep01,zero_shot_team_size_stress,mixed_complex,Fully-connected GAT,4,10,1,4,1,ON,90,90,90,1,0.232,0.7144,1.7998,3.2396,1.8,2400,0.77,1,0,0,75.86,92.92,2.516,33.8235,0.7965,83.4,2e36d3eee72b97f47984be496cf1d347d825ffe26b59cfd86407a475fd71af1c
scal__mixed_complex__Fully-connected_GAT__N10__seed4__ep02,zero_shot_team_size_stress,mixed_complex,Fully-connected GAT,4,10,1,4,2,ON,90,90,90,1,0.2297,0.7182,1.7012,3.0622,1.8,2400,0.77,1,0,0,82.35,100.88,1.466,34.4825,0.7692,90.6,2e36d3eee72b97f47984be496cf1d347d825ffe26b59cfd86407a475fd71af1c
scal__mixed_complex__Fully-connected_GAT__N10__seed4__ep03,zero_shot_team_size_stress,mixed_complex,Fully-connected GAT,4,10,1,4,3,ON,90,90,90,1,0.2267,0.698,1.6952,3.0513,1.8,2400,0.77,1,0,0,81.42,99.74,1.743,33.1119,0.788,89.6,2e36d3eee72b97f47984be496cf1d347d825ffe26b59cfd86407a475fd71af1c
scal__mixed_complex__Fully-connected_GAT__N10__seed4__ep04,zero_shot_team_size_stress,mixed_complex,Fully-connected GAT,4,10,1,4,4,ON,90,90,90,1,0.2204,0.6578,1.8937,3.4087,1.8,2400,0.77,1,0,0,82.93,101.59,1.949,33.642,0.782,91.2,2e36d3eee72b97f47984be496cf1d347d825ffe26b59cfd86407a475fd71af1c
scal__mixed_complex__Fully-connected_GAT__N10__seed4__ep05,zero_shot_team_size_stress,mixed_complex,Fully-connected GAT,4,10,1,4,5,ON,90,90,90,1,0.2259,0.6708,1.8846,3.3922,1.8,2400,0.77,1,0,1,78.58,96.26,1.719,34.5715,0.6035,86.4,2e36d3eee72b97f47984be496cf1d347d825ffe26b59cfd86407a475fd71af1c
scal__mixed_complex__Fully-connected_GAT__N10__seed4__ep06,zero_shot_team_size_stress,mixed_complex,Fully-connected GAT,4,10,1,4,6,ON,90,90,90,1,0.2418,0.7051,1.8042,3.2475,1.8,2400,0.77,1,0,0,76.53,93.75,2.238,32.9284,0.8049,84.2,2e36d3eee72b97f47984be496cf1d347d825ffe26b59cfd86407a475fd71af1c
scal__mixed_complex__Fully-connected_GAT__N10__seed4__ep07,zero_shot_team_size_stress,mixed_complex,Fully-connected GAT,4,10,1,4,7,ON,90,90,90,1,0.236,0.7026,1.7032,3.0658,1.8,2400,0.77,1,0,0,73.72,90.3,1.489,33.869,0.7762,81.1,2e36d3eee72b97f47984be496cf1d347d825ffe26b59cfd86407a475fd71af1c
scal__mixed_complex__Fully-connected_GAT__N10__seed4__ep08,zero_shot_team_size_stress,mixed_complex,Fully-connected GAT,4,10,1,4,8,ON,90,90,90,1,0.2481,0.6661,1.7967,3.234,1.8,2400,0.77,1,0,0,72.69,89.04,1.752,34.4296,0.7846,80,2e36d3eee72b97f47984be496cf1d347d825ffe26b59cfd86407a475fd71af1c
scal__mixed_complex__Fully-connected_GAT__N10__seed4__ep09,zero_shot_team_size_stress,mixed_complex,Fully-connected GAT,4,10,1,4,9,ON,90,90,90,1,0.2423,0.7025,1.7565,3.1617,1.8,2400,0.77,1,0,0,82.32,100.84,1.609,34.4206,0.7903,90.6,2e36d3eee72b97f47984be496cf1d347d825ffe26b59cfd86407a475fd71af1c
scal__mixed_complex__Fully-connected_GAT__N10__seed5__ep00,zero_shot_team_size_stress,mixed_complex,Fully-connected GAT,4,10,1,5,0,ON,90,90,90,1,0.221,0.6831,1.7483,3.1469,1.8,2400,0.77,1,0,0,75.06,91.94,1.514,34.5447,0.7935,82.6,d44280e378362cd408f6f040450d5445982ed7615924685f3f342c73ffb525d5
scal__mixed_complex__Fully-connected_GAT__N10__seed5__ep01,zero_shot_team_size_stress,mixed_complex,Fully-connected GAT,4,10,1,5,1,ON,90,90,90,1,0.2387,0.7045,1.8972,3.4149,1.8,2400,0.77,0,1,1,80.12,98.14,1.798,33.5855,0.6044,88.1,d44280e378362cd408f6f040450d5445982ed7615924685f3f342c73ffb525d5
scal__mixed_complex__Fully-connected_GAT__N10__seed5__ep02,zero_shot_team_size_stress,mixed_complex,Fully-connected GAT,4,10,1,5,2,ON,90,90,90,1,0.2409,0.6935,1.7047,3.0685,1.8,2400,0.77,1,0,0,74.16,90.85,2.539,34.3175,0.7938,81.6,d44280e378362cd408f6f040450d5445982ed7615924685f3f342c73ffb525d5
scal__mixed_complex__Fully-connected_GAT__N10__seed5__ep03,zero_shot_team_size_stress,mixed_complex,Fully-connected GAT,4,10,1,5,3,ON,90,90,90,1,0.2488,0.7074,1.8061,3.251,1.8,2400,0.77,1,0,0,76.98,94.3,2.349,34.6087,0.7802,84.7,d44280e378362cd408f6f040450d5445982ed7615924685f3f342c73ffb525d5
scal__mixed_complex__Fully-connected_GAT__N10__seed5__ep04,zero_shot_team_size_stress,mixed_complex,Fully-connected GAT,4,10,1,5,4,ON,90,90,90,1,0.2405,0.6928,1.8655,3.358,1.8,2400,0.77,1,0,1,74.99,91.87,1.625,33.9646,0.5636,82.5,d44280e378362cd408f6f040450d5445982ed7615924685f3f342c73ffb525d5
scal__mixed_complex__Fully-connected_GAT__N10__seed5__ep05,zero_shot_team_size_stress,mixed_complex,Fully-connected GAT,4,10,1,5,5,ON,90,90,90,1,0.2319,0.7032,1.8437,3.3186,1.8,2400,0.77,1,0,0,75.64,92.66,1.457,33.8448,0.7902,83.2,d44280e378362cd408f6f040450d5445982ed7615924685f3f342c73ffb525d5
scal__mixed_complex__Fully-connected_GAT__N10__seed5__ep06,zero_shot_team_size_stress,mixed_complex,Fully-connected GAT,4,10,1,5,6,ON,90,90,90,1,0.2434,0.6413,1.7512,3.1521,1.8,2400,0.77,1,0,0,72.17,88.41,1.642,34.3599,0.7756,79.4,d44280e378362cd408f6f040450d5445982ed7615924685f3f342c73ffb525d5
scal__mixed_complex__Fully-connected_GAT__N10__seed5__ep07,zero_shot_team_size_stress,mixed_complex,Fully-connected GAT,4,10,1,5,7,ON,90,90,90,1,0.2301,0.7085,1.8474,3.3253,1.8,2400,0.77,1,0,0,71.4,87.46,2.352,34.1754,0.7911,78.5,d44280e378362cd408f6f040450d5445982ed7615924685f3f342c73ffb525d5
scal__mixed_complex__Fully-connected_GAT__N10__seed5__ep08,zero_shot_team_size_stress,mixed_complex,Fully-connected GAT,4,10,1,5,8,ON,90,90,90,1,0.2487,0.7039,1.7918,3.2252,1.8,2400,0.77,1,0,0,75.73,92.77,1.539,34.4925,0.7848,83.3,d44280e378362cd408f6f040450d5445982ed7615924685f3f342c73ffb525d5
scal__mixed_complex__Fully-connected_GAT__N10__seed5__ep09,zero_shot_team_size_stress,mixed_complex,Fully-connected GAT,4,10,1,5,9,ON,90,90,90,1,0.2238,0.6599,1.8175,3.2714,1.8,2400,0.77,1,0,1,82.16,100.64,2.209,33.9201,0.614,90.4,d44280e378362cd408f6f040450d5445982ed7615924685f3f342c73ffb525d5
scal__mixed_complex__Fully-connected_GAT__N10__seed6__ep00,zero_shot_team_size_stress,mixed_complex,Fully-connected GAT,4,10,1,6,0,ON,90,90,90,1,0.2245,0.6527,1.8675,3.3615,1.8,2400,0.77,1,0,1,81.46,99.78,2.433,36.0749,0.5961,89.6,e74746e4d7f84a1df3b44a7ef354368b27c805feef1f3e065c48151b11177900
scal__mixed_complex__Fully-connected_GAT__N10__seed6__ep01,zero_shot_team_size_stress,mixed_complex,Fully-connected GAT,4,10,1,6,1,ON,90,90,90,1,0.2351,0.6532,1.7769,3.1983,1.8,2400,0.77,0,1,1,75.62,92.63,1.679,33.264,0.6112,83.2,e74746e4d7f84a1df3b44a7ef354368b27c805feef1f3e065c48151b11177900
scal__mixed_complex__Fully-connected_GAT__N10__seed6__ep02,zero_shot_team_size_stress,mixed_complex,Fully-connected GAT,4,10,1,6,2,ON,90,90,90,1,0.2347,0.6786,1.8314,3.2965,1.8,2400,0.77,1,0,0,83.02,101.69,1.62,32.9985,0.783,91.3,e74746e4d7f84a1df3b44a7ef354368b27c805feef1f3e065c48151b11177900
scal__mixed_complex__Fully-connected_GAT__N10__seed6__ep03,zero_shot_team_size_stress,mixed_complex,Fully-connected GAT,4,10,1,6,3,ON,90,90,90,1,0.2252,0.7133,1.8319,3.2974,1.8,2400,0.77,1,0,1,82.4,100.94,1.765,33.8514,0.5879,90.6,e74746e4d7f84a1df3b44a7ef354368b27c805feef1f3e065c48151b11177900
scal__mixed_complex__Fully-connected_GAT__N10__seed6__ep04,zero_shot_team_size_stress,mixed_complex,Fully-connected GAT,4,10,1,6,4,ON,90,90,90,1,0.2423,0.6838,1.6229,2.9212,1.8,2400,0.77,1,0,0,77.63,95.1,2.49,33.3856,0.7886,85.4,e74746e4d7f84a1df3b44a7ef354368b27c805feef1f3e065c48151b11177900
scal__mixed_complex__Fully-connected_GAT__N10__seed6__ep05,zero_shot_team_size_stress,mixed_complex,Fully-connected GAT,4,10,1,6,5,ON,90,90,90,1,0.2237,0.6755,1.8868,3.3963,1.8,2400,0.77,1,0,1,78.86,96.61,2.419,33.294,0.6475,86.7,e74746e4d7f84a1df3b44a7ef354368b27c805feef1f3e065c48151b11177900
scal__mixed_complex__Fully-connected_GAT__N10__seed6__ep06,zero_shot_team_size_stress,mixed_complex,Fully-connected GAT,4,10,1,6,6,ON,90,90,90,1,0.2205,0.67,1.7249,3.1048,1.8,2400,0.77,1,0,1,72.07,88.28,2.544,34.5807,0.579,79.3,e74746e4d7f84a1df3b44a7ef354368b27c805feef1f3e065c48151b11177900
scal__mixed_complex__Fully-connected_GAT__N10__seed6__ep07,zero_shot_team_size_stress,mixed_complex,Fully-connected GAT,4,10,1,6,7,ON,90,90,90,1,0.2404,0.6745,1.6863,3.0353,1.8,2400,0.77,1,0,0,78.63,96.32,1.862,34.0531,0.7835,86.5,e74746e4d7f84a1df3b44a7ef354368b27c805feef1f3e065c48151b11177900
scal__mixed_complex__Fully-connected_GAT__N10__seed6__ep08,zero_shot_team_size_stress,mixed_complex,Fully-connected GAT,4,10,1,6,8,ON,90,90,90,1,0.2432,0.7175,1.7898,3.2217,1.8,2400,0.77,1,0,1,80.47,98.58,2.17,32.6614,0.5782,88.5,e74746e4d7f84a1df3b44a7ef354368b27c805feef1f3e065c48151b11177900
scal__mixed_complex__Fully-connected_GAT__N10__seed6__ep09,zero_shot_team_size_stress,mixed_complex,Fully-connected GAT,4,10,1,6,9,ON,90,90,90,1,0.2421,0.6653,1.8742,3.3736,1.8,2400,0.77,0,1,1,81.63,99.99,2.43,34.9013,0.5956,89.8,e74746e4d7f84a1df3b44a7ef354368b27c805feef1f3e065c48151b11177900
scal__mixed_complex__Fully-connected_GAT__N10__seed7__ep00,zero_shot_team_size_stress,mixed_complex,Fully-connected GAT,4,10,1,7,0,ON,90,90,90,1,0.2272,0.6937,1.7819,3.2075,1.8,2400,0.77,0,1,1,79.15,96.96,2.201,33.4634,0.5745,87.1,834b9fc8cfe54c848b1b008b8df659eb012e3f430b165cbdf07ad29570037fa3
scal__mixed_complex__Fully-connected_GAT__N10__seed7__ep01,zero_shot_team_size_stress,mixed_complex,Fully-connected GAT,4,10,1,7,1,ON,90,90,90,1,0.2341,0.6609,1.8805,3.3848,1.8,2400,0.77,0,1,1,77.96,95.5,1.746,33.6766,0.621,85.8,834b9fc8cfe54c848b1b008b8df659eb012e3f430b165cbdf07ad29570037fa3
scal__mixed_complex__Fully-connected_GAT__N10__seed7__ep02,zero_shot_team_size_stress,mixed_complex,Fully-connected GAT,4,10,1,7,2,ON,90,90,90,1,0.2228,0.7177,1.6578,2.9841,1.8,2400,0.77,1,0,0,73.74,90.33,2.536,33.0676,0.7744,81.1,834b9fc8cfe54c848b1b008b8df659eb012e3f430b165cbdf07ad29570037fa3
scal__mixed_complex__Fully-connected_GAT__N10__seed7__ep03,zero_shot_team_size_stress,mixed_complex,Fully-connected GAT,4,10,1,7,3,ON,90,90,90,1,0.2477,0.703,1.6419,2.9555,1.8,2400,0.77,1,0,0,77.2,94.57,2.305,32.4473,0.7901,84.9,834b9fc8cfe54c848b1b008b8df659eb012e3f430b165cbdf07ad29570037fa3
scal__mixed_complex__Fully-connected_GAT__N10__seed7__ep04,zero_shot_team_size_stress,mixed_complex,Fully-connected GAT,4,10,1,7,4,ON,90,90,90,1,0.2289,0.6582,1.7276,3.1097,1.8,2400,0.77,1,0,0,74.59,91.38,1.521,33.0781,0.7916,82.1,834b9fc8cfe54c848b1b008b8df659eb012e3f430b165cbdf07ad29570037fa3
scal__mixed_complex__Fully-connected_GAT__N10__seed7__ep05,zero_shot_team_size_stress,mixed_complex,Fully-connected GAT,4,10,1,7,5,ON,90,90,90,1,0.2425,0.6873,1.8355,3.304,1.8,2400,0.77,1,0,0,78.8,96.53,1.853,34.1588,0.7773,86.7,834b9fc8cfe54c848b1b008b8df659eb012e3f430b165cbdf07ad29570037fa3
scal__mixed_complex__Fully-connected_GAT__N10__seed7__ep06,zero_shot_team_size_stress,mixed_complex,Fully-connected GAT,4,10,1,7,6,ON,90,90,90,1,0.2244,0.7087,1.7391,3.1304,1.8,2400,0.77,1,0,1,83.43,102.21,1.974,33.7117,0.5948,91.8,834b9fc8cfe54c848b1b008b8df659eb012e3f430b165cbdf07ad29570037fa3
scal__mixed_complex__Fully-connected_GAT__N10__seed7__ep07,zero_shot_team_size_stress,mixed_complex,Fully-connected GAT,4,10,1,7,7,ON,90,90,90,1,0.2201,0.6928,1.7399,3.1318,1.8,2400,0.77,1,0,0,83.55,102.34,1.741,33.8252,0.7997,91.9,834b9fc8cfe54c848b1b008b8df659eb012e3f430b165cbdf07ad29570037fa3
scal__mixed_complex__Fully-connected_GAT__N10__seed7__ep08,zero_shot_team_size_stress,mixed_complex,Fully-connected GAT,4,10,1,7,8,ON,90,90,90,1,0.2411,0.6965,1.9,3.42,1.8,2400,0.77,1,0,0,83.35,102.1,2.052,34.6462,0.8003,91.7,834b9fc8cfe54c848b1b008b8df659eb012e3f430b165cbdf07ad29570037fa3
scal__mixed_complex__Fully-connected_GAT__N10__seed7__ep09,zero_shot_team_size_stress,mixed_complex,Fully-connected GAT,4,10,1,7,9,ON,90,90,90,1,0.222,0.699,1.7049,3.0688,1.8,2400,0.77,1,0,1,83.61,102.42,1.821,33.1794,0.6151,92,834b9fc8cfe54c848b1b008b8df659eb012e3f430b165cbdf07ad29570037fa3
