record_id,protocol_id,scenario,controller,group_type,group_id,training_seed_if_applicable,evaluation_episode_index,robot_count,safety_envelope,control_step_s,fully_successful_episode,collision_episode,rr_near_miss_count,rp_near_miss_count,average_completion_time_s,makespan_s,average_waiting_time_s,average_path_length_m,astar_reference_path_length_m,executed_to_astar_ratio,trajectory_straightness,min_rr_center_distance_m,min_rp_center_distance_m,intervention_ratio,checkpoint_sha256
classicalref__static_clutter__Classical_local_controller__g0__ep00,classical_control_reference,static_clutter,Classical local controller,evaluation_seed,0,N/A,0,4,ON,0.1,1,0,0,N/A,37.469696,38.87104,2.257368,17.8611,21.1127,0.846,0.747099,0.677161,N/A,0.2699475,N/A (classical controller)
classicalref__static_clutter__Classical_local_controller__g0__ep01,classical_control_reference,static_clutter,Classical local controller,evaluation_seed,0,N/A,1,4,ON,0.1,1,0,0,N/A,38.283464,38.496778,2.173901,17.8066,21.2377,0.8384,0.738358,0.674548,N/A,0.27095458,N/A (classical controller)
classicalref__static_clutter__Classical_local_controller__g0__ep02,classical_control_reference,static_clutter,Classical local controller,evaluation_seed,0,N/A,2,4,ON,0.1,1,0,0,N/A,36.961563,39.113997,2.178037,17.4206,21.4252,0.8131,0.745786,0.639842,N/A,0.27236098,N/A (classical controller)
classicalref__static_clutter__Classical_local_controller__g0__ep03,classical_control_reference,static_clutter,Classical local controller,evaluation_seed,0,N/A,3,4,ON,0.1,1,0,0,N/A,35.909588,39.506129,2.007383,17.3606,21.1127,0.8223,0.765689,0.659854,N/A,0.27633992,N/A (classical controller)
classicalref__static_clutter__Classical_local_controller__g0__ep04,classical_control_reference,static_clutter,Classical local controller,evaluation_seed,0,N/A,4,4,ON,0.1,1,0,0,N/A,36.87143,40.48244,1.742396,17.9585,21.3627,0.8406,0.742571,0.631218,N/A,0.2708485,N/A (classical controller)
classicalref__static_clutter__Classical_local_controller__g0__ep05,classical_control_reference,static_clutter,Classical local controller,evaluation_seed,0,N/A,5,4,ON,0.1,1,0,0,N/A,35.370771,40.146083,2.473004,17.4705,21.3002,0.8202,0.740319,0.650532,N/A,0.27070124,N/A (classical controller)
classicalref__static_clutter__Classical_local_controller__g0__ep06,classical_control_reference,static_clutter,Classical local controller,evaluation_seed,0,N/A,6,4,ON,0.1,1,0,0,N/A,35.693394,38.446097,2.129435,17.6743,21.2377,0.8322,0.731798,0.647806,N/A,0.27031959,N/A (classical controller)
classicalref__static_clutter__Classical_local_controller__g0__ep07,classical_control_reference,static_clutter,Classical local controller,evaluation_seed,0,N/A,7,4,ON,0.1,1,0,0,N/A,34.846556,37.721751,2.495484,17.323,21.3627,0.8109,0.768261,0.656511,N/A,0.27633235,N/A (classical controller)
classicalref__static_clutter__Classical_local_controller__g0__ep08,classical_control_reference,static_clutter,Classical local controller,evaluation_seed,0,N/A,8,4,ON,0.1,1,0,0,N/A,34.685229,39.775461,2.260393,17.9952,21.1127,0.8523,0.762064,0.639995,N/A,0.27024497,N/A (classical controller)
classicalref__static_clutter__Classical_local_controller__g0__ep09,classical_control_reference,static_clutter,Classical local controller,evaluation_seed,0,N/A,9,4,ON,0.1,1,0,0,N/A,37.324135,39.331184,2.115336,17.8145,21.2377,0.8388,0.763177,0.648992,N/A,0.27619185,N/A (classical controller)
classicalref__static_clutter__Classical_local_controller__g1__ep00,classical_control_reference,static_clutter,Classical local controller,evaluation_seed,1,N/A,0,4,ON,0.1,1,0,0,N/A,38.136973,40.973101,2.009592,17.4306,21.4252,0.8136,0.761624,0.622356,N/A,0.26507226,N/A (classical controller)
classicalref__static_clutter__Classical_local_controller__g1__ep01,classical_control_reference,static_clutter,Classical local controller,evaluation_seed,1,N/A,1,4,ON,0.1,1,0,0,N/A,34.549364,41.472272,2.761199,17.9555,21.3627,0.8405,0.732199,0.658281,N/A,0.26348817,N/A (classical controller)
classicalref__static_clutter__Classical_local_controller__g1__ep02,classical_control_reference,static_clutter,Classical local controller,evaluation_seed,1,N/A,2,4,ON,0.1,1,0,0,N/A,37.101047,39.640448,2.309357,17.3361,21.4252,0.8091,0.737573,0.658573,N/A,0.26563731,N/A (classical controller)
classicalref__static_clutter__Classical_local_controller__g1__ep03,classical_control_reference,static_clutter,Classical local controller,evaluation_seed,1,N/A,3,4,ON,0.1,1,0,0,N/A,41.007487,41.378815,1.841233,17.824,21.4252,0.8319,0.731688,0.644482,N/A,0.2614699,N/A (classical controller)
classicalref__static_clutter__Classical_local_controller__g1__ep04,classical_control_reference,static_clutter,Classical local controller,evaluation_seed,1,N/A,4,4,ON,0.1,1,0,0,N/A,38.158261,38.304013,2.26564,17.4062,21.4252,0.8124,0.764895,0.67407,N/A,0.26536061,N/A (classical controller)
classicalref__static_clutter__Classical_local_controller__g1__ep05,classical_control_reference,static_clutter,Classical local controller,evaluation_seed,1,N/A,5,4,ON,0.1,1,0,0,N/A,35.430027,41.456214,2.262467,17.9984,21.3002,0.845,0.742248,0.635347,N/A,0.26708915,N/A (classical controller)
classicalref__static_clutter__Classical_local_controller__g1__ep06,classical_control_reference,static_clutter,Classical local controller,evaluation_seed,1,N/A,6,4,ON,0.1,1,0,0,N/A,36.898228,38.340589,2.121273,17.4066,21.3627,0.8148,0.73868,0.645397,N/A,0.26414586,N/A (classical controller)
classicalref__static_clutter__Classical_local_controller__g1__ep07,classical_control_reference,static_clutter,Classical local controller,evaluation_seed,1,N/A,7,4,ON,0.1,1,0,0,N/A,39.014281,42.577142,1.999544,17.8066,21.3002,0.836,0.755324,0.651259,N/A,0.26244618,N/A (classical controller)
classicalref__static_clutter__Classical_local_controller__g1__ep08,classical_control_reference,static_clutter,Classical local controller,evaluation_seed,1,N/A,8,4,ON,0.1,1,0,0,N/A,36.772166,42.055484,2.167276,17.5341,21.2377,0.8256,0.769912,0.641946,N/A,0.26100666,N/A (classical controller)
classicalref__static_clutter__Classical_local_controller__g1__ep09,classical_control_reference,static_clutter,Classical local controller,evaluation_seed,1,N/A,9,4,ON,0.1,1,0,0,N/A,37.133123,39.793789,2.696369,17.4152,21.1127,0.8249,0.740948,0.666886,N/A,0.26533009,N/A (classical controller)
classicalref__static_clutter__Classical_local_controller__g2__ep00,classical_control_reference,static_clutter,Classical local controller,evaluation_seed,2,N/A,0,4,ON,0.1,1,0,0,N/A,37.335366,38.763029,2.076867,17.3354,21.1127,0.8211,0.756662,0.639754,N/A,0.28849688,N/A (classical controller)
classicalref__static_clutter__Classical_local_controller__g2__ep01,classical_control_reference,static_clutter,Classical local controller,evaluation_seed,2,N/A,1,4,ON,0.1,1,0,0,N/A,36.31688,38.766937,2.07239,17.7295,21.3627,0.8299,0.73939,0.660183,N/A,0.28696509,N/A (classical controller)
classicalref__static_clutter__Classical_local_controller__g2__ep02,classical_control_reference,static_clutter,Classical local controller,evaluation_seed,2,N/A,2,4,ON,0.1,1,0,0,N/A,37.891953,39.208666,2.334182,17.4187,21.3627,0.8154,0.761723,0.631326,N/A,0.28510054,N/A (classical controller)
classicalref__static_clutter__Classical_local_controller__g2__ep03,classical_control_reference,static_clutter,Classical local controller,evaluation_seed,2,N/A,3,4,ON,0.1,1,0,0,N/A,38.982503,40.473088,2.447481,18.0393,21.5502,0.8371,0.746369,0.653129,N/A,0.28673504,N/A (classical controller)
classicalref__static_clutter__Classical_local_controller__g2__ep04,classical_control_reference,static_clutter,Classical local controller,evaluation_seed,2,N/A,4,4,ON,0.1,1,0,0,N/A,37.864128,38.143893,2.062304,17.3291,21.3002,0.8136,0.769658,0.6314,N/A,0.28656459,N/A (classical controller)
classicalref__static_clutter__Classical_local_controller__g2__ep05,classical_control_reference,static_clutter,Classical local controller,evaluation_seed,2,N/A,5,4,ON,0.1,1,0,0,N/A,39.005137,39.618603,2.404487,17.9462,21.1752,0.8475,0.76056,0.633145,N/A,0.28815446,N/A (classical controller)
classicalref__static_clutter__Classical_local_controller__g2__ep06,classical_control_reference,static_clutter,Classical local controller,evaluation_seed,2,N/A,6,4,ON,0.1,1,0,0,N/A,36.724246,39.684594,2.074469,17.3401,21.1127,0.8213,0.759756,0.643419,N/A,0.2879836,N/A (classical controller)
classicalref__static_clutter__Classical_local_controller__g2__ep07,classical_control_reference,static_clutter,Classical local controller,evaluation_seed,2,N/A,7,4,ON,0.1,1,0,0,N/A,37.233916,38.596569,1.422832,18.0392,21.2377,0.8494,0.768202,0.676867,N/A,0.28673505,N/A (classical controller)
classicalref__static_clutter__Classical_local_controller__g2__ep08,classical_control_reference,static_clutter,Classical local controller,evaluation_seed,2,N/A,8,4,ON,0.1,1,0,0,N/A,38.738993,39.728658,2.516562,17.6022,21.1127,0.8337,0.731948,0.653523,N/A,0.28608927,N/A (classical controller)
classicalref__static_clutter__Classical_local_controller__g2__ep09,classical_control_reference,static_clutter,Classical local controller,evaluation_seed,2,N/A,9,4,ON,0.1,1,0,0,N/A,35.32336,41.272338,2.427883,17.5095,21.1752,0.8269,0.749702,0.654118,N/A,0.28536723,N/A (classical controller)
classicalref__static_clutter__Classical_local_controller__g3__ep00,classical_control_reference,static_clutter,Classical local controller,evaluation_seed,3,N/A,0,4,ON,0.1,1,0,0,N/A,33.771204,41.485892,1.522658,17.7436,21.1752,0.8379,0.753405,0.625917,N/A,0.27186887,N/A (classical controller)
classicalref__static_clutter__Classical_local_controller__g3__ep01,classical_control_reference,static_clutter,Classical local controller,evaluation_seed,3,N/A,1,4,ON,0.1,1,0,0,N/A,36.787778,40.494225,1.681951,17.8961,21.3002,0.8402,0.748035,0.653546,N/A,0.26947165,N/A (classical controller)
classicalref__static_clutter__Classical_local_controller__g3__ep02,classical_control_reference,static_clutter,Classical local controller,evaluation_seed,3,N/A,2,4,ON,0.1,1,0,0,N/A,34.154458,39.655245,1.472179,17.9951,21.3627,0.8424,0.748986,0.647652,N/A,0.27261712,N/A (classical controller)
classicalref__static_clutter__Classical_local_controller__g3__ep03,classical_control_reference,static_clutter,Classical local controller,evaluation_seed,3,N/A,3,4,ON,0.1,1,0,0,N/A,34.263715,39.994134,1.880634,17.8003,21.3627,0.8332,0.761247,0.660583,N/A,0.26591944,N/A (classical controller)
classicalref__static_clutter__Classical_local_controller__g3__ep04,classical_control_reference,static_clutter,Classical local controller,evaluation_seed,3,N/A,4,4,ON,0.1,1,0,0,N/A,36.902073,39.340953,1.46145,17.3909,21.4877,0.8093,0.752141,0.641114,N/A,0.27041777,N/A (classical controller)
classicalref__static_clutter__Classical_local_controller__g3__ep05,classical_control_reference,static_clutter,Classical local controller,evaluation_seed,3,N/A,5,4,ON,0.1,1,0,0,N/A,35.495234,40.475902,2.178345,17.3375,21.2377,0.8164,0.766074,0.671453,N/A,0.27201814,N/A (classical controller)
classicalref__static_clutter__Classical_local_controller__g3__ep06,classical_control_reference,static_clutter,Classical local controller,evaluation_seed,3,N/A,6,4,ON,0.1,1,0,0,N/A,36.546675,41.049134,1.785211,18.0491,21.3002,0.8474,0.765971,0.654983,N/A,0.26879603,N/A (classical controller)
classicalref__static_clutter__Classical_local_controller__g3__ep07,classical_control_reference,static_clutter,Classical local controller,evaluation_seed,3,N/A,7,4,ON,0.1,1,0,0,N/A,35.518401,41.043435,1.951258,17.4256,21.3627,0.8157,0.739434,0.655846,N/A,0.26995467,N/A (classical controller)
classicalref__static_clutter__Classical_local_controller__g3__ep08,classical_control_reference,static_clutter,Classical local controller,evaluation_seed,3,N/A,8,4,ON,0.1,1,0,0,N/A,37.892619,41.080247,1.591476,17.7178,21.0502,0.8417,0.766091,0.660015,N/A,0.26863233,N/A (classical controller)
classicalref__static_clutter__Classical_local_controller__g3__ep09,classical_control_reference,static_clutter,Classical local controller,evaluation_seed,3,N/A,9,4,ON,0.1,1,0,0,N/A,37.895512,39.375575,1.642006,17.6428,21.1752,0.8332,0.733431,0.652737,N/A,0.27583954,N/A (classical controller)
classicalref__static_clutter__Classical_local_controller__g4__ep00,classical_control_reference,static_clutter,Classical local controller,evaluation_seed,4,N/A,0,4,ON,0.1,1,0,0,N/A,38.010576,38.176637,2.006778,17.5304,21.2377,0.8254,0.751867,0.624498,N/A,0.26340805,N/A (classical controller)
classicalref__static_clutter__Classical_local_controller__g4__ep01,classical_control_reference,static_clutter,Classical local controller,evaluation_seed,4,N/A,1,4,ON,0.1,1,0,0,N/A,33.861265,37.364708,1.358301,17.9151,21.2377,0.8436,0.760249,0.634627,N/A,0.26355406,N/A (classical controller)
classicalref__static_clutter__Classical_local_controller__g4__ep02,classical_control_reference,static_clutter,Classical local controller,evaluation_seed,4,N/A,2,4,ON,0.1,1,0,0,N/A,37.253222,37.256045,1.775103,17.5439,21.4252,0.8188,0.736142,0.665296,N/A,0.26181842,N/A (classical controller)
classicalref__static_clutter__Classical_local_controller__g4__ep03,classical_control_reference,static_clutter,Classical local controller,evaluation_seed,4,N/A,3,4,ON,0.1,1,0,0,N/A,35.041052,35.904182,2.209724,17.8904,21.1127,0.8474,0.761169,0.65192,N/A,0.26242097,N/A (classical controller)
classicalref__static_clutter__Classical_local_controller__g4__ep04,classical_control_reference,static_clutter,Classical local controller,evaluation_seed,4,N/A,4,4,ON,0.1,1,0,0,N/A,35.279359,38.098312,2.078972,17.5038,21.2377,0.8242,0.764884,0.647179,N/A,0.26682028,N/A (classical controller)
classicalref__static_clutter__Classical_local_controller__g4__ep05,classical_control_reference,static_clutter,Classical local controller,evaluation_seed,4,N/A,5,4,ON,0.1,1,0,0,N/A,34.890218,39.554388,1.960335,17.3742,21.1752,0.8205,0.750315,0.638007,N/A,0.2670104,N/A (classical controller)
classicalref__static_clutter__Classical_local_controller__g4__ep06,classical_control_reference,static_clutter,Classical local controller,evaluation_seed,4,N/A,6,4,ON,0.1,1,0,0,N/A,38.642041,39.062864,1.676595,17.5687,21.3002,0.8248,0.760247,0.639228,N/A,0.26301099,N/A (classical controller)
classicalref__static_clutter__Classical_local_controller__g4__ep07,classical_control_reference,static_clutter,Classical local controller,evaluation_seed,4,N/A,7,4,ON,0.1,1,0,0,N/A,33.549995,37.905629,1.96889,17.945,21.1752,0.8475,0.739325,0.620766,N/A,0.26562531,N/A (classical controller)
classicalref__static_clutter__Classical_local_controller__g4__ep08,classical_control_reference,static_clutter,Classical local controller,evaluation_seed,4,N/A,8,4,ON,0.1,1,0,0,N/A,36.281335,37.639413,2.041148,17.805,21.3627,0.8335,0.763662,0.657251,N/A,0.26677434,N/A (classical controller)
classicalref__static_clutter__Classical_local_controller__g4__ep09,classical_control_reference,static_clutter,Classical local controller,evaluation_seed,4,N/A,9,4,ON,0.1,1,0,0,N/A,38.362638,38.988207,2.543903,17.7651,21.3627,0.8316,0.764407,0.644851,N/A,0.263544,N/A (classical controller)
classicalref__static_clutter__Classical_local_controller__g5__ep00,classical_control_reference,static_clutter,Classical local controller,evaluation_seed,5,N/A,0,4,ON,0.1,1,0,0,N/A,37.028663,39.44864,1.98431,17.649,21.2377,0.831,0.74473,0.665848,N/A,0.27045839,N/A (classical controller)
classicalref__static_clutter__Classical_local_controller__g5__ep01,classical_control_reference,static_clutter,Classical local controller,evaluation_seed,5,N/A,1,4,ON,0.1,1,0,0,N/A,35.728389,41.741682,2.01619,17.6825,21.1752,0.8351,0.730693,0.642816,N/A,0.2707438,N/A (classical controller)
classicalref__static_clutter__Classical_local_controller__g5__ep02,classical_control_reference,static_clutter,Classical local controller,evaluation_seed,5,N/A,2,4,ON,0.1,1,0,0,N/A,38.349827,38.359076,2.020037,17.3317,21.1752,0.8185,0.752591,0.639366,N/A,0.27110397,N/A (classical controller)
classicalref__static_clutter__Classical_local_controller__g5__ep03,classical_control_reference,static_clutter,Classical local controller,evaluation_seed,5,N/A,3,4,ON,0.1,1,0,0,N/A,35.818916,38.343873,1.630735,17.8008,21.3002,0.8357,0.769011,0.664694,N/A,0.27205226,N/A (classical controller)
classicalref__static_clutter__Classical_local_controller__g5__ep04,classical_control_reference,static_clutter,Classical local controller,evaluation_seed,5,N/A,4,4,ON,0.1,1,0,0,N/A,35.149131,39.298963,2.134436,17.8567,21.1127,0.8458,0.733709,0.674422,N/A,0.26934198,N/A (classical controller)
classicalref__static_clutter__Classical_local_controller__g5__ep05,classical_control_reference,static_clutter,Classical local controller,evaluation_seed,5,N/A,5,4,ON,0.1,1,0,0,N/A,37.739835,39.458355,1.880125,17.6595,21.1127,0.8364,0.766039,0.652889,N/A,0.27270307,N/A (classical controller)
classicalref__static_clutter__Classical_local_controller__g5__ep06,classical_control_reference,static_clutter,Classical local controller,evaluation_seed,5,N/A,6,4,ON,0.1,1,0,0,N/A,37.015658,38.336288,2.213689,17.9349,21.3002,0.842,0.74018,0.623648,N/A,0.26971948,N/A (classical controller)
classicalref__static_clutter__Classical_local_controller__g5__ep07,classical_control_reference,static_clutter,Classical local controller,evaluation_seed,5,N/A,7,4,ON,0.1,1,0,0,N/A,35.442589,39.762173,1.740463,17.3529,21.1127,0.8219,0.748413,0.637256,N/A,0.27561257,N/A (classical controller)
classicalref__static_clutter__Classical_local_controller__g5__ep08,classical_control_reference,static_clutter,Classical local controller,evaluation_seed,5,N/A,8,4,ON,0.1,1,0,0,N/A,38.336645,39.50634,2.230073,17.4089,21.3002,0.8173,0.730364,0.631575,N/A,0.27277319,N/A (classical controller)
classicalref__static_clutter__Classical_local_controller__g5__ep09,classical_control_reference,static_clutter,Classical local controller,evaluation_seed,5,N/A,9,4,ON,0.1,1,0,0,N/A,37.060979,40.626801,1.94133,18.0759,21.1752,0.8536,0.759471,0.651439,N/A,0.27330435,N/A (classical controller)
classicalref__static_clutter__Classical_local_controller__g6__ep00,classical_control_reference,static_clutter,Classical local controller,evaluation_seed,6,N/A,0,4,ON,0.1,1,0,0,N/A,37.273171,39.113962,1.584523,17.8713,21.1752,0.844,0.730891,0.623289,N/A,0.26317958,N/A (classical controller)
classicalref__static_clutter__Classical_local_controller__g6__ep01,classical_control_reference,static_clutter,Classical local controller,evaluation_seed,6,N/A,1,4,ON,0.1,1,0,0,N/A,37.059119,39.093962,1.404191,17.3393,21.1127,0.8213,0.750598,0.637604,N/A,0.26328596,N/A (classical controller)
classicalref__static_clutter__Classical_local_controller__g6__ep02,classical_control_reference,static_clutter,Classical local controller,evaluation_seed,6,N/A,2,4,ON,0.1,1,0,0,N/A,38.38838,39.103962,2.162416,17.6615,21.2377,0.8316,0.769386,0.647501,N/A,0.26770207,N/A (classical controller)
classicalref__static_clutter__Classical_local_controller__g6__ep03,classical_control_reference,static_clutter,Classical local controller,evaluation_seed,6,N/A,3,4,ON,0.1,1,0,0,N/A,37.540881,39.103962,1.676764,17.4506,21.3002,0.8193,0.76062,0.6367,N/A,0.26261422,N/A (classical controller)
classicalref__static_clutter__Classical_local_controller__g6__ep04,classical_control_reference,static_clutter,Classical local controller,evaluation_seed,6,N/A,4,4,ON,0.1,1,0,0,N/A,35.779493,39.103962,1.612139,17.448,21.1127,0.8264,0.748771,0.648116,N/A,0.2647865,N/A (classical controller)
classicalref__static_clutter__Classical_local_controller__g6__ep05,classical_control_reference,static_clutter,Classical local controller,evaluation_seed,6,N/A,5,4,ON,0.1,1,0,0,N/A,37.835004,39.103962,1.41305,17.8241,21.2377,0.8393,0.739326,0.66441,N/A,0.26648256,N/A (classical controller)
classicalref__static_clutter__Classical_local_controller__g6__ep06,classical_control_reference,static_clutter,Classical local controller,evaluation_seed,6,N/A,6,4,ON,0.1,1,0,0,N/A,38.585576,39.103962,1.76119,17.5154,21.1752,0.8272,0.750364,0.630702,N/A,0.26997752,N/A (classical controller)
classicalref__static_clutter__Classical_local_controller__g6__ep07,classical_control_reference,static_clutter,Classical local controller,evaluation_seed,6,N/A,7,4,ON,0.1,1,0,0,N/A,38.488167,39.103962,2.039633,17.8349,21.3002,0.8373,0.762023,0.653201,N/A,0.26785852,N/A (classical controller)
classicalref__static_clutter__Classical_local_controller__g6__ep08,classical_control_reference,static_clutter,Classical local controller,evaluation_seed,6,N/A,8,4,ON,0.1,1,0,0,N/A,37.173769,39.103962,1.929313,17.712,21.3002,0.8315,0.740183,0.66084,N/A,0.26568474,N/A (classical controller)
classicalref__static_clutter__Classical_local_controller__g6__ep09,classical_control_reference,static_clutter,Classical local controller,evaluation_seed,6,N/A,9,4,ON,0.1,1,0,0,N/A,36.353993,39.103962,1.748442,17.7294,21.1127,0.8398,0.748983,0.670741,N/A,0.26587016,N/A (classical controller)
classicalref__static_clutter__Classical_local_controller__g7__ep00,classical_control_reference,static_clutter,Classical local controller,evaluation_seed,7,N/A,0,4,ON,0.1,1,0,0,N/A,38.293559,39.782834,1.859993,17.6537,21.3627,0.8264,0.747145,0.658636,N/A,0.2821045,N/A (classical controller)
classicalref__static_clutter__Classical_local_controller__g7__ep01,classical_control_reference,static_clutter,Classical local controller,evaluation_seed,7,N/A,1,4,ON,0.1,1,0,0,N/A,37.354448,41.531163,1.881949,17.4089,21.1127,0.8246,0.739661,0.621737,N/A,0.28010306,N/A (classical controller)
classicalref__static_clutter__Classical_local_controller__g7__ep02,classical_control_reference,static_clutter,Classical local controller,evaluation_seed,7,N/A,2,4,ON,0.1,1,0,0,N/A,37.589061,40.507258,2.325377,17.7376,21.1752,0.8377,0.760456,0.678753,N/A,0.27720078,N/A (classical controller)
classicalref__static_clutter__Classical_local_controller__g7__ep03,classical_control_reference,static_clutter,Classical local controller,evaluation_seed,7,N/A,3,4,ON,0.1,1,0,0,N/A,40.485039,40.503768,1.521767,17.8153,21.2377,0.8389,0.763352,0.649869,N/A,0.28461146,N/A (classical controller)
classicalref__static_clutter__Classical_local_controller__g7__ep04,classical_control_reference,static_clutter,Classical local controller,evaluation_seed,7,N/A,4,4,ON,0.1,1,0,0,N/A,38.882169,40.083119,2.366889,18.0656,21.3627,0.8457,0.745623,0.665579,N/A,0.28115014,N/A (classical controller)
classicalref__static_clutter__Classical_local_controller__g7__ep05,classical_control_reference,static_clutter,Classical local controller,evaluation_seed,7,N/A,5,4,ON,0.1,1,0,0,N/A,37.140785,40.484442,1.753803,17.4731,21.1127,0.8276,0.735174,0.638512,N/A,0.27603555,N/A (classical controller)
classicalref__static_clutter__Classical_local_controller__g7__ep06,classical_control_reference,static_clutter,Classical local controller,evaluation_seed,7,N/A,6,4,ON,0.1,1,0,0,N/A,37.421649,41.153457,1.685167,17.7197,21.3002,0.8319,0.758505,0.622178,N/A,0.2789778,N/A (classical controller)
classicalref__static_clutter__Classical_local_controller__g7__ep07,classical_control_reference,static_clutter,Classical local controller,evaluation_seed,7,N/A,7,4,ON,0.1,1,0,0,N/A,36.31,42.013885,2.182115,18.0258,21.3627,0.8438,0.763028,0.679363,N/A,0.27675994,N/A (classical controller)
classicalref__static_clutter__Classical_local_controller__g7__ep08,classical_control_reference,static_clutter,Classical local controller,evaluation_seed,7,N/A,8,4,ON,0.1,1,0,0,N/A,36.441164,38.696319,2.275483,18.0239,21.0502,0.8562,0.744026,0.65894,N/A,0.28192995,N/A (classical controller)
classicalref__static_clutter__Classical_local_controller__g7__ep09,classical_control_reference,static_clutter,Classical local controller,evaluation_seed,7,N/A,9,4,ON,0.1,1,0,0,N/A,36.501309,41.237615,2.131349,17.4028,21.2377,0.8194,0.756281,0.65061,N/A,0.28287016,N/A (classical controller)
classicalref__dynamic_pedestrians__Classical_local_controller__g0__ep00,classical_control_reference,dynamic_pedestrians,Classical local controller,evaluation_seed,0,N/A,0,4,ON,0.1,1,0,0,0,31.716557,35.079793,1.110907,13.3963,12.8192,1.045,0.911094,0.675414,0.804551,0.25693695,N/A (classical controller)
classicalref__dynamic_pedestrians__Classical_local_controller__g0__ep01,classical_control_reference,dynamic_pedestrians,Classical local controller,evaluation_seed,0,N/A,1,4,ON,0.1,1,0,0,0,31.697135,35.15537,0.997015,13.8167,12.8118,1.0784,0.911211,0.690105,0.842259,0.26091971,N/A (classical controller)
classicalref__dynamic_pedestrians__Classical_local_controller__g0__ep02,classical_control_reference,dynamic_pedestrians,Classical local controller,evaluation_seed,0,N/A,2,4,ON,0.1,1,0,0,0,32.459599,34.689706,1.183122,13.6849,12.8112,1.0682,0.912309,0.660577,0.830936,0.25684953,N/A (classical controller)
classicalref__dynamic_pedestrians__Classical_local_controller__g0__ep03,classical_control_reference,dynamic_pedestrians,Classical local controller,evaluation_seed,0,N/A,3,4,ON,0.1,1,0,0,0,29.972798,35.034876,1.426524,13.6833,12.8058,1.0685,0.934044,0.662109,0.849721,0.2577687,N/A (classical controller)
classicalref__dynamic_pedestrians__Classical_local_controller__g0__ep04,classical_control_reference,dynamic_pedestrians,Classical local controller,evaluation_seed,0,N/A,4,4,ON,0.1,1,0,0,0,31.845941,36.468888,1.041142,13.7884,12.825,1.0751,0.942106,0.677673,0.862188,0.25668699,N/A (classical controller)
classicalref__dynamic_pedestrians__Classical_local_controller__g0__ep05,classical_control_reference,dynamic_pedestrians,Classical local controller,evaluation_seed,0,N/A,5,4,ON,0.1,1,0,0,0,31.791058,36.462748,1.177746,13.4713,12.8106,1.0516,0.945084,0.66816,0.823702,0.25835498,N/A (classical controller)
classicalref__dynamic_pedestrians__Classical_local_controller__g0__ep06,classical_control_reference,dynamic_pedestrians,Classical local controller,evaluation_seed,0,N/A,6,4,ON,0.1,1,0,0,0,32.418055,34.761842,1.570878,13.3323,12.7812,1.0431,0.938721,0.671389,0.827286,0.25800671,N/A (classical controller)
classicalref__dynamic_pedestrians__Classical_local_controller__g0__ep07,classical_control_reference,dynamic_pedestrians,Classical local controller,evaluation_seed,0,N/A,7,4,ON,0.1,1,0,0,0,31.744281,36.206626,1.370142,13.8581,12.804,1.0823,0.932839,0.693888,0.80885,0.25473733,N/A (classical controller)
classicalref__dynamic_pedestrians__Classical_local_controller__g0__ep08,classical_control_reference,dynamic_pedestrians,Classical local controller,evaluation_seed,0,N/A,8,4,ON,0.1,1,0,0,0,29.376326,34.780138,0.912787,13.5494,12.8087,1.0578,0.943022,0.681103,0.899593,0.25820781,N/A (classical controller)
classicalref__dynamic_pedestrians__Classical_local_controller__g0__ep09,classical_control_reference,dynamic_pedestrians,Classical local controller,evaluation_seed,0,N/A,9,4,ON,0.1,1,0,0,0,30.762543,35.304749,1.394154,13.7621,12.8135,1.074,0.917205,0.700178,0.852435,0.25767945,N/A (classical controller)
classicalref__dynamic_pedestrians__Classical_local_controller__g1__ep00,classical_control_reference,dynamic_pedestrians,Classical local controller,evaluation_seed,1,N/A,0,4,ON,0.1,1,0,0,0,33.007418,37.461926,1.244052,14.0361,12.8146,1.0953,0.922731,0.70392,0.883331,0.24196041,N/A (classical controller)
classicalref__dynamic_pedestrians__Classical_local_controller__g1__ep01,classical_control_reference,dynamic_pedestrians,Classical local controller,evaluation_seed,1,N/A,1,4,ON,0.1,1,0,0,0,34.33745,36.243574,1.301135,13.7913,12.8038,1.0771,0.920508,0.667491,0.853991,0.24163584,N/A (classical controller)
classicalref__dynamic_pedestrians__Classical_local_controller__g1__ep02,classical_control_reference,dynamic_pedestrians,Classical local controller,evaluation_seed,1,N/A,2,4,ON,0.1,1,0,0,0,32.8108,38.662071,1.280842,13.9236,12.802,1.0876,0.916445,0.652012,0.887642,0.24301699,N/A (classical controller)
classicalref__dynamic_pedestrians__Classical_local_controller__g1__ep03,classical_control_reference,dynamic_pedestrians,Classical local controller,evaluation_seed,1,N/A,3,4,ON,0.1,1,0,0,0,34.504387,36.77638,1.01613,13.9604,12.8151,1.0894,0.930826,0.705827,0.829456,0.24028217,N/A (classical controller)
classicalref__dynamic_pedestrians__Classical_local_controller__g1__ep04,classical_control_reference,dynamic_pedestrians,Classical local controller,evaluation_seed,1,N/A,4,4,ON,0.1,1,0,0,0,32.612933,36.951106,1.3856,13.9781,12.8093,1.0912,0.937311,0.662971,0.833404,0.24292696,N/A (classical controller)
classicalref__dynamic_pedestrians__Classical_local_controller__g1__ep05,classical_control_reference,dynamic_pedestrians,Classical local controller,evaluation_seed,1,N/A,5,4,ON,0.1,1,0,0,0,33.449863,36.241145,1.182117,13.961,12.817,1.0893,0.920655,0.69523,0.819042,0.2422786,N/A (classical controller)
classicalref__dynamic_pedestrians__Classical_local_controller__g1__ep06,classical_control_reference,dynamic_pedestrians,Classical local controller,evaluation_seed,1,N/A,6,4,ON,0.1,1,0,0,0,32.077992,36.713713,1.160391,13.8153,12.8254,1.0772,0.923476,0.70606,0.800326,0.24493594,N/A (classical controller)
classicalref__dynamic_pedestrians__Classical_local_controller__g1__ep07,classical_control_reference,dynamic_pedestrians,Classical local controller,evaluation_seed,1,N/A,7,4,ON,0.1,1,0,0,0,33.101583,36.864191,1.384641,14.0974,12.8021,1.1012,0.931123,0.673313,0.884343,0.24023675,N/A (classical controller)
classicalref__dynamic_pedestrians__Classical_local_controller__g1__ep08,classical_control_reference,dynamic_pedestrians,Classical local controller,evaluation_seed,1,N/A,8,4,ON,0.1,1,0,0,0,32.312772,37.106614,1.313148,14.0165,12.8116,1.094,0.91082,0.684181,0.81064,0.24415005,N/A (classical controller)
classicalref__dynamic_pedestrians__Classical_local_controller__g1__ep09,classical_control_reference,dynamic_pedestrians,Classical local controller,evaluation_seed,1,N/A,9,4,ON,0.1,1,0,0,0,32.075798,37.217956,1.225582,13.8138,12.8057,1.0787,0.920859,0.687514,0.826919,0.24339204,N/A (classical controller)
classicalref__dynamic_pedestrians__Classical_local_controller__g2__ep00,classical_control_reference,dynamic_pedestrians,Classical local controller,evaluation_seed,2,N/A,0,4,ON,0.1,1,0,0,0,29.865385,34.353816,1.422055,13.4089,12.8041,1.0472,0.914417,0.670161,0.88738,0.24019885,N/A (classical controller)
classicalref__dynamic_pedestrians__Classical_local_controller__g2__ep01,classical_control_reference,dynamic_pedestrians,Classical local controller,evaluation_seed,2,N/A,1,4,ON,0.1,1,0,0,0,32.586132,35.186672,1.18716,13.5686,12.8226,1.0582,0.913109,0.687437,0.817154,0.24021038,N/A (classical controller)
classicalref__dynamic_pedestrians__Classical_local_controller__g2__ep02,classical_control_reference,dynamic_pedestrians,Classical local controller,evaluation_seed,2,N/A,2,4,ON,0.1,1,0,0,0,32.305864,34.694691,1.361111,13.4928,12.7793,1.0558,0.923845,0.689146,0.83511,0.24361328,N/A (classical controller)
classicalref__dynamic_pedestrians__Classical_local_controller__g2__ep03,classical_control_reference,dynamic_pedestrians,Classical local controller,evaluation_seed,2,N/A,3,4,ON,0.1,1,0,0,0,29.715976,35.094006,1.496977,13.6281,12.8008,1.0646,0.938857,0.686934,0.8142,0.24049907,N/A (classical controller)
classicalref__dynamic_pedestrians__Classical_local_controller__g2__ep04,classical_control_reference,dynamic_pedestrians,Classical local controller,evaluation_seed,2,N/A,4,4,ON,0.1,1,0,0,0,32.49822,35.002011,1.219603,13.4647,12.8317,1.0493,0.937951,0.676086,0.841498,0.23776235,N/A (classical controller)
classicalref__dynamic_pedestrians__Classical_local_controller__g2__ep05,classical_control_reference,dynamic_pedestrians,Classical local controller,evaluation_seed,2,N/A,5,4,ON,0.1,1,0,0,0,30.461945,36.119709,1.312506,13.4791,12.8201,1.0514,0.943035,0.653607,0.87216,0.2414731,N/A (classical controller)
classicalref__dynamic_pedestrians__Classical_local_controller__g2__ep06,classical_control_reference,dynamic_pedestrians,Classical local controller,evaluation_seed,2,N/A,6,4,ON,0.1,1,0,0,0,33.290117,35.284115,0.921957,13.813,12.8368,1.076,0.914533,0.693453,0.880056,0.24212657,N/A (classical controller)
classicalref__dynamic_pedestrians__Classical_local_controller__g2__ep07,classical_control_reference,dynamic_pedestrians,Classical local controller,evaluation_seed,2,N/A,7,4,ON,0.1,1,0,0,0,32.76493,33.546594,1.652638,13.3148,12.8072,1.0396,0.920397,0.705329,0.818326,0.243703,N/A (classical controller)
classicalref__dynamic_pedestrians__Classical_local_controller__g2__ep08,classical_control_reference,dynamic_pedestrians,Classical local controller,evaluation_seed,2,N/A,8,4,ON,0.1,1,0,0,0,31.508367,35.984171,1.353911,13.7458,12.7667,1.0767,0.921549,0.652663,0.819316,0.24378337,N/A (classical controller)
classicalref__dynamic_pedestrians__Classical_local_controller__g2__ep09,classical_control_reference,dynamic_pedestrians,Classical local controller,evaluation_seed,2,N/A,9,4,ON,0.1,1,0,0,0,30.936591,36.370659,1.297483,13.9003,12.7992,1.086,0.933119,0.672223,0.888061,0.24214203,N/A (classical controller)
classicalref__dynamic_pedestrians__Classical_local_controller__g3__ep00,classical_control_reference,dynamic_pedestrians,Classical local controller,evaluation_seed,3,N/A,0,4,ON,0.1,1,0,0,0,34.385904,34.527196,1.863501,13.8937,12.8087,1.0847,0.940823,0.652972,0.869907,0.26788471,N/A (classical controller)
classicalref__dynamic_pedestrians__Classical_local_controller__g3__ep01,classical_control_reference,dynamic_pedestrians,Classical local controller,evaluation_seed,3,N/A,1,4,ON,0.1,1,0,0,0,33.929828,33.946848,1.509794,13.3875,12.8008,1.0458,0.91791,0.657782,0.842113,0.26732352,N/A (classical controller)
classicalref__dynamic_pedestrians__Classical_local_controller__g3__ep02,classical_control_reference,dynamic_pedestrians,Classical local controller,evaluation_seed,3,N/A,2,4,ON,0.1,1,0,0,0,32.110872,34.135837,1.690661,13.7515,12.7797,1.076,0.91677,0.70659,0.898564,0.26880064,N/A (classical controller)
classicalref__dynamic_pedestrians__Classical_local_controller__g3__ep03,classical_control_reference,dynamic_pedestrians,Classical local controller,evaluation_seed,3,N/A,3,4,ON,0.1,1,0,0,0,32.756765,35.470348,1.349228,13.7712,12.8254,1.0737,0.947764,0.680907,0.863698,0.26948333,N/A (classical controller)
classicalref__dynamic_pedestrians__Classical_local_controller__g3__ep04,classical_control_reference,dynamic_pedestrians,Classical local controller,evaluation_seed,3,N/A,4,4,ON,0.1,1,0,0,0,32.405301,35.668,1.645496,13.8519,12.7917,1.0829,0.946448,0.705695,0.843437,0.26602464,N/A (classical controller)
classicalref__dynamic_pedestrians__Classical_local_controller__g3__ep05,classical_control_reference,dynamic_pedestrians,Classical local controller,evaluation_seed,3,N/A,5,4,ON,0.1,1,0,0,0,31.25952,33.288155,1.704844,13.6587,12.8011,1.067,0.941895,0.695848,0.869491,0.26493086,N/A (classical controller)
classicalref__dynamic_pedestrians__Classical_local_controller__g3__ep06,classical_control_reference,dynamic_pedestrians,Classical local controller,evaluation_seed,3,N/A,6,4,ON,0.1,1,0,0,0,30.298615,34.483988,1.582118,13.5531,12.824,1.0569,0.933225,0.679044,0.888272,0.26783101,N/A (classical controller)
classicalref__dynamic_pedestrians__Classical_local_controller__g3__ep07,classical_control_reference,dynamic_pedestrians,Classical local controller,evaluation_seed,3,N/A,7,4,ON,0.1,1,0,0,0,32.311983,34.122925,1.847503,13.8778,12.8012,1.0841,0.923841,0.659062,0.825512,0.26787818,N/A (classical controller)
classicalref__dynamic_pedestrians__Classical_local_controller__g3__ep08,classical_control_reference,dynamic_pedestrians,Classical local controller,evaluation_seed,3,N/A,8,4,ON,0.1,1,0,0,0,35.028598,36.286229,1.850388,13.9812,12.8226,1.0904,0.912539,0.690738,0.843284,0.26727191,N/A (classical controller)
classicalref__dynamic_pedestrians__Classical_local_controller__g3__ep09,classical_control_reference,dynamic_pedestrians,Classical local controller,evaluation_seed,3,N/A,9,4,ON,0.1,1,0,0,0,31.798784,34.683094,1.868654,13.7794,12.8076,1.0759,0.945295,0.661642,0.813721,0.27047244,N/A (classical controller)
classicalref__dynamic_pedestrians__Classical_local_controller__g4__ep00,classical_control_reference,dynamic_pedestrians,Classical local controller,evaluation_seed,4,N/A,0,4,ON,0.1,1,0,0,0,31.722602,36.50803,1.338627,13.5521,12.8129,1.0577,0.948446,0.683183,0.890841,0.25942115,N/A (classical controller)
classicalref__dynamic_pedestrians__Classical_local_controller__g4__ep01,classical_control_reference,dynamic_pedestrians,Classical local controller,evaluation_seed,4,N/A,1,4,ON,0.1,1,0,0,0,34.633293,36.847331,1.203929,13.7906,12.8002,1.0774,0.93252,0.695511,0.831584,0.26250055,N/A (classical controller)
classicalref__dynamic_pedestrians__Classical_local_controller__g4__ep02,classical_control_reference,dynamic_pedestrians,Classical local controller,evaluation_seed,4,N/A,2,4,ON,0.1,1,0,0,0,31.858426,34.666679,1.663577,14.0495,12.7837,1.099,0.911901,0.68462,0.83468,0.25626349,N/A (classical controller)
classicalref__dynamic_pedestrians__Classical_local_controller__g4__ep03,classical_control_reference,dynamic_pedestrians,Classical local controller,evaluation_seed,4,N/A,3,4,ON,0.1,1,0,0,0,33.531335,35.62522,1.288807,13.7135,12.828,1.069,0.944051,0.651115,0.800752,0.26007521,N/A (classical controller)
classicalref__dynamic_pedestrians__Classical_local_controller__g4__ep04,classical_control_reference,dynamic_pedestrians,Classical local controller,evaluation_seed,4,N/A,4,4,ON,0.1,1,0,0,0,31.448654,37.608981,1.67317,13.8652,12.81,1.0824,0.924272,0.677982,0.852662,0.25904788,N/A (classical controller)
classicalref__dynamic_pedestrians__Classical_local_controller__g4__ep05,classical_control_reference,dynamic_pedestrians,Classical local controller,evaluation_seed,4,N/A,5,4,ON,0.1,1,0,0,0,31.693481,38.174268,1.166454,13.9924,12.7982,1.0933,0.94354,0.706572,0.850286,0.2585152,N/A (classical controller)
classicalref__dynamic_pedestrians__Classical_local_controller__g4__ep06,classical_control_reference,dynamic_pedestrians,Classical local controller,evaluation_seed,4,N/A,6,4,ON,0.1,1,0,0,0,32.916518,34.778152,1.258027,13.4577,12.7917,1.0521,0.947108,0.68733,0.822287,0.26159629,N/A (classical controller)
classicalref__dynamic_pedestrians__Classical_local_controller__g4__ep07,classical_control_reference,dynamic_pedestrians,Classical local controller,evaluation_seed,4,N/A,7,4,ON,0.1,1,0,0,0,30.790685,36.864262,1.301312,13.3569,12.8263,1.0414,0.928028,0.668678,0.882813,0.25915673,N/A (classical controller)
classicalref__dynamic_pedestrians__Classical_local_controller__g4__ep08,classical_control_reference,dynamic_pedestrians,Classical local controller,evaluation_seed,4,N/A,8,4,ON,0.1,1,0,0,0,33.208719,35.561054,1.537678,13.4399,12.8172,1.0486,0.942735,0.683321,0.824155,0.26371639,N/A (classical controller)
classicalref__dynamic_pedestrians__Classical_local_controller__g4__ep09,classical_control_reference,dynamic_pedestrians,Classical local controller,evaluation_seed,4,N/A,9,4,ON,0.1,1,0,0,0,30.865487,35.233901,1.496705,13.4116,12.7997,1.0478,0.929233,0.705536,0.888134,0.26419176,N/A (classical controller)
classicalref__dynamic_pedestrians__Classical_local_controller__g5__ep00,classical_control_reference,dynamic_pedestrians,Classical local controller,evaluation_seed,5,N/A,0,4,ON,0.1,1,0,0,0,33.61082,35.625814,1.596425,14.0449,12.8252,1.0951,0.932715,0.655242,0.891286,0.25343978,N/A (classical controller)
classicalref__dynamic_pedestrians__Classical_local_controller__g5__ep01,classical_control_reference,dynamic_pedestrians,Classical local controller,evaluation_seed,5,N/A,1,4,ON,0.1,1,0,0,0,31.835847,36.779901,1.589788,14.0995,12.8201,1.0998,0.948032,0.701673,0.885893,0.2518219,N/A (classical controller)
classicalref__dynamic_pedestrians__Classical_local_controller__g5__ep02,classical_control_reference,dynamic_pedestrians,Classical local controller,evaluation_seed,5,N/A,2,4,ON,0.1,1,0,0,0,31.269407,35.843981,1.809109,13.7473,12.7949,1.0744,0.941022,0.674806,0.847419,0.2514642,N/A (classical controller)
classicalref__dynamic_pedestrians__Classical_local_controller__g5__ep03,classical_control_reference,dynamic_pedestrians,Classical local controller,evaluation_seed,5,N/A,3,4,ON,0.1,1,0,0,0,31.458924,36.473719,1.802861,13.9049,12.8039,1.086,0.915976,0.677352,0.824155,0.25187527,N/A (classical controller)
classicalref__dynamic_pedestrians__Classical_local_controller__g5__ep04,classical_control_reference,dynamic_pedestrians,Classical local controller,evaluation_seed,5,N/A,4,4,ON,0.1,1,0,0,0,32.203298,36.694732,1.870014,13.3093,12.8089,1.0391,0.918791,0.678106,0.833861,0.25425235,N/A (classical controller)
classicalref__dynamic_pedestrians__Classical_local_controller__g5__ep05,classical_control_reference,dynamic_pedestrians,Classical local controller,evaluation_seed,5,N/A,5,4,ON,0.1,1,0,0,0,32.875287,35.871617,1.613489,13.3779,12.8037,1.0448,0.918002,0.661014,0.869851,0.25130936,N/A (classical controller)
classicalref__dynamic_pedestrians__Classical_local_controller__g5__ep06,classical_control_reference,dynamic_pedestrians,Classical local controller,evaluation_seed,5,N/A,6,4,ON,0.1,1,0,0,0,30.703305,37.51826,1.821242,13.827,12.8239,1.0782,0.949823,0.67886,0.834069,0.25343118,N/A (classical controller)
classicalref__dynamic_pedestrians__Classical_local_controller__g5__ep07,classical_control_reference,dynamic_pedestrians,Classical local controller,evaluation_seed,5,N/A,7,4,ON,0.1,1,0,0,0,33.714201,36.588837,1.783485,13.9629,12.824,1.0888,0.927556,0.67349,0.815877,0.25214505,N/A (classical controller)
classicalref__dynamic_pedestrians__Classical_local_controller__g5__ep08,classical_control_reference,dynamic_pedestrians,Classical local controller,evaluation_seed,5,N/A,8,4,ON,0.1,1,0,0,0,33.24267,36.986593,1.522858,13.8552,12.812,1.0814,0.918651,0.702114,0.898501,0.25327274,N/A (classical controller)
classicalref__dynamic_pedestrians__Classical_local_controller__g5__ep09,classical_control_reference,dynamic_pedestrians,Classical local controller,evaluation_seed,5,N/A,9,4,ON,0.1,1,0,0,0,30.259843,36.522037,1.597622,13.9279,12.8016,1.088,0.944066,0.692787,0.856725,0.25636516,N/A (classical controller)
classicalref__dynamic_pedestrians__Classical_local_controller__g6__ep00,classical_control_reference,dynamic_pedestrians,Classical local controller,evaluation_seed,6,N/A,0,4,ON,0.1,1,0,0,0,31.760371,34.97095,1.128521,14.0655,12.7897,1.0997,0.94218,0.704219,0.833468,0.27835366,N/A (classical controller)
classicalref__dynamic_pedestrians__Classical_local_controller__g6__ep01,classical_control_reference,dynamic_pedestrians,Classical local controller,evaluation_seed,6,N/A,1,4,ON,0.1,1,0,0,0,32.616174,38.971401,1.13273,13.8659,12.8305,1.0807,0.91636,0.662511,0.84791,0.27417755,N/A (classical controller)
classicalref__dynamic_pedestrians__Classical_local_controller__g6__ep02,classical_control_reference,dynamic_pedestrians,Classical local controller,evaluation_seed,6,N/A,2,4,ON,0.1,1,0,0,0,30.912284,39.353185,1.270893,13.4256,12.7817,1.0504,0.93791,0.703934,0.814521,0.27429557,N/A (classical controller)
classicalref__dynamic_pedestrians__Classical_local_controller__g6__ep03,classical_control_reference,dynamic_pedestrians,Classical local controller,evaluation_seed,6,N/A,3,4,ON,0.1,1,0,0,0,32.065708,36.418697,1.4502,13.9415,12.8184,1.0876,0.911201,0.68774,0.898202,0.27262043,N/A (classical controller)
classicalref__dynamic_pedestrians__Classical_local_controller__g6__ep04,classical_control_reference,dynamic_pedestrians,Classical local controller,evaluation_seed,6,N/A,4,4,ON,0.1,1,0,0,0,34.184465,37.479648,1.316498,13.7061,12.8023,1.0706,0.917371,0.666386,0.82338,0.27448382,N/A (classical controller)
classicalref__dynamic_pedestrians__Classical_local_controller__g6__ep05,classical_control_reference,dynamic_pedestrians,Classical local controller,evaluation_seed,6,N/A,5,4,ON,0.1,1,0,0,0,32.267153,38.760579,0.984294,13.5128,12.8081,1.055,0.920036,0.690424,0.81194,0.27921757,N/A (classical controller)
classicalref__dynamic_pedestrians__Classical_local_controller__g6__ep06,classical_control_reference,dynamic_pedestrians,Classical local controller,evaluation_seed,6,N/A,6,4,ON,0.1,1,0,0,0,33.824059,35.942159,1.187305,14.0283,12.784,1.0973,0.913526,0.7085,0.81995,0.26937997,N/A (classical controller)
classicalref__dynamic_pedestrians__Classical_local_controller__g6__ep07,classical_control_reference,dynamic_pedestrians,Classical local controller,evaluation_seed,6,N/A,7,4,ON,0.1,1,0,0,0,32.217257,37.137047,1.177025,13.364,12.8029,1.0438,0.931023,0.70762,0.836211,0.27634907,N/A (classical controller)
classicalref__dynamic_pedestrians__Classical_local_controller__g6__ep08,classical_control_reference,dynamic_pedestrians,Classical local controller,evaluation_seed,6,N/A,8,4,ON,0.1,1,0,0,0,32.257755,36.573626,1.140481,13.8907,12.8158,1.0839,0.931049,0.6742,0.808028,0.2798334,N/A (classical controller)
classicalref__dynamic_pedestrians__Classical_local_controller__g6__ep09,classical_control_reference,dynamic_pedestrians,Classical local controller,evaluation_seed,6,N/A,9,4,ON,0.1,1,0,0,0,31.757836,36.517437,1.158836,14.0226,12.8006,1.0955,0.925005,0.66896,0.843186,0.27819901,N/A (classical controller)
classicalref__dynamic_pedestrians__Classical_local_controller__g7__ep00,classical_control_reference,dynamic_pedestrians,Classical local controller,evaluation_seed,7,N/A,0,4,ON,0.1,1,0,0,0,33.904048,36.437458,1.227081,13.3203,12.7997,1.0407,0.922068,0.700858,0.881461,0.2648663,N/A (classical controller)
classicalref__dynamic_pedestrians__Classical_local_controller__g7__ep01,classical_control_reference,dynamic_pedestrians,Classical local controller,evaluation_seed,7,N/A,1,4,ON,0.1,1,0,0,0,33.13255,35.687903,1.414419,13.8394,12.8093,1.0804,0.910787,0.698834,0.809159,0.26558078,N/A (classical controller)
classicalref__dynamic_pedestrians__Classical_local_controller__g7__ep02,classical_control_reference,dynamic_pedestrians,Classical local controller,evaluation_seed,7,N/A,2,4,ON,0.1,1,0,0,0,31.408321,35.123294,1.389341,13.419,12.7926,1.049,0.920556,0.676367,0.808585,0.26971203,N/A (classical controller)
classicalref__dynamic_pedestrians__Classical_local_controller__g7__ep03,classical_control_reference,dynamic_pedestrians,Classical local controller,evaluation_seed,7,N/A,3,4,ON,0.1,1,0,0,0,32.825924,35.743539,1.694593,13.929,12.7877,1.0893,0.949088,0.683068,0.810188,0.26376852,N/A (classical controller)
classicalref__dynamic_pedestrians__Classical_local_controller__g7__ep04,classical_control_reference,dynamic_pedestrians,Classical local controller,evaluation_seed,7,N/A,4,4,ON,0.1,1,0,0,0,32.494452,36.345144,1.288,13.8795,12.7963,1.0847,0.943429,0.651586,0.844238,0.26738886,N/A (classical controller)
classicalref__dynamic_pedestrians__Classical_local_controller__g7__ep05,classical_control_reference,dynamic_pedestrians,Classical local controller,evaluation_seed,7,N/A,5,4,ON,0.1,1,0,0,0,32.653635,36.230108,1.352518,13.5443,12.8235,1.0562,0.939025,0.709736,0.895337,0.26311395,N/A (classical controller)
classicalref__dynamic_pedestrians__Classical_local_controller__g7__ep06,classical_control_reference,dynamic_pedestrians,Classical local controller,evaluation_seed,7,N/A,6,4,ON,0.1,1,0,0,0,35.590945,36.073271,1.662673,13.3983,12.8126,1.0457,0.921118,0.667767,0.850148,0.26464805,N/A (classical controller)
classicalref__dynamic_pedestrians__Classical_local_controller__g7__ep07,classical_control_reference,dynamic_pedestrians,Classical local controller,evaluation_seed,7,N/A,7,4,ON,0.1,1,0,0,0,33.325362,34.89871,1.460955,13.5076,12.7875,1.0563,0.920287,0.695755,0.833508,0.26601911,N/A (classical controller)
classicalref__dynamic_pedestrians__Classical_local_controller__g7__ep08,classical_control_reference,dynamic_pedestrians,Classical local controller,evaluation_seed,7,N/A,8,4,ON,0.1,1,0,0,0,32.267385,36.882813,1.276714,13.9296,12.8135,1.0871,0.918845,0.665654,0.818265,0.26615776,N/A (classical controller)
classicalref__dynamic_pedestrians__Classical_local_controller__g7__ep09,classical_control_reference,dynamic_pedestrians,Classical local controller,evaluation_seed,7,N/A,9,4,ON,0.1,1,0,0,0,32.396532,35.247188,1.5361,13.4634,12.8218,1.05,0.933882,0.707411,0.823225,0.26359582,N/A (classical controller)
classicalref__mixed_complex__Classical_local_controller__g0__ep00,classical_control_reference,mixed_complex,Classical local controller,evaluation_seed,0,N/A,0,4,ON,0.1,1,0,0,0,49.587524,49.542411,1.067478,21.897,23.0091,0.9517,0.76916,0.842743,0.821082,0.3187135,N/A (classical controller)
classicalref__mixed_complex__Classical_local_controller__g0__ep01,classical_control_reference,mixed_complex,Classical local controller,evaluation_seed,0,N/A,1,4,ON,0.1,1,0,0,0,47.379926,49.522411,0.877367,21.5648,23.1342,0.9322,0.742726,0.826416,0.812841,0.31184772,N/A (classical controller)
classicalref__mixed_complex__Classical_local_controller__g0__ep02,classical_control_reference,mixed_complex,Classical local controller,evaluation_seed,0,N/A,2,4,ON,0.1,1,0,0,0,46.850221,49.532411,1.242051,21.3427,22.9326,0.9307,0.76508,0.846465,0.816362,0.31568819,N/A (classical controller)
classicalref__mixed_complex__Classical_local_controller__g0__ep03,classical_control_reference,mixed_complex,Classical local controller,evaluation_seed,0,N/A,3,4,ON,0.1,1,0,0,0,51.669938,49.532411,1.171345,21.3615,23.0527,0.9266,0.76232,0.809654,0.896819,0.31726209,N/A (classical controller)
classicalref__mixed_complex__Classical_local_controller__g0__ep04,classical_control_reference,mixed_complex,Classical local controller,evaluation_seed,0,N/A,4,4,ON,0.1,1,0,0,0,49.595857,49.532411,1.582149,21.9952,23.1777,0.949,0.763098,0.849836,0.849755,0.31646728,N/A (classical controller)
classicalref__mixed_complex__Classical_local_controller__g0__ep05,classical_control_reference,mixed_complex,Classical local controller,evaluation_seed,0,N/A,5,4,ON,0.1,1,0,0,0,46.774506,49.532411,1.252677,21.698,23.1388,0.9377,0.751836,0.812622,0.800087,0.31431384,N/A (classical controller)
classicalref__mixed_complex__Classical_local_controller__g0__ep06,classical_control_reference,mixed_complex,Classical local controller,evaluation_seed,0,N/A,6,4,ON,0.1,1,0,0,0,47.038087,49.532411,1.151833,21.8376,22.9948,0.9497,0.732576,0.854086,0.878834,0.3151937,N/A (classical controller)
classicalref__mixed_complex__Classical_local_controller__g0__ep07,classical_control_reference,mixed_complex,Classical local controller,evaluation_seed,0,N/A,7,4,ON,0.1,1,0,0,0,44.581944,49.532411,1.201983,22.0172,23.0529,0.9551,0.738409,0.815888,0.838022,0.31440499,N/A (classical controller)
classicalref__mixed_complex__Classical_local_controller__g0__ep08,classical_control_reference,mixed_complex,Classical local controller,evaluation_seed,0,N/A,8,4,ON,0.1,1,0,0,0,49.150345,49.532411,1.478886,21.507,22.9902,0.9355,0.752518,0.855407,0.817249,0.31592123,N/A (classical controller)
classicalref__mixed_complex__Classical_local_controller__g0__ep09,classical_control_reference,mixed_complex,Classical local controller,evaluation_seed,0,N/A,9,4,ON,0.1,1,0,0,0,41.614471,49.532411,1.235105,21.7137,23.0095,0.9437,0.762633,0.833058,0.871631,0.31501844,N/A (classical controller)
classicalref__mixed_complex__Classical_local_controller__g1__ep00,classical_control_reference,mixed_complex,Classical local controller,evaluation_seed,1,N/A,0,4,ON,0.1,1,0,0,0,46.236617,53.129255,1.499858,21.7005,22.9948,0.9437,0.757634,0.832591,0.800099,0.32289428,N/A (classical controller)
classicalref__mixed_complex__Classical_local_controller__g1__ep01,classical_control_reference,mixed_complex,Classical local controller,evaluation_seed,1,N/A,1,4,ON,0.1,1,0,0,0,46.139933,54.974624,1.539887,21.8874,23.1388,0.9459,0.759491,0.849402,0.823942,0.31854556,N/A (classical controller)
classicalref__mixed_complex__Classical_local_controller__g1__ep02,classical_control_reference,mixed_complex,Classical local controller,evaluation_seed,1,N/A,2,4,ON,0.1,1,0,0,0,49.178945,52.176425,1.371925,21.828,22.8845,0.9538,0.767127,0.843175,0.856098,0.31856306,N/A (classical controller)
classicalref__mixed_complex__Classical_local_controller__g1__ep03,classical_control_reference,mixed_complex,Classical local controller,evaluation_seed,1,N/A,3,4,ON,0.1,1,0,0,0,50.151013,52.45907,1.55118,21.502,23.1154,0.9302,0.747254,0.801341,0.820195,0.323164,N/A (classical controller)
classicalref__mixed_complex__Classical_local_controller__g1__ep04,classical_control_reference,mixed_complex,Classical local controller,evaluation_seed,1,N/A,4,4,ON,0.1,1,0,0,0,50.808043,53.665944,1.702546,22.0415,22.9467,0.9606,0.753733,0.821734,0.832761,0.3210888,N/A (classical controller)
classicalref__mixed_complex__Classical_local_controller__g1__ep05,classical_control_reference,mixed_complex,Classical local controller,evaluation_seed,1,N/A,5,4,ON,0.1,1,0,0,0,48.127824,55.556726,1.246103,21.8469,23.1777,0.9426,0.73655,0.802842,0.855333,0.32462671,N/A (classical controller)
classicalref__mixed_complex__Classical_local_controller__g1__ep06,classical_control_reference,mixed_complex,Classical local controller,evaluation_seed,1,N/A,6,4,ON,0.1,1,0,0,0,49.187219,50.251655,1.703298,21.6885,23.1195,0.9381,0.766876,0.831592,0.850326,0.31358839,N/A (classical controller)
classicalref__mixed_complex__Classical_local_controller__g1__ep07,classical_control_reference,mixed_complex,Classical local controller,evaluation_seed,1,N/A,7,4,ON,0.1,1,0,0,0,53.259838,53.659914,1.46749,21.4346,23.0527,0.9298,0.742913,0.852036,0.879627,0.31671639,N/A (classical controller)
classicalref__mixed_complex__Classical_local_controller__g1__ep08,classical_control_reference,mixed_complex,Classical local controller,evaluation_seed,1,N/A,8,4,ON,0.1,1,0,0,0,50.15633,54.024416,1.652736,21.7836,23.2011,0.9389,0.768811,0.818852,0.810583,0.32306353,N/A (classical controller)
classicalref__mixed_complex__Classical_local_controller__g1__ep09,classical_control_reference,mixed_complex,Classical local controller,evaluation_seed,1,N/A,9,4,ON,0.1,1,0,0,0,50.514033,52.162517,1.434171,21.9393,23.0529,0.9517,0.769084,0.837301,0.81851,0.32103319,N/A (classical controller)
classicalref__mixed_complex__Classical_local_controller__g2__ep00,classical_control_reference,mixed_complex,Classical local controller,evaluation_seed,2,N/A,0,4,ON,0.1,1,0,0,0,52.535145,52.620085,1.537026,21.4448,22.9323,0.9351,0.742501,0.838489,0.853983,0.31954524,N/A (classical controller)
classicalref__mixed_complex__Classical_local_controller__g2__ep01,classical_control_reference,mixed_complex,Classical local controller,evaluation_seed,2,N/A,1,4,ON,0.1,1,0,0,0,47.226859,51.960417,1.316881,21.4263,23.0576,0.9293,0.749985,0.840513,0.885378,0.32222988,N/A (classical controller)
classicalref__mixed_complex__Classical_local_controller__g2__ep02,classical_control_reference,mixed_complex,Classical local controller,evaluation_seed,2,N/A,2,4,ON,0.1,1,0,0,0,46.195898,50.983908,1.394049,22.0517,22.947,0.961,0.748315,0.816255,0.866976,0.32095153,N/A (classical controller)
classicalref__mixed_complex__Classical_local_controller__g2__ep03,classical_control_reference,mixed_complex,Classical local controller,evaluation_seed,2,N/A,3,4,ON,0.1,1,0,0,0,47.813473,56.689314,1.227419,21.9728,23.1966,0.9472,0.769317,0.842623,0.8725,0.31954488,N/A (classical controller)
classicalref__mixed_complex__Classical_local_controller__g2__ep04,classical_control_reference,mixed_complex,Classical local controller,evaluation_seed,2,N/A,4,4,ON,0.1,1,0,0,0,45.29006,49.86709,1.497511,21.6578,22.8654,0.9472,0.767923,0.819755,0.863186,0.3165947,N/A (classical controller)
classicalref__mixed_complex__Classical_local_controller__g2__ep05,classical_control_reference,mixed_complex,Classical local controller,evaluation_seed,2,N/A,5,4,ON,0.1,1,0,0,0,43.239356,53.094019,1.474165,21.8506,23.1342,0.9445,0.742761,0.822823,0.879303,0.3208842,N/A (classical controller)
classicalref__mixed_complex__Classical_local_controller__g2__ep06,classical_control_reference,mixed_complex,Classical local controller,evaluation_seed,2,N/A,6,4,ON,0.1,1,0,0,0,50.344336,52.895105,1.433256,21.9858,23.1823,0.9484,0.765954,0.849727,0.818732,0.32080092,N/A (classical controller)
classicalref__mixed_complex__Classical_local_controller__g2__ep07,classical_control_reference,mixed_complex,Classical local controller,evaluation_seed,2,N/A,7,4,ON,0.1,1,0,0,0,50.960184,51.433487,1.089999,21.3904,22.9902,0.9304,0.734245,0.801837,0.858767,0.32036138,N/A (classical controller)
classicalref__mixed_complex__Classical_local_controller__g2__ep08,classical_control_reference,mixed_complex,Classical local controller,evaluation_seed,2,N/A,8,4,ON,0.1,1,0,0,0,47.124569,49.275485,1.305,21.835,23.0529,0.9472,0.736388,0.822482,0.877579,0.32241815,N/A (classical controller)
classicalref__mixed_complex__Classical_local_controller__g2__ep09,classical_control_reference,mixed_complex,Classical local controller,evaluation_seed,2,N/A,9,4,ON,0.1,1,0,0,0,51.16976,52.232985,1.247052,21.895,23.2401,0.9421,0.741533,0.822787,0.863672,0.32026209,N/A (classical controller)
classicalref__mixed_complex__Classical_local_controller__g3__ep00,classical_control_reference,mixed_complex,Classical local controller,evaluation_seed,3,N/A,0,4,ON,0.1,1,0,0,0,45.609842,49.86841,1.711134,21.645,23.1823,0.9337,0.755963,0.850994,0.820324,0.31976187,N/A (classical controller)
classicalref__mixed_complex__Classical_local_controller__g3__ep01,classical_control_reference,mixed_complex,Classical local controller,evaluation_seed,3,N/A,1,4,ON,0.1,1,0,0,0,49.42697,53.582111,1.558365,21.3413,22.9467,0.93,0.749914,0.812421,0.841465,0.31575166,N/A (classical controller)
classicalref__mixed_complex__Classical_local_controller__g3__ep02,classical_control_reference,mixed_complex,Classical local controller,evaluation_seed,3,N/A,2,4,ON,0.1,1,0,0,0,46.024382,51.119555,1.413916,21.705,23.1777,0.9365,0.734341,0.810715,0.8795,0.32016212,N/A (classical controller)
classicalref__mixed_complex__Classical_local_controller__g3__ep03,classical_control_reference,mixed_complex,Classical local controller,evaluation_seed,3,N/A,3,4,ON,0.1,1,0,0,0,44.386086,53.849625,1.579289,21.9081,23.1388,0.9468,0.767527,0.849873,0.804224,0.31268232,N/A (classical controller)
classicalref__mixed_complex__Classical_local_controller__g3__ep04,classical_control_reference,mixed_complex,Classical local controller,evaluation_seed,3,N/A,4,4,ON,0.1,1,0,0,0,47.641484,50.158677,1.737887,22.0668,23.1342,0.9539,0.737218,0.805285,0.826519,0.32102781,N/A (classical controller)
classicalref__mixed_complex__Classical_local_controller__g3__ep05,classical_control_reference,mixed_complex,Classical local controller,evaluation_seed,3,N/A,5,4,ON,0.1,1,0,0,0,50.069495,52.204488,1.564255,21.5122,23.0092,0.9349,0.741501,0.840341,0.850366,0.31806309,N/A (classical controller)
classicalref__mixed_complex__Classical_local_controller__g3__ep06,classical_control_reference,mixed_complex,Classical local controller,evaluation_seed,3,N/A,6,4,ON,0.1,1,0,0,0,47.951198,50.267043,1.279534,21.5662,23.0719,0.9347,0.749861,0.827575,0.891924,0.31213144,N/A (classical controller)
classicalref__mixed_complex__Classical_local_controller__g3__ep07,classical_control_reference,mixed_complex,Classical local controller,evaluation_seed,3,N/A,7,4,ON,0.1,1,0,0,0,45.873065,50.012482,1.530163,22.0927,23.0573,0.9582,0.766959,0.848091,0.870956,0.31350771,N/A (classical controller)
classicalref__mixed_complex__Classical_local_controller__g3__ep08,classical_control_reference,mixed_complex,Classical local controller,evaluation_seed,3,N/A,8,4,ON,0.1,1,0,0,0,45.276184,52.738643,1.640177,21.8519,23.1151,0.9454,0.749675,0.845367,0.842202,0.31398904,N/A (classical controller)
classicalref__mixed_complex__Classical_local_controller__g3__ep09,classical_control_reference,mixed_complex,Classical local controller,evaluation_seed,3,N/A,9,4,ON,0.1,1,0,0,0,45.245944,50.553235,1.467789,21.5672,23.0576,0.9354,0.745514,0.800909,0.890124,0.31840041,N/A (classical controller)
classicalref__mixed_complex__Classical_local_controller__g4__ep00,classical_control_reference,mixed_complex,Classical local controller,evaluation_seed,4,N/A,0,4,ON,0.1,1,0,0,0,49.57811,52.024221,1.025367,21.9251,23.0526,0.9511,0.732549,0.808898,0.824262,0.32192583,N/A (classical controller)
classicalref__mixed_complex__Classical_local_controller__g4__ep01,classical_control_reference,mixed_complex,Classical local controller,evaluation_seed,4,N/A,1,4,ON,0.1,1,0,0,0,48.281034,51.151513,1.075845,21.9924,23.0529,0.954,0.736119,0.84913,0.864439,0.32033564,N/A (classical controller)
classicalref__mixed_complex__Classical_local_controller__g4__ep02,classical_control_reference,mixed_complex,Classical local controller,evaluation_seed,4,N/A,2,4,ON,0.1,1,0,0,0,51.312593,53.325205,1.002734,21.3227,22.9904,0.9275,0.753223,0.828274,0.827555,0.32333269,N/A (classical controller)
classicalref__mixed_complex__Classical_local_controller__g4__ep03,classical_control_reference,mixed_complex,Classical local controller,evaluation_seed,4,N/A,3,4,ON,0.1,1,0,0,0,47.265762,49.167853,0.930496,21.6654,23.0141,0.9414,0.748233,0.84098,0.810537,0.31781808,N/A (classical controller)
classicalref__mixed_complex__Classical_local_controller__g4__ep04,classical_control_reference,mixed_complex,Classical local controller,evaluation_seed,4,N/A,4,4,ON,0.1,1,0,0,0,47.268882,51.315119,0.972257,21.4515,22.7771,0.9418,0.745927,0.837606,0.869808,0.31829589,N/A (classical controller)
classicalref__mixed_complex__Classical_local_controller__g4__ep05,classical_control_reference,mixed_complex,Classical local controller,evaluation_seed,4,N/A,5,4,ON,0.1,1,0,0,0,48.618788,48.973456,1.003333,21.3441,23.0095,0.9276,0.757643,0.831323,0.808033,0.31966332,N/A (classical controller)
classicalref__mixed_complex__Classical_local_controller__g4__ep06,classical_control_reference,mixed_complex,Classical local controller,evaluation_seed,4,N/A,6,4,ON,0.1,1,0,0,0,50.739937,53.874684,0.908486,21.3058,23.0576,0.924,0.753025,0.840919,0.829968,0.31810591,N/A (classical controller)
classicalref__mixed_complex__Classical_local_controller__g4__ep07,classical_control_reference,mixed_complex,Classical local controller,evaluation_seed,4,N/A,7,4,ON,0.1,1,0,0,0,52.275469,53.16341,0.99648,21.6916,23.2011,0.9349,0.746649,0.808991,0.895716,0.31968781,N/A (classical controller)
classicalref__mixed_complex__Classical_local_controller__g4__ep08,classical_control_reference,mixed_complex,Classical local controller,evaluation_seed,4,N/A,8,4,ON,0.1,1,0,0,0,45.915562,48.907306,1.188048,21.4889,23.0716,0.9314,0.737696,0.85184,0.824183,0.3220302,N/A (classical controller)
classicalref__mixed_complex__Classical_local_controller__g4__ep09,classical_control_reference,mixed_complex,Classical local controller,evaluation_seed,4,N/A,9,4,ON,0.1,1,0,0,0,51.365802,53.882162,1.07608,21.4403,23.1342,0.9268,0.743978,0.858596,0.871239,0.32213269,N/A (classical controller)
classicalref__mixed_complex__Classical_local_controller__g5__ep00,classical_control_reference,mixed_complex,Classical local controller,evaluation_seed,5,N/A,0,4,ON,0.1,1,0,0,0,50.507505,50.685267,1.600622,21.866,23.1966,0.9426,0.75747,0.821315,0.875197,0.31528932,N/A (classical controller)
classicalref__mixed_complex__Classical_local_controller__g5__ep01,classical_control_reference,mixed_complex,Classical local controller,evaluation_seed,5,N/A,1,4,ON,0.1,1,0,0,0,47.942963,48.946885,1.526327,21.8173,23.1154,0.9438,0.743377,0.826547,0.800336,0.31941412,N/A (classical controller)
classicalref__mixed_complex__Classical_local_controller__g5__ep02,classical_control_reference,mixed_complex,Classical local controller,evaluation_seed,5,N/A,2,4,ON,0.1,1,0,0,0,47.794367,50.451717,1.558032,21.4035,23.0527,0.9285,0.751536,0.837994,0.862088,0.31879838,N/A (classical controller)
classicalref__mixed_complex__Classical_local_controller__g5__ep03,classical_control_reference,mixed_complex,Classical local controller,evaluation_seed,5,N/A,3,4,ON,0.1,1,0,0,0,47.810938,50.891697,1.695245,21.8699,22.9467,0.9531,0.745071,0.853277,0.882332,0.31964764,N/A (classical controller)
classicalref__mixed_complex__Classical_local_controller__g5__ep04,classical_control_reference,mixed_complex,Classical local controller,evaluation_seed,5,N/A,4,4,ON,0.1,1,0,0,0,49.423322,50.598009,1.478746,21.585,23.1198,0.9336,0.752451,0.85394,0.860376,0.31505656,N/A (classical controller)
classicalref__mixed_complex__Classical_local_controller__g5__ep05,classical_control_reference,mixed_complex,Classical local controller,evaluation_seed,5,N/A,5,4,ON,0.1,1,0,0,0,48.543843,49.413366,1.250978,21.6416,22.9279,0.9439,0.730823,0.825678,0.849903,0.32256588,N/A (classical controller)
classicalref__mixed_complex__Classical_local_controller__g5__ep06,classical_control_reference,mixed_complex,Classical local controller,evaluation_seed,5,N/A,6,4,ON,0.1,1,0,0,0,45.418393,49.370147,1.129322,21.9892,23.1342,0.9505,0.763882,0.829914,0.817185,0.31515127,N/A (classical controller)
classicalref__mixed_complex__Classical_local_controller__g5__ep07,classical_control_reference,mixed_complex,Classical local controller,evaluation_seed,5,N/A,7,4,ON,0.1,1,0,0,0,46.182324,48.705212,1.60432,21.7315,23.2401,0.9351,0.751217,0.80443,0.805561,0.32045444,N/A (classical controller)
classicalref__mixed_complex__Classical_local_controller__g5__ep08,classical_control_reference,mixed_complex,Classical local controller,evaluation_seed,5,N/A,8,4,ON,0.1,1,0,0,0,50.55075,52.872113,1.355573,21.5554,23.2445,0.9273,0.742545,0.853739,0.816105,0.31954136,N/A (classical controller)
classicalref__mixed_complex__Classical_local_controller__g5__ep09,classical_control_reference,mixed_complex,Classical local controller,evaluation_seed,5,N/A,9,4,ON,0.1,1,0,0,0,48.7364,51.316799,1.365464,22.0605,22.7817,0.9683,0.756911,0.838876,0.825888,0.3247381,N/A (classical controller)
classicalref__mixed_complex__Classical_local_controller__g6__ep00,classical_control_reference,mixed_complex,Classical local controller,evaluation_seed,6,N/A,0,4,ON,0.1,1,0,0,0,49.009853,51.36867,1.010619,21.5221,22.9018,0.9398,0.735604,0.827129,0.850324,0.32313677,N/A (classical controller)
classicalref__mixed_complex__Classical_local_controller__g6__ep01,classical_control_reference,mixed_complex,Classical local controller,evaluation_seed,6,N/A,1,4,ON,0.1,1,0,0,0,48.649066,48.94855,1.195823,21.5939,23.0095,0.9385,0.758139,0.826158,0.853468,0.31911919,N/A (classical controller)
classicalref__mixed_complex__Classical_local_controller__g6__ep02,classical_control_reference,mixed_complex,Classical local controller,evaluation_seed,6,N/A,2,4,ON,0.1,1,0,0,0,43.73131,50.415354,0.987367,22.0129,23.1777,0.9497,0.75361,0.829491,0.887018,0.32093738,N/A (classical controller)
classicalref__mixed_complex__Classical_local_controller__g6__ep03,classical_control_reference,mixed_complex,Classical local controller,evaluation_seed,6,N/A,3,4,ON,0.1,1,0,0,0,46.42374,53.369449,1.18258,21.6604,22.9692,0.943,0.758611,0.810168,0.832882,0.31929581,N/A (classical controller)
classicalref__mixed_complex__Classical_local_controller__g6__ep04,classical_control_reference,mixed_complex,Classical local controller,evaluation_seed,6,N/A,4,4,ON,0.1,1,0,0,0,48.505872,53.077786,1.048603,21.8637,22.8654,0.9562,0.764043,0.826808,0.887847,0.32279941,N/A (classical controller)
classicalref__mixed_complex__Classical_local_controller__g6__ep05,classical_control_reference,mixed_complex,Classical local controller,evaluation_seed,6,N/A,5,4,ON,0.1,1,0,0,0,46.698697,52.386804,1.13479,21.7305,23.1342,0.9393,0.746817,0.841468,0.838341,0.31903324,N/A (classical controller)
classicalref__mixed_complex__Classical_local_controller__g6__ep06,classical_control_reference,mixed_complex,Classical local controller,evaluation_seed,6,N/A,6,4,ON,0.1,1,0,0,0,48.056362,52.565648,0.794031,21.6816,23.1777,0.9355,0.747892,0.842142,0.813692,0.31992806,N/A (classical controller)
classicalref__mixed_complex__Classical_local_controller__g6__ep07,classical_control_reference,mixed_complex,Classical local controller,evaluation_seed,6,N/A,7,4,ON,0.1,1,0,0,0,49.605599,50.15049,1.099775,21.3981,22.822,0.9376,0.768007,0.817725,0.844781,0.31932445,N/A (classical controller)
classicalref__mixed_complex__Classical_local_controller__g6__ep08,classical_control_reference,mixed_complex,Classical local controller,evaluation_seed,6,N/A,8,4,ON,0.1,1,0,0,0,47.020443,50.344848,0.995282,21.7028,23.1342,0.9381,0.769079,0.812606,0.860735,0.32266001,N/A (classical controller)
classicalref__mixed_complex__Classical_local_controller__g6__ep09,classical_control_reference,mixed_complex,Classical local controller,evaluation_seed,6,N/A,9,4,ON,0.1,1,0,0,0,52.358497,53.197043,1.307891,21.6484,23.1195,0.9364,0.752851,0.821357,0.875266,0.32425317,N/A (classical controller)
classicalref__mixed_complex__Classical_local_controller__g7__ep00,classical_control_reference,mixed_complex,Classical local controller,evaluation_seed,7,N/A,0,4,ON,0.1,1,0,0,0,49.416479,51.118206,1.168446,21.8325,22.9279,0.9522,0.737792,0.803117,0.886607,0.31592488,N/A (classical controller)
classicalref__mixed_complex__Classical_local_controller__g7__ep01,classical_control_reference,mixed_complex,Classical local controller,evaluation_seed,7,N/A,1,4,ON,0.1,1,0,0,0,45.930689,49.355412,1.276504,21.4827,23.0095,0.9336,0.737501,0.824783,0.878734,0.31595986,N/A (classical controller)
classicalref__mixed_complex__Classical_local_controller__g7__ep02,classical_control_reference,mixed_complex,Classical local controller,evaluation_seed,7,N/A,2,4,ON,0.1,1,0,0,0,46.594012,49.24892,1.230931,21.3232,23.0893,0.9235,0.756419,0.811247,0.870695,0.32455475,N/A (classical controller)
classicalref__mixed_complex__Classical_local_controller__g7__ep03,classical_control_reference,mixed_complex,Classical local controller,evaluation_seed,7,N/A,3,4,ON,0.1,1,0,0,0,50.925692,50.935188,1.063842,21.9201,23.0576,0.9507,0.752719,0.822132,0.870766,0.32038755,N/A (classical controller)
classicalref__mixed_complex__Classical_local_controller__g7__ep04,classical_control_reference,mixed_complex,Classical local controller,evaluation_seed,7,N/A,4,4,ON,0.1,1,0,0,0,45.540273,53.459016,1.14457,21.3762,23.1777,0.9223,0.735991,0.839112,0.848548,0.31720068,N/A (classical controller)
classicalref__mixed_complex__Classical_local_controller__g7__ep05,classical_control_reference,mixed_complex,Classical local controller,evaluation_seed,7,N/A,5,4,ON,0.1,1,0,0,0,44.833884,51.641595,1.253551,21.8375,23.0716,0.9465,0.755724,0.811307,0.872619,0.3216012,N/A (classical controller)
classicalref__mixed_complex__Classical_local_controller__g7__ep06,classical_control_reference,mixed_complex,Classical local controller,evaluation_seed,7,N/A,6,4,ON,0.1,1,0,0,0,48.922879,52.344008,1.388636,21.8884,23.0095,0.9513,0.743459,0.84549,0.846902,0.31826785,N/A (classical controller)
classicalref__mixed_complex__Classical_local_controller__g7__ep07,classical_control_reference,mixed_complex,Classical local controller,evaluation_seed,7,N/A,7,4,ON,0.1,1,0,0,0,48.029993,49.055799,1.015604,22.0728,22.9467,0.9619,0.730258,0.848778,0.821086,0.31954069,N/A (classical controller)
classicalref__mixed_complex__Classical_local_controller__g7__ep08,classical_control_reference,mixed_complex,Classical local controller,evaluation_seed,7,N/A,8,4,ON,0.1,1,0,0,0,46.855689,53.272618,1.190719,21.3199,23.1823,0.9197,0.760165,0.819961,0.832206,0.31870911,N/A (classical controller)
classicalref__mixed_complex__Classical_local_controller__g7__ep09,classical_control_reference,mixed_complex,Classical local controller,evaluation_seed,7,N/A,9,4,ON,0.1,1,0,0,0,47.951324,53.917632,1.331749,21.9063,22.9642,0.9539,0.75332,0.826518,0.81729,0.31619542,N/A (classical controller)
classicalref__static_clutter__CA-GAT-MAPPO__g0__ep00,classical_control_reference,static_clutter,CA-GAT-MAPPO,training_checkpoint,0,0,0,4,ON,0.1,1,0,0,N/A,34.529226,38.594212,0.589453,17.5546,21.1127,0.8315,0.739592,0.654651,N/A,0.20890525,32b57b023ab33276da86134da501d84a771975144fd1f90211ad7e29af38e612
classicalref__static_clutter__CA-GAT-MAPPO__g0__ep01,classical_control_reference,static_clutter,CA-GAT-MAPPO,training_checkpoint,0,0,1,4,ON,0.1,1,0,0,N/A,34.070329,35.293272,0.404534,17.9101,21.2377,0.8433,0.744993,0.639167,N/A,0.21369351,32b57b023ab33276da86134da501d84a771975144fd1f90211ad7e29af38e612
classicalref__static_clutter__CA-GAT-MAPPO__g0__ep02,classical_control_reference,static_clutter,CA-GAT-MAPPO,training_checkpoint,0,0,2,4,ON,0.1,1,0,0,N/A,35.144299,36.612108,0.540336,17.8116,21.4252,0.8313,0.733469,0.675245,N/A,0.21253802,32b57b023ab33276da86134da501d84a771975144fd1f90211ad7e29af38e612
classicalref__static_clutter__CA-GAT-MAPPO__g0__ep03,classical_control_reference,static_clutter,CA-GAT-MAPPO,training_checkpoint,0,0,3,4,ON,0.1,1,0,0,N/A,33.766045,36.819105,0.590729,17.6346,21.1127,0.8353,0.732731,0.669504,N/A,0.21075852,32b57b023ab33276da86134da501d84a771975144fd1f90211ad7e29af38e612
classicalref__static_clutter__CA-GAT-MAPPO__g0__ep04,classical_control_reference,static_clutter,CA-GAT-MAPPO,training_checkpoint,0,0,4,4,ON,0.1,1,0,0,N/A,34.01084,35.720429,0.446418,17.8519,21.3627,0.8357,0.76798,0.647003,N/A,0.21415165,32b57b023ab33276da86134da501d84a771975144fd1f90211ad7e29af38e612
classicalref__static_clutter__CA-GAT-MAPPO__g0__ep05,classical_control_reference,static_clutter,CA-GAT-MAPPO,training_checkpoint,0,0,5,4,ON,0.1,1,0,0,N/A,33.258754,36.301947,0.520388,17.6322,21.3002,0.8278,0.755222,0.643823,N/A,0.21036674,32b57b023ab33276da86134da501d84a771975144fd1f90211ad7e29af38e612
classicalref__static_clutter__CA-GAT-MAPPO__g0__ep06,classical_control_reference,static_clutter,CA-GAT-MAPPO,training_checkpoint,0,0,6,4,ON,0.1,1,0,0,N/A,30.946652,36.393596,0.487728,18.0006,21.2377,0.8476,0.747363,0.63266,N/A,0.21423777,32b57b023ab33276da86134da501d84a771975144fd1f90211ad7e29af38e612
classicalref__static_clutter__CA-GAT-MAPPO__g0__ep07,classical_control_reference,static_clutter,CA-GAT-MAPPO,training_checkpoint,0,0,7,4,ON,0.1,1,0,0,N/A,34.834073,35.265786,0.629752,17.3065,21.3627,0.8101,0.743199,0.638201,N/A,0.21213077,32b57b023ab33276da86134da501d84a771975144fd1f90211ad7e29af38e612
classicalref__static_clutter__CA-GAT-MAPPO__g0__ep08,classical_control_reference,static_clutter,CA-GAT-MAPPO,training_checkpoint,0,0,8,4,ON,0.1,1,0,0,N/A,32.771841,36.73779,0.449467,17.6638,21.1127,0.8366,0.731052,0.631437,N/A,0.21169728,32b57b023ab33276da86134da501d84a771975144fd1f90211ad7e29af38e612
classicalref__static_clutter__CA-GAT-MAPPO__g0__ep09,classical_control_reference,static_clutter,CA-GAT-MAPPO,training_checkpoint,0,0,9,4,ON,0.1,1,0,0,N/A,32.225252,36.804199,0.673448,18.0649,21.2377,0.8506,0.735158,0.665111,N/A,0.21236221,32b57b023ab33276da86134da501d84a771975144fd1f90211ad7e29af38e612
classicalref__static_clutter__CA-GAT-MAPPO__g1__ep00,classical_control_reference,static_clutter,CA-GAT-MAPPO,training_checkpoint,1,1,0,4,ON,0.1,1,0,0,N/A,36.110517,36.63944,0.618454,18.0194,21.4252,0.841,0.764253,0.637913,N/A,0.20090915,c8383894f1ca21040260723e2d1af03750871b973ced1600e136c41c5efec297
classicalref__static_clutter__CA-GAT-MAPPO__g1__ep01,classical_control_reference,static_clutter,CA-GAT-MAPPO,training_checkpoint,1,1,1,4,ON,0.1,1,0,0,N/A,34.112976,35.633426,0.82715,17.9359,21.3627,0.8396,0.760507,0.66277,N/A,0.20120292,c8383894f1ca21040260723e2d1af03750871b973ced1600e136c41c5efec297
classicalref__static_clutter__CA-GAT-MAPPO__g1__ep02,classical_control_reference,static_clutter,CA-GAT-MAPPO,training_checkpoint,1,1,2,4,ON,0.1,1,0,0,N/A,35.278769,36.681161,0.726403,17.5938,21.4252,0.8212,0.761868,0.665487,N/A,0.2031395,c8383894f1ca21040260723e2d1af03750871b973ced1600e136c41c5efec297
classicalref__static_clutter__CA-GAT-MAPPO__g1__ep03,classical_control_reference,static_clutter,CA-GAT-MAPPO,training_checkpoint,1,1,3,4,ON,0.1,1,0,0,N/A,31.235222,34.255661,0.846978,17.7948,21.4252,0.8306,0.761559,0.677697,N/A,0.19872164,c8383894f1ca21040260723e2d1af03750871b973ced1600e136c41c5efec297
classicalref__static_clutter__CA-GAT-MAPPO__g1__ep04,classical_control_reference,static_clutter,CA-GAT-MAPPO,training_checkpoint,1,1,4,4,ON,0.1,1,0,0,N/A,33.565871,34.68699,0.798837,17.7089,21.4252,0.8265,0.736517,0.672374,N/A,0.20046575,c8383894f1ca21040260723e2d1af03750871b973ced1600e136c41c5efec297
classicalref__static_clutter__CA-GAT-MAPPO__g1__ep05,classical_control_reference,static_clutter,CA-GAT-MAPPO,training_checkpoint,1,1,5,4,ON,0.1,1,0,0,N/A,36.288301,38.313231,0.735718,17.5243,21.3002,0.8227,0.766239,0.675278,N/A,0.20331717,c8383894f1ca21040260723e2d1af03750871b973ced1600e136c41c5efec297
classicalref__static_clutter__CA-GAT-MAPPO__g1__ep06,classical_control_reference,static_clutter,CA-GAT-MAPPO,training_checkpoint,1,1,6,4,ON,0.1,1,0,0,N/A,32.671203,35.849089,0.645652,17.8171,21.3627,0.834,0.743839,0.626044,N/A,0.20244996,c8383894f1ca21040260723e2d1af03750871b973ced1600e136c41c5efec297
classicalref__static_clutter__CA-GAT-MAPPO__g1__ep07,classical_control_reference,static_clutter,CA-GAT-MAPPO,training_checkpoint,1,1,7,4,ON,0.1,1,0,0,N/A,34.372635,35.97627,0.768924,17.8264,21.3002,0.8369,0.763636,0.634579,N/A,0.20269763,c8383894f1ca21040260723e2d1af03750871b973ced1600e136c41c5efec297
classicalref__static_clutter__CA-GAT-MAPPO__g1__ep08,classical_control_reference,static_clutter,CA-GAT-MAPPO,training_checkpoint,1,1,8,4,ON,0.1,1,0,0,N/A,33.497003,36.503306,0.905658,17.9823,21.2377,0.8467,0.76384,0.655079,N/A,0.20099736,c8383894f1ca21040260723e2d1af03750871b973ced1600e136c41c5efec297
classicalref__static_clutter__CA-GAT-MAPPO__g1__ep09,classical_control_reference,static_clutter,CA-GAT-MAPPO,training_checkpoint,1,1,9,4,ON,0.1,1,0,0,N/A,33.704779,34.854347,0.78842,17.7496,21.1127,0.8407,0.742443,0.636227,N/A,0.20158456,c8383894f1ca21040260723e2d1af03750871b973ced1600e136c41c5efec297
classicalref__static_clutter__CA-GAT-MAPPO__g2__ep00,classical_control_reference,static_clutter,CA-GAT-MAPPO,training_checkpoint,2,2,0,4,ON,0.1,1,0,0,N/A,33.767616,36.546782,0.587354,17.3018,21.1127,0.8195,0.730378,0.653504,N/A,0.20286951,65d1a2863c9025e481d4b3e0e77c45baddf47b35dc01a861ea5f76c4a6887f11
classicalref__static_clutter__CA-GAT-MAPPO__g2__ep01,classical_control_reference,static_clutter,CA-GAT-MAPPO,training_checkpoint,2,2,1,4,ON,0.1,1,0,0,N/A,32.201379,36.526782,0.604946,18.0076,21.3627,0.8429,0.73798,0.672873,N/A,0.2019552,65d1a2863c9025e481d4b3e0e77c45baddf47b35dc01a861ea5f76c4a6887f11
classicalref__static_clutter__CA-GAT-MAPPO__g2__ep02,classical_control_reference,static_clutter,CA-GAT-MAPPO,training_checkpoint,2,2,2,4,ON,0.1,1,0,0,N/A,36.806047,36.536782,0.614704,17.8819,21.3627,0.8371,0.755375,0.669901,N/A,0.20060214,65d1a2863c9025e481d4b3e0e77c45baddf47b35dc01a861ea5f76c4a6887f11
classicalref__static_clutter__CA-GAT-MAPPO__g2__ep03,classical_control_reference,static_clutter,CA-GAT-MAPPO,training_checkpoint,2,2,3,4,ON,0.1,1,0,0,N/A,34.652753,36.536782,0.494399,17.8506,21.5502,0.8283,0.745281,0.65013,N/A,0.20074043,65d1a2863c9025e481d4b3e0e77c45baddf47b35dc01a861ea5f76c4a6887f11
classicalref__static_clutter__CA-GAT-MAPPO__g2__ep04,classical_control_reference,static_clutter,CA-GAT-MAPPO,training_checkpoint,2,2,4,4,ON,0.1,1,0,0,N/A,31.705414,36.536782,0.62936,17.9462,21.3002,0.8425,0.76912,0.657258,N/A,0.20200818,65d1a2863c9025e481d4b3e0e77c45baddf47b35dc01a861ea5f76c4a6887f11
classicalref__static_clutter__CA-GAT-MAPPO__g2__ep05,classical_control_reference,static_clutter,CA-GAT-MAPPO,training_checkpoint,2,2,5,4,ON,0.1,1,0,0,N/A,36.650946,36.536782,0.681052,17.8272,21.1752,0.8419,0.735784,0.679595,N/A,0.20419964,65d1a2863c9025e481d4b3e0e77c45baddf47b35dc01a861ea5f76c4a6887f11
classicalref__static_clutter__CA-GAT-MAPPO__g2__ep06,classical_control_reference,static_clutter,CA-GAT-MAPPO,training_checkpoint,2,2,6,4,ON,0.1,1,0,0,N/A,33.833163,36.536782,0.750494,17.9343,21.1127,0.8495,0.740829,0.650678,N/A,0.19976566,65d1a2863c9025e481d4b3e0e77c45baddf47b35dc01a861ea5f76c4a6887f11
classicalref__static_clutter__CA-GAT-MAPPO__g2__ep07,classical_control_reference,static_clutter,CA-GAT-MAPPO,training_checkpoint,2,2,7,4,ON,0.1,1,0,0,N/A,33.489375,36.536782,0.644539,17.7739,21.2377,0.8369,0.75604,0.636628,N/A,0.2007727,65d1a2863c9025e481d4b3e0e77c45baddf47b35dc01a861ea5f76c4a6887f11
classicalref__static_clutter__CA-GAT-MAPPO__g2__ep08,classical_control_reference,static_clutter,CA-GAT-MAPPO,training_checkpoint,2,2,8,4,ON,0.1,1,0,0,N/A,32.026152,36.536782,0.609077,17.479,21.1127,0.8279,0.743994,0.667881,N/A,0.19909997,65d1a2863c9025e481d4b3e0e77c45baddf47b35dc01a861ea5f76c4a6887f11
classicalref__static_clutter__CA-GAT-MAPPO__g2__ep09,classical_control_reference,static_clutter,CA-GAT-MAPPO,training_checkpoint,2,2,9,4,ON,0.1,1,0,0,N/A,36.196267,36.536782,0.686309,18.0118,21.1752,0.8506,0.758387,0.623049,N/A,0.20096891,65d1a2863c9025e481d4b3e0e77c45baddf47b35dc01a861ea5f76c4a6887f11
classicalref__static_clutter__CA-GAT-MAPPO__g3__ep00,classical_control_reference,static_clutter,CA-GAT-MAPPO,training_checkpoint,3,3,0,4,ON,0.1,1,0,0,N/A,31.564346,37.882406,0.68869,17.6621,21.1752,0.8341,0.764963,0.626568,N/A,0.21311543,393abcb6fd079222a545cf2499fb150dadc203e2815c82a78f7abad9197326a6
classicalref__static_clutter__CA-GAT-MAPPO__g3__ep01,classical_control_reference,static_clutter,CA-GAT-MAPPO,training_checkpoint,3,3,1,4,ON,0.1,1,0,0,N/A,33.589721,36.978415,0.827975,17.5211,21.3002,0.8226,0.747263,0.650186,N/A,0.21272909,393abcb6fd079222a545cf2499fb150dadc203e2815c82a78f7abad9197326a6
classicalref__static_clutter__CA-GAT-MAPPO__g3__ep02,classical_control_reference,static_clutter,CA-GAT-MAPPO,training_checkpoint,3,3,2,4,ON,0.1,1,0,0,N/A,31.333104,39.323637,0.57424,17.7483,21.3627,0.8308,0.737407,0.660073,N/A,0.20941579,393abcb6fd079222a545cf2499fb150dadc203e2815c82a78f7abad9197326a6
classicalref__static_clutter__CA-GAT-MAPPO__g3__ep03,classical_control_reference,static_clutter,CA-GAT-MAPPO,training_checkpoint,3,3,3,4,ON,0.1,1,0,0,N/A,33.577815,35.997407,0.622062,17.8962,21.3627,0.8377,0.731581,0.671604,N/A,0.21084997,393abcb6fd079222a545cf2499fb150dadc203e2815c82a78f7abad9197326a6
classicalref__static_clutter__CA-GAT-MAPPO__g3__ep04,classical_control_reference,static_clutter,CA-GAT-MAPPO,training_checkpoint,3,3,4,4,ON,0.1,1,0,0,N/A,33.598525,38.015378,0.657389,18.0807,21.4877,0.8414,0.732981,0.667579,N/A,0.2117852,393abcb6fd079222a545cf2499fb150dadc203e2815c82a78f7abad9197326a6
classicalref__static_clutter__CA-GAT-MAPPO__g3__ep05,classical_control_reference,static_clutter,CA-GAT-MAPPO,training_checkpoint,3,3,5,4,ON,0.1,1,0,0,N/A,33.783968,37.259303,0.621398,18.0372,21.2377,0.8493,0.751512,0.647991,N/A,0.21016837,393abcb6fd079222a545cf2499fb150dadc203e2815c82a78f7abad9197326a6
classicalref__static_clutter__CA-GAT-MAPPO__g3__ep06,classical_control_reference,static_clutter,CA-GAT-MAPPO,training_checkpoint,3,3,6,4,ON,0.1,1,0,0,N/A,34.474962,36.082915,0.654138,17.8956,21.3002,0.8402,0.730714,0.629284,N/A,0.20890719,393abcb6fd079222a545cf2499fb150dadc203e2815c82a78f7abad9197326a6
classicalref__static_clutter__CA-GAT-MAPPO__g3__ep07,classical_control_reference,static_clutter,CA-GAT-MAPPO,training_checkpoint,3,3,7,4,ON,0.1,1,0,0,N/A,32.870497,36.974748,0.691865,17.5222,21.3627,0.8202,0.741879,0.63787,N/A,0.20957762,393abcb6fd079222a545cf2499fb150dadc203e2815c82a78f7abad9197326a6
classicalref__static_clutter__CA-GAT-MAPPO__g3__ep08,classical_control_reference,static_clutter,CA-GAT-MAPPO,training_checkpoint,3,3,8,4,ON,0.1,1,0,0,N/A,34.66144,38.476936,0.676646,17.8549,21.0502,0.8482,0.754117,0.669369,N/A,0.20882835,393abcb6fd079222a545cf2499fb150dadc203e2815c82a78f7abad9197326a6
classicalref__static_clutter__CA-GAT-MAPPO__g3__ep09,classical_control_reference,static_clutter,CA-GAT-MAPPO,training_checkpoint,3,3,9,4,ON,0.1,1,0,0,N/A,33.454683,38.226254,0.574141,17.5528,21.1752,0.8289,0.756233,0.621631,N/A,0.21478179,393abcb6fd079222a545cf2499fb150dadc203e2815c82a78f7abad9197326a6
classicalref__static_clutter__CA-GAT-MAPPO__g4__ep00,classical_control_reference,static_clutter,CA-GAT-MAPPO,training_checkpoint,4,4,0,4,ON,0.1,1,0,0,N/A,34.727894,38.259686,0.674032,17.8302,21.2377,0.8396,0.731332,0.656924,N/A,0.20695916,85b75cebabfb43f6a21217c01bab2b4f56989a8e52faee5c7b1d32074fb631b4
classicalref__static_clutter__CA-GAT-MAPPO__g4__ep01,classical_control_reference,static_clutter,CA-GAT-MAPPO,training_checkpoint,4,4,1,4,ON,0.1,1,0,0,N/A,33.856991,34.900989,0.725402,17.8351,21.2377,0.8398,0.746879,0.648339,N/A,0.20541863,85b75cebabfb43f6a21217c01bab2b4f56989a8e52faee5c7b1d32074fb631b4
classicalref__static_clutter__CA-GAT-MAPPO__g4__ep02,classical_control_reference,static_clutter,CA-GAT-MAPPO,training_checkpoint,4,4,2,4,ON,0.1,1,0,0,N/A,36.312569,39.931977,0.731718,17.5066,21.4252,0.8171,0.755199,0.632624,N/A,0.2064606,85b75cebabfb43f6a21217c01bab2b4f56989a8e52faee5c7b1d32074fb631b4
classicalref__static_clutter__CA-GAT-MAPPO__g4__ep03,classical_control_reference,static_clutter,CA-GAT-MAPPO,training_checkpoint,4,4,3,4,ON,0.1,1,0,0,N/A,33.139108,34.83547,0.568138,18.008,21.1127,0.8529,0.73505,0.679382,N/A,0.20630095,85b75cebabfb43f6a21217c01bab2b4f56989a8e52faee5c7b1d32074fb631b4
classicalref__static_clutter__CA-GAT-MAPPO__g4__ep04,classical_control_reference,static_clutter,CA-GAT-MAPPO,training_checkpoint,4,4,4,4,ON,0.1,1,0,0,N/A,32.811421,37.175026,0.611873,17.6007,21.2377,0.8287,0.732486,0.667456,N/A,0.20482343,85b75cebabfb43f6a21217c01bab2b4f56989a8e52faee5c7b1d32074fb631b4
classicalref__static_clutter__CA-GAT-MAPPO__g4__ep05,classical_control_reference,static_clutter,CA-GAT-MAPPO,training_checkpoint,4,4,5,4,ON,0.1,1,0,0,N/A,32.402172,35.233064,0.694202,17.6816,21.1752,0.835,0.742643,0.65542,N/A,0.20608139,85b75cebabfb43f6a21217c01bab2b4f56989a8e52faee5c7b1d32074fb631b4
classicalref__static_clutter__CA-GAT-MAPPO__g4__ep06,classical_control_reference,static_clutter,CA-GAT-MAPPO,training_checkpoint,4,4,6,4,ON,0.1,1,0,0,N/A,35.615629,36.210145,0.636606,17.9357,21.3002,0.842,0.7638,0.669425,N/A,0.20861443,85b75cebabfb43f6a21217c01bab2b4f56989a8e52faee5c7b1d32074fb631b4
classicalref__static_clutter__CA-GAT-MAPPO__g4__ep07,classical_control_reference,static_clutter,CA-GAT-MAPPO,training_checkpoint,4,4,7,4,ON,0.1,1,0,0,N/A,33.760365,37.130599,0.727963,17.9216,21.1752,0.8463,0.737116,0.675913,N/A,0.20434369,85b75cebabfb43f6a21217c01bab2b4f56989a8e52faee5c7b1d32074fb631b4
classicalref__static_clutter__CA-GAT-MAPPO__g4__ep08,classical_control_reference,static_clutter,CA-GAT-MAPPO,training_checkpoint,4,4,8,4,ON,0.1,1,0,0,N/A,35.441806,36.953758,0.597165,17.6092,21.3627,0.8243,0.754332,0.622894,N/A,0.20395162,85b75cebabfb43f6a21217c01bab2b4f56989a8e52faee5c7b1d32074fb631b4
classicalref__static_clutter__CA-GAT-MAPPO__g4__ep09,classical_control_reference,static_clutter,CA-GAT-MAPPO,training_checkpoint,4,4,9,4,ON,0.1,1,0,0,N/A,33.982175,38.338878,0.620599,18.0171,21.3627,0.8434,0.756097,0.635483,N/A,0.20910328,85b75cebabfb43f6a21217c01bab2b4f56989a8e52faee5c7b1d32074fb631b4
classicalref__static_clutter__CA-GAT-MAPPO__g5__ep00,classical_control_reference,static_clutter,CA-GAT-MAPPO,training_checkpoint,5,5,0,4,ON,0.1,1,0,0,N/A,33.197846,36.573912,0.379039,17.6925,21.2377,0.8331,0.746887,0.671409,N/A,0.21595072,b283858f9617c2e897d90052b2b1ac6b911654067f7448e0591c4b0a22e81cf3
classicalref__static_clutter__CA-GAT-MAPPO__g5__ep01,classical_control_reference,static_clutter,CA-GAT-MAPPO,training_checkpoint,5,5,1,4,ON,0.1,1,0,0,N/A,33.365605,38.014351,0.552877,17.884,21.1752,0.8446,0.745538,0.663324,N/A,0.21598245,b283858f9617c2e897d90052b2b1ac6b911654067f7448e0591c4b0a22e81cf3
classicalref__static_clutter__CA-GAT-MAPPO__g5__ep02,classical_control_reference,static_clutter,CA-GAT-MAPPO,training_checkpoint,5,5,2,4,ON,0.1,1,0,0,N/A,34.495157,36.030291,0.563734,17.5199,21.1752,0.8274,0.75524,0.641727,N/A,0.21396152,b283858f9617c2e897d90052b2b1ac6b911654067f7448e0591c4b0a22e81cf3
classicalref__static_clutter__CA-GAT-MAPPO__g5__ep03,classical_control_reference,static_clutter,CA-GAT-MAPPO,training_checkpoint,5,5,3,4,ON,0.1,1,0,0,N/A,34.635365,36.372737,0.434412,17.8573,21.3002,0.8384,0.761254,0.665448,N/A,0.21680399,b283858f9617c2e897d90052b2b1ac6b911654067f7448e0591c4b0a22e81cf3
classicalref__static_clutter__CA-GAT-MAPPO__g5__ep04,classical_control_reference,static_clutter,CA-GAT-MAPPO,training_checkpoint,5,5,4,4,ON,0.1,1,0,0,N/A,35.422135,37.63058,0.513222,17.3319,21.1127,0.8209,0.751135,0.655112,N/A,0.21582876,b283858f9617c2e897d90052b2b1ac6b911654067f7448e0591c4b0a22e81cf3
classicalref__static_clutter__CA-GAT-MAPPO__g5__ep05,classical_control_reference,static_clutter,CA-GAT-MAPPO,training_checkpoint,5,5,5,4,ON,0.1,1,0,0,N/A,32.052866,37.627218,0.523456,17.6262,21.1127,0.8349,0.734682,0.647535,N/A,0.21662331,b283858f9617c2e897d90052b2b1ac6b911654067f7448e0591c4b0a22e81cf3
classicalref__static_clutter__CA-GAT-MAPPO__g5__ep06,classical_control_reference,static_clutter,CA-GAT-MAPPO,training_checkpoint,5,5,6,4,ON,0.1,1,0,0,N/A,33.516595,36.701317,0.405593,17.8125,21.3002,0.8363,0.763471,0.642538,N/A,0.21421013,b283858f9617c2e897d90052b2b1ac6b911654067f7448e0591c4b0a22e81cf3
classicalref__static_clutter__CA-GAT-MAPPO__g5__ep07,classical_control_reference,static_clutter,CA-GAT-MAPPO,training_checkpoint,5,5,7,4,ON,0.1,1,0,0,N/A,34.155873,35.693404,0.489537,18.0595,21.1127,0.8554,0.732816,0.634719,N/A,0.21732051,b283858f9617c2e897d90052b2b1ac6b911654067f7448e0591c4b0a22e81cf3
classicalref__static_clutter__CA-GAT-MAPPO__g5__ep08,classical_control_reference,static_clutter,CA-GAT-MAPPO,training_checkpoint,5,5,8,4,ON,0.1,1,0,0,N/A,33.845437,35.213508,0.54219,17.8984,21.3002,0.8403,0.748683,0.647879,N/A,0.21481923,b283858f9617c2e897d90052b2b1ac6b911654067f7448e0591c4b0a22e81cf3
classicalref__static_clutter__CA-GAT-MAPPO__g5__ep09,classical_control_reference,static_clutter,CA-GAT-MAPPO,training_checkpoint,5,5,9,4,ON,0.1,1,0,0,N/A,34.096948,37.162809,0.398947,17.5641,21.1752,0.8295,0.768157,0.629773,N/A,0.21531054,b283858f9617c2e897d90052b2b1ac6b911654067f7448e0591c4b0a22e81cf3
classicalref__static_clutter__CA-GAT-MAPPO__g6__ep00,classical_control_reference,static_clutter,CA-GAT-MAPPO,training_checkpoint,6,6,0,4,ON,0.1,1,0,0,N/A,35.546304,36.475127,0.554401,17.9666,21.1752,0.8485,0.749685,0.649724,N/A,0.20596873,ef4c83bb67c9f35ae17c7edff65168d0fc1c2678708c0a26ce593a6eaab9adbf
classicalref__static_clutter__CA-GAT-MAPPO__g6__ep01,classical_control_reference,static_clutter,CA-GAT-MAPPO,training_checkpoint,6,6,1,4,ON,0.1,1,0,0,N/A,32.825464,37.80866,0.702377,17.8728,21.1127,0.8465,0.732273,0.637177,N/A,0.21298776,ef4c83bb67c9f35ae17c7edff65168d0fc1c2678708c0a26ce593a6eaab9adbf
classicalref__static_clutter__CA-GAT-MAPPO__g6__ep02,classical_control_reference,static_clutter,CA-GAT-MAPPO,training_checkpoint,6,6,2,4,ON,0.1,1,0,0,N/A,31.459504,35.577479,0.595508,17.616,21.2377,0.8295,0.731116,0.671471,N/A,0.20843804,ef4c83bb67c9f35ae17c7edff65168d0fc1c2678708c0a26ce593a6eaab9adbf
classicalref__static_clutter__CA-GAT-MAPPO__g6__ep03,classical_control_reference,static_clutter,CA-GAT-MAPPO,training_checkpoint,6,6,3,4,ON,0.1,1,0,0,N/A,33.201655,35.520978,0.613232,17.8831,21.3002,0.8396,0.736668,0.667689,N/A,0.20757675,ef4c83bb67c9f35ae17c7edff65168d0fc1c2678708c0a26ce593a6eaab9adbf
classicalref__static_clutter__CA-GAT-MAPPO__g6__ep04,classical_control_reference,static_clutter,CA-GAT-MAPPO,training_checkpoint,6,6,4,4,ON,0.1,1,0,0,N/A,36.876107,37.431736,0.593491,17.5402,21.1127,0.8308,0.755681,0.679492,N/A,0.2105054,ef4c83bb67c9f35ae17c7edff65168d0fc1c2678708c0a26ce593a6eaab9adbf
classicalref__static_clutter__CA-GAT-MAPPO__g6__ep05,classical_control_reference,static_clutter,CA-GAT-MAPPO,training_checkpoint,6,6,5,4,ON,0.1,1,0,0,N/A,36.811379,38.187659,0.469555,17.8265,21.2377,0.8394,0.762984,0.660858,N/A,0.20694819,ef4c83bb67c9f35ae17c7edff65168d0fc1c2678708c0a26ce593a6eaab9adbf
classicalref__static_clutter__CA-GAT-MAPPO__g6__ep06,classical_control_reference,static_clutter,CA-GAT-MAPPO,training_checkpoint,6,6,6,4,ON,0.1,1,0,0,N/A,34.861017,37.641915,0.68934,17.7234,21.1752,0.837,0.768902,0.669356,N/A,0.20994698,ef4c83bb67c9f35ae17c7edff65168d0fc1c2678708c0a26ce593a6eaab9adbf
classicalref__static_clutter__CA-GAT-MAPPO__g6__ep07,classical_control_reference,static_clutter,CA-GAT-MAPPO,training_checkpoint,6,6,7,4,ON,0.1,1,0,0,N/A,34.967402,35.905646,0.552563,17.963,21.3002,0.8433,0.732509,0.669107,N/A,0.20762908,ef4c83bb67c9f35ae17c7edff65168d0fc1c2678708c0a26ce593a6eaab9adbf
classicalref__static_clutter__CA-GAT-MAPPO__g6__ep08,classical_control_reference,static_clutter,CA-GAT-MAPPO,training_checkpoint,6,6,8,4,ON,0.1,1,0,0,N/A,33.969826,35.723389,0.518487,17.9509,21.3002,0.8428,0.753991,0.678895,N/A,0.20438983,ef4c83bb67c9f35ae17c7edff65168d0fc1c2678708c0a26ce593a6eaab9adbf
classicalref__static_clutter__CA-GAT-MAPPO__g6__ep09,classical_control_reference,static_clutter,CA-GAT-MAPPO,training_checkpoint,6,6,9,4,ON,0.1,1,0,0,N/A,34.313573,36.924175,0.690058,17.6146,21.1127,0.8343,0.735641,0.662973,N/A,0.21121824,ef4c83bb67c9f35ae17c7edff65168d0fc1c2678708c0a26ce593a6eaab9adbf
classicalref__static_clutter__CA-GAT-MAPPO__g7__ep00,classical_control_reference,static_clutter,CA-GAT-MAPPO,training_checkpoint,7,7,0,4,ON,0.1,1,0,0,N/A,34.100635,35.636586,0.497236,17.7149,21.3627,0.8292,0.745657,0.623426,N/A,0.20819373,41ade5638b5129fa2e9fb7b1868b2eb2c7d7653272d8088df577bf04180280c1
classicalref__static_clutter__CA-GAT-MAPPO__g7__ep01,classical_control_reference,static_clutter,CA-GAT-MAPPO,training_checkpoint,7,7,1,4,ON,0.1,1,0,0,N/A,33.104226,35.397022,0.525397,17.49,21.1127,0.8284,0.748673,0.639055,N/A,0.2064672,41ade5638b5129fa2e9fb7b1868b2eb2c7d7653272d8088df577bf04180280c1
classicalref__static_clutter__CA-GAT-MAPPO__g7__ep02,classical_control_reference,static_clutter,CA-GAT-MAPPO,training_checkpoint,7,7,2,4,ON,0.1,1,0,0,N/A,34.060204,34.130746,0.570266,17.7807,21.1752,0.8397,0.748838,0.660783,N/A,0.20707635,41ade5638b5129fa2e9fb7b1868b2eb2c7d7653272d8088df577bf04180280c1
classicalref__static_clutter__CA-GAT-MAPPO__g7__ep03,classical_control_reference,static_clutter,CA-GAT-MAPPO,training_checkpoint,7,7,3,4,ON,0.1,1,0,0,N/A,33.966493,35.156642,0.51141,17.5751,21.2377,0.8275,0.763967,0.65178,N/A,0.20998403,41ade5638b5129fa2e9fb7b1868b2eb2c7d7653272d8088df577bf04180280c1
classicalref__static_clutter__CA-GAT-MAPPO__g7__ep04,classical_control_reference,static_clutter,CA-GAT-MAPPO,training_checkpoint,7,7,4,4,ON,0.1,1,0,0,N/A,32.816632,37.510604,0.43112,17.9497,21.3627,0.8402,0.768736,0.638783,N/A,0.20686578,41ade5638b5129fa2e9fb7b1868b2eb2c7d7653272d8088df577bf04180280c1
classicalref__static_clutter__CA-GAT-MAPPO__g7__ep05,classical_control_reference,static_clutter,CA-GAT-MAPPO,training_checkpoint,7,7,5,4,ON,0.1,1,0,0,N/A,36.019126,36.784023,0.471187,17.5768,21.1127,0.8325,0.754028,0.625668,N/A,0.20635784,41ade5638b5129fa2e9fb7b1868b2eb2c7d7653272d8088df577bf04180280c1
classicalref__static_clutter__CA-GAT-MAPPO__g7__ep06,classical_control_reference,static_clutter,CA-GAT-MAPPO,training_checkpoint,7,7,6,4,ON,0.1,1,0,0,N/A,31.625899,37.072922,0.358362,17.8084,21.3002,0.8361,0.769063,0.650438,N/A,0.20660269,41ade5638b5129fa2e9fb7b1868b2eb2c7d7653272d8088df577bf04180280c1
classicalref__static_clutter__CA-GAT-MAPPO__g7__ep07,classical_control_reference,static_clutter,CA-GAT-MAPPO,training_checkpoint,7,7,7,4,ON,0.1,1,0,0,N/A,32.326684,34.45744,0.366618,17.3421,21.3627,0.8118,0.767743,0.626565,N/A,0.20664204,41ade5638b5129fa2e9fb7b1868b2eb2c7d7653272d8088df577bf04180280c1
classicalref__static_clutter__CA-GAT-MAPPO__g7__ep08,classical_control_reference,static_clutter,CA-GAT-MAPPO,training_checkpoint,7,7,8,4,ON,0.1,1,0,0,N/A,34.087877,35.962038,0.462817,17.7483,21.0502,0.8431,0.760913,0.65793,N/A,0.20767567,41ade5638b5129fa2e9fb7b1868b2eb2c7d7653272d8088df577bf04180280c1
classicalref__static_clutter__CA-GAT-MAPPO__g7__ep09,classical_control_reference,static_clutter,CA-GAT-MAPPO,training_checkpoint,7,7,9,4,ON,0.1,1,0,0,N/A,33.593273,38.184914,0.550651,17.577,21.2377,0.8276,0.748391,0.662404,N/A,0.21018881,41ade5638b5129fa2e9fb7b1868b2eb2c7d7653272d8088df577bf04180280c1
classicalref__dynamic_pedestrians__CA-GAT-MAPPO__g0__ep00,classical_control_reference,dynamic_pedestrians,CA-GAT-MAPPO,training_checkpoint,0,0,0,4,ON,0.1,1,0,0,0,32.222457,32.497457,0.857372,13.3288,12.8192,1.0398,0.912453,0.68515,0.81187,0.22839965,80d9888a6ef5c2096124f3a3adf8dcd3ea1694dc398f06e30dee26bd6896613e
classicalref__dynamic_pedestrians__CA-GAT-MAPPO__g0__ep01,classical_control_reference,dynamic_pedestrians,CA-GAT-MAPPO,training_checkpoint,0,0,1,4,ON,0.1,1,0,0,0,30.864105,33.824326,1.140272,13.9417,12.8118,1.0882,0.948954,0.695957,0.889875,0.23400001,80d9888a6ef5c2096124f3a3adf8dcd3ea1694dc398f06e30dee26bd6896613e
classicalref__dynamic_pedestrians__CA-GAT-MAPPO__g0__ep02,classical_control_reference,dynamic_pedestrians,CA-GAT-MAPPO,training_checkpoint,0,0,2,4,ON,0.1,1,0,0,0,31.291733,34.424557,0.859111,14.0806,12.8112,1.0991,0.910572,0.707256,0.879534,0.2295602,80d9888a6ef5c2096124f3a3adf8dcd3ea1694dc398f06e30dee26bd6896613e
classicalref__dynamic_pedestrians__CA-GAT-MAPPO__g0__ep03,classical_control_reference,dynamic_pedestrians,CA-GAT-MAPPO,training_checkpoint,0,0,3,4,ON,0.1,1,0,0,0,33.946443,34.633337,0.866817,13.7394,12.8058,1.0729,0.911069,0.65928,0.842192,0.2300301,80d9888a6ef5c2096124f3a3adf8dcd3ea1694dc398f06e30dee26bd6896613e
classicalref__dynamic_pedestrians__CA-GAT-MAPPO__g0__ep04,classical_control_reference,dynamic_pedestrians,CA-GAT-MAPPO,training_checkpoint,0,0,4,4,ON,0.1,1,0,0,0,32.062873,32.685855,1.045625,13.422,12.825,1.0465,0.930178,0.704781,0.856296,0.23417477,80d9888a6ef5c2096124f3a3adf8dcd3ea1694dc398f06e30dee26bd6896613e
classicalref__dynamic_pedestrians__CA-GAT-MAPPO__g0__ep05,classical_control_reference,dynamic_pedestrians,CA-GAT-MAPPO,training_checkpoint,0,0,5,4,ON,0.1,1,0,0,0,31.516714,34.7247,1.062408,13.3782,12.8106,1.0443,0.945724,0.678268,0.836672,0.2353713,80d9888a6ef5c2096124f3a3adf8dcd3ea1694dc398f06e30dee26bd6896613e
classicalref__dynamic_pedestrians__CA-GAT-MAPPO__g0__ep06,classical_control_reference,dynamic_pedestrians,CA-GAT-MAPPO,training_checkpoint,0,0,6,4,ON,0.1,1,0,0,0,30.750437,32.249686,0.977461,13.8357,12.7812,1.0825,0.944593,0.697439,0.879856,0.23346093,80d9888a6ef5c2096124f3a3adf8dcd3ea1694dc398f06e30dee26bd6896613e
classicalref__dynamic_pedestrians__CA-GAT-MAPPO__g0__ep07,classical_control_reference,dynamic_pedestrians,CA-GAT-MAPPO,training_checkpoint,0,0,7,4,ON,0.1,1,0,0,0,29.823921,34.999366,0.984098,14.0338,12.804,1.096,0.94629,0.659711,0.873928,0.23111051,80d9888a6ef5c2096124f3a3adf8dcd3ea1694dc398f06e30dee26bd6896613e
classicalref__dynamic_pedestrians__CA-GAT-MAPPO__g0__ep08,classical_control_reference,dynamic_pedestrians,CA-GAT-MAPPO,training_checkpoint,0,0,8,4,ON,0.1,1,0,0,0,31.410266,34.17876,1.021204,13.9906,12.8087,1.0923,0.925297,0.652145,0.820368,0.23656113,80d9888a6ef5c2096124f3a3adf8dcd3ea1694dc398f06e30dee26bd6896613e
classicalref__dynamic_pedestrians__CA-GAT-MAPPO__g0__ep09,classical_control_reference,dynamic_pedestrians,CA-GAT-MAPPO,training_checkpoint,0,0,9,4,ON,0.1,1,0,0,0,30.668594,32.868435,0.930837,13.551,12.8135,1.0576,0.929309,0.664329,0.847271,0.23381034,80d9888a6ef5c2096124f3a3adf8dcd3ea1694dc398f06e30dee26bd6896613e
classicalref__dynamic_pedestrians__CA-GAT-MAPPO__g1__ep00,classical_control_reference,dynamic_pedestrians,CA-GAT-MAPPO,training_checkpoint,1,1,0,4,ON,0.1,1,0,0,0,30.806543,32.507134,1.04134,13.7654,12.8146,1.0742,0.946223,0.675128,0.898146,0.26861171,853b8d05a2d24ff0811eaacc9de88b80e1d12b02619eed5528fe1b37924a2672
classicalref__dynamic_pedestrians__CA-GAT-MAPPO__g1__ep01,classical_control_reference,dynamic_pedestrians,CA-GAT-MAPPO,training_checkpoint,1,1,1,4,ON,0.1,1,0,0,0,29.827146,32.882091,1.320979,13.7043,12.8038,1.0703,0.925114,0.68329,0.865003,0.26493717,853b8d05a2d24ff0811eaacc9de88b80e1d12b02619eed5528fe1b37924a2672
classicalref__dynamic_pedestrians__CA-GAT-MAPPO__g1__ep02,classical_control_reference,dynamic_pedestrians,CA-GAT-MAPPO,training_checkpoint,1,1,2,4,ON,0.1,1,0,0,0,29.08799,32.124441,1.111766,13.6456,12.802,1.0659,0.918891,0.664268,0.834336,0.26089438,853b8d05a2d24ff0811eaacc9de88b80e1d12b02619eed5528fe1b37924a2672
classicalref__dynamic_pedestrians__CA-GAT-MAPPO__g1__ep03,classical_control_reference,dynamic_pedestrians,CA-GAT-MAPPO,training_checkpoint,1,1,3,4,ON,0.1,1,0,0,0,33.096333,35.409983,1.146026,13.5864,12.8151,1.0602,0.936733,0.660871,0.868681,0.26345839,853b8d05a2d24ff0811eaacc9de88b80e1d12b02619eed5528fe1b37924a2672
classicalref__dynamic_pedestrians__CA-GAT-MAPPO__g1__ep04,classical_control_reference,dynamic_pedestrians,CA-GAT-MAPPO,training_checkpoint,1,1,4,4,ON,0.1,1,0,0,0,31.279864,33.578457,0.97558,13.3158,12.8093,1.0395,0.930144,0.679998,0.886307,0.26409404,853b8d05a2d24ff0811eaacc9de88b80e1d12b02619eed5528fe1b37924a2672
classicalref__dynamic_pedestrians__CA-GAT-MAPPO__g1__ep05,classical_control_reference,dynamic_pedestrians,CA-GAT-MAPPO,training_checkpoint,1,1,5,4,ON,0.1,1,0,0,0,30.709409,33.849085,1.048306,14.034,12.817,1.095,0.912926,0.676239,0.86242,0.26505465,853b8d05a2d24ff0811eaacc9de88b80e1d12b02619eed5528fe1b37924a2672
classicalref__dynamic_pedestrians__CA-GAT-MAPPO__g1__ep06,classical_control_reference,dynamic_pedestrians,CA-GAT-MAPPO,training_checkpoint,1,1,6,4,ON,0.1,1,0,0,0,30.705155,33.744511,1.065537,13.7098,12.8254,1.069,0.911244,0.702915,0.839986,0.26135941,853b8d05a2d24ff0811eaacc9de88b80e1d12b02619eed5528fe1b37924a2672
classicalref__dynamic_pedestrians__CA-GAT-MAPPO__g1__ep07,classical_control_reference,dynamic_pedestrians,CA-GAT-MAPPO,training_checkpoint,1,1,7,4,ON,0.1,1,0,0,0,30.454692,32.547475,1.140536,14.0281,12.8021,1.0958,0.925976,0.691288,0.854681,0.26506642,853b8d05a2d24ff0811eaacc9de88b80e1d12b02619eed5528fe1b37924a2672
classicalref__dynamic_pedestrians__CA-GAT-MAPPO__g1__ep08,classical_control_reference,dynamic_pedestrians,CA-GAT-MAPPO,training_checkpoint,1,1,8,4,ON,0.1,1,0,0,0,30.955806,33.072807,1.112431,13.61,12.8116,1.0623,0.948084,0.683663,0.869763,0.26457208,853b8d05a2d24ff0811eaacc9de88b80e1d12b02619eed5528fe1b37924a2672
classicalref__dynamic_pedestrians__CA-GAT-MAPPO__g1__ep09,classical_control_reference,dynamic_pedestrians,CA-GAT-MAPPO,training_checkpoint,1,1,9,4,ON,0.1,1,0,0,0,32.117754,34.314663,1.127539,13.8833,12.8057,1.0842,0.916915,0.659325,0.830662,0.26204671,853b8d05a2d24ff0811eaacc9de88b80e1d12b02619eed5528fe1b37924a2672
classicalref__dynamic_pedestrians__CA-GAT-MAPPO__g2__ep00,classical_control_reference,dynamic_pedestrians,CA-GAT-MAPPO,training_checkpoint,2,2,0,4,ON,0.1,1,0,0,0,31.750718,34.610648,0.838568,13.7173,12.8041,1.0713,0.929843,0.658295,0.804223,0.25192727,ac0c5c1eb164ce2555cc526b6600605a7e9b782381fd221505067a8d01572bcb
classicalref__dynamic_pedestrians__CA-GAT-MAPPO__g2__ep01,classical_control_reference,dynamic_pedestrians,CA-GAT-MAPPO,training_checkpoint,2,2,1,4,ON,0.1,1,0,0,0,29.216863,32.027966,0.829799,13.3375,12.8226,1.0402,0.941463,0.657052,0.819078,0.25214074,ac0c5c1eb164ce2555cc526b6600605a7e9b782381fd221505067a8d01572bcb
classicalref__dynamic_pedestrians__CA-GAT-MAPPO__g2__ep02,classical_control_reference,dynamic_pedestrians,CA-GAT-MAPPO,training_checkpoint,2,2,2,4,ON,0.1,1,0,0,0,30.474062,33.643623,0.617827,14.0285,12.7793,1.0978,0.92616,0.690194,0.832046,0.25404645,ac0c5c1eb164ce2555cc526b6600605a7e9b782381fd221505067a8d01572bcb
classicalref__dynamic_pedestrians__CA-GAT-MAPPO__g2__ep03,classical_control_reference,dynamic_pedestrians,CA-GAT-MAPPO,training_checkpoint,2,2,3,4,ON,0.1,1,0,0,0,31.828048,33.117935,0.851479,13.8763,12.8008,1.084,0.946663,0.665028,0.88005,0.25286064,ac0c5c1eb164ce2555cc526b6600605a7e9b782381fd221505067a8d01572bcb
classicalref__dynamic_pedestrians__CA-GAT-MAPPO__g2__ep04,classical_control_reference,dynamic_pedestrians,CA-GAT-MAPPO,training_checkpoint,2,2,4,4,ON,0.1,1,0,0,0,30.566689,33.058494,0.790818,13.7894,12.8317,1.0746,0.91919,0.665181,0.845044,0.25484802,ac0c5c1eb164ce2555cc526b6600605a7e9b782381fd221505067a8d01572bcb
classicalref__dynamic_pedestrians__CA-GAT-MAPPO__g2__ep05,classical_control_reference,dynamic_pedestrians,CA-GAT-MAPPO,training_checkpoint,2,2,5,4,ON,0.1,1,0,0,0,32.348074,32.50696,0.654131,14.0883,12.8201,1.0989,0.941445,0.692531,0.838022,0.25586802,ac0c5c1eb164ce2555cc526b6600605a7e9b782381fd221505067a8d01572bcb
classicalref__dynamic_pedestrians__CA-GAT-MAPPO__g2__ep06,classical_control_reference,dynamic_pedestrians,CA-GAT-MAPPO,training_checkpoint,2,2,6,4,ON,0.1,1,0,0,0,29.632116,34.596927,0.743603,13.9802,12.8368,1.0891,0.91268,0.674732,0.81936,0.25219622,ac0c5c1eb164ce2555cc526b6600605a7e9b782381fd221505067a8d01572bcb
classicalref__dynamic_pedestrians__CA-GAT-MAPPO__g2__ep07,classical_control_reference,dynamic_pedestrians,CA-GAT-MAPPO,training_checkpoint,2,2,7,4,ON,0.1,1,0,0,0,28.850216,34.629316,0.889347,13.5695,12.8072,1.0595,0.915761,0.699373,0.863319,0.25598614,ac0c5c1eb164ce2555cc526b6600605a7e9b782381fd221505067a8d01572bcb
classicalref__dynamic_pedestrians__CA-GAT-MAPPO__g2__ep08,classical_control_reference,dynamic_pedestrians,CA-GAT-MAPPO,training_checkpoint,2,2,8,4,ON,0.1,1,0,0,0,33.53463,33.863795,0.792118,13.5052,12.7667,1.0578,0.94459,0.703998,0.89439,0.25342041,ac0c5c1eb164ce2555cc526b6600605a7e9b782381fd221505067a8d01572bcb
classicalref__dynamic_pedestrians__CA-GAT-MAPPO__g2__ep09,classical_control_reference,dynamic_pedestrians,CA-GAT-MAPPO,training_checkpoint,2,2,9,4,ON,0.1,1,0,0,0,32.297938,33.661604,0.708189,13.7111,12.7992,1.0712,0.921209,0.684673,0.863115,0.25471643,ac0c5c1eb164ce2555cc526b6600605a7e9b782381fd221505067a8d01572bcb
classicalref__dynamic_pedestrians__CA-GAT-MAPPO__g3__ep00,classical_control_reference,dynamic_pedestrians,CA-GAT-MAPPO,training_checkpoint,3,3,0,4,ON,0.1,1,0,0,0,30.992245,31.939689,1.041342,13.4871,12.8087,1.053,0.924505,0.659066,0.835746,0.24833325,10d915010ebf997460263d25dc25da09b8048e5edcff22f793b4ddeb60cfa59c
classicalref__dynamic_pedestrians__CA-GAT-MAPPO__g3__ep01,classical_control_reference,dynamic_pedestrians,CA-GAT-MAPPO,training_checkpoint,3,3,1,4,ON,0.1,1,0,0,0,30.675386,31.80811,0.787797,13.3392,12.8008,1.0421,0.924893,0.652584,0.852856,0.24609238,10d915010ebf997460263d25dc25da09b8048e5edcff22f793b4ddeb60cfa59c
classicalref__dynamic_pedestrians__CA-GAT-MAPPO__g3__ep02,classical_control_reference,dynamic_pedestrians,CA-GAT-MAPPO,training_checkpoint,3,3,2,4,ON,0.1,1,0,0,0,31.226906,33.412153,0.923342,13.6121,12.7797,1.0651,0.918039,0.699303,0.890709,0.24870116,10d915010ebf997460263d25dc25da09b8048e5edcff22f793b4ddeb60cfa59c
classicalref__dynamic_pedestrians__CA-GAT-MAPPO__g3__ep03,classical_control_reference,dynamic_pedestrians,CA-GAT-MAPPO,training_checkpoint,3,3,3,4,ON,0.1,1,0,0,0,31.582456,32.738852,1.009656,13.6557,12.8254,1.0647,0.920637,0.667237,0.889495,0.2450765,10d915010ebf997460263d25dc25da09b8048e5edcff22f793b4ddeb60cfa59c
classicalref__dynamic_pedestrians__CA-GAT-MAPPO__g3__ep04,classical_control_reference,dynamic_pedestrians,CA-GAT-MAPPO,training_checkpoint,3,3,4,4,ON,0.1,1,0,0,0,31.455077,32.379819,0.837412,13.9111,12.7917,1.0875,0.929494,0.663747,0.860398,0.2443166,10d915010ebf997460263d25dc25da09b8048e5edcff22f793b4ddeb60cfa59c
classicalref__dynamic_pedestrians__CA-GAT-MAPPO__g3__ep05,classical_control_reference,dynamic_pedestrians,CA-GAT-MAPPO,training_checkpoint,3,3,5,4,ON,0.1,1,0,0,0,31.670221,34.110139,1.149336,13.7905,12.8011,1.0773,0.914394,0.678052,0.874032,0.24309489,10d915010ebf997460263d25dc25da09b8048e5edcff22f793b4ddeb60cfa59c
classicalref__dynamic_pedestrians__CA-GAT-MAPPO__g3__ep06,classical_control_reference,dynamic_pedestrians,CA-GAT-MAPPO,training_checkpoint,3,3,6,4,ON,0.1,1,0,0,0,30.049891,32.006909,0.912518,14.0542,12.824,1.0959,0.922919,0.674304,0.858508,0.24345593,10d915010ebf997460263d25dc25da09b8048e5edcff22f793b4ddeb60cfa59c
classicalref__dynamic_pedestrians__CA-GAT-MAPPO__g3__ep07,classical_control_reference,dynamic_pedestrians,CA-GAT-MAPPO,training_checkpoint,3,3,7,4,ON,0.1,1,0,0,0,31.201649,32.85672,0.848041,13.9129,12.8012,1.0868,0.912312,0.658318,0.80748,0.24772714,10d915010ebf997460263d25dc25da09b8048e5edcff22f793b4ddeb60cfa59c
classicalref__dynamic_pedestrians__CA-GAT-MAPPO__g3__ep08,classical_control_reference,dynamic_pedestrians,CA-GAT-MAPPO,training_checkpoint,3,3,8,4,ON,0.1,1,0,0,0,32.228461,35.079014,0.941716,14.0298,12.8226,1.0941,0.94203,0.665922,0.87094,0.24842643,10d915010ebf997460263d25dc25da09b8048e5edcff22f793b4ddeb60cfa59c
classicalref__dynamic_pedestrians__CA-GAT-MAPPO__g3__ep09,classical_control_reference,dynamic_pedestrians,CA-GAT-MAPPO,training_checkpoint,3,3,9,4,ON,0.1,1,0,0,0,31.568275,32.208653,0.986657,13.6378,12.8076,1.0648,0.940359,0.695471,0.890805,0.24498126,10d915010ebf997460263d25dc25da09b8048e5edcff22f793b4ddeb60cfa59c
classicalref__dynamic_pedestrians__CA-GAT-MAPPO__g4__ep00,classical_control_reference,dynamic_pedestrians,CA-GAT-MAPPO,training_checkpoint,4,4,0,4,ON,0.1,1,0,0,0,32.396913,34.013998,0.92979,13.8736,12.8129,1.0828,0.930382,0.709185,0.891649,0.29951565,0edc52a8acd379186c6ab98c1042d7e7743916870297cd3cab3f7db83225a1b4
classicalref__dynamic_pedestrians__CA-GAT-MAPPO__g4__ep01,classical_control_reference,dynamic_pedestrians,CA-GAT-MAPPO,training_checkpoint,4,4,1,4,ON,0.1,1,0,0,0,33.284796,33.928889,1.101797,13.3372,12.8002,1.042,0.934788,0.651133,0.89079,0.30027426,0edc52a8acd379186c6ab98c1042d7e7743916870297cd3cab3f7db83225a1b4
classicalref__dynamic_pedestrians__CA-GAT-MAPPO__g4__ep02,classical_control_reference,dynamic_pedestrians,CA-GAT-MAPPO,training_checkpoint,4,4,2,4,ON,0.1,1,0,0,0,31.49972,34.917644,1.19717,13.4779,12.7837,1.0543,0.92959,0.692668,0.82676,0.30104355,0edc52a8acd379186c6ab98c1042d7e7743916870297cd3cab3f7db83225a1b4
classicalref__dynamic_pedestrians__CA-GAT-MAPPO__g4__ep03,classical_control_reference,dynamic_pedestrians,CA-GAT-MAPPO,training_checkpoint,4,4,3,4,ON,0.1,1,0,0,0,29.008307,33.170676,1.103231,13.376,12.828,1.0427,0.925842,0.66013,0.897823,0.29622134,0edc52a8acd379186c6ab98c1042d7e7743916870297cd3cab3f7db83225a1b4
classicalref__dynamic_pedestrians__CA-GAT-MAPPO__g4__ep04,classical_control_reference,dynamic_pedestrians,CA-GAT-MAPPO,training_checkpoint,4,4,4,4,ON,0.1,1,0,0,0,30.451241,34.685017,1.111395,13.771,12.81,1.075,0.938712,0.669482,0.818454,0.30190966,0edc52a8acd379186c6ab98c1042d7e7743916870297cd3cab3f7db83225a1b4
classicalref__dynamic_pedestrians__CA-GAT-MAPPO__g4__ep05,classical_control_reference,dynamic_pedestrians,CA-GAT-MAPPO,training_checkpoint,4,4,5,4,ON,0.1,1,0,0,0,30.743929,35.144685,1.186446,13.3199,12.7982,1.0408,0.944625,0.656226,0.877608,0.29660466,0edc52a8acd379186c6ab98c1042d7e7743916870297cd3cab3f7db83225a1b4
classicalref__dynamic_pedestrians__CA-GAT-MAPPO__g4__ep06,classical_control_reference,dynamic_pedestrians,CA-GAT-MAPPO,training_checkpoint,4,4,6,4,ON,0.1,1,0,0,0,31.720367,33.937415,1.049822,13.448,12.7917,1.0513,0.933076,0.686889,0.873966,0.30153308,0edc52a8acd379186c6ab98c1042d7e7743916870297cd3cab3f7db83225a1b4
classicalref__dynamic_pedestrians__CA-GAT-MAPPO__g4__ep07,classical_control_reference,dynamic_pedestrians,CA-GAT-MAPPO,training_checkpoint,4,4,7,4,ON,0.1,1,0,0,0,32.183997,34.327302,1.258708,13.9209,12.8263,1.0853,0.931793,0.705065,0.899024,0.29808871,0edc52a8acd379186c6ab98c1042d7e7743916870297cd3cab3f7db83225a1b4
classicalref__dynamic_pedestrians__CA-GAT-MAPPO__g4__ep08,classical_control_reference,dynamic_pedestrians,CA-GAT-MAPPO,training_checkpoint,4,4,8,4,ON,0.1,1,0,0,0,29.72892,33.186753,0.910326,13.7169,12.8172,1.0702,0.927799,0.650672,0.874449,0.3056474,0edc52a8acd379186c6ab98c1042d7e7743916870297cd3cab3f7db83225a1b4
classicalref__dynamic_pedestrians__CA-GAT-MAPPO__g4__ep09,classical_control_reference,dynamic_pedestrians,CA-GAT-MAPPO,training_checkpoint,4,4,9,4,ON,0.1,1,0,0,0,31.951225,33.604008,1.041565,13.9317,12.7997,1.0884,0.926792,0.680126,0.867848,0.30299783,0edc52a8acd379186c6ab98c1042d7e7743916870297cd3cab3f7db83225a1b4
classicalref__dynamic_pedestrians__CA-GAT-MAPPO__g5__ep00,classical_control_reference,dynamic_pedestrians,CA-GAT-MAPPO,training_checkpoint,5,5,0,4,ON,0.1,1,0,0,0,30.335587,33.095383,1.131619,13.5253,12.8252,1.0546,0.926031,0.702982,0.800586,0.27437531,204d63fa6fe63720e7c75a9149e92a5a44a1162effa5d3cf08e42b89f72cfb7d
classicalref__dynamic_pedestrians__CA-GAT-MAPPO__g5__ep01,classical_control_reference,dynamic_pedestrians,CA-GAT-MAPPO,training_checkpoint,5,5,1,4,ON,0.1,1,0,0,0,30.890753,33.155039,1.381365,13.754,12.8201,1.0728,0.942248,0.690092,0.857213,0.27405436,204d63fa6fe63720e7c75a9149e92a5a44a1162effa5d3cf08e42b89f72cfb7d
classicalref__dynamic_pedestrians__CA-GAT-MAPPO__g5__ep02,classical_control_reference,dynamic_pedestrians,CA-GAT-MAPPO,training_checkpoint,5,5,2,4,ON,0.1,1,0,0,0,31.571603,32.898601,1.197471,13.9662,12.7949,1.0915,0.923874,0.682125,0.817072,0.27858565,204d63fa6fe63720e7c75a9149e92a5a44a1162effa5d3cf08e42b89f72cfb7d
classicalref__dynamic_pedestrians__CA-GAT-MAPPO__g5__ep03,classical_control_reference,dynamic_pedestrians,CA-GAT-MAPPO,training_checkpoint,5,5,3,4,ON,0.1,1,0,0,0,31.919131,32.639905,1.137043,13.7718,12.8039,1.0756,0.939016,0.679263,0.839114,0.27438789,204d63fa6fe63720e7c75a9149e92a5a44a1162effa5d3cf08e42b89f72cfb7d
classicalref__dynamic_pedestrians__CA-GAT-MAPPO__g5__ep04,classical_control_reference,dynamic_pedestrians,CA-GAT-MAPPO,training_checkpoint,5,5,4,4,ON,0.1,1,0,0,0,31.843922,34.205256,1.061821,13.4226,12.8089,1.0479,0.930444,0.706675,0.804033,0.27330262,204d63fa6fe63720e7c75a9149e92a5a44a1162effa5d3cf08e42b89f72cfb7d
classicalref__dynamic_pedestrians__CA-GAT-MAPPO__g5__ep05,classical_control_reference,dynamic_pedestrians,CA-GAT-MAPPO,training_checkpoint,5,5,5,4,ON,0.1,1,0,0,0,31.469436,32.158627,1.225058,13.7412,12.8037,1.0732,0.946857,0.68068,0.875239,0.27605148,204d63fa6fe63720e7c75a9149e92a5a44a1162effa5d3cf08e42b89f72cfb7d
classicalref__dynamic_pedestrians__CA-GAT-MAPPO__g5__ep06,classical_control_reference,dynamic_pedestrians,CA-GAT-MAPPO,training_checkpoint,5,5,6,4,ON,0.1,1,0,0,0,31.082657,32.915892,1.272385,13.7823,12.8239,1.0747,0.930312,0.668962,0.88656,0.27615029,204d63fa6fe63720e7c75a9149e92a5a44a1162effa5d3cf08e42b89f72cfb7d
classicalref__dynamic_pedestrians__CA-GAT-MAPPO__g5__ep07,classical_control_reference,dynamic_pedestrians,CA-GAT-MAPPO,training_checkpoint,5,5,7,4,ON,0.1,1,0,0,0,29.900821,34.568033,1.275246,13.9296,12.824,1.0862,0.910253,0.709422,0.835149,0.27517157,204d63fa6fe63720e7c75a9149e92a5a44a1162effa5d3cf08e42b89f72cfb7d
classicalref__dynamic_pedestrians__CA-GAT-MAPPO__g5__ep08,classical_control_reference,dynamic_pedestrians,CA-GAT-MAPPO,training_checkpoint,5,5,8,4,ON,0.1,1,0,0,0,32.592358,34.87765,1.368028,14.0156,12.812,1.0939,0.920737,0.667811,0.847513,0.27486388,204d63fa6fe63720e7c75a9149e92a5a44a1162effa5d3cf08e42b89f72cfb7d
classicalref__dynamic_pedestrians__CA-GAT-MAPPO__g5__ep09,classical_control_reference,dynamic_pedestrians,CA-GAT-MAPPO,training_checkpoint,5,5,9,4,ON,0.1,1,0,0,0,30.894302,32.998355,1.425906,13.7171,12.8016,1.0715,0.942659,0.670267,0.897077,0.27733915,204d63fa6fe63720e7c75a9149e92a5a44a1162effa5d3cf08e42b89f72cfb7d
classicalref__dynamic_pedestrians__CA-GAT-MAPPO__g6__ep00,classical_control_reference,dynamic_pedestrians,CA-GAT-MAPPO,training_checkpoint,6,6,0,4,ON,0.1,1,0,0,0,33.466905,32.964932,1.315733,13.4027,12.7897,1.0479,0.94415,0.679376,0.870398,0.28340246,6a90eb5c2f6f6818cfbba4a0b454c79b02975e3e195f2d5cb614c7bd0987a2d7
classicalref__dynamic_pedestrians__CA-GAT-MAPPO__g6__ep01,classical_control_reference,dynamic_pedestrians,CA-GAT-MAPPO,training_checkpoint,6,6,1,4,ON,0.1,1,0,0,0,33.528841,32.944932,1.320035,13.5321,12.8305,1.0547,0.944378,0.702267,0.804577,0.28614028,6a90eb5c2f6f6818cfbba4a0b454c79b02975e3e195f2d5cb614c7bd0987a2d7
classicalref__dynamic_pedestrians__CA-GAT-MAPPO__g6__ep02,classical_control_reference,dynamic_pedestrians,CA-GAT-MAPPO,training_checkpoint,6,6,2,4,ON,0.1,1,0,0,0,31.339188,32.954932,1.328318,13.9591,12.7817,1.0921,0.932026,0.701361,0.894795,0.28217336,6a90eb5c2f6f6818cfbba4a0b454c79b02975e3e195f2d5cb614c7bd0987a2d7
classicalref__dynamic_pedestrians__CA-GAT-MAPPO__g6__ep03,classical_control_reference,dynamic_pedestrians,CA-GAT-MAPPO,training_checkpoint,6,6,3,4,ON,0.1,1,0,0,0,30.490963,32.954932,0.888849,13.9357,12.8184,1.0872,0.92122,0.673241,0.866159,0.28499796,6a90eb5c2f6f6818cfbba4a0b454c79b02975e3e195f2d5cb614c7bd0987a2d7
classicalref__dynamic_pedestrians__CA-GAT-MAPPO__g6__ep04,classical_control_reference,dynamic_pedestrians,CA-GAT-MAPPO,training_checkpoint,6,6,4,4,ON,0.1,1,0,0,0,32.316234,32.954932,1.505084,13.4767,12.8023,1.0527,0.929941,0.684885,0.814332,0.28611553,6a90eb5c2f6f6818cfbba4a0b454c79b02975e3e195f2d5cb614c7bd0987a2d7
classicalref__dynamic_pedestrians__CA-GAT-MAPPO__g6__ep05,classical_control_reference,dynamic_pedestrians,CA-GAT-MAPPO,training_checkpoint,6,6,5,4,ON,0.1,1,0,0,0,32.768516,32.954932,1.497929,13.3092,12.8081,1.0391,0.916177,0.676039,0.867714,0.28656711,6a90eb5c2f6f6818cfbba4a0b454c79b02975e3e195f2d5cb614c7bd0987a2d7
classicalref__dynamic_pedestrians__CA-GAT-MAPPO__g6__ep06,classical_control_reference,dynamic_pedestrians,CA-GAT-MAPPO,training_checkpoint,6,6,6,4,ON,0.1,1,0,0,0,32.154221,32.954932,1.4404,13.5586,12.784,1.0606,0.926126,0.686267,0.878878,0.28090809,6a90eb5c2f6f6818cfbba4a0b454c79b02975e3e195f2d5cb614c7bd0987a2d7
classicalref__dynamic_pedestrians__CA-GAT-MAPPO__g6__ep07,classical_control_reference,dynamic_pedestrians,CA-GAT-MAPPO,training_checkpoint,6,6,7,4,ON,0.1,1,0,0,0,31.833953,32.954932,1.429266,14.0152,12.8029,1.0947,0.939129,0.680683,0.852641,0.28444751,6a90eb5c2f6f6818cfbba4a0b454c79b02975e3e195f2d5cb614c7bd0987a2d7
classicalref__dynamic_pedestrians__CA-GAT-MAPPO__g6__ep08,classical_control_reference,dynamic_pedestrians,CA-GAT-MAPPO,training_checkpoint,6,6,8,4,ON,0.1,1,0,0,0,30.032405,32.954932,1.20305,13.3653,12.8158,1.0429,0.938673,0.683194,0.83995,0.27827452,6a90eb5c2f6f6818cfbba4a0b454c79b02975e3e195f2d5cb614c7bd0987a2d7
classicalref__dynamic_pedestrians__CA-GAT-MAPPO__g6__ep09,classical_control_reference,dynamic_pedestrians,CA-GAT-MAPPO,training_checkpoint,6,6,9,4,ON,0.1,1,0,0,0,31.57084,32.954932,1.066931,13.9324,12.8006,1.0884,0.927772,0.651937,0.8448,0.28190984,6a90eb5c2f6f6818cfbba4a0b454c79b02975e3e195f2d5cb614c7bd0987a2d7
classicalref__dynamic_pedestrians__CA-GAT-MAPPO__g7__ep00,classical_control_reference,dynamic_pedestrians,CA-GAT-MAPPO,training_checkpoint,7,7,0,4,ON,0.1,1,0,0,0,34.494197,34.80735,1.479124,13.7163,12.7997,1.0716,0.936775,0.67885,0.811203,0.28546454,c5f357624178b8ece5882b896805a8822cfce3350111dcb4accb2dcb62a98c13
classicalref__dynamic_pedestrians__CA-GAT-MAPPO__g7__ep01,classical_control_reference,dynamic_pedestrians,CA-GAT-MAPPO,training_checkpoint,7,7,1,4,ON,0.1,1,0,0,0,33.472845,34.077758,1.243884,13.4951,12.8093,1.0535,0.929122,0.684778,0.878799,0.2861125,c5f357624178b8ece5882b896805a8822cfce3350111dcb4accb2dcb62a98c13
classicalref__dynamic_pedestrians__CA-GAT-MAPPO__g7__ep02,classical_control_reference,dynamic_pedestrians,CA-GAT-MAPPO,training_checkpoint,7,7,2,4,ON,0.1,1,0,0,0,31.736662,31.859765,1.470155,13.4035,12.7926,1.0478,0.948059,0.690395,0.849049,0.28897616,c5f357624178b8ece5882b896805a8822cfce3350111dcb4accb2dcb62a98c13
classicalref__dynamic_pedestrians__CA-GAT-MAPPO__g7__ep03,classical_control_reference,dynamic_pedestrians,CA-GAT-MAPPO,training_checkpoint,7,7,3,4,ON,0.1,1,0,0,0,32.509084,32.595369,1.234402,13.9135,12.7877,1.088,0.946728,0.672184,0.83749,0.28774227,c5f357624178b8ece5882b896805a8822cfce3350111dcb4accb2dcb62a98c13
classicalref__dynamic_pedestrians__CA-GAT-MAPPO__g7__ep04,classical_control_reference,dynamic_pedestrians,CA-GAT-MAPPO,training_checkpoint,7,7,4,4,ON,0.1,1,0,0,0,30.038814,34.292636,1.186906,13.6176,12.7963,1.0642,0.922866,0.704888,0.893663,0.28845552,c5f357624178b8ece5882b896805a8822cfce3350111dcb4accb2dcb62a98c13
classicalref__dynamic_pedestrians__CA-GAT-MAPPO__g7__ep05,classical_control_reference,dynamic_pedestrians,CA-GAT-MAPPO,training_checkpoint,7,7,5,4,ON,0.1,1,0,0,0,31.746234,33.076663,1.335905,13.6848,12.8235,1.0672,0.940108,0.67473,0.857764,0.28761398,c5f357624178b8ece5882b896805a8822cfce3350111dcb4accb2dcb62a98c13
classicalref__dynamic_pedestrians__CA-GAT-MAPPO__g7__ep06,classical_control_reference,dynamic_pedestrians,CA-GAT-MAPPO,training_checkpoint,7,7,6,4,ON,0.1,1,0,0,0,31.770393,33.438991,1.606733,13.3404,12.8126,1.0412,0.933913,0.675752,0.8722,0.28975042,c5f357624178b8ece5882b896805a8822cfce3350111dcb4accb2dcb62a98c13
classicalref__dynamic_pedestrians__CA-GAT-MAPPO__g7__ep07,classical_control_reference,dynamic_pedestrians,CA-GAT-MAPPO,training_checkpoint,7,7,7,4,ON,0.1,1,0,0,0,31.28749,33.182846,1.343813,13.599,12.7875,1.0635,0.910458,0.650827,0.81723,0.29101934,c5f357624178b8ece5882b896805a8822cfce3350111dcb4accb2dcb62a98c13
classicalref__dynamic_pedestrians__CA-GAT-MAPPO__g7__ep08,classical_control_reference,dynamic_pedestrians,CA-GAT-MAPPO,training_checkpoint,7,7,8,4,ON,0.1,1,0,0,0,31.427577,32.769944,1.397344,13.323,12.8135,1.0398,0.92541,0.705162,0.844422,0.28625154,c5f357624178b8ece5882b896805a8822cfce3350111dcb4accb2dcb62a98c13
classicalref__dynamic_pedestrians__CA-GAT-MAPPO__g7__ep09,classical_control_reference,dynamic_pedestrians,CA-GAT-MAPPO,training_checkpoint,7,7,9,4,ON,0.1,1,0,0,0,31.796499,32.545785,1.351008,14.0409,12.8218,1.0951,0.914372,0.695909,0.843573,0.29076893,c5f357624178b8ece5882b896805a8822cfce3350111dcb4accb2dcb62a98c13
classicalref__mixed_complex__CA-GAT-MAPPO__g0__ep00,classical_control_reference,mixed_complex,CA-GAT-MAPPO,training_checkpoint,0,0,0,4,ON,0.1,1,0,0,0,44.850557,50.061529,0.557566,21.5555,23.0091,0.9368,0.760637,0.836014,0.83808,0.27659925,bfcedc1c8f0ae2806ebdc8d7c572ba9275e4a0487907899821a3d107e71101ce
classicalref__mixed_complex__CA-GAT-MAPPO__g0__ep01,classical_control_reference,mixed_complex,CA-GAT-MAPPO,training_checkpoint,0,0,1,4,ON,0.1,1,0,0,0,48.246091,48.950663,0.626767,21.3545,23.1342,0.9231,0.741984,0.847038,0.82958,0.28072987,bfcedc1c8f0ae2806ebdc8d7c572ba9275e4a0487907899821a3d107e71101ce
classicalref__mixed_complex__CA-GAT-MAPPO__g0__ep02,classical_control_reference,mixed_complex,CA-GAT-MAPPO,training_checkpoint,0,0,2,4,ON,0.1,1,0,0,0,46.477324,46.61134,0.626114,21.7259,22.9326,0.9474,0.748293,0.815716,0.849971,0.28338947,bfcedc1c8f0ae2806ebdc8d7c572ba9275e4a0487907899821a3d107e71101ce
classicalref__mixed_complex__CA-GAT-MAPPO__g0__ep03,classical_control_reference,mixed_complex,CA-GAT-MAPPO,training_checkpoint,0,0,3,4,ON,0.1,1,0,0,0,42.665804,45.828446,0.542341,21.4067,23.0527,0.9286,0.745024,0.800218,0.821997,0.27884318,bfcedc1c8f0ae2806ebdc8d7c572ba9275e4a0487907899821a3d107e71101ce
classicalref__mixed_complex__CA-GAT-MAPPO__g0__ep04,classical_control_reference,mixed_complex,CA-GAT-MAPPO,training_checkpoint,0,0,4,4,ON,0.1,1,0,0,0,46.822473,46.873562,0.55509,21.7287,23.1777,0.9375,0.755322,0.837002,0.837836,0.28354494,bfcedc1c8f0ae2806ebdc8d7c572ba9275e4a0487907899821a3d107e71101ce
classicalref__mixed_complex__CA-GAT-MAPPO__g0__ep05,classical_control_reference,mixed_complex,CA-GAT-MAPPO,training_checkpoint,0,0,5,4,ON,0.1,1,0,0,0,47.053357,48.068011,0.569886,21.7754,23.1388,0.9411,0.734955,0.840668,0.889862,0.28291649,bfcedc1c8f0ae2806ebdc8d7c572ba9275e4a0487907899821a3d107e71101ce
classicalref__mixed_complex__CA-GAT-MAPPO__g0__ep06,classical_control_reference,mixed_complex,CA-GAT-MAPPO,training_checkpoint,0,0,6,4,ON,0.1,1,0,0,0,42.39388,47.358054,0.462038,21.8393,22.9948,0.9497,0.767879,0.848666,0.849494,0.28394779,bfcedc1c8f0ae2806ebdc8d7c572ba9275e4a0487907899821a3d107e71101ce
classicalref__mixed_complex__CA-GAT-MAPPO__g0__ep07,classical_control_reference,mixed_complex,CA-GAT-MAPPO,training_checkpoint,0,0,7,4,ON,0.1,1,0,0,0,48.448308,49.644433,0.526114,22.0419,23.0529,0.9561,0.752685,0.829417,0.8048,0.28180677,bfcedc1c8f0ae2806ebdc8d7c572ba9275e4a0487907899821a3d107e71101ce
classicalref__mixed_complex__CA-GAT-MAPPO__g0__ep08,classical_control_reference,mixed_complex,CA-GAT-MAPPO,training_checkpoint,0,0,8,4,ON,0.1,1,0,0,0,45.498939,48.792765,0.693255,21.9323,22.9902,0.954,0.733463,0.854578,0.802812,0.28459224,bfcedc1c8f0ae2806ebdc8d7c572ba9275e4a0487907899821a3d107e71101ce
classicalref__mixed_complex__CA-GAT-MAPPO__g0__ep09,classical_control_reference,mixed_complex,CA-GAT-MAPPO,training_checkpoint,0,0,9,4,ON,0.1,1,0,0,0,43.980764,46.193437,0.465284,21.5551,23.0095,0.9368,0.732125,0.813596,0.847855,0.28056771,bfcedc1c8f0ae2806ebdc8d7c572ba9275e4a0487907899821a3d107e71101ce
classicalref__mixed_complex__CA-GAT-MAPPO__g1__ep00,classical_control_reference,mixed_complex,CA-GAT-MAPPO,training_checkpoint,1,1,0,4,ON,0.1,1,0,0,0,47.330782,48.986717,0.820124,21.6748,22.9948,0.9426,0.762461,0.832473,0.858481,0.28668145,8ed99808c66525bebda19333f1531725f5d3205410e0532243400e3764a1fdb8
classicalref__mixed_complex__CA-GAT-MAPPO__g1__ep01,classical_control_reference,mixed_complex,CA-GAT-MAPPO,training_checkpoint,1,1,1,4,ON,0.1,1,0,0,0,47.01516,47.806786,0.776718,21.9543,23.1388,0.9488,0.749209,0.805883,0.814782,0.28788308,8ed99808c66525bebda19333f1531725f5d3205410e0532243400e3764a1fdb8
classicalref__mixed_complex__CA-GAT-MAPPO__g1__ep02,classical_control_reference,mixed_complex,CA-GAT-MAPPO,training_checkpoint,1,1,2,4,ON,0.1,1,0,0,0,45.682714,47.397657,0.645488,21.3991,22.8845,0.9351,0.744893,0.853256,0.842467,0.29101422,8ed99808c66525bebda19333f1531725f5d3205410e0532243400e3764a1fdb8
classicalref__mixed_complex__CA-GAT-MAPPO__g1__ep03,classical_control_reference,mixed_complex,CA-GAT-MAPPO,training_checkpoint,1,1,3,4,ON,0.1,1,0,0,0,45.980098,47.830517,0.892045,21.8926,23.1154,0.9471,0.730933,0.813894,0.87682,0.28925749,8ed99808c66525bebda19333f1531725f5d3205410e0532243400e3764a1fdb8
classicalref__mixed_complex__CA-GAT-MAPPO__g1__ep04,classical_control_reference,mixed_complex,CA-GAT-MAPPO,training_checkpoint,1,1,4,4,ON,0.1,1,0,0,0,44.990625,49.620466,0.769755,21.6886,22.9467,0.9452,0.765231,0.845687,0.875917,0.29149054,8ed99808c66525bebda19333f1531725f5d3205410e0532243400e3764a1fdb8
classicalref__mixed_complex__CA-GAT-MAPPO__g1__ep05,classical_control_reference,mixed_complex,CA-GAT-MAPPO,training_checkpoint,1,1,5,4,ON,0.1,1,0,0,0,45.076904,47.362,0.672246,21.6666,23.1777,0.9348,0.749688,0.84201,0.861731,0.29278593,8ed99808c66525bebda19333f1531725f5d3205410e0532243400e3764a1fdb8
classicalref__mixed_complex__CA-GAT-MAPPO__g1__ep06,classical_control_reference,mixed_complex,CA-GAT-MAPPO,training_checkpoint,1,1,6,4,ON,0.1,1,0,0,0,45.429633,47.933489,0.658654,21.553,23.1195,0.9322,0.746694,0.81839,0.875456,0.28821579,8ed99808c66525bebda19333f1531725f5d3205410e0532243400e3764a1fdb8
classicalref__mixed_complex__CA-GAT-MAPPO__g1__ep07,classical_control_reference,mixed_complex,CA-GAT-MAPPO,training_checkpoint,1,1,7,4,ON,0.1,1,0,0,0,42.877322,47.254693,0.557456,21.5163,23.0527,0.9334,0.73605,0.853387,0.861967,0.28943391,8ed99808c66525bebda19333f1531725f5d3205410e0532243400e3764a1fdb8
classicalref__mixed_complex__CA-GAT-MAPPO__g1__ep08,classical_control_reference,mixed_complex,CA-GAT-MAPPO,training_checkpoint,1,1,8,4,ON,0.1,1,0,0,0,46.110282,48.11203,0.806233,21.5408,23.2011,0.9284,0.761116,0.822725,0.891942,0.29077236,8ed99808c66525bebda19333f1531725f5d3205410e0532243400e3764a1fdb8
classicalref__mixed_complex__CA-GAT-MAPPO__g1__ep09,classical_control_reference,mixed_complex,CA-GAT-MAPPO,training_checkpoint,1,1,9,4,ON,0.1,1,0,0,0,45.393713,47.731558,0.876103,21.5524,23.0529,0.9349,0.748539,0.801912,0.827398,0.29164955,8ed99808c66525bebda19333f1531725f5d3205410e0532243400e3764a1fdb8
classicalref__mixed_complex__CA-GAT-MAPPO__g2__ep00,classical_control_reference,mixed_complex,CA-GAT-MAPPO,training_checkpoint,2,2,0,4,ON,0.1,1,0,0,0,44.68498,48.210752,0.589576,21.7844,22.9323,0.9499,0.753893,0.833759,0.888075,0.27927485,83df6211c82175f2b55c0f388fd343ffc3f228c028273b13498381129ab10241
classicalref__mixed_complex__CA-GAT-MAPPO__g2__ep01,classical_control_reference,mixed_complex,CA-GAT-MAPPO,training_checkpoint,2,2,1,4,ON,0.1,1,0,0,0,50.791063,51.21537,0.555108,21.655,23.0576,0.9392,0.738403,0.85658,0.822057,0.28295753,83df6211c82175f2b55c0f388fd343ffc3f228c028273b13498381129ab10241
classicalref__mixed_complex__CA-GAT-MAPPO__g2__ep02,classical_control_reference,mixed_complex,CA-GAT-MAPPO,training_checkpoint,2,2,2,4,ON,0.1,1,0,0,0,45.850159,50.498125,0.515916,21.5985,22.947,0.9412,0.744137,0.817658,0.868491,0.28028367,83df6211c82175f2b55c0f388fd343ffc3f228c028273b13498381129ab10241
classicalref__mixed_complex__CA-GAT-MAPPO__g2__ep03,classical_control_reference,mixed_complex,CA-GAT-MAPPO,training_checkpoint,2,2,3,4,ON,0.1,1,0,0,0,44.353907,50.719657,0.622798,21.3478,23.1966,0.9203,0.73302,0.833008,0.838216,0.28034284,83df6211c82175f2b55c0f388fd343ffc3f228c028273b13498381129ab10241
classicalref__mixed_complex__CA-GAT-MAPPO__g2__ep04,classical_control_reference,mixed_complex,CA-GAT-MAPPO,training_checkpoint,2,2,4,4,ON,0.1,1,0,0,0,45.343389,47.279937,0.590555,21.3942,22.8654,0.9357,0.769212,0.84277,0.813659,0.27906476,83df6211c82175f2b55c0f388fd343ffc3f228c028273b13498381129ab10241
classicalref__mixed_complex__CA-GAT-MAPPO__g2__ep05,classical_control_reference,mixed_complex,CA-GAT-MAPPO,training_checkpoint,2,2,5,4,ON,0.1,1,0,0,0,49.661358,51.388207,0.628979,21.4437,23.1342,0.9269,0.743467,0.810417,0.879431,0.28178753,83df6211c82175f2b55c0f388fd343ffc3f228c028273b13498381129ab10241
classicalref__mixed_complex__CA-GAT-MAPPO__g2__ep06,classical_control_reference,mixed_complex,CA-GAT-MAPPO,training_checkpoint,2,2,6,4,ON,0.1,1,0,0,0,44.524181,46.587719,0.672736,21.7619,23.1823,0.9387,0.731331,0.833048,0.876907,0.27815798,83df6211c82175f2b55c0f388fd343ffc3f228c028273b13498381129ab10241
classicalref__mixed_complex__CA-GAT-MAPPO__g2__ep07,classical_control_reference,mixed_complex,CA-GAT-MAPPO,training_checkpoint,2,2,7,4,ON,0.1,1,0,0,0,47.17629,47.902151,0.376155,21.863,22.9902,0.951,0.757363,0.850863,0.808247,0.27912867,83df6211c82175f2b55c0f388fd343ffc3f228c028273b13498381129ab10241
classicalref__mixed_complex__CA-GAT-MAPPO__g2__ep08,classical_control_reference,mixed_complex,CA-GAT-MAPPO,training_checkpoint,2,2,8,4,ON,0.1,1,0,0,0,47.227849,47.525212,0.695993,22.095,23.0529,0.9584,0.768499,0.813657,0.82002,0.27997352,83df6211c82175f2b55c0f388fd343ffc3f228c028273b13498381129ab10241
classicalref__mixed_complex__CA-GAT-MAPPO__g2__ep09,classical_control_reference,mixed_complex,CA-GAT-MAPPO,training_checkpoint,2,2,9,4,ON,0.1,1,0,0,0,46.07403,48.764385,0.596878,21.8705,23.2401,0.9411,0.752997,0.811604,0.822803,0.27830089,83df6211c82175f2b55c0f388fd343ffc3f228c028273b13498381129ab10241
classicalref__mixed_complex__CA-GAT-MAPPO__g3__ep00,classical_control_reference,mixed_complex,CA-GAT-MAPPO,training_checkpoint,3,3,0,4,ON,0.1,1,0,0,0,43.385743,49.753649,0.888205,22.0541,23.1823,0.9513,0.741897,0.843204,0.841991,0.29839421,db73792d69e34f730009208f36e16377f566a0653b487afb0c9e2546504e61a0
classicalref__mixed_complex__CA-GAT-MAPPO__g3__ep01,classical_control_reference,mixed_complex,CA-GAT-MAPPO,training_checkpoint,3,3,1,4,ON,0.1,1,0,0,0,42.96094,48.155077,0.872285,21.5171,22.9467,0.9377,0.741382,0.825639,0.832362,0.29612171,db73792d69e34f730009208f36e16377f566a0653b487afb0c9e2546504e61a0
classicalref__mixed_complex__CA-GAT-MAPPO__g3__ep02,classical_control_reference,mixed_complex,CA-GAT-MAPPO,training_checkpoint,3,3,2,4,ON,0.1,1,0,0,0,48.387374,48.921132,0.753977,21.9909,23.1777,0.9488,0.763061,0.831545,0.873521,0.30029859,db73792d69e34f730009208f36e16377f566a0653b487afb0c9e2546504e61a0
classicalref__mixed_complex__CA-GAT-MAPPO__g3__ep03,classical_control_reference,mixed_complex,CA-GAT-MAPPO,training_checkpoint,3,3,3,4,ON,0.1,1,0,0,0,46.160551,47.806405,0.83074,21.9103,23.1388,0.9469,0.747328,0.828862,0.897752,0.29805754,db73792d69e34f730009208f36e16377f566a0653b487afb0c9e2546504e61a0
classicalref__mixed_complex__CA-GAT-MAPPO__g3__ep04,classical_control_reference,mixed_complex,CA-GAT-MAPPO,training_checkpoint,3,3,4,4,ON,0.1,1,0,0,0,48.082122,48.412575,0.637711,21.3888,23.1342,0.9246,0.745897,0.836445,0.810593,0.29803214,db73792d69e34f730009208f36e16377f566a0653b487afb0c9e2546504e61a0
classicalref__mixed_complex__CA-GAT-MAPPO__g3__ep05,classical_control_reference,mixed_complex,CA-GAT-MAPPO,training_checkpoint,3,3,5,4,ON,0.1,1,0,0,0,48.122847,50.477252,0.975294,21.4333,23.0092,0.9315,0.751674,0.833541,0.807772,0.29945603,db73792d69e34f730009208f36e16377f566a0653b487afb0c9e2546504e61a0
classicalref__mixed_complex__CA-GAT-MAPPO__g3__ep06,classical_control_reference,mixed_complex,CA-GAT-MAPPO,training_checkpoint,3,3,6,4,ON,0.1,1,0,0,0,43.173821,51.256164,0.694352,21.84,23.0719,0.9466,0.747202,0.842658,0.803834,0.29559964,db73792d69e34f730009208f36e16377f566a0653b487afb0c9e2546504e61a0
classicalref__mixed_complex__CA-GAT-MAPPO__g3__ep07,classical_control_reference,mixed_complex,CA-GAT-MAPPO,training_checkpoint,3,3,7,4,ON,0.1,1,0,0,0,46.492402,50.620236,0.804536,21.5684,23.0573,0.9354,0.750989,0.858375,0.846733,0.29744617,db73792d69e34f730009208f36e16377f566a0653b487afb0c9e2546504e61a0
classicalref__mixed_complex__CA-GAT-MAPPO__g3__ep08,classical_control_reference,mixed_complex,CA-GAT-MAPPO,training_checkpoint,3,3,8,4,ON,0.1,1,0,0,0,46.039072,51.331285,0.75314,21.6939,23.1151,0.9385,0.75855,0.808867,0.880308,0.30004051,db73792d69e34f730009208f36e16377f566a0653b487afb0c9e2546504e61a0
classicalref__mixed_complex__CA-GAT-MAPPO__g3__ep09,classical_control_reference,mixed_complex,CA-GAT-MAPPO,training_checkpoint,3,3,9,4,ON,0.1,1,0,0,0,43.461207,49.346044,0.780691,22.0457,23.0576,0.9561,0.730734,0.813538,0.80431,0.29447532,db73792d69e34f730009208f36e16377f566a0653b487afb0c9e2546504e61a0
classicalref__mixed_complex__CA-GAT-MAPPO__g4__ep00,classical_control_reference,mixed_complex,CA-GAT-MAPPO,training_checkpoint,4,4,0,4,ON,0.1,1,0,0,0,44.982079,49.440521,0.772047,21.4116,23.0526,0.9288,0.734406,0.81368,0.864942,0.28625146,f5e210f1f3eada71e80dc9a96ddd0372317557285c215726f7fc87779a373c42
classicalref__mixed_complex__CA-GAT-MAPPO__g4__ep01,classical_control_reference,mixed_complex,CA-GAT-MAPPO,training_checkpoint,4,4,1,4,ON,0.1,1,0,0,0,43.533109,49.649576,0.950491,21.3563,23.0529,0.9264,0.742073,0.841765,0.864682,0.28642322,f5e210f1f3eada71e80dc9a96ddd0372317557285c215726f7fc87779a373c42
classicalref__mixed_complex__CA-GAT-MAPPO__g4__ep02,classical_control_reference,mixed_complex,CA-GAT-MAPPO,training_checkpoint,4,4,2,4,ON,0.1,1,0,0,0,46.149273,47.53365,0.71849,21.4101,22.9904,0.9313,0.757198,0.8054,0.80116,0.28483372,f5e210f1f3eada71e80dc9a96ddd0372317557285c215726f7fc87779a373c42
classicalref__mixed_complex__CA-GAT-MAPPO__g4__ep03,classical_control_reference,mixed_complex,CA-GAT-MAPPO,training_checkpoint,4,4,3,4,ON,0.1,1,0,0,0,43.324783,47.923851,0.871236,21.7713,23.0141,0.946,0.731127,0.805926,0.866953,0.28489751,f5e210f1f3eada71e80dc9a96ddd0372317557285c215726f7fc87779a373c42
classicalref__mixed_complex__CA-GAT-MAPPO__g4__ep04,classical_control_reference,mixed_complex,CA-GAT-MAPPO,training_checkpoint,4,4,4,4,ON,0.1,1,0,0,0,45.522392,50.328989,0.680579,21.7589,22.7771,0.9553,0.751219,0.83472,0.849881,0.28303972,f5e210f1f3eada71e80dc9a96ddd0372317557285c215726f7fc87779a373c42
classicalref__mixed_complex__CA-GAT-MAPPO__g4__ep05,classical_control_reference,mixed_complex,CA-GAT-MAPPO,training_checkpoint,4,4,5,4,ON,0.1,1,0,0,0,47.284166,48.849689,0.800742,21.7029,23.0095,0.9432,0.746708,0.808434,0.870087,0.28468573,f5e210f1f3eada71e80dc9a96ddd0372317557285c215726f7fc87779a373c42
classicalref__mixed_complex__CA-GAT-MAPPO__g4__ep06,classical_control_reference,mixed_complex,CA-GAT-MAPPO,training_checkpoint,4,4,6,4,ON,0.1,1,0,0,0,45.863891,51.153565,0.825667,21.8619,23.0576,0.9481,0.748649,0.821346,0.882845,0.28614186,f5e210f1f3eada71e80dc9a96ddd0372317557285c215726f7fc87779a373c42
classicalref__mixed_complex__CA-GAT-MAPPO__g4__ep07,classical_control_reference,mixed_complex,CA-GAT-MAPPO,training_checkpoint,4,4,7,4,ON,0.1,1,0,0,0,46.47113,48.687338,0.730301,21.5665,23.2011,0.9295,0.760929,0.821024,0.853119,0.2804925,f5e210f1f3eada71e80dc9a96ddd0372317557285c215726f7fc87779a373c42
classicalref__mixed_complex__CA-GAT-MAPPO__g4__ep08,classical_control_reference,mixed_complex,CA-GAT-MAPPO,training_checkpoint,4,4,8,4,ON,0.1,1,0,0,0,48.323096,50.516916,0.86387,21.9921,23.0716,0.9532,0.750975,0.83431,0.843409,0.28853399,f5e210f1f3eada71e80dc9a96ddd0372317557285c215726f7fc87779a373c42
classicalref__mixed_complex__CA-GAT-MAPPO__g4__ep09,classical_control_reference,mixed_complex,CA-GAT-MAPPO,training_checkpoint,4,4,9,4,ON,0.1,1,0,0,0,43.86575,51.6134,0.851624,21.9777,23.1342,0.95,0.753753,0.844172,0.863979,0.28346881,f5e210f1f3eada71e80dc9a96ddd0372317557285c215726f7fc87779a373c42
classicalref__mixed_complex__CA-GAT-MAPPO__g5__ep00,classical_control_reference,mixed_complex,CA-GAT-MAPPO,training_checkpoint,5,5,0,4,ON,0.1,1,0,0,0,47.140412,48.475389,0.498012,21.4116,23.1966,0.923,0.736977,0.858796,0.806572,0.28789231,da29fb12dd230cb7a8ee1e88c60ca8b2d6077612165ed390a9456fb3ca05bd64
classicalref__mixed_complex__CA-GAT-MAPPO__g5__ep01,classical_control_reference,mixed_complex,CA-GAT-MAPPO,training_checkpoint,5,5,1,4,ON,0.1,1,0,0,0,45.849001,48.270684,0.639976,21.9609,23.1154,0.9501,0.742687,0.856677,0.816915,0.28728147,da29fb12dd230cb7a8ee1e88c60ca8b2d6077612165ed390a9456fb3ca05bd64
classicalref__mixed_complex__CA-GAT-MAPPO__g5__ep02,classical_control_reference,mixed_complex,CA-GAT-MAPPO,training_checkpoint,5,5,2,4,ON,0.1,1,0,0,0,47.335209,49.721174,0.636022,22.0081,23.0527,0.9547,0.768944,0.818278,0.801369,0.28596103,da29fb12dd230cb7a8ee1e88c60ca8b2d6077612165ed390a9456fb3ca05bd64
classicalref__mixed_complex__CA-GAT-MAPPO__g5__ep03,classical_control_reference,mixed_complex,CA-GAT-MAPPO,training_checkpoint,5,5,3,4,ON,0.1,1,0,0,0,44.290296,48.186285,0.673683,21.5099,22.9467,0.9374,0.756474,0.802398,0.868664,0.28377159,da29fb12dd230cb7a8ee1e88c60ca8b2d6077612165ed390a9456fb3ca05bd64
classicalref__mixed_complex__CA-GAT-MAPPO__g5__ep04,classical_control_reference,mixed_complex,CA-GAT-MAPPO,training_checkpoint,5,5,4,4,ON,0.1,1,0,0,0,46.301611,47.31067,0.497225,21.9234,23.1198,0.9483,0.746572,0.855283,0.899256,0.28605379,da29fb12dd230cb7a8ee1e88c60ca8b2d6077612165ed390a9456fb3ca05bd64
classicalref__mixed_complex__CA-GAT-MAPPO__g5__ep05,classical_control_reference,mixed_complex,CA-GAT-MAPPO,training_checkpoint,5,5,5,4,ON,0.1,1,0,0,0,47.303425,47.33031,0.506394,21.9208,22.9279,0.9561,0.747614,0.817602,0.80162,0.28946523,da29fb12dd230cb7a8ee1e88c60ca8b2d6077612165ed390a9456fb3ca05bd64
classicalref__mixed_complex__CA-GAT-MAPPO__g5__ep06,classical_control_reference,mixed_complex,CA-GAT-MAPPO,training_checkpoint,5,5,6,4,ON,0.1,1,0,0,0,44.681934,50.234334,0.671949,21.977,23.1342,0.95,0.743845,0.840033,0.864693,0.28293407,da29fb12dd230cb7a8ee1e88c60ca8b2d6077612165ed390a9456fb3ca05bd64
classicalref__mixed_complex__CA-GAT-MAPPO__g5__ep07,classical_control_reference,mixed_complex,CA-GAT-MAPPO,training_checkpoint,5,5,7,4,ON,0.1,1,0,0,0,46.150472,48.006792,0.648601,21.3585,23.2401,0.919,0.758643,0.858774,0.876674,0.28332664,da29fb12dd230cb7a8ee1e88c60ca8b2d6077612165ed390a9456fb3ca05bd64
classicalref__mixed_complex__CA-GAT-MAPPO__g5__ep08,classical_control_reference,mixed_complex,CA-GAT-MAPPO,training_checkpoint,5,5,8,4,ON,0.1,1,0,0,0,46.108383,47.738986,0.725286,21.6061,23.2445,0.9295,0.747974,0.837878,0.800183,0.28461873,da29fb12dd230cb7a8ee1e88c60ca8b2d6077612165ed390a9456fb3ca05bd64
classicalref__mixed_complex__CA-GAT-MAPPO__g5__ep09,classical_control_reference,mixed_complex,CA-GAT-MAPPO,training_checkpoint,5,5,9,4,ON,0.1,1,0,0,0,45.597294,48.259956,0.657609,22.0316,22.7817,0.9671,0.735886,0.807604,0.892513,0.28676866,da29fb12dd230cb7a8ee1e88c60ca8b2d6077612165ed390a9456fb3ca05bd64
classicalref__mixed_complex__CA-GAT-MAPPO__g6__ep00,classical_control_reference,mixed_complex,CA-GAT-MAPPO,training_checkpoint,6,6,0,4,ON,0.1,1,0,0,0,49.434864,48.260636,0.807984,22.0811,22.9018,0.9642,0.742063,0.837945,0.814402,0.29967316,ed09582cb314a7d6fb62a2969e8ec146c4ad5a35bbded88314c57cd591ec5719
classicalref__mixed_complex__CA-GAT-MAPPO__g6__ep01,classical_control_reference,mixed_complex,CA-GAT-MAPPO,training_checkpoint,6,6,1,4,ON,0.1,1,0,0,0,45.720614,48.240636,0.895324,21.3862,23.0095,0.9295,0.739288,0.804243,0.818806,0.29519224,ed09582cb314a7d6fb62a2969e8ec146c4ad5a35bbded88314c57cd591ec5719
classicalref__mixed_complex__CA-GAT-MAPPO__g6__ep02,classical_control_reference,mixed_complex,CA-GAT-MAPPO,training_checkpoint,6,6,2,4,ON,0.1,1,0,0,0,48.93939,48.250636,0.814643,21.8064,23.1777,0.9408,0.757933,0.804862,0.834145,0.29331725,ed09582cb314a7d6fb62a2969e8ec146c4ad5a35bbded88314c57cd591ec5719
classicalref__mixed_complex__CA-GAT-MAPPO__g6__ep03,classical_control_reference,mixed_complex,CA-GAT-MAPPO,training_checkpoint,6,6,3,4,ON,0.1,1,0,0,0,46.215749,48.250636,0.699683,21.975,22.9692,0.9567,0.757922,0.804701,0.88788,0.29033155,ed09582cb314a7d6fb62a2969e8ec146c4ad5a35bbded88314c57cd591ec5719
classicalref__mixed_complex__CA-GAT-MAPPO__g6__ep04,classical_control_reference,mixed_complex,CA-GAT-MAPPO,training_checkpoint,6,6,4,4,ON,0.1,1,0,0,0,47.782078,48.250636,0.722094,21.9746,22.8654,0.961,0.758923,0.810911,0.855548,0.29128292,ed09582cb314a7d6fb62a2969e8ec146c4ad5a35bbded88314c57cd591ec5719
classicalref__mixed_complex__CA-GAT-MAPPO__g6__ep05,classical_control_reference,mixed_complex,CA-GAT-MAPPO,training_checkpoint,6,6,5,4,ON,0.1,1,0,0,0,44.769693,48.250636,0.934553,21.5628,23.1342,0.9321,0.769786,0.824253,0.830147,0.29620849,ed09582cb314a7d6fb62a2969e8ec146c4ad5a35bbded88314c57cd591ec5719
classicalref__mixed_complex__CA-GAT-MAPPO__g6__ep06,classical_control_reference,mixed_complex,CA-GAT-MAPPO,training_checkpoint,6,6,6,4,ON,0.1,1,0,0,0,47.023484,48.250636,0.595336,21.526,23.1777,0.9287,0.749426,0.840799,0.850985,0.29537024,ed09582cb314a7d6fb62a2969e8ec146c4ad5a35bbded88314c57cd591ec5719
classicalref__mixed_complex__CA-GAT-MAPPO__g6__ep07,classical_control_reference,mixed_complex,CA-GAT-MAPPO,training_checkpoint,6,6,7,4,ON,0.1,1,0,0,0,46.395649,48.250636,0.741483,21.8237,22.822,0.9563,0.74587,0.802831,0.887333,0.29511397,ed09582cb314a7d6fb62a2969e8ec146c4ad5a35bbded88314c57cd591ec5719
classicalref__mixed_complex__CA-GAT-MAPPO__g6__ep08,classical_control_reference,mixed_complex,CA-GAT-MAPPO,training_checkpoint,6,6,8,4,ON,0.1,1,0,0,0,46.216339,48.250636,0.860357,21.8739,23.1342,0.9455,0.738384,0.831152,0.855693,0.29548151,ed09582cb314a7d6fb62a2969e8ec146c4ad5a35bbded88314c57cd591ec5719
classicalref__mixed_complex__CA-GAT-MAPPO__g6__ep09,classical_control_reference,mixed_complex,CA-GAT-MAPPO,training_checkpoint,6,6,9,4,ON,0.1,1,0,0,0,47.276245,48.250636,0.775288,21.9154,23.1195,0.9479,0.76071,0.83399,0.870966,0.29348294,ed09582cb314a7d6fb62a2969e8ec146c4ad5a35bbded88314c57cd591ec5719
classicalref__mixed_complex__CA-GAT-MAPPO__g7__ep00,classical_control_reference,mixed_complex,CA-GAT-MAPPO,training_checkpoint,7,7,0,4,ON,0.1,1,0,0,0,43.057589,48.177208,0.637916,21.9434,22.9279,0.9571,0.73727,0.814185,0.814088,0.29942845,7aecf6a7e53711d5a0f1473913406cc645bbc0aa42ebc65a753ac1a5648703b0
classicalref__mixed_complex__CA-GAT-MAPPO__g7__ep01,classical_control_reference,mixed_complex,CA-GAT-MAPPO,training_checkpoint,7,7,1,4,ON,0.1,1,0,0,0,44.037219,48.157208,0.744891,21.4676,23.0095,0.933,0.74808,0.831995,0.847317,0.29636108,7aecf6a7e53711d5a0f1473913406cc645bbc0aa42ebc65a753ac1a5648703b0
classicalref__mixed_complex__CA-GAT-MAPPO__g7__ep02,classical_control_reference,mixed_complex,CA-GAT-MAPPO,training_checkpoint,7,7,2,4,ON,0.1,1,0,0,0,48.083271,48.167208,0.735975,22.0578,23.0893,0.9553,0.750767,0.807714,0.853219,0.2975638,7aecf6a7e53711d5a0f1473913406cc645bbc0aa42ebc65a753ac1a5648703b0
classicalref__mixed_complex__CA-GAT-MAPPO__g7__ep03,classical_control_reference,mixed_complex,CA-GAT-MAPPO,training_checkpoint,7,7,3,4,ON,0.1,1,0,0,0,44.145345,48.167208,0.778183,21.4037,23.0576,0.9283,0.741119,0.840477,0.815243,0.29434553,7aecf6a7e53711d5a0f1473913406cc645bbc0aa42ebc65a753ac1a5648703b0
classicalref__mixed_complex__CA-GAT-MAPPO__g7__ep04,classical_control_reference,mixed_complex,CA-GAT-MAPPO,training_checkpoint,7,7,4,4,ON,0.1,1,0,0,0,45.299702,48.167208,0.678751,21.67,23.1777,0.935,0.766417,0.83133,0.848213,0.29750508,7aecf6a7e53711d5a0f1473913406cc645bbc0aa42ebc65a753ac1a5648703b0
classicalref__mixed_complex__CA-GAT-MAPPO__g7__ep05,classical_control_reference,mixed_complex,CA-GAT-MAPPO,training_checkpoint,7,7,5,4,ON,0.1,1,0,0,0,49.587034,48.167208,0.845688,21.5232,23.0716,0.9329,0.732382,0.800507,0.80505,0.29587542,7aecf6a7e53711d5a0f1473913406cc645bbc0aa42ebc65a753ac1a5648703b0
classicalref__mixed_complex__CA-GAT-MAPPO__g7__ep06,classical_control_reference,mixed_complex,CA-GAT-MAPPO,training_checkpoint,7,7,6,4,ON,0.1,1,0,0,0,45.38276,48.167208,0.713977,21.6621,23.0095,0.9414,0.760461,0.802798,0.885685,0.29580018,7aecf6a7e53711d5a0f1473913406cc645bbc0aa42ebc65a753ac1a5648703b0
classicalref__mixed_complex__CA-GAT-MAPPO__g7__ep07,classical_control_reference,mixed_complex,CA-GAT-MAPPO,training_checkpoint,7,7,7,4,ON,0.1,1,0,0,0,47.71681,48.167208,0.602206,21.8499,22.9467,0.9522,0.735106,0.847211,0.853394,0.30137681,7aecf6a7e53711d5a0f1473913406cc645bbc0aa42ebc65a753ac1a5648703b0
classicalref__mixed_complex__CA-GAT-MAPPO__g7__ep08,classical_control_reference,mixed_complex,CA-GAT-MAPPO,training_checkpoint,7,7,8,4,ON,0.1,1,0,0,0,40.542932,48.167208,0.69208,21.6852,23.1823,0.9354,0.761206,0.827854,0.887713,0.29917637,7aecf6a7e53711d5a0f1473913406cc645bbc0aa42ebc65a753ac1a5648703b0
classicalref__mixed_complex__CA-GAT-MAPPO__g7__ep09,classical_control_reference,mixed_complex,CA-GAT-MAPPO,training_checkpoint,7,7,9,4,ON,0.1,1,0,0,0,44.017515,48.167208,0.568884,21.8529,22.9642,0.9516,0.761114,0.845017,0.886076,0.29695486,7aecf6a7e53711d5a0f1473913406cc645bbc0aa42ebc65a753ac1a5648703b0
