record_type,t,robot_id,x,y,vx,vy,omega,pair_i,pair_j,relative_distance,relative_velocity_x,relative_velocity_y,relative_velocity,tau_cpa,d_cpa,edge_active,gate_value,priority_state,residual_vx,residual_vy,residual_omega
robot,0.0,robot_1,-6.022617136361165,5.987569819933862,0.0,0.0,0.0,,,,,,,,,,0.0,proceed,0.0002687734377104789,-0.0,0.0
robot,0.0,robot_2,-5.959832653363655,-6.0299149568582875,0.0,0.0,0.0,,,,,,,,,,0.0,proceed,0.0,-0.0,0.0
robot,0.0,robot_3,6.043949431736061,6.036462711321811,0.0,0.0,0.0,,,,,,,,,,0.0,proceed,0.0,0.0,0.0
robot,0.0,robot_4,5.956391114916235,-5.95008908731279,0.0,0.0,0.0,,,,,,,,,,0.0,proceed,6.668688729405403e-05,-0.0,0.0
pair,0.0,,,,,,,robot_1,robot_2,12.017648782176,0.003735896242816339,-0.10092727638249649,0.10099639616702134,-118.93080490384743,0.38178995311804403,0,,,,,
pair,0.0,,,,,,,robot_1,robot_3,12.066665622994197,-1.0226562867678255,-0.4940264478693068,1.1357323681484657,9.585409296329864,5.204749430973984,0,,,,,
pair,0.0,,,,,,,robot_1,robot_4,16.911662806180157,-1.1815121608130692,-0.20180747279237465,1.1986230609428525,8.174467663107222,13.784102017279139,0,,,,,
pair,0.0,,,,,,,robot_2,robot_3,17.020230738086845,-1.0263921830106417,-0.3930991714868103,1.0990941142454396,14.125629111261647,6.97497950735216,0,,,,,
pair,0.0,,,,,,,robot_2,robot_4,11.916491138970702,-1.1852480570558854,-0.10088019640987815,1.1895334256684202,9.987163306757203,0.931035239135221,0,,,,,
pair,0.0,,,,,,,robot_3,robot_4,11.98687158854197,-0.15885587404524382,0.2922189750769322,0.3326065515194959,31.536469428497647,5.801811045348961,0,,,,,
robot,0.1,robot_1,-6.022617136361165,5.987569819933862,0.0,0.0,0.0,,,,,,,,,,0.0,proceed,0.00026919294032268226,-0.0,0.0
robot,0.1,robot_2,-5.959832653363655,-6.0299149568582875,0.0,0.0,0.0,,,,,,,,,,0.0,proceed,0.0,-0.0,0.0
robot,0.1,robot_3,6.043949431736061,6.036462711321811,-0.0,0.0,0.0,,,,,,,,,,0.0,proceed,0.0,0.0,0.0
robot,0.1,robot_4,5.956391114916235,-5.95008908731279,0.0,-0.0,0.0,,,,,,,,,,0.0,proceed,6.599210610147566e-05,-0.0,0.0
pair,0.1,,,,,,,robot_1,robot_2,12.017648782176,0.003735896242816339,-0.10092727638249649,0.10099639616702134,-118.93080490384743,0.38178995311804403,0,,,,,
pair,0.1,,,,,,,robot_1,robot_3,12.066665622994197,-1.0226562867678255,-0.4940264478693068,1.1357323681484657,9.585409296329864,5.204749430973984,0,,,,,
pair,0.1,,,,,,,robot_1,robot_4,16.911662806180157,-1.1815121608130692,-0.20180747279237465,1.1986230609428525,8.174467663107222,13.784102017279139,0,,,,,
pair,0.1,,,,,,,robot_2,robot_3,17.020230738086845,-1.0263921830106417,-0.3930991714868103,1.0990941142454396,14.125629111261647,6.97497950735216,0,,,,,
pair,0.1,,,,,,,robot_2,robot_4,11.916491138970702,-1.1852480570558854,-0.10088019640987815,1.1895334256684202,9.987163306757203,0.931035239135221,0,,,,,
pair,0.1,,,,,,,robot_3,robot_4,11.98687158854197,-0.15885587404524382,0.2922189750769322,0.3326065515194959,31.536469428497647,5.801811045348961,0,,,,,
robot,0.2,robot_1,-6.019844873558381,5.987465265182577,0.019755431676687203,0.02027546568086888,0.020295450476762792,,,,,,,,,,0.0,proceed,0.0002568374911788851,-0.0,0.0
robot,0.2,robot_2,-5.957012819473449,-6.029661714979517,0.0205801761102044,-0.02027477175597503,-0.02029541690546172,,,,,,,,,,0.0,proceed,0.0,-0.0,0.0
robot,0.2,robot_3,6.0420926510797255,6.035331651364674,0.020630757881866375,-0.008158149418659087,-0.020295409362413898,,,,,,,,,,0.0,proceed,0.0,0.0,0.0
robot,0.2,robot_4,5.954020602866753,-5.950659114148053,0.014411760545315703,0.020278974496679543,0.020295438274307187,,,,,,,,,,0.0,proceed,4.639620237867348e-05,-0.0,0.0
pair,0.2,,,,,,,robot_1,robot_2,12.017291239058835,0.0036870820721632835,-0.0986772198330673,0.09874607986239434,-121.63615009055134,0.3859195330798754,0,,,,,
pair,0.2,,,,,,,robot_1,robot_3,12.062032500337537,-1.0224585679142362,-0.49342552038861653,1.1352930314557592,9.586890504167163,5.199297661286298,0,,,,,
pair,0.2,,,,,,,robot_1,robot_4,16.908349066183074,-1.1820316268798565,-0.19902626164019105,1.1986701880695583,8.196968020479295,13.76054433431237,0,,,,,
pair,0.2,,,,,,,robot_2,robot_3,17.01595125238047,-1.0261456499863995,-0.3947483005555492,1.0994549175739332,14.125951148656496,6.952366891193779,0,,,,,
pair,0.2,,,,,,,robot_2,robot_4,11.9112954206939,-1.1857187089520198,-0.10034904180712373,1.1899574727486915,9.979572819796317,0.9257355445301484,0,,,,,
pair,0.2,,,,,,,robot_3,robot_4,11.986314334132608,-0.1595730589656203,0.2943992587484255,0.3348648752844462,31.34283695167915,5.789109876783008,0,,,,,
robot,0.30000000000000004,robot_1,-6.0058649131231405,5.9890777505716555,0.0725948271245801,0.09916429436466151,0.14528705849541035,,,,,,,,,,0.0,proceed,0.00018707479466684163,-0.0,0.0
robot,0.30000000000000004,robot_2,-5.942586351605348,-6.029949368221,0.08080071937049556,-0.09647577387028339,-0.14528708437989907,,,,,,,,,,0.0,proceed,0.0,-0.0,0.0
robot,0.30000000000000004,robot_3,6.032019622359139,6.026263839106782,0.1190686540697615,-0.021037536192135393,-0.14528704905529166,,,,,,,,,,0.0,proceed,0.0,0.0,0.0
robot,0.30000000000000004,robot_4,5.943343296414134,-5.9563147018933025,0.039274050808869476,0.09798659786027704,0.1452870442606578,,,,,,,,,,0.0,proceed,0.0,-0.0,0.0
pair,0.30000000000000004,,,,,,,robot_1,robot_2,12.019193694196838,0.00344774416178828,-0.09010246410413554,0.09016840343181295,-133.2246864964145,0.3963359103779531,0,,,,,
pair,0.30000000000000004,,,,,,,robot_1,robot_3,12.037941970901171,-1.022394506936147,-0.49019505313738243,1.1338349606241502,9.587640590180705,5.17085184395114,0,,,,,
pair,0.30000000000000004,,,,,,,robot_1,robot_4,16.896034377281545,-1.1840827018951372,-0.1876203962584559,1.198854977893268,8.285005729102277,13.66824849687491,0,,,,,
pair,0.30000000000000004,,,,,,,robot_2,robot_3,16.992453181699542,-1.0258422510979353,-0.4000925890332469,1.1011023585194093,14.110265372683168,6.881123930870044,0,,,,,
pair,0.30000000000000004,,,,,,,robot_2,robot_4,11.886157733336441,-1.1875304460569256,-0.09751793215432035,1.1915277199477212,9.946962734937479,0.8993897959035517,0,,,,,
pair,0.30000000000000004,,,,,,,robot_3,robot_4,11.982906658320376,-0.16168819495899028,0.30257465687892654,0.34306631337759846,30.683564800540204,5.725635620722509,0,,,,,
robot,0.4,robot_1,-5.975908487256423,5.993631757507224,0.1314732143565785,0.18011751944933152,0.28351406790031786,,,,,,,,,,0.0,proceed,8.642469765618443e-05,-0.0,0.0
robot,0.4,robot_2,-5.911522948420474,-6.031525194689385,0.14743894156114246,-0.17491526036375804,-0.28351411586549313,,,,,,,,,,0.0,proceed,0.0,-0.0,0.0
robot,0.4,robot_3,6.009754180182573,6.006486371961206,0.21933439703741953,-0.034451456197914884,-0.214823862818013,,,,,,,,,,0.0,proceed,0.0,0.0,0.0
robot,0.4,robot_4,5.922416296940599,-5.9701125122183205,0.057566157816847735,0.1747733784178227,0.2835140514631395,,,,,,,,,,0.0,proceed,0.0,-0.0,0.0
pair,0.4,,,,,,,robot_1,robot_2,12.025329318674546,0.0031368171825676416,-0.08047170636734896,0.08053282031389242,-149.23777959707485,0.40405271600304016,0,,,,,
pair,0.4,,,,,,,robot_1,robot_3,11.98566956071932,-1.0219504991530814,-0.4867532329929945,1.1319503224737226,9.56442727588695,5.142384040812737,0,,,,,
pair,0.4,,,,,,,robot_1,robot_4,16.87309425154817,-1.1866385630016842,-0.1725653128743714,1.1991204553380497,8.38345413831187,13.551497995946972,0,,,,,
pair,0.4,,,,,,,robot_2,robot_3,16.94197659235095,-1.0250873163356489,-0.40628152662564554,1.1026643573587966,14.073207005933515,6.798640265924354,0,,,,,
pair,0.4,,,,,,,robot_2,robot_4,11.834098596026031,-1.1897753801842519,-0.09209360650702245,1.1933342732244185,9.891097955056958,0.8520352339397989,0,,,,,
pair,0.4,,,,,,,robot_3,robot_4,11.976917330364248,-0.1646880638486029,0.31418792011862307,0.3547339954425961,29.788876035129903,5.637585952581312,0,,,,,
robot,0.5,robot_1,-5.939002504959195,6.0011479328748125,0.18316652875637313,0.2506385638479484,0.39697943615907727,,,,,,,,,,0.0,proceed,2.7518701244844124e-05,-0.0,0.0
robot,0.5,robot_2,-5.8730793119816065,-6.035298616481861,0.20573248119420498,-0.24277954136121008,-0.39697950010383326,,,,,,,,,,0.0,proceed,0.0,-0.0,0.0
robot,0.5,robot_3,5.981481420603968,5.982025983301937,0.30685989613003983,-0.04360139386449502,-0.19616802676956588,,,,,,,,,,0.0,proceed,0.0,0.0,0.0
robot,0.5,robot_4,5.899083210184506,-5.988536379831531,0.067826966783852,0.23461114550668205,0.3969794191073102,,,,,,,,,,0.0,proceed,0.0,-0.0,0.0
pair,0.5,,,,,,,robot_1,robot_2,12.036627077503587,0.002794695061696162,-0.06694670438918858,0.0670050113727419,-179.5197389052739,0.4361592755595552,0,,,,,
pair,0.5,,,,,,,robot_1,robot_3,11.92049926255462,-1.0212409706702088,-0.48289193319967627,1.1296538139291838,9.532390597627527,5.11292360067741,0,,,,,
pair,0.5,,,,,,,robot_1,robot_4,16.849118769759027,-1.1892178359823402,-0.1556710960271817,1.1993633942874962,8.489293289010908,13.424783753862524,0,,,,,
pair,0.5,,,,,,,robot_2,robot_3,16.880364353269414,-1.0240356657319047,-0.4159452288104877,1.1052870568595266,14.028493315746271,6.672765210377573,0,,,,,
pair,0.5,,,,,,,robot_2,robot_4,11.772255397971493,-1.1920125310440364,-0.08872439163799314,1.1953099563868537,9.82436260208783,0.8271802478452158,0,,,,,
pair,0.5,,,,,,,robot_3,robot_4,11.970845949837791,-0.16797686531213152,0.32722083717249456,0.36781748675118503,28.85050629937018,5.540084489120467,0,,,,,
robot,0.6000000000000001,robot_1,-5.881832375517871,6.015674464074746,0.060347452707529795,0.07901702793875617,0.12374177987841263,,,,,,,,,,0.0,proceed,0.0001291300868615508,-0.0,0.0
robot,0.6000000000000001,robot_2,-5.813656037287066,-6.043457669194137,0.0663540505215108,-0.0714983335770395,-0.12374179661612897,,,,,,,,,,0.0,proceed,0.0,-0.0,0.0
robot,0.6000000000000001,robot_3,5.937765477661967,5.943372249917896,0.09490108511834021,-0.008849475313316993,-0.029279898392022483,,,,,,,,,,0.0,proceed,0.0,0.0,0.0
robot,0.6000000000000001,robot_4,5.867574649787204,-6.01737995502353,0.017851355803847568,0.06490757085589104,0.12374177492646456,,,,,,,,,,0.0,proceed,0.00045874962233938277,-0.0,0.0
pair,0.6000000000000001,,,,,,,robot_1,robot_2,12.059324849291219,0.002840658938265017,-0.06728971215414553,0.06734964517346254,-178.93600572946738,0.44051182794508076,0,,,,,
pair,0.6000000000000001,,,,,,,robot_1,robot_3,11.819818992736963,-1.0193871080354335,-0.48514433545701985,1.1289442423144191,9.426070073866509,5.144554242056637,0,,,,,
pair,0.6000000000000001,,,,,,,robot_1,robot_4,16.817935785918223,-1.1900041563977743,-0.15092067659892083,1.199536136541561,8.455012078004136,13.415696901954183,0,,,,,
pair,0.6000000000000001,,,,,,,robot_2,robot_3,16.786303915148398,-1.0222277669736985,-0.4178546233028744,1.104333325489918,13.957076340687584,6.649156012427271,0,,,,,
pair,0.6000000000000001,,,,,,,robot_2,robot_4,11.681259795579498,-1.1928448153360396,-0.0836309644447753,1.195772926473933,9.74637427369868,0.7909577990753419,0,,,,,
pair,0.6000000000000001,,,,,,,robot_3,robot_4,11.960958158121318,-0.17061704836234093,0.334223658858099,0.37525408902818413,28.303609301364855,5.500720000298294,0,,,,,
robot,0.7000000000000001,robot_1,-5.824905827353535,6.030871272157195,0.32508739235603423,0.3640495818594607,0.6789841028035896,,,,,,,,,,0.0,proceed,0.0,-0.0,0.0
robot,0.7000000000000001,robot_2,-5.756412694244412,-6.052125862091002,0.3481260218526274,-0.33268245847920375,-0.6789841945568006,,,,,,,,,,0.0,proceed,0.0,-0.0,0.0
robot,0.7000000000000001,robot_3,5.8958141850238865,5.9051328839215715,0.47103900188869346,-0.034347749170805186,-0.12350435828916956,,,,,,,,,,0.0,proceed,0.0,0.0,0.0
robot,0.7000000000000001,robot_4,5.839869825057349,-6.046121732637099,0.09841785778792503,0.31723389467489427,0.678984111477716,,,,,,,,,,0.0,proceed,0.00033767634886316955,-0.0,0.0
pair,0.7000000000000001,,,,,,,robot_1,robot_2,12.083191261232823,0.001109542887488768,-0.025668964153377112,0.025692932999689548,-469.9612460724573,0.45337197397675233,0,,,,,
pair,0.7000000000000001,,,,,,,robot_1,robot_3,11.721394445663053,-1.020366029026937,-0.46563317580363284,1.1215886445578775,9.46044888719528,4.980306540256237,0,,,,,
pair,0.7000000000000001,,,,,,,robot_1,robot_4,16.7904958550642,-1.1954236012982307,-0.10181330512291656,1.1997514474427122,8.833346056299177,13.023324011517884,0,,,,,
pair,0.7000000000000001,,,,,,,robot_2,robot_3,16.695820673600828,-1.0214755719144257,-0.4399642116502557,1.1121964087115792,13.875098399256071,6.3725119481506365,0,,,,,
pair,0.7000000000000001,,,,,,,robot_2,robot_4,11.596284073660584,-1.1965331441857194,-0.07614434096953945,1.1989535127754742,9.652796291838373,0.7304763203102244,0,,,,,
pair,0.7000000000000001,,,,,,,robot_3,robot_4,11.951385554873001,-0.17505757227129354,0.36381987068071625,0.40374503329657474,26.613760159906832,5.232290466412811,0,,,,,
robot,0.8,robot_1,-5.753189507366334,6.05428118913907,0.06268125752269907,0.060902696693484415,0.17346941480139777,,,,,,,,,,0.0,proceed,0.0,-0.0,0.0
robot,0.8,robot_2,-5.680486101644321,-6.066723541353407,0.07138870738454516,-0.05732387579775243,-0.17346939113675894,,,,,,,,,,0.0,proceed,0.0,-0.0,0.0
robot,0.8,robot_3,5.840931211400942,5.853537068906112,0.08885105560546093,-0.003358505653232216,-0.012017676923789477,,,,,,,,,,0.0,proceed,0.0,0.0,0.0
robot,0.8,robot_4,5.8048570100370105,-6.087517558143068,0.023103129683308198,0.06358253942747652,0.17346941177266179,,,,,,,,,,0.0,proceed,0.00036097707925364375,-0.0,0.0
pair,0.8,,,,,,,robot_1,robot_2,12.121222770901646,0.0006342419642755281,-0.015481512538206087,0.015494498808928295,-781.8143717752098,0.4235110307810444,0,,,,,
pair,0.8,,,,,,,robot_1,robot_3,11.595858460810769,-1.0189160813415477,-0.460994039552705,1.1183494468722808,9.371426242262014,4.962100149525192,0,,,,,
pair,0.8,,,,,,,robot_1,robot_4,16.76340407309809,-1.197465998076006,-0.07695372340561552,1.1999361200056249,8.963461983272289,12.858039368036838,0,,,,,
pair,0.8,,,,,,,robot_2,robot_3,16.578168472959966,-1.0195503233058232,-0.44551252701449895,1.1126384289066475,13.778499540748102,6.309659665498925,0,,,,,
pair,0.8,,,,,,,robot_2,robot_4,11.48536193527135,-1.1981002400402816,-0.06147221086740943,1.199676213773328,9.560237651704663,0.6092833564265573,0,,,,,
pair,0.8,,,,,,,robot_3,robot_4,11.941109117421911,-0.17854991673445852,0.3840403161470895,0.4235174579544963,25.530919282252597,5.066918061517958,0,,,,,
robot,0.9,robot_1,-5.7027294855647535,6.072017467912747,0.0782757013254662,0.061147675393407236,0.17171717643937615,,,,,,,,,,0.0,proceed,0.0,-0.0,0.0
robot,0.9,robot_2,-5.6258485653526815,-6.078460236671859,0.0871330525700894,-0.056445007966350096,-0.17171719589999337,,,,,,,,,,0.0,proceed,0.0,-0.0,0.0
robot,0.9,robot_3,5.801486347514626,5.815308135777031,0.10294826079593539,-0.002192434571284846,-0.0066859150989635845,,,,,,,,,,0.0,proceed,0.0,0.0,0.0
robot,0.9,robot_4,5.778822543766042,-6.117245175931894,0.0390445346902184,0.059921609090166035,0.17171717880039783,,,,,,,,,,0.0,proceed,0.0,-0.0,0.0
pair,0.9,,,,,,,robot_1,robot_2,12.150720930278181,-0.0003838173280877877,0.00944632084894913,0.009454115152812106,1284.475747696123,0.41646647882293475,0,,,,,
pair,0.9,,,,,,,robot_1,robot_3,11.507079630178971,-1.0190749178377785,-0.4487114711194208,1.113488065710733,9.362758618177663,4.870891587534774,0,,,,,
pair,0.9,,,,,,,robot_1,robot_4,16.745272789741485,-1.1992222849973757,-0.04303183673303897,1.1999940949050316,9.197595173637996,12.59315169692442,0,,,,,
pair,0.9,,,,,,,robot_2,robot_3,16.493808211213732,-1.0186911005096908,-0.4581577919683699,1.116978120018014,13.697978088249718,6.159971567450216,0,,,,,
pair,0.9,,,,,,,robot_2,robot_4,11.404737058726111,-1.1988384676692878,-0.0524781575819881,1.1999865118353814,9.493493328033741,0.53750021223131,0,,,,,
pair,0.9,,,,,,,robot_3,robot_4,11.932574834660624,-0.180147367159597,0.4056796343863818,0.4438795328131306,24.548214054115764,4.86350945837204,0,,,,,
robot,1.0,robot_1,-5.649704601424053,6.090540527843941,0.0934758624799594,0.05898095568344037,0.19743693817484267,,,,,,,,,,0.0,proceed,0.0,-0.0,0.0
robot,1.0,robot_2,-5.56857286483803,-6.0911610909563345,0.10265950803252435,-0.053112026770587836,-0.1974369358851704,,,,,,,,,,0.0,proceed,0.0,-0.0,0.0
robot,1.0,robot_3,5.760614009662818,5.774708531421414,0.11145163578259179,-0.00044992775777386723,-0.0016167766041125747,,,,,,,,,,0.0,proceed,0.0,0.0,0.0
robot,1.0,robot_4,5.7466083482995565,-6.144644779271494,0.06896180209416088,0.05988135935852123,0.1974369508031135,,,,,,,,,,0.0,proceed,0.0,-0.0,0.0
pair,1.0,,,,,,,robot_1,robot_2,12.181971789827898,-0.0014360815235974211,0.03541398593569523,0.035443091428316996,343.50799931017934,0.41251250534705974,0,,,,,
pair,1.0,,,,,,,robot_1,robot_3,11.414688811197598,-1.019290491919902,-0.4357377912379503,1.1085217767961273,9.352715922627855,4.775577431788642,0,,,,,
pair,1.0,,,,,,,robot_1,robot_4,16.720517586112322,-1.199951872852458,-0.010372219772960442,1.199996700039271,9.40846913246638,12.33323273805809,0,,,,,
pair,1.0,,,,,,,robot_2,robot_3,16.405771458015295,-1.0178544103963043,-0.47115177717364554,1.1216111616318254,13.610437626592748,6.009178072608851,0,,,,,
pair,1.0,,,,,,,robot_2,robot_4,11.315307613629317,-1.1985157913288607,-0.04578620570865567,1.1993900444383554,9.42553404193917,0.48539694186996823,0,,,,,
pair,1.0,,,,,,,robot_3,robot_4,11.919361539263596,-0.18066138093255624,0.4253655714649899,0.4621411082647762,23.727338841607757,4.672435142569476,0,,,,,
robot,1.1,robot_1,-5.600853774478319,6.103628207312909,0.0900742132446011,0.03621059496972632,0.16114686466284447,,,,,,,,,,0.0,proceed,8.00441630417481e-05,-0.0,0.0
robot,1.1,robot_2,-5.515961417219935,-6.099414954276762,0.09704442296281589,-0.03168860470398949,-0.14880120969843025,,,,,,,,,,0.0,proceed,0.0,-0.0,0.0
robot,1.1,robot_3,5.7242813865727165,5.737915345630413,0.09964558841817232,0.00017616876435402884,0.0006282224576466644,,,,,,,,,,0.0,proceed,0.0,0.0,0.0
robot,1.1,robot_4,5.708157662984559,-6.16729640917858,0.07925404238918266,0.03989713746808538,0.14880122968470139,,,,,,,,,,0.0,proceed,0.0,-0.0,0.0
pair,1.1,,,,,,,robot_1,robot_2,12.203338441424187,-0.002186947516403026,0.053795756701631475,0.05384019110795047,226.5300323052771,0.41085601448823555,0,,,,,
pair,1.1,,,,,,,robot_1,robot_3,11.331038448142097,-1.0194470346369773,-0.42647084147495185,1.1050563945149947,9.326792768022296,4.708053670514483,0,,,,,
pair,1.1,,,,,,,robot_1,robot_4,16.687400355845813,-1.199870044120988,0.014774811392987829,1.1999610067958875,9.549679395121142,12.13074947229626,0,,,,,
pair,1.1,,,,,,,robot_2,robot_3,16.32376938446856,-1.0172600871205741,-0.4802665981765833,1.124932926966166,13.527993075018793,5.905534737985384,0,,,,,
pair,1.1,,,,,,,robot_2,robot_4,11.224324345747059,-1.197683096604585,-0.03902094530864365,1.1983185862136696,9.35974492126898,0.4333373560665163,0,,,,,
pair,1.1,,,,,,,robot_3,robot_4,11.905222673318823,-0.18042300948401085,0.44124565286793965,0.4767076551998318,23.10323206594129,4.520776271958511,0,,,,,
robot,1.2000000000000002,robot_1,-5.5428729902648755,6.1153874748798875,0.08488354802434687,0.022617219141960767,0.11347994523357184,,,,,,,,,,0.0,proceed,0.00020292650151532143,-0.0,0.0
robot,1.2000000000000002,robot_2,-5.454388869765274,-6.105505786291587,0.08965832304636451,-0.018383321595256873,-0.102433836557329,,,,,,,,,,0.0,proceed,0.0,-0.0,0.0
robot,1.2000000000000002,robot_3,5.682071575684032,5.694762281293121,0.08962950288650631,0.00037296138044002475,0.001320367204079748,,,,,,,,,,0.0,proceed,0.0,0.0,0.0
robot,1.2000000000000002,robot_4,5.657527880357664,-6.185772439465584,0.07611955677231827,0.023153227349958134,0.10243384539861994,,,,,,,,,,0.0,proceed,5.5455642723245546e-05,-0.0,0.0
pair,1.2000000000000002,,,,,,,robot_1,robot_2,12.221213587059468,-0.0028836801211410412,0.07063050248295313,0.07068934496821648,172.788842128971,0.41012502068328505,0,,,,,
pair,1.2000000000000002,,,,,,,robot_1,robot_3,11.23282271123807,-1.0196591751329622,-0.41784138548269045,1.1019511136411302,9.280983153617585,4.645524346738354,0,,,,,
pair,1.2000000000000002,,,,,,,robot_1,robot_4,16.63633117309649,-1.1993628060665533,0.03629659280548336,1.199911906443604,9.640189241267246,11.956725494629413,0,,,,,
pair,1.2000000000000002,,,,,,,robot_2,robot_3,16.225507009641216,-1.016775495011821,-0.48847188796564356,1.1280235780289585,13.428858731175845,5.814041190616786,0,,,,,
pair,1.2000000000000002,,,,,,,robot_2,robot_4,11.112206648423816,-1.1964791259454122,-0.034333909677469784,1.1969716438482736,9.277615071322105,0.3989676142528615,0,,,,,
pair,1.2000000000000002,,,,,,,robot_3,robot_4,11.880560072830464,-0.17970363093359104,0.4541379782881738,0.48840014157899886,22.600449605230505,4.394186791162176,0,,,,,
robot,1.3,robot_1,-5.49345512682891,6.123575599117314,0.08382552142136691,0.013092132863557544,0.08511420097850841,,,,,,,,,,0.0,proceed,0.0001283941528527066,-0.0,0.0
robot,1.3,robot_2,-5.4026059969560105,-6.108794884716192,0.08715561740503718,-0.009329179574202724,-0.07439619352623224,,,,,,,,,,0.0,proceed,0.0,-0.0,0.0
robot,1.3,robot_3,5.646536233204171,5.6583324866858895,0.08631170104423286,0.00034948175978164603,0.0012466474343523738,,,,,,,,,,0.0,proceed,0.0,0.0,0.0
robot,1.3,robot_4,5.613155570079664,-6.19845803162818,0.07828310752654694,0.009508362501574417,0.07439620599046719,,,,,,,,,,0.0,proceed,0.00013076480536255985,-0.0,0.0
pair,1.3,,,,,,,robot_1,robot_2,12.23270784487882,-0.0033728154159087254,0.08237680425463798,0.0824458231994607,148.28946277925027,0.4096467891530182,0,,,,,
pair,1.3,,,,,,,robot_1,robot_3,11.149702177873477,-1.019835445244561,-0.41171840431113,1.0998074285190453,9.23414931302034,4.601724585840456,0,,,,,
pair,1.3,,,,,,,robot_1,robot_4,16.588831000703664,-1.1987795638688357,0.05111843490957588,1.1998689666530926,9.685629702953243,11.837667229185753,0,,,,,
pair,1.3,,,,,,,robot_2,robot_3,16.141525039385506,-1.0164626298286523,-0.494095208565768,1.1301886360098607,13.344374663401538,5.752594559554147,0,,,,,
pair,1.3,,,,,,,robot_2,robot_4,11.01612646903141,-1.195406748452927,-0.0312583693450621,1.1958153619605794,9.206817393282464,0.3775822664172644,0,,,,,
pair,1.3,,,,,,,robot_3,robot_4,11.856837506850342,-0.17894411862427456,0.4628368392207059,0.49622468432156014,22.262060715886772,4.306824704913513,0,,,,,
robot,1.4000000000000001,robot_1,-5.434875963603826,6.130547382329323,0.07699896963712263,0.004296357802754388,0.0503079296969478,,,,,,,,,,0.0,proceed,0.0,-0.0,0.0
robot,1.4000000000000001,robot_2,-5.342113581344354,-6.110005578198288,0.07872845658393499,-0.0013968147268215813,-0.040561362717088975,,,,,,,,,,0.0,proceed,0.0,-0.0,0.0
robot,1.4000000000000001,robot_3,5.604793723023142,5.615552888364106,0.0779890128285606,0.00020420523256765855,0.0007318183180673576,,,,,,,,,,0.0,proceed,0.0,0.0,0.0
robot,1.4000000000000001,robot_4,5.557813813913499,-6.207426230685227,0.07484621858938414,-0.003977864395308232,0.040561375157067016,,,,,,,,,,0.0,proceed,0.0001846849190769717,-0.0,0.0
pair,1.4000000000000001,,,,,,,robot_1,robot_2,12.240904445303203,-0.0037996621633870076,0.09255872308313065,0.09263668091709427,132.0649303789669,0.40938425163252484,0,,,,,
pair,1.4000000000000001,,,,,,,robot_1,robot_3,11.051675262992704,-1.0200234945780307,-0.40633328821106857,1.097977536473127,9.16711893381022,4.563929225774907,0,,,,,
pair,1.4000000000000001,,,,,,,robot_1,robot_4,16.524673110841775,-1.1982127451627718,0.06260668085680555,1.1998472315917603,9.685813605963299,11.747580059202853,0,,,,,
pair,1.4000000000000001,,,,,,,robot_2,robot_3,16.041306084081416,-1.0162238324146435,-0.49889201129419924,1.1320795539628286,13.244570083943128,5.701425608272117,0,,,,,
pair,1.4000000000000001,,,,,,,robot_2,robot_4,10.900362746506358,-1.1944130829993849,-0.02995204222632509,1.1947885744656346,9.11798106438391,0.3706392887875037,0,,,,,
pair,1.4000000000000001,,,,,,,robot_3,robot_4,11.823072458601295,-0.17818925058474128,0.4689399690678741,0.5016533699810363,21.99786163774606,4.243484990657205,0,,,,,
robot,1.5,robot_1,-5.384524742143581,6.133795645077659,0.07734571949695272,-0.0007394643496670479,0.027348744991736486,,,,,,,,,,0.0,proceed,0.0,-0.0,0.0
robot,1.5,robot_2,-5.290931346923749,-6.10838509086375,0.0781177883002867,0.003167936718511668,-0.01760217891469935,,,,,,,,,,0.0,proceed,0.0,-0.0,0.0
robot,1.5,robot_3,5.569218821711541,5.579168105700622,0.0778275033409036,9.152885878906114e-05,0.00032872442553498845,,,,,,,,,,0.0,proceed,0.0,0.0,0.0
robot,1.5,robot_4,5.508045634247767,-6.209258439505761,0.0765531237253188,-0.010742983223614468,0.0176021900954099,,,,,,,,,,0.0,proceed,0.00019060361955780536,-0.0,0.0
pair,1.5,,,,,,,robot_1,robot_2,12.242538498819748,-0.004009460331920733,0.09732578872450656,0.09740834113668365,125.6120155865281,0.4103907998155199,0,,,,,
pair,1.5,,,,,,,robot_1,robot_3,10.96777597191577,-1.0202258242204385,-0.4037430789156144,1.097209736640417,9.096806338370497,4.5463901057725105,0,,,,,
pair,1.5,,,,,,,robot_1,robot_4,16.462049493899286,-1.198039280507888,0.066144591442623,1.1998638358651241,9.63145886795355,11.723812816906255,0,,,,,
pair,1.5,,,,,,,robot_2,robot_3,15.95436496410406,-1.0162163638885178,-0.5010688676401209,1.1330338513711553,13.15857812015621,5.679794700730816,0,,,,,
pair,1.5,,,,,,,robot_2,robot_4,10.79944810035858,-1.1940298201759671,-0.031181197281883552,1.194436887630897,9.03577529858364,0.3827500831281015,0,,,,,
pair,1.5,,,,,,,robot_3,robot_4,11.788585265865915,-0.17781345628744955,0.4698876703582374,0.5024062579144296,21.90211962784592,4.2294166548807555,0,,,,,
robot,1.6,robot_1,-5.333519158584663,6.1349707339984745,0.16802652244967173,-0.010863602621791618,0.01355948896487169,,,,,,,,,,0.0,proceed,0.0,-0.0,0.0
robot,1.6,robot_2,-5.239803924753216,-6.104655002460501,0.16791787456349208,0.014797684968720304,0.007666351127128876,,,,,,,,,,0.0,proceed,0.0,-0.0,0.0
robot,1.6,robot_3,5.533379098254797,5.542599936168885,0.1685886283930546,-5.021480770166231e-05,-0.00018435710586859946,,,,,,,,,,0.0,proceed,0.0,0.0,0.0
robot,1.6,robot_4,5.457004021520266,-6.208146924548337,0.1657859575293379,-0.03155527221259811,-0.007666369495220488,,,,,,,,,,0.0,proceed,9.92671848507598e-05,-0.0,0.0
pair,1.6,,,,,,,robot_1,robot_2,12.239984506266378,-0.00405163103262729,0.09692962374364895,0.09701426530727274,126.09342454747757,0.41753308112940024,0,,,,,
pair,1.6,,,,,,,robot_1,robot_3,10.883031787448832,-1.020694222205243,-0.4038624505028318,1.0976891974367418,9.006846731508073,4.548975813718589,0,,,,,
pair,1.6,,,,,,,robot_1,robot_4,16.39475355207,-1.1982716140548058,0.062482665575572235,1.199899556024144,9.516321167673334,11.764473782039856,0,,,,,
pair,1.6,,,,,,,robot_2,robot_3,15.865686876169423,-1.0166425911726158,-0.5007920742464808,1.1332938100132124,13.069074746296273,5.687819620625936,0,,,,,
pair,1.6,,,,,,,robot_2,robot_4,10.697308578207743,-1.1942199830221787,-0.03444695816807671,1.1947166864058298,8.947206408682291,0.4118672007304271,0,,,,,
pair,1.6,,,,,,,robot_3,robot_4,11.750995061568268,-0.17757739184956273,0.466345116078404,0.4990105183122629,21.952162768455434,4.252984748725905,0,,,,,
robot,1.7000000000000002,robot_1,-5.2747310528293,6.133798496728423,0.0878063525816595,-0.00794608360539365,-0.02520884636282836,,,,,,,,,,0.0,proceed,0.0,-0.0,0.0
robot,1.7000000000000002,robot_2,-5.1817575998465175,-6.097891613885166,0.0866957671368455,0.009511734924895144,0.034443484736858584,,,,,,,,,,0.0,proceed,0.0,-0.0,0.0
robot,1.7000000000000002,robot_3,5.492260849264425,5.500753715022564,0.08773000898628996,-0.00011211403320218055,-0.0004056326946351568,,,,,,,,,,0.0,proceed,0.0,0.0,0.0
robot,1.7000000000000002,robot_4,5.398145865337124,-6.204400810651937,0.08661747106349482,-0.018046744079450935,-0.03625494566945782,,,,,,,,,,0.0,proceed,5.961423084954731e-05,-0.0,0.0
pair,1.7000000000000002,,,,,,,robot_1,robot_2,12.232043452548794,-0.004042806200193705,0.09737611025519877,0.09745999759083186,125.43626977842963,0.4144978494579693,0,,,,,
pair,1.7000000000000002,,,,,,,robot_1,robot_3,10.78558576598401,-1.0207744008578041,-0.40337576405300185,1.0975847960280571,8.911249812628103,4.545743992516052,0,,,,,
pair,1.7000000000000002,,,,,,,robot_1,robot_4,16.313842706700676,-1.1982956229488662,0.062263567207560835,1.1999121433587634,9.416296810089754,11.76776059311077,0,,,,,
pair,1.7000000000000002,,,,,,,robot_2,robot_3,15.76271687615285,-1.0167315946576103,-0.5007518743082006,1.1333558907943184,12.970582000241901,5.68901125295859,0,,,,,
pair,1.7000000000000002,,,,,,,robot_2,robot_4,10.580439572229535,-1.1942528167486723,-0.035112543047637924,1.1947688818308795,8.848743568735356,0.4173913730873837,0,,,,,
pair,1.7000000000000002,,,,,,,robot_3,robot_4,11.70553288407315,-0.17752122209106197,0.46563933126056267,0.49833098550008725,21.880523516381146,4.2576862287837764,0,,,,,
robot,1.8,robot_1,-5.221810264394298,6.131004398097842,0.09398277896746852,-0.00925687120025669,-0.031654069463163265,,,,,,,,,,0.0,proceed,3.263329199398868e-05,-0.0,0.0
robot,1.8,robot_2,-5.1299539227206115,-6.090147312152156,0.09274076876621924,0.010461271718140108,0.03579570213821419,,,,,,,,,,0.0,proceed,0.0,-0.0,0.0
robot,1.8,robot_3,5.455282467429677,5.463227313468717,0.09388842852469323,-0.00022229428679132468,-0.0007593036873526936,,,,,,,,,,0.0,proceed,0.0,0.0,0.0
robot,1.8,robot_4,5.345110170720355,-6.199376554243547,0.09316200180017353,-0.0189696428206078,-0.06316886171256819,,,,,,,,,,0.0,proceed,0.0,-0.0,0.0
pair,1.8,,,,,,,robot_1,robot_2,12.221496909644584,-0.00389730658119003,0.09347761616000244,0.09355882492605674,130.55283866799553,0.41731031970636095,0,,,,,
pair,1.8,,,,,,,robot_1,robot_3,10.69795473157015,-1.0210592978590358,-0.40523228636245107,1.0985332474053422,8.809709654669037,4.559300059792028,0,,,,,
pair,1.8,,,,,,,robot_1,robot_4,16.238783880325123,-1.198598691135613,0.0565233393383415,1.1999307106170598,9.280551784682162,11.81893313979076,0,,,,,
pair,1.8,,,,,,,robot_2,robot_3,15.66932336367152,-1.0171619912778458,-0.4987099025224535,1.1328415967708227,12.879525441063295,5.713677314036632,0,,,,,
pair,1.8,,,,,,,robot_2,robot_4,10.475633574587462,-1.194701384554423,-0.03695427682166094,1.1952727792565458,8.756728736229837,0.4330348301883152,0,,,,,
pair,1.8,,,,,,,robot_3,robot_4,11.663124234532498,-0.17753939327657725,0.46175562570079254,0.494710515383841,21.92427082122631,4.288253890974194,0,,,,,
robot,1.9000000000000001,robot_1,-5.160623577709402,6.126724338435251,0.09871986015789237,-0.00897678362578916,-0.03231342210894869,,,,,,,,,,0.0,proceed,6.964449130464345e-05,-0.0,0.0
robot,1.9000000000000001,robot_2,-5.070129746400035,-6.0804103916597025,0.09749580888024353,0.009484557834587203,0.03417940324032234,,,,,,,,,,0.0,proceed,0.0,-0.0,0.0
robot,1.9000000000000001,robot_3,5.4124427047661126,5.4198274533285336,0.09852246116128013,-0.0002371379882016439,-0.0008532555095879822,,,,,,,,,,0.0,proceed,0.0,0.0,0.0
robot,1.9000000000000001,robot_4,5.283812005268125,-6.192006480152599,0.0981031616022187,-0.018301903909910006,-0.0660813563008023,,,,,,,,,,0.0,proceed,0.0,-0.0,0.0
pair,1.9000000000000001,,,,,,,robot_1,robot_2,12.207470149551686,-0.003689199739125626,0.08776997407517252,0.08784747317863856,138.87896237188062,0.4222308928376885,0,,,,,
pair,1.9000000000000001,,,,,,,robot_1,robot_3,10.596670883810358,-1.0213693796494496,-0.4080944095928779,1.0998802011248594,8.68827704054356,4.579418803974818,0,,,,,
pair,1.9000000000000001,,,,,,,robot_1,robot_4,16.15046016767922,-1.1989837745533225,0.04820186634602189,1.19995229553569,9.10940106661984,11.889236880185752,0,,,,,
pair,1.9000000000000001,,,,,,,robot_2,robot_3,15.560841740897152,-1.0176801799103241,-0.4958643836680504,1.1320576114194918,12.77391276926125,5.746730312769615,0,,,,,
pair,1.9000000000000001,,,,,,,robot_2,robot_4,10.354543132553172,-1.195294574814197,-0.039568107729150634,1.195949311521821,8.649681968070574,0.45409623682658173,0,,,,,
pair,1.9000000000000001,,,,,,,robot_3,robot_4,11.61254636828621,-0.17761439490387287,0.4562962759388998,0.4896459585381845,22.004255598173682,4.331951545774769,0,,,,,
robot,2.0,robot_1,-5.111998564863237,6.123241334485888,0.08352604997157877,-0.00589067025521902,-0.021051043632804155,,,,,,,,,,0.0,proceed,0.0001150980097008869,-0.0,0.0
robot,2.0,robot_2,-5.0225025944441075,-6.072771999300917,0.08272372699398252,0.006120461317008853,0.021896970254175422,,,,,,,,,,0.0,proceed,0.0,-0.0,0.0
robot,2.0,robot_3,5.378364311586767,5.385343422332176,0.08332610273012067,-0.00021111597874312604,-0.000754533114602144,,,,,,,,,,0.0,proceed,0.0,0.0,0.0
robot,2.0,robot_4,5.236138230671047,-6.186435118750356,0.08055158831859535,-0.009865235460047465,-0.045045005708648736,,,,,,,,,,0.0,proceed,0.0,-0.0,0.0
pair,2.0,,,,,,,robot_1,robot_2,12.19634169604258,-0.0035362885875926953,0.08356469185949328,0.08363948267742215,145.73131149215112,0.4262331429422049,0,,,,,
pair,2.0,,,,,,,robot_1,robot_3,10.516282927363699,-1.0215552719406311,-0.4102562067520241,1.1008566340846824,8.59302283396569,4.5941858611447435,0,,,,,
pair,2.0,,,,,,,robot_1,robot_4,16.08142000951562,-1.1992162767948553,0.04233420086000496,1.1999632757264576,8.980254088211323,11.936935532046707,0,,,,,
pair,2.0,,,,,,,robot_2,robot_3,15.474703273808979,-1.0180189833530384,-0.4938208986115174,1.131468837561442,12.690408561370218,5.769857157416606,0,,,,,
pair,2.0,,,,,,,robot_2,robot_4,10.25927048495371,-1.1956799882072624,-0.04123049099948832,1.1963906500752077,8.566290649476741,0.46713296822795075,0,,,,,
pair,2.0,,,,,,,robot_3,robot_4,11.572652542176785,-0.17766100485422415,0.45259040761202907,0.4862113837707168,22.047270107053567,4.36070407700247,0,,,,,
robot,2.1,robot_1,-5.057603625278694,6.119895486153103,0.06210343148970595,-0.002845782546968499,-0.010098665367631135,,,,,,,,,,0.0,proceed,0.00013080656935926527,-0.0,0.0
robot,2.1,robot_2,-4.969022135361152,-6.064830449350849,0.0616999475732804,0.0029417647731064906,0.010450767810623936,,,,,,,,,,0.0,proceed,0.0,-0.0,0.0
robot,2.1,robot_3,5.340194627619768,5.346757057786526,0.06196186919374273,-0.00015578048068982595,-0.0005530827611137907,,,,,,,,,,0.0,proceed,0.0,0.0,0.0
robot,2.1,robot_4,5.183578697588048,-6.182031648901741,0.05990292780762129,-0.0041137815069484844,-0.022567168298790838,,,,,,,,,,0.0,proceed,0.0,-0.0,0.0
pair,2.1,,,,,,,robot_1,robot_2,12.18504791963079,-0.0033985431808239985,0.07965270530288088,0.07972517518211868,152.74254475624457,0.4309123416555313,0,,,,,
pair,2.1,,,,,,,robot_1,robot_3,10.42650236356351,-1.0217266033114967,-0.41231190460072353,1.1017832629832078,8.488927553152694,4.608049760952478,0,,,,,
pair,2.1,,,,,,,robot_1,robot_4,16.006849365393457,-1.1993863449953914,0.03736023233973562,1.199968079376232,8.849593780943202,11.977110657283566,0,,,,,
pair,2.1,,,,,,,robot_2,robot_3,15.378695643622725,-1.0183280601306726,-0.49196460990360447,1.1309382014270737,12.597337487017628,5.790740782899718,0,,,,,
pair,2.1,,,,,,,robot_2,robot_4,10.15327729328698,-1.1959878018145673,-0.042292472963145256,1.1967353405655652,8.474820462414014,0.47591959721424143,0,,,,,
pair,2.1,,,,,,,robot_3,robot_4,11.529852453219107,-0.1776597416838947,0.44967213694045916,0.4834956199964869,22.05755444429288,4.381895834982156,0,,,,,
robot,2.2,robot_1,-5.007618019604783,6.117456681985763,0.08911102820958725,-0.0025072823593369374,-0.009034751995950982,,,,,,,,,,0.0,proceed,0.00012091379903722554,-0.0,0.0
robot,2.2,robot_2,-4.9196815721954525,-6.0581705150523915,0.08873728808341784,0.0026305243193903514,0.009486331911820115,,,,,,,,,,0.0,proceed,0.0,-0.0,0.0
robot,2.2,robot_3,5.305079814240606,5.311283623733688,0.0889562159016854,-0.0002089974473995504,-0.0007534712593367984,,,,,,,,,,0.0,proceed,0.0,0.0,0.0
robot,2.2,robot_4,5.136524789510885,-6.180241588682395,0.0821972976620691,0.0009505885883339518,-0.021232277624576634,,,,,,,,,,0.0,proceed,0.0,-0.0,0.0
pair,2.2,,,,,,,robot_1,robot_2,12.175944746098272,-0.00330074897960142,0.07637514468013404,0.07644643659934547,159.17117824833755,0.437855989658686,0,,,,,
pair,2.2,,,,,,,robot_1,robot_3,10.344160266162298,-1.021939301090643,-0.41411689658983714,1.1026571267419578,8.393369528266296,4.620223486136531,0,,,,,
pair,2.2,,,,,,,robot_1,robot_4,15.941675447961162,-1.1994895250479929,0.033788043021274264,1.1999653130616181,8.7389136740465,12.007188347351056,0,,,,,
pair,2.2,,,,,,,robot_2,robot_3,15.290854548504269,-1.0186385521110415,-0.49049204126997115,1.130578145196546,12.511247101381638,5.807825178818606,0,,,,,
pair,2.2,,,,,,,robot_2,robot_4,10.056947237419523,-1.1961887760683916,-0.04258710165885977,1.1969466359114338,8.392601308230388,0.4797914239092123,0,,,,,
pair,2.2,,,,,,,robot_3,robot_4,11.49276130892642,-0.17755022395735004,0.4479049396111114,0.48181211790005707,22.043248146577632,4.3913787649641725,0,,,,,
robot,2.3000000000000003,robot_1,-4.950748766719745,6.1153140620668704,0.07231200370065131,-0.0009779488216355066,-0.0035641675355620166,,,,,,,,,,0.0,proceed,0.00012153411807958037,-0.0,0.0
robot,2.3000000000000003,robot_2,-4.8633714398269134,-6.051190728281868,0.07215139447912483,0.001095802387582655,0.0039957319325364836,,,,,,,,,,0.0,proceed,0.0,-0.0,0.0
robot,2.3000000000000003,robot_3,5.265092642208567,5.270907951430623,0.07223951239748398,-0.00015479914155164948,-0.0005643908033480139,,,,,,,,,,0.0,proceed,0.0,0.0,0.0
robot,2.3000000000000003,robot_4,5.0837258826389915,-6.180443225500766,0.06724906391002372,0.002428072556130048,-0.009540131755495023,,,,,,,,,,0.0,proceed,0.0,-0.0,0.0
pair,2.3000000000000003,,,,,,,robot_1,robot_2,12.166818549268898,-0.0032311948322268913,0.07407470851162841,0.07414514860141912,163.98583485877847,0.4429136363494754,0,,,,,
pair,2.3000000000000003,,,,,,,robot_1,robot_3,10.250679849261426,-1.0220817079285736,-0.41539679199241875,1.103270371432036,8.290022467208802,4.628674820559281,0,,,,,
pair,2.3000000000000003,,,,,,,robot_1,robot_4,15.870612110545572,-1.1995037911232833,0.032748116135913635,1.199950742334693,8.638940647375403,12.017324404443697,0,,,,,
pair,2.3000000000000003,,,,,,,robot_2,robot_3,15.191303537689917,-1.0188505130963468,-0.4894715005040472,1.1303268190405695,12.414491855146174,5.8194952347505025,0,,,,,
pair,2.3000000000000003,,,,,,,robot_2,robot_4,9.947937039941783,-1.1962725962910563,-0.041326592375714774,1.1969862204195723,8.301436006511818,0.4726043183638108,0,,,,,
pair,2.3000000000000003,,,,,,,robot_3,robot_4,11.452787332299708,-0.17742208319470965,0.4481449081283324,0.4819880229699717,21.951841835121048,4.383928791404511,0,,,,,
robot,2.4000000000000004,robot_1,-4.901610999612546,6.113914544297048,0.06370602113740453,-0.0002516892232866687,-0.0008996522088047097,,,,,,,,,,0.0,proceed,0.00011899475066456944,-0.0,0.0
robot,2.4000000000000004,robot_2,-4.814609717193488,-6.045554774056172,0.06363904582155382,0.00040822068949322027,0.0014598162923043893,,,,,,,,,,0.0,proceed,0.0,-0.0,0.0
robot,2.4000000000000004,robot_3,5.23051321846683,5.236014979072923,0.06367785609871507,-0.0001345349571696408,-0.00048105309569575623,,,,,,,,,,0.0,proceed,0.0,0.0,0.0
robot,2.4000000000000004,robot_4,5.037880975018794,-6.181093675446685,0.05941804687102788,0.0028959750661281805,-0.004207062323814214,,,,,,,,,,0.0,proceed,0.0,-0.0,0.0
pair,2.4000000000000004,,,,,,,robot_1,robot_2,12.159780562457362,-0.0031927557896554992,0.07261063293692516,0.07268079323337948,167.19070912030608,0.44722954217305294,0,,,,,
pair,2.4000000000000004,,,,,,,robot_1,robot_3,10.170085978850489,-1.022199576608582,-0.41623944391427564,1.1036970821239087,8.202322557062407,4.63422291942461,0,,,,,
pair,2.4000000000000004,,,,,,,robot_1,robot_4,15.81014635723929,-1.1994988724516789,0.03238499297367658,1.1999359702845622,8.556873668114866,12.022273251117968,0,,,,,
pair,2.4000000000000004,,,,,,,robot_2,robot_3,15.105572180068062,-1.0190068208189267,-0.4888500768512008,1.13019878716663,12.331039791980997,5.82679567849759,0,,,,,
pair,2.4000000000000004,,,,,,,robot_2,robot_4,9.853422939969633,-1.1963061166620235,-0.04022563996324857,1.196982216607007,8.222654104276865,0.4665639575568286,0,,,,,
pair,2.4000000000000004,,,,,,,robot_3,robot_4,11.418733607993593,-0.17729929584309678,0.4486244368879522,0.48238877026677374,21.864477307085604,4.375443598296323,0,,,,,
robot,2.5,robot_1,-4.851505288017251,6.112798946390805,0.06753193473297385,0.0001540469661900569,0.0005572314584535974,,,,,,,,,,0.0,proceed,9.950513776857406e-05,-0.0,0.0
robot,2.5,robot_2,-4.764820983596605,-6.040063371759761,0.06751981302884444,4.457547472921496e-05,0.00016128758907793338,,,,,,,,,,0.0,proceed,0.0,-0.0,0.0
robot,2.5,robot_3,5.195232183277056,5.200431593538162,0.06753304544623898,-0.00013019530635790394,-0.0004710626187631447,,,,,,,,,,0.0,proceed,0.0,0.0,0.0
robot,2.5,robot_4,4.99124618306117,-6.182304694885617,0.06256266289997849,0.00422954668066886,-0.0021361310681960208,,,,,,,,,,0.0,proceed,0.0,-0.0,0.0
pair,2.5,,,,,,,robot_1,robot_2,12.153171466434463,-0.0031671192374193025,0.07141529438500807,0.07148548745277881,169.8914017247524,0.45182567916457794,0,,,,,
pair,2.5,,,,,,,robot_1,robot_3,10.08807950026468,-1.0223266138250928,-0.41695099180628303,1.1040832554220372,8.11372925832989,4.638902505157662,0,,,,,
pair,2.5,,,,,,,robot_1,robot_4,15.749581901471073,-1.1994808067751475,0.03238204817741257,1.1999178317143733,8.476391412476854,12.02500038029454,0,,,,,
pair,2.5,,,,,,,robot_2,robot_3,15.018368291922995,-1.0191594945876736,-0.48836628619129113,1.1301272958815198,12.245938065963072,5.832708418243075,0,,,,,
pair,2.5,,,,,,,robot_2,robot_4,9.757104035232096,-1.196313687537728,-0.039033246207595504,1.1969503052757118,8.142559992936018,0.4603166991097558,0,,,,,
pair,2.5,,,,,,,robot_3,robot_4,11.384563922262618,-0.17715419295005463,0.4493330399836956,0.48299460545721895,21.769633237262493,4.364763263420885,0,,,,,
robot,2.6,robot_1,-4.791266337839347,6.111747443752667,0.08516102708001887,0.0004356735960887447,0.0015907399914904035,,,,,,,,,,0.0,proceed,7.374967390205711e-05,-0.0,0.0
robot,2.6,robot_2,-4.704907503896141,-6.033686295032004,0.0851803644901441,-0.00015879217785484158,-0.0005798990272922036,,,,,,,,,,0.0,proceed,0.0,-0.0,0.0
robot,2.6,robot_3,5.152796505742541,5.157651354343128,0.08518200950363325,-0.000152121181501777,-0.000555523103251699,,,,,,,,,,0.0,proceed,0.0,0.0,0.0
robot,2.6,robot_4,4.93511184182298,-6.18402616057921,0.0794052059948517,0.005175950893702552,-0.0016063153237100623,,,,,,,,,,0.0,proceed,0.0,-0.0,0.0
pair,2.6,,,,,,,robot_1,robot_2,12.145740757624008,-0.003148335802991342,0.07026591261431592,0.07033640944668045,172.5582271913158,0.4573708248177507,0,,,,,
pair,2.6,,,,,,,robot_1,robot_3,9.989728984558713,-1.0224830255421693,-0.4176579543818779,1.1044952260559224,8.008092407513853,4.6435365954157515,0,,,,,
pair,2.6,,,,,,,robot_1,robot_4,15.677642712563518,-1.1994550025674886,0.03249874840714885,1.1998951920197884,8.380595953640924,12.027827212546667,0,,,,,
pair,2.6,,,,,,,robot_2,robot_3,14.913764337817861,-1.019334689739178,-0.48792386699619383,1.1300942039008013,12.143656432625981,5.838371356769255,0,,,,,
pair,2.6,,,,,,,robot_2,robot_4,9.641191578897894,-1.1963066667644973,-0.03776716420716705,1.1969026692415023,8.046164045433386,0.4544469579713938,0,,,,,
pair,2.6,,,,,,,robot_3,robot_4,11.343766370363976,-0.17697197702531925,0.45015670278902675,0.4836942605801089,21.657570038603694,4.352235440280834,0,,,,,
robot,2.7,robot_1,-4.740595503403839,6.1110187583961135,0.08622801196744528,0.0005636208760228538,0.0020527868603143827,,,,,,,,,,0.0,proceed,7.192279736045748e-05,-0.0,0.0
robot,2.7,robot_2,-4.654485755540589,-6.028428086422943,0.08626595833525537,-0.000260987540052101,-0.0009506847805286989,,,,,,,,,,0.0,proceed,0.0,-0.0,0.0
robot,2.7,robot_3,5.1170882099774495,5.121670904024374,0.08626034152784122,-0.00014608842444482212,-0.0005321417192012457,,,,,,,,,,0.0,proceed,0.0,0.0,0.0
robot,2.7,robot_4,4.888182231691264,-6.18583526913313,0.07929615556230189,0.006405000588856683,-0.001315064377802238,,,,,,,,,,0.0,proceed,0.0,-0.0,0.0
pair,2.7,,,,,,,robot_1,robot_2,12.139752245695314,-0.003139487571197641,0.06959139716694861,0.06966217726900077,174.1403125426603,0.46107006823801117,0,,,,,
pair,2.7,,,,,,,robot_1,robot_3,9.907206335290118,-1.0225879637655269,-0.41808234759000873,1.104752910385168,7.920431156766874,4.646304805622486,0,,,,,
pair,2.7,,,,,,,robot_1,robot_4,15.618129838307317,-1.1994088766316993,0.03326066626889546,1.199869961814015,8.30585770340789,12.025216708171062,0,,,,,
pair,2.7,,,,,,,robot_2,robot_3,14.825935561048558,-1.0194484761943292,-0.48767374475695735,1.130088880106434,12.05795642012597,5.841674467827629,0,,,,,
pair,2.7,,,,,,,robot_2,robot_4,9.543966121886037,-1.1962693890605016,-0.03633073089805315,1.1968209445070606,7.965679437173945,0.4470121445011865,0,,,,,
pair,2.7,,,,,,,robot_3,robot_4,11.309822889987721,-0.1768209128661724,0.4513430138589042,0.48474338715042364,21.54724435443381,4.337797551542648,0,,,,,
robot,2.8000000000000003,robot_1,-4.68141530611882,6.110295593505126,0.10158797809935527,0.000717445133659885,0.0025831844630014623,,,,,,,,,,0.0,proceed,0.0,-0.0,0.0
robot,2.8000000000000003,robot_2,-4.595584923130281,-6.0223571398717155,0.10164153563256592,-0.0003380134140223631,-0.001217142684078518,,,,,,,,,,0.0,proceed,0.0,-0.0,0.0
robot,2.8000000000000003,robot_3,5.075370223430435,5.079656949992393,0.1016322592880741,-0.00016560285915519918,-0.0005963113635921861,,,,,,,,,,0.0,proceed,0.0,0.0,0.0
robot,2.8000000000000003,robot_4,4.83135599988956,-6.185581371302878,0.10135870546314972,-0.0004416143351943691,-0.0015947272838058991,,,,,,,,,,0.0,proceed,0.0,-0.0,0.0
pair,2.8000000000000003,,,,,,,robot_1,robot_2,12.132956325783114,-0.0031316847638611645,0.06886144245288853,0.06893261714277704,175.8822648929719,0.46545802352177307,0,,,,,
pair,2.8000000000000003,,,,,,,robot_1,robot_3,9.811069252794187,-1.0227154740635063,-0.41854686432379234,1.1050467947214822,7.818215366106784,4.649325352285923,0,,,,,
pair,2.8000000000000003,,,,,,,robot_1,robot_4,15.546105887138182,-1.1994386141026612,0.03214309720225406,1.1998692294155502,8.199851512704958,12.036628108322367,0,,,,,
pair,2.8000000000000003,,,,,,,robot_2,robot_3,14.723521667669404,-1.019583789299645,-0.48740830677668084,1.1300964387686274,11.95783275403713,5.845279654983278,0,,,,,
pair,2.8000000000000003,,,,,,,robot_2,robot_4,9.42835390276757,-1.1963069293388,-0.036718345250634464,1.1968702962568556,7.86843502963175,0.4523530680468051,0,,,,,
pair,2.8000000000000003,,,,,,,robot_3,robot_4,11.267880784640463,-0.1767231400391549,0.4506899615260464,0.48409968978057394,21.48049053718096,4.339608338522974,0,,,,,
robot,2.9000000000000004,robot_1,-4.639746604042724,6.1098402230439275,0.07187996408515479,0.0004915673186120014,0.001763859430684748,,,,,,,,,,0.0,proceed,0.0,-0.0,0.0
robot,2.9000000000000004,robot_2,-4.554110072794621,-6.018105251743728,0.07191747232685951,-0.00022351039301544019,-0.0008020636389025913,,,,,,,,,,0.0,proceed,0.0,-0.0,0.0
robot,2.9000000000000004,robot_3,5.0459902061575335,5.050081084982557,0.0719110975193697,-0.00011118450278100461,-0.0003989839524534036,,,,,,,,,,0.0,proceed,0.0,0.0,0.0
robot,2.9000000000000004,robot_4,4.78983337800792,-6.183783064912985,0.0716780656567007,-0.0004053446645266661,-0.0014596390388352644,,,,,,,,,,0.0,proceed,0.0,-0.0,0.0
pair,2.9000000000000004,,,,,,,robot_1,robot_2,12.12824781470541,-0.003130159743934713,0.06864047555668064,0.06871180964484797,176.3780623985659,0.46693973914754583,0,,,,,
pair,2.9000000000000004,,,,,,,robot_1,robot_3,9.74354078285573,-1.0227585392110647,-0.4186912094012858,1.1051413295859775,7.7476203697786135,4.650274520897558,0,,,,,
pair,2.9000000000000004,,,,,,,robot_1,robot_4,15.493551955058166,-1.199473467544331,0.031159940810824793,1.199878136001384,8.122204848891533,12.044598002210044,0,,,,,
pair,2.9000000000000004,,,,,,,robot_2,robot_3,14.651507572616262,-1.01962837946713,-0.4873316849579664,1.1301036250622047,11.887875641330014,5.84636993185964,0,,,,,
pair,2.9000000000000004,,,,,,,robot_2,robot_4,9.345412155147159,-1.1963433078003962,-0.037480534745855845,1.196930282265274,7.79842677950934,0.45819171620358023,0,,,,,
pair,2.9000000000000004,,,,,,,robot_3,robot_4,11.23678424011585,-0.17671492833326624,0.4498511502121106,0.4833158628091885,21.440170497790156,4.345861792584014,0,,,,,
robot,3.0,robot_1,-4.579385303111915,6.109229992653086,0.09526390808980287,0.0006023802559761584,0.002148034580411671,,,,,,,,,,0.0,proceed,0.0,-0.0,0.0
robot,3.0,robot_2,-4.494030101862316,-6.011956993284727,0.09531105917815283,-0.00025348977825278077,-0.0009039558399260762,,,,,,,,,,0.0,proceed,0.0,-0.0,0.0
robot,3.0,robot_3,5.003422165433675,5.007246693488518,0.09530432663939553,-0.00014013149719434986,-0.0004997167849415569,,,,,,,,,,0.0,proceed,0.0,0.0,0.0
robot,3.0,robot_4,4.729543893447722,-6.1811597762900705,0.09538171806392597,-0.000367794381341087,-0.0013106870567895215,,,,,,,,,,0.0,proceed,0.0,-0.0,0.0
pair,3.0,,,,,,,robot_1,robot_2,12.121487510138703,-0.0031231549698205185,0.06797844280057536,0.06805014902670391,177.99126255152882,0.4710354373625181,0,,,,,
pair,3.0,,,,,,,robot_1,robot_3,9.645961132559615,-1.0228807625607126,-0.419111339397173,1.1054136643031318,7.643763634764156,4.652973775160006,0,,,,,
pair,3.0,,,,,,,robot_1,robot_4,15.417841725063306,-1.1995643975212311,0.02841361069869911,1.1999008613520583,7.998456534483168,12.066508304657754,0,,,,,
pair,3.0,,,,,,,robot_2,robot_3,14.547317603605238,-1.019757607590892,-0.48708978219774834,1.1301159383713468,11.785850442992835,5.849669585579856,0,,,,,
pair,3.0,,,,,,,robot_2,robot_4,9.225125843517601,-1.1964412425514106,-0.03956483210187625,1.1970952438370195,7.6960815920382455,0.4739558922873718,0,,,,,
pair,3.0,,,,,,,robot_3,robot_4,11.191758067473108,-0.17668363496051842,0.4475249500958721,0.48113998775946126,21.420274757944096,4.3633365297183975,0,,,,,
robot,3.1,robot_1,-4.52918179744916,6.108751183003103,0.08057334076996339,0.000452704723234112,0.001642721384329804,,,,,,,,,,0.0,proceed,0.0,-0.0,0.0
robot,3.1,robot_2,-4.444062830900554,-6.006847943369416,0.08060801549735035,-0.00018174379405097411,-0.0006595185618758911,,,,,,,,,,0.0,proceed,0.0,-0.0,0.0
robot,3.1,robot_3,4.968012899824062,4.971627880985521,0.08060356425311384,-0.00010763532574913082,-0.00039059184453461295,,,,,,,,,,0.0,proceed,0.0,0.0,0.0
robot,3.1,robot_4,4.679327377275088,-6.179040949809071,0.08065811897543201,-0.00014395628257432526,-0.0005220555739216092,,,,,,,,,,0.0,proceed,0.0,-0.0,0.0
pair,3.1,,,,,,,robot_1,robot_2,12.11589812723039,-0.0031197215786553656,0.0676384452309272,0.06771035324073761,178.80063630698658,0.473191763775864,0,,,,,
pair,3.1,,,,,,,robot_1,robot_3,9.565027784690747,-1.0229454634150705,-0.4193280017490512,1.1055556947401273,7.558403709751109,4.654360537649129,0,,,,,
pair,3.1,,,,,,,robot_1,robot_4,15.355340332281191,-1.1996132050585198,0.026842735388027006,1.1999134861288483,7.901477575192319,12.07871758754782,0,,,,,
pair,3.1,,,,,,,robot_2,robot_3,14.460778021491137,-1.0198257418364152,-0.48696644697997843,1.130124269360011,11.701417472419278,5.851362857868082,0,,,,,
pair,3.1,,,,,,,robot_2,robot_4,9.12501503133567,-1.1964934834798644,-0.040795709842900194,1.1971887678855688,7.611351042679312,0.48298397490262146,0,,,,,
pair,3.1,,,,,,,robot_3,robot_4,11.154405170379253,-0.17666774164344923,0.4461707371370782,0.4798747936856449,21.383118865975025,4.373571065126238,0,,,,,
robot,3.2,robot_1,-4.468670259129321,6.108206164934062,0.08961129236487379,0.0004580252951462755,0.0016384636820484955,,,,,,,,,,0.0,proceed,0.0,-0.0,0.0
robot,3.2,robot_2,-4.383839084455565,-6.0006925009470065,0.08964585146607466,-0.00016704596309674406,-0.0005975790305774339,,,,,,,,,,0.0,proceed,0.0,-0.0,0.0
robot,3.2,robot_3,4.925326725894121,4.9287051707766825,0.089642615321958,-0.00011518041633191978,-0.00041203996383467695,,,,,,,,,,0.0,proceed,0.0,0.0,0.0
robot,3.2,robot_4,4.618804497562513,-6.17670462352488,0.08968532365047112,0.0002509509079883462,0.0008970953763668621,,,,,,,,,,0.0,proceed,0.0,-0.0,0.0
pair,3.2,,,,,,,robot_1,robot_2,12.109195812636479,-0.0031133402843854796,0.06711396740881095,0.06718614075147729,180.0940162190108,0.4763745166151664,0,,,,,
pair,3.2,,,,,,,robot_1,robot_3,9.467755908864982,-1.023041018146423,-0.41965857541768536,1.105769526045853,7.455026480691418,4.65643985378463,0,,,,,
pair,3.2,,,,,,,robot_1,robot_4,15.280747054182468,-1.199675631392613,0.02465311883622829,1.199928913238454,7.782090994087481,12.09561112456018,0,,,,,
pair,3.2,,,,,,,robot_2,robot_3,14.356611771280253,-1.0199276778620374,-0.4867725428264963,1.1301327251782514,11.59944161946298,5.853957439920188,0,,,,,
pair,3.2,,,,,,,robot_2,robot_4,9.004364038184242,-1.1965622911082274,-0.04246084857258266,1.1973154305209943,7.509081145339932,0.49516555072344337,0,,,,,
pair,3.2,,,,,,,robot_3,robot_4,11.109639173970972,-0.17663461324619006,0.44431169425391365,0.4781345712740446,21.34667795642866,4.387449267605986,0,,,,,
robot,3.3000000000000003,robot_1,-4.4188763914510725,6.107778496834805,0.10011799780347638,0.0004529714550412134,0.001635899445699647,,,,,,,,,,0.0,proceed,3.594392183003947e-06,-0.0,0.0
robot,3.3000000000000003,robot_2,-4.334284609227403,-5.995627788627146,0.10015120533400985,-0.00015421291630894098,-0.0005569545468319997,,,,,,,,,,0.0,proceed,0.0,-0.0,0.0
robot,3.3000000000000003,robot_3,4.890193093884196,4.893388446517027,0.10014892767262637,-0.00011834794407100668,-0.00042742568265115294,,,,,,,,,,0.0,proceed,0.0,0.0,0.0
robot,3.3000000000000003,robot_4,4.569002025553291,-6.174977096185724,0.10017201500468871,0.0005374012591830703,0.0019396689914448592,,,,,,,,,,0.0,proceed,0.0,-0.0,0.0
pair,3.3000000000000003,,,,,,,robot_1,robot_2,12.103701891594143,-0.0031076115529772297,0.0666879394817165,0.06676030648432704,181.15890545118583,0.4788988432370651,0,,,,,
pair,3.3000000000000003,,,,,,,robot_1,robot_3,9.387945349069254,-1.0231166977067907,-0.4199257020318228,1.1059409443335424,7.37001981995611,4.658097074076558,0,,,,,
pair,3.3000000000000003,,,,,,,robot_1,robot_4,15.219988285039182,-1.1997193765072605,0.022976309993447804,1.199939370629985,7.684904511532927,12.108404771758616,0,,,,,
pair,3.3000000000000003,,,,,,,robot_2,robot_3,14.271007794281259,-1.0200090861538136,-0.48661364151353925,1.1301377667981038,11.515552740891481,5.856046056846958,0,,,,,
pair,3.3000000000000003,,,,,,,robot_2,robot_4,8.905092872911899,-1.1966117649542833,-0.0437116294882687,1.1974098807758038,7.425030684962158,0.5042455952319288,0,,,,,
pair,3.3000000000000003,,,,,,,robot_3,robot_4,11.073024857249491,-0.1766026788004697,0.4429020120252706,0.4768130644346218,21.312792084605764,4.397864344759263,0,,,,,
robot,3.4000000000000004,robot_1,-4.364973945458635,6.107333159345248,0.0883778269022395,0.0003608964744817902,0.0012957523977276432,,,,,,,,,,0.0,proceed,5.05281423102133e-06,-0.0,0.0
robot,3.4000000000000004,robot_2,-4.2806437514439075,-5.99014491857095,0.08840384114313114,-0.00011332246747536474,-0.0004068794777675185,,,,,,,,,,0.0,proceed,0.0,-0.0,0.0
robot,3.4000000000000004,robot_3,4.852160243580411,4.855167800331304,0.08840284316095628,-9.848308172698966e-05,-0.00035359988233596196,,,,,,,,,,0.0,proceed,0.0,0.0,0.0
robot,3.4000000000000004,robot_4,4.515104205051755,-6.173314785952409,0.08839946995918962,0.0007094749476495923,0.0025460290810867757,,,,,,,,,,0.0,proceed,0.0,-0.0,0.0
pair,3.4000000000000004,,,,,,,robot_1,robot_2,12.097772002616248,-0.0031027049656530137,0.06634313227232487,0.06641564557999177,182.00846241536973,0.48091343250876123,0,,,,,
pair,3.4000000000000004,,,,,,,robot_1,robot_3,9.301799865889773,-1.0231771241912295,-0.42014130409416206,1.1060787236332583,7.278568448867098,4.6594203641424725,0,,,,,
pair,3.4000000000000004,,,,,,,robot_1,robot_4,15.154870567428663,-1.1997512856084178,0.02166266006713222,1.1999468397225919,7.583947398043673,12.118334383457261,0,,,,,
pair,3.4000000000000004,,,,,,,robot_2,robot_3,14.178466658363137,-1.0200744192255766,-0.4864844363664869,1.1301411095899556,11.424991644923239,5.857727865054744,0,,,,,
pair,3.4000000000000004,,,,,,,robot_2,robot_4,8.797654989513637,-1.1966485806427647,-0.04468047220519265,1.1974824299967086,7.334377950710916,0.5112293246042149,0,,,,,
pair,3.4000000000000004,,,,,,,robot_3,robot_4,11.033631991736526,-0.1765741614171883,0.44180396416129425,0.4757826995896524,21.261339537781616,4.405914212836089,0,,,,,
robot,3.5,robot_1,-4.30405184620682,6.106859527642125,0.09233022807211069,0.0003512726064554822,0.0012538283867563188,,,,,,,,,,0.0,proceed,0.0,-0.0,0.0
robot,3.5,robot_2,-4.220018794905528,-5.983952368351762,0.09235520903675738,-0.00010469708503469018,-0.00037371229544850524,,,,,,,,,,0.0,proceed,0.0,-0.0,0.0
robot,3.5,robot_3,4.809168013822142,4.81197810263184,0.09235474160151244,-9.846042882077216e-05,-0.0003514512054980731,,,,,,,,,,0.0,proceed,0.0,0.0,0.0
robot,3.5,robot_4,4.454193944185133,-6.171654237179091,0.09233593371888268,0.0008701921439131731,0.0031047723718381046,,,,,,,,,,0.0,proceed,0.0,-0.0,0.0
pair,3.5,,,,,,,robot_1,robot_2,12.091103913953361,-0.0030959290502430292,0.06590139369934449,0.0659740742125279,183.12398526313362,0.4834383956571133,0,,,,,
pair,3.5,,,,,,,robot_1,robot_3,9.204753887098937,-1.0232525444167693,-0.4204163663019295,1.106252995797033,7.17500162221994,4.661083415198983,0,,,,,
pair,3.5,,,,,,,robot_1,robot_4,15.082067815714876,-1.1997862521946383,0.020103672000807364,1.1999546693867948,7.46922131472821,12.130057478905306,0,,,,,
pair,3.5,,,,,,,robot_2,robot_3,14.074030309801595,-1.0201566153665262,-0.486317760001274,1.130143567680117,11.322549453228985,5.859862565206368,0,,,,,
pair,3.5,,,,,,,robot_2,robot_4,8.676243348048967,-1.1966903231443953,-0.04579772169853713,1.19756634923507,7.231907740586219,0.5192866277829036,0,,,,,
pair,3.5,,,,,,,robot_3,robot_4,10.989366950204875,-0.17653370777786898,0.4405200383027369,0.47457565690630066,21.205051471750767,4.41521705143509,0,,,,,
robot,3.6,robot_1,-4.253380824316057,6.106830395646972,0.09267426725722953,0.0011527751568819573,0.0011594524662832944,,,,,,,,,,0.0,proceed,0.0,-0.0,0.0
robot,3.6,robot_2,-4.169269599900966,-5.97877208280939,0.09352719290335736,-9.275187045036833e-05,-0.000333595008232622,,,,,,,,,,0.0,proceed,0.0,-0.0,0.0
robot,3.6,robot_3,4.773174493852264,4.775828792694616,0.09352710466502817,-9.200803520319212e-05,-0.00033091986958375683,,,,,,,,,,0.0,proceed,0.0,0.0,0.0
robot,3.6,robot_4,4.403208096866086,-6.1703944067648555,0.0934998650211263,0.0009129056184968096,0.003282182771065914,,,,,,,,,,0.0,proceed,0.0,-0.0,0.0
pair,3.6,,,,,,,robot_1,robot_2,12.085895166074508,-0.0030884831328800155,0.0658052305555737,0.06587766766161576,183.31336326659306,0.4825796361485665,0,,,,,
pair,3.6,,,,,,,robot_1,robot_3,9.124158381955814,-1.0233084864176702,-0.4203824850504491,1.1062918656989278,7.090081463489692,4.661184947406064,0,,,,,
pair,3.6,,,,,,,robot_1,robot_4,15.022209577798119,-1.199763193506797,0.020969056159403785,1.1999464245581317,7.391839593523125,12.124076241539342,0,,,,,
pair,3.6,,,,,,,robot_2,robot_3,13.986734656855889,-1.0202200032847903,-0.4861877156060228,1.1301448358102693,11.236852370602323,5.861507538462938,0,,,,,
pair,3.6,,,,,,,robot_2,robot_4,8.574619115541323,-1.1966747103739168,-0.04483617439616992,1.1975143610758834,7.14754891284978,0.5124503838841411,0,,,,,
pair,3.6,,,,,,,robot_3,robot_4,10.952473577566105,-0.17645470708912664,0.4413515412098529,0.4753182582041447,21.09460465911577,4.407147867227169,0,,,,,
robot,3.7,robot_1,-4.211783055440022,6.107775597937478,0.08311747462658282,0.004035011359560681,0.0009927337238265193,,,,,,,,,,0.0,proceed,0.0,-0.0,0.0
robot,3.7,robot_2,-4.126647400599665,-5.9744243350676625,0.08689440006950427,-7.797994841031788e-05,-0.0002792380136153696,,,,,,,,,,0.0,proceed,0.0,-0.0,0.0
robot,3.7,robot_3,4.742941990328617,4.745471715203825,0.08689450424212682,-8.010741861776138e-05,-0.0002868563090042593,,,,,,,,,,0.0,proceed,0.0,0.0,0.0
robot,3.7,robot_4,4.360388092250878,-6.169411785565404,0.08686391466408548,0.0008542588776235518,0.0030580783281551407,,,,,,,,,,0.0,proceed,0.0,-0.0,0.0
pair,3.7,,,,,,,robot_1,robot_2,12.082499877957149,-0.003076901311422242,0.06645095889773042,0.06652215615949389,181.49150827475103,0.4738029062472454,0,,,,,
pair,3.7,,,,,,,robot_1,robot_3,9.057757587517308,-1.0233426022297791,-0.41964240661284835,1.1060424182490647,7.023511511947917,4.657946100568956,0,,,,,
pair,3.7,,,,,,,robot_1,robot_4,14.973691870575763,-1.1997341985983514,0.02250053219983766,1.1999451742624345,7.334399432904885,12.114289440425948,0,,,,,
pair,3.7,,,,,,,robot_2,robot_3,13.91351096209342,-1.0202657009183569,-0.48609336551057875,1.1301455041116728,11.164959254533978,5.862690844376625,0,,,,,
pair,3.7,,,,,,,robot_2,robot_4,8.48927509053373,-1.196657297286929,-0.04395042669789276,1.1974641235364776,7.076755229017491,0.5063550338675074,0,,,,,
pair,3.7,,,,,,,robot_3,robot_4,10.921585476490984,-0.1763915963685722,0.442142938812686,0.47602980328060546,20.99897411163848,4.39980273334568,0,,,,,
robot,3.8000000000000003,robot_1,-4.157785314742993,6.1116488021354956,0.06496145368894712,0.00669781615975018,0.0006627467337214514,,,,,,,,,,0.0,proceed,0.0,-0.0,0.0
robot,3.8000000000000003,robot_2,-4.068719945414964,-5.968520186667184,0.07152452027424293,-5.987775719476507e-05,-0.0002138627253320227,,,,,,,,,,0.0,proceed,0.0,-0.0,0.0
robot,3.8000000000000003,robot_3,4.701849180121633,4.704218327492733,0.07152466308548494,-6.235550194069045e-05,-0.00022271237537285456,,,,,,,,,,0.0,proceed,0.0,0.0,0.0
robot,3.8000000000000003,robot_4,4.302188745043061,-6.168042691289202,0.0715115305920211,0.0004749417875424501,0.0016958776929998124,,,,,,,,,,0.0,proceed,0.0,-0.0,0.0
pair,3.8000000000000003,,,,,,,robot_1,robot_2,12.080497317496638,-0.003037229968325117,0.06922904836429765,0.06929564130092711,174.2167831616907,0.44049437946424874,0,,,,,
pair,3.8000000000000003,,,,,,,robot_1,robot_3,8.97072928604739,-1.0233581849115112,-0.41674962215729977,1.104962543344178,6.945482925382154,4.645003448327269,0,,,,,
pair,3.8000000000000003,,,,,,,robot_1,robot_4,14.911806874619177,-1.199670291017903,0.02640692946859366,1.1999608881438342,7.273702256621554,12.090543344013506,0,,,,,
pair,3.8000000000000003,,,,,,,robot_2,robot_3,13.814131539023661,-1.0203209549431862,-0.48597867052159743,1.130146061046144,11.067323363206311,5.8641174426125176,0,,,,,
pair,3.8000000000000003,,,,,,,robot_2,robot_4,8.373286184876063,-1.1966330610495777,-0.04282211889570399,1.197399021489328,6.980478799232355,0.4987604482248376,0,,,,,
pair,3.8000000000000003,,,,,,,robot_3,robot_4,10.879604226436381,-0.17631210610639153,0.4431565516258934,0.47694201744931697,20.8711995219593,4.3905198157826675,0,,,,,
robot,3.9000000000000004,robot_1,-4.110811002667562,6.116196484917484,0.08122083035440152,0.008725969581643692,0.00030559858927372007,,,,,,,,,,0.0,proceed,0.0,-0.0,0.0
robot,3.9000000000000004,robot_2,-4.017042164889102,-5.963258479064598,0.09008211969231929,-7.060160221011857e-05,-0.00025394476867385594,,,,,,,,,,0.0,proceed,0.0,-0.0,0.0
robot,3.9000000000000004,robot_3,4.665185915226816,4.667420293557711,0.09008231755114973,-7.383182118646942e-05,-0.00026556341702529013,,,,,,,,,,0.0,proceed,0.0,0.0,0.0
robot,3.9000000000000004,robot_4,4.250263821399316,-6.1667183293102035,0.0900794232054969,0.0003401355719086759,0.0012231283937902393,,,,,,,,,,0.0,proceed,0.0,-0.0,0.0
pair,3.9000000000000004,,,,,,,robot_1,robot_2,12.079818906830091,-0.0029771540261935847,0.07228829913620856,0.07234957939132508,166.87149099604446,0.4033749529822238,0,,,,,
pair,3.9000000000000004,,,,,,,robot_1,robot_3,8.89477792615097,-1.0233641046948523,-0.4135530368443709,1.103766372499678,6.879990990907495,4.631383827294179,0,,,,,
pair,3.9000000000000004,,,,,,,robot_1,robot_4,14.858585684620827,-1.1995824764340115,0.030700553697931704,1.1999752671471673,7.227305645161838,12.064981787907964,0,,,,,
pair,3.9000000000000004,,,,,,,robot_2,robot_3,13.725611665854311,-1.0203869506686587,-0.4858413359805795,1.1301465979430625,10.980043358114429,5.865805921699093,0,,,,,
pair,3.9000000000000004,,,,,,,robot_2,robot_4,8.26980919862014,-1.196605322407818,-0.041587745438276855,1.1973277906176556,6.89472892909423,0.49049204496902093,0,,,,,
pair,3.9000000000000004,,,,,,,robot_3,robot_4,10.842080983070753,-0.17621837173915922,0.4442535905423026,0.47792694760614657,20.7517254510756,4.380386809704541,0,,,,,
robot,4.0,robot_1,-4.060138806030223,6.122497591540351,0.056945222386772416,0.008652625840809407,-0.0010309285780754343,,,,,,,,,,0.0,proceed,0.0,-0.0,0.0
robot,4.0,robot_2,-3.9597205979814722,-5.957427631045755,0.06613256782606251,-4.7649919815107196e-05,-0.00017248554279286306,,,,,,,,,,0.0,proceed,0.0,-0.0,0.0
robot,4.0,robot_3,4.62451494298953,4.6266079568771366,0.06613270152628735,-4.9783148226775764e-05,-0.00018020748470564014,,,,,,,,,,0.0,proceed,0.0,0.0,0.0
robot,4.0,robot_4,4.1926637805710465,-6.165115314100192,0.06614242488945729,3.0467394931751532e-05,0.00011026350231522052,,,,,,,,,,0.0,proceed,0.0,-0.0,0.0
pair,4.0,,,,,,,robot_1,robot_2,12.08034259447056,-0.00286256396025375,0.07696054884847449,0.07701376728536899,156.7941760765714,0.3486560796257043,0,,,,,
pair,4.0,,,,,,,robot_1,robot_3,8.812542002138525,-1.0232932557555185,-0.4087896053057025,1.10192469283555,6.815338740131749,4.61095933852732,0,,,,,
pair,4.0,,,,,,,robot_1,robot_4,14.801830341288088,-1.1994461873358309,0.03625400744703249,1.19999396222249,7.183591598532191,12.032671612741348,0,,,,,
pair,4.0,,,,,,,robot_2,robot_3,13.627578990755767,-1.0204306917952648,-0.485750154154177,1.1301468970972621,10.883546788570403,5.86691963379058,0,,,,,
pair,4.0,,,,,,,robot_2,robot_4,8.155029443807035,-1.1965836233755769,-0.04070654140144199,1.1972758204538718,6.799276955550777,0.48474298288740386,0,,,,,
pair,4.0,,,,,,,robot_3,robot_4,10.800360483976256,-0.1761529315803122,0.445043612752735,0.4786373079444858,20.63224012838948,4.373220093246677,0,,,,,
robot,4.1000000000000005,robot_1,-4.010340825846522,6.129908329147382,0.058445863173159474,0.009582028846667581,-0.002400853246493788,,,,,,,,,,0.0,proceed,0.0,-0.0,0.0
robot,4.1000000000000005,robot_2,-3.901652900312976,-5.951527815939828,0.06902842882305114,-4.869958158499905e-05,-0.00017416726570728178,,,,,,,,,,0.0,proceed,0.0,-0.0,0.0
robot,4.1000000000000005,robot_3,4.583310080495848,4.585269868180586,0.06902855326345175,-5.065575580148057e-05,-0.00018116322011059896,,,,,,,,,,0.0,proceed,0.0,0.0,0.0
robot,4.1000000000000005,robot_4,4.134311360772418,-6.163318745743159,0.06904724394807832,-0.00015715700196320412,-0.0005619473258065365,,,,,,,,,,0.0,proceed,0.0,-0.0,0.0
pair,4.1000000000000005,,,,,,,robot_1,robot_2,12.081925028445445,-0.002688302678399146,0.08220782186109866,0.08225176561288408,146.84832326540132,0.2862377403281442,0,,,,,
pair,4.1000000000000005,,,,,,,robot_1,robot_3,8.731365521794224,-1.023175108087582,-0.40342537726784566,1.0998360499791497,6.753800982109381,4.589168070414638,0,,,,,
pair,4.1000000000000005,,,,,,,robot_1,robot_4,14.746484026906838,-1.1992469662170193,0.04250152446400593,1.1999998606510291,7.1457866019303475,11.997047343496002,0,,,,,
pair,4.1000000000000005,,,,,,,robot_2,robot_3,13.528440494816152,-1.0204868054091827,-0.4856331991289443,1.130147301952472,10.785668983446376,5.868335286552739,0,,,,,
pair,4.1000000000000005,,,,,,,robot_2,robot_4,8.038754692325712,-1.19655866353862,-0.039706297397092735,1.1972172840977175,6.7026423887709825,0.47819110728058356,0,,,,,
pair,4.1000000000000005,,,,,,,robot_3,robot_4,10.757962494900438,-0.17607185812943732,0.44592690173185157,0.47942893207786397,20.50896537811296,4.365077777889346,0,,,,,
robot,4.2,robot_1,-3.967446166622946,6.137140003721133,0.06930894828610809,0.01335204470719551,-0.005220662032667424,,,,,,,,,,0.0,proceed,0.0,-0.0,0.0
robot,4.2,robot_2,-3.85044228421433,-5.946329224556665,0.08446863764208298,-5.3916002281184996e-05,-0.00019657663367579075,,,,,,,,,,0.0,proceed,0.0,-0.0,0.0
robot,4.2,robot_3,4.546968134788554,4.548816829569097,0.08446876199370582,-5.584511533571895e-05,-0.0002036101147310657,,,,,,,,,,0.0,proceed,0.0,0.0,0.0
robot,4.2,robot_4,4.082849334475139,-6.161601603309504,0.08449785301042885,-0.00033478121355040276,-0.0012204178765395594,,,,,,,,,,0.0,proceed,0.0,-0.0,0.0
pair,4.2,,,,,,,robot_1,robot_2,12.084035687601853,-0.002481292520568057,0.08714386056723515,0.08717917897717521,138.58703677835675,0.22696304365723324,0,,,,,
pair,4.2,,,,,,,robot_1,robot_3,8.661294441457875,-1.023021094870774,-0.39837890823326894,1.097851499555258,6.701915705694778,4.569699261060372,0,,,,,
pair,4.2,,,,,,,robot_1,robot_4,14.699193949720733,-1.199017709034082,0.04830873738188971,1.199990500247719,7.115795682267106,11.964685863338904,0,,,,,
pair,4.2,,,,,,,robot_2,robot_3,13.441152943204305,-1.020539802350206,-0.48552276880050405,1.130147710347946,10.699312401041768,5.869657799229839,0,,,,,
pair,4.2,,,,,,,robot_2,robot_4,7.936211823295952,-1.196536416513514,-0.03883512318534543,1.1971664724823454,6.6174031181292,0.47250872032141483,0,,,,,
pair,4.2,,,,,,,robot_3,robot_4,10.720469638413705,-0.17599661416330786,0.4466876456151586,0.4801090094365672,20.401011574733403,4.357996774757644,0,,,,,
robot,4.3,robot_1,-3.919229691185128,6.146563470957954,0.06699072872878198,0.015228772135755192,-0.007416319341127985,,,,,,,,,,0.0,proceed,0.0,-0.0,0.0
robot,4.3,robot_2,-3.790958456148358,-5.940295898832345,0.08462930221980162,-5.1085902251524554e-05,-0.0001859041622572112,,,,,,,,,,0.0,proceed,0.0,-0.0,0.0
robot,4.3,robot_3,4.5047518212111495,4.506478676717262,0.08462940524799878,-5.2667357399484305e-05,-0.00019165913431455815,,,,,,,,,,0.0,proceed,0.0,0.0,0.0
robot,4.3,robot_4,4.02307569131056,-6.159475296701691,0.08466115001061521,-0.00044224270029722193,-0.0016091635491822381,,,,,,,,,,0.0,proceed,0.0,-0.0,0.0
pair,4.3,,,,,,,robot_1,robot_2,12.08753998689665,-0.002137917924711741,0.09384047429820619,0.09386482466592637,128.76650463252335,0.1470591333292972,0,,,,,
pair,4.3,,,,,,,robot_1,robot_3,8.582152565265536,-1.0227270880551278,-0.39157941982335914,1.095127909730603,6.648191834356163,4.543776936730792,0,,,,,
pair,4.3,,,,,,,robot_1,robot_4,14.646460491871819,-1.1986537515711646,0.05578684560389291,1.1999512441337188,7.088485182843528,11.923487259728008,0,,,,,
pair,4.3,,,,,,,robot_2,robot_3,13.339936582991609,-1.0205891701304162,-0.48541989412156533,1.1301480999393323,10.599135758971437,5.870878507389291,0,,,,,
pair,4.3,,,,,,,robot_2,robot_4,7.817107474386187,-1.1965158336464528,-0.03805362869431328,1.1971208037718961,6.518237820666328,0.46745823165769956,0,,,,,
pair,4.3,,,,,,,robot_3,robot_4,10.676824717920942,-0.17592666351603664,0.44736626542725205,0.48071484934232195,20.28176859858723,4.351667833852616,0,,,,,
robot,4.4,robot_1,-3.8792251643962623,6.15577763006052,0.0654701184878371,0.017698884969157357,-0.009228756273210396,,,,,,,,,,0.0,proceed,0.0,-0.0,0.0
robot,4.4,robot_2,-3.73960608017052,-5.935092432624589,0.08634170099966738,-5.077959126234717e-05,-0.00018293559773368846,,,,,,,,,,0.0,proceed,0.0,-0.0,0.0
robot,4.4,robot_3,4.468303246426737,4.469932131675217,0.08634179204495296,-5.217445372376894e-05,-0.00018796062653425325,,,,,,,,,,0.0,proceed,0.0,0.0,0.0
robot,4.4,robot_4,3.9714766145916665,-6.157535306737795,0.08637392249074864,-0.0005117873036904448,-0.0018436023389689375,,,,,,,,,,0.0,proceed,0.0,-0.0,0.0
pair,4.4,,,,,,,robot_1,robot_2,12.0916761601283,-0.0017306581599406679,0.10037673901893814,0.10039165759037245,120.4430777136189,0.06883694045152008,0,,,,,
pair,4.4,,,,,,,robot_1,robot_3,8.516061625770632,-1.0223601809705785,-0.3849590895137687,1.0924348219612297,6.607262998629377,4.519261146102119,0,,,,,
pair,4.4,,,,,,,robot_1,robot_4,14.603122744883335,-1.198230253847089,0.06292960108340775,1.1998816091294076,7.072103896948909,11.884624654867945,0,,,,,
pair,4.4,,,,,,,robot_2,robot_3,13.25270959831704,-1.0206295228106377,-0.4853358285327069,1.1301484368392494,10.512678288134214,5.871868301573175,0,,,,,
pair,4.4,,,,,,,robot_2,robot_4,7.714290450696332,-1.1964995956871483,-0.037447137935530374,1.1970854483365303,6.4325821238533,0.46355152592831517,0,,,,,
pair,4.4,,,,,,,robot_3,robot_4,10.639074248102109,-0.17587007287651069,0.4478886905971765,0.48118038374235755,20.18076914794592,4.346761782360535,0,,,,,
robot,4.5,robot_1,-3.8408161121967934,6.165910933053711,0.0636836309072342,0.019918792105785746,-0.011387224254836773,,,,,,,,,,0.0,proceed,0.0,-0.0,0.0
robot,4.5,robot_2,-3.6885668022273355,-5.929924949377393,0.08722276278934372,-4.835031919912629e-05,-0.00017416588172301128,,,,,,,,,,0.0,proceed,0.0,-0.0,0.0
robot,4.5,robot_3,4.4320741885028125,4.433611734609419,0.08722284086697416,-4.954602843833256e-05,-0.00017847300760945979,,,,,,,,,,0.0,proceed,0.0,0.0,0.0
robot,4.5,robot_4,3.9201966367032584,-6.155533009966991,0.08725178542747469,-0.0005318457198546958,-0.0019157576199487361,,,,,,,,,,0.0,proceed,0.0,-0.0,0.0
pair,4.5,,,,,,,robot_1,robot_2,12.096794019371165,-0.0011999667383881807,0.10756956332411877,0.10757625608801802,112.44843486590115,0.017316005646908755,0,,,,,
pair,4.5,,,,,,,robot_1,robot_3,8.45231178082898,-1.0218667323677963,-0.3776886923300547,1.089431212621533,6.571557848308137,4.49294639638646,0,,,,,
pair,4.5,,,,,,,robot_1,robot_4,14.561981311950332,-1.1976848315914084,0.07066374909306483,1.1997676113564777,7.0624064057670495,11.842947018880336,0,,,,,
pair,4.5,,,,,,,robot_2,robot_3,13.166157476677357,-1.0206667656294082,-0.48525825565417346,1.130148760624427,10.426779234799183,5.87277499831432,0,,,,,
pair,4.5,,,,,,,robot_2,robot_4,7.612107465518989,-1.1964848648530202,-0.03690581423105392,1.1970539131327407,6.34740902636992,0.46008307048442226,0,,,,,
pair,4.5,,,,,,,robot_3,robot_4,10.601509564662312,-0.1758180992236119,0.44835244142311953,0.48159310184498666,20.08206393529916,4.342389547197608,0,,,,,
robot,4.6000000000000005,robot_1,-3.7962219104602286,6.178496091745757,0.06341546528825774,0.02062576302363074,-0.013332008610093827,,,,,,,,,,0.0,proceed,0.0,-0.0,0.0
robot,4.6000000000000005,robot_2,-3.6278825910646386,-5.923785853185386,0.08821066326781776,-4.637199897040978e-05,-0.00016685402494033585,,,,,,,,,,0.0,proceed,0.0,-0.0,0.0
robot,4.6000000000000005,robot_3,4.388995769902992,4.390431668471976,0.08821073357782064,-4.745007269504192e-05,-0.00017073309538033807,,,,,,,,,,0.0,proceed,0.0,0.0,0.0
robot,4.6000000000000005,robot_4,3.8592326948414897,-6.153078135318547,0.08823521755439817,-0.0005265899479501789,-0.00189481034728251,,,,,,,,,,0.0,proceed,0.0,-0.0,0.0
pair,4.6000000000000005,,,,,,,robot_1,robot_2,12.103452664469792,-0.00042464811118569923,0.11644583200475656,0.11644660629360702,103.9344618506755,0.12420457235752147,0,,,,,
pair,4.6000000000000005,,,,,,,robot_1,robot_3,8.378243423099383,-1.0211328018218975,-0.36872622822821144,1.085666261030544,6.531836711266411,4.46173548055624,0,,,,,
pair,4.6000000000000005,,,,,,,robot_1,robot_4,14.514603271582448,-1.1968932584661625,0.08012650712770415,1.1995723109951455,7.0542274476922024,11.792680683764189,0,,,,,
pair,4.6000000000000005,,,,,,,robot_2,robot_3,13.063438358204733,-1.0207081537107117,-0.485172060232968,1.1301491331157285,10.324679463338658,5.87377394536658,0,,,,,
pair,4.6000000000000005,,,,,,,robot_2,robot_4,7.490625491579127,-1.1964686103549766,-0.036319324877052396,1.1970197278759835,6.246105157059609,0.456356714854703,0,,,,,
pair,4.6000000000000005,,,,,,,robot_3,robot_4,10.55681049836197,-0.17576045664426487,0.4488527353559156,0.48203787834182504,19.9662657513496,4.337662654793906,0,,,,,
robot,4.7,robot_1,-3.759361269592726,6.18831710197401,0.06336198116668205,0.019391449651008225,-0.015034752097921348,,,,,,,,,,0.0,proceed,0.0,-0.0,0.0
robot,4.7,robot_2,-3.5777776310660867,-5.918720777584943,0.08736941923932545,-4.337707600231798e-05,-0.00015598862028243875,,,,,,,,,,0.0,proceed,0.0,-0.0,0.0
robot,4.7,robot_3,4.353424907053371,4.354782270770422,0.08736948227975044,-4.434892715712846e-05,-0.00015948348947193976,,,,,,,,,,0.0,proceed,0.0,0.0,0.0
robot,4.7,robot_4,3.8089023778962487,-6.151003170387804,0.08738790378123422,-0.000496975475272813,-0.0017873224721656972,,,,,,,,,,0.0,proceed,0.0,-0.0,0.0
pair,4.7,,,,,,,robot_1,robot_2,12.108399515826024,0.0002727241988982332,0.12336435137849572,0.12336465283672476,98.13675624378662,0.20834841588325556,0,,,,,
pair,4.7,,,,,,,robot_1,robot_3,8.317400406690588,-1.0204667945649337,-0.36174238864453556,1.0826864895027946,6.4967551980405105,4.43877346638988,0,,,,,
pair,4.7,,,,,,,robot_1,robot_4,14.475408091719636,-1.196183480340744,0.0874836886462956,1.199378303296861,7.043769647514715,11.754415941284059,0,,,,,
pair,4.7,,,,,,,robot_2,robot_3,12.978784172072494,-1.0207395187638317,-0.4851067400230313,1.1301494212633971,10.240409664626556,5.874524753059321,0,,,,,
pair,4.7,,,,,,,robot_2,robot_4,7.390331296011704,-1.1964562045396425,-0.03588066273220013,1.1969940982893394,6.16243459415967,0.45359846382075986,0,,,,,
pair,4.7,,,,,,,robot_3,robot_4,10.5198874766041,-0.17571668577581057,0.4492260772908312,0.4823695908513956,19.871852754748986,4.334136227932106,0,,,,,
robot,4.800000000000001,robot_1,-3.715378965072335,6.198840498521481,0.0638228435012688,0.01848951533840069,-0.016965837225665404,,,,,,,,,,0.0,proceed,0.0,-0.0,0.0
robot,4.800000000000001,robot_2,-3.518526400341211,-5.912735000169268,0.08742522343275391,-4.045854453803982e-05,-0.00014540011054017417,,,,,,,,,,0.0,proceed,0.0,-0.0,0.0
robot,4.800000000000001,robot_3,4.311358351448119,4.3126284139177145,0.08742528091609224,-4.1347811988771965e-05,-0.00014859595414521874,,,,,,,,,,0.0,proceed,0.0,0.0,0.0
robot,4.800000000000001,robot_4,3.7493916752888836,-6.148505517116157,0.08743610267478728,-0.0004605384872791297,-0.0016553290684256613,,,,,,,,,,0.0,proceed,0.0,-0.0,0.0
pair,4.800000000000001,,,,,,,robot_1,robot_2,12.113175140842605,0.001104889002577325,0.130722423235494,0.13072709251057194,92.63174828518041,0.2992110518406856,0,,,,,
pair,4.800000000000001,,,,,,,robot_1,robot_3,8.245381008572451,-1.0196698593215021,-0.3543109455160914,1.079473421683572,6.450318403542569,4.4162963193192315,0,,,,,
pair,4.800000000000001,,,,,,,robot_1,robot_4,14.428435616624606,-1.1953371581012386,0.09533205298381095,1.1991326539893965,7.024049832934107,11.714808648977256,0,,,,,
pair,4.800000000000001,,,,,,,robot_2,robot_3,12.878864553074996,-1.0207747483240794,-0.48503336875158537,1.130149749200786,10.140777584155218,5.875360669801069,0,,,,,
pair,4.800000000000001,,,,,,,robot_2,robot_4,7.2717412557606895,-1.1964420471038162,-0.03539037025168304,1.1969653505363143,6.063475130063406,0.45055612625417296,0,,,,,
pair,4.800000000000001,,,,,,,robot_3,robot_4,10.476217335858474,-0.17566729877973658,0.44964299849990236,0.48273991544158895,19.760982756651458,4.3302065031246855,0,,,,,
robot,4.9,robot_1,-3.676764873283959,6.206659385417695,0.0652069609438701,0.0167892690625063,-0.018020557601687897,,,,,,,,,,0.0,proceed,0.0,-0.0,0.0
robot,4.9,robot_2,-3.4673827609466183,-5.907571410976394,0.08737740668982091,-3.7985846186840144e-05,-0.0001365882078131719,,,,,,,,,,0.0,proceed,0.0,-0.0,0.0
robot,4.9,robot_3,4.275045912326388,4.276245112559743,0.08737746024903074,-3.88178279957796e-05,-0.00013957981110766581,,,,,,,,,,0.0,proceed,0.0,0.0,0.0
robot,4.9,robot_4,3.6980300899776988,-6.146317029937318,0.08738158336693307,-0.00042752466163592127,-0.0015375937006316916,,,,,,,,,,0.0,proceed,0.0,-0.0,0.0
pair,4.9,,,,,,,robot_1,robot_2,12.116040139305822,0.001776313422329423,0.1361278327297364,0.13613942167156962,88.95636143714286,0.36742776864707183,0,,,,,
pair,4.9,,,,,,,robot_1,robot_3,8.18277422608022,-1.0190269951643565,-0.34884604898566773,1.0770838327477616,6.404302291224766,4.4017948153947595,0,,,,,
pair,4.9,,,,,,,robot_1,robot_4,14.386925559982116,-1.1946540137091297,0.10113480836727612,1.1989272129428121,6.998371445127177,11.6868515696699,0,,,,,
pair,4.9,,,,,,,robot_2,robot_3,12.792783932583543,-1.0208033085866859,-0.4849738817154041,1.1301500169303327,10.054798847564152,5.876032220679037,0,,,,,
pair,4.9,,,,,,,robot_2,robot_4,7.169389150741114,-1.1964303271314591,-0.03499302436246028,1.196941953243315,5.978042797200289,0.4481269655564205,0,,,,,
pair,4.9,,,,,,,robot_3,robot_4,10.438522351053987,-0.17562701854477308,0.44998085735294385,0.48303997932574533,19.665969456020875,4.327032292541458,0,,,,,
robot,5.0,robot_1,-3.630984198869535,6.214460313720771,0.06581271035553517,0.01605538066391477,-0.018451545386843387,,,,,,,,,,0.0,proceed,0.0,-0.0,0.0
robot,5.0,robot_2,-3.4076411496312464,-5.901543178978155,0.0873804118236337,-3.5353376267095726e-05,-0.00012711786899726878,,,,,,,,,,0.0,proceed,0.0,-0.0,0.0
robot,5.0,robot_3,4.232626612979659,4.2337479714150605,0.08738046168808665,-3.613121866647556e-05,-0.00012991470001236916,,,,,,,,,,0.0,proceed,0.0,0.0,0.0
robot,5.0,robot_4,3.6380408903923884,-6.143726533717896,0.08737662237940436,-0.00039180152689739746,-0.0014091634778607902,,,,,,,,,,0.0,proceed,0.0,-0.0,0.0
pair,5.0,,,,,,,robot_1,robot_2,12.11806183978014,0.0024968664421334275,0.1415170898083022,0.14153911491118248,85.56064630346755,0.4370445648866992,0,,,,,
pair,5.0,,,,,,,robot_1,robot_3,8.109229086861076,-1.0183378295781398,-0.3433914075552908,1.0746765066440787,6.344674866843938,4.389535514795113,0,,,,,
pair,5.0,,,,,,,robot_1,robot_4,14.337486108259194,-1.1939202804396027,0.1069617818779586,1.198701989164733,6.959833254492067,11.66026431665086,0,,,,,
pair,5.0,,,,,,,robot_2,robot_3,12.692431531729074,-1.0208346960202732,-0.484908497363593,1.130150311867506,9.954387534419977,5.8767634982912815,0,,,,,
pair,5.0,,,,,,,robot_2,robot_4,7.049843132043763,-1.1964171468817362,-0.03455530793034359,1.1969160616596282,5.878234477925701,0.4454932537482393,0,,,,,
pair,5.0,,,,,,,robot_3,robot_4,10.394494181353371,-0.175582450861463,0.4503531894332494,0.4833706572426778,19.555680847605583,4.323547473575778,0,,,,,
robot,5.1000000000000005,robot_1,-3.591350248022828,6.2202513498477785,0.06788804693997216,0.01579109366127207,-0.01844464262771126,,,,,,,,,,0.0,proceed,0.0,-0.0,0.0
robot,5.1000000000000005,robot_2,-3.3565065396241605,-5.896386155932647,0.08917917623615164,-3.393067179736052e-05,-0.00012200612341179773,,,,,,,,,,0.0,proceed,0.0,-0.0,0.0
robot,5.1000000000000005,robot_3,4.196316916877986,4.197375562679325,0.08917922429028893,-3.468273545575995e-05,-0.00012471034819719142,,,,,,,,,,0.0,proceed,0.0,0.0,0.0
robot,5.1000000000000005,robot_4,3.586700331807025,-6.141482818141067,0.08916831645170845,-0.0003713914851855484,-0.0013358806254961698,,,,,,,,,,0.0,proceed,0.0,-0.0,0.0
pair,5.1000000000000005,,,,,,,robot_1,robot_2,12.118913153161026,0.0030495500194139824,0.14540924923891557,0.1454412235906518,83.25734159600043,0.48884860641593064,0,,,,,
pair,5.1000000000000005,,,,,,,robot_1,robot_3,8.046103797589655,-1.0178109265583117,-0.3394455353796228,1.0729223428145431,6.28904911189731,4.382790572766721,0,,,,,
pair,5.1000000000000005,,,,,,,robot_1,robot_4,14.294645213037592,-1.1933563886310457,0.11121764417606714,1.1985277780104246,6.92031405734335,11.642307191099144,0,,,,,
pair,5.1000000000000005,,,,,,,robot_2,robot_3,12.606711220504955,-1.0208604765777258,-0.48485478461853837,1.1301505540440135,9.868454562549113,5.877358361230646,0,,,,,
pair,5.1000000000000005,,,,,,,robot_2,robot_4,6.947531506464359,-1.1964059386504595,-0.03419160506284845,1.1968944130101289,5.7928013421398035,0.4433427741488666,0,,,,,
pair,5.1000000000000005,,,,,,,robot_3,robot_4,10.35681538888541,-0.17554546207273386,0.4506631795556899,0.48364605928465254,19.46158369769987,4.3206625592988575,0,,,,,
robot,5.2,robot_1,-3.5520811839674407,6.224689389647429,0.06866273698368304,0.01366153096997524,-0.017008218253916345,,,,,,,,,,0.0,proceed,0.0,-0.0,0.0
robot,5.2,robot_2,-3.306891086791382,-5.891384576087321,0.08737761206738978,-3.097673774463301e-05,-0.00011138431241034765,,,,,,,,,,0.0,proceed,0.0,-0.0,0.0
robot,5.2,robot_3,4.161084494440686,4.162085507935161,0.08737765620485691,-3.166969800571379e-05,-0.00011387601300535903,,,,,,,,,,0.0,proceed,0.0,0.0,0.0
robot,5.2,robot_4,3.5368903391777184,-6.139284003526597,0.08735903195712152,-0.0003350780560775891,-0.001205349551576989,,,,,,,,,,0.0,proceed,0.0,-0.0,0.0
pair,5.2,,,,,,,robot_1,robot_2,12.118554638524703,0.0034992698067738415,0.14844162757172652,0.14848286663896196,81.53755928346033,0.5306593998202258,0,,,,,
pair,5.2,,,,,,,robot_1,robot_3,7.984188096195355,-1.0173839415147996,-0.3363657834609419,1.0715465574278527,6.230087627293203,4.379562465868799,0,,,,,
pair,5.2,,,,,,,robot_1,robot_4,14.252064949440772,-1.192896690857654,0.11456938281109581,1.198385855447592,6.874692886047844,11.629613109203362,0,,,,,
pair,5.2,,,,,,,robot_2,robot_3,12.523694343611771,-1.0208832113215733,-0.48480741103266844,1.1301507673538282,9.785099346977299,5.877878517628059,0,,,,,
pair,5.2,,,,,,,robot_2,robot_4,6.8482697327547175,-1.1963959606644279,-0.03387224476063072,1.1968753584476888,5.709888225975823,0.44148299107216665,0,,,,,
pair,5.2,,,,,,,robot_3,robot_4,10.320263182455102,-0.17551274934285455,0.4509351662720377,0.48388764125846195,19.371125449956843,4.318136282027459,0,,,,,
robot,5.300000000000001,robot_1,-3.5037244718732428,6.228629532595163,0.0691251308184955,0.01290265545558841,-0.01558269051108652,,,,,,,,,,0.0,proceed,0.0,-0.0,0.0
robot,5.300000000000001,robot_2,-3.24710784599867,-5.885360871926153,0.0866046467959749,-2.902479416418656e-05,-0.00010424401987840633,,,,,,,,,,0.0,proceed,0.0,-0.0,0.0
robot,5.300000000000001,robot_3,4.118629968569229,4.11956565750782,0.08660468833497706,-2.967865170546563e-05,-0.00010659237818621951,,,,,,,,,,0.0,proceed,0.0,0.0,0.0
robot,5.300000000000001,robot_4,3.4768609713101313,-6.136605221444719,0.08662342023509398,-0.00031224846630320156,-0.0011214224312982976,,,,,,,,,,0.0,proceed,0.0,-0.0,0.0
pair,5.300000000000001,,,,,,,robot_1,robot_2,12.116708117863936,0.003911383676689639,0.15111756207421548,0.1511681728722043,80.06509993107632,0.5699727765482497,0,,,,,
pair,5.300000000000001,,,,,,,robot_1,robot_3,7.9087570227521535,-1.0169979695907179,-0.3336353674330718,1.0703258515769127,6.152476003218378,4.379975216179494,0,,,,,
pair,5.300000000000001,,,,,,,robot_1,robot_4,14.199563502167923,-1.1924728710878758,0.11761378961675437,1.1982589669134864,6.8103591570778566,11.62035441885785,0,,,,,
pair,5.300000000000001,,,,,,,robot_2,robot_3,12.42387413057325,-1.0209093532674074,-0.4847529295072873,1.130151012146064,9.684675850946835,5.8784711225824555,0,,,,,
pair,5.300000000000001,,,,,,,robot_2,robot_4,6.728661113424136,-1.1963842547645656,-0.03350377245746111,1.1968532858364245,5.609961324782015,0.43937140111643214,0,,,,,
pair,5.300000000000001,,,,,,,robot_3,robot_4,10.27623026912676,-0.17547490149715805,0.4512491570498262,0.48416654447990937,19.26255107472542,4.315247134641278,0,,,,,
robot,5.4,robot_1,-3.46212900339902,6.231189682404242,0.07649237679564634,0.01362312835003879,-0.015404885188394524,,,,,,,,,,0.0,proceed,0.0,-0.0,0.0
robot,5.4,robot_2,-3.1964576474272572,-5.880259777991675,0.09442466083724797,-2.9811159790584657e-05,-0.00010729154836296654,,,,,,,,,,0.0,proceed,0.0,-0.0,0.0
robot,5.4,robot_3,4.082659648474538,4.083543410774271,0.09442470365356513,-3.048624382395726e-05,-0.0001097211997684342,,,,,,,,,,0.0,proceed,0.0,0.0,0.0
robot,5.4,robot_4,3.4259955707488343,-6.134310899711482,0.09444323897614282,-0.00031930042139355005,-0.0011491508142858883,,,,,,,,,,0.0,proceed,0.0,-0.0,0.0
pair,5.4,,,,,,,robot_1,robot_2,12.114362934183061,0.0041199289734238365,0.15242182752748423,0.15247749775479727,79.35498205289066,0.5928246887047345,0,,,,,
pair,5.4,,,,,,,robot_1,robot_3,7.844502553348182,-1.016812162541873,-0.3322837069338864,1.0697286739107281,6.080474370278295,4.385002763326679,0,,,,,
pair,5.4,,,,,,,robot_1,robot_4,14.154570456050013,-1.1922539645797534,0.11923909373636643,1.198201768289135,6.747182145596457,11.618646983933328,0,,,,,
pair,5.4,,,,,,,robot_2,robot_3,12.339486317993918,-1.0209320915152966,-0.4847055344613706,1.1301512246700798,9.599588022551043,5.878981365149703,0,,,,,
pair,5.4,,,,,,,robot_2,robot_4,6.627324392194633,-1.1963738935531774,-0.03318273379111779,1.1968339847269718,5.5252974093512925,0.4375638046038721,0,,,,,
pair,5.4,,,,,,,robot_3,robot_4,10.238933265789344,-0.17544180203788068,0.45152280067025286,0.4844096050115107,19.17041026483897,4.312750108695229,0,,,,,
robot,5.5,robot_1,-3.412818653438866,6.233437779990663,0.07266965659716157,0.01244757514842457,-0.012366900025676933,,,,,,,,,,0.0,proceed,0.0,-0.0,0.0
robot,5.5,robot_2,-3.137240871257469,-5.874298420836189,0.08845013904113734,-2.6133044471403355e-05,-9.392902344278747e-05,,,,,,,,,,0.0,proceed,5.653647531289607e-05,-0.0,0.0
robot,5.5,robot_3,4.0406039698204905,4.041430617550975,0.08845017662149611,-2.672744639870689e-05,-9.606545666680849e-05,,,,,,,,,,0.0,proceed,0.0,0.0,0.0
robot,5.5,robot_4,3.3665288003579588,-6.131602692351502,0.08846826130007988,-0.00027907895988687516,-0.0010030417353223229,,,,,,,,,,0.0,proceed,0.0,-0.0,0.0
pair,5.5,,,,,,,robot_1,robot_2,12.110871934870959,0.004402522336212744,0.15417652712201732,0.15423937149225872,78.41666420760491,0.6210619477182915,0,,,,,
pair,5.5,,,,,,,robot_1,robot_3,7.769067138408658,-1.0165511978357504,-0.33048391936012955,1.0689228030016629,5.997187828912686,4.3890202497789925,0,,,,,
pair,5.5,,,,,,,robot_1,robot_4,14.101552318165588,-1.1919613661306148,0.12129949701873727,1.1981174676654038,6.674113857063867,11.615154167253058,0,,,,,
pair,5.5,,,,,,,robot_2,robot_3,12.24104321229624,-1.0209537201719632,-0.48466044648214684,1.1301514266315136,9.500162622746803,5.8794625285808015,0,,,,,
pair,5.5,,,,,,,robot_2,robot_4,6.508857459613376,-1.1963638884668275,-0.03287703010328005,1.1968155466636785,5.42627225918916,0.4358684774123153,0,,,,,
pair,5.5,,,,,,,robot_3,robot_4,10.195341291907363,-0.1754101682948644,0.4517834163788668,0.4846410862238087,19.064312126030003,4.31038458623481,0,,,,,
robot,5.6000000000000005,robot_1,-3.372082233146403,6.234629053869948,0.07601550677795711,0.012237242150564317,-0.010621110900571813,,,,,,,,,,0.0,proceed,0.0,-0.0,0.0
robot,5.6000000000000005,robot_2,-3.0890096731153873,-5.869444960552329,0.09109933861307855,-2.569113781106594e-05,-9.204276367373244e-05,,,,,,,,,,0.0,proceed,7.502431981265545e-05,-0.0,0.0
robot,5.6000000000000005,robot_3,4.006348950435233,4.007131927393555,0.09109937562706263,-2.6276937805040645e-05,-9.414148623250973e-05,,,,,,,,,,0.0,proceed,0.0,0.0,0.0
robot,5.6000000000000005,robot_4,3.3180953811340386,-6.129376236548522,0.09111692753030173,-0.0002739802031984104,-0.000981543053106351,,,,,,,,,,0.0,proceed,0.0,-0.0,0.0
pair,5.6000000000000005,,,,,,,robot_1,robot_2,12.107383607570016,0.004503739404871587,0.1547762374465404,0.15484174936603773,78.08436346317555,0.6350128519392899,0,,,,,
pair,5.6000000000000005,,,,,,,robot_1,robot_3,7.707333532377491,-1.0164681070589852,-0.32984641774873213,1.068646841556998,5.923968529219513,4.39614725786672,0,,,,,
pair,5.6000000000000005,,,,,,,robot_1,robot_4,14.057990728838707,-1.1918516515938982,0.12215565564080612,1.1980953065646063,6.607091112094204,11.617453984345872,0,,,,,
pair,5.6000000000000005,,,,,,,robot_2,robot_3,12.16103963566853,-1.0209718464638569,-0.4846226551952726,1.1301515956721617,9.41917693306128,5.8798619864517985,0,,,,,
pair,5.6000000000000005,,,,,,,robot_2,robot_4,6.412375491534283,-1.1963553909987699,-0.03262058180573428,1.1968000350639885,5.34562135212668,0.434469972136582,0,,,,,
pair,5.6000000000000005,,,,,,,robot_3,robot_4,10.159846983755228,-0.17538354453491295,0.4520020733895383,0.4848352937256851,18.977769483057568,4.308409058444072,0,,,,,
robot,5.7,robot_1,-3.3207975457114713,6.235987261333062,0.07142038596201919,0.012316039003124633,-0.008249419650851858,,,,,,,,,,0.0,proceed,0.0,-0.0,0.0
robot,5.7,robot_2,-3.028632381772551,-5.863371483362894,0.08570717969632798,-2.2411905222599962e-05,-8.053071001258731e-05,,,,,,,,,,0.0,proceed,0.00018258938507642597,-0.0,0.0
robot,5.7,robot_3,3.9634662894045873,3.964197813357932,0.08570633979056386,-2.2923535258567718e-05,-8.236994115167605e-05,,,,,,,,,,0.0,proceed,0.0,0.0,0.0
robot,5.7,robot_4,3.257467457333057,-6.126565644654761,0.0857216425852194,-0.00023885158193130782,-0.0008582238247636019,,,,,,,,,,0.0,proceed,0.0,-0.0,0.0
pair,5.7,,,,,,,robot_1,robot_2,12.102885710270503,0.004700296743803123,0.15595948582896188,0.15603029837026516,77.45333091661924,0.6565167555583554,0,,,,,
pair,5.7,,,,,,,robot_1,robot_3,7.630303199448293,-1.0162912027515127,-0.32862219035738155,1.0681012839545694,5.834622533707997,4.40273824005417,0,,,,,
pair,5.7,,,,,,,robot_1,robot_4,14.003795371385158,-1.191645770315234,0.12361708837661048,1.198040411024978,6.5262865382766275,11.617803361544858,0,,,,,
pair,5.7,,,,,,,robot_2,robot_3,12.061117780260956,-1.0209914994953158,-0.48458167618634346,1.1301517787170268,9.317829817399426,5.880291429579534,0,,,,,
pair,5.7,,,,,,,robot_2,robot_4,6.291607294939957,-1.1963460670590371,-0.0323423974523514,1.1967831645041602,5.244635366624813,0.43297637744647754,0,,,,,
pair,5.7,,,,,,,robot_3,robot_4,10.115430861631681,-0.17535456756372125,0.45223927873399206,0.4850459664766846,18.870434873735423,4.3062761254217925,0,,,,,
robot,5.800000000000001,robot_1,-3.276915600047775,6.237422189016082,0.07343218743065584,0.013482586697280552,-0.006931009139674337,,,,,,,,,,0.0,proceed,0.0,-0.0,0.0
robot,5.800000000000001,robot_2,-2.9768943320729955,-5.858168923240437,0.08848275040328675,-2.199074917850173e-05,-7.888171527265943e-05,,,,,,,,,,0.0,proceed,0.00025667683803476393,-0.0,0.0
robot,5.800000000000001,robot_3,3.926718611240755,3.927408747958461,0.08848158719493332,-2.2492988825430216e-05,-8.068435669697079e-05,,,,,,,,,,0.0,proceed,0.0,0.0,0.0
robot,5.800000000000001,robot_4,3.2055167231642923,-6.124137409490823,0.0884964884448932,-0.00023435852036160412,-0.0008406387890145746,,,,,,,,,,0.0,proceed,0.0,-0.0,0.0
pair,5.800000000000001,,,,,,,robot_1,robot_2,12.099311431487996,0.004840778589648265,0.15678956133476218,0.15686427152446522,77.01289553204137,0.6731442441037145,0,,,,,
pair,5.800000000000001,,,,,,,robot_1,robot_3,7.5649526071161475,-1.016167915005407,-0.3277562593602994,1.0677178452364144,5.756892466663674,4.40977713909358,0,,,,,
pair,5.800000000000001,,,,,,,robot_1,robot_4,13.958154768179883,-1.1914970387581825,0.12469060854023112,1.198003731725261,6.455606021763178,11.619716079518838,0,,,,,
pair,5.800000000000001,,,,,,,robot_2,robot_3,11.975700481815483,-1.0210086935950553,-0.4845458206950616,1.1301519387895294,9.230980995603764,5.88066333973031,0,,,,,
pair,5.800000000000001,,,,,,,robot_2,robot_4,6.188129417812669,-1.1963378173478305,-0.032098952794531045,1.196768363547047,5.158101968205873,0.43169346272766146,0,,,,,
pair,5.800000000000001,,,,,,,robot_3,robot_4,10.077386184854609,-0.17532912375277532,0.45244686790053057,0.4852303266582955,18.778388677236496,4.304418336575122,0,,,,,
robot,5.9,robot_1,-3.2260177019988263,6.238940067438728,0.07302842635185858,0.013147538076715792,-0.005534172442350031,,,,,,,,,,0.0,proceed,0.0,-0.0,0.0
robot,5.9,robot_2,-2.91714416693467,-5.852162663456256,0.08728502032848977,-2.007462860025705e-05,-7.225920011642766e-05,,,,,,,,,,0.0,proceed,0.000315600773319602,-0.0,0.0
robot,5.9,robot_3,3.8842795372594865,3.8849247064250756,0.08728213118200892,-2.0532737642041388e-05,-7.391064590434808e-05,,,,,,,,,,0.0,proceed,0.0,0.0,0.0
robot,5.9,robot_4,3.1455237134432945,-6.121312379822501,0.08729565122057066,-0.0002139883594847172,-0.000770262073580674,,,,,,,,,,0.0,proceed,0.0,-0.0,0.0
pair,5.9,,,,,,,robot_1,robot_2,12.095047255373547,0.0050185906684873105,0.15783682487423728,0.1579165904478642,76.46555267665852,0.6929728731404413,0,,,,,
pair,5.9,,,,,,,robot_1,robot_3,7.48984079607121,-1.0160080045097863,-0.32667166100642386,1.067233170086394,5.667431538350136,4.417433032506972,0,,,,,
pair,5.9,,,,,,,robot_1,robot_4,13.905839800915347,-1.1913105477658084,0.12599135962813526,1.1979543580283083,6.374331855869244,11.621594641156547,0,,,,,
pair,5.9,,,,,,,robot_2,robot_3,11.87729913964773,-1.0210265951782738,-0.48450848588066114,1.1301521052281898,9.130704818807024,5.8810470136932285,0,,,,,
pair,5.9,,,,,,,robot_2,robot_4,6.068639336588283,-1.1963291384342956,-0.03184546524610202,1.1967529156528864,5.058152714931517,0.43038134341415857,0,,,,,
pair,5.9,,,,,,,robot_3,robot_4,10.033471024197894,-0.17530254325602196,0.4526630206345591,0.4854222820617454,18.672742229602765,4.302493580416808,0,,,,,
robot,6.0,robot_1,-3.1896033762481575,6.239827594859126,0.07302842635185858,0.013147538076715792,-0.005534172442350031,,,,,,,,,,0.0,proceed,0.0,-0.0,0.0
robot,6.0,robot_2,-2.8746135658943603,-5.84788858870441,0.08728502032848977,-2.007462860025705e-05,-7.225920011642766e-05,,,,,,,,,,0.0,proceed,0.0004577084328047931,-0.0,0.0
robot,6.0,robot_3,3.8540707602063637,3.8546856840698984,0.08728213118200892,-2.0532737642041388e-05,-7.391064590434808e-05,,,,,,,,,,0.0,proceed,0.0,0.0,0.0
robot,6.0,robot_4,3.1028220901209984,-6.119288552400765,0.08729565122057066,-0.0002139883594847172,-0.000770262073580674,,,,,,,,,,0.0,proceed,0.00018376282241661102,-0.0,0.0
pair,6.0,,,,,,,robot_1,robot_2,12.09181959487531,0.005120876665698826,0.1584302025719891,0.1585129410011271,76.15296737970432,0.7053279215081255,0,,,,,
pair,6.0,,,,,,,robot_1,robot_3,7.436548075226949,-1.0159179037661392,-0.3260528682519547,1.0669581341776786,5.602700462705094,4.42352738521875,0,,,,,
pair,6.0,,,,,,,robot_1,robot_4,13.868755178143108,-1.1912023023779659,0.1267572832904358,1.1979275161952574,6.3149603703176425,11.623906007914519,0,,,,,
pair,6.0,,,,,,,robot_2,robot_3,11.807418866078033,-1.0210387804318382,-0.48448307082394376,1.1301522185355095,9.059334223576876,5.881305941443629,0,,,,,
pair,6.0,,,,,,,robot_2,robot_4,5.98359381660371,-1.1963231790436646,-0.03167291928155329,1.1967423793502743,4.98700396938186,0.42950338625450146,0,,,,,
pair,6.0,,,,,,,robot_3,robot_4,10.002226583820503,-0.17528439861182654,0.45281015154239046,0.4855529360806629,18.59774286725976,4.301189313805404,0,,,,,
robot,6.1000000000000005,robot_1,-3.139218060409244,6.240999611556312,0.0719166991319306,0.013128530957141994,-0.0038239296863321016,,,,,,,,,,0.0,proceed,0.0,-0.0,0.0
robot,6.1000000000000005,robot_2,-2.8158625372936408,-5.84198605527169,0.08564616325799537,-1.7408879800744417e-05,-6.259813647908168e-05,,,,,,,,,,0.0,proceed,0.0005178349674679339,-0.0,0.0
robot,6.1000000000000005,robot_3,3.8123403255935435,3.8129157703922765,0.08564116105067754,-1.7805374987703293e-05,-6.402759448264246e-05,,,,,,,,,,0.0,proceed,0.0,0.0,0.0
robot,6.1000000000000005,robot_4,3.043837023061288,-6.116475945966586,0.0856527209461157,-0.00018570139267779558,-0.0006677620362930855,,,,,,,,,,0.0,proceed,0.00020602090808097273,-0.0,0.0
pair,6.1000000000000005,,,,,,,robot_1,robot_2,12.087311587739446,0.005268429774105465,0.15928315159197484,0.1593702567399473,75.7085571365019,0.7226156913435191,0,,,,,
pair,6.1000000000000005,,,,,,,robot_1,robot_3,7.363406489779549,-1.015786008140374,-0.32516725923074813,1.0665622160987105,5.513370862535077,4.431839707856049,0,,,,,
pair,6.1000000000000005,,,,,,,robot_1,robot_4,13.818008985378706,-1.1910470308178795,0.1278319347671557,1.1978873207302936,6.233031763955506,11.62708915610614,0,,,,,
pair,6.1000000000000005,,,,,,,robot_2,robot_3,11.71111448389073,-1.0210544379144797,-0.484450410822723,1.1301523639453042,8.960757558631034,5.881635935862592,0,,,,,
pair,6.1000000000000005,,,,,,,robot_2,robot_4,5.866125095641708,-1.1963154605919852,-0.03145121682481912,1.1967288165207586,4.888711331418491,0.4283937800595579,0,,,,,
pair,6.1000000000000005,,,,,,,robot_3,robot_4,9.959087166146253,-0.17526102267750554,0.4529991939979039,0.48572080028830933,18.494535954646437,4.299520881475229,0,,,,,
robot,6.2,robot_1,-3.087332866040381,6.241939345847181,0.07250754650467894,0.012667393879368733,-0.0033952022828688,,,,,,,,,,0.0,proceed,0.0,-0.0,0.0
robot,6.2,robot_2,-2.7556129103747384,-5.835934847912206,0.08564830667630209,-1.6604384964728422e-05,-5.970384519554671e-05,,,,,,,,,,0.0,proceed,0.0005024163983762264,-0.0,0.0
robot,6.2,robot_3,3.769545115001872,3.7700827881294225,0.08564111273384688,-1.698196268078156e-05,-6.106663221299389e-05,,,,,,,,,,0.0,proceed,0.0,0.0,0.0
robot,6.2,robot_4,2.9833491583491263,-6.113571598229108,0.08565495671888364,-0.0001771615828078648,-0.0006370335509746873,,,,,,,,,,0.0,proceed,0.00023831734142731875,-0.0,0.0
pair,6.2,,,,,,,robot_1,robot_2,12.082428694979573,0.005373253743465423,0.159876431882541,0.1599667006826247,75.39016690958215,0.737226467243062,0,,,,,
pair,6.2,,,,,,,robot_1,robot_3,7.288816809937972,-1.0156964160360404,-0.32454220396535244,1.0662864773142093,5.419933401032923,4.441585108391535,0,,,,,
pair,6.2,,,,,,,robot_1,robot_4,13.766329609973562,-1.190934631780355,0.1286408925508404,1.1978621692039892,6.1463311701217265,11.63211284307536,0,,,,,
pair,6.2,,,,,,,robot_2,robot_3,11.612633727112879,-1.0210696697795059,-0.4844186358478934,1.1301525053285344,8.8596766458663,5.8819540503092,0,,,,,
pair,6.2,,,,,,,robot_2,robot_4,5.745673832665568,-1.1963078855238205,-0.031235539331700573,1.1967155952371544,4.787904719599688,0.42733512554813463,0,,,,,
pair,6.2,,,,,,,robot_3,robot_4,9.914874084487476,-0.17523821574431453,0.4531830965161929,0.48588409237724167,18.388986349547206,4.297907074064053,0,,,,,
robot,6.300000000000001,robot_1,-3.0430048989800196,6.24292295893162,0.07232281747194383,0.0137773903086391,-0.00300199739050401,,,,,,,,,,0.0,proceed,0.0,-0.0,0.0
robot,6.300000000000001,robot_2,-2.7040038281616092,-5.830752863538585,0.08641371303423735,-1.565460120454311e-05,-5.634802127119008e-05,,,,,,,,,,0.0,proceed,0.0005892873741686344,-0.0,0.0
robot,6.300000000000001,robot_3,3.732887016335176,3.7333943567224206,0.08640539953312809,-1.601011835281746e-05,-5.763324532281817e-05,,,,,,,,,,0.0,proceed,0.0,0.0,0.0
robot,6.300000000000001,robot_4,2.931537435557357,-6.1110688804453615,0.08641887595936716,-0.00016706439406463224,-0.0006013656521908132,,,,,,,,,,0.0,proceed,0.0,-0.0,0.0
pair,6.300000000000001,,,,,,,robot_1,robot_2,12.078434070363492,0.005488603784927215,0.16053337991246147,0.16062717963541104,75.04982472928052,0.7513585856612458,0,,,,,
pair,6.300000000000001,,,,,,,robot_1,robot_3,7.2256795565081555,-1.0155933987806005,-0.32385952681857727,1.0659807431458996,5.34078723719407,4.449515493051821,0,,,,,
pair,6.300000000000001,,,,,,,robot_1,robot_4,13.72283755185393,-1.1908131008843936,0.1294724595633429,1.197830939249478,6.073370027085247,11.635829550757865,0,,,,,
pair,6.300000000000001,,,,,,,robot_2,robot_3,11.52850709306252,-1.0210820025655278,-0.48439290673103874,1.130152619806092,8.773100663565065,5.882209370235352,0,,,,,
pair,6.300000000000001,,,,,,,robot_2,robot_4,5.642508520544178,-1.1963017046693207,-0.031060920349118552,1.1967048714564745,4.701549305963156,0.4264941501968306,0,,,,,
pair,6.300000000000001,,,,,,,robot_3,robot_4,9.877024733114762,-0.17521970210379306,0.4533319863819202,0.486016289729387,18.298820039209318,4.296607659367399,0,,,,,
robot,6.4,robot_1,-2.9914865340020502,6.24436296239585,0.07229003318732695,0.013973510789002743,-0.0025460881901168673,,,,,,,,,,0.0,proceed,0.0,-0.0,0.0
robot,6.4,robot_2,-2.6438168004873694,-5.824711027086044,0.08641353270952089,-1.4616779533403387e-05,-5.261250353397308e-05,,,,,,,,,,0.0,proceed,0.0006421025609597564,-0.0,0.0
robot,6.4,robot_3,3.690135195468003,3.690609241704707,0.08640533461804054,-1.494847891998774e-05,-5.38115602166667e-05,,,,,,,,,,0.0,proceed,0.0,0.0,0.0
robot,6.4,robot_4,2.8711153690095683,-6.108134854572745,0.08641874926844416,-0.00015601558315895755,-0.0005615910183953808,,,,,,,,,,0.0,proceed,0.0,-0.0,0.0
pair,6.4,,,,,,,robot_1,robot_2,12.074080553283988,0.005658437045836462,0.16150138105621495,0.16160047646237446,74.56351429324614,0.7700548922209799,0,,,,,
pair,6.4,,,,,,,robot_1,robot_3,7.153022228517834,-1.0154369835566803,-0.32286353082259556,1.0655295055088447,5.24968992360832,4.458279131195312,0,,,,,
pair,6.4,,,,,,,robot_1,robot_4,13.673123395603849,-1.1906364943705945,0.13063043970785002,1.1977811041694408,5.990076221699868,11.639439280318808,0,,,,,
pair,6.4,,,,,,,robot_2,robot_3,11.430672233282134,-1.0210954206025167,-0.48436491187881053,1.1301527444707633,8.672145659137776,5.882484366992562,0,,,,,
pair,6.4,,,,,,,robot_2,robot_4,5.522210236865254,-1.196294931416431,-0.030870941348364933,1.1966931845516535,4.600832905322784,0.42559750685013786,0,,,,,
pair,6.4,,,,,,,robot_3,robot_4,9.832913064827952,-0.17519951081391422,0.4534939705304456,0.48616010726601533,18.193989740989526,4.2952017125496935,0,,,,,
robot,6.5,robot_1,-2.946334904198286,6.2448382218197525,0.07325896758197739,0.01223041881831224,-0.00229002304111849,,,,,,,,,,0.0,proceed,0.0,-0.0,0.0
robot,6.5,robot_2,-2.591703938252347,-5.819480921234128,0.08560176162612688,-1.3660065878162708e-05,-4.9143658890105305e-05,,,,,,,,,,0.0,proceed,0.0012731255264952779,-0.0,0.0
robot,6.5,robot_3,3.653118192931819,3.6535651538196543,0.0855922391714021,-1.3969636972546717e-05,-5.026297857132677e-05,,,,,,,,,,0.0,proceed,0.0,0.0,0.0
robot,6.5,robot_4,2.818802087464197,-6.105581696049865,0.08560128789504329,-0.00014580727171611442,-0.0005246082324546023,,,,,,,,,,0.0,proceed,0.0,-0.0,0.0
pair,6.5,,,,,,,robot_1,robot_2,12.069530210719224,0.005708430178197332,0.1617713220807271,0.16187200753325354,74.4063729701136,0.7798596286731003,0,,,,,
pair,6.5,,,,,,,robot_1,robot_3,7.089956085489019,-1.0153978105926011,-0.3225710134337373,1.0654035725789155,5.167191727517057,4.467757942675728,0,,,,,
pair,6.5,,,,,,,robot_1,robot_4,13.629735018713523,-1.190581003077061,0.13105356362997905,1.197772165909735,5.91250888401878,11.64548148943955,0,,,,,
pair,6.5,,,,,,,robot_2,robot_3,11.346206652014558,-1.0211062407707985,-0.4843423355144644,1.1301528449341167,8.584743117369364,5.882704061010572,0,,,,,
pair,6.5,,,,,,,robot_2,robot_4,5.418065070453214,-1.1962894332552583,-0.03071775845074804,1.1966837463600921,4.513623013114657,0.4248891593113413,0,,,,,
pair,6.5,,,,,,,robot_3,robot_4,9.794745050340046,-0.1751831924844599,0.45362457706371634,0.4862760613533046,18.103488564666616,4.294072765485949,0,,,,,
robot,6.6000000000000005,robot_1,-2.901442493209019,6.245040102347805,0.07433981690136685,0.01292260851781475,-0.0022629376948270132,,,,,,,,,,0.0,proceed,0.0,-0.0,0.0
robot,6.6000000000000005,robot_2,-2.540088179799623,-5.814301746374661,0.08733185666612027,-1.3022384482532304e-05,-4.6849086203602285e-05,,,,,,,,,,0.0,proceed,0.0013302499428391457,-0.0,0.0
robot,6.6000000000000005,robot_3,3.616454025333883,3.6168756576329404,0.08732131699988613,-1.3317260166234579e-05,-4.7915718764216905e-05,,,,,,,,,,0.0,proceed,0.0,0.0,0.0
robot,6.6000000000000005,robot_4,2.7669900914507943,-6.103041925808069,0.0873299454527609,-0.0001390054379053025,-0.0005001361008570938,,,,,,,,,,0.0,proceed,0.0,-0.0,0.0
pair,6.6000000000000005,,,,,,,robot_1,robot_2,12.064754567092054,0.00572026498702316,0.1618201121971347,0.16192118497285965,74.3512873910497,0.7871547290367281,0,,,,,
pair,6.6000000000000005,,,,,,,robot_1,robot_3,7.027817824538216,-1.0153963786380145,-0.3225005165305459,1.0653808656596302,5.0841225767581735,4.477885615673833,0,,,,,
pair,6.6000000000000005,,,,,,,robot_1,robot_4,13.586988545696917,-1.190563850890311,0.13124963109435164,1.197776585473756,5.833619882605771,11.65259078712948,0,,,,,
pair,6.6000000000000005,,,,,,,robot_2,robot_3,11.262775819017874,-1.0211166436250376,-0.48432062872768067,1.1301529415522653,8.498178327550654,5.882913347552708,0,,,,,
pair,6.6000000000000005,,,,,,,robot_2,robot_4,5.314927155511875,-1.196284115877334,-0.030570481102783074,1.19667465930188,4.427243457137175,0.4242215896592695,0,,,,,
pair,6.6000000000000005,,,,,,,robot_3,robot_4,9.756966065527433,-0.17516747225229645,0.45375014762489757,0.48638754075826757,18.013968094711853,4.2929919128649,0,,,,,
robot,6.7,robot_1,-2.8503327187951597,6.245814311692849,0.0995590799953525,0.018950873851654806,-0.0026631505541073793,,,,,,,,,,0.0,proceed,0.0,-0.0,0.0
robot,6.7,robot_2,-2.4808964160941,-5.80836360219489,0.1183873465395123,-1.6634325604463276e-05,-5.986808148543168e-05,,,,,,,,,,1.0,proceed,0.0008498855167999864,-0.001959689427167177,0.0021181406918913126
robot,6.7,robot_3,3.5744106846992074,3.5748050201405395,0.11835951333317267,-1.7008920985106535e-05,-6.123068553861376e-05,,,,,,,,,,0.0,proceed,0.0,0.0,0.0
robot,6.7,robot_4,2.7075788486940864,-6.100116733244384,0.1183702181672892,-0.0001775379846539766,-0.0006391142693855743,,,,,,,,,,1.0,proceed,0.000584785477258265,-0.0020521709229797125,0.0012588751269504428
pair,6.7,,,,,,,robot_1,robot_2,12.05983782483879,0.005528653197314215,0.160674968047889,0.1607700574216677,74.85438601630906,0.7837437979284502,0,,,,,
pair,6.7,,,,,,,robot_1,robot_3,6.957845818664219,-1.0156021172458007,-0.3236161797336212,1.0659151431232867,4.9821556717360975,4.495511334655206,0,,,,,
pair,6.7,,,,,,,robot_1,robot_4,13.539290762753259,-1.1907481931868598,0.13030448670296313,1.1978566353419318,5.73352131206012,11.668069332050525,0,,,,,
pair,6.7,,,,,,,robot_2,robot_3,11.16738991349805,-1.021130770443115,-0.4842911477815102,1.1301530720063022,8.398888069498765,5.883194713355822,0,,,,,
pair,6.7,,,,,,,robot_2,robot_4,5.196671575421717,-1.196276846384174,-0.03037048134492586,1.196662299620067,4.328204811840337,0.4233391550258553,1,,,,,
pair,6.7,,,,,,,robot_3,robot_4,9.713676356870906,-0.17514607594105897,0.45392066643658435,0.486538918623972,17.91070715635742,4.291532259608996,0,,,,,
robot,6.800000000000001,robot_1,-2.809280767210625,6.246503451903185,0.07397586059683905,0.013583229501503034,-0.0015751899361549162,,,,,,,,,,0.0,proceed,0.0,-0.0,0.0
robot,6.800000000000001,robot_2,-2.4333173339957876,-5.803591375247661,0.0873946420374018,-1.1633413460420891e-05,-4.182204369995267e-05,,,,,,,,,,1.0,proceed,0.000839376705698669,-0.0019889199174940586,0.0021628353279083967
robot,6.800000000000001,robot_3,3.5406168513937333,3.540990581386825,0.08737313917712766,-1.1895206863940522e-05,-4.277372189327391e-05,,,,,,,,,,0.0,proceed,0.0,0.0,0.0
robot,6.800000000000001,robot_4,2.6598266800819252,-6.097755725598544,0.08738058626614292,-0.00012415884914066064,-0.00044645534940371094,,,,,,,,,,1.0,proceed,0.0004912358126603067,-0.0020066399592906237,0.0012140373000875115
pair,6.800000000000001,,,,,,,robot_1,robot_2,12.055958437488174,0.0058982600546809705,0.16281071555158794,0.1629175207584891,73.83235162625226,0.811978158893926,0,,,,,
pair,6.800000000000001,,,,,,,robot_1,robot_3,6.902245986581974,-1.0152376797418448,-0.32146964395202804,1.0649179678971747,4.917696483290502,4.496156586796946,0,,,,,
pair,6.800000000000001,,,,,,,robot_1,robot_4,13.501550685434859,-1.19037591212685,0.1325134197022691,1.1977289420286295,5.67846888360065,11.66338906675185,0,,,,,
pair,6.800000000000001,,,,,,,robot_2,robot_3,11.090946830438977,-1.0211359397965256,-0.4842803595036159,1.1301531197785037,8.319145874190635,5.883299675928306,0,,,,,
pair,6.800000000000001,,,,,,,robot_2,robot_4,5.101631955869905,-1.196274172181531,-0.03029729584931885,1.196657771112689,4.248552723611028,0.423019611721011,1,,,,,
pair,6.800000000000001,,,,,,,robot_3,robot_4,9.678906017536464,-0.17513823238500542,0.4539830636542971,0.4865943100036063,17.829521581190075,4.291001288128851,0,,,,,
robot,6.9,robot_1,-2.7647054532376205,6.247390936385255,0.07550489675927942,0.01468823725403839,-0.0005527623987527307,,,,,,,,,,0.0,proceed,0.0,-0.0,0.0
robot,6.9,robot_2,-2.3815396289544064,-5.798411823117672,0.09005417608724853,-4.927957214200321e-05,0.00012378289695061682,,,,,,,,,,1.0,proceed,0.0009789938339963555,-0.002014016732573509,0.0022281957790255547
robot,6.9,robot_3,3.5038389545107966,3.5041917114521985,0.09004146798748087,-1.2058749991133988e-05,-4.2506140829346336e-05,,,,,,,,,,0.0,proceed,0.0,0.0,0.0
robot,6.9,robot_4,2.6078576871562724,-6.095161688038544,0.09005682807097665,-0.0001647800707418193,-0.0003453753067938177,,,,,,,,,,1.0,proceed,0.0005529557820409536,-0.002027214737609029,0.0012456977274268866
pair,6.9,,,,,,,robot_1,robot_2,12.051895293676715,0.005984468653679631,0.1633021365292156,0.16341175496295685,73.57910081956054,0.8240504289523428,0,,,,,
pair,6.9,,,,,,,robot_1,robot_3,6.842498884149508,-1.0151592646307956,-0.3209690315136418,1.0646921863884147,4.8370119045667765,4.50533289977967,0,,,,,
pair,6.9,,,,,,,robot_1,robot_4,13.461167853651848,-1.190284774581948,0.13310922186265287,1.1977044333000024,5.603214082825858,11.669001450378355,0,,,,,
pair,6.9,,,,,,,robot_2,robot_3,11.00800225254804,-1.0211437332844753,-0.4842711680428574,1.130156222928383,8.232354444850587,5.883413289835306,0,,,,,
pair,6.9,,,,,,,robot_2,robot_4,4.998214287157265,-1.1962692432356277,-0.030192914666562737,1.19665020553527,4.161885844695061,0.4225438489904401,1,,,,,
pair,6.9,,,,,,,robot_3,robot_4,9.641077124458901,-0.17512550995115217,0.4540782533762947,0.48667854321401677,17.74051900872293,4.290177361090674,0,,,,,
robot,7.0,robot_1,-2.7136940274639616,6.248333772587616,0.07239845519018052,0.013491800384146569,-0.0013449797275404672,,,,,,,,,,0.0,proceed,0.0,-0.0,0.0
robot,7.0,robot_2,-2.3223217308271273,-5.792492260467773,0.08565728098782598,-4.702956271095127e-05,0.00012742048957762833,,,,,,,,,,1.0,proceed,0.001047599595040083,-0.0020449815783649683,0.002275890903547406
robot,7.0,robot_3,3.4617739573991204,3.4621041452417556,0.08564578009594617,-1.0352403954284883e-05,-3.722472289049638e-05,,,,,,,,,,0.0,proceed,0.0,0.0,0.0
robot,7.0,robot_4,2.5484182290877766,-6.092178788972888,0.08565830073247885,-0.00014495631486939348,-0.00029655822718533054,,,,,,,,,,1.0,proceed,0.0005603036843240261,-0.002029367256909609,0.0012624500086531043
pair,7.0,,,,,,,robot_1,robot_2,12.04718489245015,0.0061350448770094435,0.16416224350989705,0.16427684246370716,73.15583934657833,0.8407731744849923,0,,,,,
pair,7.0,,,,,,,robot_1,robot_3,6.7749155248142205,-1.0150161195447978,-0.32010336600321115,1.0642950191851717,4.746362397586199,4.514590396925563,0,,,,,
pair,7.0,,,,,,,robot_1,robot_4,13.415590769048697,-1.1901291511219712,0.13406476256616068,1.1976563601101213,5.519469667559996,11.67391613713251,0,,,,,
pair,7.0,,,,,,,robot_2,robot_3,10.913446639954271,-1.0211511644218072,-0.48426560951310826,1.1301605554774574,8.133109455867997,5.883503224189246,0,,,,,
pair,7.0,,,,,,,robot_2,robot_4,4.879950796112527,-1.1962641959989808,-0.030097480943736397,1.1966427557914878,4.062750954116574,0.4220986294821506,1,,,,,
pair,7.0,,,,,,,robot_3,robot_4,9.597840438008143,-0.1751130315771735,0.45416812856937183,0.48675790988575995,17.639187759163068,4.289394108647722,0,,,,,
robot,7.1000000000000005,robot_1,-2.6690291025401156,6.248965641439174,0.07472809539951601,0.013879145781235936,-0.0014759966351434077,,,,,,,,,,0.0,proceed,0.0,-0.0,0.0
robot,7.1000000000000005,robot_2,-2.270612563205141,-5.78732059196551,0.08843405189325797,-5.2482196022588315e-05,0.00012386305523949523,,,,,,,,,,1.0,proceed,0.0012478872667998075,-0.002106037689372897,0.002409893088042736
robot,7.1000000000000005,robot_3,3.4250423984516565,3.4253539534150783,0.0884203031047039,-1.0087659742828714e-05,-3.6210111168003995e-05,,,,,,,,,,0.0,proceed,0.0,0.0,0.0
robot,7.1000000000000005,robot_4,2.4965162849760536,-6.089568497530368,0.08843435607727458,-0.0001455113234870636,-0.0002871055866654398,,,,,,,,,,1.0,proceed,-3.953192936023697e-05,-0.0016256067901849747,0.0016442605992779136
pair,7.1000000000000005,,,,,,,robot_1,robot_2,12.042878477808484,0.006183565148414671,0.16443546274907894,0.16455168758614547,73.00328084031695,0.8504377568804714,0,,,,,
pair,7.1000000000000005,,,,,,,robot_1,robot_3,6.7164343534308735,-1.0149744839864518,-0.31982249695526044,1.0641708663096645,4.664424571139233,4.524569439491076,0,,,,,
pair,7.1000000000000005,,,,,,,robot_1,robot_4,13.376183456016385,-1.1900762987918507,0.1344275806971898,1.1976445096096795,5.442199967960858,11.680766002722864,0,,,,,
pair,7.1000000000000005,,,,,,,robot_2,robot_3,10.831152188079953,-1.0211580491348664,-0.4842579597043394,1.1301634982824105,8.046441744386593,5.883600492556233,0,,,,,
pair,7.1000000000000005,,,,,,,robot_2,robot_4,4.776700875246398,-1.1962598639402655,-0.03000788205188913,1.1966361748917766,3.9761879011436894,0.4216974960123233,1,,,,,
pair,7.1000000000000005,,,,,,,robot_3,robot_4,9.56012081466086,-0.17510181480539894,0.4542500776524503,0.48683033861438973,17.55063855642654,4.288687623668345,0,,,,,
robot,7.2,robot_1,-2.6178045265736283,6.249556787380427,0.078271985277533,0.01436040322971723,-0.0017898174990505693,,,,,,,,,,0.0,proceed,0.0,-0.0,0.0
robot,7.2,robot_2,-2.2113716058684543,-5.781395575216111,0.09242788473908384,-6.311232612010026e-05,0.00010675142941125639,,,,,,,,,,1.0,proceed,0.0013300908030942082,-0.002143408637493849,0.002451731823384762
robot,7.2,robot_3,3.382960779400296,3.383252205512799,0.09241203851259369,-9.742815375801683e-06,-3.5104202180355047e-05,,,,,,,,,,0.0,proceed,0.0,0.0,0.0
robot,7.2,robot_4,2.437055791053849,-6.086570313581169,0.09242640444151914,-0.00014746559043129093,-0.0002826184661830259,,,,,,,,,,1.0,proceed,-6.211923391674645e-06,-0.0016401606844738126,0.0016615806380286813
pair,7.2,,,,,,,robot_1,robot_2,12.037815519025873,0.006212948803201002,0.16459963288745078,0.16471684758856564,72.89515871596085,0.8599387536714932,0,,,,,
pair,7.2,,,,,,,robot_1,robot_3,6.650179412122329,-1.0149525952897114,-0.3196498353673853,1.0640981101081408,4.569687056387929,4.536524283366727,0,,,,,
pair,7.2,,,,,,,robot_1,robot_4,13.331603229987161,-1.1900422007872145,0.13468950380838393,1.1976400553132087,5.352311742743975,11.689384597909081,0,,,,,
pair,7.2,,,,,,,robot_2,robot_3,10.73719347789198,-1.0211655440929124,-0.48424946825483606,1.1301666319387,7.94715503428297,5.883707646910432,0,,,,,
pair,7.2,,,,,,,robot_2,robot_4,4.658434166690997,-1.1962551495904155,-0.02991012907906684,1.1966290146670828,3.877013745955448,0.42126833761503985,1,,,,,
pair,7.2,,,,,,,robot_3,robot_4,9.516946715733882,-0.17508960549750308,0.45433933917576924,0.4869092370000244,17.44931759754902,4.2879230412460165,0,,,,,
robot,7.300000000000001,robot_1,-2.5712818139167366,6.246084314017544,0.09505010216589066,-0.0003601612063954922,-0.0016980019244123596,,,,,,,,,,0.0,proceed,0.0,-0.0,0.0
robot,7.300000000000001,robot_2,-2.1607251377263137,-5.776331603082731,0.09450731840915112,-7.277672657802874e-05,9.482008920060958e-05,,,,,,,,,,1.0,proceed,0.0013876408338546753,-0.0021691967267543077,0.0024795690551400185
robot,7.300000000000001,robot_3,3.3469850190521147,3.3472602371257643,0.09448731427582019,-9.430625187552277e-06,-3.391825688584824e-05,,,,,,,,,,0.0,proceed,0.0,0.0,0.0
robot,7.300000000000001,robot_4,2.386227653497638,-6.084003755762129,0.09449123804592524,-0.00014047238827709363,-0.00024835451889756923,,,,,,,,,,1.0,proceed,8.157621778082103e-07,-0.0016448129899799824,0.0016595519846305251
pair,7.300000000000001,,,,,,,robot_1,robot_2,12.029423979065273,0.005628502659597023,0.16124737189383975,0.16134557627917584,74.3793320679632,0.8297059522829586,0,,,,,
pair,7.300000000000001,,,,,,,robot_1,robot_3,6.590073090261339,-1.0155428648513758,-0.32299648102519035,1.0656706982483828,4.467860380697017,4.556247512993143,0,,,,,
pair,7.300000000000001,,,,,,,robot_1,robot_4,13.28939321143092,-1.1906226991897833,0.13141538271976919,1.197853252548637,5.2429688720918115,11.711776634610803,0,,,,,
pair,7.300000000000001,,,,,,,robot_2,robot_3,10.6571478003169,-1.0211713675109728,-0.4842438529190301,1.1301694876938138,7.862281593247608,5.8837864952159595,0,,,,,
pair,7.300000000000001,,,,,,,robot_2,robot_4,4.557350309023178,-1.1962512018493805,-0.029831989174070567,1.196623117570511,3.792229315954597,0.42093272431822176,1,,,,,
pair,7.300000000000001,,,,,,,robot_3,robot_4,9.480073587214969,-0.17507983433840751,0.4544118637449595,0.4869733979429799,17.362804047116246,4.2873054080243005,0,,,,,
robot,7.4,robot_1,-2.5227297234551656,6.237394464967939,0.08384841489260547,-0.00035248609480329797,-0.0012520610935428788,,,,,,,,,,0.0,proceed,0.0,-0.0,0.0
robot,7.4,robot_2,-2.1120004701176778,-5.771461194005522,0.08325279147727772,-7.08364802353232e-05,6.414701098983783e-05,,,,,,,,,,1.0,proceed,0.0014748655958101153,-0.002204878255724907,0.002548071090131998
robot,7.4,robot_3,3.3123749016895894,3.312635392579224,0.0832334903620015,-7.851682221365897e-06,-2.8089391551875102e-05,,,,,,,,,,0.0,proceed,0.0,0.0,0.0
robot,7.4,robot_4,2.3373314289552454,-6.081530700657977,0.08323731022653579,-0.00012206846440790484,-0.00020968349221674038,,,,,,,,,,1.0,proceed,3.2257714337902144e-05,-0.001653702580370009,0.0016899412730708718
pair,7.4,,,,,,,robot_1,robot_2,12.015877527571845,0.004761274683469541,0.1560554021884946,0.15612801891020153,76.80072236369521,0.7767598672754814,0,,,,,
pair,7.4,,,,,,,robot_1,robot_3,6.527071442684369,-1.0164143308038303,-0.32818670450361953,1.0680845494979994,4.357465686984453,4.5762021321081265,0,,,,,
pair,7.4,,,,,,,robot_1,robot_4,13.242964609235363,-1.19148662798557,0.1262808391175375,1.1981599371522373,5.117308027085975,11.738084014840744,0,,,,,
pair,7.4,,,,,,,robot_2,robot_3,10.58039030322936,-1.0211756054872998,-0.48424210669211415,1.1301725687415927,7.780646211743277,5.883833193706231,0,,,,,
pair,7.4,,,,,,,robot_2,robot_4,4.460123030485097,-1.1962479026690396,-0.02977456307095707,1.1966183891475772,3.7106559183359598,0.4206829134773621,1,,,,,
pair,7.4,,,,,,,robot_3,robot_4,9.44463161595249,-0.17507229718173978,0.4544675436211571,0.48702264572146925,17.279911529042693,4.286831153271015,0,,,,,
robot,7.5,robot_1,-2.463638764408872,6.227062836113506,0.08998818404605097,0.00020742915990085327,0.0007315013106518583,,,,,,,,,,0.0,proceed,0.0,-0.0,0.0
robot,7.5,robot_2,-2.0530106741227736,-5.765566511421392,0.08869665251568447,-8.057998919493853e-05,5.382538236959514e-05,,,,,,,,,,1.0,proceed,0.001462839893065393,-0.0022023427300155163,0.0024822864215821028
robot,7.5,robot_3,3.2704736293486025,3.2707173507343774,0.08867467862189798,-7.928262409577502e-06,-2.837718448431594e-05,,,,,,,,,,0.0,proceed,0.0,0.0,0.0
robot,7.5,robot_4,2.2781357033136316,-6.07852953600484,0.08867820534901862,-0.00012910909528363653,-0.00022013652609630826,,,,,,,,,,1.0,proceed,1.9056493329117075e-05,-0.0016466518864035606,0.0016823591431602836
pair,7.5,,,,,,,robot_1,robot_2,11.99965724910038,0.008681729640436564,0.17768975623478162,0.17790171977899974,67.21858356365304,0.9953876284014275,0,,,,,
pair,7.5,,,,,,,robot_1,robot_3,6.451358273508349,-1.0124998933864566,-0.3065484591314425,1.0578884591030604,4.377984528658754,4.491099951672604,0,,,,,
pair,7.5,,,,,,,robot_1,robot_4,13.187570994367471,-1.1875616249837089,0.1479985096957283,1.196748165658132,5.203411959713072,11.624729511603807,0,,,,,
pair,7.5,,,,,,,robot_2,robot_3,10.487798203949337,-1.021181623026893,-0.48423821536622413,1.1301763386431807,7.681804902028906,5.8839070103239495,0,,,,,
pair,7.5,,,,,,,robot_2,robot_4,4.342438807575406,-1.1962433546241455,-0.029691246539053327,1.196611772298548,3.611904469502358,0.4203343849142116,1,,,,,
pair,7.5,,,,,,,robot_3,robot_4,9.401763234024262,-0.1750617315972523,0.4545469688271708,0.48709296519226947,17.179292979936584,4.286162385100608,0,,,,,
robot,7.6000000000000005,robot_1,-2.4041409459822605,6.2172698864136935,0.08737004324012784,0.0010248880417443994,0.0036459793952097795,,,,,,,,,,0.0,proceed,0.0,-0.0,0.0
robot,7.6000000000000005,robot_2,-1.9937906025475627,-5.759649993986235,0.08629263688837269,-8.256580568096437e-05,4.644738685180495e-05,,,,,,,,,,1.0,proceed,0.00080256158253178,-0.0018926007905974984,0.0016176145290955901
robot,7.6000000000000005,robot_3,3.2284090768731692,3.228637018644242,0.08626981444155007,-7.177914292950949e-06,-2.5879514957693658e-05,,,,,,,,,,0.0,proceed,0.0,0.0,0.0
robot,7.6000000000000005,robot_4,2.21871039512256,-6.075509111253124,0.08627360309593562,-0.0001238751553736565,-0.00020574295148012274,,,,,,,,,,1.0,proceed,-0.0001737053826218471,-0.0015361678088083863,0.0015561868203803897
pair,7.6000000000000005,,,,,,,robot_1,robot_2,11.983947480937825,0.019230113001769578,0.22168879301146066,0.22252127582085063,53.462979543004224,1.4438511278345032,0,,,,,
pair,7.6000000000000005,,,,,,,robot_1,robot_3,6.37632701312288,-1.0019565475796461,-0.2625481097869563,1.0357839703289617,4.528981274866998,4.318753485375723,0,,,,,
pair,7.6000000000000005,,,,,,,robot_1,robot_4,13.13328481406815,-1.1770091119349235,0.1920670324554417,1.1925771230968993,5.485835489883182,11.387788084866667,0,,,,,
pair,7.6000000000000005,,,,,,,robot_2,robot_3,10.395223562442691,-1.0211866605814157,-0.484236902798417,1.1301803279924967,7.5825910021851035,5.883961024193296,0,,,,,
pair,7.6000000000000005,,,,,,,robot_2,robot_4,4.224326175537632,-1.196239224936693,-0.02962176055601895,1.1966059217535145,3.512761366540355,0.42004201415530107,1,,,,,
pair,7.6000000000000005,,,,,,,robot_3,robot_4,9.358772709838243,-0.17505256435527727,0.4546151422423981,0.48715328988259365,17.07856030190251,4.285589346022754,0,,,,,
robot,7.7,robot_1,-2.3546961369500994,6.2080571631581245,0.08646364394015957,-0.0020973956433695262,-0.0077086824042052,,,,,,,,,,0.0,proceed,0.0,-0.0,0.0
robot,7.7,robot_2,-1.9431477579434906,-5.75459099481746,0.08836549398636716,-8.741342745322532e-05,3.119135349013502e-05,,,,,,,,,,1.0,proceed,0.0008910478791221976,-0.0019330631475895643,0.001673193764872849
robot,7.7,robot_3,3.1924369023251007,3.1926521508297685,0.08834188000581492,-6.951049079897964e-06,-2.4973207678672497e-05,,,,,,,,,,0.0,proceed,0.0,0.0,0.0
robot,7.7,robot_4,2.1678928153964794,-6.0729200760849675,0.08834550141478513,-0.00012617733671495528,-0.00020899442559329305,,,,,,,,,,1.0,yield,-0.0001778073055902496,-0.0015315479831770062,0.0015519707230851054
pair,7.7,,,,,,,robot_1,robot_2,11.969725269185572,0.031768224273792334,0.2611658331667964,0.2630908825619332,44.948050915082426,1.8530268329157276,0,,,,,
pair,7.7,,,,,,,robot_1,robot_3,6.31374313254772,-0.9894226873704168,-0.2230699193622338,1.0142570893060452,4.681375977217308,4.16157668018746,0,,,,,
pair,7.7,,,,,,,robot_1,robot_4,13.087253828924318,-1.1644675177345998,0.2316026713800713,1.1872760408807068,5.753812918296629,11.162825612473306,0,,,,,
pair,7.7,,,,,,,robot_2,robot_3,10.316365140402766,-1.021190911644209,-0.48423575252903023,1.13018367624563,7.497748271700875,5.884007902197748,0,,,,,
pair,7.7,,,,,,,robot_2,robot_4,4.123346698936198,-1.1962357420083922,-0.02956316178672512,1.1966009907204644,3.4279773587941045,0.41979906937222017,1,,,,,
pair,7.7,,,,,,,robot_3,robot_4,9.32204480134236,-0.175044830364183,0.4546725907423051,0.48720412293980564,16.992446354120514,4.285108714646203,0,,,,,
robot,7.800000000000001,robot_1,-2.2990796986950244,6.194120313126332,0.08721593045166212,-0.008743404107184926,-0.028704872553895734,,,,,,,,,,0.0,proceed,0.0,-0.0,0.0
robot,7.800000000000001,robot_2,-1.8828984845143122,-5.748570760291473,0.0943708625275704,-8.931449238785624e-05,-4.7608869757890196e-05,,,,,,,,,,1.0,proceed,0.0009810669580474496,-0.0019757882691919804,0.001718908199109137
robot,7.800000000000001,robot_3,3.149637560721064,3.149838622593647,0.09435547957723442,-6.92251694643653e-06,-2.493232455314252e-05,,,,,,,,,,0.0,proceed,0.0,0.0,0.0
robot,7.800000000000001,robot_4,2.1074329684250794,-6.069833699163997,0.09435615836776193,-0.0001305749013474685,-0.0002271992013906206,,,,,,,,,,1.0,yield,-0.00013113902241457254,-0.0015540574677288532,0.0015650630230084062
pair,7.800000000000001,,,,,,,robot_1,robot_2,11.949940455003542,0.050217326677390206,0.30693204777873373,0.3110129609072114,37.67942177222584,2.3390323323970255,0,,,,,
pair,7.800000000000001,,,,,,,robot_1,robot_3,6.241487866236008,-0.9709786241359066,-0.17730093697582713,0.9870334902025182,4.876475851802649,3.9735177799911146,0,,,,,
pair,7.800000000000001,,,,,,,robot_1,robot_4,13.031574037738572,-1.1460145181550319,0.2774382685485877,1.1791188526511431,6.079470873465129,10.882816498536384,0,,,,,
pair,7.800000000000001,,,,,,,robot_2,robot_3,10.222920746636515,-1.0211959508132968,-0.4842329847545609,1.1301870435825143,7.396806125158814,5.884070002547832,0,,,,,
pair,7.800000000000001,,,,,,,robot_2,robot_4,4.003243057848275,-1.1962318448324223,-0.029493779230146008,1.1965953825769415,3.3271068008577362,0.4195193465403402,1,,,,,
pair,7.800000000000001,,,,,,,robot_3,robot_4,9.278391462575117,-0.17503589401912528,0.4547392055244149,0.4872630801077078,16.890041197087545,4.284553788141154,0,,,,,
robot,7.9,robot_1,-2.2496089829016355,6.176811034952483,0.07758328627630247,-0.012936504425580305,-0.05057074923650153,,,,,,,,,,0.0,proceed,0.0,-0.0,0.0
robot,7.9,robot_2,-1.8251552796667114,-5.742802753546976,0.08833865439277849,-8.561066472552274e-05,-4.470855671308252e-05,,,,,,,,,,1.0,proceed,0.00107666477560997,-0.0020172460936009884,0.0017865003319457173
robot,7.9,robot_3,3.1086172739207036,3.108805659487171,0.08832278317967995,-6.158222203039854e-06,-2.2129571408906e-05,,,,,,,,,,0.0,proceed,0.0,0.0,0.0
robot,7.9,robot_4,2.053684438409454,-6.071568195457525,0.07390717055771155,0.015007266498412674,-0.00020738038800037216,,,,,,,,,,1.0,yield,-9.293977927882224e-05,-0.00156429095659405,0.0016372917452827096
pair,7.9,,,,,,,robot_1,robot_2,11.927168725777978,0.06783632046032118,0.3427168465616427,0.34936600191024875,33.23260653691592,2.7308042860137545,0,,,,,
pair,7.9,,,,,,,robot_1,robot_3,6.174402449078323,-0.9533633153633052,-0.14151711991030375,0.9638094761456852,5.031775885839384,3.8215068591446184,0,,,,,
pair,7.9,,,,,,,robot_1,robot_4,12.982339082069863,-1.1282223485808105,0.3164485605071406,1.1717616478124897,6.35898945885767,10.631107611589368,0,,,,,
pair,7.9,,,,,,,robot_2,robot_3,10.133759574226604,-1.0211996358236264,-0.48423396647194644,1.1301907938447655,7.300076882072587,5.884102994616302,0,,,,,
pair,7.9,,,,,,,robot_2,robot_4,3.892747650994067,-1.1960586690411317,-0.0262682860545021,1.196347091207516,3.2354204606741437,0.4138541663962287,1,,,,,
pair,7.9,,,,,,,robot_3,robot_4,9.240787163656131,-0.17485903321750546,0.45796568041744434,0.49021244979903705,16.727813927271285,4.260182154730352,0,,,,,
robot,8.0,robot_1,-2.209905447498279,6.1585375716858275,0.05961143512691753,-0.014275313809095252,-0.05558464867723409,,,,,,,,,,0.0,proceed,0.0,-0.0,0.0
robot,8.0,robot_2,-1.7748612071085625,-5.737780150986163,0.07229598195901622,-6.931249865444258e-05,-2.880066180030864e-05,,,,,,,,,,1.0,proceed,0.0011573683004826307,-0.002049997914582491,0.0018739531515166163
robot,8.0,robot_3,3.0728889220240463,3.073066967820998,0.07228231719610968,-4.777539343234216e-06,-1.7054626855531607e-05,,,,,,,,,,0.0,proceed,0.0,0.0,0.0
robot,8.0,robot_4,2.012562426891321,-6.079760649490573,0.05645733596753952,0.01648446494614898,-0.00016186754527992766,,,,,,,,,,1.0,yield,-5.7483255659462884e-05,-0.001576990820467472,0.0016914330190047622
pair,8.0,,,,,,,robot_1,robot_2,11.904269773902806,0.08104881004358089,0.36616640356514,0.3750289918250447,30.720739872859266,2.9957176770543494,0,,,,,
pair,8.0,,,,,,,robot_1,robot_3,6.117846450996525,-0.9401531253855251,-0.1180714954070245,0.9475382721557066,5.126065933636735,3.719704381573318,0,,,,,
pair,8.0,,,,,,,robot_1,robot_4,12.946241860119162,-1.1145434682911666,0.3473542711011387,1.167416863148167,6.572307598037723,10.427657402366947,0,,,,,
pair,8.0,,,,,,,robot_2,robot_3,10.056426217374524,-1.021201935429106,-0.4842378989721645,1.1301945565809137,7.215839023508212,5.884110620158093,0,,,,,
pair,8.0,,,,,,,robot_2,robot_4,3.8028316350764473,-1.1955922783347477,-0.01881213246400129,1.1957402695993458,3.1625384938979146,0.4015242863852928,1,,,,,
pair,8.0,,,,,,,robot_3,robot_4,9.214040680857767,-0.1743903429056416,0.4654257665081632,0.49702428092444184,16.495969638890603,4.20435801365392,0,,,,,
robot,8.1,robot_1,-2.166329326169356,6.133160458988939,0.07017693819311788,-0.01959209314094853,-0.0890450287142788,,,,,,,,,,0.0,proceed,0.0,-0.0,0.0
robot,8.1,robot_2,-1.714466870508972,-5.731748879941549,0.08925036514037446,-8.315536244945729e-05,-1.8366221385516778e-05,,,,,,,,,,1.0,proceed,0.0012424811720848083,-0.0020941775292158127,0.0018940524896606803
robot,8.1,robot_3,3.029985597572274,3.0301519757824127,0.08923217848953269,-5.454774942202645e-06,-1.9601974710071093e-05,,,,,,,,,,0.0,proceed,0.0,-0.0,0.0
robot,8.1,robot_4,1.9648234516124456,-6.091117576604767,0.06897471612219086,0.020107606889777366,-0.0018526373074317381,,,,,,,,,,1.0,yield,-3.827451655524783e-05,-0.0015885792672634125,0.0016894233413040638
pair,8.1,,,,,,,robot_1,robot_2,11.873510571851753,0.10364850935644221,0.39894477697383207,0.4121892145198769,27.58452124096017,3.4208763440552348,0,,,,,
pair,8.1,,,,,,,robot_1,robot_3,6.052301251057456,-0.9177684631064671,-0.08315517373762515,0.9215279348951616,5.311952182395315,3.559245110991755,0,,,,,
pair,8.1,,,,,,,robot_1,robot_4,12.903464525656394,-1.0914019631276246,0.39204787039089745,1.1596808948141168,6.916148862604175,10.107945599082214,0,,,,,
pair,8.1,,,,,,,robot_2,robot_3,9.963971890135907,-1.0214169724629092,-0.4820999507114572,1.1294746540366831,7.109887794898245,5.898542229565202,0,,,,,
pair,8.1,,,,,,,robot_2,robot_4,3.6967990389792282,-1.1950504724840667,-0.006896906582934639,1.195070374122296,3.076936025379476,0.3805963751051736,1,,,,,
pair,8.1,,,,,,,robot_3,robot_4,9.183252617917638,-0.1736335000211574,0.4752030441285226,0.505931344629498,16.21113236724725,4.130849518324408,0,,,,,
robot,8.200000000000001,robot_1,-2.1339074799029887,6.110786894604011,0.06575547905158173,-0.019106483539576162,-0.0907730055788842,,,,,,,,,,0.0,proceed,0.0,-0.0,0.0
robot,8.200000000000001,robot_2,-1.6656229218535938,-5.72687038486344,0.08653905047493435,-7.879514168515796e-05,-8.512405055529867e-07,,,,,,,,,,1.0,proceed,0.0013149066362529993,-0.0021237442269921303,0.0019500808557495475
robot,8.200000000000001,robot_3,2.9952876394186787,2.9954450605345264,0.08652052300282106,-4.853287175692056e-06,-1.7623716322440444e-05,,,,,,,,,,0.0,proceed,0.0,-0.0,0.0
robot,8.200000000000001,robot_4,1.9264686013213659,-6.100022468706508,0.0666110261581179,0.018968239032072898,-0.005627587267877045,,,,,,,,,,1.0,yield,-2.5816098059294745e-05,-0.0015881676226854324,0.0016967117553576827
pair,8.200000000000001,,,,,,,robot_1,robot_2,11.846916066784479,0.11829178273648211,0.4154578109401477,0.431970066710825,26.059493427891677,3.6920383686298823,0,,,,,
pair,8.200000000000001,,,,,,,robot_1,robot_3,6.001166329570998,-0.9034418709933567,-0.06330007653043873,0.905656730749977,5.409231788750399,3.4662235617115518,0,,,,,
pair,8.200000000000001,,,,,,,robot_1,robot_4,12.868197979052496,-1.0763573821913575,0.41969763009152317,1.1552884120003424,7.114201924266741,9.901479546872725,0,,,,,
pair,8.200000000000001,,,,,,,robot_2,robot_3,9.889533557716831,-1.021733653729839,-0.47875788747058645,1.1283389446347338,7.020457213362526,5.920592891676892,0,,,,,
pair,8.200000000000001,,,,,,,robot_2,robot_4,3.61142132525988,-1.1946491649278395,0.00423981915137548,1.1946566884796739,3.007887744926599,0.36040145346583385,1,,,,,
pair,8.200000000000001,,,,,,,robot_3,robot_4,9.158051305363891,-0.17291551119800075,0.4829977066219619,0.5130171133743403,15.989701712252614,4.071958823865054,0,,,,,
robot,8.3,robot_1,-2.097601085685973,6.081776176166813,0.05892681942212333,-0.017983025197613512,-0.08867091535131584,,,,,,,,,,0.0,proceed,0.0,-0.0,0.0
robot,8.3,robot_2,-1.6055225727595013,-5.721012248840784,0.08153225274760152,-0.0003599855699221088,-0.0010232783005194167,,,,,,,,,,1.0,proceed,0.001398054650053382,-0.002160833217203617,0.002005168469622731
robot,8.3,robot_3,2.9526044715574624,2.952751526429818,0.08151171138592656,-4.387200107841549e-06,-1.574190957143151e-05,,,,,,,,,,0.0,proceed,2.043715721811168e-05,-0.0,0.0
robot,8.3,robot_4,1.8795458080753955,-6.110186792435026,0.06233459474286338,0.016849625145553555,-0.009725572723451176,,,,,,,,,,1.0,yield,-2.2575924958800897e-05,-0.0015852350043132901,0.0016842152690514922
pair,8.3,,,,,,,robot_1,robot_2,11.813041770364535,0.15027275937307205,0.41852692174548434,0.44468717817736547,24.60642349704737,4.4516365376406055,0,,,,,
pair,8.3,,,,,,,robot_1,robot_3,5.940990778403397,-0.8718129319376751,-0.056255840925997835,0.8736260687113546,5.5381079002134035,3.447731040017208,0,,,,,
pair,8.3,,,,,,,robot_1,robot_4,12.824260541735507,-1.0437642757088499,0.4358059297330773,1.1310926892330848,7.397804102895815,9.718276231742085,0,,,,,
pair,8.3,,,,,,,robot_2,robot_3,9.798504997260054,-1.022085691310747,-0.4747827626714822,1.126977298845071,6.910560705212609,5.946179839356639,0,,,,,
pair,8.3,,,,,,,robot_2,robot_4,3.5067304493611933,-1.194037035081922,0.01727900798759295,1.194162051509033,2.9228317153163967,0.3387063700958804,1,,,,,
pair,8.3,,,,,,,robot_3,robot_4,9.126242702603447,-0.17195134377117494,0.49206177065907514,0.5212408759574186,15.73476877709814,4.002747414208114,0,,,,,
robot,8.4,robot_1,-2.0690937312000184,6.056056083493182,0.06185154782984585,-0.01823422177772016,-0.09314520841919018,,,,,,,,,,0.0,proceed,0.0,-0.0,0.0
robot,8.4,robot_2,-1.5538206415638314,-5.716281783167947,0.08824479421577401,-0.0008745290266056844,-0.002849035780436388,,,,,,,,,,1.0,proceed,0.0014016461791470647,-0.0021602148190140724,0.0019520196365192533
robot,8.4,robot_3,2.9159084091252954,2.916047125544131,0.08821842287804765,-4.4775919189540825e-06,-1.6109240997842008e-05,,,,,,,,,,0.0,proceed,7.10544700268656e-05,-0.0,0.0
robot,8.4,robot_4,1.8393931827259995,-6.1182124965104245,0.06716192271004252,0.01772720374677914,-0.013930559112455892,,,,,,,,,,1.0,yield,-1.8643080693436787e-05,-0.0015778189990669489,0.0016857507871463895
pair,8.4,,,,,,,robot_1,robot_2,11.783609175618764,0.1790697012839637,0.41933776090747993,0.45597161714390383,23.30004958383051,5.097120964279944,0,,,,,
pair,8.4,,,,,,,robot_1,robot_3,5.891511062117107,-0.8433087529546914,-0.05188492209164208,0.8449033660427994,5.660727883126232,3.440208197874292,0,,,,,
pair,8.4,,,,,,,robot_1,robot_4,12.786285051350683,-1.0144136307994678,0.44722268731083736,1.108622183792696,7.65590007093162,9.56302347778615,0,,,,,
pair,8.4,,,,,,,robot_2,robot_3,9.720883713673391,-1.0223784542386551,-0.471222682999122,1.1257479827493864,6.81562833813793,5.96871544394293,0,,,,,
pair,8.4,,,,,,,robot_2,robot_4,3.416935521147511,-1.1934833320834315,0.027884926403357456,1.1938090438095579,2.849430847740196,0.32256254990048744,1,,,,,
pair,8.4,,,,,,,robot_3,robot_4,9.098171901615997,-0.17110487784477635,0.49910760940247945,0.5276222938672454,15.535557910668794,3.9480947912850883,0,,,,,
robot,8.5,robot_1,-2.0431418990904957,6.030761032209888,0.06185154782984585,-0.01823422177772016,-0.09314520841919018,,,,,,,,,,0.0,proceed,0.0,-0.0,0.0
robot,8.5,robot_2,-1.5032242344019011,-5.712026694906469,0.08824479421577401,-0.0008745290266056844,-0.002849035780436388,,,,,,,,,,1.0,proceed,0.0030931043438613415,-0.0022789817303419113,0.003056294983252883
robot,8.5,robot_3,2.880023235330575,2.880154233491975,0.08821842287804765,-4.4775919189540825e-06,-1.6109240997842008e-05,,,,,,,,,,0.0,proceed,0.00012803960999008268,-0.0,0.0
robot,8.5,robot_4,1.800262860885342,-6.125520300745889,0.06716192271004252,0.01772720374677914,-0.013930559112455892,,,,,,,,,,1.0,yield,0.00034403076278977096,-0.0016700236592441797,0.0018728455761447549
pair,8.5,,,,,,,robot_1,robot_2,11.755193519834428,0.20524950444226098,0.4169908701383655,0.4647674094130793,22.155665236286517,5.670238586416479,0,,,,,
pair,8.5,,,,,,,robot_1,robot_3,5.8449874371898165,-0.8173596499936191,-0.05122541273030928,0.818963271671619,5.759058532738807,3.452377089447148,0,,,,,
pair,8.5,,,,,,,robot_1,robot_4,12.74938963225197,-0.98759555687759,0.4544781425485326,1.0871501119986704,7.886056492572643,9.436365652710942,0,,,,,
pair,8.5,,,,,,,robot_2,robot_3,9.645643134972914,-1.0226091544358802,-0.4682162828686748,1.124702614151592,6.7238292909573545,5.987480558901157,0,,,,,
pair,8.5,,,,,,,robot_2,robot_4,3.3292647763131473,-1.1928450613198511,0.037487272410167076,1.1934339679713803,2.7775691139625476,0.309522851604676,1,,,,,
pair,8.5,,,,,,,robot_3,robot_4,9.07017399407765,-0.17023590688397094,0.5057035552788418,0.533588183728115,15.349970754886845,3.896502761956652,0,,,,,
robot,8.6,robot_1,-2.0154274614103342,6.001796873438251,0.05274682565596414,-0.013446804423623806,-0.07389430631797504,,,,,,,,,,0.0,proceed,0.0,-0.0,0.0
robot,8.6,robot_2,-1.4449177038624346,-5.707606029035088,0.08067615594928376,-0.0016580910927482557,-0.005683458073879211,,,,,,,,,,1.0,proceed,0.003152086166664958,-0.002316089114174247,0.0030888838227838278
robot,8.6,robot_3,2.838699809270308,2.838822459172707,0.08065265924124407,-3.635339307091201e-06,-1.3052529420335167e-05,,,,,,,,,,0.0,proceed,0.00026887221611104906,-0.0,0.0
robot,8.6,robot_4,1.7553801922451244,-6.133290180310924,0.0607158989428101,0.015651062384147357,-0.016670827583671968,,,,,,,,,,1.0,yield,0.0003517845179885626,-0.0016657039523124695,0.0019055339507758617
pair,8.6,,,,,,,robot_1,robot_2,11.723292955305196,0.2331710925623922,0.4072930419081227,0.46931479882218874,21.048797475506834,6.312732796937391,0,,,,,
pair,8.6,,,,,,,robot_1,robot_3,5.793699915016653,-0.7896479504815956,-0.05799961364059947,0.7917751201460194,5.821589903152638,3.510054432374374,0,,,,,
pair,8.6,,,,,,,robot_1,robot_4,12.707451678560002,-0.9588263917802082,0.45506449161146717,1.0613348864047842,8.112162312209621,9.346231046273626,0,,,,,
pair,8.6,,,,,,,robot_2,robot_3,9.559854544022484,-1.0228190430439879,-0.4652926555487222,1.1236796919589678,6.619344968476101,6.005549524480012,0,,,,,
pair,8.6,,,,,,,robot_2,robot_4,3.228484725142415,-1.1919974843426004,0.04777144970334449,1.1929543637901021,2.694803239941538,0.2971878709084205,1,,,,,
pair,8.6,,,,,,,robot_3,robot_4,9.037277610442954,-0.1691784412986126,0.5130641052520667,0.5402370971141577,15.144430079887606,3.8385006372049726,0,,,,,
robot,8.700000000000001,robot_1,-1.98859492798733,5.9716406755672615,0.05492300040717234,-0.012931765442254606,-0.07346512802020412,,,,,,,,,,0.0,proceed,0.0,-0.0,0.0
robot,8.700000000000001,robot_2,-1.383922890293533,-5.703463391395079,0.08659367041349966,-0.0020134640092138497,-0.0068521739296798015,,,,,,,,,,1.0,proceed,0.0032147665042430162,-0.0023570468183606863,0.00312544172629714
robot,8.700000000000001,robot_3,2.795503325741286,2.7956178680136725,0.08655126066954355,-3.688672504310875e-06,-1.325600079926687e-05,,,,,,,,,,0.0,proceed,0.00032776742591522634,-0.0,0.0
robot,8.700000000000001,robot_4,1.7086075009975938,-6.140772000259305,0.06486647050463444,0.016767325160517568,-0.018521962692191037,,,,,,,,,,1.0,yield,0.00037532593705691397,-0.001670386642217636,0.001919822650961578
pair,8.700000000000001,,,,,,,robot_1,robot_2,11.690752039435674,0.2602069388224437,0.4019782983343949,0.4788467430641695,19.78156682402636,6.851896089894872,0,,,,,
pair,8.700000000000001,,,,,,,robot_1,robot_3,5.742361620050567,-0.7628184537617052,-0.06022517888510798,0.7651921755814953,5.906079057309652,3.5427073966675224,0,,,,,
pair,8.700000000000001,,,,,,,robot_1,robot_4,12.664116496243079,-0.9309363759672332,0.4596388816152765,1.0382246566093236,8.358019119441858,9.223926160995823,0,,,,,
pair,8.700000000000001,,,,,,,robot_2,robot_3,9.471113226506805,-1.0230253925841488,-0.4622034772195029,1.1225920934274174,6.509982045222393,6.0244773250889185,0,,,,,
pair,8.700000000000001,,,,,,,robot_2,robot_4,3.1232968223411,-1.1911433147896768,0.057660583280881576,1.1925381080839432,2.6079315343087206,0.28726974630883845,1,,,,,
pair,8.700000000000001,,,,,,,robot_3,robot_4,9.00224452076354,-0.16811792220552801,0.5198640605003845,0.5463719220152619,14.950245247304048,3.783879240791232,0,,,,,
robot,8.8,robot_1,-1.967337789443072,5.946593973949827,0.053201626200428814,-0.01103937205449814,-0.06555683914331223,,,,,,,,,,0.0,proceed,0.0,-0.0,0.0
robot,8.8,robot_2,-1.3322255062627875,-5.700277010205107,0.08702866663908422,-0.002123454972724756,-0.0072769529998676415,,,,,,,,,,1.0,proceed,0.0025667627342045307,-0.0020920108072459698,0.0023558384273201227
robot,8.8,robot_3,2.758906468365901,2.7590145451493036,0.08699896874112663,-3.4337204991158332e-06,-1.2400272431774037e-05,,,,,,,,,,0.0,proceed,0.00038963649421930313,-0.0,0.0
robot,8.8,robot_4,1.669086554864553,-6.146703464521777,0.06489132015947521,0.01700481116955673,-0.018915820873466625,,,,,,,,,,1.0,yield,0.0002007403818424791,-0.0015657759504392743,0.0018185027875006199
pair,8.8,,,,,,,robot_1,robot_2,11.664174695785235,0.28160302365290957,0.39477606659536807,0.4849210303616163,18.79262741780338,7.280610642109904,0,,,,,
pair,8.8,,,,,,,robot_1,robot_3,5.700705868520543,-0.7415636149305835,-0.0651619319803119,0.7444210316536749,5.949700525395531,3.589049767997886,0,,,,,
pair,8.8,,,,,,,robot_1,robot_4,12.628199592468318,-0.9087513695551133,0.460283726557714,1.0186707812645608,8.548749859376175,9.145264429338559,0,,,,,
pair,8.8,,,,,,,robot_2,robot_3,9.396646979232521,-1.023166638583493,-0.45993799857567996,1.1217900573833084,6.418131256460213,6.03820457186983,0,,,,,
pair,8.8,,,,,,,robot_2,robot_4,3.0343319968952307,-1.1903543932080227,0.06550765996234596,1.1921555414220841,2.534323857789635,0.28083312081873424,1,,,,,
pair,8.8,,,,,,,robot_3,robot_4,8.972152512727584,-0.16718775462452978,0.5254456585380259,0.5514026526712142,14.791455263413392,3.7387708047951107,0,,,,,
robot,8.9,robot_1,-1.9439722798917936,5.917823324131231,0.05285914066351564,-0.009989359170404933,-0.06165767004693423,,,,,,,,,,0.0,proceed,0.0,-0.0,0.0
robot,8.9,robot_2,-1.2713456408832975,-5.6968558610576165,0.09007899331035714,-0.002243866913249731,-0.0076648846164912715,,,,,,,,,,1.0,proceed,0.002606330905109644,-0.0021269642747938633,0.0023686864878982306
robot,8.9,robot_3,2.715816923948233,2.7159178554877954,0.09006334519911433,-3.3428790368744687e-06,-1.2025881869030334e-05,,,,,,,,,,0.0,proceed,0.0004462421056814492,-0.0,0.0
robot,8.9,robot_4,1.6226896331496847,-6.153218986969112,0.066813681734957,0.017691810934089898,-0.01904895501543545,,,,,,,,,,1.0,yield,0.0001943843235494569,-0.0015583309577777982,0.0018313471227884293
pair,8.9,,,,,,,robot_1,robot_2,11.634139382453819,0.30511117561934586,0.38658953144571356,0.49248786311059045,17.666412124907946,7.723639753925377,0,,,,,
pair,8.9,,,,,,,robot_1,robot_3,5.653833571511705,-0.7182007047051693,-0.07086154816979046,0.7216880290319504,5.989958873618886,3.643971543542956,0,,,,,
pair,8.9,,,,,,,robot_1,robot_4,12.586943222177313,-0.8843061124664603,0.4607040279543407,0.9971185997256785,8.765640607188798,9.057419039563,0,,,,,
pair,8.9,,,,,,,robot_2,robot_3,9.309791991456699,-1.0233118803245151,-0.457451079615504,1.1209053013768313,6.310380584511383,6.05310677218132,0,,,,,
pair,8.9,,,,,,,robot_2,robot_4,2.9297964895259994,-1.189417288085806,0.07411449650862711,1.1917241475232936,2.447558751592806,0.27549682959196165,1,,,,,
pair,8.9,,,,,,,robot_3,robot_4,8.936247288661782,-0.166105407761291,0.5315655761241311,0.5569137888468234,14.615218765133145,3.6886865991790967,0,,,,,
robot,9.0,robot_1,-1.9261023213767663,5.894817359242009,0.046125147016370535,-0.007997357116832946,-0.05111300819127289,,,,,,,,,,0.0,proceed,0.0,-0.0,0.0
robot,9.0,robot_2,-1.221546012947941,-5.694285522938325,0.08138923536306031,-0.0019863786571253216,-0.0068441933711803765,,,,,,,,,,1.0,proceed,0.0026395712047815323,-0.0021634232252836227,0.002385913860052824
robot,9.0,robot_3,2.68056946071503,2.6806649115006818,0.08139941826400707,-2.8528506111763496e-06,-1.0250553228452329e-05,,,,,,,,,,0.0,proceed,0.0005174428224563599,-0.0,0.0
robot,9.0,robot_4,1.5848266346169626,-6.158195371507325,0.06016242571442633,0.016123932781306194,-0.016711095504011494,,,,,,,,,,1.0,yield,0.00019177196372766048,-0.0015496683772653341,0.0018611960113048553
pair,9.0,,,,,,,robot_1,robot_2,11.61049978276161,0.32306944071889887,0.37597743167882264,0.49571452738267197,16.80532255943593,8.087280151064014,0,,,,,
pair,9.0,,,,,,,robot_1,robot_3,5.617134577811215,-0.6917794773778809,-0.08821823667866052,0.6973817481149805,5.969581692869848,3.7710725426831977,0,,,,,
pair,9.0,,,,,,,robot_1,robot_4,12.553953083457047,-0.8654733648458529,0.4568980036421427,0.9786725351156935,8.922127341354475,9.019794402062248,0,,,,,
pair,9.0,,,,,,,robot_2,robot_3,9.239388505150657,-1.01484891809678,-0.46419566835748316,1.1159730933512937,6.301348107072179,5.992944029784275,0,,,,,
pair,9.0,,,,,,,robot_2,robot_4,2.8444577312028665,-1.1885428055647518,0.08092057196332006,1.1912943127651547,2.3767448702321343,0.2722110142635065,1,,,,,
pair,9.0,,,,,,,robot_3,robot_4,8.906520276936542,-0.17369388746797193,0.5451162403208032,0.5721199891676781,14.138654311485368,3.7274754482279997,0,,,,,
robot,9.1,robot_1,-1.905807286350259,5.867574445181059,0.04708534285935877,-0.007517036747559647,-0.05009269514465826,,,,,,,,,,0.0,proceed,0.0,-0.0,0.0
robot,9.1,robot_2,-1.1609992839097254,-5.691390467749648,0.08662867289855401,-0.002027435386680993,-0.006963155728891735,,,,,,,,,,1.0,proceed,0.0026593832299113274,-0.0022148804273456335,0.002355061937123537
robot,9.1,robot_3,2.6377113012019624,2.637800491141608,0.08665967749171188,-2.8454472715475077e-06,-1.021289845581904e-05,,,,,,,,,,0.0,proceed,0.000581724860239774,-0.0,0.0
robot,9.1,robot_4,1.5388809362792621,-6.1638573475699845,0.06379534927776043,0.017320366543248585,-0.01693930227646388,,,,,,,,,,1.0,yield,0.00018648835248313844,-0.0015478708082810044,0.001854678150266409
pair,9.1,,,,,,,robot_1,robot_2,11.582936105274115,0.3434739327008812,0.36735222649383603,0.502913512201639,15.777154028168072,8.438448981067038,0,,,,,
pair,9.1,,,,,,,robot_1,robot_3,5.574495578043288,-0.6471330396679282,-0.11683117168349388,0.657594627188202,5.926782618175875,3.985613519493085,0,,,,,
pair,9.1,,,,,,,robot_1,robot_4,12.514840308000062,-0.844128208553736,0.4557990547821064,0.959325393605528,9.118359473115966,8.950024034481407,0,,,,,
pair,9.1,,,,,,,robot_2,robot_3,9.154541175783494,-0.9906069723688095,-0.4841833981773299,1.1026040707235967,6.412483353363427,5.815035703677039,0,,,,,
pair,9.1,,,,,,,robot_2,robot_4,2.7409082720687494,-1.1876021412546174,0.08844682828827038,1.1908911316097734,2.290313112962922,0.27064340925680747,1,,,,,
pair,9.1,,,,,,,robot_3,robot_4,8.869983589648257,-0.19699516888580781,0.5726302264656004,0.6055678928298566,13.153714164565452,3.902299942095839,0,,,,,
robot,9.200000000000001,robot_1,-1.8895556968306109,5.844918765022884,0.04482668883351354,-0.0065171993783255805,-0.04519193507625774,,,,,,,,,,0.0,proceed,0.0,-0.0,0.0
robot,9.200000000000001,robot_2,-1.1092579449939497,-5.689079011881179,0.0852716432666189,-0.0018726371061882153,-0.006444443777642281,,,,,,,,,,1.0,proceed,0.002644068095833063,-0.0022487954702228308,0.0023362459614872932
robot,9.200000000000001,robot_3,2.6017678505990904,2.6009024589289225,0.08452576730805275,0.0016593728512948325,0.006037934170026308,,,,,,,,,,0.0,proceed,0.0005936964298598468,-0.0,0.0
robot,9.200000000000001,robot_4,1.4996398271517275,-6.16839925968676,0.06271247909566699,0.01726711070145531,-0.016287108035492007,,,,,,,,,,1.0,yield,0.00017834494065027684,-0.0015436289831995964,0.0018601540941745043
pair,9.200000000000001,,,,,,,robot_1,robot_2,11.560361988240212,0.36281883712746,0.5791561692877052,0.6834174251499089,13.696072836003099,6.784529845266248,0,,,,,
pair,9.200000000000001,,,,,,,robot_1,robot_3,5.5403636163973955,-0.6073067187071042,0.07967427829463597,0.612510768238862,7.95927198810832,2.6322311698989744,0,,,,,
pair,9.200000000000001,,,,,,,robot_1,robot_4,12.482245641814439,-0.8239207901222725,0.673810749453018,1.0643619659092238,9.610251949170959,7.15390660953114,0,,,,,
pair,9.200000000000001,,,,,,,robot_2,robot_3,9.082703630633985,-0.9701255558345642,-0.49948189099306917,1.0911579874213149,6.501502727588317,5.6717109453110215,0,,,,,
pair,9.200000000000001,,,,,,,robot_2,robot_4,2.6525639455935988,-1.1867396272497324,0.09465458016531283,1.190508476421359,2.21648846617256,0.27037540284043327,1,,,,,
pair,9.200000000000001,,,,,,,robot_3,robot_4,8.838288228621193,-0.2166140714151683,0.5941364711583821,0.6323921270031677,12.431056203531694,4.0392163252537765,0,,,,,
robot,9.3,robot_1,-1.8743011281114104,5.822856112685567,0.044856847958830284,-0.006143354466536407,-0.04434810131312433,,,,,,,,,,0.0,proceed,0.0,-0.0,0.0
robot,9.3,robot_2,-1.0575195737668723,-5.686900953671447,0.08906989575749065,-0.0018377784876432114,-0.006282971246481218,,,,,,,,,,1.0,proceed,0.003662056289613247,-0.0027310585137456656,0.003451901488006115
robot,9.3,robot_3,2.567860918211595,2.5632303199881314,0.08614440962401518,0.00638670802547954,0.020219745946038526,,,,,,,,,,0.0,proceed,0.0005533809890039265,-0.0,0.0
robot,9.3,robot_4,1.4604222087080663,-6.172652631301828,0.06534018580207909,0.0181472400503098,-0.016024857359399132,,,,,,,,,,1.0,yield,0.0004070247814524919,-0.001674874685704708,0.002031221752986312
pair,9.3,,,,,,,robot_1,robot_2,11.538701826205264,0.35254387029897816,0.5729947016613351,0.6727630404662144,13.934904161423626,6.727042856415538,0,,,,,
pair,9.3,,,,,,,robot_1,robot_3,5.5098061630343205,-0.5965641123806803,0.059281064150657814,0.599502280852528,7.9110877332817315,2.8043924571683077,0,,,,,
pair,9.3,,,,,,,robot_1,robot_4,12.450406007845949,-0.8333868474188016,0.6734108645724357,1.0714550060431116,9.457204508406956,7.234331116342704,0,,,,,
pair,9.3,,,,,,,robot_2,robot_3,9.011550906710445,-0.9491079826796585,-0.5137136375106773,1.0792162267825214,6.593141565115114,5.529807560328234,0,,,,,
pair,9.3,,,,,,,robot_2,robot_4,2.5643684431558973,-1.1859307177177798,0.10041616291110053,1.1901743876425828,2.1424987864259117,0.2715785071592463,1,,,,,
pair,9.3,,,,,,,robot_3,robot_4,8.805797603507896,-0.23682273503812135,0.6141298004217779,0.6582100117721007,11.777985521429851,4.176428127768955,0,,,,,
robot,9.4,robot_1,-1.859081073470066,5.79565344356235,0.06159183468221756,-0.018316890758865827,-0.0607876316011591,,,,,,,,,,0.0,proceed,0.0,-0.0,0.0
robot,9.4,robot_2,-1.0026976642634429,-5.6847285833185275,0.09279907556626939,-0.0017958183251062065,-0.006122860813057691,,,,,,,,,,1.0,proceed,0.0037950777914375067,-0.0028253626078367233,0.003559268079698086
robot,9.4,robot_3,2.535038406564112,2.5220062394512013,0.08786407027506696,0.010246440743760132,0.03823062702986224,,,,,,,,,,0.0,proceed,0.0004941052757203579,-0.0,0.0
robot,9.4,robot_4,1.4188776469557527,-6.1768459265062035,0.06801119523235598,0.01904897650216028,-0.016005595683535895,,,,,,,,,,1.0,yield,0.0004271920770406723,-0.0016834618290886283,0.0020542102865874767
pair,9.4,,,,,,,robot_1,robot_2,11.512278837254328,0.3305881290121697,0.5609138168055223,0.6510858783041651,14.52278489396105,6.56692986869095,0,,,,,
pair,9.4,,,,,,,robot_1,robot_3,5.479512024058399,-0.5975067456713938,0.03434551595250379,0.5984930455643268,7.643767627764856,3.016088491059956,0,,,,,
pair,9.4,,,,,,,robot_1,robot_4,12.413128313970963,-0.854496139234016,0.6670872999986258,1.0840521748445946,9.179704594787983,7.4200947547036495,0,,,,,
pair,9.4,,,,,,,robot_2,robot_3,8.936782024761245,-0.9280948746835636,-0.5265683008530185,1.067068072747533,6.678844396593022,5.392129145427954,0,,,,,
pair,9.4,,,,,,,robot_2,robot_4,2.4710739502031176,-1.1850842682461857,0.10617348319310348,1.1898308835199873,2.0640147725065856,0.27406704637851215,1,,,,,
pair,9.4,,,,,,,robot_3,robot_4,8.77016783456687,-0.25698939356262224,0.632741784046122,0.6829390263277928,11.186153189952991,4.30749185466112,0,,,,,
robot,9.5,robot_1,-1.8444737369193644,5.75878434904512,0.05642870099026417,-0.018122520979906864,-0.0608582047352873,,,,,,,,,,0.0,proceed,0.0,-0.0,0.0
robot,9.5,robot_2,-0.9534022336379414,-5.6828843925555335,0.06428185485621948,-0.0011878000962246998,-0.003922802294930454,,,,,,,,,,1.0,proceed,0.0038365779910236597,-0.002879248932003975,0.0036432051565498114
robot,9.5,robot_3,2.508425240177665,2.483820894179031,0.05957710440311162,0.009264695755610747,0.03516130777403102,,,,,,,,,,0.0,proceed,0.0009779054671525955,-0.0,0.0
robot,9.5,robot_4,1.3815234108035923,-6.180349261523866,0.04705882475391673,0.013235635678286554,-0.010488114099132525,,,,,,,,,,1.0,yield,0.00042312568984925747,-0.001682495465502143,0.0021017510443925858
pair,9.5,,,,,,,robot_1,robot_2,11.476314391671297,0.3067532988009002,0.5474040657930073,0.6274940617822207,15.212432145688982,6.370651194256367,0,,,,,
pair,9.5,,,,,,,robot_1,robot_3,5.447303473785979,-0.6096272475742741,0.014201306156136462,0.6097926353126328,7.261465493313789,3.172701659251707,0,,,,,
pair,9.5,,,,,,,robot_1,robot_4,12.367294326898456,-0.8771952748931569,0.659576699284156,1.0975030626533409,8.887080536341514,7.603768338230048,0,,,,,
pair,9.5,,,,,,,robot_2,robot_3,8.870136678701341,-0.9163805463751743,-0.5332027596368708,1.0602162461777491,6.696147241339346,5.317739574962524,0,,,,,
pair,9.5,,,,,,,robot_2,robot_4,2.3873309491832906,-1.1839485736940571,0.1121726334911487,1.1892505727795686,1.994060723784255,0.27501190331194864,1,,,,,
pair,9.5,,,,,,,robot_3,robot_4,8.737147830958305,-0.26756802731888274,0.6453753931280195,0.6986430041863041,10.838142044633456,4.359207220020198,0,,,,,
robot,9.600000000000001,robot_1,-1.8266535474648617,5.712244489432273,0.07771234056105088,-0.018240354843673028,-0.07945328848507094,,,,,,,,,,0.0,proceed,0.0,-0.0,0.0
robot,9.600000000000001,robot_2,-0.9004312046452341,-5.6810159020456075,0.08584657384615872,-0.0014910531409178937,-0.004894918896296274,,,,,,,,,,1.0,proceed,0.003884160192683339,-0.0029469882138073444,0.0036342241801321507
robot,9.600000000000001,robot_3,2.482620910673603,2.4418243319952375,0.07810282336182792,0.014132914326024187,0.05452383902068779,,,,,,,,,,0.0,proceed,0.0007404455682262778,-0.0,0.0
robot,9.600000000000001,robot_4,1.3413768337039487,-6.183825008117145,0.06280964066582867,0.017753604403201416,-0.013203635802136167,,,,,,,,,,1.0,yield,0.0004032921278849244,-0.0016745245084166527,0.002085188403725624
pair,9.600000000000001,,,,,,,robot_1,robot_2,11.430847307892666,0.2666909446032162,0.5212046705557476,0.5854727735279251,16.603163850672175,6.014337380278487,0,,,,,
pair,9.600000000000001,,,,,,,robot_1,robot_3,5.409759177794797,-0.6293748132926421,-0.022463222265067195,0.6297755568150275,6.6529749262544415,3.422044953330497,0,,,,,
pair,9.600000000000001,,,,,,,robot_1,robot_4,12.310681783984762,-0.9166879933433001,0.6377263985362077,1.116696841819537,8.412536804435362,7.956185724021898,0,,,,,
pair,9.600000000000001,,,,,,,robot_2,robot_3,8.799180364256435,-0.8960657578958583,-0.5436678928208147,1.048097619574486,6.779705188300019,5.189728584588038,0,,,,,
pair,9.600000000000001,,,,,,,robot_2,robot_4,2.29750305287185,-1.1833789379465163,0.11652172798046011,1.1891017718710948,1.9176573613430483,0.28071134649694723,1,,,,,
pair,9.600000000000001,,,,,,,robot_3,robot_4,8.70081976493017,-0.287313180050658,0.6601896208012749,0.7199994436418357,10.352388109408864,4.488476018786283,0,,,,,
robot,9.700000000000001,robot_1,-1.8056166539608174,5.660996165283013,0.08558859687485378,-0.012776401091141906,-0.06324613236045432,,,,,,,,,,0.0,proceed,0.0,-0.0,0.0
robot,9.700000000000001,robot_2,-0.8404139695847458,-5.679006604943947,0.09454013487113631,-0.0014902885161002127,-0.004922406143436742,,,,,,,,,,1.0,proceed,0.003929727245122194,-0.003006312996149063,0.003654822940006852
robot,9.700000000000001,robot_3,2.4559110851511985,2.3934405801642176,0.08531840007221349,0.01544960119251581,0.061211947895219734,,,,,,,,,,0.0,proceed,0.0006352860946208239,-0.0,0.0
robot,9.700000000000001,robot_4,1.2957696856006795,-6.187484311767033,0.0693910521858501,0.019878525886491527,-0.01500652657009385,,,,,,,,,,1.0,yield,0.0004142546094954014,-0.0016820969758555293,0.0020838624332100153
pair,9.700000000000001,,,,,,,robot_1,robot_2,11.381005186304147,0.23387866220821096,0.49603007718304964,0.5484022849209553,17.952886830993272,5.70922901938259,0,,,,,
pair,9.700000000000001,,,,,,,robot_1,robot_3,5.370059419881889,-0.6433759053785644,-0.05630355173736118,0.6458348438725873,6.13227777318933,3.626632571332683,0,,,,,
pair,9.700000000000001,,,,,,,robot_1,robot_4,12.24765638162072,-0.9486917458246784,0.6177654475468786,1.1320998969961402,8.00674134919017,8.236575529958762,0,,,,,
pair,9.700000000000001,,,,,,,robot_2,robot_3,8.719527649066814,-0.8772545675867753,-0.5523336289204108,1.0366523110417736,6.83982119062228,5.074912706140266,0,,,,,
pair,9.700000000000001,,,,,,,robot_2,robot_4,2.1958666141224126,-1.1825704080328894,0.12173537036382891,1.1888196963176094,1.8312470484691803,0.2870591578027463,1,,,,,
pair,9.700000000000001,,,,,,,robot_3,robot_4,8.658995326706002,-0.3053158404461141,0.6740689992842397,0.739991066313218,9.916101199547647,4.597227996761074,0,,,,,
robot,9.8,robot_1,-1.7859835736241743,5.6204840564102785,0.0771190954947723,-0.001493966084031656,-0.033704352094117776,,,,,,,,,,0.0,proceed,0.0,-0.0,0.0
robot,9.8,robot_2,-0.7899598156192723,-5.677419362317813,0.08804103038631719,-0.0013583668821767988,-0.004412979488745932,,,,,,,,,,1.0,proceed,0.0039597488939762115,-0.0030547394417226315,0.0036986395716667175
robot,9.8,robot_3,2.4353978103080824,2.3523582454684897,0.07828401001459602,0.014861548684248393,0.05884227089390442,,,,,,,,,,0.0,proceed,0.0005462850094772875,-0.0,0.0
robot,9.8,robot_4,1.257371360983213,-6.190261722763839,0.06452922486959453,0.018394246459431246,-0.01261375710282374,,,,,,,,,,1.0,yield,0.0003914728295058012,-0.0016719783889129758,0.0021056169643998146
pair,9.8,,,,,,,robot_1,robot_2,11.341723192946391,0.2148082824336659,0.47967226972139065,0.5255740523863142,18.844343187873918,5.526620258341924,0,,,,,
pair,9.8,,,,,,,robot_1,robot_3,5.338605352032845,-0.6501082660484838,-0.07790273588735946,0.6547591876738362,5.807565367550703,3.747168133567516,0,,,,,
pair,9.8,,,,,,,robot_1,robot_4,12.196545622358748,-0.9669140947771383,0.6060130610471227,1.1411286942489862,7.7563548186665345,8.391396844368034,0,,,,,
pair,9.8,,,,,,,robot_2,robot_3,8.653338098423871,-0.8649165484821497,-0.5575750056087502,1.0290629342843287,6.862200905730165,5.001354694422491,0,,,,,
pair,9.8,,,,,,,robot_2,robot_4,2.1105857559825347,-1.181722377210804,0.12634079132573206,1.1884568870403192,1.758791851616917,0.29229150518700536,1,,,,,
pair,9.8,,,,,,,robot_3,robot_4,8.623462311447222,-0.3168058287286544,0.6839157969344822,0.7537285654749841,9.627111619363111,4.6595324329210035,0,,,,,
robot,9.9,robot_1,-1.763829973354499,5.584748058470046,0.0771190954947723,-0.001493966084031656,-0.033704352094117776,,,,,,,,,,0.0,proceed,0.0,-0.0,0.0
robot,9.9,robot_2,-0.7410007643242672,-5.6759789225264585,0.08804103038631719,-0.0013583668821767988,-0.004412979488745932,,,,,,,,,,1.0,proceed,0.0037918221205472946,-0.0031281772535294294,0.0035690143704414368
robot,9.9,robot_3,2.417149540541338,2.3123952012447306,0.07828401001459602,0.014861548684248393,0.05884227089390442,,,,,,,,,,0.0,proceed,0.0009018257260322571,-0.0,0.0
robot,9.9,robot_4,1.2201881085469226,-6.192669443064056,0.06452922486959453,0.018394246459431246,-0.01261375710282374,,,,,,,,,,1.0,yield,0.0002691996342036873,-0.0016425958601757884,0.002059910213574767
pair,9.9,,,,,,,robot_1,robot_2,11.307084139219452,0.19878635464707567,0.4647411556986376,0.5054704309788836,19.686856207636403,5.368918792459832,0,,,,,
pair,9.9,,,,,,,robot_1,robot_3,5.309320381913993,-0.6540002420735092,-0.0976413438204613,0.6612489309293997,5.522799000033975,3.8538527622511753,0,,,,,
pair,9.9,,,,,,,robot_1,robot_4,12.149564885976634,-0.9822303563737809,0.5950144663157312,1.1483983142216636,7.536082876964167,8.527183418805866,0,,,,,
pair,9.9,,,,,,,robot_2,robot_3,8.589996186812881,-0.8527865967205848,-0.5623824995190989,1.0215278044730973,6.886074596014604,4.930154517558144,0,,,,,
pair,9.9,,,,,,,robot_2,robot_4,2.028110176762392,-1.1810167110208565,0.13027331061709357,1.1881799557178445,1.6883097838909142,0.29854869227474895,1,,,,,
pair,9.9,,,,,,,robot_3,robot_4,8.588878929962481,-0.3282301143002718,0.6926558101361925,0.7664901038167385,9.358531748853398,4.723740871125744,0,,,,,
robot,10.0,robot_1,-1.7331941543772846,5.54462519345308,0.07995047852079055,0.012853953648597038,0.02411890063165492,,,,,,,,,,0.0,proceed,0.0,-0.0,0.0
robot,10.0,robot_2,-0.6807174773216931,-5.674320622663006,0.09766075352994709,-0.00137372527748467,-0.004384785990039628,,,,,,,,,,1.0,proceed,0.0038425095845013857,-0.0031699531245976686,0.003598486538976431
robot,10.0,robot_3,2.3963531910206566,2.26313693047939,0.0849196502030511,0.014971678554523003,0.06050954715820269,,,,,,,,,,0.0,proceed,0.0008464950369670987,-0.0,0.0
robot,10.0,robot_4,1.1744013548858214,-6.195331595278438,0.0714838305748448,0.02045786363191202,-0.012320612158193427,,,,,,,,,,1.0,yield,0.00026403219089843333,-0.0016372236423194408,0.0020710171665996313
pair,10.0,,,,,,,robot_1,robot_2,11.268205375333492,0.18284187565988635,0.4485739618165949,0.48440659648136636,20.626871103329744,5.209274083014597,0,,,,,
pair,10.0,,,,,,,robot_1,robot_3,5.274592543307707,-0.6549626607700366,-0.11926877500174632,0.6657335260397986,5.219572079723147,3.9682218693644242,0,,,,,
pair,10.0,,,,,,,robot_1,robot_4,12.094655722540029,-0.997481532417976,0.582955250689756,1.155338146094757,7.300042541601717,8.668797142197384,0,,,,,
pair,10.0,,,,,,,robot_2,robot_3,8.513025097220735,-0.8378045364299229,-0.5678427368183413,1.01210761039521,6.916707828542799,4.844095297468674,0,,,,,
pair,10.0,,,,,,,robot_2,robot_4,1.9268934363883878,-1.1803234080778624,0.134381288873161,1.1879485167530417,1.601204362811642,0.3078148438266925,1,,,,,
pair,10.0,,,,,,,robot_3,robot_4,8.546277323552582,-0.3425188716479395,0.7022240256915022,0.7813051642561677,9.044653885754007,4.806404980644237,0,,,,,
robot,10.100000000000001,robot_1,-1.7026225335132115,5.510350552395301,0.05846277045456673,0.012210944778157096,0.042426389048490616,,,,,,,,,,0.0,proceed,0.0,-0.0,0.0
robot,10.100000000000001,robot_2,-0.6249424260183593,-5.673216020401873,0.07286111009097457,-0.0017296828647782754,-0.003133870615462193,,,,,,,,,,1.0,proceed,0.0039061771240085363,-0.0032095755450427532,0.0036934465169906616
robot,10.100000000000001,robot_3,2.378343676584514,2.217252113559789,0.06356917911976824,0.010601789625215324,0.04305543231152466,,,,,,,,,,0.0,proceed,0.0008092335192486644,-0.0,0.0
robot,10.100000000000001,robot_4,1.131707369078703,-6.197520799521117,0.05396368717276804,0.015435950167184735,-0.0088589505211121,,,,,,,,,,1.0,yield,0.00028726065647788346,-0.0016393178375437856,0.0021281433291733265
pair,10.100000000000001,,,,,,,robot_1,robot_2,11.235370741647845,0.17488356168888602,0.44021463184038123,0.4736804642745495,21.101902904688266,5.130531422949928,0,,,,,
pair,10.100000000000001,,,,,,,robot_1,robot_3,5.243928158911054,-0.6542095438621781,-0.13080714962279733,0.667158630066943,5.030426903723272,4.02932056045491,0,,,,,
pair,10.100000000000001,,,,,,,robot_1,robot_4,12.046064817597149,-1.0043045854636903,0.5794466643175674,1.1594766652124355,7.163579906643947,8.72456184813586,0,,,,,
pair,10.100000000000001,,,,,,,robot_2,robot_3,8.442701865348083,-0.8290931055510641,-0.5710217814631786,1.0067081268062208,6.902713798189661,4.79482664374599,0,,,,,
pair,10.100000000000001,,,,,,,robot_2,robot_4,1.8332250282008016,-1.1791881471525762,0.13923203247718616,1.1873795708419672,1.5210056700828805,0.31470312348889024,1,,,,,
pair,10.100000000000001,,,,,,,robot_3,robot_4,8.506615382272308,-0.3500950416015123,0.7102538139403647,0.7918503762522303,8.835637385155453,4.8385384158161315,0,,,,,
robot,10.200000000000001,robot_1,-1.6724476969281057,5.481179026148877,0.06609414224603471,0.01591696459737441,0.071564336387304,,,,,,,,,,0.0,proceed,0.0,-0.0,0.0
robot,10.200000000000001,robot_2,-0.573452476169222,-5.673257740035011,0.08355614212850448,-0.003908918484104351,-0.003454141642388607,,,,,,,,,,1.0,proceed,0.003964817151427269,-0.0032505705021321774,0.0037321350537240505
robot,10.200000000000001,robot_3,2.362472137291706,2.174277685021607,0.07382364579597286,0.01144675043675273,0.04689676275298145,,,,,,,,,,0.0,proceed,0.0007570066954940557,-0.0,0.0
robot,10.200000000000001,robot_4,1.091504085672312,-6.199297392036786,0.06340398870068369,0.018073991802548584,-0.009464319926626812,,,,,,,,,,1.0,yield,0.0002989580971188843,-0.0016440661856904626,0.0021310066804289818
pair,10.200000000000001,,,,,,,robot_1,robot_2,11.208445479460822,0.16556907120620035,0.43057376157647076,0.4613099624961457,21.713809939744667,5.02921772772566,0,,,,,
pair,10.200000000000001,,,,,,,robot_1,robot_3,5.216912357758157,-0.6510247014834155,-0.1453688717571754,0.6670571720756208,4.823099923433355,4.106733750946187,0,,,,,
pair,10.200000000000001,,,,,,,robot_1,robot_4,12.003039565557192,-1.013131095140829,0.5717044122484427,1.1633058716114144,7.003740204040047,8.814268616872896,0,,,,,
pair,10.200000000000001,,,,,,,robot_2,robot_3,8.378750836696616,-0.8165937726896159,-0.5759426333336461,0.999267384880921,6.92733439607856,4.720782922859815,0,,,,,
pair,10.200000000000001,,,,,,,robot_2,robot_4,1.7460807737035908,-1.1787001663470296,0.14113065067197192,1.187119177970607,1.445252501024887,0.3243706525444535,1,,,,,
pair,10.200000000000001,,,,,,,robot_3,robot_4,8.469481646439212,-0.3621063936574136,0.7170732840056181,0.8033150907098532,8.591525320529023,4.909035512241479,0,,,,,
robot,10.3,robot_1,-1.6420712141825184,5.454656792988558,0.0636771601261007,0.014950332532842107,0.06981655551744571,,,,,,,,,,0.0,proceed,0.0,-0.0,0.0
robot,10.3,robot_2,-0.5236512350987819,-5.674291841568746,0.08085832746403554,-0.005072436981235597,-0.002964891293725249,,,,,,,,,,1.0,proceed,0.004016602411866188,-0.003286252962425351,0.0037714194040745497
robot,10.3,robot_3,2.34758830710083,2.1321883071173184,0.07222884538155472,0.009875362460384347,0.04146352050960584,,,,,,,,,,0.0,proceed,0.0006934889825060964,-0.0,0.0
robot,10.3,robot_4,1.051825266399341,-6.200834254132053,0.06272310067346906,0.01796289774115824,-0.00963967469869348,,,,,,,,,,1.0,yield,0.000298196857329458,-0.001638374524191022,0.0021543402690440416
pair,10.3,,,,,,,robot_1,robot_2,11.18500607779131,0.15972084033861872,0.4251384929885366,0.4541513900221363,22.073369915803312,4.96091933644182,0,,,,,
pair,10.3,,,,,,,robot_1,robot_3,5.191934122788386,-0.6467968736905776,-0.15535967302489667,0.6651938242484725,4.665314847798676,4.162387453660413,0,,,,,
pair,10.3,,,,,,,robot_1,robot_4,11.962756780842785,-1.0182865649041546,0.5679524924835849,1.165966364001389,6.887148450686276,8.867000832274467,0,,,,,
pair,10.3,,,,,,,robot_2,robot_3,8.317761046130157,-0.8065177140291963,-0.5804981660134333,0.9937046562172485,6.934386840367922,4.658642994914555,0,,,,,
pair,10.3,,,,,,,robot_2,robot_4,1.6611360928595682,-1.1780074052427731,0.14281399949504836,1.186632750794694,1.3714397674149854,0.33310285816723145,1,,,,,
pair,10.3,,,,,,,robot_3,robot_4,8.433164700392078,-0.371489691213577,0.7233121655084817,0.8131328793318642,8.387990223162811,4.959672953359953,0,,,,,
robot,10.4,robot_1,-1.6066024136482246,5.425714740014496,0.06477017779932338,0.01405608140306681,0.0667414792772144,,,,,,,,,,0.0,proceed,0.0,-0.0,0.0
robot,10.4,robot_2,-0.4666935729548463,-5.6764783581524405,0.08256974552895842,-0.006433462582273867,-0.0024241993080327084,,,,,,,,,,1.0,proceed,0.003990397322922945,-0.0032763106282800436,0.0037920381873846054
robot,10.4,robot_3,2.3311697613297704,2.0834069907685153,0.07434440750635503,0.009628301566499037,0.04052191884974359,,,,,,,,,,0.0,proceed,0.0006331434124149382,-0.0,0.0
robot,10.4,robot_4,1.0054806158257517,-6.202322948689131,0.065234825730431,0.01857378337763208,-0.009043256027678706,,,,,,,,,,1.0,yield,0.000280476117040962,-0.0016225073486566544,0.0021671007853001356
pair,10.4,,,,,,,robot_1,robot_2,11.160559293963564,0.15245707517817453,0.4417238115554535,0.46729336124854304,21.662616984961023,4.699687493695443,0,,,,,
pair,10.4,,,,,,,robot_1,robot_3,5.164985071875877,-0.6411105660417854,-0.1662856796302084,0.6623244560942158,4.488004407641857,4.223887415916466,0,,,,,
pair,10.4,,,,,,,robot_1,robot_4,11.91781180598091,-1.0237638350610307,0.5636003931011075,1.1686478481914868,6.756584462140552,8.926721126763088,0,,,,,
pair,10.4,,,,,,,robot_2,robot_3,8.248870217534783,-0.7935676412199599,-0.6080094911856619,0.9997125299621179,6.942368621531246,4.458148034179389,0,,,,,
pair,10.4,,,,,,,robot_2,robot_4,1.5632688110202007,-1.1762209102392054,0.12187658154565409,1.182518300413655,1.2841497536261872,0.37131420731798154,1,,,,,
pair,10.4,,,,,,,robot_3,robot_4,8.39111269976348,-0.38265326901924546,0.729886072731316,0.8241099462197135,8.157698352871986,5.021373313840945,0,,,,,
robot,10.5,robot_1,-1.5720891154236105,5.3985724790918095,0.06348998487102887,0.011868059949750192,0.05781501235967925,,,,,,,,,,0.0,proceed,0.0,-0.0,0.0
robot,10.5,robot_2,-0.41172025039917143,-5.679729811528419,0.0807311336180208,-0.007834379108420894,-0.001425752087412539,,,,,,,,,,1.0,proceed,0.00264996406622231,-0.002688655396923423,0.0023713998962193727
robot,10.5,robot_3,2.315604883176366,2.0366699907119767,0.0717541587835624,0.0069820254677901705,0.03775206948760628,,,,,,,,,,0.0,proceed,0.0005803899257443845,-0.0,0.0
robot,10.5,robot_4,0.9597114163063539,-6.20347064315126,0.06531619307794086,0.018562727169806087,-0.008550416970871213,,,,,,,,,,1.0,yield,-4.6512464905390516e-05,-0.0014285952784121037,0.001953654922544956
pair,10.5,,,,,,,robot_1,robot_2,11.138906478882005,0.1492321668711145,0.47707059802287316,0.4998665773253399,20.45878896364575,4.414811920922862,0,,,,,
pair,10.5,,,,,,,robot_1,robot_3,5.139703587574364,-0.6284494828696181,-0.18173239232833538,0.6541982994020012,4.281210174753801,4.309558453245117,0,,,,,
pair,10.5,,,,,,,robot_1,robot_4,11.875075517353809,-1.0212509185775405,0.5540737721466945,1.1618739964713631,6.6772721303049325,8.99046966947573,0,,,,,
pair,10.5,,,,,,,robot_2,robot_3,8.184199917661374,-0.7776816497407326,-0.6588029903512085,1.0192203532304298,6.935413678094275,4.1248514722854175,0,,,,,
pair,10.5,,,,,,,robot_2,robot_4,1.4680358562213935,-1.1704830854486548,0.07700317412382136,1.1730132744971586,1.1959410921696758,0.43258265202550206,1,,,,,
pair,10.5,,,,,,,robot_3,robot_4,8.350949931555379,-0.39280143570792225,0.7358061644750299,0.8340885322156514,7.949576143500407,5.076695913157868,0,,,,,
robot,10.600000000000001,robot_1,-1.5432597367941008,5.376138664821306,0.0661061203160059,0.01014163030168412,0.050840071756206806,,,,,,,,,,0.0,proceed,0.0,-0.0,0.0
robot,10.600000000000001,robot_2,-0.36486817592826737,-5.680480848251491,0.08664880404945231,-0.0008388507575432394,0.0120316362439529,,,,,,,,,,1.0,proceed,0.0031280757393687963,-0.0028962751384824514,0.0026953385677188635
robot,10.600000000000001,robot_3,2.3025356439096014,1.9981574881906934,0.07410326444392375,0.00509918875805471,0.03771012818250857,,,,,,,,,,0.0,proceed,0.0005425320123322308,-0.0,0.0
robot,10.600000000000001,robot_4,0.9235787144033458,-6.207075924508273,0.052654082916887356,0.02603715291033036,-0.008326611178975221,,,,,,,,,,1.0,yield,0.0015700062504038215,-0.0020845793187618256,0.0038943663239479065
pair,10.600000000000001,,,,,,,robot_1,robot_2,11.119237461605985,0.14697408041051285,0.5079696243721519,0.5288048029257119,19.465528979392023,4.204998879769099,0,,,,,
pair,10.600000000000001,,,,,,,robot_1,robot_3,5.1186813672969205,-0.5784666715444171,-0.20894386115333818,0.6150457114730108,4.015150407026806,4.483577094181749,0,,,,,
pair,10.600000000000001,,,,,,,robot_1,robot_4,11.84297902416296,-1.0136328780325121,0.5435028178013206,1.1501508267990113,6.649279039981287,9.04263445230852,0,,,,,
pair,10.600000000000001,,,,,,,robot_2,robot_3,8.128747126093002,-0.72544075195493,-0.7169134855254901,1.0199162859398025,7.152233940179562,3.586666326858227,0,,,,,
pair,10.600000000000001,,,,,,,robot_2,robot_4,1.391904365803589,-1.160606958443025,0.035533193429168664,1.1611507739400788,1.122987809311616,0.4869197781176951,1,,,,,
pair,10.600000000000001,,,,,,,robot_3,robot_4,8.320299127453582,-0.435166206488095,0.7524466789546588,0.8692212790418414,7.377350804350165,5.301563561193312,0,,,,,
robot,10.700000000000001,robot_1,-1.5116434083229793,5.351485690122619,0.046192436654603965,0.00574630751584532,0.029624187107489885,,,,,,,,,,0.0,proceed,0.0,-0.0,0.0
robot,10.700000000000001,robot_2,-0.3129258570844442,-5.675767978321371,0.06046223647006267,0.006861935659768488,0.02236682352035659,,,,,,,,,,1.0,proceed,0.003247201209887862,-0.002930545248091221,0.0028632604517042637
robot,10.700000000000001,robot_3,2.287923185011758,1.9563236279315757,0.05120247182269528,0.00186199465924047,0.025376323732544295,,,,,,,,,,0.0,proceed,0.000518465181812644,-0.0,0.0
robot,10.700000000000001,robot_4,0.8989221771778927,-6.216039445221739,0.01770948750792579,0.0170410670526837,-0.00555036914780351,,,,,,,,,,1.0,yield,0.001664326642639935,-0.0021109115332365036,0.004005312919616699
pair,10.700000000000001,,,,,,,robot_1,robot_2,11.092215614378343,0.15617866779274292,0.5243432870718804,0.5471084526589407,18.691397730871977,4.296700730929518,0,,,,,
pair,10.700000000000001,,,,,,,robot_1,robot_3,5.095471688246995,-0.5518982411176818,-0.23114525290802257,0.598347554929996,3.6651563382924297,4.599393327364605,0,,,,,
pair,10.700000000000001,,,,,,,robot_1,robot_4,11.816025736212014,-0.9918298708190537,0.5328969476477369,1.125924353347602,6.74854592102487,9.048950657985479,0,,,,,
pair,10.700000000000001,,,,,,,robot_2,robot_3,8.06307869402311,-0.7080769089104247,-0.755488539979903,1.035439927264304,7.095704284799152,3.321483069174243,0,,,,,
pair,10.700000000000001,,,,,,,robot_2,robot_4,1.3268266337740455,-1.1480085386117966,0.008553660575856464,1.1480404042693098,1.0590566088828,0.5312274011849842,1,,,,,
pair,10.700000000000001,,,,,,,robot_3,robot_4,8.289562232060472,-0.4399316297013719,0.7640422005557594,0.8816463707415759,7.246831915720978,5.281637339431761,0,,,,,
robot,10.8,robot_1,-1.4857720959553364,5.331314817901014,0.051115474957097964,0.005402821541393779,0.02859080438264398,,,,,,,,,,0.0,proceed,0.0,-0.0,0.0
robot,10.8,robot_2,-0.271745336064565,-5.666813279725999,0.06400139881634072,0.012173528701137127,0.044626723720232526,,,,,,,,,,1.0,proceed,0.0030934466049075127,-0.002849363489076495,0.0026884684339165688
robot,10.8,robot_3,2.275675933128001,1.918992514168778,0.06585135642918728,0.003223168072893849,0.04196376905898298,,,,,,,,,,0.0,proceed,0.00047391169937327504,-0.0,0.0
robot,10.8,robot_4,0.8805266710823618,-6.222666007873089,0.03331031344450217,0.016905668847496752,-0.006939593627253061,,,,,,,,,,1.0,yield,0.0016088575357571244,-0.002071323338896036,0.003994395956397057
pair,10.8,,,,,,,robot_1,robot_2,11.064930303691193,0.14754245559180568,0.5499164741117382,0.5693653525650696,18.104100726642077,4.0225562222840185,0,,,,,
pair,10.8,,,,,,,robot_1,robot_3,5.078625284468564,-0.5382741553181971,-0.2461517646900806,0.5918866086874743,3.3817883818385344,4.667535868044157,0,,,,,
pair,10.8,,,,,,,robot_1,robot_4,11.793805271295597,-0.9864306642960746,0.5237302556251187,1.1168432459932536,6.722599147270224,9.095187493436086,0,,,,,
pair,10.8,,,,,,,robot_2,robot_3,8.002112512669528,-0.6858166109100028,-0.7960682388018188,1.0507469079798006,7.051988982457045,3.0212322617645864,0,,,,,
pair,10.8,,,,,,,robot_2,robot_4,1.279336950862817,-1.1339731198878802,-0.02618621848661956,1.1342754315715746,1.004281928850064,0.5823062727852376,1,,,,,
pair,10.8,,,,,,,robot_3,robot_4,8.260329591058909,-0.4481565089778775,0.7698820203151993,0.8908212961890006,7.110808169009713,5.301666690320352,0,,,,,
robot,10.9,robot_1,-1.4542348280873787,5.306743939519138,0.060171728225620655,0.005007271555918475,0.027860824243700566,,,,,,,,,,0.0,proceed,0.0,-0.0,0.0
robot,10.9,robot_2,-0.22396894343176144,-5.651581248204934,0.07278208363724678,0.017626582666298206,0.08088322192281219,,,,,,,,,,1.0,proceed,0.0031334874220192432,-0.002871226752176881,0.002666252199560404
robot,10.9,robot_3,2.2601267924520894,1.869158618988364,0.07989311545889476,0.0016850503341036965,0.05056808361756488,,,,,,,,,,0.0,proceed,0.0,-0.0,0.0
robot,10.9,robot_4,0.8444828813247129,-6.2251910892462075,0.06043368777871421,0.017105921407376018,-0.012594926061595766,,,,,,,,,,1.0,yield,0.0016777674900367856,-0.002100667217746377,0.0039999173022806644
pair,10.9,,,,,,,robot_1,robot_2,11.027168497255099,0.14070789654834803,0.5607353083094488,0.5781200551234608,17.867158557626205,3.86040302046915,0,,,,,
pair,10.9,,,,,,,robot_1,robot_3,5.060975704749554,-0.5232262395572796,-0.2636907352719585,0.5859168043583645,3.02067168198422,4.741419885109597,0,,,,,
pair,10.9,,,,,,,robot_1,robot_4,11.75881068030394,-0.9827370707479909,0.5089646556948618,1.1067145842397357,6.636404715983059,9.182940323946179,0,,,,,
pair,10.9,,,,,,,robot_2,robot_3,7.920369926652858,-0.6639341361056277,-0.8244260435814074,1.058530508970629,7.005499306872891,2.782463691152516,0,,,,,
pair,10.9,,,,,,,robot_2,robot_4,1.212690212529496,-1.123444967296339,-0.05177065261458702,1.1246371837244278,0.9255554468926227,0.6221860236268141,1,,,,,
pair,10.9,,,,,,,robot_3,robot_4,8.217210285876169,-0.45951083119071123,0.7726553909668203,0.8989697198302445,6.933939368346033,5.3541806312563915,0,,,,,
robot,11.0,robot_1,-1.4305044163153073,5.288396921986938,0.05549061766277359,0.004286262447743178,0.02433481700159136,,,,,,,,,,0.0,proceed,0.0,-0.0,0.0
robot,11.0,robot_2,-0.19056707651091292,-5.637885495592181,0.06264173685904618,0.01688823491491533,0.08946813269679725,,,,,,,,,,1.0,proceed,0.0032668081112205982,-0.0029434082098305225,0.0028170228470116854
robot,11.0,robot_3,2.248182280506564,1.8313632762182328,0.07344076459760723,-0.001177371913520582,0.045897234267840106,,,,,,,,,,0.0,proceed,0.0,-0.0,0.0
robot,11.0,robot_4,0.8132685118533972,-6.224865826381037,0.05593159843025597,0.01514040553444356,-0.012589847377938569,,,,,,,,,,1.0,yield,0.0017250975361093879,-0.0021106728818267584,0.004085229244083166
pair,11.0,,,,,,,robot_1,robot_2,10.996412691207066,0.03218422844717783,0.5185770528069099,0.5195748110317134,20.841068742939413,1.9143672857652072,0,,,,,
pair,11.0,,,,,,,robot_1,robot_3,5.048149902820941,-0.6278988955051941,-0.29809480985928816,0.6950665713740575,2.6480502656318348,4.700650490016386,0,,,,,
pair,11.0,,,,,,,robot_1,robot_4,11.729865134183788,-1.0946507023286869,0.4772586831090597,1.1941674969248164,5.57556202615994,9.657054869102847,0,,,,,
pair,11.0,,,,,,,robot_2,robot_3,7.857300785991621,-0.6600831239523719,-0.8166718626661981,1.0500774551419527,6.99189595187827,2.798524116971277,0,,,,,
pair,11.0,,,,,,,robot_2,robot_4,1.1628550198540293,-1.1268349307758647,-0.041318369697850216,1.1275921997296434,0.8705742265448936,0.6233696814643466,1,,,,,
pair,11.0,,,,,,,robot_3,robot_4,8.183019300786102,-0.4667518068234928,0.7753534929683479,0.9050029216699872,6.80887735268287,5.38431951519458,0,,,,,
robot,11.100000000000001,robot_1,-1.4061152947491962,5.269913883914982,0.05409011151628043,0.004055270059363927,0.023584272520845093,,,,,,,,,,0.0,proceed,0.0,-0.0,0.0
robot,11.100000000000001,robot_2,-0.15974919687244477,-5.6228052996252424,0.05607280517742131,0.016024950042060858,0.09039912870451826,,,,,,,,,,1.0,proceed,0.002890342380851507,-0.002789839170873165,0.002398657612502575
robot,11.100000000000001,robot_3,2.23531019205015,1.7929603234592357,0.07180317043219268,-0.00448441011402205,0.04139264390284748,,,,,,,,,,0.0,proceed,0.0,-0.0,0.0
robot,11.100000000000001,robot_4,0.7810714315734067,-6.22413873093355,0.05551065601158757,0.014911149717283552,-0.010609483042231832,,,,,,,,,,1.0,yield,0.0016653335187584162,-0.002062699059024453,0.004063618369400501
pair,11.100000000000001,,,,,,,robot_1,robot_2,10.963793123796242,0.03384399837821772,0.5022221662567129,0.5033612226878529,21.42451360452065,1.9759286317203764,0,,,,,
pair,11.100000000000001,,,,,,,robot_1,robot_3,5.034797477305095,-0.6219755143889003,-0.30462422382990245,0.6925672951008498,2.5137382934409906,4.724228843848335,0,,,,,
pair,11.100000000000001,,,,,,,robot_1,robot_4,11.70030047856499,-1.0972320608568586,0.4728634096710698,1.1947878471000362,5.4885250567167345,9.68992318869968,0,,,,,
pair,11.100000000000001,,,,,,,robot_2,robot_3,7.79293842225048,-0.655819512767118,-0.8068463900866154,1.0397597465385466,6.987427707619792,2.818880789998439,0,,,,,
pair,11.100000000000001,,,,,,,robot_2,robot_4,1.1165775165738696,-1.1310760592350766,-0.029358756585643075,1.131457020113007,0.8174421057304404,0.6255431350994755,1,,,,,
pair,11.100000000000001,,,,,,,robot_3,robot_4,8.147925356826645,-0.47525654646795845,0.7774876335009723,0.911238610467968,6.674318220624912,5.422105039176655,0,,,,,
robot,11.200000000000001,robot_1,-1.3733269047569672,5.248543054050204,0.05538286384348609,0.009942299500796132,0.03124916471514099,,,,,,,,,,0.0,proceed,0.0,-0.0,0.0
robot,11.200000000000001,robot_2,-0.12706514779810624,-5.6056945086476295,0.042372009800376476,0.008690398072675546,0.05962371505035107,,,,,,,,,,1.0,proceed,0.0030536933336406946,-0.0028735531959682703,0.002589163137599826
robot,11.200000000000001,robot_3,2.219610720973792,1.7492920630875646,0.05504362671077284,-0.0063011062904652065,0.03003366970154693,,,,,,,,,,0.0,proceed,0.0,-0.0,0.0
robot,11.200000000000001,robot_4,0.7433888876084359,-6.2232558691878745,0.04396344126049309,0.012314692778040698,-0.007377937734385779,,,,,,,,,,1.0,yield,0.0017636549891903996,-0.0020940275862812996,0.00414659408852458
pair,11.200000000000001,,,,,,,robot_1,robot_2,10.925549937387078,0.03687023638905673,0.4875789793484098,0.48897103741819103,21.942738719722065,2.0611636745197353,0,,,,,
pair,11.200000000000001,,,,,,,robot_1,robot_3,5.015372197568671,-0.6134684288081464,-0.3087665840081208,0.6867898634548851,2.3823381760523983,4.74098302543777,0,,,,,
pair,11.200000000000001,,,,,,,robot_1,robot_4,11.665447110199226,-1.0980625707982505,0.4720654454410895,1.1952352045382353,5.417748587500794,9.703131726626818,0,,,,,
pair,11.200000000000001,,,,,,,robot_2,robot_3,7.720279470555543,-0.6503386651972032,-0.7963455633565306,1.0281569120168916,6.984389963658095,2.8346521808194627,0,,,,,
pair,11.200000000000001,,,,,,,robot_2,robot_4,1.0672732835538667,-1.1349328071873073,-0.015513533907320326,1.1350388304213892,0.759385468846494,0.6294009046863829,1,,,,,
pair,11.200000000000001,,,,,,,robot_3,robot_4,8.108067059030406,-0.4845941419901041,0.7808320294492103,0.9189832102192605,6.524163039077674,5.458349248386267,0,,,,,
robot,11.3,robot_1,-1.3393704705602232,5.230728361304917,0.05538286384348609,0.009942299500796132,0.03124916471514099,,,,,,,,,,0.0,proceed,0.0,-0.0,0.0
robot,11.3,robot_2,-0.1039537924001039,-5.594790894871408,0.042372009800376476,0.008690398072675546,0.05962371505035107,,,,,,,,,,1.0,proceed,0.0031871299725025892,-0.002948237583041191,0.002730803331360221
robot,11.3,robot_3,2.207140760600137,1.7184737703524033,0.05504362671077284,-0.0063011062904652065,0.03003366970154693,,,,,,,,,,0.0,proceed,0.0,-0.0,0.0
robot,11.3,robot_4,0.7155440363141607,-6.222840804293672,0.04396344126049309,0.012314692778040698,-0.007377937734385779,,,,,,,,,,1.0,yield,0.0017942141275852919,-0.0021040476858615875,0.004192243795841932
pair,11.3,,,,,,,robot_1,robot_2,10.895784576363493,0.03943261597986847,0.4765222084182421,0.4781509660335471,22.350179730805458,2.123977780134418,0,,,,,
pair,11.3,,,,,,,robot_1,robot_3,4.9913599574077585,-0.6054916855026767,-0.31142351762895554,0.6808852976421688,2.2725916761830667,4.745451203452156,0,,,,,
pair,11.3,,,,,,,robot_1,robot_4,11.636447922872064,-1.0986269911027517,0.47127978287050054,1.1954438085171348,5.356864926558001,9.715856558393101,0,,,,,
pair,11.3,,,,,,,robot_2,robot_3,7.6697456344078665,-0.6449243014825452,-0.7879457260471976,1.0182268027501507,6.9955978601302835,2.843654304157453,0,,,,,
pair,11.3,,,,,,,robot_2,robot_4,1.032484082198224,-1.1380596070826203,-0.005242425547741569,1.1380716815291871,0.7175260501085463,0.6318181896352782,1,,,,,
pair,11.3,,,,,,,robot_3,robot_4,8.080181802495959,-0.49313530560007496,0.782703300499456,0.9250983116631557,6.403470466896087,5.495221647964986,0,,,,,
robot,11.4,robot_1,-1.275129049712224,5.200894112465911,0.08550638368374591,0.01765774721522196,0.0626165957552629,,,,,,,,,,0.0,proceed,0.0,-0.0,0.0
robot,11.4,robot_2,-0.06814293756649932,-5.5807156538936615,0.04714600187126872,0.00041159519656311545,0.030742103037115893,,,,,,,,,,1.0,proceed,0.00337440287694335,-0.0030330573208630085,0.002930876100435853
robot,11.4,robot_3,2.1857786033530777,1.6722476866864555,0.06043910206320105,-0.015572428842110115,0.031203809723989284,,,,,,,,,,0.0,proceed,0.0,-0.0,-0.0
robot,11.4,robot_4,0.6733138911121507,-6.223158672340428,0.047411262921112994,0.01630254493871133,-0.006473099146231306,,,,,,,,,,1.0,yield,0.0017816044855862856,-0.002029071794822812,0.00425304239615798
pair,11.4,,,,,,,robot_1,robot_2,10.84895961044066,0.040241846090595,0.4566226727306112,0.4583924862259699,23.19851012195703,2.148833444922211,0,,,,,
pair,11.4,,,,,,,robot_1,robot_3,4.942593183867362,-0.5936007168878524,-0.3198635670537933,0.6742955676987272,2.0359879554063047,4.748103752285314,0,,,,,
pair,11.4,,,,,,,robot_1,robot_4,11.589021180569556,-1.1017481661948048,0.46582143151431277,1.1961766708022936,5.219499889049581,9.763442985743168,0,,,,,
pair,11.4,,,,,,,robot_2,robot_3,7.595106288421537,-0.6338425629784474,-0.7764862397844046,1.0023408977077664,7.027517728181359,2.8404486112611806,0,,,,,
pair,11.4,,,,,,,robot_2,robot_4,0.9810663895706517,-1.1419900122853999,0.00919875878370155,1.1420270598032116,0.653756403048457,0.6364499175163112,1,,,,,
pair,11.4,,,,,,,robot_3,robot_4,8.038967040605167,-0.5081474493069524,0.785684998568106,0.9356894501981555,6.20748795551456,5.557775004037315,0,,,,,
robot,11.5,robot_1,-1.227337366490444,5.180078481274891,0.08545023636826522,0.015627532503029416,0.05680996545025596,,,,,,,,,,0.0,proceed,0.0,-0.0,0.0
robot,11.5,robot_2,-0.04142681200152883,-5.5718374392153045,0.046939283384370395,-0.0018739674466476588,0.011192024256282233,,,,,,,,,,1.0,proceed,0.0029218317940831184,-0.0027718092314898968,0.0026321513578295708
robot,11.5,robot_3,2.16903950284461,1.6388426117551396,0.05978370792674829,-0.017853065276825793,0.03092384827332624,,,,,,,,,,0.0,proceed,0.0,-0.0,-0.0
robot,11.5,robot_4,0.6435889547407542,-6.224281283622736,0.04626597382830727,0.01707847504589065,-0.005696740501307923,,,,,,,,,,1.0,yield,-0.0003835801617242396,-0.0010011029662564397,0.002374619012698531
pair,11.5,,,,,,,robot_1,robot_2,10.81711975548661,0.04125107999938826,0.4457420758362841,0.4476467913120294,23.672423105213888,2.171663898779656,0,,,,,
pair,11.5,,,,,,,robot_1,robot_3,4.906702285866496,-0.5831759537808882,-0.32378573088240115,0.6670317777972046,1.8746343589663343,4.744694448009055,0,,,,,
pair,11.5,,,,,,,robot_1,robot_4,11.556806952904058,-1.1026078893546862,0.46479662795182797,1.1965701245738112,5.1429729153510495,9.78207341481947,0,,,,,
pair,11.5,,,,,,,robot_2,robot_3,7.5418875705311725,-0.6244270337802764,-0.7695278067186853,0.9910005882081527,7.055513245142486,2.8269693217261356,0,,,,,
pair,11.5,,,,,,,robot_2,robot_4,0.9460071726951478,-1.1438589693540746,0.0190545521155438,1.1440176649545626,0.6081966662836227,0.6409438396452192,1,,,,,
pair,11.5,,,,,,,robot_3,robot_4,8.009726385387511,-0.5194319355737982,0.7885823588342291,0.9442836821413888,6.065408631961939,5.599271867275311,0,,,,,
robot,11.600000000000001,robot_1,-1.1724447681006998,5.156401797647843,0.08178043652919045,0.011692601518916577,0.04161545716016345,,,,,,,,,,0.0,proceed,0.0,-0.0,0.0
robot,11.600000000000001,robot_2,-0.011265203503707077,-5.5625388870087304,0.04289410398040149,-0.0022458565838242572,-0.006473149094986962,,,,,,,,,,1.0,proceed,0.0033962163142859936,-0.003186696907505393,0.0022673155181109905
robot,11.600000000000001,robot_3,2.1494078067231945,1.60184668493382,0.053622660037649254,-0.018796895745112743,0.02876634989240552,,,,,,,,,,0.0,proceed,0.0,-0.0,-0.0
robot,11.600000000000001,robot_4,0.6083569683898719,-6.228241886505557,0.04516895955797955,0.024457929679172843,-0.004304935248489217,,,,,,,,,,1.0,yield,-0.0006480079027824104,-0.0009238000493496656,0.0021737441420555115
pair,11.600000000000001,,,,,,,robot_1,robot_2,10.78165234935831,0.03843330225279673,0.4337783383484611,0.4354776292100512,24.28283971908118,2.102654115388816,0,,,,,
pair,11.600000000000001,,,,,,,robot_1,robot_3,4.8651378786408035,-0.5707906338686676,-0.32770349224962764,0.658172869803061,1.688034433185578,4.73658152507589,0,,,,,
pair,11.600000000000001,,,,,,,robot_1,robot_4,11.52307973763185,-1.1029206732380552,0.4653599208875251,1.1970772186556424,5.067739715702203,9.796899430316415,0,,,,,
pair,11.600000000000001,,,,,,,robot_2,robot_3,7.483109546210156,-0.6092239361214643,-0.7614818305980887,0.9751965866810375,7.120739711412291,2.7885679421155043,0,,,,,
pair,11.600000000000001,,,,,,,robot_2,robot_4,0.9094460508689821,-1.1413539754908522,0.03158158253906401,1.1417908274830573,0.5585946457545927,0.6483097414952568,1,,,,,
pair,11.600000000000001,,,,,,,robot_3,robot_4,7.980296029779432,-0.5321300393693877,0.7930634131371528,0.9550455256457759,5.9090523795615955,5.642428798154496,0,,,,,
robot,11.700000000000001,robot_1,-1.1176135260734272,5.13249143292085,0.08817110923211575,0.009856972119291894,0.03510968573804637,,,,,,,,,,0.0,proceed,0.0,-0.0,0.0
robot,11.700000000000001,robot_2,0.016273901749767516,-5.5531773722138045,0.0404690465825423,0.0006878131417330357,-0.016639716609128486,,,,,,,,,,1.0,proceed,0.00338975852355361,-0.0031932371202856302,0.0022629699669778347
robot,11.700000000000001,robot_3,2.1294151009608098,1.5665399021978486,0.05518814084209395,-0.022436924189058148,0.0312852506560608,,,,,,,,,,0.0,proceed,0.0,0.0,-0.0
robot,11.700000000000001,robot_4,0.5727821030947757,-6.23662966585717,0.04464965758965856,0.029472125418860583,-0.004628263415180591,,,,,,,,,,1.0,yield,-0.0006546034128405154,-0.0009204510133713484,0.0021686528343707323
pair,11.700000000000001,,,,,,,robot_1,robot_2,10.745660450247037,0.03525392720437759,0.4208024822628799,0.4222766492027862,24.992388643705816,2.022026167047042,0,,,,,
pair,11.700000000000001,,,,,,,robot_1,robot_3,4.822779823322392,-0.5581873530949374,-0.3320009432390158,0.6494595810877907,1.4901716445336424,4.724675256863727,0,,,,,
pair,11.700000000000001,,,,,,,robot_1,robot_4,11.494100745242774,-1.102562953636001,0.4679916759810955,1.197773465859942,5.007747652883109,9.80492638223277,0,,,,,
pair,11.700000000000001,,,,,,,robot_2,robot_3,7.426691039444066,-0.593441280299315,-0.7528034255018957,0.9585851817187028,7.1976023206586754,2.7481691263341443,0,,,,,
pair,11.700000000000001,,,,,,,robot_2,robot_4,0.8813673557890792,-1.1378168808403788,0.04718919371821556,1.138795009792853,0.5131309695291815,0.6598047736213106,1,,,,,
pair,11.700000000000001,,,,,,,robot_3,robot_4,7.956919102131511,-0.5443756005410637,0.7999926192201112,0.9676430050752692,5.761929914676233,5.676835361853016,0,,,,,
robot,11.8,robot_1,-1.070979897352314,5.111672357041634,0.09157346071351138,0.007497804251923736,0.02680267751871985,,,,,,,,,,0.0,proceed,0.0,-0.0,0.0
robot,11.8,robot_2,0.03958373550157511,-5.542412279801856,0.04996075511114008,0.008598338709672372,-0.022674470090120146,,,,,,,,,,1.0,proceed,0.0033276549074798822,-0.0031798130366951227,0.0022009171079844236
robot,11.8,robot_3,2.112113731075821,1.5372644107661249,0.05567725435578094,-0.024505566972366544,0.03316874313344662,,,,,,,,,,0.0,proceed,0.0,0.0,-0.0
robot,11.8,robot_4,0.54477553112108,-6.248046457220145,0.03549572443682726,0.04066011649748952,-0.0056968781540022466,,,,,,,,,,1.0,yield,-0.0006636404432356358,-0.0009178092004731297,0.0021514620166271925
pair,11.8,,,,,,,robot_1,robot_2,10.711809885898932,0.03926417529499593,0.40678024468072527,0.4086708246548888,25.688392602297668,2.129046510304042,0,,,,,
pair,11.8,,,,,,,robot_1,robot_3,4.786280101888866,-0.5473378802932138,-0.3355686712741329,0.6420164237342808,1.31680744787546,4.7110249149985215,0,,,,,
pair,11.8,,,,,,,robot_1,robot_4,11.474052341859622,-1.101288701822039,0.47269924138100783,1.1984495723905333,4.977536975532245,9.801466737807244,0,,,,,
pair,11.8,,,,,,,robot_2,robot_3,7.376801652852446,-0.5866020555882098,-0.7423489159548582,0.9461415774817563,7.229062970487867,2.7632360381489045,0,,,,,
pair,11.8,,,,,,,robot_2,robot_4,0.8678354352652609,-1.1405528771170348,0.06591899670028256,1.1424562046861655,0.4770990688850894,0.675309348203877,1,,,,,
pair,11.8,,,,,,,robot_3,robot_4,7.941512094319474,-0.553950821528825,0.8082679126551408,0.9798767939390943,5.649471940653245,5.69409191134204,0,,,,,
robot,11.9,robot_1,-1.023509283852916,5.089990618815312,0.08784906013666528,0.0054121963282723964,0.01926308423980378,,,,,,,,,,0.0,proceed,0.0,-0.0,0.0
robot,11.9,robot_2,0.06473874355246681,-5.527828734498259,0.04807960226972462,0.011569728656379457,-0.02355262192631111,,,,,,,,,,1.0,proceed,0.0033035820815712214,-0.0031816817354410887,0.002178846625611186
robot,11.9,robot_3,2.094954063001631,1.5073865509988675,0.05325581543872984,-0.02294619173629379,0.03259028600859963,,,,,,,,,,0.0,proceed,0.0,0.0,-0.0
robot,11.9,robot_4,0.5200180966044508,-6.266557033267225,0.023975021030299394,0.04779193228622658,-0.007877937606910577,,,,,,,,,,1.0,yield,-0.0006484694895334542,-0.0009286183631047606,0.0021442724391818047
pair,11.9,,,,,,,robot_1,robot_2,10.673442349530536,0.03697657001736221,0.38890366519481046,0.39065755788440354,26.793657209495738,2.0883614582208745,0,,,,,
pair,11.9,,,,,,,robot_1,robot_3,4.749722681632076,-0.5365827718553096,-0.33891403215054994,0.6346524972301545,1.139864426539935,4.694308493494847,0,,,,,
pair,11.9,,,,,,,robot_1,robot_4,11.460962060326478,-1.0982419947433022,0.4815602115947647,1.1991812692036772,4.98181512310924,9.780786671787986,0,,,,,
pair,11.9,,,,,,,robot_2,robot_3,7.322296658605037,-0.5735593418726718,-0.7278176973453604,0.9266546925465359,7.319068653665896,2.7599135155052283,0,,,,,
pair,11.9,,,,,,,robot_2,robot_4,0.8677550280566076,-1.1352185647606645,0.09265654639995424,1.1389936019873115,0.4511575485819733,0.6992431434083359,1,,,,,
pair,11.9,,,,,,,robot_3,robot_4,7.931873810746321,-0.5616592228879927,0.8204742437453146,0.9943033074995727,5.556874448844641,5.69092093490139,0,,,,,
robot,12.0,robot_1,-0.9680483683364292,5.064446648523612,0.08806976172467465,0.004403449766924611,0.015650686580869617,,,,,,,,,,0.0,proceed,0.0,-0.0,0.0
robot,12.0,robot_2,0.09347723538201394,-5.510140234933434,0.04656380172550498,0.01220211405813257,-0.026242293983928914,,,,,,,,,,1.0,proceed,0.003222245257347822,-0.0031600864604115486,0.0021330579183995724
robot,12.0,robot_3,2.0758113133140337,1.4721566666317663,0.053031839658238156,-0.022910745757762207,0.03336041593362546,,,,,,,,,,0.0,proceed,0.0,0.0,-0.0
robot,12.0,robot_4,0.4951294959539779,-6.295400468745353,0.01739970753396169,0.054029554615821915,-0.011322110538841879,,,,,,,,,,1.0,yield,-0.000661190424580127,-0.000929735426325351,0.0021221742499619722
pair,12.0,,,,,,,robot_1,robot_2,10.62773373599149,0.03423745786353605,0.3670033026045532,0.36859683618230726,28.297230380629134,2.0391666488392413,0,,,,,
pair,12.0,,,,,,,robot_1,robot_3,4.708463557847482,-0.5247962185329385,-0.342883383978505,0.6268812375522357,0.9305039071534782,4.6721913672310045,0,,,,,
pair,12.0,,,,,,,robot_1,robot_4,11.453690059988242,-1.093023236596104,0.4948440084729866,1.1998209818388057,5.015829546072659,9.745230530941583,0,,,,,
pair,12.0,,,,,,,robot_2,robot_3,7.258244857962398,-0.5590336763964745,-0.7098866865830582,0.9035805216654635,7.428223997849172,2.762461647235472,0,,,,,
pair,12.0,,,,,,,robot_2,robot_4,0.8820193723660028,-1.12726069445964,0.12784070586843338,1.1344866325129481,0.4297818776329208,0.7349980723405956,1,,,,,
pair,12.0,,,,,,,robot_3,robot_4,7.926758408017787,-0.5682270180631654,0.8377273924514915,1.0122594174027388,5.473873580479828,5.668424701392759,0,,,,,
robot,12.100000000000001,robot_1,-0.921010849683458,5.042821279169377,0.09058818673530687,0.003876200614367699,0.013820976326004953,,,,,,,,,,0.0,proceed,0.0,-0.0,0.0
robot,12.100000000000001,robot_2,0.11710761551109221,-5.498547348280731,0.04338716866849271,0.0008083224001975906,-0.030309682062078402,,,,,,,,,,1.0,proceed,0.003063482465222478,-0.0031178807839751244,0.002022659173235297
robot,12.100000000000001,robot_3,2.0602894158450766,1.4419952886025382,0.05459701403565868,-0.0234376306603002,0.034872784928832126,,,,,,,,,,0.0,proceed,0.00011238800652790815,-0.0,0.0
robot,12.100000000000001,robot_4,0.4747824133242328,-6.322785334854023,0.01810093231172278,0.05795855372894085,-0.01730364113487359,,,,,,,,,,1.0,yield,-0.00032929927692748606,-0.00121000362560153,0.0019364150939509273
pair,12.100000000000001,,,,,,,robot_1,robot_2,10.592362460167575,0.02991092693524955,0.35175023031004105,0.3530196709438339,29.504032636152818,1.9275427746425609,0,,,,,
pair,12.100000000000001,,,,,,,robot_1,robot_3,4.674836797962274,-0.5153745288387594,-0.34611597345788736,0.6208117041893414,0.7529253416490838,4.65140979528264,0,,,,,
pair,12.100000000000001,,,,,,,robot_1,robot_4,11.45099351749839,-1.087660508515075,0.506946015803428,1.1999998519675914,5.055486108677006,9.711942561255189,0,,,,,
pair,12.100000000000001,,,,,,,robot_2,robot_3,7.207432802568733,-0.545285455774009,-0.6978662037679284,0.8856373222940237,7.5261462679892706,2.7420886492807384,0,,,,,
pair,12.100000000000001,,,,,,,robot_2,robot_4,0.8984984805224026,-1.1175714354503246,0.15519578549338697,1.1282959031962352,0.41447289352188915,0.7672058421531361,1,,,,,
pair,12.100000000000001,,,,,,,robot_3,robot_4,7.925001614223753,-0.5722859796763154,0.8530619892613154,1.027241938423735,5.4172999682493685,5.642498253642913,0,,,,,
robot,12.200000000000001,robot_1,-0.8669959264013916,5.018178645650135,0.09448294203244595,0.003648964544342978,0.013021358760855476,,,,,,,,,,0.0,proceed,0.0,-0.0,0.0
robot,12.200000000000001,robot_2,0.14539646129001502,-5.49126555832008,0.0473386972338749,-0.0017804622373040237,-0.03555718920533459,,,,,,,,,,1.0,proceed,0.0012008349876850843,-0.002326768357306719,0.002055305987596512
robot,12.200000000000001,robot_3,2.0432416900963606,1.4070792519937674,0.05677937516835308,-0.024496039241561234,0.03642495820854026,,,,,,,,,,0.0,proceed,6.589983240701258e-05,-0.0,0.0
robot,12.200000000000001,robot_4,0.4487432237105892,-6.352927279596887,0.026437620479039615,0.05838954832271243,-0.026305120923138806,,,,,,,,,,1.0,yield,-0.0005528814508579671,-0.0012105365749448538,0.0019138972274959087
pair,12.200000000000001,,,,,,,robot_1,robot_2,10.558094327245739,0.030193706148906596,0.3403353952844199,0.34167212525227875,30.37667289454723,1.9371554909321196,0,,,,,
pair,12.200000000000001,,,,,,,robot_1,robot_3,4.637835897845449,-0.5051224366916378,-0.3495455408698144,0.6142725463434523,0.5506644219801897,4.625484116930001,0,,,,,
pair,12.200000000000001,,,,,,,robot_1,robot_4,11.44697424974501,-1.081383871475667,0.5196529838974442,1.1997626020014205,5.093576406133705,9.679250506429264,0,,,,,
pair,12.200000000000001,,,,,,,robot_2,robot_3,7.154647275336989,-0.5353161428405444,-0.6898809361542343,0.8732119323822373,7.57375834725077,2.729587176178414,0,,,,,
pair,12.200000000000001,,,,,,,robot_2,robot_4,0.9134988670954957,-1.1115775776245735,0.17931758861302421,1.1259482708649207,0.3878531835501752,0.8023534138241504,1,,,,,
pair,12.200000000000001,,,,,,,robot_3,robot_4,7.922128926597711,-0.5762614347840291,0.8691985247672585,1.042872627254607,5.3569580979267455,5.616916255607053,0,,,,,
robot,12.3,robot_1,-0.8221793898634847,4.997991604376762,0.08788836705979051,0.0032471478113144103,0.011577756003331587,,,,,,,,,,0.0,proceed,0.0,-0.0,0.0
robot,12.3,robot_2,0.17025498224521696,-5.4866844222349025,0.04576938546494453,-0.0036984677279022406,-0.03374068777090097,,,,,,,,,,1.0,proceed,0.0011115358211100101,-0.0022900947369635105,0.002027153968811035
robot,12.3,robot_3,2.0301296661635475,1.3774973353330342,0.05393707739394043,-0.021640154552437764,0.03347656415730872,,,,,,,,,,0.0,proceed,2.5779700081329793e-06,-0.0,0.0
robot,12.3,robot_4,0.4234499344103772,-6.374378769208789,0.03316360657561121,0.05016094288250461,-0.03078357250161786,,,,,,,,,,1.0,yield,-0.0005688685923814774,-0.001194113865494728,0.0019284154986962676
pair,12.3,,,,,,,robot_1,robot_2,10.531541072699103,0.028068584614183933,0.3328282655567524,0.33400973009144463,31.029605064887946,1.8700060827033302,0,,,,,
pair,12.3,,,,,,,robot_1,robot_3,4.609082956865964,-0.49697395296480074,-0.35175137076954244,0.6088613444485633,0.3884671430205692,4.603010183586585,0,,,,,
pair,12.3,,,,,,,robot_1,robot_4,11.440384623232617,-1.0761812540531754,0.529277536222209,1.199291791819204,5.116915106193794,9.655238424370289,0,,,,,
pair,12.3,,,,,,,robot_2,robot_3,7.111689323979835,-0.5250425375789847,-0.6845796363262948,0.8627392101556656,7.625215527570951,2.701575454356606,0,,,,,
pair,12.3,,,,,,,robot_2,robot_4,0.9230974690959308,-1.1042498386673594,0.19644927066545664,1.1215881695800287,0.3608837992670604,0.8296239216674679,1,,,,,
pair,12.3,,,,,,,robot_3,robot_4,7.916628253277588,-0.5792073010883747,0.8810289069917514,1.054368546851223,5.306344582046035,5.600958547627013,0,,,,,
robot,12.4,robot_1,-0.7753218615808252,4.977196413016853,0.08788836705979051,0.0032471478113144103,0.011577756003331587,,,,,,,,,,0.0,proceed,0.0,-0.0,0.0
robot,12.4,robot_2,0.1984030701585843,-5.480245895169414,0.04576938546494453,-0.0036984677279022406,-0.03374068777090097,,,,,,,,,,1.0,proceed,0.0010389381786808372,-0.0021786883007735014,0.002019326901063323
robot,12.4,robot_3,2.0172411482237456,1.3461528782361631,0.05393707739394043,-0.021640154552437764,0.03347656415730872,,,,,,,,,,0.0,proceed,0.0,-0.0,0.0
robot,12.4,robot_4,0.39372706680593905,-6.3929763413849985,0.03316360657561121,0.05016094288250461,-0.03078357250161786,,,,,,,,,,1.0,proceed,-0.0006390819326043129,-0.0011373776942491531,0.001906133722513914
pair,12.4,,,,,,,robot_1,robot_2,10.502677747685826,-0.011753425440642173,0.5109731156484105,0.5111082741699968,20.498726375123365,0.7329885126487542,0,,,,,
pair,12.4,,,,,,,robot_1,robot_3,4.580707949127668,-0.48919731776775477,-0.35405024772073546,0.6038754785734223,0.22086665846351292,4.578765790990052,0,,,,,
pair,12.4,,,,,,,robot_1,robot_4,11.43011390415268,-1.0719266843672504,0.5364605684118645,1.1986729154024243,5.117412529389132,9.644701886672658,0,,,,,
pair,12.4,,,,,,,robot_2,robot_3,7.064551802327798,-0.4774438923271126,-0.865023363369146,0.9880374939722344,6.938395867750058,1.706296552028787,0,,,,,
pair,12.4,,,,,,,robot_2,robot_4,0.9333961276517037,-1.060173258926608,0.025487452763453933,1.0604795845236408,0.20481680662157,0.9077724027853118,1,,,,,
pair,12.4,,,,,,,robot_3,robot_4,7.907586170921943,-0.5827293665994955,0.8905108161325999,1.064228842094875,5.2496892469511724,5.596141057504522,0,,,,,
robot,12.5,robot_1,-0.719514684799655,4.952833824417961,0.09278246305051244,0.0032285259896007654,0.011558061194432243,,,,,,,,,,0.0,proceed,0.0,-0.0,0.0
robot,12.5,robot_2,0.23790794110352606,-5.46768115700039,0.0632443706904321,0.005730543413360696,-0.029338467490119403,,,,,,,,,,1.0,proceed,0.0010008016834035516,-0.00217392947524786,0.001977077452465892
robot,12.5,robot_3,2.002887845041684,1.3081835788100868,0.058144310506542465,-0.022384405351197425,0.03364186327894282,,,,,,,,,,0.0,proceed,0.0,-0.0,0.0
robot,12.5,robot_4,0.355499176268065,-6.411062970488598,0.0446955417957173,0.04711164346460917,-0.040840557328700185,,,,,,,,,,1.0,proceed,-0.0006740509998053312,-0.0011178908171132207,0.0018969584489241242
pair,12.5,,,,,,,robot_1,robot_2,10.464405886745583,-0.014569438955317926,0.5097178901036479,0.509926069193552,20.480647222080677,0.6593002480532215,0,,,,,
pair,12.5,,,,,,,robot_1,robot_3,4.549170358130816,-0.48082230148502536,-0.35663515521973643,0.5986474083665293,0.02561938921662822,4.549144504663612,0,,,,,
pair,12.5,,,,,,,robot_1,robot_4,11.414631188381659,-1.068199403298236,0.5421159384756045,1.1978896676889708,5.093509479861155,9.647070125906982,0,,,,,
pair,12.5,,,,,,,robot_2,robot_3,7.001963794486911,-0.46625286252970743,-0.8663530453233843,0.9838492419869257,6.914771899002453,1.6569313111245965,0,,,,,
pair,12.5,,,,,,,robot_2,robot_4,0.9506823573664455,-1.053629964342918,0.03239804837195659,1.0541279501557532,0.13900590480350786,0.9393220432453732,1,,,,,
pair,12.5,,,,,,,robot_3,robot_4,7.893076505068437,-0.5873771018132106,0.8987510936953409,1.073669124150014,5.178888053211862,5.6020061477244365,0,,,,,
robot,12.600000000000001,robot_1,-0.6716743659910261,4.932285932620344,0.09563578045936388,0.0032408612747565416,0.01160865909108658,,,,,,,,,,0.0,proceed,0.0,-0.0,0.0
robot,12.600000000000001,robot_2,0.27423861584284154,-5.454488407573676,0.07868331143111477,0.020633631893872018,-0.015489833414412311,,,,,,,,,,1.0,proceed,0.0003023928147740662,-0.0018428255571052432,0.0019908167887479067
robot,12.600000000000001,robot_3,1.9917067864069853,1.2747865499561764,0.061181934839600466,-0.022262994155033845,0.033380690543544214,,,,,,,,,,0.0,proceed,0.0,-0.0,0.0
robot,12.600000000000001,robot_4,0.3200021368015901,-6.421830567150427,0.06087593400961275,0.040854884706515486,-0.042228303994657185,,,,,,,,,,1.0,proceed,0.0006238023634068668,-0.0020403587259352207,0.00117300299461931
pair,12.600000000000001,,,,,,,robot_1,robot_2,10.429757071155336,-0.009138332995652365,0.5123874266248223,0.512468910367397,20.29779778951134,0.760545875108902,0,,,,,
pair,12.600000000000001,,,,,,,robot_1,robot_3,4.524477969571487,-0.46992184109479235,-0.3485070063270146,0.5850501433184484,-0.06743875864679297,4.524305935250202,0,,,,,
pair,12.600000000000001,,,,,,,robot_1,robot_4,11.39734108362814,-1.0620971926445457,0.55424155551576,1.1980125827736345,5.118454036038312,9.60720037283964,0,,,,,
pair,12.600000000000001,,,,,,,robot_2,robot_3,6.9449865637695325,-0.46078350809914,-0.8608944329518369,0.9764531048768369,6.905975875105196,1.6612985579970685,0,,,,,
pair,12.600000000000001,,,,,,,robot_2,robot_4,0.9684240566741177,-1.0529588596488935,0.04185412889093776,1.053790362557144,0.07985270977278665,0.9647612476417888,1,,,,,
pair,12.600000000000001,,,,,,,robot_3,robot_4,7.876072084665722,-0.5921753515497534,0.9027485618427746,1.0796418910417807,5.111557748472317,5.619340973764442,0,,,,,
robot,12.700000000000001,robot_1,-0.6175325884370572,4.909397635369058,0.07305815803908032,0.002411253887717131,0.008583574119995047,,,,,,,,,,0.0,proceed,0.0,-0.0,0.0
robot,12.700000000000001,robot_2,0.3186274957562726,-5.433598008089554,0.058055420749360806,0.012627911072982966,0.01326964125859624,,,,,,,,,,0.4658704880976698,proceed,0.0003283074183855206,-0.0009128661257686106,0.0009708148899895998
robot,12.700000000000001,robot_3,1.9809593166901305,1.2355670709923967,0.049073225111280074,-0.01503972736705605,0.024000044389069976,,,,,,,,,,0.0,proceed,0.0,-0.0,0.0
robot,12.700000000000001,robot_4,0.2695177875403885,-6.424511845290025,0.06173868400088244,0.029544863851834205,-0.030114402230371227,,,,,,,,,,0.0,proceed,0.0007145018316805363,-0.0,0.0
pair,12.700000000000001,,,,,,,robot_1,robot_2,10.385275854970857,0.006138894113670745,0.5389949584195398,0.5390299168159596,19.1671423249095,1.0538934908897197,0,,,,,
pair,12.700000000000001,,,,,,,robot_1,robot_3,4.499910132075935,-0.4475967673846541,-0.31829441405056097,0.5492305528546114,-0.020829048610145146,4.499895590378328,0,,,,,
pair,12.700000000000001,,,,,,,robot_1,robot_4,11.368569060585225,-1.0460953235874997,0.5865513080115321,1.1993155810551595,5.267019339166563,9.452098618952595,0,,,,,
pair,12.700000000000001,,,,,,,robot_2,robot_3,6.873216854933026,-0.45373566149832484,-0.8572893724701007,0.9699593386660605,6.878739694030765,1.6505213789631688,0,,,,,
pair,12.700000000000001,,,,,,,robot_2,robot_4,0.9921300298833877,-1.0522342177011705,0.04755634959199234,1.053308338183891,-0.004101704328753079,0.9921206230551424,0,,,,,
pair,12.700000000000001,,,,,,,robot_3,robot_4,7.848938852569364,-0.5984985562028456,0.9048457220620931,1.0848715603752186,5.018830800719099,5.653329796832543,0,,,,,
robot,12.8,robot_1,-0.5703078012019651,4.889089169807765,0.09478932133556636,0.0012985196130922902,0.004678288792797641,,,,,,,,,,0.0,proceed,0.0,-0.0,0.0
robot,12.8,robot_2,0.3555544473155025,-5.420144433713438,0.06787057925423615,0.002472707294865789,0.045234484845037434,,,,,,,,,,0.5094659870416947,proceed,0.0003613956505432725,-0.0010217811392950252,0.0010597145218411005
robot,12.8,robot_3,1.9735747157685348,1.1992902853013618,0.06725783017474425,-0.01747285525268789,0.02953773809957756,,,,,,,,,,0.0,proceed,0.0,-0.0,0.0
robot,12.8,robot_4,0.21964112920534878,-6.421040308015325,0.09004165291777509,0.03424302187406505,-0.034945197699189835,,,,,,,,,,0.0,proceed,0.0006704658735543489,-0.0,0.0
pair,12.8,,,,,,,robot_1,robot_2,10.350725500910581,0.030189663631510655,0.575302301605923,0.5760938760508187,17.78624944423642,1.464835875562518,0,,,,,
pair,12.8,,,,,,,robot_1,robot_3,4.481735608919035,-0.42103388536240904,-0.27805646347434104,0.5045640985080327,0.17710518590458774,4.480844640746161,0,,,,,
pair,12.8,,,,,,,robot_1,robot_4,11.337682660833934,-1.026217496159258,0.6219145057144108,1.1999583333771955,5.448012353073664,9.263131682323777,0,,,,,
pair,12.8,,,,,,,robot_2,robot_3,6.814316223101432,-0.4512235489939197,-0.8533587650802641,0.9653102470739559,6.8455441734511835,1.6638102133007422,0,,,,,
pair,12.8,,,,,,,robot_2,robot_4,1.0100816705763203,-1.0564071597907687,0.046612204108487765,1.057435002649832,-0.08668265551072621,1.0059141077010534,0,,,,,
pair,12.8,,,,,,,robot_3,robot_4,7.819572966442134,-0.6051836107968491,0.8999709691887519,1.0845252178532565,4.928285449330905,5.70774048571606,0,,,,,
robot,12.9,robot_1,-0.5201927535590222,4.865335509727349,0.0882153511804637,-0.0040767048675192374,-0.011673906170450443,,,,,,,,,,0.0,proceed,0.0,-0.0,0.0
robot,12.9,robot_2,0.39210923323015173,-5.41387996661121,0.04928528764267433,-0.013917089168278645,0.07443409217466636,,,,,,,,,,0.543822411080685,proceed,0.00041625119047239423,-0.0011250438068108708,0.0011854009569729745
robot,12.9,robot_3,1.967709876433646,1.1571952958253318,0.06866506310209396,-0.014243601337148429,0.026811218537432364,,,,,,,,,,0.0,proceed,0.0,0.0,0.0
robot,12.9,robot_4,0.16100304040705204,-6.409092079312186,0.10268373056777313,0.018148958301643398,-0.027984786077024263,,,,,,,,,,0.0,proceed,0.0006089952657930553,-0.0,0.0
pair,12.9,,,,,,,robot_1,robot_2,10.319620425388603,0.05708902295820423,0.5971558065629631,0.5998784992431262,16.91299016441415,1.8864099955222224,0,,,,,
pair,12.9,,,,,,,robot_1,robot_3,4.465418607732285,-0.3952494322064586,-0.24463856451823607,0.4648334550234859,0.3526077347276089,4.46240953557109,0,,,,,
pair,12.9,,,,,,,robot_1,robot_4,11.294987612663101,-1.0075608651601833,0.649415980408123,1.1987159849654883,5.573128357529552,9.107488945118607,0,,,,,
pair,12.9,,,,,,,robot_2,robot_3,6.757332868186141,-0.45233845516466287,-0.8417943710811991,0.9556295522872581,6.837503903227109,1.722443886881674,0,,,,,
pair,12.9,,,,,,,robot_2,robot_4,1.0216933109441053,-1.0646498881183875,0.05226017384515985,1.0659317567465665,-0.17077576962656896,1.0053458933671444,0,,,,,
pair,12.9,,,,,,,robot_3,robot_4,7.779003421680095,-0.6123114329537246,0.894054544926359,1.0836322347684766,4.818704587767847,5.7659956232699106,0,,,,,
robot,13.0,robot_1,-0.4721293400544297,4.837570914973186,0.07224340402871554,-0.0090571490619482,-0.029000901647801787,,,,,,,,,,0.0,proceed,0.0,0.0,0.0
robot,13.0,robot_2,0.42046643991499966,-5.42693889521401,0.026926976156828937,-0.03699724336615026,0.06659633671326634,,,,,,,,,,0.5529038495010435,proceed,0.0005491682677529752,-0.0011847394643021666,0.0012796733275673377
robot,13.0,robot_3,1.9679089108263874,1.1110558156887427,0.06265483902890107,0.004096181554842111,0.01997618670186226,,,,,,,,,,0.0,proceed,0.0,0.0,0.0
robot,13.0,robot_4,0.09774101271973337,-6.386117605707318,0.08825521516847012,0.013524913099131817,-0.015777302533198458,,,,,,,,,,0.0,proceed,0.0006445253966376185,-0.0,0.0
pair,13.0,,,,,,,robot_1,robot_2,10.30324652087139,0.07288246378476243,0.636115569287613,0.6402771829586318,15.768467162529317,2.055198704954166,0,,,,,
pair,13.0,,,,,,,robot_1,robot_3,4.454290229762364,-0.3739150947362678,-0.21680120659180085,0.43222131050110524,0.559130785842386,4.44772952327918,0,,,,,
pair,13.0,,,,,,,robot_1,robot_4,11.238146476542575,-0.9908334812327912,0.6696719787328161,1.1959145231293988,5.650098647886079,8.979889410786052,0,,,,,
pair,13.0,,,,,,,robot_2,robot_3,6.718627318178373,-0.4467975585210302,-0.8529167758794138,0.9628577698065731,6.760642990925912,1.6630913531786016,0,,,,,
pair,13.0,,,,,,,robot_2,robot_4,1.0120155631322925,-1.0637159450175537,0.03355640944520316,1.0642451053678572,-0.27467485677586884,0.9688775544709138,0,,,,,
pair,13.0,,,,,,,robot_3,robot_4,7.726909943670638,-0.6169183864965235,0.886473185324617,1.080010649899827,4.708671059528628,5.817533211104434,0,,,,,
robot,13.100000000000001,robot_1,-0.43302732990743614,4.809704858467545,0.08037843528500593,-0.015196047722899585,-0.05776909533544798,,,,,,,,,,0.0,proceed,0.0,0.0,0.0
robot,13.100000000000001,robot_2,0.4445633450260845,-5.449425435716981,0.024151319158234142,-0.05973840360442771,0.05989628269987692,,,,,,,,,,0.5481821261264883,proceed,0.0005988947814330459,-0.0011944211128315147,0.001284107454759674
robot,13.100000000000001,robot_3,1.9812892223880294,1.068154396579562,0.0781548916825864,0.01710344052615876,0.019845025736223872,,,,,,,,,,0.0,proceed,0.0,0.0,0.0
robot,13.100000000000001,robot_4,0.04152296927664312,-6.364655970257463,0.10226352001005687,0.0158723285601906,-0.008918171532072553,,,,,,,,,,0.0,proceed,0.0006742512341588736,-0.0,0.0
pair,13.100000000000001,,,,,,,robot_1,robot_2,10.296597485858372,0.07176299658326923,0.655526426554059,0.6594428129787635,15.320053780629028,1.9888150807816132,0,,,,,
pair,13.100000000000001,,,,,,,robot_1,robot_3,4.45287820106749,-0.3788548417447772,-0.2118371371331465,0.43405755814434066,0.6479422126851906,4.443987619836957,0,,,,,
pair,13.100000000000001,,,,,,,robot_1,robot_4,11.184432838414272,-0.991642345671807,0.6650290838366377,1.1939925561233962,5.542759613163009,9.016287059470292,0,,,,,
pair,13.100000000000001,,,,,,,robot_2,robot_3,6.696295490232825,-0.4506178383280464,-0.8673635636872055,0.9774333674637931,6.641979119988767,1.6410711514003575,0,,,,,
pair,13.100000000000001,,,,,,,robot_2,robot_4,1.0000442369412996,-1.0634053422550762,0.009502657282578708,1.0634477995802454,-0.37128860815712816,0.9187954451292996,0,,,,,
pair,13.100000000000001,,,,,,,robot_3,robot_4,7.681755207377395,-0.6127875039270299,0.8768662209697842,1.069767682465193,4.656503267306644,5.84767040388795,0,,,,,
robot,13.200000000000001,robot_1,-0.3927418404392579,4.7753806322782175,0.0740111316256296,-0.017205475281203447,-0.07214928158829856,,,,,,,,,,0.0,proceed,0.0,0.0,0.0
robot,13.200000000000001,robot_2,0.473037134512892,-5.484058236263854,0.019792308919783588,-0.06412800790552721,0.04666218482166018,,,,,,,,,,0.5297028445905028,proceed,0.0006435095565393567,-0.0011607699296855077,0.0012574567896384593
robot,13.200000000000001,robot_3,1.998176370522934,1.017949419626651,0.07573563731660655,0.014114528482330484,0.014346127404041082,,,,,,,,,,0.0,proceed,0.0,0.0,0.0
robot,13.200000000000001,robot_4,-0.022417248160864385,-6.341520603828335,0.09678320524417897,0.018504165613216546,0.0003848488947566454,,,,,,,,,,0.0,proceed,0.0006938662845641375,-0.0,0.0
pair,13.200000000000001,,,,,,,robot_1,robot_2,10.295904969006902,0.04315942331646849,0.6590663277399702,0.6604779785743503,15.414497615631317,1.534339172004579,0,,,,,
pair,13.200000000000001,,,,,,,robot_1,robot_3,4.4536254006504485,-0.4062886781764988,-0.233396515220544,0.4685556779418004,0.4301254703408384,4.449063019576022,0,,,,,
pair,13.200000000000001,,,,,,,robot_1,robot_4,11.123067625299846,-1.012478669632713,0.6354771203329719,1.1953845519028239,5.206278870004244,9.21903545678223,0,,,,,
pair,13.200000000000001,,,,,,,robot_2,robot_3,6.678484352491667,-0.44944810149296727,-0.8924628429605143,0.9992464771020192,6.498060356628977,1.5623621740256444,0,,,,,
pair,13.200000000000001,,,,,,,robot_2,robot_4,0.9903114444960829,-1.0556380929491813,-0.02358920740699838,1.0559016213603778,-0.48724874008829383,0.8461797426986967,0,,,,,
pair,13.200000000000001,,,,,,,robot_3,robot_4,7.631814829907642,-0.6061899914562142,0.8688736355535158,1.059437445204609,4.605800410305998,5.868093130200627,0,,,,,
robot,13.3,robot_1,-0.3600042388872417,4.744391597315817,0.07220045877561088,-0.015810360751548565,-0.06737904600309136,,,,,,,,,,0.0,proceed,0.0,0.0,0.0
robot,13.3,robot_2,0.4993415257391191,-5.515772059092621,0.0207931259068297,-0.06573071839027292,0.041129359928422454,,,,,,,,,,0.510468394573012,proceed,0.0007096809567883611,-0.001130644402673728,0.0012336934837448748
robot,13.3,robot_3,2.0110850899382444,0.9723258831986973,0.07933020404545774,0.008127928458372707,0.005283431520963715,,,,,,,,,,0.0,proceed,0.0,0.0,0.0
robot,13.3,robot_4,-0.07890482397526351,-6.323476603136554,0.09551254228863128,0.022406475593467635,0.009116538618716148,,,,,,,,,,0.0,proceed,0.0006657769554294646,-0.0,0.0
pair,13.3,,,,,,,robot_1,robot_2,10.296088257171547,0.016439179549772365,0.6589182705802809,0.6591233070744638,15.529020059341656,1.1149769545819028,0,,,,,
pair,13.3,,,,,,,robot_1,robot_3,4.455394972040973,-0.430139542350288,-0.25473260235258866,0.4999087162619164,0.2362108936627476,4.453829874734946,0,,,,,
pair,13.3,,,,,,,robot_1,robot_4,11.071437277230478,-1.0311530696306797,0.6073013563112679,1.1967002926323194,4.895907455385424,9.394126735359576,0,,,,,
pair,13.3,,,,,,,robot_2,robot_3,6.661890385818601,-0.44657872190006037,-0.9136508729328695,1.0169515585635758,6.384673842190415,1.4909664543819083,0,,,,,
pair,13.3,,,,,,,robot_2,robot_4,0.9933556621005524,-1.047592249180452,-0.05161691426901294,1.0488631113646874,-0.5885369265940769,0.7782690790284205,0,,,,,
pair,13.3,,,,,,,robot_3,robot_4,7.589255020084371,-0.6010135272803916,0.8620339586638566,1.0508662169199738,4.557662791212136,5.88706551424225,0,,,,,
robot,13.4,robot_1,-0.3277910094706136,4.71412172203637,0.07139637825456543,-0.009383506104931685,-0.05425048488222333,,,,,,,,,,0.0,proceed,0.0,0.0,0.0
robot,13.4,robot_2,0.528241409198994,-5.543574568555223,0.033619572009480105,-0.05265939173509018,0.0439793615157576,,,,,,,,,,0.493148127499075,proceed,0.0007509180577471852,-0.0011011956384042146,0.0012243331948525859
robot,13.4,robot_3,2.0216302643173245,0.9250452174101765,0.07998855981055224,0.004645853416832784,-0.003990121584907115,,,,,,,,,,0.0,proceed,0.0,0.0,0.0
robot,13.4,robot_4,-0.13417574081476855,-6.3045195478248965,0.0941377443181857,0.009247191369893583,0.015329773073020048,,,,,,,,,,0.0,proceed,0.0004877254250459373,-0.0,0.0
pair,13.4,,,,,,,robot_1,robot_2,10.293353423050714,-0.009375446524974185,0.6559904315581702,0.65605742530164,15.65241338615277,0.7093564903941484,0,,,,,
pair,13.4,,,,,,,robot_1,robot_3,4.458349591456192,-0.4515578440408902,-0.27661464832816174,0.5295471180023261,0.04559422820147979,4.458284213999211,0,,,,,
pair,13.4,,,,,,,robot_1,robot_4,11.02034220458451,-1.0491289585388597,0.5779662964830357,1.1977965651625273,4.580368429162494,9.557610092697075,0,,,,,
pair,13.4,,,,,,,robot_2,robot_3,6.638768877433126,-0.44218239751591604,-0.9326050798863319,1.0321228161913267,6.282886748503611,1.4218925790862837,0,,,,,
pair,13.4,,,,,,,robot_2,robot_4,1.0088774663496454,-1.0397535120138854,-0.07802413507513445,1.042676906524467,-0.688134423227032,0.7092424171176981,0,,,,,
pair,13.4,,,,,,,robot_3,robot_4,7.544143836545805,-0.5975711144979695,0.8545809448111974,1.042784650882791,4.496966767954221,5.909647597493143,0,,,,,
robot,13.5,robot_1,-0.289417355430887,4.681752344272731,0.07019640567294386,-0.0035067340200916897,-0.025046230503430064,,,,,,,,,,0.0,proceed,0.0,0.0,0.0
robot,13.5,robot_2,0.5663395413841954,-5.567335230188951,0.03408495372694853,-0.055766675199783414,0.04786493182461932,,,,,,,,,,0.4787888508593585,proceed,0.0007578714285045862,-0.0010765154886676715,0.0011839327803627642
robot,13.5,robot_3,2.0315852481556353,0.8688299482069782,0.08121910958433584,0.0016830355447733682,-0.010437597487921823,,,,,,,,,,0.0,proceed,0.0,-0.0,0.0
robot,13.5,robot_4,-0.19395565605794213,-6.275729228226718,0.09338374594197232,0.005763009194236439,0.018918929126311594,,,,,,,,,,0.0,proceed,0.0004892851575277746,-0.0,0.0
pair,13.5,,,,,,,robot_1,robot_2,10.284751624391882,-0.032721915608777796,0.6449077657651776,0.6457373692960174,15.918676933570154,0.3352980638563509,0,,,,,
pair,13.5,,,,,,,robot_1,robot_3,4.463791021572942,-0.4729959972371563,-0.3012145664747663,0.5607632552681687,-0.16117650030025024,4.462875911768367,0,,,,,
pair,13.5,,,,,,,robot_1,robot_4,10.957897396294243,-1.069977057011652,0.5399336532919843,1.198490405672296,4.190017973348313,9.739511343491014,0,,,,,
pair,13.5,,,,,,,robot_2,robot_3,6.600845944635313,-0.4402740816283785,-0.9461223322399439,1.0435462301771123,6.184186395795914,1.3869773910121896,0,,,,,
pair,13.5,,,,,,,robot_2,robot_4,1.0391683423341522,-1.0372551414028743,-0.10497411247319324,1.0425534963042575,-0.7939727729059863,0.6282401865768088,0,,,,,
pair,13.5,,,,,,,robot_3,robot_4,7.483164981603086,-0.5969810597744957,0.8411482197667506,1.0314633843943535,4.399806306250821,5.949970082524937,0,,,,,
robot,13.600000000000001,robot_1,-0.24980654999726168,4.652991518846996,0.0925106339372584,0.002654339382617034,0.00414310291970609,,,,,,,,,,0.0,proceed,0.0,0.0,0.0
robot,13.600000000000001,robot_2,0.6066491142534556,-5.590192682814641,0.049472145953057836,-0.07339908510994962,0.06867066342233329,,,,,,,,,,0.46198556293070925,proceed,0.0007677516550756991,-0.0010516246150093012,0.0011396327281528657
robot,13.600000000000001,robot_3,2.0392761125242846,0.8114344111067628,0.11075507912712625,-0.0007021362256220912,-0.01947330298023594,,,,,,,,,,0.0,proceed,0.0,-0.0,0.0
robot,13.600000000000001,robot_4,-0.25381958711862146,-6.248562224407571,0.12455330641087209,0.008660057054658853,0.02868157128166388,,,,,,,,,,0.0,proceed,0.0004955198965035379,-0.0,0.0
pair,13.600000000000001,,,,,,,robot_1,robot_2,10.278926933002184,-0.0525657619948246,0.6251376289646271,0.6273437769529656,16.384837420557115,0.0048428304580165745,0,,,,,
pair,13.600000000000001,,,,,,,robot_1,robot_3,4.471852015427862,-0.4937468694782052,-0.32880148717845353,0.5932085544648614,-0.3776176614162514,4.466237986014956,0,,,,,
pair,13.600000000000001,,,,,,,robot_1,robot_4,10.901554481886269,-1.091788676990435,0.4956698102442594,1.1990375623774696,3.755458858274777,9.928114392206933,0,,,,,
pair,13.600000000000001,,,,,,,robot_2,robot_3,6.559973290022079,-0.4411811074833806,-0.9539391161430806,1.051018842318302,6.10045513030946,1.3868809385790482,0,,,,,
pair,13.600000000000001,,,,,,,robot_2,robot_4,1.083446740425312,-1.0392229149956105,-0.12946781872036764,1.0472565030288348,-0.8930566393799088,0.546943090501838,0,,,,,
pair,13.600000000000001,,,,,,,robot_3,robot_4,7.4230613887529255,-0.59804180751223,0.824471297422713,1.018531749041917,4.288960664098986,6.001545598634764,0,,,,,
robot,13.700000000000001,robot_1,-0.2220480767374446,4.635842143464771,0.029341528589784067,0.0030059672015124647,0.009575609963259226,,,,,,,,,,0.0,proceed,0.0,0.0,0.0
robot,13.700000000000001,robot_2,0.6355618076541841,-5.603565131360699,0.017810009184114434,-0.02314233054794569,0.021473273266230875,,,,,,,,,,0.4512363802863939,proceed,0.0008552296203561127,-0.0010267960442225414,0.0011878989546564606
robot,13.700000000000001,robot_3,2.0428135905895886,0.770981026377323,0.03752681888586147,-0.0020232630155718337,-0.007218066750824316,,,,,,,,,,0.0,proceed,0.0,-0.0,0.0
robot,13.700000000000001,robot_4,-0.29457328041637204,-6.2312511424513115,0.03997800940571303,0.0033502297941758706,0.011119682507235442,,,,,,,,,,0.0,proceed,0.0005593966343440115,-0.0,0.0
pair,13.700000000000001,,,,,,,robot_1,robot_2,10.275259415389716,-0.0683734689483978,0.6436076541361859,0.6472292821857814,15.871825006916364,0.22888258237898135,0,,,,,
pair,13.700000000000001,,,,,,,robot_1,robot_3,4.479592596040607,-0.4948972009821548,-0.3301190794165299,0.5948965003551361,-0.4379482502464668,4.4720098303939535,0,,,,,
pair,13.700000000000001,,,,,,,robot_1,robot_4,10.867335293896616,-1.092185661273072,0.49499258137942437,1.1991193328068577,3.6859078130984555,9.927938428373269,0,,,,,
pair,13.700000000000001,,,,,,,robot_2,robot_3,6.528031579098515,-0.426523732033757,-0.9737267335527159,1.063045740136917,6.023799327507316,1.2686345322847936,0,,,,,
pair,13.700000000000001,,,,,,,robot_2,robot_4,1.1221145264984613,-1.0238121923246741,-0.1486150727567616,1.0345423360129604,-0.9769119773559102,0.48755906816042405,0,,,,,
pair,13.700000000000001,,,,,,,robot_3,robot_4,7.382048003835359,-0.5972884602909171,0.8251116607959543,1.0186082453908138,4.2229052428991665,5.999320800150164,0,,,,,
robot,13.8,robot_1,-0.18922277987329406,4.619165585407789,0.06652661462690371,0.010681150596614314,0.04383891114353518,,,,,,,,,,0.0,proceed,0.0,0.0,0.0
robot,13.8,robot_2,0.6705754999241936,-5.615695397981327,0.045940605498440576,-0.05106685018913058,0.04294422860918664,,,,,,,,,,0.4394609969532906,proceed,0.0008112749783322215,-0.0010053141294846955,0.0011259417199009645
robot,13.8,robot_3,2.04560580249052,0.7235254572603451,0.08729912346381623,-0.004770306042523529,-0.016864031730500488,,,,,,,,,,0.0,proceed,0.0,-0.0,0.0
robot,13.8,robot_4,-0.34151380441950974,-6.212957919702674,0.09191253928728106,0.009158719418348324,0.03042331235577243,,,,,,,,,,0.0,proceed,0.00038303298060782254,-0.0,0.0
pair,13.8,,,,,,,robot_1,robot_2,10.270911957136208,-0.07651246518577154,0.6196141829352022,0.6243203448737372,16.438806058345474,0.40099804227521935,0,,,,,
pair,13.8,,,,,,,robot_1,robot_3,4.491154729085036,-0.5083922847464796,-0.35175915223572307,0.6182210093254193,-0.6126613430392629,4.4751549220921145,0,,,,,
pair,13.8,,,,,,,robot_1,robot_4,10.83319399743787,-1.0998926926970283,0.4795701554686461,1.19989644114171,3.4917549833856856,9.99020191157073,0,,,,,
pair,13.8,,,,,,,robot_2,robot_3,6.486634673272929,-0.43187981956070803,-0.9713733351709253,1.063055188983562,5.9744089769480295,1.3189473158895355,0,,,,,
pair,13.8,,,,,,,robot_2,robot_4,1.1751796798021419,-1.0233802275112567,-0.14004402746655603,1.0329179152720922,-1.0491844190659283,0.4545274954431873,0,,,,,
pair,13.8,,,,,,,robot_3,robot_4,7.335744110625629,-0.5915004079505486,0.8313293077043693,1.0202848379025786,4.183091788415984,5.966388023514978,0,,,,,
robot,13.9,robot_1,-0.14719425154772162,4.600119426594791,0.0723196563197194,0.011318812035684165,0.054223716715312474,,,,,,,,,,0.0,proceed,0.0,0.0,0.0
robot,13.9,robot_2,0.7177705659302315,-5.623718824167445,0.064282373437774,-0.03957628919516909,0.05539931028181242,,,,,,,,,,0.4285503411048612,proceed,0.000833612575661391,-0.0009940989830201233,0.0010939391012466187
robot,13.9,robot_3,2.0487613161215443,0.6634469553651262,0.09551541914714087,-0.004588128559681668,-0.017014458021935387,,,,,,,,,,0.0,proceed,0.0,-0.0,0.0
robot,13.9,robot_4,-0.40091831958500235,-6.190854176035621,0.1000241974923059,0.008716844609214874,0.03057372795091477,,,,,,,,,,0.0,proceed,0.00035002376534976065,-0.0,0.0
pair,13.9,,,,,,,robot_1,robot_2,10.260362211599729,-0.0858752632190442,0.6049738961513348,0.6110384405726583,16.764786340300265,0.5804768434818258,0,,,,,
pair,13.9,,,,,,,robot_1,robot_3,4.50772792001859,-0.5182083725437635,-0.3690057673949466,0.6361644235142275,-0.7775840432583482,4.480503465159612,0,,,,,
pair,13.9,,,,,,,robot_1,robot_4,10.793956049353165,-1.0884977243725964,0.5029117099992366,1.1990610843567049,3.582498994873174,9.902373757315878,0,,,,,
pair,13.9,,,,,,,robot_2,robot_3,6.426506820693512,-0.43233310932471936,-0.9739796635462814,1.065621087638616,5.899355373826377,1.3342378672342057,0,,,,,
pair,13.9,,,,,,,robot_2,robot_4,1.2542357553163421,-1.0026224611535521,-0.10206218615209817,1.0078037951167635,-1.1613097085968467,0.4509278603826505,0,,,,,
pair,13.9,,,,,,,robot_3,robot_4,7.278899251776804,-0.5702893518288328,0.8719174773941832,1.0418589310433473,4.218779518856303,5.801988405284228,0,,,,,
robot,14.0,robot_1,-0.11435398729768777,4.586937235870266,0.07450504759151913,0.013260129664238899,0.062144622674251686,,,,,,,,,,0.0,proceed,0.0,0.0,0.0
robot,14.0,robot_2,0.754559616439077,-5.620717721859348,0.07084019194960912,-0.03763468147402635,0.04539069983841622,,,,,,,,,,0.42661292710678683,proceed,0.0008392599993385375,-0.000995353446105583,0.0010878623080770174
robot,14.0,robot_3,2.0509974553897785,0.6169886447436221,0.09979098307994572,-0.004437459354348137,-0.01592867254829772,,,,,,,,,,0.0,proceed,0.0,-0.0,0.0
robot,14.0,robot_4,-0.44590370889315045,-6.173801033027006,0.10229937906824962,0.006215939598727599,0.0216226762065499,,,,,,,,,,0.0,proceed,0.00032380103948526084,-0.0,0.0
pair,14.0,,,,,,,robot_1,robot_2,10.244570785875844,-0.0886143462771099,0.5908534613071552,0.5974615595205817,17.111780262680973,0.6546765302702192,0,,,,,
pair,14.0,,,,,,,robot_1,robot_3,4.522083445331048,-0.5245641169710369,-0.38076682967175923,0.6481904746229199,-0.8943431496551725,4.484772138580338,0,,,,,
pair,14.0,,,,,,,robot_1,robot_4,10.765844755967843,-1.0765457386111748,0.5216322486045335,1.1962654095584733,3.6729787524324613,9.82839916672931,0,,,,,
pair,14.0,,,,,,,robot_2,robot_3,6.371007124954609,-0.43594977069392704,-0.9716202909789144,1.0649404642561189,5.842407560397279,1.3706694400788624,0,,,,,
pair,14.0,,,,,,,robot_2,robot_4,1.3217463238306697,-0.9879313923340649,-0.06922121270262166,0.9903534784344152,-1.2482264342157878,0.46782371000150186,0,,,,,
pair,14.0,,,,,,,robot_3,robot_4,7.235284367038628,-0.5519816216401379,0.9023990782762927,1.0578316534791248,4.244616312867046,5.673485367931745,0,,,,,
robot,14.100000000000001,robot_1,-0.07576479985143521,4.573046055675604,0.06540648864520077,0.01146365990002363,0.05380684468608856,,,,,,,,,,0.0,proceed,0.0,0.0,0.0
robot,14.100000000000001,robot_2,0.7983945312670673,-5.615136687845565,0.06418940401498355,-0.033511398643955984,0.03148471097118728,,,,,,,,,,0.42320137055076135,proceed,0.0008562837610952556,-0.000983213544053839,0.0011086609432454308
robot,14.100000000000001,robot_3,2.05347107898318,0.5627059373883341,0.08812831646158754,-0.003311063580539459,-0.011824284029749962,,,,,,,,,,0.0,proceed,0.0009137906599789858,-0.0,0.0
robot,14.100000000000001,robot_4,-0.4959197281491412,-6.152507633167705,0.08655387027911153,-0.002864093284603922,0.004577667000647907,,,,,,,,,,0.0,proceed,0.0,-0.0,0.0
pair,14.100000000000001,,,,,,,robot_1,robot_2,10.225615979077451,-0.11965148884178411,0.6122675787630322,0.623849394314366,16.296718700024364,1.096116823979573,0,,,,,
pair,14.100000000000001,,,,,,,robot_1,robot_3,4.54053667445391,-0.5300034200856959,-0.3912700552819024,0.6587836378226448,-1.0152716204236663,4.491004403505633,0,,,,,
pair,14.100000000000001,,,,,,,robot_1,robot_4,10.733779953773656,-1.0629182736493707,0.5393982707153081,1.1919503978389467,3.7577129882395965,9.75461552235354,0,,,,,
pair,14.100000000000001,,,,,,,robot_2,robot_3,6.304042880785621,-0.41035193124391184,-1.0035376340449345,1.084193935797518,5.712339388806997,1.1765174668746718,0,,,,,
pair,14.100000000000001,,,,,,,robot_2,robot_4,1.4014338853490516,-0.9432667848075866,-0.07286930804772407,0.9460772502161734,-1.4077698181400555,0.43608318376622746,0,,,,,
pair,14.100000000000001,,,,,,,robot_3,robot_4,7.182860626913958,-0.5329148535636749,0.9306683259972105,1.072446629983629,4.252543863405001,5.5492498787366555,0,,,,,
robot,14.200000000000001,robot_1,-0.0387189802416865,4.560811474267467,0.07272402675904838,0.01222913057737499,0.057498012716124064,,,,,,,,,,0.0,proceed,0.0,0.0,0.0
robot,14.200000000000001,robot_2,0.8409915406176487,-5.609633073044829,0.07119379100937709,-0.040097695031038647,0.02503752915249303,,,,,,,,,,0.4161619729270221,proceed,0.0008683334453962743,-0.0009630054598343278,0.0011024843456244194
robot,14.200000000000001,robot_3,2.055782626268905,0.5108060917516736,0.09827316942085067,-0.003218198380010821,-0.011462283146255843,,,,,,,,,,0.0,proceed,0.0009896475821733475,-0.0,0.0
robot,14.200000000000001,robot_4,-0.5400867092334419,-6.128847181827666,0.0934359062309966,-0.009489983631915264,-0.023846201024598977,,,,,,,,,,0.0,proceed,0.00033700079075060785,-0.0,0.0
pair,14.200000000000001,,,,,,,robot_1,robot_2,10.208419705834249,-0.15778563814396346,0.6346691777451134,0.6539887405637471,15.416539027669158,1.60006566669009,0,,,,,
pair,14.200000000000001,,,,,,,robot_1,robot_3,4.559548286626906,-0.5360753479596413,-0.40323577230011975,0.6708024051481364,-1.1340527535599048,4.49563984030401,0,,,,,
pair,14.200000000000001,,,,,,,robot_1,robot_4,10.701409803549435,-1.0463536479662583,0.5569507367542329,1.1853480838063473,3.8639229946859777,9.671758543323339,0,,,,,
pair,14.200000000000001,,,,,,,robot_2,robot_3,6.239831163721713,-0.37828970981567783,-1.0379049500452333,1.1046944328097377,5.581987336217681,0.9545277347376,0,,,,,
pair,14.200000000000001,,,,,,,robot_2,robot_4,1.4754526163082657,-0.8885680098222948,-0.0777184409908806,0.8919603489783651,-1.5931940604210049,0.3969030677803909,0,,,,,
pair,14.200000000000001,,,,,,,robot_3,robot_4,7.129062575146485,-0.510278300006617,0.9601865090543527,1.0873555424182229,4.271766869033167,5.408157195037187,0,,,,,
robot,14.3,robot_1,-0.0013673906985971498,4.549221772451717,0.07192905131799418,0.011003902159175044,0.05224935147284841,,,,,,,,,,0.0,proceed,0.0,-0.0,0.0
robot,14.3,robot_2,0.883336558331058,-5.602819703926957,0.07069168190476437,-0.035451690918915854,0.04096403334876315,,,,,,,,,,0.406939674985659,proceed,0.000876589328981936,-0.0009422634382154512,0.0010862061559746257
robot,14.3,robot_3,2.0580662790138784,0.4586151997908505,0.0972500745152642,-0.002671306108323751,-0.009576984870000563,,,,,,,,,,0.0,proceed,0.00106625200714916,-0.0,0.0
robot,14.3,robot_4,-0.5813874289498563,-6.102251754190979,0.0893171822162886,-0.014678673676431997,-0.05224412569998042,,,,,,,,,,0.0,proceed,0.0003529717505443841,-0.0,0.0
pair,14.3,,,,,,,robot_1,robot_2,10.190517514608448,-0.1807671377054727,0.6421368999568808,0.667095612607715,15.008263730863039,1.8993595586541376,0,,,,,
pair,14.3,,,,,,,robot_1,robot_3,4.579773921520764,-0.541024727094315,-0.4133566090009843,0.6808608092204094,-1.2439824174696366,4.500772817732921,0,,,,,
pair,14.3,,,,,,,robot_1,robot_4,10.667254170288771,-1.0315064170197403,0.569904170274392,1.178471998669907,3.9401206508494746,9.60363856321038,0,,,,,
pair,14.3,,,,,,,robot_2,robot_3,6.174219222595197,-0.36025758938884234,-1.0554935089578652,1.1152811655203574,5.483779472609941,0.8462066435505832,0,,,,,
pair,14.3,,,,,,,robot_2,robot_4,1.547529880728325,-0.8507392793142675,-0.0722327296824889,0.8538002627110997,-1.7588720676892582,0.37372376726863393,0,,,,,
pair,14.3,,,,,,,robot_3,robot_4,7.071894446634107,-0.4904816899254252,0.9832607792753763,1.0988057372499114,4.270788697473483,5.2905224496442775,0,,,,,
robot,14.4,robot_1,0.03905334515411936,4.537387327275559,0.059899164834724926,0.008563409676801149,0.04050935896938644,,,,,,,,,,0.0,proceed,0.0,-0.0,0.0
robot,14.4,robot_2,0.9270052651360136,-5.591191372471964,0.05992976170213481,-0.023510840216399195,0.04743416089924124,,,,,,,,,,0.398689893539799,proceed,0.0009098541340790689,-0.0009269149256345469,0.0010896204425938317
robot,14.4,robot_3,2.060482059607639,0.40222842427633204,0.08112358726636248,-0.0019649389184926308,-0.006993012479625831,,,,,,,,,,0.0,proceed,0.0011440732050687075,-0.0,0.0
robot,14.4,robot_4,-0.6218455917477589,-6.070566916080075,0.07160877825678913,-0.015607884662386176,-0.06066444437486208,,,,,,,,,,0.0,proceed,0.00023543853603769094,-0.0,0.0
pair,14.4,,,,,,,robot_1,robot_2,10.167426669968107,-0.2042199313675273,0.6215292756269802,0.6542204680603905,15.131959735356345,2.3181322005888574,0,,,,,
pair,14.4,,,,,,,robot_1,robot_3,4.60279406455155,-0.5821231669923667,-0.4462436512408572,0.7334853630591374,-1.2426895086194967,4.51163948669639,0,,,,,
pair,14.4,,,,,,,robot_1,robot_4,10.628522034315255,-1.0262998962708751,0.5547334645661466,1.1666279157448485,3.825295767157113,9.64623334031293,0,,,,,
pair,14.4,,,,,,,robot_2,robot_3,6.099659867866409,-0.37790323562483935,-1.0677729268678373,1.1326737742384745,5.322075366335482,0.9311038387804693,0,,,,,
pair,14.4,,,,,,,robot_2,robot_4,1.621338918511231,-0.8220799649033479,-0.0667958110608336,0.8247891543120365,-1.9187761018998788,0.35236675864085104,0,,,,,
pair,14.4,,,,,,,robot_3,robot_4,7.0065655743285085,-0.44417672927850854,1.0009771158070038,1.0951018916986042,4.409172925427541,5.077165606067656,0,,,,,
robot,14.5,robot_1,0.08107886848710924,4.525846353797834,0.0631281719304184,0.008282155232177643,0.039314207549613234,,,,,,,,,,0.0,proceed,0.0,-0.0,0.0
robot,14.5,robot_2,0.9692203394689803,-5.575532518726477,0.06138886233056755,-0.021478114189533003,0.06353858057919352,,,,,,,,,,0.391319990892814,proceed,0.000972480105701834,-0.0009184806587434556,0.00109902322846121
robot,14.5,robot_3,2.0628829992824693,0.3437310526628499,0.08555482938458762,-0.001831476499339818,-0.0065230197189763564,,,,,,,,,,0.0,proceed,0.001198958489112556,-0.0,0.0
robot,14.5,robot_4,-0.6599724354904672,-6.0354523244843685,0.0729951042686521,-0.017902264351742834,-0.07438859413734168,,,,,,,,,,0.0,proceed,0.00019977560441475362,-0.0,0.0
pair,14.5,,,,,,,robot_1,robot_2,10.140347646839253,-0.22241591712648623,0.631829003978099,0.669833360216683,14.665081794870758,2.5163779609711137,0,,,,,
pair,14.5,,,,,,,robot_1,robot_3,4.627919187369731,-0.633999217746543,-0.44702287144519803,0.7757476752774309,-1.0187018228407632,4.5599486990024864,0,,,,,
pair,14.5,,,,,,,robot_1,robot_4,10.587265312960296,-1.0092759599701575,0.5706116141048421,1.1594117377036581,3.9267480402263075,9.558396713061846,0,,,,,
pair,14.5,,,,,,,robot_2,robot_3,6.019450077959535,-0.41158330062005677,-1.0788518754232972,1.1546957098966228,5.127149298475493,1.0880529091467315,0,,,,,
pair,14.5,,,,,,,robot_2,robot_4,1.6928660093783092,-0.7868600428436713,-0.06121738987325703,0.7892377942336761,-2.1032422178455845,0.33216552817832046,0,,,,,
pair,14.5,,,,,,,robot_3,robot_4,6.935987476772425,-0.3752767422236145,1.01763448555004,1.084625548027827,4.649604035816852,4.761856066184626,0,,,,,
robot,14.600000000000001,robot_1,0.11826268095595449,4.517433755052044,0.0631281719304184,0.008282155232177643,0.039314207549613234,,,,,,,,,,0.0,proceed,0.0,-0.0,0.0
robot,14.600000000000001,robot_2,1.0008135797646938,-5.56210280534211,0.06138886233056755,-0.021478114189533003,0.06353858057919352,,,,,,,,,,0.3826941003575356,proceed,0.0009708445868454874,-0.0008938201967568499,0.0011022893833010367
robot,14.600000000000001,robot_3,2.0630334440667104,0.2984088606194132,0.08555482938458762,-0.001831476499339818,-0.0065230197189763564,,,,,,,,,,0.0,proceed,0.0012637703912332654,-0.0,0.0
robot,14.600000000000001,robot_4,-0.6881262836942798,-6.006673237886234,0.0729951042686521,-0.017902264351742834,-0.07438859413734168,,,,,,,,,,0.0,proceed,3.748761446331628e-05,-0.0,0.0
pair,14.600000000000001,,,,,,,robot_1,robot_2,10.118100284209014,-0.23647100148962108,0.6410412388725069,0.6832659836993956,14.287376984299906,2.66040843070418,0,,,,,
pair,14.600000000000001,,,,,,,robot_1,robot_3,4.645675879879338,-0.6757440925843128,-0.44265649889766473,0.8078210536244611,-0.8480428413091945,4.594887134201517,0,,,,,
pair,14.600000000000001,,,,,,,robot_1,robot_4,10.554955763105882,-0.9964918604595663,0.5826690745141311,1.1543393254833354,3.998885199092602,9.492048505071864,0,,,,,
pair,14.600000000000001,,,,,,,robot_2,robot_3,5.955997651694374,-0.43927309109469176,-1.0836977377701715,1.1693423944286263,4.985972738483111,1.2171283772194208,0,,,,,
pair,14.600000000000001,,,,,,,robot_2,robot_4,1.7464709364525042,-0.7600208589699452,-0.05837216435837578,0.7622591525467534,-2.2538590849817943,0.313929620804269,0,,,,,
pair,14.600000000000001,,,,,,,robot_3,robot_4,6.87916710921826,-0.32074776787525344,1.0253255734117959,1.0743238162161284,4.8366579770347595,4.508115115457472,0,,,,,
robot,14.700000000000001,robot_1,0.16064959067928994,4.508432558153428,0.08451805927539623,0.011479959459830925,0.050114284199579175,,,,,,,,,,0.0,proceed,0.0,-0.0,0.0
robot,14.700000000000001,robot_2,1.0336852312857125,-5.547193238821771,0.06612968019106617,-0.024800186185012982,0.07687323832593683,,,,,,,,,,0.37236086351175923,proceed,0.0009530399111099541,-0.000858137589577557,0.0011155714711950588
robot,14.700000000000001,robot_3,2.059345252803481,0.2510831225378581,0.09155663203945143,-0.01351367822469486,-0.04861927512767132,,,,,,,,,,0.0,proceed,0.0014688376104459167,-0.0,0.0
robot,14.700000000000001,robot_4,-0.7172641199263804,-5.974449104969068,0.08337000294636307,-0.019918195456933338,-0.08938490926663584,,,,,,,,,,0.0,proceed,0.0,-0.0,0.0
pair,14.700000000000001,,,,,,,robot_1,robot_2,10.09345339309407,-0.2654476837132398,0.6328456539789524,0.6862624093951032,14.004287126959463,3.0844553572931956,0,,,,,
pair,14.700000000000001,,,,,,,robot_1,robot_3,4.661552255880592,-0.7242429119946242,-0.43602977685405475,0.8453696007533331,-0.6733567612313266,4.626666247536276,0,,,,,
pair,14.700000000000001,,,,,,,robot_1,robot_4,10.519578910122748,-0.9809692684304551,0.5947293001800109,1.147172021144862,4.083020986206559,9.419254971071826,0,,,,,
pair,14.700000000000001,,,,,,,robot_2,robot_3,5.888292387648706,-0.4587952282813844,-1.0688754308330073,1.1631800153597098,4.928502181009278,1.3445199442984868,0,,,,,
pair,14.700000000000001,,,,,,,robot_2,robot_4,1.8023238348496993,-0.7155215847172153,-0.038116353798941516,0.7165361083875404,-2.4718897121804844,0.3335086490035821,0,,,,,
pair,14.700000000000001,,,,,,,robot_3,robot_4,6.81665688768759,-0.25672635643583086,1.0307590770340656,1.062248886550104,5.055240223949648,4.198896865353863,0,,,,,
robot,14.8,robot_1,0.2019271163851573,4.49986177029536,0.0640983957497742,0.007209374790400106,0.03281826820651715,,,,,,,,,,0.0,proceed,0.0,-0.0,0.0
robot,14.8,robot_2,1.0648620300894018,-5.531789307239274,0.049672472127202424,-0.01875369172031619,0.058686135685519523,,,,,,,,,,0.36073083738388506,proceed,0.0010893814032897353,-0.0008426855790782518,0.001112531517819336
robot,14.8,robot_3,2.0518964206869463,0.20608716567379373,0.06804948811192445,-0.014241077721955838,-0.05902102791427139,,,,,,,,,,0.0,proceed,0.001660024281591177,-0.0,0.0
robot,14.8,robot_4,-0.7447223012204488,-5.941726356260597,0.06407654162136049,-0.014636027544136981,-0.0674567678603892,,,,,,,,,,0.0,proceed,0.0,-0.0,0.0
pair,14.8,,,,,,,robot_1,robot_2,10.068698029372593,-0.2960128170935331,0.6102018997463136,0.6782108420968066,13.863454320549494,3.602025535758027,0,,,,,
pair,14.8,,,,,,,robot_1,robot_3,4.675348840691134,-0.7554887767170737,-0.42490299567794565,0.8667790072916814,-0.5680864151785737,4.649346591175957,0,,,,,
pair,14.8,,,,,,,robot_1,robot_4,10.484412607508698,-0.9725116511276739,0.6040034659625406,1.1448140016936534,4.10966849947513,9.369509477319943,0,,,,,
pair,14.8,,,,,,,robot_2,robot_3,5.822152806877502,-0.4594759596235406,-1.0351048954242592,1.13250178896249,4.984422635152708,1.4258098174067713,0,,,,,
pair,14.8,,,,,,,robot_2,robot_4,1.8554362927038024,-0.6764988340341409,-0.006198433783772994,0.6765272300735011,-2.6802532036492175,0.3933401867765669,0,,,,,
pair,14.8,,,,,,,robot_3,robot_4,6.754012687003356,-0.21702287441060025,1.0289064616404862,1.0515452604728834,5.17170073737108,4.005224876095043,0,,,,,
robot,14.9,robot_1,0.24060469433604165,4.491808943160953,0.07179249925161259,0.006523333580703266,0.0307591764375643,,,,,,,,,,0.0,proceed,0.0,-0.0,0.0
robot,14.9,robot_2,1.0930895877134994,-5.516286142971706,0.05483988897230864,-0.01993988253337916,0.0664407649509672,,,,,,,,,,0.34837267847784453,proceed,0.0011721344199031591,-0.0008194066002460539,0.0010875821179162362
robot,14.9,robot_3,2.0410729273753736,0.1652281358606939,0.07379434525538478,-0.020121654314203777,-0.08707914694639203,,,,,,,,,,0.0,proceed,0.0018777428194880486,-0.0,0.0
robot,14.9,robot_4,-0.7696454996122549,-5.9098701093072865,0.07234590324059148,-0.015910505829423764,-0.07522353500769083,,,,,,,,,,0.0,proceed,0.0,-0.0,0.0
pair,14.9,,,,,,,robot_1,robot_2,10.044336600617756,-0.3003244916904837,0.5901889520921664,0.6622067649011122,14.0534529063527,3.779105011120933,0,,,,,
pair,14.9,,,,,,,robot_1,robot_3,4.686255151000928,-0.7730692373589532,-0.41802633666121114,0.8788526974943786,-0.5395491956909907,4.662202979504445,0,,,,,
pair,14.9,,,,,,,robot_1,robot_4,10.450623549096443,-0.9345529508975043,0.6083184194506464,1.1150966404191907,4.329439635654359,9.268679753281242,0,,,,,
pair,14.9,,,,,,,robot_2,robot_3,5.760058759496549,-0.4727447456684695,-1.0082152887533775,1.113546435059267,4.980979930757848,1.553715832367358,0,,,,,
pair,14.9,,,,,,,robot_2,robot_4,1.9038619551088607,-0.6342284592070206,0.018129467358480034,0.6344875223791352,-2.9168871389857047,0.44664794421509696,0,,,,,
pair,14.9,,,,,,,robot_3,robot_4,6.693799874828264,-0.16148371353855112,1.0263447561118575,1.0389709082243397,5.355693626294721,3.7207928658886575,0,,,,,
robot,15.0,robot_1,0.28058287894242495,4.4831909464057995,0.06227504546333209,0.003964882328716944,0.02007497866626986,,,,,,,,,,0.0,proceed,0.0,-0.0,0.0
robot,15.0,robot_2,1.121444902253415,-5.499197072265414,0.04751893191916545,-0.017511995863182684,0.05694663647016278,,,,,,,,,,0.3352038789957926,proceed,0.0012556590372696519,-0.0007906402882342282,0.0010755629452807525
robot,15.0,robot_3,2.0261750105964764,0.12404858255333845,0.06461170575703157,-0.019091848377004193,-0.09325603219799995,,,,,,,,,,0.0,proceed,0.00208717561326921,-0.0,0.0
robot,15.0,robot_4,-0.7950097889722004,-5.87578352562747,0.06444312424621683,-0.012448266461255679,-0.061493263410542086,,,,,,,,,,0.0,proceed,0.0,-0.0,0.0
pair,15.0,,,,,,,robot_1,robot_2,10.017740239073742,-0.263185825965034,0.7708397335231046,0.8145309532282172,11.93156519951642,2.4296844336917474,0,,,,,
pair,15.0,,,,,,,robot_1,robot_3,4.695659063265322,-0.7309227061124381,-0.1802596008403642,0.7528223734758798,0.8647957483844712,4.650307957286843,0,,,,,
pair,15.0,,,,,,,robot_1,robot_4,10.414665222632394,-0.8467311347394186,0.8024446677694318,1.1665637828120232,5.43899142939792,8.258759574446556,0,,,,,
pair,15.0,,,,,,,robot_2,robot_3,5.695562155167866,-0.4677368801474042,-0.9510993343634688,1.059890434373601,5.137623832877049,1.6697114321157176,0,,,,,
pair,15.0,,,,,,,robot_2,robot_4,1.9531041806254168,-0.5835453087743846,0.031604934246327154,0.5844005469378913,-3.239702500673309,0.47967902182585453,0,,,,,
pair,15.0,,,,,,,robot_3,robot_4,6.630012745061258,-0.1158084286269804,0.982704268609796,0.9895045586984248,5.688115642502622,3.503997473349743,0,,,,,
robot,15.100000000000001,robot_1,0.3150428844088409,4.475405731743413,0.05603839969703056,0.002655529318164219,0.014074653201810223,,,,,,,,,,0.0,proceed,0.0,-0.0,0.0
robot,15.100000000000001,robot_2,1.1450862918691038,-5.48314951036779,0.04309162407320476,-0.014123993877038696,0.05283433223345605,,,,,,,,,,0.32186583938779223,proceed,0.0012307452270761132,-0.000746746573658124,0.0010514649420091994
robot,15.100000000000001,robot_3,2.010149901556509,0.08932409761353206,0.05780448501263774,-0.018950288321510213,-0.09701265738680423,,,,,,,,,,0.0,proceed,0.0022876074071973562,-0.0,0.0
robot,15.100000000000001,robot_4,-0.8168308310801835,-5.845217318366052,0.059130890858041206,-0.010796708383009519,-0.05470309261428251,,,,,,,,,,0.0,proceed,0.0,-0.0,0.0
pair,15.100000000000001,,,,,,,robot_1,robot_2,9.993087339178457,-0.26645711888390816,0.7793175891214179,0.8236111345276558,11.767113146719023,2.436417414441538,0,,,,,
pair,15.100000000000001,,,,,,,robot_1,robot_3,4.702244134542007,-0.7256539583211694,-0.11809701961493108,0.7352010427557287,1.3173928675572275,4.601414292476215,0,,,,,
pair,15.100000000000001,,,,,,,robot_1,robot_4,10.382504430543996,-0.8045399959346209,0.8196747101438626,1.1485430925776816,5.7225554049062355,8.037245050791508,0,,,,,
pair,15.100000000000001,,,,,,,robot_2,robot_3,5.6392195524251205,-0.4591968394372612,-0.897414608736349,1.0080747578044915,5.311922378277553,1.768263250331885,0,,,,,
pair,15.100000000000001,,,,,,,robot_2,robot_4,1.9950468402797652,-0.5380828770507127,0.04035712102244471,0.5395941806509709,-3.5755435994856244,0.5077886760221636,0,,,,,
pair,15.100000000000001,,,,,,,robot_3,robot_4,6.573477152974371,-0.07888603761345148,0.9377717297587937,0.9410838560219545,6.032070540968177,3.3144921667068488,0,,,,,
robot,15.200000000000001,robot_1,0.3555145752215025,4.4618932166601555,0.06816920297714532,-0.014822114511423363,-0.002413402366414476,,,,,,,,,,0.0,proceed,0.0,-0.0,0.0
robot,15.200000000000001,robot_2,1.1702716606468166,-5.464948132547772,0.042955438798619065,-0.015744275651108797,0.05490749713606391,,,,,,,,,,0.30760206365752685,proceed,0.0011147703044116497,-0.0006788328619909794,0.0010240842513466052
robot,15.200000000000001,robot_3,1.989521022606591,0.05234895783881136,0.060048487725366126,-0.019837368454085198,-0.1070286422439726,,,,,,,,,,0.0,proceed,0.0024627037346363068,-0.0,0.0
robot,15.200000000000001,robot_4,-0.8405311365313052,-5.810569161641407,0.062047435424880185,-0.010056407072612728,-0.05316981495420394,,,,,,,,,,0.0,proceed,0.0,-0.0,0.0
pair,15.200000000000001,,,,,,,robot_1,robot_2,9.960221296768209,-0.33081097326070497,0.9964060809898838,1.0498861739556882,9.218048964939378,2.3546163336684187,0,,,,,
pair,15.200000000000001,,,,,,,robot_1,robot_3,4.7025586270242625,-0.7131346713959503,-0.045704342792453834,0.7145977515337564,1.8872641330172635,4.505024092095471,0,,,,,
pair,15.200000000000001,,,,,,,robot_1,robot_4,10.341857118439766,-0.7506492767395014,0.8474444399009977,1.1320938191637,6.091844913552648,7.7066039891845595,0,,,,,
pair,15.200000000000001,,,,,,,robot_2,robot_3,5.577789589134727,-0.3823236981352454,-1.0421104237823375,1.1100295246125724,4.920484326834375,1.1311817385851686,0,,,,,
pair,15.200000000000001,,,,,,,robot_2,robot_4,2.040289632599034,-0.4198383034787964,-0.148961641088886,0.4454815053218798,-4.513375097574604,0.3466530848703294,0,,,,,
pair,15.200000000000001,,,,,,,robot_3,robot_4,6.510223045270456,-0.037514605343551,0.8931487826934517,0.8939362917126012,6.419907461473531,3.0736001276366007,0,,,,,
robot,15.3,robot_1,0.38958098316393186,4.439508968956671,0.0645840184080529,-0.024610762949546887,-0.02843961860307291,,,,,,,,,,0.0,proceed,0.0,-0.0,0.0
robot,15.3,robot_2,1.190603620637041,-5.450328696678302,0.037551256716849765,-0.01527069359587582,0.050295434277762126,,,,,,,,,,0.2917305142915595,proceed,0.0010485368547961116,-0.0006281229268323355,0.0009904640863261532
robot,15.3,robot_3,1.970458800185093,0.02273751847993231,0.05497610657859553,-0.017818489780491976,-0.10026679594320546,,,,,,,,,,0.0,proceed,0.0026144389994442463,-0.0,0.0
robot,15.3,robot_4,-0.8599047288912841,-5.781288608032081,0.05709581895377307,-0.00842302008886208,-0.046155030688672,,,,,,,,,,0.0,proceed,0.0,-0.0,0.0
pair,15.3,,,,,,,robot_1,robot_2,9.922223859516405,-0.32323914078309407,1.0192599840489365,1.069286891913312,9.042739747367216,2.226093227956101,0,,,,,
pair,15.3,,,,,,,robot_1,robot_3,4.691166669187527,-0.7007025234425494,0.004572735830809194,0.700717443961355,2.2971699903337535,4.4063609244903,0,,,,,
pair,15.3,,,,,,,robot_1,robot_4,10.29688873662376,-0.7112911240808093,0.8568864608257709,1.113637943832131,6.345252202694237,7.489534667338313,0,,,,,
pair,15.3,,,,,,,robot_2,robot_3,5.52834766422793,-0.3774633826594553,-1.0146872482181273,1.082621271241792,4.9893122201413025,1.177302732548916,0,,,,,
pair,15.3,,,,,,,robot_2,robot_4,2.0770457275680467,-0.38805198329771523,-0.16237352322316556,0.42065366132389026,-4.800482314360061,0.4861924046373383,0,,,,,
pair,15.3,,,,,,,robot_3,robot_4,6.457373845764215,-0.010588600638259948,0.8523137249949617,0.8523794954586037,6.767429765175673,2.9022450803719235,0,,,,,
robot,15.4,robot_1,0.4211493533774146,4.413054589028425,0.06183180528988574,-0.02954064939047152,-0.05444961849232577,,,,,,,,,,0.0,proceed,0.0,-0.0,0.0
robot,15.4,robot_2,1.2093265799801336,-5.431864294667491,0.051376623702978075,-0.004667432884318014,0.06432028107330144,,,,,,,,,,0.2787421031655301,proceed,0.0010163304395973682,-0.0005840849337978443,0.0009620384153813407
robot,15.4,robot_3,1.950667305907958,-0.004681364914406428,0.052782029635860886,-0.01665569566709376,-0.09783844622658883,,,,,,,,,,0.0,proceed,0.002839307766407728,-0.0,0.0
robot,15.4,robot_4,-0.878133193030157,-5.752716637567466,0.055098680574590844,-0.007584423961450402,-0.043088560416534805,,,,,,,,,,0.0,proceed,0.0,-0.0,0.0
pair,15.4,,,,,,,robot_1,robot_2,9.876418944490336,-0.3173783533307296,1.037813843885653,1.0852587680934165,8.887300598871443,2.125375969853273,0,,,,,
pair,15.4,,,,,,,robot_1,robot_3,4.675020441225087,-0.6893197144787978,0.048712491320266726,0.6910387656128695,2.658500279480145,4.298927939003645,0,,,,,
pair,15.4,,,,,,,robot_1,robot_4,10.248465239580229,-0.6753966804398784,0.8635877943629557,1.096332319382167,6.5739345488530585,7.286087026570629,0,,,,,
pair,15.4,,,,,,,robot_2,robot_3,5.4775816401877995,-0.3719413611480682,-0.9891013525653862,1.0567222254591573,5.054143468392062,1.2163392236842707,0,,,,,
pair,15.4,,,,,,,robot_2,robot_4,2.1119740836195353,-0.3580183271091488,-0.17422604952269727,0.3981605692158866,-5.0668036005113555,0.624920873568767,0,,,,,
pair,15.4,,,,,,,robot_3,robot_4,6.4064047451325035,0.013923034038919369,0.814875303042689,0.8149942394801101,7.111120841613534,2.7301905526115706,0,,,,,
robot,15.5,robot_1,0.45511846333200523,4.379082457208898,0.05908681809197937,-0.029533202818645337,-0.0844600187599192,,,,,,,,,,0.0,proceed,0.0,-0.0,0.0
robot,15.5,robot_2,1.2296946838482337,-5.394312339747117,0.06991538518561559,0.005941961297047625,0.09423294992164268,,,,,,,,,,0.27826969037688903,proceed,0.0006212067673914135,-0.0005226356316509483,0.0009075653971759323
robot,15.5,robot_3,1.9265871927873792,-0.03469527348822097,0.05042345274389726,-0.014986862210014808,-0.09152040431295858,,,,,,,,,,0.0,proceed,0.003011728636920452,-0.0,0.0
robot,15.5,robot_4,-0.8983673966904948,-5.719704355977673,0.05255075066521229,-0.006683451608706918,-0.0394332844535344,,,,,,,,,,0.0,proceed,0.0,-0.0,0.0
pair,15.5,,,,,,,robot_1,robot_2,9.804040706696199,-0.31129706571378807,1.05496683584471,1.099936765388908,8.721441278871794,2.0230952977460057,0,,,,,
pair,15.5,,,,,,,robot_1,robot_3,4.652596487743464,-0.6759203909847624,0.09429389350413281,0.6824659063287798,3.02900393901688,4.168137671645545,0,,,,,
pair,15.5,,,,,,,robot_1,robot_4,10.189083328321141,-0.6373385904026141,0.8666300277816497,1.0757546578422117,6.817279057346732,7.073469759386638,0,,,,,
pair,15.5,,,,,,,robot_2,robot_3,5.404734430658838,-0.36462332527097435,-0.9606729423405772,1.0275420533861204,5.1171850757553,1.250319260011768,0,,,,,
pair,15.5,,,,,,,robot_2,robot_4,2.1527954345114653,-0.326041524688826,-0.1883368080630603,0.37652865640319644,-5.326229134878864,0.7826791015867437,0,,,,,
pair,15.5,,,,,,,robot_3,robot_4,6.348204210688222,0.03858180058214833,0.7723361342775169,0.7732992044783825,7.524736675063876,2.537797283449063,0,,,,,
robot,15.600000000000001,robot_1,0.48129968276445106,4.34913531172161,0.05863803176817829,-0.029476864424271384,-0.11269658820501736,,,,,,,,,,0.0,proceed,0.0,-0.0,0.0
robot,15.600000000000001,robot_2,1.2433108454187016,-5.349495610808908,0.08667542027720242,0.016684852994168484,0.11900283752543793,,,,,,,,,,0.28601679677159075,proceed,0.0006842176080681384,-0.0005282853037594503,0.0009772734949871906
robot,15.600000000000001,robot_3,1.905854304464485,-0.05834941786472338,0.04973371456811712,-0.013885176685462214,-0.08794044962541467,,,,,,,,,,0.0,proceed,0.0031098462641239166,-0.0,0.0
robot,15.600000000000001,robot_4,-0.9144729119013923,-5.692379269998134,0.051740882963092004,-0.006191456486338013,-0.037863993731079,,,,,,,,,,0.0,proceed,0.0,-0.0,0.0
pair,15.600000000000001,,,,,,,robot_1,robot_2,9.728520071597469,-0.30113132493700867,1.062714745073735,1.1045554328576959,8.636044855379122,1.9109598473045968,0,,,,,
pair,15.600000000000001,,,,,,,robot_1,robot_3,4.631984187337392,-0.6613036478391616,0.12488094338279188,0.6729916527458256,3.2952428349866723,4.066597250124068,0,,,,,
pair,15.600000000000001,,,,,,,robot_1,robot_4,10.138056827169123,-0.6042274053341565,0.8632820546454623,1.053729881530242,7.047614538495551,6.9014876223474175,0,,,,,
pair,15.600000000000001,,,,,,,robot_2,robot_3,5.332465833948877,-0.36017232290215295,-0.9378338016909432,1.0046175101892363,5.15314628286906,1.2784654369634503,0,,,,,
pair,15.600000000000001,,,,,,,robot_2,robot_4,2.1848569626164127,-0.30309608039714786,-0.19943269042827283,0.3628231414388746,-5.48765224740219,0.8996281925619063,0,,,,,
pair,15.600000000000001,,,,,,,robot_3,robot_4,6.300518866101785,0.05707624250500509,0.7384011112626704,0.7406037392374121,7.878205382218054,2.377740488295872,0,,,,,
robot,15.700000000000001,robot_1,0.5046713219300629,4.319395265039987,0.05863803176817829,-0.029476864424271384,-0.11269658820501736,,,,,,,,,,0.0,proceed,0.0,-0.0,0.0
robot,15.700000000000001,robot_2,1.2536707747885196,-5.29616745469276,0.08667542027720242,0.016684852994168484,0.11900283752543793,,,,,,,,,,0.2999832386472901,proceed,0.0019535538740456104,-0.0007813283936483208,0.0010078372994759264
robot,15.700000000000001,robot_3,1.885557164141705,-0.07997188509403672,0.04973371456811712,-0.013885176685462214,-0.08794044962541467,,,,,,,,,,0.0,proceed,0.0031663544941693544,-0.0,0.0
robot,15.700000000000001,robot_4,-0.9292900818348785,-5.666349690145533,0.051740882963092004,-0.006191456486338013,-0.037863993731079,,,,,,,,,,0.0,proceed,0.0,-0.0,0.0
pair,15.700000000000001,,,,,,,robot_1,robot_2,9.644690072651194,-0.28136041984391,1.0567434243645202,1.0935585721818442,8.673115333354318,1.7501929625772212,0,,,,,
pair,15.700000000000001,,,,,,,robot_1,robot_3,4.610995232148795,-0.6392573355800819,0.14013500309609522,0.6544369795371348,3.50055937341602,4.001634019385258,0,,,,,
pair,15.700000000000001,,,,,,,robot_1,robot_4,10.0881786075337,-0.49975236423062985,1.0399504282741479,1.1537977807318263,7.262391803206296,5.617664147196438,0,,,,,
pair,15.700000000000001,,,,,,,robot_2,robot_3,5.2543293225064565,-0.3578969157361719,-0.916608421268425,0.9840026423916041,5.171496053662011,1.30860209616956,0,,,,,
pair,15.700000000000001,,,,,,,robot_2,robot_4,2.214125784366094,-0.21839194438671983,-0.016792996090372325,0.2190366318466009,-10.066429140254025,0.20173048076353856,0,,,,,
pair,15.700000000000001,,,,,,,robot_3,robot_4,6.255476160849303,0.13950497134945206,0.8998154251780527,0.9105654487292889,6.53624617124108,1.9257435017502913,0,,,,,
robot,15.8,robot_1,0.5359224593803227,4.27493939296285,0.05671878082881289,-0.0222171079197011,-0.15063568838314273,,,,,,,,,,0.0,proceed,0.0,-0.0,0.0
robot,15.8,robot_2,1.2666200835304449,-5.216111910922931,0.09097755892771195,0.009093610594484906,0.09006609590487352,,,,,,,,,,0.3268802574272842,proceed,0.0021064491011202335,-0.0008760412701422604,0.0011219223198101075
robot,15.8,robot_3,1.8553818290316342,-0.10972902496376917,0.046242845005667346,-0.011058654695809106,-0.07568843712745955,,,,,,,,,,0.0,proceed,0.0032555677462369204,-0.0,0.0
robot,15.8,robot_4,-0.94977911967011,-5.628722112954627,0.0478033054638393,-0.0050895063712694324,-0.03370805542205609,,,,,,,,,,0.0,proceed,0.0,-0.0,0.0
pair,15.8,,,,,,,robot_1,robot_2,9.519137244043211,-0.25431994876369163,1.041381799993636,1.07198632906262,8.762648896000137,1.5418372692071174,0,,,,,
pair,15.8,,,,,,,robot_1,robot_3,4.578896173022899,-0.605339113606429,0.15409404946816146,0.6246442335788536,3.7786921313536506,3.9236581792251997,0,,,,,
pair,15.8,,,,,,,robot_1,robot_4,10.014480535993096,-0.45535204487574304,1.027495811247129,1.1238741597273765,7.520786281638954,5.370890161918573,0,,,,,
pair,15.8,,,,,,,robot_2,robot_3,5.140212697056632,-0.3510191648427374,-0.8872877505254744,0.9541980959525382,5.203216723581045,1.3309994817874813,0,,,,,
pair,15.8,,,,,,,robot_2,robot_4,2.254478344710521,-0.20103209611205142,-0.013885988746506928,0.20151110230127073,-11.113845932640771,0.2588988834979445,0,,,,,
pair,15.8,,,,,,,robot_3,robot_4,6.190978327648396,0.14998706873068596,0.8734017617789676,0.8861866385051334,6.6737012321971685,1.830601871625489,0,,,,,
robot,15.9,robot_1,0.5513062849614816,4.251007514428399,0.054354839190434254,-0.018153696560097007,-0.13188446582642266,,,,,,,,,,0.0,proceed,0.0,-0.0,0.0
robot,15.9,robot_2,1.2739039375231678,-5.17466834186451,0.08426926147798354,0.0017430456507631469,0.07279224960340284,,,,,,,,,,0.328703744558167,proceed,0.0022073225118219852,-0.000895398879402229,0.0011502920152318974
robot,15.9,robot_3,1.8391353375972306,-0.12470308067634449,0.04347240128285901,-0.009742655535294614,-0.06888303700583713,,,,,,,,,,0.0,proceed,0.003305202815681696,-0.0,0.0
robot,15.9,robot_4,-0.9596011488000726,-5.603835211482281,0.06125014602542126,-0.016783345902234133,-0.047341485286268255,,,,,,,,,,0.0,proceed,2.201605457230471e-05,-0.0,0.0
pair,15.9,,,,,,,robot_1,robot_2,9.453333418185922,-0.24151905351822178,1.0311019013456926,1.0590101907777092,8.821516363536226,1.446075317738447,0,,,,,
pair,15.9,,,,,,,robot_1,robot_3,4.561287853328772,-0.5870350438653031,0.1585353125426301,0.6080654471756538,3.9208399497768416,3.8886095086653523,0,,,,,
pair,15.9,,,,,,,robot_1,robot_4,9.969993301192861,-0.43209417385869353,1.018814554322757,1.106656437735987,7.665135355840604,5.238802587884606,0,,,,,
pair,15.9,,,,,,,robot_2,robot_3,5.081499353029275,-0.34551599034708136,-0.8725665888030625,0.938484816862232,5.224760542618456,1.3336834984454748,0,,,,,
pair,15.9,,,,,,,robot_2,robot_4,2.2743634653698828,-0.1905751203404718,-0.012287347022935657,0.190970823398883,-11.815890637920477,0.2845705683369989,0,,,,,
pair,15.9,,,,,,,robot_3,robot_4,6.152545394153669,0.15494087000660958,0.8602792417801268,0.8741207279524923,6.736434443156679,1.7832243915359078,0,,,,,
robot,16.0,robot_1,0.5707452579135261,4.2163528782259725,0.057043544907923585,-0.018705601313357585,-0.12191855457378101,,,,,,,,,,0.0,proceed,0.0,-0.0,0.0
robot,16.0,robot_2,1.2863828829943256,-5.119613530663951,0.082131767187479,-0.008937106695904695,0.0554146573629633,,,,,,,,,,0.33186139452585994,proceed,0.0022670640610158443,-0.0009129693926579831,0.0011780027198938906
robot,16.0,robot_3,1.8164733471115864,-0.1446712380935278,0.044156916796954646,-0.008814253134899575,-0.06585941619386469,,,,,,,,,,0.0,proceed,0.003317781025543809,-0.0,0.0
robot,16.0,robot_4,-0.9717269254535242,-5.554277104702316,0.08484843077850943,-0.03013453245748631,-0.08163248971427133,,,,,,,,,,0.0,proceed,0.00022545042156707495,-0.0,0.0
pair,16.0,,,,,,,robot_1,robot_2,9.36335442020392,-0.22863934281567813,1.0179771043688992,1.0433375935441385,8.880982368834168,1.3476620756512276,0,,,,,
pair,16.0,,,,,,,robot_1,robot_3,4.535456957720724,-0.6423646555111966,-0.05753589790381375,0.6449362218061693,1.320605498513537,4.454768923143349,0,,,,,
pair,16.0,,,,,,,robot_1,robot_4,9.891634379603724,-0.40248124336460106,1.0073255463906174,1.0847561512485058,7.836679811494238,5.057603897956719,0,,,,,
pair,16.0,,,,,,,robot_2,robot_3,5.00310370815496,-0.41372531269551843,-1.075513002272713,1.152344068593521,4.194547907902435,1.2914028107189355,0,,,,,
pair,16.0,,,,,,,robot_2,robot_4,2.2995635084955124,-0.17384190054892293,-0.010651557978281767,0.17416791344511856,-13.093488984311353,0.29575111307995927,0,,,,,
pair,16.0,,,,,,,robot_3,robot_4,6.085876797305412,0.23988341214659553,1.064861444294431,1.091546584882164,5.396109354865131,1.5311964498115151,0,,,,,
robot,16.1,robot_1,0.5858324755389305,4.1867772625992155,0.05372001524880308,-0.014618905661761116,-0.0913275235455385,,,,,,,,,,0.0,proceed,0.0,-0.0,0.0
robot,16.1,robot_2,1.2994670372707178,-5.076142636489907,0.07457243896130734,-0.012331906670161664,0.03522824453121852,,,,,,,,,,0.3245658356891662,proceed,0.0023941430263221264,-0.0009356584122153356,0.0011306307127899907
robot,16.1,robot_3,1.7973508439159631,-0.16074588538066764,0.04131610368537369,-0.007720762377008961,-0.05939800993692262,,,,,,,,,,0.0,proceed,0.003366724820807576,-0.0,0.0
robot,16.1,robot_4,-0.9799685010686907,-5.502717274403703,0.0847392519485857,-0.029744821377840056,-0.10479881843575112,,,,,,,,,,0.03366526403921427,proceed,0.001183321699500084,-6.793111005114314e-05,6.621886365635471e-05
pair,16.1,,,,,,,robot_1,robot_2,9.290369171601276,-0.2282047422183528,1.0021514936768892,1.027805925576305,8.941535159282887,1.3608330823717196,0,,,,,
pair,16.1,,,,,,,robot_1,robot_3,4.513173415584189,-0.6171031625507917,-0.0819876941487781,0.6225257386020456,1.0094187420327603,4.469212610503524,0,,,,,
pair,16.1,,,,,,,robot_1,robot_4,9.815194194765317,-0.38193884111318743,0.9915583006657711,1.062574770060948,7.979750850584896,4.944007158837383,0,,,,,
pair,16.1,,,,,,,robot_2,robot_3,4.940547895298134,-0.38889842033243893,-1.0841391878256674,1.151781125004384,4.162974119526529,1.1910376513944314,0,,,,,
pair,16.1,,,,,,,robot_2,robot_4,2.3190067475442917,-0.15373409889483464,-0.010593193011118163,0.1540986336771926,-14.947357150835593,0.2688704368646757,0,,,,,
pair,16.1,,,,,,,robot_3,robot_4,6.020810665115345,0.2351643214376043,1.0735459948145492,1.0990010286890404,5.288922968029134,1.5699157118611977,0,,,,,
robot,16.2,robot_1,0.6003849689912232,4.158408774867363,0.05206094925080956,-0.010457466720981148,-0.0719072288707699,,,,,,,,,,0.0,proceed,0.0,-0.0,0.0
robot,16.2,robot_2,1.3133856712239238,-5.035473554366372,0.06872174030755024,-0.016370346381743145,0.025042403573544935,,,,,,,,,,1.0,proceed,0.002634691074490547,-0.002836494939401746,0.003594886278733611
robot,16.2,robot_3,1.7771024436031302,-0.17916138338804796,0.05498612952217982,-0.0031986195329229486,-0.045489066731076416,,,,,,,,,,1.0,proceed,0.0031885718926787376,-0.0024463145527988672,0.003281114622950554
robot,16.2,robot_4,-0.9860851112584547,-5.449838231893313,0.08657907763506896,-0.02784820902813789,-0.09951271027294244,,,,,,,,,,0.08570156726397332,proceed,0.0014207952190190554,-0.00017503583927693173,0.0001777588352555048
pair,16.2,,,,,,,robot_1,robot_2,9.221488073254806,-0.22345113849660314,0.9874284862100804,1.0123958843627126,9.012794134203967,1.3338124842820172,0,,,,,
pair,16.2,,,,,,,robot_1,robot_3,4.494349662948456,-0.5884982147020028,-0.10713529948494627,0.5981706454709841,0.6366240497107516,4.478187443017292,0,,,,,
pair,16.2,,,,,,,robot_1,robot_4,9.738341638002485,-0.36322374184795203,0.9771452590913564,1.0424703084533111,8.108999564208576,4.83481889808374,0,,,,,
pair,16.2,,,,,,,robot_2,robot_3,4.87840149505737,-0.3650470762053996,-1.0945637856950268,1.1538324179884787,4.119808748486807,1.0965326970933698,1,,,,,
pair,16.2,,,,,,,robot_2,robot_4,2.336506786951865,-0.13977260335134886,-0.010283227118723981,0.14015036713326426,-16.57987702089973,0.24452914470826528,0,,,,,
pair,16.2,,,,,,,robot_3,robot_4,5.951070483930714,0.22527447285405075,1.0842805585763027,1.1074352883244283,5.167401586427874,1.6332526296339773,0,,,,,
robot,16.3,robot_1,0.6170702311712392,4.127158122884531,0.04987027185906465,-0.007445140061955333,-0.04784784008257569,,,,,,,,,,0.0,proceed,0.0,-0.0,0.0
robot,16.3,robot_2,1.329614444008908,-4.986621401161543,0.07901260780797924,-0.01486516674951522,0.025100502444535884,,,,,,,,,,1.0,proceed,0.0024857844691723585,-0.0027449410408735275,0.003641620045527816
robot,16.3,robot_3,1.7466897371774335,-0.21315626074066196,0.07707624810606206,0.005459390276967305,-0.015095125804295425,,,,,,,,,,1.0,proceed,0.0032444284297525883,-0.0024769059382379055,0.0032746698707342148
robot,16.3,robot_4,-0.9915371783318703,-5.387662936574573,0.08736289073660483,-0.02393368495833894,-0.08529061739610003,,,,,,,,,,0.14445433369270402,proceed,0.0015339180827140808,-0.0003008717435504765,0.0003011334450008018
pair,16.3,,,,,,,robot_1,robot_2,9.1415915719403,-0.2184456547116143,0.9717861277480565,0.99603553257198,9.084181809591671,1.3035930055948193,0,,,,,
pair,16.3,,,,,,,robot_1,robot_3,4.484904589515078,-0.551669615810024,-0.1363744526840167,0.5682757749128892,0.09682608633338385,4.484567041015728,0,,,,,
pair,16.3,,,,,,,robot_1,robot_4,9.649841324676524,-0.3429138400952726,0.9617944323771466,1.0210966809663833,8.24800612858982,4.710536785906524,0,,,,,
pair,16.3,,,,,,,robot_2,robot_3,4.791651202558984,-0.33322396109840974,-1.1081605804320733,1.157176771402565,4.054152289523912,0.9751721527619068,1,,,,,
pair,16.3,,,,,,,robot_2,robot_4,2.355542223570121,-0.12446818538365828,-0.009991695370909937,0.12486858351517321,-18.786143557200703,0.21402238660748638,0,,,,,
pair,16.3,,,,,,,robot_3,robot_4,5.854349321578728,0.20875577571475146,1.0981688850611633,1.1178344573373762,5.005068641576989,1.7237144830765514,0,,,,,
robot,16.400000000000002,robot_1,0.6335598388587078,4.0971668744246585,0.0468523664127162,-0.005196312804569187,-0.03442402261349489,,,,,,,,,,0.0,proceed,0.0,-0.0,0.0
robot,16.400000000000002,robot_2,1.3449058692268814,-4.932699170601738,0.07727916348793817,-0.013902610269060943,0.024234900046377895,,,,,,,,,,1.0,proceed,0.0022484741639345884,-0.002703645033761859,0.003608120372518897
robot,16.400000000000002,robot_3,1.7138842649361046,-0.2566932236969959,0.07553143357572625,0.009767318383677705,0.015500802441346708,,,,,,,,,,1.0,proceed,0.003176935948431492,-0.002480336930602789,0.003254642942920327
robot,16.400000000000002,robot_4,-0.9964927057552698,-5.32460550296908,0.08644943534482195,-0.018928204749141538,-0.06722585246873396,,,,,,,,,,0.19072015590641941,proceed,0.0016156998462975025,-0.0004029355654807672,0.00039804358953600166
pair,16.400000000000002,,,,,,,robot_1,robot_2,9.057841573246973,-0.14847364196239937,1.1803906772591217,1.1896917976172765,7.605369545388381,0.42114342268247,0,,,,,
pair,16.400000000000002,,,,,,,robot_1,robot_3,4.485888832728175,-0.45532404869306675,0.06266205727380725,0.4596156249955305,3.6200336578098833,4.165919851565988,0,,,,,
pair,16.400000000000002,,,,,,,robot_1,robot_4,9.561739696813659,-0.25889299283054484,1.1708209141671408,1.1991026623220948,7.378530211475924,3.625820036590975,0,,,,,
pair,16.400000000000002,,,,,,,robot_2,robot_3,4.6905411918017155,-0.3068504067306674,-1.1177286199853143,1.1590834482663666,3.9745652657866013,0.8820905994055006,1,,,,,
pair,16.400000000000002,,,,,,,robot_2,robot_4,2.3739709055247644,-0.11041935086814549,-0.009569763091980765,0.1108332685242985,-21.351829628956914,0.1882775220155326,0,,,,,
pair,16.400000000000002,,,,,,,robot_3,robot_4,5.7471626211245255,0.19643105586252188,1.1081588568933336,1.1254337882871674,4.854293546383979,1.7842301399280023,0,,,,,
robot,16.5,robot_1,0.6470978118789168,4.0730505365172744,0.045025403763291144,-0.0037593434566117016,-0.026155600924131123,,,,,,,,,,0.0,proceed,0.0,-0.0,0.0
robot,16.5,robot_2,1.356606130746587,-4.886342335147242,0.07883817106651853,-0.012915008054058787,0.02516775403948088,,,,,,,,,,1.0,proceed,0.0023143745493143797,-0.0027441876009106636,0.003608675440773368
robot,16.5,robot_3,1.689110238184072,-0.29496683234303583,0.07421844048816803,0.014112289065059777,0.041665809101853434,,,,,,,,,,1.0,proceed,0.0031776216346770525,-0.002484443597495556,0.0032622001599520445
robot,16.5,robot_4,-1.0011564308757566,-5.271242563135225,0.08790667840409026,-0.014100106399994686,-0.052551175351335605,,,,,,,,,,0.20432361738099408,proceed,0.0016877546440809965,-0.0004372281357098831,0.000422206881597195
pair,16.5,,,,,,,robot_1,robot_2,8.987442499586596,-0.14801611890492355,1.1826131370615993,1.1918400074701108,7.533013323891435,0.4086628228688967,0,,,,,
pair,16.5,,,,,,,robot_1,robot_3,4.4905863349054655,-0.4357753060275005,0.05873298545675376,0.4397154544975932,3.675361558196434,4.189694917758879,0,,,,,
pair,16.5,,,,,,,robot_1,robot_4,9.488548655140685,-0.24693315672533045,1.1736173347827095,1.199313817310885,7.341460056819687,3.5368854111937433,0,,,,,
pair,16.5,,,,,,,robot_2,robot_3,4.603399612157669,-0.2877591871225769,-1.1238801516048456,1.1601344512360525,3.905037716307022,0.8167292289060607,1,,,,,
pair,16.5,,,,,,,robot_2,robot_4,2.3889731020865757,-0.09891703782040692,-0.008995802278889853,0.09932524769566242,-23.991207638210845,0.16977782563117091,0,,,,,
pair,16.5,,,,,,,robot_3,robot_4,5.656929812144181,0.18884214930216997,1.1148843493259557,1.1307645509676285,4.736331009018143,1.821427456814581,0,,,,,
robot,16.6,robot_1,0.6595839825185679,4.045785223011907,0.045025403763291144,-0.0037593434566117016,-0.026155600924131123,,,,,,,,,,0.0,proceed,0.0,-0.0,0.0
robot,16.6,robot_2,1.3649325834327704,-4.837615401197447,0.07883817106651853,-0.012915008054058787,0.02516775403948088,,,,,,,,,,1.0,proceed,0.0023449785076081753,-0.0027588531374931335,0.0036436766386032104
robot,16.6,robot_3,1.6675598719349785,-0.33371935127622243,0.07421844048816803,0.014112289065059777,0.041665809101853434,,,,,,,,,,1.0,proceed,0.003151583019644022,-0.002465162193402648,0.003294658614322543
robot,16.6,robot_4,-1.0076263948734372,-5.219374437273546,0.08790667840409026,-0.014100106399994686,-0.052551175351335605,,,,,,,,,,0.2127849011614299,proceed,0.0017263836925849319,-0.00045789425025239745,0.0004375812872557648
pair,16.6,,,,,,,robot_1,robot_2,8.91135922847995,-0.14557479394952483,1.1845305684791967,1.1934423690715423,7.460019373651328,0.383505938857793,0,,,,,
pair,16.6,,,,,,,robot_1,robot_3,4.494004418094786,-0.41922632877386573,0.05623756971969063,0.4229815350404677,3.7384723783133724,4.206608002403959,0,,,,,
pair,16.6,,,,,,,robot_1,robot_4,9.413966962607445,-0.23419566896948224,1.176361152843763,1.1994470281275327,7.304452911720827,3.444171930444195,0,,,,,
pair,16.6,,,,,,,robot_2,robot_3,4.514051717054448,-0.2736515348243409,-1.128292998759506,1.1610039851617375,3.8314510625454115,0.7674786885210256,1,,,,,
pair,16.6,,,,,,,robot_2,robot_4,2.4030763756416786,-0.08862087501995741,-0.008169415635433719,0.08899662263888097,-26.94018384835133,0.1623589635429979,0,,,,,
pair,16.6,,,,,,,robot_3,robot_4,5.570120930594942,0.1850306598043835,1.1201235831240723,1.135303125397951,4.629892085214749,1.843158180181649,0,,,,,
robot,16.7,robot_1,0.6724577648692714,3.998654583285536,0.07809595272046582,-0.027700114339038295,-0.06994994564108255,,,,,,,,,,0.0,proceed,0.0,-0.0,0.0
robot,16.7,robot_2,1.3651475295816073,-4.776714745915772,0.08857912986231807,0.0025917425598130546,0.025308973241146067,,,,,,,,,,1.0,proceed,0.0025147635024040937,-0.002827963326126337,0.0037324102595448494
robot,16.7,robot_3,1.6458791749233064,-0.3785258849955132,0.06896149244495876,0.015339299135378282,0.06816405598575404,,,,,,,,,,1.0,proceed,0.0028607689309865236,-0.0022512972354888916,0.0035746819339692593
robot,16.7,robot_4,-1.020870587247437,-5.162140106233715,0.08356859085978614,0.0041027063852721625,-0.0252640656860125,,,,,,,,,,0.21554624271398853,proceed,0.0017478953814134002,-0.0004668204584724436,0.0004391914353497154
pair,16.7,,,,,,,robot_1,robot_2,8.802665844732733,-0.13399797544702877,1.187100537071166,1.1946393357572624,7.364305002357587,0.2959799845993502,0,,,,,
pair,16.7,,,,,,,robot_1,robot_3,4.484111739626109,-0.4018540839227159,0.055780182625479235,0.40570695525107403,3.8599058279267155,4.201777172309415,0,,,,,
pair,16.7,,,,,,,robot_1,robot_4,9.315981979995797,-0.21382215739242938,1.1803269041094453,1.199538042563278,7.262994604285363,3.299154970508587,0,,,,,
pair,16.7,,,,,,,robot_2,robot_3,4.407139152899452,-0.2678561084756871,-1.1313203544456867,1.1625973676345793,3.7369297843952847,0.7401395806235697,1,,,,,
pair,16.7,,,,,,,robot_2,robot_4,2.4169474885095528,-0.07982418194540063,-0.0067736329617207325,0.08011106120101351,-30.084018184863716,0.18230008323482658,0,,,,,
pair,16.7,,,,,,,robot_3,robot_4,5.4767252360941105,0.18803192653028647,1.124546721483966,1.1401584688958932,4.523851310034709,1.8413339562378466,0,,,,,
robot,16.8,robot_1,0.6822458969708866,3.9413866046700843,0.07451173932715736,-0.02649112531326367,-0.08898300412535799,,,,,,,,,,0.0,proceed,0.0,-0.0,0.0
robot,16.8,robot_2,1.3673358245824498,-4.71708776766589,0.07971447370878151,-0.003245201115277449,0.021098289420354688,,,,,,,,,,1.0,proceed,0.0025721939746290445,-0.0028648185543715954,0.003745086956769228
robot,16.8,robot_3,1.6272294459775667,-0.4209529618300416,0.05949189989370783,0.01209972753669708,0.055682399671607256,,,,,,,,,,1.0,proceed,0.002910975134000182,-0.002260694745928049,0.0036337750498205423
robot,16.8,robot_4,-1.0358465211051542,-5.1088973934484745,0.07255081224187052,0.0073705943225765794,-0.017009670917241246,,,,,,,,,,0.2110698436898423,proceed,0.001749790390022099,-0.00045781073348539705,0.0004292706789971609
pair,16.8,,,,,,,robot_1,robot_2,8.685535485237144,-0.12935902904731086,1.1883482580005529,1.1953682866334592,7.262836249285506,0.25592649496086833,0,,,,,
pair,16.8,,,,,,,robot_1,robot_3,4.4635188362261635,-0.3930018583612912,0.05570588042283953,0.39693022786015186,3.899550594596478,4.186545390643574,0,,,,,
pair,16.8,,,,,,,robot_1,robot_4,9.211920646838596,-0.19782113646725086,1.1830113922391603,1.1994370163542691,7.205866721147473,3.187212264786182,0,,,,,
pair,16.8,,,,,,,robot_2,robot_3,4.303988727257088,-0.2636428293139803,-1.1326423775777132,1.1629214491673872,3.648738117008526,0.7208385456049183,1,,,,,
pair,16.8,,,,,,,robot_2,robot_4,2.4349127642444324,-0.06846210741993998,-0.005336865761392584,0.06866980623632576,-35.33378625022828,0.20385453049385927,0,,,,,
pair,16.8,,,,,,,robot_3,robot_4,5.391548627286584,0.19518072189404034,1.1273055118163207,1.144077458553631,4.434615334566593,1.8242679480409145,0,,,,,
robot,16.900000000000002,robot_1,0.6886709954102155,3.889704628589216,0.07997967831147743,-0.025556935396236928,-0.09786921030688166,,,,,,,,,,0.0,proceed,0.0,-0.0,0.0
robot,16.900000000000002,robot_2,1.3733697610098483,-4.664342082814914,0.085623524317404,-0.016293575803038175,0.01737190422809126,,,,,,,,,,1.0,proceed,0.0025991941802203655,-0.002892665332183242,0.003729697549715638
robot,16.900000000000002,robot_3,1.6119169261680717,-0.4567503942088609,0.06085870868661994,0.010066259683857045,0.04875717272084738,,,,,,,,,,1.0,proceed,0.002927025081589818,-0.0022633462212979794,0.0036479998379945755
robot,16.900000000000002,robot_4,-1.0500795222861725,-5.063541610928105,0.07558212935705969,0.009929199557463096,-0.016128130176142882,,,,,,,,,,0.20019188245498856,proceed,0.0017989656189456582,-0.000438399323305783,0.00040097476232183143
pair,16.900000000000002,,,,,,,robot_1,robot_2,8.581405918641623,-0.12889946941749483,1.1891559420085582,1.1961216190799218,7.171526596069144,0.24111133205298302,0,,,,,
pair,16.900000000000002,,,,,,,robot_1,robot_3,4.443428216351376,-0.37428625536232063,0.07412393575241072,0.3815554465665191,4.586575805465838,4.084291723659064,0,,,,,
pair,16.900000000000002,,,,,,,robot_1,robot_4,9.120519260887535,-0.18308146205713471,1.1852022815884276,1.1992594673511618,7.156799016012177,3.085190980853681,0,,,,,
pair,16.900000000000002,,,,,,,robot_2,robot_3,4.214348415595436,-0.24538678594482577,-1.1150320062561474,1.1417140840385305,3.644108521619456,0.6713586944384609,1,,,,,
pair,16.900000000000002,,,,,,,robot_2,robot_4,2.45610803751663,-0.05418199263963989,-0.003953660420130678,0.05432605044653715,-45.02582625401779,0.22177077632896636,0,,,,,
pair,16.900000000000002,,,,,,,robot_3,robot_4,5.320596809195806,0.19120479330518586,1.1110783458360167,1.1274104680942865,4.4274207356407205,1.842138339985021,0,,,,,
robot,17.0,robot_1,0.6942739762779125,3.8408828347443422,0.07098029612261532,-0.013299627194070239,-0.08443811679253567,,,,,,,,,,0.0,proceed,0.0,-0.0,0.0
robot,17.0,robot_2,1.3864339368575993,-4.611712276590073,0.08401296090665537,-0.02793379919124529,0.013234652900749641,,,,,,,,,,1.0,proceed,0.001715160091407597,-0.0025175618939101696,0.0026664328761398792
robot,17.0,robot_3,1.597133632134201,-0.49076559316093116,0.05743544591954644,0.007208375773552468,0.03704434859154756,,,,,,,,,,1.0,proceed,0.002722080796957016,-0.0021495423279702663,0.0035417641047388315
robot,17.0,robot_4,-1.064386798419454,-5.019159217165858,0.0732067174105795,0.01039607897679301,-0.016420039501383796,,,,,,,,,,0.186334261937374,proceed,0.001671089674346149,-0.0003993714207784326,0.0003714349516460415
pair,17.0,,,,,,,robot_1,robot_2,8.480887307775298,-0.13513868412352736,1.1893890676073202,1.1970416943826347,7.081372992128144,0.26651126032016365,0,,,,,
pair,17.0,,,,,,,robot_1,robot_3,4.424741084080193,-0.35653837963476664,0.09600309970724913,0.3692373373671533,5.411297465218299,3.9479257337957474,0,,,,,
pair,17.0,,,,,,,robot_1,robot_4,9.03289725847008,-0.17019404821992226,1.1868537919843594,1.1989945527804278,7.106529376446484,2.998512065913826,0,,,,,
pair,17.0,,,,,,,robot_2,robot_3,4.126329595325039,-0.22139969551123928,-1.093385967900071,1.1155763980890079,3.658011238153423,0.6113433843179892,1,,,,,
pair,17.0,,,,,,,robot_2,robot_4,2.484458751086144,-0.03505536409639491,-0.002535275622960853,0.035146922687700456,-70.38530633701801,0.22959889994225197,0,,,,,
pair,17.0,,,,,,,robot_3,robot_4,5.252622184793323,0.18634433141484436,1.0908506922771102,1.106652358553442,4.438517031754424,1.8610007975971155,0,,,,,
robot,17.1,robot_1,0.7044248645823843,3.79022847569495,0.07246870957725725,-0.00501347378177373,-0.07270602811412258,,,,,,,,,,0.0,proceed,0.0,-0.0,0.0
robot,17.1,robot_2,1.4106133044852298,-4.551101219133554,0.08558955840718373,-0.045633418770016754,0.012450219292382872,,,,,,,,,,1.0,proceed,0.0017344026127830148,-0.002534972270950675,0.0026366335805505514
robot,17.1,robot_3,1.5802265760521321,-0.5288807019692334,0.05879799422824356,0.0058032694451186605,0.03115345312047187,,,,,,,,,,1.0,proceed,0.002764020813629031,-0.002162742195650935,0.003571567591279745
robot,17.1,robot_4,-1.0783724847459026,-4.966450572565404,0.07877463437826432,0.0033117741423833395,-0.019440718657195502,,,,,,,,,,0.1740099918332907,proceed,-7.331244657332454e-05,-0.00022988442620995047,0.0003407720135733247
pair,17.1,,,,,,,robot_1,robot_2,8.371169762373727,-0.14497154083535368,1.1896789154805847,1.1984793154624058,6.980097230658267,0.3079885621755764,0,,,,,
pair,17.1,,,,,,,robot_1,robot_3,4.4070094992405355,-0.3326871799987648,0.11779804356487333,0.3529265345695083,6.423964297725691,3.779099596149233,0,,,,,
pair,17.1,,,,,,,robot_1,robot_4,8.936318836244252,-0.15323622022567684,1.1890344635796353,1.1988679221537137,7.05413959127426,2.887430570997221,0,,,,,
pair,17.1,,,,,,,robot_2,robot_3,4.025795145134591,-0.1877156391634111,-1.0718808719157114,1.0881938084575347,3.6677131089994797,0.5267705709818403,1,,,,,
pair,17.1,,,,,,,robot_2,robot_4,2.5234035238920427,-0.00826467939032316,-0.0006444519009494165,0.00828976740792344,-303.23440547221156,0.2205969754999744,0,,,,,
pair,17.1,,,,,,,robot_3,robot_4,5.173023808421831,0.17945095977308795,1.071236420014762,1.0861630239193036,4.433798776905259,1.8889079471717523,0,,,,,
robot,17.2,robot_1,0.7173820991599953,3.742489905329489,0.07689162895513896,0.0025812726641895843,-0.0609966103681623,,,,,,,,,,0.0,proceed,0.0,-0.0,0.0
robot,17.2,robot_2,1.4510447344365152,-4.4924538367679085,0.0901833962615549,-0.06888995956729702,0.015645792853051038,,,,,,,,,,1.0,proceed,0.0018835063092410564,-0.0025633841287344694,0.0026807428803294897
robot,17.2,robot_3,1.5637885581058362,-0.5655077019891125,0.062198942736994195,0.004804871429093794,0.027113279053428304,,,,,,,,,,1.0,proceed,0.002119268523529172,-0.0017046728171408176,0.003937171772122383
robot,17.2,robot_4,-1.0888753300931944,-4.912807914965326,0.08587497460118744,0.0037823250565837754,-0.02366915256184399,,,,,,,,,,0.16267775047520414,proceed,-7.926284710881227e-05,-0.00021775194405559628,0.00030661870342470286
pair,17.2,,,,,,,robot_1,robot_2,8.26756066188268,-0.1631384471378012,1.188622471623447,1.1997656158528487,6.88319398405774,0.3929001075244938,0,,,,,
pair,17.2,,,,,,,robot_1,robot_3,4.390358445321753,-0.3071058390803912,0.13768373467157236,0.3365572866398573,7.531310021262708,3.584753221893886,0,,,,,
pair,17.2,,,,,,,robot_1,robot_4,8.841761490717362,-0.13649056908416846,1.1911435216861548,1.198938098779005,7.000693497354251,2.779858579714516,0,,,,,
pair,17.2,,,,,,,robot_2,robot_3,3.928564256217493,-0.14396739194259,-1.0509387369518746,1.0607539011329408,3.6822036270029246,0.4212714572151949,1,,,,,
pair,17.2,,,,,,,robot_2,robot_4,2.574469165722869,0.026647878053632744,0.0025210500627078636,0.026766865677175594,95.94774957690255,0.17926187679448527,0,,,,,
pair,17.2,,,,,,,robot_3,robot_4,5.092705061703282,0.17061526999622273,1.0534597870145825,1.0671865315926234,4.418603873847633,1.9235240272648513,0,,,,,
robot,17.3,robot_1,0.7297837366265375,3.706550210132315,0.049790323767487814,0.006962624507315659,-0.03087251108996408,,,,,,,,,,0.0,proceed,0.0,-0.0,0.0
robot,17.3,robot_2,1.4852996282882998,-4.446302377884046,0.06066881605306664,-0.047478658254228465,0.015002270647102158,,,,,,,,,,1.0,proceed,0.001943201874382794,-0.0025760347489267588,0.002740885131061077
robot,17.3,robot_3,1.5511929284719534,-0.5934928028755064,0.04034409770845443,0.002585931885128453,0.015310175929956612,,,,,,,,,,1.0,proceed,0.002167679136618972,-0.0017196681583300233,0.004004564136266708
robot,17.3,robot_4,-1.096594625246486,-4.869942607283619,0.05835181335360954,0.0023634748581335572,-0.016986512497461477,,,,,,,,,,0.14774697699465164,proceed,-0.00021865724937241785,-0.00018092093931729283,0.00019635729637536227
pair,17.3,,,,,,,robot_1,robot_2,8.187784168166536,-0.18139594133054002,1.1861763524192166,1.1999661772607386,6.811334278049245,0.48561309160936295,0,,,,,
pair,17.3,,,,,,,robot_1,robot_3,4.37779430468878,-0.2874378528394161,0.16622010103799045,0.3320386140707336,8.624587507529396,3.3112426245695814,0,,,,,
pair,17.3,,,,,,,robot_1,robot_4,8.768801911772503,-0.12467380631596398,1.1925372442080513,1.1990365452331484,6.955668502416041,2.7082479144175022,0,,,,,
pair,17.3,,,,,,,robot_2,robot_3,3.8533730092331546,-0.10604191150887605,-1.0199562513812261,1.025453871087383,3.7436769931157063,0.33287797549116743,1,,,,,
pair,17.3,,,,,,,robot_2,robot_4,2.616419114056781,0.05672213501457605,0.006360891788834699,0.05707767991922113,45.780117429990014,0.13326800149243748,0,,,,,
pair,17.3,,,,,,,robot_3,robot_4,5.029791432976964,0.1627640465234521,1.0263171431700608,1.039143403580778,4.463672433808972,1.9452728814599336,0,,,,,
robot,17.400000000000002,robot_1,0.7469223767462907,3.6631197911324866,0.0658648315173561,0.011377689977638704,-0.03157970063442272,,,,,,,,,,0.0,proceed,0.0,-0.0,0.0
robot,17.400000000000002,robot_2,1.5255080879333092,-4.387575320398525,0.0828372748892646,-0.05881956286935356,0.030905687076984822,,,,,,,,,,1.0,proceed,0.0019355324329808354,-0.0025796287227422,0.0027163010090589523
robot,17.400000000000002,robot_3,1.5364293514193577,-0.6266800639238849,0.05091504335183986,0.0029679093198240122,0.018499830125899577,,,,,,,,,,1.0,yield,0.002213691594079137,-0.0017076822696253657,0.004061983898282051
robot,17.400000000000002,robot_4,-1.1024556816270819,-4.8128425183212125,0.08678077220772869,-0.0061035703663817,-0.021891885786275683,,,,,,,,,,0.13726141512663292,proceed,-0.00019243428328587757,-0.00017585997702863874,0.00019267668974953217
pair,17.400000000000002,,,,,,,robot_1,robot_2,8.088256146320658,-0.19388646335394977,1.1832679769918566,1.1990475662150786,6.730879557777298,0.5334611247690191,0,,,,,
pair,17.400000000000002,,,,,,,robot_1,robot_3,4.361846404849566,-0.20514392945541754,0.010150710662099383,0.20539490918558567,4.871328738457724,4.24554019101816,0,,,,,
pair,17.400000000000002,,,,,,,robot_1,robot_4,8.675375281454546,-0.10695040189501594,1.1945575539722904,1.199335707055271,6.901550830173496,2.5978515330570526,0,,,,,
pair,17.400000000000002,,,,,,,robot_2,robot_3,3.7609111135693674,-0.011257466101467772,-1.1731172663297573,1.1731712795257256,3.2056929512568755,0.025167874981776292,1,,,,,
pair,17.400000000000002,,,,,,,robot_2,robot_4,2.662150589983796,0.08693606145893384,0.011289576980433869,0.08766603293401992,30.352087088818354,0.08329857907826424,0,,,,,
pair,17.400000000000002,,,,,,,robot_3,robot_4,4.948501825021626,0.09819352756040162,1.184406843310191,1.188470251766853,3.6937224434972893,2.283994428531449,0,,,,,
robot,17.5,robot_1,0.7640460764454841,3.619650758179895,0.06622331710580583,0.012383973230108557,-0.02699974718052661,,,,,,,,,,0.0,proceed,0.0,-0.0,0.0
robot,17.5,robot_2,1.5612473691155526,-4.3261488416111575,0.08647461979349451,-0.054975540390433245,0.04137820254667376,,,,,,,,,,1.0,proceed,0.0018831376219168305,-0.002559612737968564,0.0026238439604640007
robot,17.5,robot_3,1.5225333095281606,-0.6580438221295493,0.0484170557171616,0.0021961723655744246,0.014691510854236412,,,,,,,,,,1.0,yield,0.0022334642708301544,-0.0017164448508992791,0.0040709590539336205
robot,17.5,robot_4,-1.104870597052075,-4.7527709795361215,0.0860509207397802,-0.0056704773053179065,-0.020726976663784872,,,,,,,,,,0.1283294131979275,proceed,-0.00017513623354318796,-0.0001681392991245443,0.00018950242484713263
pair,17.5,,,,,,,robot_1,robot_2,7.9856910271481505,-0.2049903638842221,1.1793990525082556,1.1970811060002395,6.653639903387173,0.5752274416723614,0,,,,,
pair,17.5,,,,,,,robot_1,robot_3,4.344418695885355,-0.1838752253911996,0.009517673560063278,0.18412138556577393,5.314957899818421,4.232767523611481,0,,,,,
pair,17.5,,,,,,,robot_1,robot_4,8.578478611423874,-0.0931968620362306,1.1960124580675089,1.1996380516414462,6.837001233841444,2.513700740040816,0,,,,,
pair,17.5,,,,,,,robot_2,robot_3,3.6683093125247637,0.021115138493022503,-1.1698813789481923,1.1700719165432967,3.135026384559379,0.027486932746440613,1,,,,,
pair,17.5,,,,,,,robot_2,robot_4,2.7000354549689662,0.1117935018479915,0.01661340555925317,0.11302120287677486,23.88815343290657,0.030085361305717068,0,,,,,
pair,17.5,,,,,,,robot_3,robot_4,4.865186716038346,0.09067836335496901,1.1864947845074454,1.1899548055468767,3.599327906783003,2.3077329173616126,0,,,,,
robot,17.6,robot_1,0.7783203584528089,3.582498784788739,0.06654949760320565,0.012893950713423924,-0.025911585604549515,,,,,,,,,,0.0,proceed,0.0,-0.0,0.0
robot,17.6,robot_2,1.5871760724562458,-4.271755694029916,0.08951765313828373,-0.04959896102038847,0.04921575668389021,,,,,,,,,,1.0,proceed,0.001561992336064577,-0.0024264580570161343,0.0026620891876518726
robot,17.6,robot_3,1.514860316342888,-0.6853337130123588,0.04687593239550287,0.01838304225413315,0.030918615990200304,,,,,,,,,,1.0,yield,0.0031798218842595816,-0.0023487696889787912,0.0036397294607013464
robot,17.6,robot_4,-1.1065921289378746,-4.701462183311164,0.08763221191805903,-0.005140843339294875,-0.018446199878346305,,,,,,,,,,0.11529266698181727,proceed,-0.00014695041424638992,-0.0001554257246034839,0.00018214691623993652
pair,17.6,,,,,,,robot_1,robot_2,7.895793879282748,-0.21133778075557977,1.1760425503567355,1.1948806374798566,6.589351679954163,0.5930734435286502,0,,,,,
pair,17.6,,,,,,,robot_1,robot_3,4.330921996394749,-0.16838460707118474,0.009372331501918185,0.16864523858176111,5.767036455242426,4.2203041575529525,0,,,,,
pair,17.6,,,,,,,robot_1,robot_4,8.49569917111735,-0.08184152927087468,1.1970292796494406,1.1998237921676058,6.781074449627863,2.445582001447045,0,,,,,
pair,17.6,,,,,,,robot_2,robot_3,3.587150985741769,0.04295317368439504,-1.1666702188548175,1.1674606523100937,3.0721844139742966,0.059684724368979085,1,,,,,
pair,17.6,,,,,,,robot_2,robot_4,2.7278260189705152,0.1294962514847051,0.020986729292705064,0.13118582985595384,20.79353862606883,0.006769057453509053,0,,,,,
pair,17.6,,,,,,,robot_3,robot_4,4.79596714050598,0.08654307780031006,1.1876569481475225,1.1908059165112665,3.5236850803179913,2.322643895084084,0,,,,,
robot,17.7,robot_1,0.7915245625950786,3.5458937345735597,0.07358423309053855,0.013287902177138888,-0.02838591767127447,,,,,,,,,,0.0,proceed,0.0,-0.0,0.0
robot,17.7,robot_2,1.6067708531109908,-4.21619467584803,0.1060780527098878,-0.04029813048602689,0.05849955338606946,,,,,,,,,,1.0,proceed,0.001745513523928821,-0.00254664639942348,0.0026678747963160276
robot,17.7,robot_3,1.5177283228019793,-0.7154565585861403,0.049098224952886745,0.03701381080064949,0.061182272980117476,,,,,,,,,,1.0,yield,0.00317790312692523,-0.0023609946947544813,0.0035759219899773598
robot,17.7,robot_4,-1.1081978199833014,-4.651426021800737,0.09562052741180187,-0.004494136356327021,-0.016142359967132154,,,,,,,,,,0.09998185399625723,proceed,-0.00013253895683170818,-0.0001360151044463074,0.0001570184023944327
pair,17.7,,,,,,,robot_1,robot_2,7.804783341349144,-0.2128257841715909,1.1736081571234234,1.1927493118316568,6.525251957203327,0.58284909431264,0,,,,,
pair,17.7,,,,,,,robot_1,robot_3,4.322785932977818,-0.15993583730743016,0.010338146948560611,0.16026961451740876,6.236794099044086,4.2056320409751065,0,,,,,
pair,17.7,,,,,,,robot_1,robot_4,8.414570477398929,-0.07099227237883315,1.1978355334505733,1.199937443342081,6.725822941739538,2.381375251118036,0,,,,,
pair,17.7,,,,,,,robot_2,robot_3,3.501870348521508,0.052889946864160736,-1.1632700101748625,1.164471752792449,3.006659120722798,0.07005180475451472,1,,,,,
pair,17.7,,,,,,,robot_2,robot_4,2.749632924661615,0.14183351179275774,0.024227376327149996,0.1438878411512373,19.108557791705728,0.02812035741410914,0,,,,,
pair,17.7,,,,,,,robot_3,robot_4,4.731526574238063,0.08894356492859701,1.1874973865020126,1.190823664818313,3.460720435090682,2.3246105682815603,0,,,,,
robot,17.8,robot_1,0.8063788521418981,3.500074332564098,0.07235192021820229,0.011738978201693834,-0.028013784991878652,,,,,,,,,,0.0,proceed,0.0,-0.0,0.0
robot,17.8,robot_2,1.616084266544922,-4.145433879481943,0.10481523979403787,-0.026865842095092428,0.05720419134198367,,,,,,,,,,1.0,proceed,0.002120412653312087,-0.002761101583018899,0.002766981953755021
robot,17.8,robot_3,1.5272716459714784,-0.7535746284816621,0.04784672913805683,0.03537089278711386,0.0830090669969495,,,,,,,,,,1.0,yield,0.003183221910148859,-0.002376243472099304,0.0035393184516578913
robot,17.8,robot_4,-1.1102410957848514,-4.590179770156377,0.09279355475895473,-0.003522454564585723,-0.012635290484417645,,,,,,,,,,0.08372945725765832,proceed,-0.00011055247021403501,-0.00011486869324370498,0.00013369247597166045
pair,17.8,,,,,,,robot_1,robot_2,7.6882649979418,-0.20854197389997983,1.1723563042874947,1.1907598662537853,6.440552205225125,0.5417936437907994,0,,,,,
pair,17.8,,,,,,,robot_1,robot_3,4.314303640681899,-0.15603372367123647,0.012343430158977098,0.15652119086820585,6.734519470765624,4.183551077635734,0,,,,,
pair,17.8,,,,,,,robot_1,robot_4,8.314183271457049,-0.05910362457826586,1.1985395677548325,1.19999597245667,6.655051942886167,2.312764583273294,0,,,,,
pair,17.8,,,,,,,robot_2,robot_3,3.3930217889322947,0.05250825022874335,-1.1600128741285176,1.1612006650385576,2.9214638223450695,0.06465446783000418,1,,,,,
pair,17.8,,,,,,,robot_2,robot_4,2.7623629176041233,0.14943834932171396,0.026183263467337792,0.15171480986969807,18.206346523994785,0.03244247212114675,0,,,,,
pair,17.8,,,,,,,robot_3,robot_4,4.655750473989328,0.09693009909297062,1.1861961375958554,1.1901498733174316,3.3934115323362457,2.3162838331310063,0,,,,,
robot,17.900000000000002,robot_1,0.8180715700672904,3.461104387342869,0.0715111245213757,0.011830395800120068,-0.028114751935954408,,,,,,,,,,0.0,proceed,0.0,-0.0,0.0
robot,17.900000000000002,robot_2,1.6203097532073027,-4.085459917763775,0.10378639866877941,-0.026728932358118795,0.05333188637194044,,,,,,,,,,1.0,proceed,0.00229829759337008,-0.0028584112878888845,0.0027528710197657347
robot,17.900000000000002,robot_3,1.5360023772429643,-0.7855482261425059,0.04884430896438684,0.033418018604747246,0.07310232904841459,,,,,,,,,,1.0,yield,0.003144735237583518,-0.002348447684198618,0.0034394199028611183
robot,17.900000000000002,robot_4,-1.112001533463825,-4.53847033538186,0.0923130504157619,-0.002844129151202177,-0.010148566525409597,,,,,,,,,,0.06403430471471168,proceed,-8.158818997043135e-05,-8.898368666129224e-05,0.00010615775086592332
pair,17.900000000000002,,,,,,,robot_1,robot_2,7.589085512339251,-0.20290476784133832,1.171895325436747,1.1893313241453143,6.36727047584918,0.4969975057568769,0,,,,,
pair,17.900000000000002,,,,,,,robot_1,robot_3,4.306911081449683,-0.15361575070774539,0.014002677325743895,0.1542526299218042,7.134188712560477,4.163947001137525,0,,,,,
pair,17.900000000000002,,,,,,,robot_1,robot_4,8.229117688393492,-0.0495638603614324,1.198969380999726,1.1999933969938308,6.594227624742843,2.258836061534453,0,,,,,
pair,17.900000000000002,,,,,,,robot_2,robot_3,3.3009884740999538,0.04928901713359293,-1.157892648111003,1.1589412374057222,2.8478678831277477,0.05611200205680549,1,,,,,
pair,17.900000000000002,,,,,,,robot_2,robot_4,2.7696106957009223,0.15334090747990592,0.027074055562978927,0.15571267896799007,17.785701737790276,0.028961797364024024,0,,,,,
pair,17.900000000000002,,,,,,,robot_3,robot_4,4.593076209811461,0.10405189034631297,1.184966703673982,1.1895263278719912,3.33760286472432,2.3095729461591676,0,,,,,
robot,18.0,robot_1,0.8305735277890931,3.4153979192050667,0.0689969315802347,0.010454573911268195,-0.026567681065214455,,,,,,,,,,0.0,proceed,0.0,-0.0,0.0
robot,18.0,robot_2,1.6243609407214725,-4.015893320557907,0.09828782155463006,-0.028639594752152824,0.0426041072789419,,,,,,,,,,1.0,proceed,0.00243868725374341,-0.002938456367701292,0.0027566838543862104
robot,18.0,robot_3,1.545808510751054,-0.8225759106596903,0.04823126606969655,0.028655990118492347,0.052502465819370556,,,,,,,,,,1.0,yield,0.0031534081790596247,-0.002348090521991253,0.003424570430070162
robot,18.0,robot_4,-1.1140975254796437,-4.478564303631333,0.08787561784046531,-0.002116000889839673,-0.007556313864867607,,,,,,,,,,0.04243985568558823,proceed,-5.428556872299652e-05,-5.9008765376331223e-05,7.144147496005078e-05
pair,18.0,,,,,,,robot_1,robot_2,7.473565945859299,-0.19697206903679715,1.1712270298981777,1.1876745141429716,6.2812043326814635,0.44966152824889216,0,,,,,
pair,18.0,,,,,,,robot_1,robot_3,4.297904520050573,-0.15153114656618896,0.015837773014851897,0.1523565667561914,7.5605931037083,4.140663692258214,0,,,,,
pair,18.0,,,,,,,robot_1,robot_4,8.129968332102502,-0.03926874601641366,1.19930240203111,1.1999451178830187,6.522043129549401,2.2019629261034916,0,,,,,
pair,18.0,,,,,,,robot_2,robot_3,3.1942834195815046,0.045440922470608186,-1.1553892568833257,1.1562824967785266,2.7622467630730823,0.04700292126599293,1,,,,,
pair,18.0,,,,,,,robot_2,robot_4,2.7772682999103098,0.15770332302038348,0.02807537213293254,0.1601829098626756,17.33743359473747,0.024462591026398438,0,,,,,
pair,18.0,,,,,,,robot_3,robot_4,4.5212112592888065,0.11226240054977529,1.1834646290162583,1.188777260343496,3.2729752437031987,2.302765007649765,0,,,,,
robot,18.1,robot_1,0.839671473920945,3.3750276822872607,0.0813786998745303,0.009090350066654533,-0.02958616934960508,,,,,,,,,,0.0,proceed,0.0,-0.0,0.0
robot,18.1,robot_2,1.627953156661129,-3.9570690555629677,0.10874530247675701,-0.03500788829889344,0.039340539887278446,,,,,,,,,,1.0,proceed,0.002532901940867305,-0.003006351413205266,0.0027222007047384977
robot,18.1,robot_3,1.5533586563016522,-0.85428877594155,0.056404682759483384,0.029451161741938105,0.041314927169049886,,,,,,,,,,1.0,yield,0.0031478749588131905,-0.0023579930420964956,0.003389630699530244
robot,18.1,robot_4,-1.11590750551882,-4.427427833504718,0.09994073100270642,-0.001998317794510307,-0.007139687730907907,,,,,,,,,,0.018459085975320234,proceed,-2.408279443766662e-05,-2.5436493971824506e-05,3.0725363222076976e-05
pair,18.1,,,,,,,robot_1,robot_2,7.374349502467161,-0.1913068454122678,1.1710537988304672,1.1865771398678056,6.205467823185923,0.4041541185495688,0,,,,,
pair,18.1,,,,,,,robot_1,robot_3,4.289110292139805,-0.14930959554736858,0.01699494370336696,0.15027369508333585,7.901686751480099,4.121469535903354,0,,,,,
pair,18.1,,,,,,,robot_1,robot_4,8.043792713685463,-0.031239162729719994,1.1994787445394466,1.1998854711554685,6.458030503875129,2.158053963401861,0,,,,,
pair,18.1,,,,,,,robot_2,robot_3,3.1036768200138756,0.04199724986489922,-1.1540588551271003,1.1548227613333089,2.68737392840636,0.038293144607273004,1,,,,,
pair,18.1,,,,,,,robot_2,robot_4,2.783883746395572,0.1600676826825478,0.028424945708979243,0.16257195507811067,17.123703941089012,0.01663786807286762,0,,,,,
pair,18.1,,,,,,,robot_3,robot_4,4.460078986668644,0.11807043281764859,1.1824838008360796,1.1883638190156616,3.215063676100109,2.3010477748249585,0,,,,,
robot,18.2,robot_1,0.8477266924588909,3.329940652240864,0.05493136354908814,0.004742670359707101,-0.018716331782899484,,,,,,,,,,0.0,proceed,0.0,-0.0,0.0
robot,18.2,robot_2,1.6303951580022857,-3.896401314535,0.06596322349615273,-0.01967767294118032,0.019745918202327385,,,,,,,,,,1.0,proceed,0.0026438403874635696,-0.003050104482099414,0.0028177485801279545
robot,18.2,robot_3,1.5604578668942388,-0.888621134579979,0.037956848581419185,0.017228968902493112,0.014788409667406743,,,,,,,,,,1.0,yield,0.00319346459582448,-0.0023759398609399796,0.003460063599050045
robot,18.2,robot_4,-1.117840858096262,-4.372313055729681,0.06562736226871325,-0.0010982119272252237,-0.003922785885551928,,,,,,,,,,0.0,proceed,0.0,-0.0,0.0
pair,18.2,,,,,,,robot_1,robot_2,7.268602902053607,-0.19205679315677843,1.1689814728842967,1.1846533230208764,6.126375413454381,0.3992249205499211,0,,,,,
pair,18.2,,,,,,,robot_1,robot_3,4.278346558687954,-0.1503041070329498,0.018706268532357906,0.1514636889600181,8.10940902727745,4.0982404816174585,0,,,,,
pair,18.2,,,,,,,robot_1,robot_4,7.94909856384618,-0.02470361454534479,1.199554416224997,1.1998087622852645,6.3844763055817975,2.1237374008969887,0,,,,,
pair,18.2,,,,,,,robot_2,robot_3,3.0085931655206872,0.041752686123828625,-1.1502752043519386,1.1510327243590641,2.6135986777382274,0.03921328126195394,1,,,,,
pair,18.2,,,,,,,robot_2,robot_4,2.7891384306965064,0.16735317861143365,0.030572943340700265,0.17012287105461182,16.394149600920002,0.025724474037449808,0,,,,,
pair,18.2,,,,,,,robot_3,robot_4,4.394245494026187,0.12560049248760502,1.1808481476926391,1.1875090869640812,3.155706104094527,2.2948124753874186,0,,,,,
robot,18.3,robot_1,0.8559220131544282,3.278194953244111,0.07497600493211189,0.007311451822263404,-0.024122629431684417,,,,,,,,,,0.0,proceed,0.0,-0.0,0.0
robot,18.3,robot_2,1.6296347710674421,-3.8351856722184783,0.08167948440896779,-0.02084773841233923,0.02027596250988396,,,,,,,,,,1.0,proceed,0.0026560949627310038,-0.0030815941281616688,0.002733199391514063
robot,18.3,robot_3,1.5669540954771284,-0.9276956359884991,0.05269143108669082,0.021661565789331823,0.006853951425845481,,,,,,,,,,1.0,yield,0.0032026048284024,-0.002401694655418396,0.0034198793582618237
robot,18.3,robot_4,-1.1199746521704037,-4.309793136316652,0.09004353735271783,-0.0013683159721809752,-0.004872516218217572,,,,,,,,,,0.0,proceed,0.0,-0.0,0.0
pair,18.3,,,,,,,robot_1,robot_2,7.155334747897117,-0.1840069084173518,1.1696952536409086,1.1840800347676592,6.0360779119382535,0.3411112634411098,0,,,,,
pair,18.3,,,,,,,robot_1,robot_3,4.2655693958354,-0.1472856509055622,0.01942918412469219,0.14856162411075857,8.447537270372091,4.076776647077811,0,,,,,
pair,18.3,,,,,,,robot_1,robot_4,7.841028687573958,-0.01697016089919299,1.1996107423838316,1.1997307696327673,6.300813592451506,2.0830308829288606,0,,,,,
pair,18.3,,,,,,,robot_2,robot_3,2.908165603583995,0.03672125751178959,-1.1502660695162166,1.1508520675714724,2.526831790208561,0.030123103537213973,1,,,,,
pair,18.3,,,,,,,robot_2,robot_4,2.790269561410879,0.1670367475181588,0.029915488742922713,0.1696944651076548,16.44257715800329,0.017555213693126646,0,,,,,
pair,18.3,,,,,,,robot_3,robot_4,4.319510342233327,0.13031549000636922,1.1801815582591393,1.1873544699838252,3.07958914434032,2.2995020714939125,0,,,,,
robot,18.400000000000002,robot_1,0.8625451753680318,3.236008828860556,0.09111444734140103,0.010141716366287145,-0.027446564163773484,,,,,,,,,,0.0,proceed,0.0,-0.0,0.0
robot,18.400000000000002,robot_2,1.626235391280007,-3.7896399242318597,0.09377626959567757,-0.018841840699427646,0.02200094855845867,,,,,,,,,,1.0,proceed,0.002706974046304822,-0.0031238002702593803,0.0026998473331332207
robot,18.400000000000002,robot_3,1.5713655285791577,-0.9597233981159137,0.06497743114320297,0.02462564137399843,-0.0032523101438985125,,,,,,,,,,1.0,yield,0.0032436237670481205,-0.0024368532467633486,0.0034203617833554745
robot,18.400000000000002,robot_4,-1.1216711884571215,-4.258800245743078,0.10949102240366576,-0.0014298347992698353,-0.0052112142551416635,,,,,,,,,,0.0,proceed,0.0,-0.0,0.0
pair,18.400000000000002,,,,,,,robot_1,robot_2,7.067033546524927,-0.17607948854773597,1.1707245861249769,1.1838919050507655,5.964304834340207,0.28972385548544,0,,,,,
pair,18.400000000000002,,,,,,,robot_1,robot_3,4.25518450993788,-0.14435191129078528,0.019823395212354322,0.14570669610916287,8.737134963210444,4.060285189562594,0,,,,,
pair,18.400000000000002,,,,,,,robot_1,robot_4,7.753017325095598,-0.01089835098720061,1.1996096391404687,1.1996591434123969,6.23216531806968,2.0522213743638864,0,,,,,
pair,18.400000000000002,,,,,,,robot_2,robot_3,2.83044841793963,0.03172757725695069,-1.1509011909126228,1.1513384343461697,2.4583161482732607,0.023135338915852552,1,,,,,
pair,18.400000000000002,,,,,,,robot_2,robot_4,2.7876696321915753,0.16518113756053537,0.028885053015491713,0.16768766947363864,16.62404378548179,0.011193378962971038,0,,,,,
pair,18.400000000000002,,,,,,,robot_3,robot_4,4.25867993700573,0.13345356030358468,1.1797862439281144,1.187310167614053,3.0159497988059707,2.305155128606149,0,,,,,
robot,18.5,robot_1,0.8688076459860853,3.195753148262622,0.06471158340105822,0.007900554851050796,-0.017266940076800952,,,,,,,,,,0.0,proceed,0.0,-0.0,0.0
robot,18.5,robot_2,1.6201058768361503,-3.7514577575231423,0.05638143579030534,-0.004318965758362712,0.010030847508333737,,,,,,,,,,1.0,proceed,0.0028003130573779345,-0.0031665500719100237,0.0027679638005793095
robot,18.5,robot_3,1.574969932418061,-0.9903268033849606,0.04634022994150658,0.016750108665467278,-0.005841414949973873,,,,,,,,,,1.0,yield,0.0033141246531158686,-0.0024767897557467222,0.0035006438847631216
robot,18.5,robot_4,-1.1232123529729503,-4.210058835585996,0.07811734062109427,-0.0009938848171442876,-0.003558962944030293,,,,,,,,,,0.0,proceed,0.0,-0.0,0.0
pair,18.5,,,,,,,robot_1,robot_2,6.9877169663021625,-0.1719532811964517,1.1704689789373086,1.1830323586313147,5.902319461225927,0.26645461975177587,0,,,,,
pair,18.5,,,,,,,robot_1,robot_3,4.2452244388682985,-0.1439802615124654,0.02088284875091806,0.14548680035368036,8.933527858740081,4.041371481809981,0,,,,,
pair,18.5,,,,,,,robot_1,robot_4,7.669041323162144,-0.005559819324418319,1.199545449388577,1.199558334029556,6.166019138996075,2.026323716378156,0,,,,,
pair,18.5,,,,,,,robot_2,robot_3,2.761499845985608,0.027973019683986272,-1.1495861301863908,1.1499264152749784,2.4013813577574847,0.02204446694809615,1,,,,,
pair,18.5,,,,,,,robot_2,robot_4,2.7813863195901694,0.16639346187203335,0.029076470451268377,0.1689148462618467,16.465758041415093,0.020470613015182666,0,,,,,
pair,18.5,,,,,,,robot_3,robot_4,4.200816825854142,0.1384204421880471,1.178662600637659,1.1867627163664454,2.9597020108747993,2.3042262620464493,0,,,,,
robot,18.6,robot_1,0.8746387855548828,3.1537436379355728,0.06948474061703135,0.007458356199326189,-0.016481602121523522,,,,,,,,,,0.0,proceed,0.0,-0.0,0.0
robot,18.6,robot_2,1.6105878311962556,-3.7190650631475055,0.049763398611163835,0.0030928906001209,0.005756881564505941,,,,,,,,,,1.0,proceed,0.0028585484251379967,-0.0032023300882428885,0.0027992534451186657
robot,18.6,robot_3,1.578323491975164,-1.0218644027816233,0.04882231947335351,0.017367766358565316,-0.007092953982953868,,,,,,,,,,1.0,yield,0.0033584937918931246,-0.0025136787444353104,0.0035303193144500256
robot,18.6,robot_4,-1.1246993759409323,-4.159688754284573,0.08245897864579896,-0.001041737207789517,-0.0036842358320919276,,,,,,,,,,0.0,proceed,0.0,-0.0,0.0
pair,18.6,,,,,,,robot_1,robot_2,6.912099568109803,-0.16261193515022315,1.1720302548857089,1.1832571824505271,5.838745860853695,0.21554585007991056,0,,,,,
pair,18.6,,,,,,,robot_1,robot_3,4.234486353237179,-0.14178483886881915,0.02130466015524346,0.14337652903243064,9.180974957409127,4.024690467818367,0,,,,,
pair,18.6,,,,,,,robot_1,robot_4,7.581797045528741,-0.0003249857949235123,1.199472553709155,1.1994725977350749,6.0967548869088635,2.0013195936864223,0,,,,,
pair,18.6,,,,,,,robot_2,robot_3,2.6973936290173754,0.020827096281403973,-1.1507255947304653,1.1509140551350034,2.343652721694279,0.016549851676540966,1,,,,,
pair,18.6,,,,,,,robot_2,robot_4,2.77054964631923,0.16228694935529964,0.027442298823446287,0.1645908068385501,16.832443448923694,0.0215995918981634,0,,,,,
pair,18.6,,,,,,,robot_3,robot_4,4.1415304279169876,0.14145985307389566,1.1781678935539117,1.1866298814006622,2.897010664779144,2.3096827660789865,0,,,,,
robot,18.7,robot_1,0.8801911795637569,3.109901027703998,0.07683587938528415,0.008806454528849341,-0.017461002381415652,,,,,,,,,,0.0,proceed,0.0,-0.0,0.0
robot,18.7,robot_2,1.5965198915761178,-3.690226339744818,0.05596156655199047,0.016668117663273772,0.004317117235064166,,,,,,,,,,1.0,proceed,0.0029092265758663416,-0.0032433185260742903,0.002771508414298296
robot,18.7,robot_3,1.581574495864439,-1.054524508615438,0.054207564978855725,0.01927435129343684,-0.009455539906135657,,,,,,,,,,1.0,yield,0.003416189458221197,-0.002559295389801264,0.0035492496099323034
robot,18.7,robot_4,-1.1261548607362668,-4.107590988330016,0.09114123309437296,-0.0010500950802216536,-0.0038003628366833375,,,,,,,,,,0.0,proceed,0.0,-0.0,0.0
pair,18.7,,,,,,,robot_1,robot_2,6.837752484345982,-0.14894577483310611,1.1749001865912518,1.1843037162370103,5.7723568156337315,0.14458749048644484,0,,,,,
pair,18.7,,,,,,,robot_1,robot_3,4.223076911913204,-0.1394628932507731,0.021605363045867798,0.14112650461986326,9.428819209993412,4.0079586351486025,0,,,,,
pair,18.7,,,,,,,robot_1,robot_4,7.491169163417839,0.004663764487030101,1.1993792737172893,1.1993883411646966,6.024103106959875,1.9782659979725323,0,,,,,
pair,18.7,,,,,,,robot_2,robot_3,2.6357442037253436,0.009482881582333014,-1.1532948235453842,1.1533338090334833,2.285318960227769,0.0067262407293190735,1,,,,,
pair,18.7,,,,,,,robot_2,robot_4,2.7544783638228036,0.1536095393201362,0.024479087126037302,0.1555477941877306,17.707933911872423,0.01631267799896722,0,,,,,
pair,18.7,,,,,,,robot_3,robot_4,4.080810360474257,0.1441266577378032,1.1777739106714213,1.186559681654877,2.831174391953637,2.316836454409746,0,,,,,
robot,18.8,robot_1,0.8859545731518836,3.058623528800167,0.07453924408757157,0.007734133626405952,-0.015535930281955554,,,,,,,,,,0.0,proceed,0.0,-0.0,0.0
robot,18.8,robot_2,1.5726381174551036,-3.6594815425630034,0.05235798288724283,0.02192048537547102,-0.00022308021150644903,,,,,,,,,,1.0,proceed,0.0029659562278538942,-0.0032835318706929684,0.0027865737210959196
robot,18.8,robot_3,1.5851706971559065,-1.0924627175467083,0.051845231610040586,0.01853600189094219,-0.00878044007418394,,,,,,,,,,1.0,yield,0.0034551811404526234,-0.0025934334844350815,0.0035878235939890146
robot,18.8,robot_4,-1.1277417541274701,-4.04725312091952,0.08718680142976074,-0.0009693210464926448,-0.003495116540152891,,,,,,,,,,0.0,proceed,0.0,-0.0,0.0
pair,18.8,,,,,,,robot_1,robot_2,6.753108176232066,-0.129613987033572,1.179023242908683,1.186126297218659,5.693248212279574,0.051549758652857616,0,,,,,
pair,18.8,,,,,,,robot_1,robot_3,4.209562947940962,-0.1378913113834156,0.022162810632825436,0.1396610322537556,9.659758870097228,3.9875269618146185,0,,,,,
pair,18.8,,,,,,,robot_1,robot_4,7.38569264588839,0.009877143205301114,1.199246106804459,1.1992867808174783,5.9387131274891045,1.9551051149829737,0,,,,,
pair,18.8,,,,,,,robot_2,robot_3,2.5670494178223366,-0.008277324349843601,-1.1568604322758578,1.1568900439816556,2.218916829005155,0.005834263931757744,1,,,,,
pair,18.8,,,,,,,robot_2,robot_4,2.728079589716807,0.1394911302388731,0.0202228638957761,0.14094942227432272,19.35500737369399,0.0036801773435858,0,,,,,
pair,18.8,,,,,,,robot_3,robot_4,4.011319021991699,0.1477684545887167,1.1770832961716338,1.1863223011887687,2.7561644837334898,2.3237353930541036,0,,,,,
robot,18.900000000000002,robot_1,0.8905225548924935,3.0147424629001125,0.07457200910191093,0.008435691632217041,-0.014383576576934889,,,,,,,,,,0.0,proceed,0.0,-0.0,0.0
robot,18.900000000000002,robot_2,1.550205452596601,-3.6348443458561643,0.05102972000672319,0.024642832561433063,-0.006432766168180381,,,,,,,,,,1.0,proceed,0.003013077424839139,-0.0033199568279087543,0.0027833366766572
robot,18.900000000000002,robot_3,1.588177529401092,-1.1248576690552483,0.05213447299043127,0.018903295140938355,-0.008056551424069792,,,,,,,,,,1.0,yield,0.0035122502595186234,-0.0026323487982153893,0.0036002767737954855
robot,18.900000000000002,robot_4,-1.1290003695891313,-3.9958016344954044,0.08767275051655096,-0.000943853508975058,-0.0033843506282823874,,,,,,,,,,0.0,proceed,0.0,-0.0,0.0
pair,18.900000000000002,,,,,,,robot_1,robot_2,6.682229137997947,-0.11163766874883167,1.1826218459966458,1.187879370858922,5.625279375111513,0.03183070411886503,0,,,,,
pair,18.900000000000002,,,,,,,robot_1,robot_3,4.197977098072527,-0.13653776032985676,0.022554641471650427,0.13838812032760653,9.849134094779487,3.9705458211054023,0,,,,,
pair,18.900000000000002,,,,,,,robot_1,robot_4,7.295628923131572,0.014017528939950102,1.199121371899583,1.199203300389021,5.865286907158625,1.937438459570051,0,,,,,
pair,18.900000000000002,,,,,,,robot_2,robot_3,2.510273888709149,-0.024900091581025074,-1.1600672045249953,1.1603344059258007,2.163362151020454,0.015899500210184162,1,,,,,
pair,18.900000000000002,,,,,,,robot_2,robot_4,2.703411548739059,0.12565519768878178,0.016499525902937018,0.12673382761215934,21.33129217826278,0.00907834648723907,0,,,,,
pair,18.900000000000002,,,,,,,robot_3,robot_4,3.952894507504364,0.15055528926980685,1.1765667304279326,1.1861602616328835,2.6915471278098346,2.3308025119689884,0,,,,,
robot,19.0,robot_1,0.8955296044352871,2.963273808888238,0.0833354044478187,0.009273732426982267,-0.014559888519637744,,,,,,,,,,0.0,proceed,0.0,-0.0,0.0
robot,19.0,robot_2,1.5262554685654033,-3.6066453701932386,0.05409170419142989,0.019090901933928817,-0.016626857456568164,,,,,,,,,,1.0,proceed,0.0030238095205277205,-0.003336603520438075,0.002782274968922138
robot,19.0,robot_3,1.5916741837101118,-1.1630040604056318,0.05840259345578672,0.021424126916997507,-0.008369476519544882,,,,,,,,,,1.0,yield,0.0035352285485714674,-0.002663630060851574,0.003588068298995495
robot,19.0,robot_4,-1.1303751923196967,-3.9356657257645615,0.097266519542732,-0.0009840830193794405,-0.003537815229627079,,,,,,,,,,0.0,proceed,0.0,-0.0,0.0
pair,19.0,,,,,,,robot_1,robot_2,6.600125236337968,-0.09217282830594056,1.1860928522831746,1.189668897010909,5.546953248730782,0.11980762637032243,0,,,,,
pair,19.0,,,,,,,robot_1,robot_3,4.184589147082193,-0.13471723769778232,0.02282993047986892,0.13663798834378538,10.068876122695746,3.9519597055055673,0,,,,,
pair,19.0,,,,,,,robot_1,robot_4,7.190247349591685,0.018447014329808303,1.1989746806363775,1.1991165819655683,5.77866190849166,1.919532891839272,0,,,,,
pair,19.0,,,,,,,robot_2,robot_3,2.4445168150764833,-0.042544409391841745,-1.1632629218033057,1.1640406573710664,2.0999263177461236,0.023937403211927624,1,,,,,
pair,19.0,,,,,,,robot_2,robot_4,2.676927504198626,0.11061984263574887,0.01288182835320284,0.11136736993607788,24.036271428108364,0.019520257927685428,0,,,,,
pair,19.0,,,,,,,robot_3,robot_4,3.8855122591616182,0.15316425202759062,1.1761447501565085,1.1860757823258543,2.6144693555294354,2.341209115440055,0,,,,,
robot,19.1,robot_1,0.89889566418032,2.923235686524629,0.04408633392706438,0.004565075191120698,-0.007028904729073815,,,,,,,,,,0.0,proceed,8.665338100399822e-07,-0.0,0.0
robot,19.1,robot_2,1.51158557048981,-3.584942352864448,0.02692497720920857,0.006969438436172336,-0.012893187384583709,,,,,,,,,,1.0,proceed,0.003094423795118928,-0.0033691131975501776,0.0028664281126111746
robot,19.1,robot_3,1.5943051779622126,-1.1927782286315922,0.031012881535036747,0.011359071806404107,-0.004090465502073423,,,,,,,,,,1.0,yield,0.0036602425388991833,-0.0027256307657808065,0.003743782639503479
robot,19.1,robot_4,-1.1313716143326422,-3.8893281027709308,0.050934702070583406,-0.0004922961989736114,-0.001758065171153486,,,,,,,,,,0.0,proceed,0.0,-0.0,0.0
pair,19.1,,,,,,,robot_1,robot_2,6.536954207708647,-0.08112159478854833,1.1874995074605998,1.1902671100892457,5.490198408909332,0.16770620523202037,0,,,,,
pair,19.1,,,,,,,robot_1,robot_3,4.17434604957687,-0.13614591780486562,0.02403077005959353,0.13825045694169072,10.128511366438492,3.9324807894334537,0,,,,,
pair,19.1,,,,,,,robot_1,robot_4,7.108657440432863,0.022029754340417942,1.198795608055112,1.1989980066574444,5.712033549847274,1.9047541174146594,0,,,,,
pair,19.1,,,,,,,robot_2,robot_3,2.3935938942784625,-0.055024323016317295,-1.1634687374010064,1.1647691526791462,2.0548287083141474,0.03037986895018576,1,,,,,
pair,19.1,,,,,,,robot_2,robot_4,2.6604272900327035,0.10315134912896627,0.011296100594512248,0.10376802357068979,25.63781847068696,0.014866723665518701,0,,,,,
pair,19.1,,,,,,,robot_3,robot_4,3.8341485625593137,0.15817567214528355,1.1747648379955185,1.185365752773906,2.5613609764071357,2.341471954979395,0,,,,,
robot,19.200000000000003,robot_1,0.9031796784974764,2.8701808684126067,0.07420633093554803,0.008499695639773222,-0.01070330907129585,,,,,,,,,,0.0,proceed,2.7428493922343478e-05,-0.0,0.0
robot,19.200000000000003,robot_2,1.4960718691005994,-3.5567299475190555,0.043319916238150416,0.008650573562234733,-0.02783828620700614,,,,,,,,,,1.0,proceed,0.0030891650822013617,-0.003387912642210722,0.002834067912772298
robot,19.200000000000003,robot_3,1.5976513941645372,-1.2327411439257037,0.053173798292602256,0.019458028900151282,-0.006091960118775116,,,,,,,,,,1.0,yield,0.0037083111237734556,-0.002770916558802128,0.0037458064034581184
robot,19.200000000000003,robot_4,-1.1326092579237168,-3.8279736217751155,0.08625918466145047,-0.0007880471062173913,-0.0028148713542110806,,,,,,,,,,0.0,proceed,0.0,-0.0,0.0
pair,19.200000000000003,,,,,,,robot_1,robot_2,6.454200476094429,-0.06683255899044377,1.1895996866831418,1.1914755580782344,5.413496602255062,0.2314587706617266,0,,,,,
pair,19.200000000000003,,,,,,,robot_1,robot_3,4.161281053136378,-0.13347387308797504,0.02378744772960195,0.13557697985496436,10.352573661155724,3.917428924119363,0,,,,,
pair,19.200000000000003,,,,,,,robot_1,robot_4,7.000693549076183,0.025550845432699892,1.1986779583853133,1.1989502465161384,5.621599435704334,1.8925821338651272,0,,,,,
pair,19.200000000000003,,,,,,,robot_2,robot_3,2.3262077205485054,-0.06664131409753125,-1.16581223895354,1.1677153939374574,1.9919222438687516,0.031215666473209343,1,,,,,
pair,19.200000000000003,,,,,,,robot_2,robot_4,2.6426383782874563,0.09238340442314366,0.009078271702171459,0.09282838159694785,28.467662606906195,0.01286818261796863,0,,,,,
pair,19.200000000000003,,,,,,,robot_3,robot_4,3.766902552817869,0.1590247185206749,1.1748905106557113,1.1856038854227064,2.478054034992576,2.35749161405027,0,,,,,
robot,19.3,robot_1,0.9072611275445909,2.8194559904032865,0.0921759662371215,0.010998340218201234,-0.013246968959807313,,,,,,,,,,0.0,proceed,7.044993981253356e-05,-0.0,0.0
robot,19.3,robot_2,1.4796763122781564,-3.5316554702435092,0.05090624385594313,0.021091327194018638,-0.0369418907067576,,,,,,,,,,1.0,proceed,0.0030504364985972643,-0.0033797293435782194,0.002793095074594021
robot,19.3,robot_3,1.6007443524038436,-1.271603722181887,0.06707141562130073,0.02461722620551296,-0.009463834563406343,,,,,,,,,,1.0,yield,0.003710601245984435,-0.0027922107838094234,0.0037176418118178844
robot,19.3,robot_4,-1.1337398240743992,-3.769269890452213,0.10698244282100922,-0.0008577678186990449,-0.003158232148908662,,,,,,,,,,0.0,proceed,0.0,-0.0,0.0
pair,19.3,,,,,,,robot_1,robot_2,6.3768547050464175,-0.0523065822142816,1.191460167313655,1.1926077766130916,5.341324839080198,0.2933109819227914,0,,,,,
pair,19.3,,,,,,,robot_1,robot_3,4.1494202673504486,-0.13147398693062132,0.023754245273861718,0.13360266991330663,10.552296166969354,3.902577402880697,0,,,,,
pair,19.3,,,,,,,robot_1,robot_4,6.8976078184806,0.02892081596404849,1.198539011791258,1.1988878914984469,5.535166157023457,1.881466941968509,0,,,,,
pair,19.3,,,,,,,robot_2,robot_3,2.263292153977535,-0.07916740471633972,-1.1677059220397932,1.1703865166415428,1.9336045857019888,0.03208390002808788,1,,,,,
pair,19.3,,,,,,,robot_2,robot_4,2.624195974853829,0.08122739817833009,0.007078844477602986,0.08153526999991521,32.1845698655102,0.009821942561892805,0,,,,,
pair,19.3,,,,,,,robot_3,robot_4,3.7034767448347865,0.1603948028946698,1.174784766517396,1.1856836595133429,2.399137487009326,2.3714737565053374,0,,,,,
robot,19.400000000000002,robot_1,0.9106664470295945,2.7743761942259555,0.06950222944608922,0.008314582412388962,-0.008604822383772885,,,,,,,,,,0.0,proceed,0.0001527727727079764,-0.0,0.0
robot,19.400000000000002,robot_2,1.4654865033947972,-3.5097597277818897,0.03812223436482273,0.011886961029437182,-0.02787609211618386,,,,,,,,,,1.0,proceed,0.0031789205968379974,-0.0034379856660962105,0.0029174634255468845
robot,19.400000000000002,robot_3,1.6033502325041102,-1.3063240566614605,0.05061601360991987,0.01854543061960659,-0.005503904703275153,,,,,,,,,,1.0,yield,0.003833594499155879,-0.002854193327948451,0.003831858979538083
robot,19.400000000000002,robot_4,-1.1346753636360705,-3.7172132544973753,0.08060046741676771,-0.0006414868086777963,-0.002305738987008047,,,,,,,,,,0.0,proceed,0.0,-0.0,0.0
pair,19.400000000000002,,,,,,,robot_1,robot_2,6.3085806312683745,-0.040182996871250924,1.19259984005086,1.1932766031926092,5.278956418541805,0.3428902362544263,0,,,,,
pair,19.400000000000002,,,,,,,robot_1,robot_3,4.139073007842689,-0.1319364307753611,0.02459512109710915,0.13420932064325158,10.645904625385368,3.884651096374295,0,,,,,
pair,19.400000000000002,,,,,,,robot_1,robot_4,6.806185179175864,0.032409362426971754,1.1983369245501714,1.1987751046436048,5.459333637676202,1.8690914844634905,0,,,,,
pair,19.400000000000002,,,,,,,robot_2,robot_3,2.207744361236115,-0.09175343390411018,-1.1680047189537506,1.1716030539954332,1.8841406991016127,0.035120515348219854,1,,,,,
pair,19.400000000000002,,,,,,,robot_2,robot_4,2.6084245629322194,0.07259235929822268,0.005737084499311429,0.0728187116545912,35.82079073853837,0.0019526932396852505,0,,,,,
pair,19.400000000000002,,,,,,,robot_3,robot_4,3.648173637501468,0.16434579320233286,1.173741803453062,1.185191697961368,2.3348705154031415,2.3772657270712507,0,,,,,
robot,19.5,robot_1,0.91302382202687,2.7442447997932025,0.06950222944608922,0.008314582412388962,-0.008604822383772885,,,,,,,,,,0.0,proceed,0.0023783084470778704,-0.0,0.0
robot,19.5,robot_2,1.4555056938566773,-3.4958383601548406,0.03812223436482273,0.011886961029437182,-0.02787609211618386,,,,,,,,,,1.0,proceed,0.0032470121514052153,-0.003479759441688657,0.002963246079161763
robot,19.5,robot_3,1.605047859366617,-1.3297185323113545,0.05061601360991987,0.01854543061960659,-0.005503904703275153,,,,,,,,,,1.0,yield,0.003934628330171108,-0.0029224201571196318,0.0038825145456939936
robot,19.5,robot_4,-1.1352659031059178,-3.6822771435061235,0.08060046741676771,-0.0006414868086777963,-0.002305738987008047,,,,,,,,,,0.0,proceed,0.0,-0.0,0.0
pair,19.5,,,,,,,robot_1,robot_2,6.263619115521882,-0.031417463235102125,1.193429818894956,1.1938432852027843,5.237034188435287,0.3780784834864885,0,,,,,
pair,19.5,,,,,,,robot_1,robot_3,4.132320715964393,-0.131336365750808,0.024800508019547363,0.13365742091877147,10.74345012759671,3.874809097712919,0,,,,,
pair,19.5,,,,,,,robot_1,robot_4,6.745048190027429,0.03450199331762706,1.1982209824154433,1.1987176107171862,5.408124577387423,1.8624702679065777,0,,,,,
pair,19.5,,,,,,,robot_2,robot_3,2.1712756545040746,-0.09991890251570588,-1.1686293108754087,1.1728931124859912,1.8509656633766465,0.03553346647300006,1,,,,,
pair,19.5,,,,,,,robot_2,robot_4,2.5974712486504297,0.06591945655272918,0.0047911635204871406,0.06609334308451341,39.30003328919528,0.00185899336723989,0,,,,,
pair,19.5,,,,,,,robot_3,robot_4,3.6116272697916987,0.16583835906843508,1.1734204743958958,1.1850814195952952,2.2891971233065096,2.384136455726509,0,,,,,
robot,19.6,robot_1,0.9169437841139413,2.69311946893944,0.07325546898564451,0.009549148652056805,-0.007937025013904326,,,,,,,,,,0.0,proceed,0.0024202356580644846,-0.0,0.0
robot,19.6,robot_2,1.4362253910651994,-3.472913568864221,0.038210416115892945,0.02214155123901354,-0.02897894442273573,,,,,,,,,,1.0,proceed,0.0032767723314464092,-0.0035029936116188765,0.002969907596707344
robot,19.6,robot_3,1.607870170131321,-1.369709625687382,0.0544543399081591,0.020057214221114637,-0.005252801205856527,,,,,,,,,,1.0,yield,0.0039954399690032005,-0.0029660831205546856,0.003927880898118019
robot,19.6,robot_4,-1.1362173208506066,-3.6229841197708823,0.08531581806049514,-0.0006018255015870014,-0.0021732368860885756,,,,,,,,,,0.0,proceed,0.0,-0.0,0.0
pair,19.6,,,,,,,robot_1,robot_2,6.187860438843472,-0.014792576388553635,1.1948504630191628,1.1949420275868277,5.165094848192749,0.44291048566247926,0,,,,,
pair,19.6,,,,,,,robot_1,robot_3,4.1211599729980435,-0.1300138505633282,0.025007390176397637,0.13239701998813277,10.920820929213628,3.859194029447541,0,,,,,
pair,19.6,,,,,,,robot_1,robot_4,6.641433208747842,0.03786730091417238,1.1980270404413178,1.1986253468482582,5.320941097458622,1.852596170079358,0,,,,,
pair,19.6,,,,,,,robot_2,robot_3,2.1101963787229057,-0.11522127417477457,-1.169843072842765,1.1755036184974765,1.7948907047415563,0.03533496770959171,1,,,,,
pair,19.6,,,,,,,robot_2,robot_4,2.5768163839005243,0.05265987730272602,0.003176577422155158,0.05275559990803919,48.84431886798763,0.005096456896153888,0,,,,,
pair,19.6,,,,,,,robot_3,robot_4,3.5506706555030902,0.1678811514775006,1.1730196502649202,1.184972227914666,2.2104444203314166,2.397175364443143,0,,,,,
robot,19.700000000000003,robot_1,0.9201562159102991,2.6414558435757325,0.0751582669837484,0.008575540955252647,-0.007831622514220427,,,,,,,,,,0.0,proceed,0.002445837249979377,-0.0,0.0
robot,19.700000000000003,robot_2,1.4155098058962376,-3.449434663995709,0.03968973951126627,0.023512092641743462,-0.029236469455635322,,,,,,,,,,1.0,proceed,0.0033153430558741093,-0.0035317623987793922,0.002990134758874774
robot,19.700000000000003,robot_3,1.6105926386476395,-1.41007063733961,0.05526017391869263,0.020353591243494003,-0.005265348271028461,,,,,,,,,,1.0,yield,0.0040395380929112434,-0.003003397025167942,0.0039540245197713375
robot,19.700000000000003,robot_4,-1.1371089029083778,-3.5636858092826262,0.08616673060062263,-0.000584747765742626,-0.002111592354707673,,,,,,,,,,0.0,proceed,0.0,-0.0,0.0
pair,19.700000000000003,,,,,,,robot_1,robot_2,6.111000110811311,0.0023704081280151307,1.196045137654689,1.1960474865748925,5.0916848107059165,0.5074239575775168,0,,,,,
pair,19.700000000000003,,,,,,,robot_1,robot_3,4.1099354349430595,-0.12941704074769442,0.025330472001980464,0.1318726781700194,11.039497705162193,3.8434609369366495,0,,,,,
pair,19.700000000000003,,,,,,,robot_1,robot_4,6.537287105607783,0.04071658487652938,1.1978567196236454,1.198548522602038,5.2325362434017935,1.8452792090914327,0,,,,,
pair,19.700000000000003,,,,,,,robot_2,robot_3,2.048673459791309,-0.13178744887570953,-1.1707146656527085,1.1781089763071584,1.7387073806825233,0.034272083393611485,1,,,,,
pair,19.700000000000003,,,,,,,robot_2,robot_4,2.5551742791321916,0.038346176748514246,0.0018115819689564772,0.03838894502924693,66.55995429741951,0.006334725151051524,0,,,,,
pair,19.700000000000003,,,,,,,robot_3,robot_4,3.4911204605817403,0.1701336256242238,1.172526247621665,1.1848051535715842,2.1318742584716945,2.409974173471067,0,,,,,
robot,19.8,robot_1,0.9227478731297073,2.596272256008487,0.07473089008419449,0.009334817070020533,-0.0074954085660321286,,,,,,,,,,0.0,proceed,0.002486355137079954,-0.0,0.0
robot,19.8,robot_2,1.3972128527657977,-3.427918686161471,0.04111143320296195,0.02405856281189838,-0.030211794820013734,,,,,,,,,,1.0,proceed,0.0033370880410075188,-0.0035501045640558004,0.0030071870423853397
robot,19.8,robot_3,1.6128737986429573,-1.4455977156409154,0.055909174110290144,0.02060097404055203,-0.004935144349958179,,,,,,,,,,1.0,yield,0.004094207193702459,-0.003044197801500559,0.003975945059210062
robot,19.8,robot_4,-1.1378365706011635,-3.5118884448852237,0.08642785675463255,-0.000553167867059887,-0.001991474383325033,,,,,,,,,,0.0,proceed,0.0,-0.0,0.0
pair,19.8,,,,,,,robot_1,robot_2,6.042846475347827,0.017451217360228075,1.1967927208348907,1.1969199478790278,5.026762951428793,0.5622478768637659,0,,,,,
pair,19.8,,,,,,,robot_1,robot_3,4.100364210748438,-0.12893006494857123,0.025599364578668737,0.13144690606657272,11.138098344570787,3.8300770086673146,0,,,,,
pair,19.8,,,,,,,robot_1,robot_4,6.446366061409173,0.04307216055961294,1.1977082022727061,1.1984824357522268,5.155077577458087,1.8397326031026038,0,,,,,
pair,19.8,,,,,,,robot_2,robot_3,1.9940175710715764,-0.14638128230879932,-1.171193356256222,1.1803056204005309,1.6891923045258306,0.031851088351509446,1,,,,,
pair,19.8,,,,,,,robot_2,robot_4,2.536439729087464,0.025620943199384863,0.0009154814378151688,0.02563729386439001,98.93521271494913,0.006607806315489893,0,,,,,
pair,19.8,,,,,,,robot_3,robot_4,3.4403437202157727,0.17200222550818417,1.1721088376940374,1.1846619319368017,2.0628449784214338,2.4215561017147222,0,,,,,
robot,19.900000000000002,robot_1,0.9256990577870358,2.5430467534290844,0.07432746571384923,0.00916953011004863,-0.006893790041642359,,,,,,,,,,0.0,proceed,0.0025130906142294407,-0.0,0.0
robot,19.900000000000002,robot_2,1.3759524783554211,-3.400980959260799,0.04266989889443768,0.02364556713939034,-0.031393338821991114,,,,,,,,,,1.0,proceed,0.003364033065736294,-0.0035662862937897444,0.0030395016074180603
robot,19.900000000000002,robot_3,1.615471987207964,-1.4878368342018182,0.055883807533054865,0.020638408324784127,-0.004637742680258446,,,,,,,,,,1.0,yield,0.004163081292062998,-0.0030877459794282913,0.0040212357416749
robot,19.900000000000002,robot_4,-1.1386397952625218,-3.4508647983885035,0.08561617074331011,-0.0005130036369115261,-0.0018458867816351274,,,,,,,,,,0.0,proceed,0.0,-0.0,0.0
pair,19.900000000000002,,,,,,,robot_1,robot_2,5.961056415767163,0.034953487802679026,1.1972898317514686,1.197799936352074,4.949371872075417,0.6235167657352533,0,,,,,
pair,19.900000000000002,,,,,,,robot_1,robot_3,4.0894754176048185,-0.12845767221184753,0.02592920874388227,0.13104845445929642,11.24535050048626,3.814716155286247,0,,,,,
pair,19.900000000000002,,,,,,,robot_1,robot_4,6.339437718853485,0.04573115688405463,1.1975312253254549,1.1984040947607946,5.063668525469328,1.8341073234506862,0,,,,,
pair,19.900000000000002,,,,,,,robot_2,robot_3,1.9280793651633368,-0.16341116001452657,-1.1713606230075864,1.1827040696429576,1.6300685745850936,0.02711192128438268,1,,,,,
pair,19.900000000000002,,,,,,,robot_2,robot_4,2.5150870163764063,0.010777669081375604,0.00024139357398622607,0.010780372056900519,233.30166808346834,0.006435297877813269,0,,,,,
pair,19.900000000000002,,,,,,,robot_3,robot_4,3.382101491457889,0.17418882909590216,1.1716020165815726,1.1844800688233672,1.9812094299712377,2.4354866338400885,0,,,,,
robot,20.0,robot_1,0.9283239580672179,2.49796770857374,0.07366669260447985,0.009955316742117356,-0.006441517275770725,,,,,,,,,,0.0,proceed,0.0025577107444405556,-0.0,0.0
robot,20.0,robot_2,1.358290413870742,-3.3765134181758985,0.04449916805609812,0.02352948239325905,-0.032667265600412124,,,,,,,,,,1.0,proceed,0.0033976261038333178,-0.003583485959097743,0.0030620554462075233
robot,20.0,robot_3,1.61762202641503,-1.5240744308623895,0.056319534376851124,0.020854422180668,-0.004433317155275736,,,,,,,,,,1.0,yield,0.00422529736533761,-0.003128135809674859,0.004038581624627113
robot,20.0,robot_4,-1.1392807296930743,-3.3989795765670765,0.08562800962505143,-0.0004828208837705254,-0.0017370095451018034,,,,,,,,,,0.0,proceed,0.0,-0.0,0.0
pair,20.0,,,,,,,robot_1,robot_2,5.8901952142228655,0.049636407328411375,1.1973839393772279,1.1984123126916717,4.882819995861516,0.6729095305181294,0,,,,,
pair,20.0,,,,,,,robot_1,robot_3,4.080680678321691,-0.1278738103802542,0.026169339514148127,0.13052411927215582,11.35191135846653,3.802173739765471,0,,,,,
pair,20.0,,,,,,,robot_1,robot_4,6.248918020631891,0.048054061954210914,1.1973660031122022,1.19832989542913,4.986203508625578,1.829468912676706,0,,,,,
pair,20.0,,,,,,,robot_2,robot_3,1.8705034314279991,-0.17751021770866557,-1.1712145998630796,1.1845900203544732,1.5789289479948765,0.021183596586966266,1,,,,,
pair,20.0,,,,,,,robot_2,robot_4,2.4976721853428896,-0.0015823453742004672,-1.793626502544221e-05,0.0015824470268722046,-1578.3563721275207,0.005844035210961049,0,,,,,
pair,20.0,,,,,,,robot_3,robot_4,3.334033909849505,0.1759278723344651,1.1711966635980542,1.1843362027259596,1.911306743608112,2.44780766646557,0,,,,,
robot,20.1,robot_1,0.9310857679221619,2.4452089191185427,0.07582130320474102,0.009622095504447913,-0.0060926630633728425,,,,,,,,,,0.0,proceed,0.0026197463739663363,-0.0,0.0
robot,20.1,robot_2,1.3383604533101283,-3.3460377227094504,0.04769717786156998,0.023599218832837176,-0.034478230744734224,,,,,,,,,,1.0,proceed,0.003062778851017356,-0.0034615686163306236,0.0028387445490807295
robot,20.1,robot_3,1.620076229440426,-1.5667015700734233,0.057904834705842914,0.021524629820770597,-0.004354120961479941,,,,,,,,,,1.0,yield,0.0031997710466384888,-0.002745895879343152,0.0030351360328495502
robot,20.1,robot_4,-1.139983867755882,-3.338466892405256,0.08730888770961287,-0.00045723684842150446,-0.0016458545548031327,,,,,,,,,,0.0,proceed,0.0,-0.0,0.0
pair,20.1,,,,,,,robot_1,robot_2,5.8055499598093085,0.06593302452351249,1.197178158337988,1.1989923713370134,4.804106995709885,0.7251211812784987,0,,,,,
pair,20.1,,,,,,,robot_1,robot_3,4.070642901232146,-0.1273410765761823,0.026422721914468483,0.13005348906104156,11.454618247818157,3.7882566704790483,0,,,,,
pair,20.1,,,,,,,robot_1,robot_4,6.1433081746428,0.05042608474887095,1.197195404793733,1.198256912052808,4.895201252155892,1.8258412717699994,0,,,,,
pair,20.1,,,,,,,robot_2,robot_3,1.8014996315842742,-0.19327410109969478,-1.1707554364235193,1.1866015211818668,1.5181680832800155,0.011865246060090267,1,,,,,
pair,20.1,,,,,,,robot_2,robot_4,2.4783558847009113,-0.01550693977464155,1.724645574496808e-05,0.015506949365190946,-159.82197078351257,0.004814470735598447,0,,,,,
pair,20.1,,,,,,,robot_3,robot_4,3.27979939898051,0.17776716132505324,1.1707726828792644,1.1841916393142953,1.8291125240515766,2.4628119099930386,0,,,,,
robot,20.200000000000003,robot_1,0.933113569478967,2.4002501305674566,0.07444887750537783,0.009366857406852003,-0.00571063587243542,,,,,,,,,,0.0,proceed,0.0026717232540249825,-0.0,0.0
robot,20.200000000000003,robot_2,1.3216372247419328,-3.3189225172699306,0.04780273838478673,0.024050789726302247,-0.03434601507087033,,,,,,,,,,1.0,proceed,0.003080486785620451,-0.0034689130261540413,0.0028671373147517443
robot,20.200000000000003,robot_3,1.6221220217070147,-1.6031463802423085,0.057102231274943085,0.021312361638496858,-0.004122198103357431,,,,,,,,,,1.0,yield,0.0032540946267545223,-0.0027851006016135216,0.0030460103880614042
robot,20.200000000000003,robot_4,-1.140544816830102,-3.2871169389915242,0.08557840379234909,-0.0004215233894118716,-0.0015173038045132976,,,,,,,,,,0.0,proceed,0.0,-0.0,0.0
pair,20.200000000000003,,,,,,,robot_1,robot_2,5.7323543510908515,0.052022337633386664,1.1988211662280683,1.1999493790194935,4.7476597899072654,0.6361060935776087,0,,,,,
pair,20.200000000000003,,,,,,,robot_1,robot_3,4.06225507200194,-0.15469397910748534,0.028798579212783726,0.15735178847659181,8.961280555897229,3.809673074047049,0,,,,,
pair,20.200000000000003,,,,,,,robot_1,robot_4,6.053610764412744,0.02482013602574601,1.1991342820170123,1.1993911228038967,4.77664143833375,1.9555202563425704,0,,,,,
pair,20.200000000000003,,,,,,,robot_2,robot_3,1.7418894527496789,-0.206716316740872,-1.1700225870152847,1.1881432951175763,1.466058428849817,0.002613257093772312,1,,,,,
pair,20.200000000000003,,,,,,,robot_2,robot_4,2.4623874594891557,-0.02720220160764066,0.0003131157889441072,0.027204003635494797,-90.51553793389455,0.003463963663900313,0,,,,,
pair,20.200000000000003,,,,,,,robot_3,robot_4,3.2354419950737507,0.17951411513323134,1.1703357028042287,1.1840232154777772,1.7595614876131658,2.4754169622816864,0,,,,,
robot,20.3,robot_1,0.9349690950554851,2.346868527088757,0.08090468801504987,0.009408903208117173,-0.005743641849502686,,,,,,,,,,0.0,proceed,0.0027252736035734415,-0.0,0.0
robot,20.3,robot_2,1.306475162186033,-3.2814057767043296,0.06786632440591205,0.011746748009246178,-0.03705995433467705,,,,,,,,,,1.0,proceed,0.0030803829431533813,-0.0034692639019340277,0.002858030842617154
robot,20.3,robot_3,1.6245122914336485,-1.6463824947710648,0.0617479827409422,0.02319408084992308,-0.0042766913484918595,,,,,,,,,,1.0,yield,0.0032690868247300386,-0.0028077519964426756,0.003022464457899332
robot,20.3,robot_4,-1.1411662656757533,-3.2265717193139594,0.0920490728816895,-0.00042391682646687203,-0.0015242702373039385,,,,,,,,,,0.0,proceed,0.0,-0.0,0.0
pair,20.3,,,,,,,robot_1,robot_2,5.64052199682373,0.02071602127945625,1.1991017995453506,1.1992807341113043,4.686990385534232,0.46867178625925054,0,,,,,
pair,20.3,,,,,,,robot_1,robot_3,4.052347905012096,-0.19753880712282412,0.029837124343860655,0.1997794641814301,6.398068947999588,3.84548061762596,0,,,,,
pair,20.3,,,,,,,robot_1,robot_4,5.947568765159442,-0.01664042923156022,1.1998773385165253,1.1999927213823052,4.620123314521922,2.1532232345996456,0,,,,,
pair,20.3,,,,,,,robot_2,robot_3,1.6656676583412098,-0.21825482840228036,-1.16926467520149,1.1894599828472392,1.4003159668487255,0.012625775575653,1,,,,,
pair,20.3,,,,,,,robot_2,robot_4,2.4482555694279906,-0.037356450511016465,0.0007755389711745497,0.037364499936140355,-65.52348552809205,0.004018906628219684,0,,,,,
pair,20.3,,,,,,,robot_3,robot_4,3.1852748494621648,0.1808983778912639,1.1700402141726647,1.1839418591742188,1.6759370695611633,2.491762108883976,0,,,,,
robot,20.400000000000002,robot_1,0.9375217196068435,2.3045411980497406,0.09852416862992967,0.01600770821047899,0.012220420818123025,,,,,,,,,,0.0,proceed,0.0027607944793999195,-0.0,0.0
robot,20.400000000000002,robot_2,1.301977343427679,-3.2413081072075154,0.10840289633666184,-0.0022631653835848307,-0.0473634205751051,,,,,,,,,,1.0,proceed,0.00307507929392159,-0.0034644203260540962,0.0028257789090275764
robot,20.400000000000002,robot_3,1.6264534501490246,-1.681819622582726,0.07945520796794321,0.03001265312135925,-0.0054322136486043,,,,,,,,,,1.0,yield,0.0033014591317623854,-0.002839642809703946,0.00298162829130888
robot,20.400000000000002,robot_4,-1.1416434897560934,-3.177244688301948,0.11788866484222058,-0.0005110095880869025,-0.001837823717921202,,,,,,,,,,0.0,proceed,0.0,-0.0,0.0
pair,20.400000000000002,,,,,,,robot_1,robot_2,5.55781183725727,-0.01983442258520262,1.1966937919768306,1.1968581520277055,4.638083043433347,0.2724993460675048,0,,,,,
pair,20.400000000000002,,,,,,,robot_1,robot_3,4.045454179893945,-0.2395267558134283,0.027259679328790587,0.2410729285249885,4.709267006014097,3.882891465836299,0,,,,,
pair,20.400000000000002,,,,,,,robot_1,robot_4,5.862840989795799,-0.05909789295235943,1.1975998362241127,1.1990570998394656,4.480727306590756,2.346818938057277,0,,,,,
pair,20.400000000000002,,,,,,,robot_2,robot_3,1.5928870259721384,-0.21969233322822568,-1.16943411264804,1.1898911148101623,1.3384300396111433,0.03096566034554871,1,,,,,
pair,20.400000000000002,,,,,,,robot_2,robot_4,2.444460451308555,-0.039263470367156814,0.0009060442472820229,0.03927392291903922,-62.24100443992975,0.007672356845889943,0,,,,,
pair,20.400000000000002,,,,,,,robot_3,robot_4,3.1462130881256942,0.18042886286106888,1.170340156895322,1.1841666510230329,1.6042785056519726,2.507921634410724,0,,,,,
robot,20.5,robot_1,0.9424724903199657,2.2658896934065136,0.07239069928839859,0.016555098531136195,0.02826357192055035,,,,,,,,,,0.0,proceed,0.002768876263871789,-0.0,0.0
robot,20.5,robot_2,1.3053438910507218,-3.192703748391804,0.10314065830035131,-0.013665411940406862,-0.034966491462055084,,,,,,,,,,1.0,proceed,0.003100964706391096,-0.0034680645912885666,0.002870386466383934
robot,20.5,robot_3,1.628203335662715,-1.716557396604247,0.06316721123722319,0.02361868151179202,-0.0038566867887249606,,,,,,,,,,1.0,yield,0.0033478648401796818,-0.002870948286727071,0.0030343763064593077
robot,20.5,robot_4,-1.1420848671179957,-3.1292942363281844,0.09282171013300008,-0.0003789961550936141,-0.001359837331414007,,,,,,,,,,0.0,proceed,0.0,-0.0,0.0
pair,20.5,,,,,,,robot_1,robot_2,5.470641462965006,-0.04254146928929646,1.194637037272851,1.1953942560650639,4.5742645031998075,0.16838212898528945,0,,,,,
pair,20.5,,,,,,,robot_1,robot_3,4.041053280642271,-0.26298579163994223,0.026071000823301715,0.26427490173759544,4.068712367420174,3.8953729787754634,0,,,,,
pair,20.5,,,,,,,robot_1,robot_4,5.783890473731005,-0.07933549661228947,1.1954235692443267,1.1980532671494888,4.378187243586971,2.437252727377115,0,,,,,
pair,20.5,,,,,,,robot_2,robot_3,1.5110414530617213,-0.2204443223506458,-1.1685660364495494,1.1891771444154335,1.2701317592977148,0.043622179886289233,1,,,,,
pair,20.5,,,,,,,robot_2,robot_4,2.448250046978743,-0.036794027322993014,0.0007865319714757124,0.03680243306070007,-66.52345318535775,0.011089222077370824,0,,,,,
pair,20.5,,,,,,,robot_3,robot_4,3.109714151618949,0.18365029502765276,1.1693525684210249,1.183686132442461,1.5421682001946968,2.5175542790446706,0,,,,,
robot,20.6,robot_1,0.9505395177985575,2.2261276552017395,0.0639269175157771,0.018781846224378253,0.04785119663680047,,,,,,,,,,0.0,proceed,0.002747827209532261,-0.0,0.0
robot,20.6,robot_2,1.312500811614554,-3.132766034369431,0.10167393241371463,-0.012517431147970213,-0.027823714151049162,,,,,,,,,,1.0,proceed,0.00313612655736506,-0.0034731642808765173,0.0029245782643556595
robot,20.6,robot_3,1.6298947537933608,-1.7548372645359396,0.060280399789471376,0.022174177450267576,-0.002427549406209782,,,,,,,,,,1.0,yield,0.0033862553536891937,-0.002903051907196641,0.0030563799664378166
robot,20.6,robot_4,-1.1425355543660887,-3.0766292804105313,0.08823706544431217,-0.0003554920281506896,-0.0012534051782475508,,,,,,,,,,0.0,proceed,0.0,-0.0,0.0
pair,20.6,,,,,,,robot_1,robot_2,5.371103941867692,-0.07755152777670299,1.1903785959178363,1.192902108758225,4.502539334593736,0.01280958745728019,0,,,,,
pair,20.6,,,,,,,robot_1,robot_3,4.038515225779839,-0.29442719494651615,0.022040568230609625,0.29525101146651805,3.301054891160928,3.9191430820832354,0,,,,,
pair,20.6,,,,,,,robot_1,robot_4,5.70089417336448,-0.10907826660015936,1.190929822806138,1.1959146755072265,4.255944402199049,2.5680101786935454,0,,,,,
pair,20.6,,,,,,,robot_2,robot_3,1.4140108236030737,-0.21687566716981316,-1.1683380276872266,1.1882965967932544,1.1888552307028302,0.06057762963320727,1,,,,,
pair,20.6,,,,,,,robot_2,robot_4,2.4556780923876165,-0.031526738823456364,0.0005512268883016702,0.031531557397705835,-77.8788859459176,0.01320983668894886,0,,,,,
pair,20.6,,,,,,,robot_3,robot_4,3.0714009746092934,0.1853489283463568,1.1688892545755283,1.1834932677042473,1.4699505146706586,2.5312110718120175,0,,,,,
robot,20.700000000000003,robot_1,0.9598696871229837,2.19060838736774,0.06512398697367708,0.019937469967071332,0.06506433789341205,,,,,,,,,,0.0,proceed,0.0019030931871384382,-0.0,0.0
robot,20.700000000000003,robot_2,1.3189052938417036,-3.0767230116485305,0.10366805006014587,-0.009010877913651051,-0.022527696474156908,,,,,,,,,,1.0,proceed,0.0031584706157445908,-0.003471414325758815,0.0029629822820425034
robot,20.700000000000003,robot_3,1.6305918426436854,-1.7883133750594744,0.051533161904252986,0.017189350258165974,-0.0036521817835096977,,,,,,,,,,1.0,yield,0.003479868872091174,-0.0029473963659256697,0.0031204326078295708
robot,20.700000000000003,robot_4,-1.1429336700722794,-3.027247547515492,0.0928650783601699,-0.0003419915003744907,-0.0012264641679645626,,,,,,,,,,0.0,proceed,0.0,-0.0,0.0
pair,20.700000000000003,,,,,,,robot_1,robot_2,5.279553639651233,-0.1138112445060898,1.1840910987688016,1.189548119900802,4.436574415923747,0.14656882960387674,0,,,,,
pair,20.700000000000003,,,,,,,robot_1,robot_3,4.035057199275275,-0.3277403960052955,0.016095548854374808,0.3281353895370499,2.6363722796259976,3.941232168510328,0,,,,,
pair,20.700000000000003,,,,,,,robot_1,robot_4,5.625637965264725,-0.1405424798097528,1.1844647568612987,1.1927736368974502,4.136357803554288,2.7029662459442205,0,,,,,
pair,20.700000000000003,,,,,,,robot_2,robot_3,1.325574553301184,-0.21392915149920566,-1.1679955499144268,1.1874254867068814,1.1145806012823998,0.07446372224603474,1,,,,,
pair,20.700000000000003,,,,,,,robot_2,robot_4,2.462336066786224,-0.026731235303663003,0.00037365809249689796,0.026733846734615048,-92.1038422385888,0.015061589385346186,0,,,,,
pair,20.700000000000003,,,,,,,robot_3,robot_4,3.037663847986744,0.18719791619554266,1.168369208006924,1.183270749256771,1.4046775681097408,2.5425929891205907,0,,,,,
robot,20.8,robot_1,0.9732588214269701,2.148497692719638,0.06672606585194935,0.021251892320832574,0.07972736234761256,,,,,,,,,,0.0,proceed,0.00181843142490834,-0.0,0.0
robot,20.8,robot_2,1.3245709278440292,-3.0108768843975984,0.10124803251806265,-0.004490525596057256,-0.015026790035697572,,,,,,,,,,1.0,proceed,0.0031653812620788813,-0.003461975371465087,0.0029920500237494707
robot,20.8,robot_3,1.6354633784217418,-1.8128673891497975,0.021718430291552994,0.020558963815947778,-0.00419623979034871,,,,,,,,,,1.0,yield,0.0035076900385320187,-0.0029568965546786785,0.003168559866026044
robot,20.8,robot_4,-1.1434046396731679,-2.9655613960069305,0.09950584588444294,-0.00034214606701583395,-0.0012295437241988609,,,,,,,,,,0.0,proceed,0.0,-0.0,0.0
pair,20.8,,,,,,,robot_1,robot_2,5.17132151612321,-0.14893759878306492,1.1482329585902655,1.1578520352463952,4.457998211982008,0.3152706134171221,0,,,,,
pair,20.8,,,,,,,robot_1,robot_3,4.016332678845103,-0.36478809836686726,-0.017880777016652694,0.36522606546745057,1.2799456809496403,3.9890350249520634,0,,,,,
pair,20.8,,,,,,,robot_1,robot_4,5.534786768299501,-0.17138889447276562,1.148479831031337,1.1611976900745047,4.086845547432855,2.848299007060138,0,,,,,
pair,20.8,,,,,,,robot_2,robot_3,1.2376917493988986,-0.21585049958380234,-1.1661137356069182,1.1859227135617643,1.041032718735167,0.08764905813094997,1,,,,,
pair,20.8,,,,,,,robot_2,robot_4,2.4683915603789273,-0.022451295689700692,0.0002468724410714662,0.022452652942325846,-109.9346540829874,0.018176750755142617,0,,,,,
pair,20.8,,,,,,,robot_3,robot_4,3.0084565703089488,0.19339920389410165,1.1663606080479898,1.1822860567869982,1.3463208715385633,2.5528780202424293,0,,,,,
robot,20.900000000000002,robot_1,0.9838975266916765,2.1189819229150073,0.03440227929108262,0.010400269079143577,0.04618758174120664,,,,,,,,,,0.0,proceed,0.002587993862107396,-0.0,0.0
robot,20.900000000000002,robot_2,1.3273877346743164,-2.964966977566387,0.05314014907361567,-0.001193093513686552,-0.003937061292153679,,,,,,,,,,1.0,proceed,0.0031694923527538776,-0.0034473987761884928,0.0030906919855624437
robot,20.900000000000002,robot_3,1.6416406425883754,-1.8227612700434082,0.0034804995613139347,0.010044024454518819,-0.0024044152264688203,,,,,,,,,,1.0,yield,0.0035308741498738527,-0.002970419591292739,0.0032242408487945795
robot,20.900000000000002,robot_4,-1.1437308184341908,-2.9201552206586174,0.0526552610177267,-0.00017290378754147487,-0.0006155524032164328,,,,,,,,,,0.0,proceed,0.0,-0.0,0.0
pair,20.900000000000002,,,,,,,robot_1,robot_2,5.095539416556988,-0.1505323142164338,1.1187589702797804,1.1288408263368357,4.504043503656378,0.3375284035395269,0,,,,,
pair,20.900000000000002,,,,,,,robot_1,robot_3,3.9962439121934863,-0.37107088046004577,-0.04520702063797588,0.37381449014231105,0.47141932732310704,3.992356538145815,0,,,,,
pair,20.900000000000002,,,,,,,robot_1,robot_4,5.4698908148816265,-0.17142503275631082,1.1189647653127577,1.132019738285043,4.115502940036584,2.866182710464544,0,,,,,
pair,20.900000000000002,,,,,,,robot_2,robot_3,1.1846471071295919,-0.22053856624361196,-1.1639659909177564,1.1846746756869342,0.9966791907777751,0.09612705547246808,1,,,,,
pair,20.900000000000002,,,,,,,robot_2,robot_4,2.4715248323806587,-0.020892718539877054,0.00020579503297724067,0.02089373206447619,-118.28619479126341,0.02047003852178984,0,,,,,
pair,20.900000000000002,,,,,,,robot_3,robot_4,2.993754775983805,0.1996458477037349,1.1641717859507335,1.1811665469818653,1.3142938921281613,2.5598089706359946,0,,,,,
robot,21.0,robot_1,0.9964719558634023,2.0873380262622776,0.03440227929108262,0.010400269079143577,0.04618758174120664,,,,,,,,,,0.0,proceed,0.0025389266666024923,-0.0,0.0
robot,21.0,robot_2,1.3297177030642873,-2.9135482025780166,0.05314014907361567,-0.001193093513686552,-0.003937061292153679,,,,,,,,,,1.0,proceed,0.0031800020951777697,-0.0034388918429613113,0.0031616189517080784
robot,21.0,robot_3,1.6505981601964037,-1.8281767661994885,0.0034804995613139347,0.010044024454518819,-0.0024044152264688203,,,,,,,,,,1.0,yield,0.0035653021186590195,-0.002987802028656006,0.0032404903322458267
robot,21.0,robot_4,-1.1440792487170068,-2.8689523928138114,0.0526552610177267,-0.00017290378754147487,-0.0006155524032164328,,,,,,,,,,0.0,proceed,0.0,-0.0,0.0
pair,21.0,,,,,,,robot_1,robot_2,5.011977234767929,-0.17128595929133264,1.0871586330319851,1.1005692950588466,4.5356651191394315,0.4491226551951538,0,,,,,
pair,21.0,,,,,,,robot_1,robot_3,3.969777976308248,-0.3956557021540482,-0.07482427949656739,0.4026687316507123,-0.21072139167842793,3.9688710615636817,0,,,,,
pair,21.0,,,,,,,robot_1,robot_4,5.398775247929485,-0.1902423275448814,1.0873227227700049,1.1038400457682584,4.088646415154426,2.9627174714704996,0,,,,,
pair,21.0,,,,,,,robot_2,robot_3,1.131810683230948,-0.2243697428627156,-1.1619829125285526,1.1834466910345471,0.9518993744912992,0.10928510683317963,1,,,,,
pair,21.0,,,,,,,robot_2,robot_4,2.474198889517766,-0.01895636825354876,0.0001640897380197348,0.01895707843540968,-130.51010471848105,0.023181309304646083,0,,,,,
pair,21.0,,,,,,,robot_3,robot_4,2.982186400083907,0.20541337460916684,1.1621470022665723,1.1801611370255785,1.280602820159772,2.5708665064533935,0,,,,,
robot,21.1,robot_1,1.0097445409935395,2.0566646459933238,0.05392366230840986,0.01586325878708366,0.08177093226763757,,,,,,,,,,0.0,proceed,0.0024285416584461927,-0.0,0.0
robot,21.1,robot_2,1.3314893307127555,-2.8618780744417505,0.08652036810529692,-0.00033858550879623016,-0.0007509304807434738,,,,,,,,,,1.0,proceed,0.0030133493710309267,-0.0033343227114528418,0.003237043507397175
robot,21.1,robot_3,1.657623453651818,-1.840340847361093,0.016031359133439293,0.017773219023252556,-0.00627747728713514,,,,,,,,,,1.0,yield,0.0036382521502673626,-0.0030148844234645367,0.003259315388277173
robot,21.1,robot_4,-1.1444156212353815,-2.817334916297983,0.08633640835567959,-0.0002650764124758619,-0.0009456848836187438,,,,,,,,,,0.0,proceed,0.0,-0.0,0.0
pair,21.1,,,,,,,robot_1,robot_2,4.929054899517383,-0.20140509499347553,1.0565216110829168,1.0755472685914707,4.548183743842362,0.6049843268154558,0,,,,,
pair,21.1,,,,,,,robot_1,robot_3,3.950493500906156,-0.42680435671338646,-0.10452089263168118,0.439416176199797,-0.6774212531187407,3.9392628189930323,0,,,,,
pair,21.1,,,,,,,robot_1,robot_4,5.328815791313299,-0.21845905685505165,1.0566516205488672,1.078998149549176,4.019390993106754,3.0963595027730184,0,,,,,
pair,21.1,,,,,,,robot_2,robot_3,1.0723347296702044,-0.22539926171991093,-1.1610425037145977,1.1827191224528935,0.9004406985546752,0.12547513523986245,1,,,,,
pair,21.1,,,,,,,robot_2,robot_4,2.4763055998843777,-0.017053961861576126,0.0001300094659505424,0.017054457412574865,-145.19210496936438,0.025667555938080844,0,,,,,
pair,21.1,,,,,,,robot_3,robot_4,2.9674804781047124,0.2083452998583348,1.1611725131805484,1.1797158002413506,1.2346152689714758,2.585452048485234,0,,,,,
robot,21.200000000000003,robot_1,1.0273501855890244,2.019607378759941,0.0498221639538636,0.013070857518361048,0.0771538919854013,,,,,,,,,,0.0,proceed,0.0023251662496477365,-0.0,0.0
robot,21.200000000000003,robot_2,1.3331482309165676,-2.7991278336661836,0.076257325706866,0.0007106709689087662,0.003079685574204586,,,,,,,,,,1.0,proceed,0.002860274398699403,-0.0032178719993680716,0.003381465096026659
robot,21.200000000000003,robot_3,1.6691687014021384,-1.8481645851118267,0.014749036195797652,0.017680028693714676,-0.010988589689282655,,,,,,,,,,1.0,yield,0.0037105679512023926,-0.00303825200535357,0.0033192806877195835
robot,21.200000000000003,robot_4,-1.14482061473169,-2.7521681153326916,0.08373116188951212,-0.00021224587888243461,-0.0007807471586292578,,,,,,,,,,0.0,proceed,0.0,-0.0,0.0
pair,21.200000000000003,,,,,,,robot_1,robot_2,4.82842847021695,-0.21936515953072813,1.0194872308979783,1.042820831773114,4.579157350837568,0.7147013115358997,0,,,,,
pair,21.200000000000003,,,,,,,robot_1,robot_3,3.9206620578357705,-0.45070865950625105,-0.1388650086725436,0.471616143052321,-1.1142120042424435,3.8852878084663214,0,,,,,
pair,21.200000000000003,,,,,,,robot_1,robot_4,5.242915920724737,-0.23504497627238374,1.0195961360482215,1.046337623100378,3.977563791229355,3.188568143754739,0,,,,,
pair,21.200000000000003,,,,,,,robot_2,robot_3,1.008583589340219,-0.23134349997552295,-1.158352239570522,1.181228058377792,0.8451851158058225,0.1432669136663177,1,,,,,
pair,21.200000000000003,,,,,,,robot_2,robot_4,2.478413769964434,-0.01567981674165561,0.00010890515024331027,0.015680194940868978,-158.04875139030582,0.029748112828596227,0,,,,,
pair,21.200000000000003,,,,,,,robot_3,robot_4,2.9556316167559036,0.21566368323386734,1.1584611447207651,1.1783645650195627,1.1912689831405032,2.6010087577316656,0,,,,,
robot,21.3,robot_1,1.045144392060064,1.988824899753688,0.049133793728820076,0.014355093880402296,0.08780132058167281,,,,,,,,,,0.0,proceed,0.002202247269451618,-0.0,0.0
robot,21.3,robot_2,1.332096671986723,-2.7478681430973757,0.07183607807980859,0.005759823518541514,0.003942704963196112,,,,,,,,,,1.0,proceed,0.0027036573737859726,-0.0031045631039887667,0.0034777186810970306
robot,21.3,robot_3,1.6781401949265542,-1.8604575877599272,0.001043392899017107,0.018255192379954835,-0.011356230634130741,,,,,,,,,,1.0,yield,0.003754663746803999,-0.003050493774935603,0.0033663122449070215
robot,21.3,robot_4,-1.1451625235801741,-2.6920954454342034,0.0882222206524981,-0.00022492121635768545,-0.0008092913744796825,,,,,,,,,,0.0,proceed,0.0,-0.0,0.0
pair,21.3,,,,,,,robot_1,robot_2,4.745376970605052,-0.23139332046977892,0.9886885488670781,1.0154052961349564,4.60649106681338,0.8000083327206264,0,,,,,
pair,21.3,,,,,,,robot_1,robot_3,3.900981845013585,-0.4694530994375508,-0.16728107060269948,0.49836650083398293,-1.3961082817108865,3.838431770119555,0,,,,,
pair,21.3,,,,,,,robot_1,robot_4,5.168022800133081,-0.24760461868759182,0.9888151493681473,1.0193446163174549,3.932613406982365,3.2617292561367437,0,,,,,
pair,21.3,,,,,,,robot_2,robot_3,0.9524933666398565,-0.2380597789677719,-1.1559696194697775,1.1802280370755842,0.7955835162233821,0.15993437958239975,1,,,,,
pair,21.3,,,,,,,robot_2,robot_4,2.477886945731257,-0.016211298217812906,0.00012660050106916287,0.016211792547208802,-152.82820760500996,0.03642568069342298,0,,,,,
pair,21.3,,,,,,,robot_3,robot_4,2.943239671967701,0.221848480749959,1.1560962199708467,1.1771895421901883,1.1457838050056786,2.615986546831152,0,,,,,
robot,21.400000000000002,robot_1,1.0612090144684447,1.964971661007572,0.04555962815863672,0.013617324359855047,0.0877413162597028,,,,,,,,,,0.0,proceed,0.0021081636659801006,-0.0,0.0
robot,21.400000000000002,robot_2,1.3272623886493145,-2.709006692821891,0.0603882726427123,0.013212543849205678,0.003877605398574458,,,,,,,,,,1.0,proceed,0.0026078580413013697,-0.002933878218755126,0.003816684242337942
robot,21.400000000000002,robot_3,1.6882580278835544,-1.8642091585736458,0.0003247549750600154,0.01827412820679841,-0.01259576214169371,,,,,,,,,,1.0,yield,0.004217374604195356,-0.003213532967492938,0.0037106836680322886
robot,21.400000000000002,robot_4,-1.1454342557714188,-2.6407922486134527,0.08631061575842801,-0.00020664926750320258,-0.000744808273487319,,,,,,,,,,0.0,proceed,0.0,-0.0,0.0
pair,21.400000000000002,,,,,,,robot_1,robot_2,4.68154440863049,-0.23362052053583768,0.9647487981938938,0.9926322537737721,4.639483757020267,0.8414622634142361,0,,,,,
pair,21.400000000000002,,,,,,,robot_1,robot_3,3.880182497547448,-0.4811703754023857,-0.18869567671826587,0.5168471617190493,-1.575378652579932,3.7937904192831047,0,,,,,
pair,21.400000000000002,,,,,,,robot_1,robot_4,5.107086812779124,-0.25320490249643524,0.9649629536717874,0.997630304575402,3.904139973795286,3.303358964030691,0,,,,,
pair,21.400000000000002,,,,,,,robot_2,robot_3,0.9186951210374705,-0.247549854866548,-1.1534444749121597,1.1797097470775755,0.7643744585852441,0.17568636612588542,1,,,,,
pair,21.400000000000002,,,,,,,robot_2,robot_4,2.4736373836373473,-0.019584381960597592,0.00021415547789371825,0.019585552822100588,-126.28158753822477,0.04117301188077089,0,,,,,
pair,21.400000000000002,,,,,,,robot_3,robot_4,2.938178560636081,0.22796547290595043,1.1536586303900533,1.1759661952244578,1.1149755561071588,2.6293948245224708,0,,,,,
robot,21.5,robot_1,1.077498929058677,1.9433718171657375,0.04231227173010624,0.012633088325914612,0.08487026380729881,,,,,,,,,,0.0,proceed,0.0020098218228667974,-0.0,0.0
robot,21.5,robot_2,1.320205762751563,-2.6753503157129104,0.052104548674643945,0.013507446511004405,0.0026284589526106394,,,,,,,,,,1.0,proceed,0.001389582292176783,-0.0023981111589819193,0.002676910487934947
robot,21.5,robot_3,1.6983256286940027,-1.868289978386011,0.0008333408856302004,0.018375507089381918,-0.013067499715438437,,,,,,,,,,1.0,yield,0.003955208230763674,-0.0030765726696699858,0.003558555617928505
robot,21.5,robot_4,-1.1456850596813986,-2.5904467780061977,0.08398954702024226,-0.0001902437590953592,-0.000683059811383963,,,,,,,,,,0.0,proceed,0.0,-0.0,0.0
pair,21.5,,,,,,,robot_1,robot_2,4.62509467447579,-0.2318817382299368,0.9429852513690762,0.9710768892441713,4.678379001159139,0.867210785594502,0,,,,,
pair,21.5,,,,,,,robot_1,robot_3,3.8618896196873456,-0.49041861644021045,-0.2078357806156541,0.5326407147930475,-1.719154717675396,3.75175958269484,0,,,,,
pair,21.5,,,,,,,robot_1,robot_4,5.049560188938939,-0.2564756169028177,0.9433640166716961,0.9776069813665598,3.8786115583687373,3.3347610652115827,0,,,,,
pair,21.5,,,,,,,robot_2,robot_3,0.8912468912184419,-0.25853687821027366,-1.1508210319847303,1.1795042878485493,0.7378648179285118,0.19202425674188095,1,,,,,
pair,21.5,,,,,,,robot_2,robot_4,2.467352054100554,-0.024593878672880938,0.00037876530261993224,0.02459679514349088,-100.29379240268906,0.046921292588646246,0,,,,,
pair,21.5,,,,,,,robot_3,robot_4,2.934264343720789,0.23394299953739273,1.1511997972873502,1.1747298839763074,1.0845606321685297,2.643229769205372,0,,,,,
robot,21.6,robot_1,1.097300371038,1.9196058212604081,0.04217081153776053,0.012018416410253613,0.0837844343161264,,,,,,,,,,0.0,proceed,0.0004037680337205529,-0.0,0.0
robot,21.6,robot_2,1.3115657612648008,-2.638085223634708,0.053127329193172396,0.013631993465190595,0.00021389992281406174,,,,,,,,,,1.0,proceed,0.0015284329419955611,-0.0024449829943478107,0.0029362065251916647
robot,21.6,robot_3,1.7106800778566753,-1.8738182431649872,0.0014063413420645834,0.019856148615822987,-0.01450383636192078,,,,,,,,,,1.0,yield,0.004993373062461615,-0.003439658787101507,0.004746279213577509
robot,21.6,robot_4,-1.145965636037565,-2.5304071197327995,0.08645368653082958,-0.00018398100821759848,-0.0006619994418577319,,,,,,,,,,0.0,proceed,0.0,-0.0,0.0
pair,21.6,,,,,,,robot_1,robot_2,4.562724769056992,-0.22946280125225416,0.9189638289417461,0.9471788089172003,4.723323895278935,0.8962599279030515,0,,,,,
pair,21.6,,,,,,,robot_1,robot_3,3.8426944709797906,-0.5010403665372819,-0.22861619712187098,0.5507329792978445,-1.8460191588405384,3.705765218995389,0,,,,,
pair,21.6,,,,,,,robot_1,robot_4,4.983458392874146,-0.2600672772618412,0.9195990240025802,0.9556659215692926,3.841933255016285,3.369595909354008,0,,,,,
pair,21.6,,,,,,,robot_2,robot_3,0.862204300119701,-0.2715775652850277,-1.147580026063617,1.1792770201213605,0.70860146812381,0.21238254267634643,1,,,,,
pair,21.6,,,,,,,robot_2,robot_4,2.4598892541711765,-0.030604476009587052,0.0006351950608340928,0.03061106702790181,-80.33815439603133,0.05665990475378375,0,,,,,
pair,21.6,,,,,,,robot_3,robot_4,2.9311318099913066,0.24097308927544067,1.1482152211244512,1.1732289732941399,1.0478136403385925,2.660881985651561,0,,,,,
robot,21.700000000000003,robot_1,1.1147199347570107,1.900292369677748,0.04258981715763552,0.011398197491548467,0.08225782227049534,,,,,,,,,,0.0,proceed,0.00031278206733986735,-0.0,0.0
robot,21.700000000000003,robot_2,1.3011214962530901,-2.6045213667688305,0.05870758711175358,0.02785224477995461,-0.0032236181810285885,,,,,,,,,,1.0,proceed,0.0013828829396516085,-0.0023424250539392233,0.0029737509321421385
robot,21.700000000000003,robot_3,1.7203015262613213,-1.8818137858767825,0.016354219882901123,0.020239741612288007,-0.016041814567549613,,,,,,,,,,1.0,yield,0.00504854042083025,-0.0034615248441696167,0.004759186413139105
robot,21.700000000000003,robot_4,-1.1461950519789372,-2.478076055731997,0.08991949754860895,-0.00017967894547748505,-0.0006474959928226788,,,,,,,,,,0.0,proceed,0.002138096373528242,-0.0,0.0
pair,21.700000000000003,,,,,,,robot_1,robot_2,4.508668577552132,-0.2242050956712571,0.8992688324558896,0.9267968266840022,4.764910103855835,0.9089123483521363,0,,,,,
pair,21.700000000000003,,,,,,,robot_1,robot_3,3.8302814564797147,-0.507607081999418,-0.24588712282866088,0.5640260870464422,-1.9570070282446415,3.6677888348021184,0,,,,,
pair,21.700000000000003,,,,,,,robot_1,robot_4,4.927661376948726,-0.2619240071698994,0.900286350591295,0.9376138323387351,3.8101721795349537,3.3940099809720867,0,,,,,
pair,21.700000000000003,,,,,,,robot_2,robot_3,0.8354748021553599,-0.2834019863281609,-1.1451559552845505,1.1797028641901395,0.6800388926325638,0.23328734047788063,1,,,,,
pair,21.700000000000003,,,,,,,robot_2,robot_4,2.4505808911222515,-0.03771891149864228,0.0010175181354054041,0.037732633459623355,-64.92619561179524,0.0604036961255746,0,,,,,
pair,21.700000000000003,,,,,,,robot_3,robot_4,2.9278543897393536,0.2456830748295186,1.1461734734199558,1.1722089423090292,1.0098945819114666,2.6778594484887157,0,,,,,
robot,21.8,robot_1,1.1348379472015429,1.8794628559411297,0.040310926547187716,0.010016503072596552,0.07511200561527283,,,,,,,,,,0.0,proceed,0.0,-0.0,0.0
robot,21.8,robot_2,1.2821449474390318,-2.5660172925070914,0.05356858400327754,0.030519302184915113,-0.006665294894039899,,,,,,,,,,1.0,proceed,0.0013138389913365245,-0.0022857850417494774,0.00301885767839849
robot,21.8,robot_3,1.7295362363994098,-1.897618663858809,0.006607710346171268,0.021909310499684677,-0.016451958285749205,,,,,,,,,,1.0,yield,0.005067829508334398,-0.003468022681772709,0.004789733327925205
robot,21.8,robot_4,-1.1464437256077735,-2.417592331655637,0.08822467900907348,-0.00016480183459510636,-0.0005929356509772768,,,,,,,,,,0.0,proceed,0.002147289924323559,-0.0,0.0
pair,21.8,,,,,,,robot_1,robot_2,4.4479200872504645,-0.519466599978253,0.7909766581712728,0.9463031344472874,4.01209797302422,2.3171877798892333,0,,,,,
pair,21.8,,,,,,,robot_1,robot_3,3.823612279296776,-0.8220398816337133,-0.35067225778451694,0.8937116981309242,-1.046238188644718,3.7075220612648057,0,,,,,
pair,21.8,,,,,,,robot_1,robot_4,4.865072389589693,-0.5706423503106663,0.7929478957251602,0.9769334968681547,2.2061473313658464,4.361626648421127,0,,,,,
pair,21.8,,,,,,,robot_2,robot_3,0.8043106938344988,-0.3025732816554604,-1.1416489159557899,1.1810642819401427,0.644086996537692,0.2612255897018102,1,,,,,
pair,21.8,,,,,,,robot_2,robot_4,2.4331199953670595,-0.05117575033241337,0.001971237553887395,0.0512137012876375,-47.49709340943984,0.054837542957567154,0,,,,,
pair,21.8,,,,,,,robot_3,robot_4,2.9226072875206697,0.25139753132304704,1.1436201535096773,1.1709260327914912,0.961051417806575,2.6972741751030003,0,,,,,
robot,21.900000000000002,robot_1,1.1539716448577884,1.8608801485994502,0.03384948051647864,0.007886019738963893,0.06098166309326605,,,,,,,,,,0.0,proceed,0.0,-0.0,0.0
robot,21.900000000000002,robot_2,1.2646368643879544,-2.527716107805853,0.05166971547323612,0.02377330695992534,-0.008772956625289083,,,,,,,,,,1.0,proceed,0.0012506633065640926,-0.002234336221590638,0.003050068626180291
robot,21.900000000000002,robot_3,1.7420123089311905,-1.9069195634330547,0.004876805517943379,0.020226346905327104,-0.01400418263783212,,,,,,,,,,1.0,yield,0.005096819717437029,-0.003478972939774394,0.004808815196156502
robot,21.900000000000002,robot_4,-1.1466670368790441,-2.3595039092591366,0.07648884112145524,-0.00013521692311262607,-0.0004843288307387826,,,,,,,,,,0.0,proceed,0.0021623631473630667,-0.0,0.0
pair,21.900000000000002,,,,,,,robot_1,robot_2,4.389991331716761,-0.5104137314289082,0.778943476954376,0.9312760694450138,4.006748728691779,2.3127383068820393,0,,,,,
pair,21.900000000000002,,,,,,,robot_1,robot_3,3.8134113982884297,-0.8327057409988357,-0.3581755380624204,0.9064703895653318,-1.0464656399288634,3.6935461664729807,0,,,,,
pair,21.900000000000002,,,,,,,robot_1,robot_4,4.806722369737065,-0.5740793664513154,0.7820774565468998,0.9701609490306294,2.103582902756352,4.351971761986006,0,,,,,
pair,21.900000000000002,,,,,,,robot_2,robot_3,0.7831191892413696,-0.32229200956992743,-1.1371190150167965,1.1819102308320169,0.615481843774104,0.2900008143858342,1,,,,,
pair,21.900000000000002,,,,,,,robot_2,robot_4,2.417164009331052,-0.0636656350224072,0.0031339795925237057,0.06374272437614129,-37.91268837533751,0.04945441620045175,0,,,,,
pair,21.900000000000002,,,,,,,robot_3,robot_4,2.9239187664840256,0.2586263745475202,1.14025299460932,1.1692153323178396,0.9239866357764017,2.7170145123658673,0,,,,,
robot,22.0,robot_1,1.1810601721622314,1.8426906157575864,0.04990877945335864,0.027277102622603702,0.09175503844563866,,,,,,,,,,0.0,proceed,0.0010780299780890346,-0.0,0.0
robot,22.0,robot_2,1.2443750044526702,-2.489102251534014,0.05350572904946204,0.0351920508774462,-0.016327651445200944,,,,,,,,,,1.0,proceed,0.001241852412931621,-0.0022322973236441612,0.0030385807622224092
robot,22.0,robot_3,1.7586888494776163,-1.9193922295506518,0.00807552805678229,0.035444423817124496,-0.016072014347911955,,,,,,,,,,1.0,yield,0.005093962885439396,-0.0034862100146710873,0.004793072119355202
robot,22.0,robot_4,-1.1468834957310123,-2.2993814056174617,0.08926974652966796,-0.00014612403671083996,-0.0005249301229981163,,,,,,,,,,0.0,proceed,0.0021551265381276608,-0.0,0.0
pair,22.0,,,,,,,robot_1,robot_2,4.332255557224937,-0.5006781540177122,0.7634079089845193,0.9129459181193046,4.005692213593477,2.3226994836938335,0,,,,,
pair,22.0,,,,,,,robot_1,robot_3,3.8061689694257725,-0.8435991114486059,-0.368849549743389,0.9207113832155972,-1.062103912375338,3.6784033354909313,0,,,,,
pair,22.0,,,,,,,robot_1,robot_4,4.751429506068908,-0.5781587268379423,0.7681449595504117,0.9614126025289944,1.9861112308177797,4.350861711148209,0,,,,,
pair,22.0,,,,,,,robot_2,robot_3,0.7675208403246306,-0.34292095743089374,-1.1322574587279082,1.1830476473457447,0.5869008281388723,0.32709602341732463,1,,,,,
pair,22.0,,,,,,,robot_2,robot_4,2.398772855873604,-0.07748057282023012,0.004737050565892464,0.07762524597458487,-30.896899981829158,0.04344163221288704,0,,,,,
pair,22.0,,,,,,,robot_3,robot_4,2.9303143904996105,0.2654403846106636,1.1369945092938007,1.1675680331126352,0.8826940349033789,2.7430995359446344,0,,,,,
robot,22.1,robot_1,1.2178621029595575,1.8295030334923348,0.0588738769947522,0.04227508393122336,0.11528822367905638,,,,,,,,,,0.0,proceed,0.0,-0.0,0.0
robot,22.1,robot_2,1.2220069022030688,-2.457449821788788,0.04635786166603785,0.04165665741921867,-0.020322061866046515,,,,,,,,,,1.0,proceed,0.001453402335755527,-0.0023431137669831514,0.0030917732510715723
robot,22.1,robot_3,1.778424533341015,-1.9348549549123275,0.011295102128191884,0.042729550116541656,-0.01617952569929402,,,,,,,,,,1.0,yield,0.0050922962836921215,-0.0034229822922497988,0.004786837380379438
robot,22.1,robot_4,-1.147066185960931,-2.2456651365028146,0.0851941423140254,-0.00012786366755079056,-0.0004620069430099193,,,,,,,,,,0.0,proceed,0.00216368748806417,-0.0,0.0
pair,22.1,,,,,,,robot_1,robot_2,4.286954858960348,-0.4877935372827039,0.7512197374390673,0.8956972864382218,4.0166662450676265,2.331182949928848,0,,,,,
pair,22.1,,,,,,,robot_1,robot_3,3.8058666954087035,-0.8554815215001077,-0.3742285525644433,0.9337535237859172,-1.065700290810988,3.6734717234883405,0,,,,,
pair,22.1,,,,,,,robot_1,robot_4,4.711675012718725,-0.5808582331311605,0.7581549844191768,0.9550891410731753,1.88108955875478,4.355695164013995,0,,,,,
pair,22.1,,,,,,,robot_2,robot_3,0.763351802989152,-0.3676879842174038,-1.1254482900035105,1.1839883053517395,0.5655054705271276,0.3666146163486677,1,,,,,
pair,22.1,,,,,,,robot_2,robot_4,2.3785205590838583,-0.0930646958484566,0.0069352469801095,0.09332274783803171,-25.48425747940804,0.035142239348160714,0,,,,,
pair,22.1,,,,,,,robot_3,robot_4,2.941954948278802,0.27462328836894717,1.1323835369836202,1.1652083184332782,0.850965119379538,2.7698238700771607,0,,,,,
robot,22.200000000000003,robot_1,1.2740750532707847,1.8201037708675951,0.08366918153311785,0.06422059105371718,0.17850902137394992,,,,,,,,,,0.0,proceed,0.0,-0.0,0.0
robot,22.200000000000003,robot_2,1.1901280074565825,-2.4251474570205,0.05041453256342497,0.06446875812454675,-0.030210397288738925,,,,,,,,,,1.0,proceed,0.0011806364636868238,-0.002220791531726718,0.002805998781695962
robot,22.200000000000003,robot_3,1.808744577030429,-1.9517956441625026,-0.0016357872804685404,0.06553553230458722,-0.020446825357785164,,,,,,,,,,1.0,yield,0.003965301904827356,-0.003059777896851301,0.0035199965350329876
robot,22.200000000000003,robot_4,-1.1472596849396037,-2.185132911165086,0.10566978960317823,-0.00015069466087355542,-0.0005409831711895363,,,,,,,,,,0.0,proceed,0.004381025675684214,-0.0,0.0
pair,22.200000000000003,,,,,,,robot_1,robot_2,4.246081145525403,-0.46230691630919224,0.7647606211470759,0.893636666953956,4.0168368687787925,2.268045251468535,0,,,,,
pair,22.200000000000003,,,,,,,robot_1,robot_3,3.8096058453259647,-0.862471635896529,-0.3507987438189196,0.9310838208190317,-0.9943745443332777,3.6953898019457267,0,,,,,
pair,22.200000000000003,,,,,,,robot_1,robot_4,4.680254565038587,-0.5757611931047696,0.7752160285228769,0.9656401205232773,1.8347291579813658,4.331963079503412,0,,,,,
pair,22.200000000000003,,,,,,,robot_2,robot_3,0.7789405618449113,-0.4001647195873368,-1.1155593649659954,1.18516011558175,0.5521843152949863,0.42246174628227123,1,,,,,
pair,22.200000000000003,,,,,,,robot_2,robot_4,2.349678319853028,-0.11345427679557735,0.010455407375800974,0.11393501861412686,-20.621846818838584,0.024508147145843557,0,,,,,
pair,22.200000000000003,,,,,,,robot_3,robot_4,2.9651993991900834,0.28671044279175945,1.1260147723417964,1.1619432626156039,0.8223453911558393,2.8070253857312877,0,,,,,
robot,22.3,robot_1,1.3166336875322096,1.8155628323456112,0.07334680362029215,0.05090279339086851,0.1729870203127911,,,,,,,,,,0.0,proceed,0.0,-0.0,0.0
robot,22.3,robot_2,1.1637413321029688,-2.4030046487705063,0.041365357600319605,0.06049772165182122,-0.03021065781592119,,,,,,,,,,1.0,proceed,0.0012533249100670218,-0.002280102577060461,0.0027862582355737686
robot,22.3,robot_3,1.83557738652531,-1.9611265507286657,-0.008134814629128014,0.0605125611840604,-0.019467444187929978,,,,,,,,,,1.0,yield,0.003927703481167555,-0.0030622617341578007,0.0035028557758778334
robot,22.3,robot_4,-1.1473890827560653,-2.1424097988386466,0.08909290634956495,-0.00011888715912058626,-0.00042792580349329263,,,,,,,,,,0.0,proceed,0.0044792890548706055,-0.0,0.0
pair,22.3,,,,,,,robot_1,robot_2,4.221337189218493,-0.4348540060075725,0.7885600142630103,0.900513688199859,4.0202338949482055,2.171011715171962,0,,,,,
pair,22.3,,,,,,,robot_1,robot_3,3.8121759218260904,-0.866703499157149,-0.31567335189342877,0.9224015505986959,-0.8726003678117609,3.7262367980782054,0,,,,,
pair,22.3,,,,,,,robot_1,robot_4,4.66229080621348,-0.5665408970113073,0.8027746876771242,0.982555742521248,1.845205553905218,4.2953374470492784,0,,,,,
pair,22.3,,,,,,,robot_2,robot_3,0.8041268168335474,-0.43184949314957644,-1.104233366156439,1.1856750447178714,0.5534603714674756,0.46474702968712056,1,,,,,
pair,22.3,,,,,,,robot_2,robot_4,2.325775885655688,-0.13168689100373476,0.014214673414114087,0.13245185616856958,-17.559207200481826,0.011060332235735706,0,,,,,
pair,22.3,,,,,,,robot_3,robot_4,2.9884699384304168,0.3001626021458417,1.118448039570553,1.1580257358738517,0.8188751241503739,2.8340290258901586,0,,,,,
robot,22.400000000000002,robot_1,1.3759815624500178,1.810794002704431,0.07391034208509771,0.03853779154777238,0.14898985957478192,,,,,,,,,,0.0,proceed,0.0,-0.0,0.0
robot,22.400000000000002,robot_2,1.1261326861988081,-2.3698436749088088,0.04333526314771978,0.05763438915615056,-0.033892791456470214,,,,,,,,,,1.0,proceed,0.0012883006129413843,-0.0023282060865312815,0.002739925170317292
robot,22.400000000000002,robot_3,1.8745349266783913,-1.9748272715172703,-0.005152893251460473,0.058541104933138924,-0.021643830273498175,,,,,,,,,,1.0,yield,0.003873384092003107,-0.003061450319364667,0.0034777200780808926
robot,22.400000000000002,robot_4,-1.1475586987991044,-2.082444102793861,0.08500075706948415,-0.00010991004959350783,-0.00038990935038291325,,,,,,,,,,0.0,proceed,0.004570297431200743,-0.0,0.0
pair,22.400000000000002,,,,,,,robot_1,robot_2,4.188096924910336,-0.39064608608504353,0.8302253859558222,0.9175394030007961,4.006835688520601,2.0059962763408103,0,,,,,
pair,22.400000000000002,,,,,,,robot_1,robot_3,3.818309035269849,-0.8651143101560881,-0.25713038621953227,0.902518035916319,-0.6655209145602597,3.7707704675401623,0,,,,,
pair,22.400000000000002,,,,,,,robot_1,robot_4,4.63956446191334,-0.5469465021887868,0.8504747153176757,1.0111665133157992,1.8884488004553712,4.228383844762085,0,,,,,
pair,22.400000000000002,,,,,,,robot_2,robot_3,0.8462528419469245,-0.47446822407104455,-1.0873557721753544,1.1863653193414716,0.5574687446175594,0.5279628074815996,1,,,,,
pair,22.400000000000002,,,,,,,robot_2,robot_4,2.2917833728922945,-0.15630041610374326,0.02024932936185353,0.1576066477462423,-14.54108939620061,0.007106635592116202,0,,,,,
pair,22.400000000000002,,,,,,,robot_3,robot_4,3.0240091374739144,0.31816780796730126,1.107605101537208,1.1523974205880392,0.8137904596259966,2.874916280100425,0,,,,,
robot,22.5,robot_1,1.433383673656472,1.8045320181059301,0.07874987463403325,0.028725513365011557,0.12859088654529802,,,,,,,,,,0.0,proceed,0.0,-0.0,0.0
robot,22.5,robot_2,1.0925456193795144,-2.3318164930985885,0.05378386090105038,0.05350840674992438,-0.040636783852984075,,,,,,,,,,1.0,proceed,0.0013123960234224796,-0.002359720878303051,0.0026998205576092005
robot,22.5,robot_3,1.9099297085539932,-1.9923433276905842,0.004904667191834116,0.05696890304266796,-0.02764444797791615,,,,,,,,,,1.0,yield,0.003817009972408414,-0.0030536632984876633,0.0034536842722445726
robot,22.5,robot_4,-1.1477151101678484,-2.02309208847187,0.0875497713617371,-0.00010538024335385754,-0.0003781934476878281,,,,,,,,,,0.0,proceed,0.00461542047560215,-0.0,0.0
pair,22.5,,,,,,,robot_1,robot_2,4.150367403662854,-0.3444093355346435,0.8732632071494765,0.9387259554121236,3.9658507725178076,1.834655113934757,0,,,,,
pair,22.5,,,,,,,robot_1,robot_3,3.826664149738509,-0.8550522319780622,-0.1981674401662069,0.8777155881905557,-0.4477572540508955,3.8064296587352473,0,,,,,
pair,22.5,,,,,,,robot_1,robot_4,4.616576354086964,-0.5215189205661107,0.8994996406645562,1.0397507336203746,1.939589647998724,4.152799013596547,0,,,,,
pair,22.5,,,,,,,robot_2,robot_3,0.885075578280026,-0.5106428964434188,-1.0714306473156834,1.1868950247159302,0.5544845272502764,0.591813756645504,1,,,,,
pair,22.5,,,,,,,robot_2,robot_4,2.261432929441907,-0.17710958503146726,0.02623643351507976,0.17904232894377164,-12.630069591838684,0.022890679086148755,0,,,,,
pair,22.5,,,,,,,robot_3,robot_4,3.057799425035283,0.33353331141195147,1.0976670808307631,1.1472216395104091,0.8005199473999884,2.9166293688519254,0,,,,,
robot,22.6,robot_1,1.4817311572657057,1.7963376166540344,0.08263351857234369,0.013590885376761078,0.10632525325611974,,,,,,,,,,0.0,proceed,0.0,-0.0,0.0
robot,22.6,robot_2,1.0697251889629704,-2.2926011406183755,0.06947750471665413,0.0424729234308655,-0.04866677461488879,,,,,,,,,,1.0,proceed,0.0015947638312354684,-0.002570150652900338,0.0025378300342708826
robot,22.6,robot_3,1.9349024399960921,-2.0124244846284953,0.01820548532547784,0.051507426103040294,-0.03528425629354484,,,,,,,,,,1.0,yield,0.003750419709831476,-0.003054557368159294,0.003412405261769891
robot,22.6,robot_4,-1.1478441958947647,-1.9711818674550856,0.09062424607937221,-0.00010114948966621055,-0.00036430231822181164,,,,,,,,,,0.0,proceed,0.0046675000339746475,-0.0,0.0
pair,22.6,,,,,,,robot_1,robot_2,4.109643424756157,-0.30583802908440894,0.9088872043908893,0.9589644677149003,3.9042266768888716,1.6945569705687973,0,,,,,
pair,22.6,,,,,,,robot_1,robot_3,3.8356268008837375,-0.840383465755363,-0.1510518509291413,0.8538507077845137,-0.266758067798321,3.8288579328353918,0,,,,,
pair,22.6,,,,,,,robot_1,robot_4,4.5944389865456765,-0.49629510812099437,0.939408721885387,1.0624488604630182,1.9792700803456873,4.08494721283458,0,,,,,
pair,22.6,,,,,,,robot_2,robot_3,0.9094122466004628,-0.5345454366709542,-1.0599390553200305,1.1871013540799538,0.5389167928796917,0.6463374020982143,1,,,,,
pair,22.6,,,,,,,robot_2,robot_4,2.2407419141478857,-0.19045707903658546,0.03052151749449783,0.19288717423746737,-11.615552354663874,0.03352740734588153,0,,,,,
pair,22.6,,,,,,,robot_3,robot_4,3.083022506334929,0.34408835763436874,1.0904605728145285,1.1434601255498622,0.7768741541148158,2.9522715234167025,0,,,,,
robot,22.700000000000003,robot_1,1.5266979863158063,1.7826776837946714,0.07798738014646765,-0.0014876358156352826,0.07604543047421766,,,,,,,,,,0.0,proceed,0.0,-0.0,0.0
robot,22.700000000000003,robot_2,1.0556691311488233,-2.247218573234566,0.0773435259137616,0.030356051557218214,-0.050073155911525655,,,,,,,,,,1.0,proceed,0.002132969442754984,-0.002946573542430997,0.0021640732884407043
robot,22.700000000000003,robot_3,1.9526900920205437,-2.0367080635774113,0.02740633323761515,0.040866055910804354,-0.03803247843933363,,,,,,,,,,1.0,yield,0.003609744133427739,-0.0030398068483918905,0.0033112678211182356
robot,22.700000000000003,robot_4,-1.147966187969355,-1.9192640826683074,0.08746352388690358,-9.149287229313257e-05,-0.0003286746417544258,,,,,,,,,,0.0,proceed,0.004701362457126379,-0.0,0.0
pair,22.700000000000003,,,,,,,robot_1,robot_2,4.057330652635816,-0.2738446406727547,0.9382810277767246,0.9774263012170978,3.822829260456578,1.581216843529508,0,,,,,
pair,22.700000000000003,,,,,,,robot_1,robot_3,3.8430686646678276,-0.8244207779124947,-0.1132902442490275,0.8321684315664991,-0.11769226733809982,3.8418204745902536,0,,,,,
pair,22.700000000000003,,,,,,,robot_1,robot_4,4.567077981323241,-0.4725004663758875,0.9716176232044142,1.0804154277160365,1.998712237218931,4.024303936709273,0,,,,,
pair,22.700000000000003,,,,,,,robot_2,robot_3,0.9213909479256563,-0.55057613723974,-1.0515712720257522,1.1869861932843582,0.507649053501966,0.6970421511920842,1,,,,,
pair,22.700000000000003,,,,,,,robot_2,robot_4,2.227905466474655,-0.1986558257031328,0.03333659542768952,0.20143352670422798,-11.05835441475451,0.04126239123700609,0,,,,,
pair,22.700000000000003,,,,,,,robot_3,robot_4,3.1028797036450793,0.3519203115366072,1.0849078674534418,1.1405581907708162,0.7408625093493401,2.985605944820966,0,,,,,
robot,22.8,robot_1,1.5740171527111584,1.7601662480211704,0.0707622926419629,-0.01343567994848172,0.043087319596924474,,,,,,,,,,0.0,proceed,0.0,-0.0,0.0
robot,22.8,robot_2,1.0436781994226276,-2.191914409268655,0.07006464580378398,0.03584295137175306,-0.04633960427684692,,,,,,,,,,1.0,proceed,0.002034633420407772,-0.002889075316488743,0.002122491830959916
robot,22.8,robot_3,1.9644282192014781,-2.0674082236293194,0.03144074801986095,0.03189539200218431,-0.036554437734054035,,,,,,,,,,1.0,yield,0.0032149122562259436,-0.0029125355649739504,0.0030286721885204315
robot,22.8,robot_4,-1.148097718773105,-1.8595993800895103,0.08248320023215858,-8.178864692024121e-05,-0.00029295837029665316,,,,,,,,,,0.0,proceed,0.004740304779261351,-0.0,0.0
pair,22.8,,,,,,,robot_1,robot_2,3.9875056021402098,-0.24094976140700908,0.9655187322529248,0.9951297452359615,3.7242102310045944,1.471471526490763,0,,,,,
pair,22.8,,,,,,,robot_1,robot_3,3.847433837880599,-0.8042895343768753,-0.0795583999409325,0.8082148192834206,0.014524910701725456,3.8474159285061966,0,,,,,
pair,22.8,,,,,,,robot_1,robot_4,4.529085180917588,-0.44715235712916945,1.001570874264,1.0968543415878544,2.0017229394726557,3.961307841708854,0,,,,,
pair,22.8,,,,,,,robot_2,robot_3,0.929129909746323,-0.5633397729698663,-1.0450771321938572,1.1872396186298186,0.46030239342167434,0.7514199238196688,1,,,,,
pair,22.8,,,,,,,robot_2,robot_4,2.216825422580922,-0.20620259572216038,0.036052142011074984,0.20933052196500976,-10.587364404930069,0.050131222845638285,0,,,,,
pair,22.8,,,,,,,robot_3,robot_4,3.119455438056122,0.3571371772477059,1.0811292742049323,1.1385901241954204,0.6841554113313928,3.020629723523855,0,,,,,
robot,22.900000000000002,robot_1,1.6116261577914541,1.7366953540701444,0.06728762034705527,-0.021124684924290427,0.018602470066424473,,,,,,,,,,0.0,proceed,0.0,-0.0,0.0
robot,22.900000000000002,robot_2,1.0339354336578854,-2.142680200873475,0.07533308885238434,0.032304758082677944,-0.04221228382974425,,,,,,,,,,1.0,proceed,0.0020130276679992676,-0.0028703720308840275,0.002131614601239562
robot,22.900000000000002,robot_3,1.969708633744278,-2.0940869880937827,0.03242613507726754,0.027441755105683474,-0.03494919803421133,,,,,,,,,,1.0,yield,0.003224416868761182,-0.002925472566857934,0.0030454127117991447
robot,22.900000000000002,robot_4,-1.1482042898528517,-1.8081193579131922,0.08231467504977301,-7.659209044224498e-05,-0.00027490559106329036,,,,,,,,,,0.0,proceed,0.004795792046934366,-0.0,0.0
pair,22.900000000000002,,,,,,,robot_1,robot_2,3.9221526320432867,-0.21462957271877645,0.9856955308708233,1.0087921158812447,3.635681917398166,1.3898362811374847,0,,,,,
pair,22.900000000000002,,,,,,,robot_1,robot_3,3.8474818274579867,-0.785627100897073,-0.055674105116726935,0.7875973258236013,0.10969348920440007,3.846511723336044,0,,,,,
pair,22.900000000000002,,,,,,,robot_1,robot_4,4.49247987664253,-0.42608775225857487,1.0237129654374257,1.1088458000233634,1.9950101723176694,3.9100805038655557,0,,,,,
pair,22.900000000000002,,,,,,,robot_2,robot_3,0.9370340347757813,-0.5709975281782966,-1.0413696359875502,1.1876400531905984,0.4146985362105933,0.7971600400424418,1,,,,,
pair,22.900000000000002,,,,,,,robot_2,robot_4,2.2076378168906716,-0.2114581795397984,0.03801743456660234,0.21484852111502073,-10.271915053233377,0.056848086701665794,0,,,,,
pair,22.900000000000002,,,,,,,robot_3,robot_4,3.1309995983144274,0.3595393486384982,1.0793870705541526,1.1376928369726473,0.6276090412591961,3.0484955162064087,0,,,,,
robot,23.0,robot_1,1.6518797808664658,1.7052112850279355,0.07110640016755382,-0.03055239492355779,-0.011254054894279563,,,,,,,,,,0.0,proceed,0.0,-0.0,0.0
robot,23.0,robot_2,1.0289175697322446,-2.080719966424128,0.09383372060635685,0.02899757740597603,-0.04085671218289306,,,,,,,,,,1.0,proceed,0.0019780269358307123,-0.0028445718344300985,0.002127034356817603
robot,23.0,robot_3,1.9729049643904648,-2.1229252749044827,0.0330236174844413,0.025627479748587256,-0.03422881738296136,,,,,,,,,,1.0,yield,0.003223858308047056,-0.0029326032381504774,0.00304868770763278
robot,23.0,robot_4,-1.1483223589794154,-1.7476348879121824,0.09230519509956127,-7.946895859398863e-05,-0.00028667764213911596,,,,,,,,,,0.0,proceed,0.004809432663023472,-0.0,0.0
pair,23.0,,,,,,,robot_1,robot_2,3.836842107413677,-0.18945203128414262,1.0082927922771907,1.025936853376377,3.514624762653221,1.3113679158807228,0,,,,,
pair,23.0,,,,,,,robot_1,robot_3,3.841573465384702,-0.7627053863307018,-0.031741387738508264,0.7633655887144976,0.2116553121672571,3.838174266707493,0,,,,,
pair,23.0,,,,,,,robot_1,robot_4,4.445590930122189,-0.4017854921273648,1.0466729432193764,1.1211404157158642,1.9801173666004313,3.8516132802145804,0,,,,,
pair,23.0,,,,,,,robot_2,robot_3,0.9449304150769708,-0.5732533550465593,-1.040034180015699,1.187556526938008,0.3525862055116673,0.847095247945338,1,,,,,
pair,23.0,,,,,,,robot_2,robot_4,2.20257108323515,-0.2123334608432222,0.03838015094218583,0.21577426765025792,-10.20403131294651,0.059495924909998214,0,,,,,
pair,23.0,,,,,,,robot_3,robot_4,3.143708459561659,0.36091989420333703,1.0784143309578846,1.1372073862084655,0.5581285352679726,3.078968783470714,0,,,,,
robot,23.1,robot_1,1.6820591356424068,1.6766042612346979,0.06940954170942482,-0.03531343455434013,-0.03944509979145056,,,,,,,,,,0.0,proceed,0.0,-0.0,0.0
robot,23.1,robot_2,1.028940763664685,-2.02671145007276,0.09827738107485165,0.02900738802796203,-0.03590546000917531,,,,,,,,,,1.0,proceed,0.001987793482840061,-0.0028474449645727873,0.0021801688708364964
robot,23.1,robot_3,1.9738570214363627,-2.143633260722735,0.02985489018930374,0.0211256413508415,-0.029319443172678483,,,,,,,,,,1.0,proceed,0.003488890826702118,-0.0030501221772283316,0.003334922017529607
robot,23.1,robot_4,-1.148414833207727,-1.6973782716438364,0.09483130821006763,-7.70448849149039e-05,-0.00027770646506195847,,,,,,,,,,0.0,proceed,0.0048131379298865795,-0.0,0.0
pair,23.1,,,,,,,robot_1,robot_2,3.76046684142162,-0.17349490973980405,1.0227337646933083,1.0373450906758899,3.414408585117588,1.2632947783852504,0,,,,,
pair,23.1,,,,,,,robot_1,robot_3,3.831365387211886,-0.7473859315429001,-0.01661746452848112,0.7475706460232396,0.27663897156692613,3.8257798581233393,0,,,,,
pair,23.1,,,,,,,robot_1,robot_4,4.404014193949388,-0.3852419599490601,1.0609190514060958,1.1286986317621739,1.9538320151156574,3.8120923342881903,0,,,,,
pair,23.1,,,,,,,robot_2,robot_3,0.9521225992522707,-0.573891021803096,-1.0393512292217895,1.1872665591985005,0.2984928824695156,0.8837107752111896,1,,,,,
pair,23.1,,,,,,,robot_2,robot_4,2.202121190499223,-0.21174705020925605,0.038185286712787536,0.21516256503783132,-10.23058708458818,0.062313900522356594,0,,,,,
pair,23.1,,,,,,,robot_3,robot_4,3.154001434619276,0.36214397159384004,1.0775365159345769,1.13676435523559,0.5028936603863836,3.101760249521227,0,,,,,
robot,23.200000000000003,robot_1,1.7081124756256107,1.6479179685232968,0.07049043874558068,-0.03579086759306027,-0.04498054055011604,,,,,,,,,,0.0,proceed,0.0,-0.0,0.0
robot,23.200000000000003,robot_2,1.0302852042526824,-1.974647153629527,0.09967416398304252,0.029430073646152435,-0.03641680687115097,,,,,,,,,,1.0,proceed,0.001746147172525525,-0.002755950903519988,0.002063112100586295
robot,23.200000000000003,robot_3,1.9736799074264118,-2.160454865551526,0.030278385723405337,0.021428877161592804,-0.02973699513844344,,,,,,,,,,1.0,proceed,0.003980141133069992,-0.0034439710434526205,0.002944395411759615
robot,23.200000000000003,robot_4,-1.1484980029968415,-1.649485366006323,0.0961818470254831,-7.807062971763051e-05,-0.000281661415327995,,,,,,,,,,0.0,proceed,0.0048330663703382015,-0.0,0.0
pair,23.200000000000003,,,,,,,robot_1,robot_2,3.685434557016984,-0.16066607233655383,1.0342273656683927,1.0466326149597278,3.32072290590002,1.2258846178410654,0,,,,,
pair,23.200000000000003,,,,,,,robot_1,robot_3,3.817620948202214,-0.7334649736860469,-0.005588579939121041,0.7334862642544913,0.3224913311766109,3.810285702069408,0,,,,,
pair,23.200000000000003,,,,,,,robot_1,robot_4,4.362693225192742,-0.3714072274013285,1.0720588459537983,1.1345719447235296,1.9219560406295357,3.7786356194430097,0,,,,,
pair,23.200000000000003,,,,,,,robot_2,robot_3,0.9615186278933641,-0.5727989013494931,-1.0398159456075138,1.187146066045301,0.2463391329653448,0.9159675794868877,1,,,,,
pair,23.200000000000003,,,,,,,robot_2,robot_4,2.2029131740317953,-0.21074115506477467,0.037831480285405616,0.21410991415303599,-10.284232540939563,0.06492750837616967,0,,,,,
pair,23.200000000000003,,,,,,,robot_3,robot_4,3.1637137566158517,0.36205774628471843,1.0776474258929194,1.1368420234044856,0.44859125801532906,3.122340114717925,0,,,,,
robot,23.3,robot_1,1.7373897896938484,1.6103945100520276,0.0587853729892546,-0.03516303917949713,-0.09086367984149477,,,,,,,,,,0.0,proceed,0.0,-0.0,0.0
robot,23.3,robot_2,1.033337841808912,-1.9085242851488968,0.09300342830400708,0.02640380234010309,-0.018057914460847778,,,,,,,,,,1.0,proceed,0.0017138317925855517,-0.0027347656432539225,0.0020804665982723236
robot,23.3,robot_3,1.969642515905606,-2.1788909343132596,0.02734290078660119,0.0024575558930790345,-0.015926610827970675,,,,,,,,,,1.0,proceed,0.0039889514446258545,-0.0034564717207103968,0.002967520384117961
robot,23.3,robot_4,-1.1485960567117153,-1.5891436416111293,0.0878779050364103,-6.45840961628677e-05,-0.00023091060947957678,,,,,,,,,,0.0,proceed,0.004134632181376219,-0.0,0.0
pair,23.3,,,,,,,robot_1,robot_2,3.5886597264910614,-0.15028066777526422,1.0432092344483235,1.0539780765961104,3.209343912902592,1.198600794462939,0,,,,,
pair,23.3,,,,,,,robot_1,robot_3,3.7963963844297695,-0.7221708874938721,0.003054282154765109,0.7221773462129423,0.3437889007183424,3.788269296058955,0,,,,,
pair,23.3,,,,,,,robot_1,robot_4,4.3088233532602995,-0.3600518210663543,1.080703596744013,1.1391038485882858,1.8640004652624864,3.7493463196822745,0,,,,,
pair,23.3,,,,,,,robot_2,robot_3,0.974558652783752,-0.5718902197186079,-1.0401549522935585,1.187004948679917,0.1804426902609432,0.9507306496636909,1,,,,,
pair,23.3,,,,,,,robot_2,robot_4,2.2051846936209274,-0.20977115329109008,0.03749436229568959,0.2130956685553098,-10.34318884152388,0.06951513497687968,0,,,,,
pair,23.3,,,,,,,robot_3,robot_4,3.173517553915214,0.3621190664275178,1.077649314589248,1.1368633442525153,0.381933319621837,3.1436728236832288,0,,,,,
robot,23.400000000000002,robot_1,1.7633137582738878,1.5717830853286034,0.05949077092569148,-0.03527524936966883,-0.1250469252792705,,,,,,,,,,1.0,proceed,-0.001298490446060896,-0.0009721441892907023,0.0017810480203479528
robot,23.400000000000002,robot_2,1.037865854490002,-1.8421490157180027,0.09647736198774834,0.02606042782941477,-0.012929385513816628,,,,,,,,,,1.0,proceed,0.0014478411758318543,-0.002588010858744383,0.002189112827181816
robot,23.400000000000002,robot_3,1.9569261746157247,-2.1943052293666154,0.03145617193093276,-0.007533883802719075,-0.012163225568956791,,,,,,,,,,1.0,proceed,0.003996796440333128,-0.003465164452791214,0.0029740699101239443
robot,23.400000000000002,robot_4,-1.148687047873779,-1.5287252393230617,0.09070320440145806,-6.338879550451382e-05,-0.0002264388326497694,,,,,,,,,,0.0,proceed,0.004114214330911636,-0.0,0.0
pair,23.400000000000002,,,,,,,robot_1,robot_2,3.4901585997861084,-0.1309197463284367,1.0367498672607267,1.0449833813242375,3.1542572313881228,1.1474432646809725,1,,,,,
pair,23.400000000000002,,,,,,,robot_1,robot_3,3.7710617817592964,-0.6942622654201696,-0.00867206285876243,0.6943164248817482,0.2110832905935371,3.7682127779464274,0,,,,,
pair,23.400000000000002,,,,,,,robot_1,robot_4,4.253575033573398,-0.337613153826919,1.0731356761376223,1.1249901426396192,1.8521895513127122,3.708249690243931,0,,,,,
pair,23.400000000000002,,,,,,,robot_2,robot_3,0.9842184060669276,-0.5633425190917329,-1.0454219301194891,1.1875444437120564,0.10607528811065668,0.976123789227844,1,,,,,
pair,23.400000000000002,,,,,,,robot_2,robot_4,2.2089020029066795,-0.20669340749848228,0.03638580887689569,0.20987160787243145,-10.519667667444425,0.07040908401244693,0,,,,,
pair,23.400000000000002,,,,,,,robot_3,robot_4,3.176134476190833,0.35664911159325063,1.0818077389963847,1.1390814601918182,0.2987149511858406,3.1578557427808454,0,,,,,
robot,23.5,robot_1,1.7821646760813559,1.5399204532711341,0.052948855949571674,-0.029089270778899164,-0.13740877418663633,,,,,,,,,,1.0,proceed,-0.0012876952532678843,-0.0009097046568058431,0.0019052524585276842
robot,23.5,robot_2,1.0432143541530374,-1.7876131946495766,0.08842891192456595,0.021219365630735287,-0.00693779356105111,,,,,,,,,,1.0,proceed,0.001510231290012598,-0.0025974030140787363,0.002274933038279414
robot,23.5,robot_3,1.9411114877984543,-2.2054366529840785,0.03190324708860032,-0.013490982884283837,-0.00740188359283471,,,,,,,,,,1.0,proceed,0.004005454480648041,-0.0034740481059998274,0.0029830229468643665
robot,23.5,robot_4,-1.1487573816948764,-1.4792112681914913,0.08197208427719323,-5.288635987547516e-05,-0.00018944285693158643,,,,,,,,,,0.0,proceed,0.004041851498186588,-0.0,0.0
pair,23.5,,,,,,,robot_1,robot_2,3.408596156238295,-0.1141454297743088,1.019679725536685,1.0260486936831656,3.1428062954388087,1.1045435043743186,1,,,,,
pair,23.5,,,,,,,robot_1,robot_3,3.748728310018139,-0.6689635416164541,-0.031215020271143867,0.6696914196124639,-0.02359440830214547,3.7486950091452247,0,,,,,
pair,23.5,,,,,,,robot_1,robot_4,4.207785695624379,-0.3187175671022316,1.0553117966528804,1.1023900742179675,1.8530864108233336,3.6786315792474302,0,,,,,
pair,23.5,,,,,,,robot_2,robot_3,0.9903513038024734,-0.5548181118421452,-1.0508947458078288,1.1883614365985562,0.041836137789776635,0.9891026131113435,1,,,,,
pair,23.5,,,,,,,robot_2,robot_4,2.213560895706096,-0.2045721373279228,0.035632071116195485,0.20765212222114204,-10.654260058904338,0.07230386746952931,0,,,,,
pair,23.5,,,,,,,robot_3,robot_4,3.1740656798782747,0.35024597451422246,1.0865268169240243,1.1415834470412005,0.22494467912779112,3.1636608908945782,0,,,,,
robot,23.6,robot_1,1.8007857210652485,1.504848792381408,0.055173987179675386,-0.026694546937302152,-0.14545305845570694,,,,,,,,,,1.0,proceed,0.0010232124477624893,-0.0018143708584830165,0.00214858609251678
robot,23.6,robot_2,1.050258164547923,-1.7268875814162752,0.09373395507796381,0.022182979744280972,-0.002465304727183835,,,,,,,,,,1.0,proceed,0.0005296137533150613,-0.0017762230709195137,0.00275597907602787
robot,23.6,robot_3,1.9191003435375895,-2.216965536708762,0.03650673242221875,-0.019473063393347763,-0.001391585416397037,,,,,,,,,,0.0,proceed,0.004740898031741381,-0.0,0.0
robot,23.6,robot_4,-1.1488316252373088,-1.4241358903033297,0.08675572229212558,-5.2061406902249527e-05,-0.00018665844378595598,,,,,,,,,,0.0,proceed,0.0040517267771065235,-0.0,0.0
pair,23.6,,,,,,,robot_1,robot_2,3.317741943373364,-0.10029493825275304,1.0054117108696667,1.0104017928492575,3.1089380440068335,1.0676109270058112,1,,,,,
pair,23.6,,,,,,,robot_1,robot_3,3.723694435652808,-0.6405373678486995,-0.05411034577143031,0.6428188307214124,-0.30396622699462994,3.718564368169126,0,,,,,
pair,23.6,,,,,,,robot_1,robot_4,4.156824961555484,-0.3000412356942971,1.0393448057388024,1.0817866556457376,1.8450718753798165,3.646269466103275,0,,,,,
pair,23.6,,,,,,,robot_2,robot_3,0.9975285130036016,-0.5402424295959465,-1.059522056641097,1.1893060460809535,-0.035252595132170626,0.9966470460183031,0,,,,,
pair,23.6,,,,,,,robot_2,robot_4,2.2198320859942093,-0.199746297441544,0.03393309486913576,0.20260809033452623,-10.95086299704788,0.06983133346349991,0,,,,,
pair,23.6,,,,,,,robot_3,robot_4,3.1687198382391566,0.34049613215440244,1.0934551515102326,1.1452431114730068,0.13548168331197702,3.1649187910296948,0,,,,,
robot,23.700000000000003,robot_1,1.8168764933774095,1.4725463811257704,0.05151891890326973,-0.020490556366088784,-0.12337084424410516,,,,,,,,,,1.0,proceed,0.0012473362730816007,-0.0018511810339987278,0.0022236090153455734
robot,23.700000000000003,robot_2,1.0603514260253284,-1.670701369051419,0.08776445654494483,0.006166701628993493,0.0003457114524640682,,,,,,,,,,1.0,proceed,0.0004096811462659389,-0.0016953179147094488,0.002752040047198534
robot,23.700000000000003,robot_3,1.8949274259106976,-2.227765010759197,0.037208841991399795,-0.02133068556722873,0.004133995609744202,,,,,,,,,,0.0,proceed,0.004746994469314814,-0.0,0.0
robot,23.700000000000003,robot_4,-1.1488986490182185,-1.371770273199427,0.08200993479025306,-4.575413969873036e-05,-0.00016482820335328265,,,,,,,,,,0.0,proceed,0.004055525176227093,-0.0,0.0
pair,23.700000000000003,,,,,,,robot_1,robot_2,3.233007361038022,-0.08926440082161632,0.9877364001830159,0.9917617302056705,3.0878367566964013,1.0363653309297072,1,,,,,
pair,23.700000000000003,,,,,,,robot_1,robot_3,3.70113446729283,-0.6142035905579526,-0.08046863180028041,0.6194523802182781,-0.6510450777679229,3.6790966789519244,0,,,,,
pair,23.700000000000003,,,,,,,robot_1,robot_4,4.109252903548708,-0.28390543272587293,1.019916687849692,1.0586936973863361,1.8369976165488398,3.6198954618846697,0,,,,,
pair,23.700000000000003,,,,,,,robot_2,robot_3,1.003412677066318,-0.5249391897363364,-1.0682050319832963,1.1902197878020162,-0.11079625290538411,0.9947094070298153,0,,,,,
pair,23.700000000000003,,,,,,,robot_2,robot_4,2.2293823570996496,-0.19464103190425663,0.03218028766667602,0.19728330445089334,-11.295541395137255,0.06543912072822393,0,,,,,
pair,23.700000000000003,,,,,,,robot_3,robot_4,3.1618988227245968,0.3302981578320797,1.1003853196499724,1.1488884735989118,0.04806724191651266,3.161416531555812,0,,,,,
robot,23.8,robot_1,1.8306739235114486,1.4435634448297847,0.04070430327184383,-0.013725315218583061,-0.08951098479552189,,,,,,,,,,1.0,proceed,0.0013285739114508033,-0.001824999344535172,0.0023506074212491512
robot,23.8,robot_2,1.077761586081045,-1.6204598453541372,0.07418357066413053,0.0008611647189748599,0.003153819025632331,,,,,,,,,,1.0,proceed,0.00015296789933927357,-0.001543744932860136,0.002892232034355402
robot,23.8,robot_3,1.8702601658615448,-2.2380442340727518,0.032427259379283396,-0.019925325678434823,0.008976430175826368,,,,,,,,,,0.0,proceed,0.004763274919241667,-0.0,0.0
robot,23.8,robot_4,-1.1489589413355976,-1.3219484045708232,0.06965484942991342,-3.6915008592911574e-05,-0.00013220996473980434,,,,,,,,,,0.0,proceed,0.004053002689033747,-0.0,0.0
pair,23.8,,,,,,,robot_1,robot_2,3.155172849566949,-0.08450258578891898,0.9686874196343882,0.9723661882042911,3.071887943586189,1.0163399471133574,1,,,,,
pair,23.8,,,,,,,robot_1,robot_3,3.6818204969739523,-0.5905053627282951,-0.10893444704442379,0.6004692308218214,-1.0474665927137787,3.62769859213814,0,,,,,
pair,23.8,,,,,,,robot_1,robot_4,4.065251258957038,-0.27007118818756976,0.9978627482329598,1.0337642434327476,1.8292746965214766,3.598644211181757,0,,,,,
pair,23.8,,,,,,,robot_2,robot_3,1.0047210937086242,-0.5060027769393761,-1.077621866678812,1.1905073279130571,-0.18663269812268188,0.9798454719420142,0,,,,,
pair,23.8,,,,,,,robot_2,robot_4,2.246640466896557,-0.18556860239865078,0.029175328598571637,0.1878480928703381,-11.956803060032696,0.0509504891540445,0,,,,,
pair,23.8,,,,,,,robot_3,robot_4,3.155141135685555,0.32043417454072537,1.1067971952773836,1.1522491447978944,-0.035001942576815055,3.154883357572771,0,,,,,
robot,23.900000000000002,robot_1,1.8455195431387785,1.411625680028107,0.05207330588925401,-0.014410603136217757,-0.08680032622519382,,,,,,,,,,1.0,proceed,-2.2939530026633292e-06,-0.0011737056775018573,0.0006884471513330936
robot,23.900000000000002,robot_2,1.0976957194643677,-1.562307204301728,0.09512290401916203,0.001978434193195929,0.007062834970107008,,,,,,,,,,1.0,proceed,-0.0002735355810727924,-0.001275773043744266,0.002589818090200424
robot,23.900000000000002,robot_3,1.8386465494846096,-2.2500771871443797,0.045812591470898806,-0.03123949605117563,0.017828230188815238,,,,,,,,,,0.0,proceed,0.004444547463208437,-0.0,0.0
robot,23.900000000000002,robot_4,-1.149024981207743,-1.2640287043062168,0.0898606395675796,-4.45634114700972e-05,-0.00016068117544843521,,,,,,,,,,0.0,proceed,0.004029528237879276,-0.0,0.0
pair,23.900000000000002,,,,,,,robot_1,robot_2,3.0665154934800816,-0.0841749130955124,0.9621845339957723,0.9658594584385963,2.999861441269799,1.0041575416689972,1,,,,,
pair,23.900000000000002,,,,,,,robot_1,robot_3,3.661709317450114,-0.5587474034578704,-0.1302662514811761,0.5737316072397173,-1.460763611597843,3.564509300761966,0,,,,,
pair,23.900000000000002,,,,,,,robot_1,robot_4,4.015771817808032,-0.25516917219328183,0.9868616015629849,1.0193169904780672,1.8059405702615863,3.5690031202834818,0,,,,,
pair,23.900000000000002,,,,,,,robot_2,robot_3,1.0109578041674472,-0.47457249036235805,-1.0924507854769483,1.1910784051849532,-0.2817572842346922,0.9536307810342227,0,,,,,
pair,23.900000000000002,,,,,,,robot_2,robot_4,2.266434197233212,-0.17099425909776944,0.02467706756721255,0.172765720871103,-13.117698169852435,0.02569125056310132,0,,,,,
pair,23.900000000000002,,,,,,,robot_3,robot_4,3.146183844885265,0.3035782312645886,1.117127853044161,1.1576417332425402,-0.14517214711995194,3.14169214240194,0,,,,,
robot,24.0,robot_1,1.857994418468159,1.3846310607021974,0.046756338667147554,-0.010829117432567672,-0.05965695785622031,,,,,,,,,,1.0,proceed,0.00012122243060730398,-0.0011869692243635654,0.000775810971390456
robot,24.0,robot_2,1.1143990606906948,-1.5106522971256924,0.08991138664370611,0.0031656720257028335,0.011247205370527986,,,,,,,,,,1.0,proceed,-0.0003072353720199317,-0.0012219023192301393,0.002656388795003295
robot,24.0,robot_3,1.8072810889065527,-2.2610938615936655,0.046166994570809326,-0.0331905985709246,0.021798710300630877,,,,,,,,,,0.0,proceed,0.004445874597877264,-0.0,0.0
robot,24.0,robot_4,-1.1490805354543365,-1.2125347136334013,0.08557236954992561,-3.945502962497791e-05,-0.00014341524361194196,,,,,,,,,,0.0,proceed,0.004029443953186274,-0.0,0.0
pair,24.0,,,,,,,robot_1,robot_2,2.9892473598254354,-0.08165070096166585,0.9471971687693505,0.9507098997550224,2.9669648215629847,0.9895061926761738,1,,,,,
pair,24.0,,,,,,,robot_1,robot_3,3.646077625455114,-0.5311961971492769,-0.1566857074852409,0.5538229056259807,-1.9502219794737785,3.4824293850300023,0,,,,,
pair,24.0,,,,,,,robot_1,robot_4,3.973382669450327,-0.21720769079805333,0.968509519460882,0.9925673126937897,1.8902142881681878,3.5025383715633365,0,,,,,
pair,24.0,,,,,,,robot_2,robot_3,1.0213951471911642,-0.44954549618761097,-1.1038828762545914,1.1919096264527251,-0.3638602909182752,0.9247498360684777,0,,,,,
pair,24.0,,,,,,,robot_2,robot_4,2.2830273707847124,-0.13555698983638748,0.02131235069153159,0.13722213300157263,-16.632262402462434,0.05704727458628402,0,,,,,
pair,24.0,,,,,,,robot_3,robot_4,3.136805754388517,0.31398850635122355,1.125195226946123,1.1681836674354806,-0.18434734901953012,3.129404742981841,0,,,,,
robot,24.1,robot_1,1.8711777050060876,1.3555044170243697,0.043792681386057575,-0.009380975007018153,-0.03725043267769626,,,,,,,,,,1.0,proceed,0.00016111970762722194,-0.0012709135189652443,0.0007670248742215335
robot,24.1,robot_2,1.132075508689899,-1.450568561170644,0.09023091639583032,0.005116182415213166,0.01784260901617848,,,,,,,,,,1.0,yield,-0.0003350894257891923,-0.0011968922335654497,0.002723532263189554
robot,24.1,robot_3,1.769323152748622,-2.274570135983457,0.04760945407039352,-0.034370564780895334,0.028997536458005988,,,,,,,,,,0.0,proceed,0.004086799453943968,-0.0,0.0
robot,24.1,robot_4,-1.1491407989422529,-1.1526421921561478,0.08670630762017381,-3.8946476467371284e-05,-0.00013971516246824377,,,,,,,,,,0.0,proceed,0.004026073031127453,-0.0,0.0
pair,24.1,,,,,,,robot_1,robot_2,2.9017783539677264,-0.011370704408179555,1.1593444552820875,1.1594002151595706,2.413911360777469,0.7665869368900341,1,,,,,
pair,24.1,,,,,,,robot_1,robot_3,3.6315032163293677,-0.43039093530473216,0.04231839954460692,0.43246641965879745,0.5869823580423391,3.622620005892854,0,,,,,
pair,24.1,,,,,,,robot_1,robot_4,3.925955078504652,-0.08592460273481455,1.1735108469478304,1.176652346812494,1.938459194494477,3.1954111482465666,0,,,,,
pair,24.1,,,,,,,robot_2,robot_3,1.0416636478021055,-0.4190202308965526,-1.1170260557374805,1.1930319204015596,-0.4590739987067266,0.8860580630167044,0,,,,,
pair,24.1,,,,,,,robot_2,robot_4,2.3005886124122736,-0.07455389832663499,0.01416639166574285,0.0758878805114852,-30.264803936700194,0.13315738159714674,0,,,,,
pair,24.1,,,,,,,robot_3,robot_4,3.1266842099034706,0.3444663325699176,1.1311924474032233,1.1824776561678716,-0.18866669019185422,3.1187149838758907,0,,,,,
robot,24.200000000000003,robot_1,1.8818075103846688,1.331792137076327,0.04190077989915644,-0.0079977804376038,-0.0253604823437884,,,,,,,,,,1.0,proceed,0.0002592842502053827,-0.0012912862002849579,0.0008248690865002573
robot,24.200000000000003,robot_2,1.1459800498058552,-1.397949286919183,0.09118504078474722,0.006229424788923979,0.021855029819442935,,,,,,,,,,1.0,yield,-0.0003841806610580534,-0.0011396585032343864,0.002771479543298483
robot,24.200000000000003,robot_3,1.735811515330137,-2.2873162755178558,0.049333354151371155,-0.03519049398891384,0.03491750140860913,,,,,,,,,,0.0,proceed,0.004122743848711252,-0.0,0.0
robot,24.200000000000003,robot_4,-1.147808117881738,-1.1014739544165224,0.08484240872864843,-0.0035701857657210014,-0.013382097752611854,,,,,,,,,,0.0,proceed,0.004072714131325483,-0.0,0.0
pair,24.200000000000003,,,,,,,robot_1,robot_2,2.8271770891861197,-0.013683740521292315,1.1634245571359574,1.1635050257311537,2.338536284643283,0.767880491300088,1,,,,,
pair,24.200000000000003,,,,,,,robot_1,robot_3,3.6220519781861147,-0.4057586952692644,0.03550784576255228,0.4073093736919308,0.4175238834252146,3.6180574423047593,0,,,,,
pair,24.200000000000003,,,,,,,robot_1,robot_4,3.8857888165782946,-0.033798493315456396,1.1678872372042077,1.1683761966827604,2.006723372441418,3.098736660241833,0,,,,,
pair,24.200000000000003,,,,,,,robot_2,robot_3,1.0671807710653307,-0.39207495474797205,-1.1279167113734052,1.1941184522215633,-0.5413167297056807,0.849144644554684,0,,,,,
pair,24.200000000000003,,,,,,,robot_2,robot_4,2.312868734062997,-0.02011475279416408,0.0044626800682503465,0.020603853847324063,-111.8020150213749,0.20738424692447702,0,,,,,
pair,24.200000000000003,,,,,,,robot_3,robot_4,3.1179294731536165,0.37196020195380797,1.1323793914416556,1.1919049785948928,-0.19021859480126146,3.109675402998421,0,,,,,
robot,24.3,robot_1,1.8919326625214654,1.29981961723521,0.05900997817617782,-0.02456404012672272,-0.046416437865795794,,,,,,,,,,1.0,proceed,0.00038411980494856834,-0.0013219983084127307,0.0008878123480826616
robot,24.3,robot_2,1.1556728008246142,-1.3418279313020216,0.07866421078723797,0.01849974546611171,0.026350782477465893,,,,,,,,,,1.0,yield,-0.0004530276346486062,-0.001068097073584795,0.0028286147862672806
robot,24.3,robot_3,1.6984385288403998,-2.302506066517529,0.05208791225447608,-0.03738084539506328,0.04333157453926128,,,,,,,,,,0.0,proceed,0.0041259960271418095,-0.0,0.0
robot,24.3,robot_4,-1.1425631149923265,-1.0471069226679366,0.08404656442734167,-0.010427690960343412,-0.033656847850338976,,,,,,,,,,0.0,proceed,0.0041549429297447205,-0.0,0.0
pair,24.3,,,,,,,robot_1,robot_2,2.742331189816181,-0.010490503313207139,1.1669209171812485,1.1669680705207364,2.2579213940180307,0.7599773017435997,1,,,,,
pair,24.3,,,,,,,robot_1,robot_3,3.6075185809076054,-0.37605027567575333,0.028454662816621012,0.3771252811358815,0.20910359429584638,3.606656580230364,0,,,,,
pair,24.3,,,,,,,robot_1,robot_4,3.836173719665311,0.025650844778059317,1.157409620798326,1.1576938266028514,2.0848217277883685,2.9817503380105643,0,,,,,
pair,24.3,,,,,,,robot_2,robot_3,1.1034025172119422,-0.3655597723625462,-1.1384662543646276,1.1957170900747307,-0.6261884841613797,0.8104808017205057,0,,,,,
pair,24.3,,,,,,,robot_2,robot_4,2.317056062697065,0.036141348091266456,-0.009511296382922696,0.037371938680484426,61.478393013555,0.2998931494076242,0,,,,,
pair,24.3,,,,,,,robot_3,robot_4,3.106013095696562,0.4017011204538127,1.1289549579817049,1.1982917371514006,-0.19225221158237632,3.0974578385758416,0,,,,,
robot,24.400000000000002,robot_1,1.8969438737006932,1.2635462777874473,0.04805862416383478,-0.02400617565856202,-0.04751338355665261,,,,,,,,,,1.0,proceed,0.0007081287913024426,-0.001418807078152895,0.00114176154602319
robot,24.400000000000002,robot_2,1.1560549007815661,-1.3025504225374083,0.04589021324755501,0.015446159946369695,0.01784879218519432,,,,,,,,,,1.0,yield,-0.0006042455788701773,-0.0009119046153500676,0.003044049022719264
robot,24.400000000000002,robot_3,1.6687988816265853,-2.3152892590983623,0.033227885146559666,-0.024025457607239512,0.031088876181428294,,,,,,,,,,0.0,proceed,0.004216945264488459,-0.0,0.0
robot,24.400000000000002,robot_4,-1.134535885349596,-1.0061413294298376,0.05119280430416947,-0.010090044461125908,-0.03790708439982853,,,,,,,,,,0.0,proceed,0.004300152882933617,-0.0,0.0
pair,24.400000000000002,,,,,,,robot_1,robot_2,2.6709115944956454,-0.005605133097387721,1.1669321359204239,1.166945597429821,2.195910784779476,0.7532060338805584,1,,,,,
pair,24.400000000000002,,,,,,,robot_1,robot_3,3.586100101431252,-0.35948429547717753,0.023343164612052436,0.3602413941079343,0.011765121964563325,3.5860975968919884,0,,,,,
pair,24.400000000000002,,,,,,,robot_1,robot_4,3.7869976714921973,0.05132841789824663,1.150570640458672,1.1517149843470023,2.0860510360350863,2.9273146392358536,0,,,,,
pair,24.400000000000002,,,,,,,robot_2,robot_3,1.1351415510726546,-0.3538791623797898,-1.1435889713083713,1.1970907220694513,-0.681569922438926,0.7892096358056779,0,,,,,
pair,24.400000000000002,,,,,,,robot_2,robot_4,2.309689264811573,0.05693355099563435,-0.01636149546175203,0.059237891275073506,38.54552256578014,0.34778193636807253,0,,,,,
pair,24.400000000000002,,,,,,,robot_3,robot_4,3.09395444657687,0.41081271337542413,1.1272274758466194,1.1997536696232354,-0.22513544372558192,3.0821415096732476,0,,,,,
robot,24.5,robot_1,1.900438527695404,1.206520701411804,0.08843045543511138,-0.04373584157870438,-0.11310828922424568,,,,,,,,,,1.0,proceed,0.0007912356522865593,-0.0014500124379992485,0.0011532902717590332
robot,24.5,robot_2,1.153785125959076,-1.254469600293966,0.07488904092968118,0.025286468359972412,0.027088127781207016,,,,,,,,,,1.0,yield,-0.0006491465610451996,-0.0009053101530298591,0.0029774862341582775
robot,24.5,robot_3,1.6321689125469006,-2.3326373099176,0.0542454538388729,-0.0381992211028637,0.055763711062395895,,,,,,,,,,0.0,proceed,0.004216534551233053,-0.0,0.0
robot,24.5,robot_4,-1.119636610657548,-0.9577863301777888,0.07871097975927475,-0.021250047400821072,-0.09155278068094533,,,,,,,,,,0.0,proceed,0.004446573089808226,-0.0,0.0
pair,24.5,,,,,,,robot_1,robot_2,2.571762929862371,-0.0005432438463317257,1.1686651887422992,1.1686653150033803,2.105515521794687,0.747797290877946,1,,,,,
pair,24.5,,,,,,,robot_1,robot_3,3.5493109212309126,-0.3282674073013493,0.015743744853181085,0.3286447264118991,-0.299466364473067,3.5479461530146876,0,,,,,
pair,24.5,,,,,,,robot_1,robot_4,3.7155186405515117,0.07133735281996131,1.147126229682254,1.149342248737243,2.0425456840348315,2.879918036711292,0,,,,,
pair,24.5,,,,,,,robot_2,robot_3,1.179532389273469,-0.32772416345501754,-1.152921443889118,1.198595420937215,-0.7561195317716878,0.7549507705936713,0,,,,,
pair,24.5,,,,,,,robot_2,robot_4,2.2926987057369255,0.07188059666629304,-0.021538959060045215,0.0750383031157595,30.156773459444626,0.3683634368930622,0,,,,,
pair,24.5,,,,,,,robot_3,robot_4,3.076141878072276,0.3996047601213106,1.1313824848290728,1.1998792819653223,-0.31662462544376,3.0525917245371263,0,,,,,
robot,24.6,robot_1,1.9011423331735213,1.1640014968589218,0.06062618014874507,-0.029014870863886127,-0.0780200167301892,,,,,,,,,,1.0,proceed,0.00013344093167688698,-0.0013935585739091039,0.000704464502632618
robot,24.6,robot_2,1.151909451862917,-1.2206637069492283,0.05070395505942213,0.01659749014181377,0.014316631921823997,,,,,,,,,,1.0,yield,-0.0009152856073342264,-0.0008565362659282982,0.0029009939171373844
robot,24.6,robot_3,1.606981913295621,-2.3460177805766556,0.03736837048725368,-0.025160011394956317,0.039098876489752576,,,,,,,,,,0.0,proceed,0.004254479426890612,-0.0,0.0
robot,24.6,robot_4,-1.106692480755281,-0.925783895404466,0.05163961641307904,-0.014826195168065968,-0.07125551212865135,,,,,,,,,,0.0,proceed,0.004557834472507238,-0.0,0.0
pair,24.6,,,,,,,robot_1,robot_2,2.4995955762263535,0.007896458870970985,1.1655665926781893,1.1655933407626113,2.0501886630154478,0.7330604731575735,1,,,,,
pair,24.6,,,,,,,robot_1,robot_3,3.5223239034183265,-0.31717853300935217,0.010911433845870011,0.31736616264267603,-0.546081489956147,3.518057715781818,0,,,,,
pair,24.6,,,,,,,robot_1,robot_4,3.662550102537787,0.06285649941400379,1.1488841443112845,1.150602327725985,1.9563495828908724,2.889179912156205,0,,,,,
pair,24.6,,,,,,,robot_2,robot_3,1.2138833289012023,-0.3250749918803232,-1.1546551588323193,1.1995425320363096,-0.800237250988964,0.7430134470261028,0,,,,,
pair,24.6,,,,,,,robot_2,robot_4,2.277770136182168,0.0549600405430328,-0.01668244836690458,0.05743613966838515,39.119638165579765,0.3738483095912368,0,,,,,
pair,24.6,,,,,,,robot_3,robot_4,3.0628570005011366,0.380035032423356,1.1379727104654145,1.1997535228675194,-0.40634473196612386,3.0238094466670336,0,,,,,
robot,24.700000000000003,robot_1,1.8995668324032375,1.097855555816437,0.07754914436458207,-0.034738112929141286,-0.08281141038201258,,,,,,,,,,1.0,proceed,0.0002696939918678254,-0.0013425304787233472,0.0007359582232311368
robot,24.700000000000003,robot_2,1.149139131722139,-1.1678598413642118,0.06513948982558405,0.02019448920511998,0.013301177546573086,,,,,,,,,,1.0,yield,-0.000802528636995703,-0.0009313681512139738,0.0029249300714582205
robot,24.700000000000003,robot_3,1.5695394414466464,-2.3682651882412378,0.046340931184779804,-0.030459011585034036,0.05266950347402814,,,,,,,,,,0.0,proceed,0.004241489339619875,-0.0,0.0
robot,24.700000000000003,robot_4,-1.0847659517392216,-0.8783886404689325,0.06446575951852108,-0.016943329092806075,-0.0823848345702747,,,,,,,,,,0.0,proceed,0.0046125068329274654,-0.0,0.0
pair,24.700000000000003,,,,,,,robot_1,robot_2,2.386756794265177,0.06115641797327109,1.1497747258669597,1.1514000293997582,1.9996316832746077,0.6290253148357956,1,,,,,
pair,24.700000000000003,,,,,,,robot_1,robot_3,3.4817971065483615,-0.2915487960673504,0.0037903680436719434,0.2915734339377097,-0.9772528301275578,3.470118115927039,0,,,,,
pair,24.700000000000003,,,,,,,robot_1,robot_4,3.5793551500038507,0.04203117418909941,1.1561532514407333,1.156917006712536,1.8007872016349038,2.9105650346359684,0,,,,,
pair,24.700000000000003,,,,,,,robot_2,robot_3,1.271892061940562,-0.3527052140406215,-1.1459843578232878,1.1990334092038861,-0.8537139114887813,0.7549092434172558,0,,,,,
pair,24.700000000000003,,,,,,,robot_2,robot_4,2.252581962562575,-0.019125243784171686,0.006378525573773719,0.02016086650665797,-109.65487315490046,0.43216463021293794,0,,,,,
pair,24.700000000000003,,,,,,,robot_3,robot_4,3.0438576260885637,0.3335799702564498,1.1523628833970614,1.199673210331665,-0.5777141368874802,2.9639038032837974,0,,,,,
robot,24.8,robot_1,1.8976318746143532,1.0593762111322407,0.07754914436458207,-0.034738112929141286,-0.08281141038201258,,,,,,,,,,1.0,proceed,0.0003748227609321475,-0.0013516395119950175,0.0008379746577702463
robot,24.8,robot_2,1.1478595878261575,-1.1368200957925092,0.06513948982558405,0.02019448920511998,0.013301177546573086,,,,,,,,,,1.0,yield,-0.0007336609996855259,-0.0009767980081960559,0.0029386889655143023
robot,24.8,robot_3,1.548225433819018,-2.3822622298348777,0.046340931184779804,-0.030459011585034036,0.05266950347402814,,,,,,,,,,0.0,proceed,0.004306672140955925,-0.0,0.0
robot,24.8,robot_4,-1.0715064468937257,-0.8512731659530148,0.06446575951852108,-0.016943329092806075,-0.0823848345702747,,,,,,,,,,0.0,proceed,0.003479034174233675,-0.0,0.0
pair,24.8,,,,,,,robot_1,robot_2,2.320654369048849,0.08861370959320639,1.1385219828252473,1.1419652774512026,1.9683214500914734,0.5770920901736218,1,,,,,
pair,24.8,,,,,,,robot_1,robot_3,3.459329417562288,-0.2787671639122551,-4.166289020846037e-05,0.27876716702559956,-1.2552439640944133,3.44158618231219,0,,,,,
pair,24.8,,,,,,,robot_1,robot_4,3.5307737699269386,0.028888491581841036,1.159459901628239,1.1598197310054867,1.7106202684184557,2.9206271950503573,0,,,,,
pair,24.8,,,,,,,robot_2,robot_3,1.3082121081405675,-0.36738087350546145,-1.1385636457154558,1.1963677869127478,-0.8879564308204877,0.7634722585565487,0,,,,,
pair,24.8,,,,,,,robot_2,robot_4,2.2376600825882864,-0.05972521801136535,0.020937918802991562,0.06328900465567291,-34.58518138996491,0.46476561532250044,0,,,,,
pair,24.8,,,,,,,robot_3,robot_4,3.0342911265316306,0.3076556554940961,1.1595015645184474,1.1996232243826515,-0.6734845808398207,2.92475219468491,0,,,,,
robot,24.900000000000002,robot_1,1.8943571631031482,0.9948918072277741,0.07512563690834238,-0.026595560370761166,-0.04946145384624387,,,,,,,,,,1.0,proceed,-0.0018379008397459984,-0.0003387638716958463,0.0010623751441016793
robot,24.900000000000002,robot_2,1.1485670801090564,-1.086288508361343,0.05994123716867574,0.011112981745824783,-0.01139663326206392,,,,,,,,,,1.0,yield,-0.0009980291360989213,-0.0010401352774351835,0.0029442142695188522
robot,24.900000000000002,robot_3,1.51336825887052,-2.4074215650614996,0.0449916391903106,-0.02808305191663442,0.052879245817771064,,,,,,,,,,0.0,proceed,0.004300650674849749,-0.0,0.0
robot,24.900000000000002,robot_4,-1.0502437275353385,-0.8056401935251484,0.061403627946807086,-0.008425971313358644,-0.0490350080195949,,,,,,,,,,0.0,proceed,0.0033815947826951742,-0.0,0.0
pair,24.900000000000002,,,,,,,robot_1,robot_2,2.210772343297236,0.12970766087281277,1.1178604261398122,1.1253603909941825,1.9134040592823607,0.5009454694766567,1,,,,,
pair,24.900000000000002,,,,,,,robot_1,robot_3,3.4235783660384915,-0.25804888199727427,-0.00574345764282258,0.2581127908603874,-1.7690016372707142,3.3929932932439684,0,,,,,
pair,24.900000000000002,,,,,,,robot_1,robot_4,3.4514619932550747,0.007407879688468011,1.1640230676880345,1.1640466394399072,1.5628537831246694,2.9330828522849517,0,,,,,
pair,24.900000000000002,,,,,,,robot_2,robot_3,1.370573768000706,-0.387756542870087,-1.1236038837826348,1.188629809566453,-0.9505502435919523,0.775826081914153,0,,,,,
pair,24.900000000000002,,,,,,,robot_2,robot_4,2.2166489222324297,-0.12229978118434476,0.04616264154822258,0.13072194135816792,-16.49495676051693,0.5139128669100561,0,,,,,
pair,24.900000000000002,,,,,,,robot_3,robot_4,3.0228810725936053,0.2654567616857423,1.1697665253308571,1.1995086561210417,-0.8292776376162369,2.8545281136392124,0,,,,,
robot,25.0,robot_1,1.894544612091805,0.9561706902177171,0.08292020589591866,-0.018820314764750653,-0.03322180397562646,,,,,,,,,,1.0,proceed,-0.0016714109806343913,-0.00045269678230397403,0.0011653628898784518
robot,25.0,robot_2,1.1515042711699068,-1.0581095465130599,0.060277764955169025,0.007961736135328747,-0.037765102800051645,,,,,,,,,,1.0,yield,-0.0010429942049086094,-0.0010277173714712262,0.002892980119213462
robot,25.0,robot_3,1.493707278853005,-2.422922850587157,0.04611227123787912,-0.028395981482817582,0.054601351720134327,,,,,,,,,,0.0,proceed,0.004317309241741896,-0.0,0.0
robot,25.0,robot_4,-1.040379552045937,-0.7788813323276973,0.06095479709169572,0.000643717142257999,-0.024736913749244645,,,,,,,,,,0.0,proceed,0.0033401765394955873,-0.0,0.0
pair,25.0,,,,,,,robot_1,robot_2,2.146959203227096,0.15487004746620103,1.104789499785101,1.1155915786871096,1.8805516520872876,0.4562166839709308,1,,,,,
pair,25.0,,,,,,,robot_1,robot_3,3.4027847015682924,-0.2438638667354311,-0.00811757721494688,0.24399893556939284,-2.102608286255406,3.363887580094654,0,,,,,
pair,25.0,,,,,,,robot_1,robot_4,3.409425959040401,-0.0011376892031224606,1.166438601165145,1.166439155989211,1.4850226890137528,2.936615055236708,0,,,,,
pair,25.0,,,,,,,robot_2,robot_3,1.4070601456387755,-0.3987339142016321,-1.112907077000048,1.182180568429098,-0.9892036445844703,0.782484101509429,0,,,,,
pair,25.0,,,,,,,robot_2,robot_4,2.2095979476077656,-0.1560077366693235,0.06164910138004398,0.16774690936542444,-12.763945982742358,0.5458574865422215,0,,,,,
pair,25.0,,,,,,,robot_3,robot_4,3.020673530902721,0.24272617753230863,1.174556178380092,1.1993740923624674,-0.9147942628638805,2.8143673260164066,0,,,,,
robot,25.1,robot_1,1.9006741995300767,0.9024778173083233,0.08006701776357218,-0.001441233642552938,-0.016640293449289984,,,,,,,,,,1.0,yield,-0.001556501374579966,-0.0005050451145507395,0.0012317830696702003
robot,25.1,robot_2,1.1585743563996305,-1.0208281039025027,0.055648947322794906,0.0032342299376546153,-0.06170252776007697,,,,,,,,,,1.0,proceed,-0.0010471449932083488,-0.0010221113916486502,0.00288756494410336
robot,25.1,robot_3,1.4672725538877585,-2.445822605978316,0.045373898341469134,-0.026550629964432543,0.05254745764004143,,,,,,,,,,0.0,proceed,0.004326066002249718,-0.0,0.0
robot,25.1,robot_4,-1.0308510662922135,-0.7408134576528391,0.058676542426389575,0.0051912594134234675,0.0011692022224583138,,,,,,,,,,0.0,proceed,0.00329182599671185,-0.0,0.0
pair,25.1,,,,,,,robot_1,robot_2,2.061508632952784,0.1877894471997218,1.087848848630788,1.103938401337189,1.8311818215993962,0.40411304076208976,1,,,,,
pair,25.1,,,,,,,robot_1,robot_3,3.376233509552762,-0.22194967515252764,-0.010145977432233777,0.22218145547810228,-2.6368113427661406,3.325016061111233,0,,,,,
pair,25.1,,,,,,,robot_1,robot_4,3.3606913869794606,-0.00704920634151085,1.16633609259693,1.1663573947141244,1.3936926869194912,2.9414034143502192,0,,,,,
pair,25.1,,,,,,,robot_2,robot_3,1.4580479786614413,-0.4097391223522494,-1.097994826063022,1.1719551128124137,-1.0470863300751234,0.7874235200695606,0,,,,,
pair,25.1,,,,,,,robot_2,robot_4,2.2072589072520885,-0.19483865354123264,0.0784872439661417,0.2100532036869734,-10.166328305688461,0.5583551623623827,0,,,,,
pair,25.1,,,,,,,robot_3,robot_4,3.0245128231790748,0.2149004688110168,1.1764820700291636,1.195948273377783,-1.027108083615955,2.7638360176102434,0,,,,,
robot,25.200000000000003,robot_1,1.9133826967902383,0.8544611935847527,0.0889690548105306,-0.00318344896539028,-0.011027444841633493,,,,,,,,,,1.0,yield,-0.0018595234723761678,-0.00035569517058320343,0.000988840009085834
robot,25.200000000000003,robot_2,1.1673762102533565,-0.9899405078165371,0.05329224177051246,0.0014888623445198958,-0.07822464013441334,,,,,,,,,,1.0,proceed,-0.0012116970028728247,-0.0010326715419068933,0.0022033248096704483
robot,25.200000000000003,robot_3,1.4450477964634012,-2.46724092282347,0.045290415001224577,-0.02534920835959698,0.05137445959608893,,,,,,,,,,0.0,proceed,0.004301287699490786,-0.0,0.0
robot,25.200000000000003,robot_4,-1.0247820160434806,-0.7072475979151134,0.05633579352221903,0.008090676997799102,0.018061751622668615,,,,,,,,,,0.0,proceed,0.0031909551471471786,-0.0,0.0
pair,25.200000000000003,,,,,,,robot_1,robot_2,1.9895585726706002,0.22026696737640972,1.0740067389487449,1.096361259906842,1.7846972909074328,0.3602418645128834,1,,,,,
pair,25.200000000000003,,,,,,,robot_1,robot_3,3.354555489035025,-0.1971964716216695,-0.01008148985403512,0.19745400694266227,-3.227696269916681,3.29345772039378,0,,,,,
pair,25.200000000000003,,,,,,,robot_1,robot_4,3.327423361880664,-0.004033104286060463,1.167311689835035,1.1673186570751397,1.3291555443712992,2.9435429045412733,0,,,,,
pair,25.200000000000003,,,,,,,robot_2,robot_3,1.50316932711124,-0.41746343899807925,-1.08408822880278,1.1616897222274336,-1.1008380318175035,0.7900038988084602,0,,,,,
pair,25.200000000000003,,,,,,,robot_2,robot_4,2.2103106049669647,-0.22430007166247018,0.09330495088629015,0.24293278084211334,-8.7785506585951,0.5809474341050977,0,,,,,
pair,25.200000000000003,,,,,,,robot_3,robot_4,3.0327604268174153,0.19316336733560904,1.1773931796890702,1.1931331803527931,-1.1205118785693773,2.7221831282954208,0,,,,,
robot,25.3,robot_1,1.9228695186054152,0.7968397857033189,0.07162458714923532,-0.01039810576102286,-0.007477187676682252,,,,,,,,,,1.0,yield,0.0007271214853972197,-0.001123608904890716,0.002125306287780404
robot,25.3,robot_2,1.1848660158482287,-0.9526744217968189,0.06663672246075701,-0.01325360387052946,-0.08464317784839549,,,,,,,,,,1.0,proceed,-0.0005839176010340452,-0.0013342078309506178,0.0022294248919934034
robot,25.3,robot_3,1.4200002939904282,-2.493392965688601,0.044595220491230325,-0.024984709314725923,0.049614347479897146,,,,,,,,,,0.0,proceed,0.004264390096068382,-0.0,0.0
robot,25.3,robot_4,-1.0196616584399014,-0.6678872448634863,0.05522643357427505,0.009316709666034904,0.024508750765601266,,,,,,,,,,0.0,proceed,0.003135614562779665,-0.0,0.0
pair,25.3,,,,,,,robot_1,robot_2,1.898802025574734,0.25492428067365513,1.0524303913621385,1.082864773431865,1.7306700097439085,0.30539701029333605,1,,,,,
pair,25.3,,,,,,,robot_1,robot_3,3.3284394264274844,-0.17436419890196198,-0.010784388300774994,0.17469738661395268,-4.035676897130447,3.252914493623603,0,,,,,
pair,25.3,,,,,,,robot_1,robot_4,3.2869309396390958,-0.004164932416757958,1.1678871805443198,1.1678946070351541,1.2451672323005465,2.947735958687322,0,,,,,
pair,25.3,,,,,,,robot_2,robot_3,1.5585575896480268,-0.4292884795756171,-1.0632147796629137,1.146609901575075,-1.169207887754598,0.7948744901255709,0,,,,,
pair,25.3,,,,,,,robot_2,robot_4,2.2228463740996336,-0.2590892130904131,0.11545678918218116,0.28365029615367604,-7.507690702281567,0.6372015253202794,0,,,,,
pair,25.3,,,,,,,robot_3,robot_4,3.047034883112005,0.170199266485204,1.1786715688450946,1.1908964931999162,-1.2243695024633927,2.6755137274863423,0,,,,,
robot,25.400000000000002,robot_1,1.924197247987444,0.7578498709282132,0.055724696956130894,-0.015612314135039725,-0.009869225048699663,,,,,,,,,,1.0,yield,0.001033862354233861,-0.0012052729725837708,0.0023086247965693474
robot,25.400000000000002,robot_2,1.2113191554542018,-0.9188539841821259,0.07248092514002953,-0.02044062507190568,-0.08686045236527261,,,,,,,,,,1.0,proceed,9.562716877553612e-05,-0.0014879563823342323,0.0025932248681783676
robot,25.400000000000002,robot_3,1.3998542685075062,-2.516680037899613,0.04602764009051189,-0.024090581317000946,0.04878274208366104,,,,,,,,,,0.0,proceed,0.004250978119671345,-0.0,0.0
robot,25.400000000000002,robot_4,-1.0138159821178645,-0.6345991496478903,0.05706440331869709,0.001960278614428988,0.025433301807331252,,,,,,,,,,0.0,proceed,0.0031221951358020306,-0.0,0.0
pair,25.400000000000002,,,,,,,robot_1,robot_2,1.8219580106456097,0.274572556366632,1.0354600640312044,1.0712458321567526,1.683470835190977,0.2593054957462222,1,,,,,
pair,25.400000000000002,,,,,,,robot_1,robot_3,3.316245118192844,-0.16010251261739086,-0.011884033695422347,0.16054296871328788,-4.766937172608237,3.226732136324053,0,,,,,
pair,25.400000000000002,,,,,,,robot_1,robot_4,3.2512822109403516,-0.01025040441079976,1.1684367547264305,1.1684817159828464,1.1695706973738538,2.950115318330318,0,,,,,
pair,25.400000000000002,,,,,,,robot_2,robot_3,1.6089106832861853,-0.43467506898402286,-1.0473440977266266,1.1339629952688344,-1.2376986829962915,0.78661851552153,0,,,,,
pair,25.400000000000002,,,,,,,robot_2,robot_4,2.2432180436627074,-0.28482296077743174,0.1329766906952261,0.3143356792575037,-6.7967795200192,0.683755671212209,0,,,,,
pair,25.400000000000002,,,,,,,robot_3,robot_4,3.0607241869656163,0.14985210820659112,1.1803207884218527,1.189795284036184,-1.3137530253948553,2.6314938411145565,0,,,,,
robot,25.5,robot_1,1.9227341980717638,0.7243371840344781,0.05186298612324985,-0.014946491806322154,-0.01033644401768158,,,,,,,,,,1.0,yield,0.0009589694091118872,-0.0012029792414978147,0.0023125410079956055
robot,25.5,robot_2,1.2419184337651978,-0.8862154946771233,0.07046110444557696,-0.020225739658238175,-0.08749274497995345,,,,,,,,,,1.0,proceed,8.77647107699886e-05,-0.0016110093565657735,0.002631155773997307
robot,25.5,robot_3,1.3805765722056689,-2.5413055479895705,0.04623966289590456,-0.023207728750850948,0.046619389297595897,,,,,,,,,,0.0,proceed,0.00425300607457757,-0.0,0.0
robot,25.5,robot_4,-1.0061433075942288,-0.6012631632133039,0.05637342595510424,0.0014965047876699666,0.023135220050150236,,,,,,,,,,0.0,proceed,0.00305562955327332,-0.0,0.0
pair,25.5,,,,,,,robot_1,robot_2,1.7485394007094746,0.2880181169358835,1.0216318712456256,1.0614547168994686,1.6344207984024295,0.21826153280490962,1,,,,,
pair,25.5,,,,,,,robot_1,robot_3,3.310340971033989,-0.14749284196649007,-0.01283449958231675,0.14805020368402233,-5.560382414203259,3.2063488854351476,0,,,,,
pair,25.5,,,,,,,robot_1,robot_4,3.2148934233998623,-0.019219841910617916,1.1677735659691797,1.1679317204783177,1.0935762039664818,2.9502953792350777,0,,,,,
pair,25.5,,,,,,,robot_2,robot_3,1.6608880648404867,-0.43551095890237357,-1.0344663708279422,1.1224038790462187,-1.3111290364261496,0.769996481284941,0,,,,,
pair,25.5,,,,,,,robot_2,robot_4,2.266049298707035,-0.3072379588465014,0.1461416947235542,0.3402242764601565,-6.326713881856816,0.708319178588002,0,,,,,
pair,25.5,,,,,,,robot_3,robot_4,3.075743201140242,0.12827300005587217,1.1806080655514966,1.187556047935667,-1.40700058736227,2.5823082645786712,0,,,,,
robot,25.6,robot_1,1.9208478841835832,0.6875438253719712,0.047061203743562076,-0.013400060472476341,-0.008155548873782665,,,,,,,,,,1.0,yield,0.0009902117308229208,-0.0011827977141365409,0.0023591110948473215
robot,25.6,robot_2,1.2784953281214806,-0.85121774336464,0.0653960908333553,-0.018262399120227996,-0.08089965791571059,,,,,,,,,,1.0,proceed,0.00030320396763272583,-0.0017040983075276017,0.0027065780013799667
robot,25.6,robot_3,1.3593243924503868,-2.5708028961572738,0.04422984232085545,-0.021953259670236723,0.04286665312848098,,,,,,,,,,0.0,proceed,0.004362176172435284,-0.0,0.0
robot,25.6,robot_4,-0.9973823795719446,-0.5630454836249589,0.05286097821240187,0.00042102792132001424,0.02052262215433058,,,,,,,,,,0.0,proceed,0.002990037901327014,-0.0,0.0
pair,25.6,,,,,,,robot_1,robot_2,1.6674543387152385,0.3002034955695889,1.007655491645612,1.0514236675078987,1.5770158950018331,0.17626432106571002,1,,,,,
pair,25.6,,,,,,,robot_1,robot_3,3.306377472320518,-0.13380696165635425,-0.013566198478853098,0.13449291702120486,-6.597570560128829,3.185087699628381,0,,,,,
pair,25.6,,,,,,,robot_1,robot_4,3.174908107658563,-0.029661328523544556,1.1654701425011402,1.165847523251394,1.0086561670553669,2.9491029599683753,0,,,,,
pair,25.6,,,,,,,robot_2,robot_3,1.7214837888708543,-0.4340104572259431,-1.0212216901244653,1.1096210242069775,-1.3977540486316058,0.7469778546058005,0,,,,,
pair,25.6,,,,,,,robot_2,robot_4,2.294049387362738,-0.32986482409313345,0.15781465085552826,0.3656723481460502,-5.954472308402695,0.722255744523733,0,,,,,
pair,25.6,,,,,,,robot_3,robot_4,3.095990412917064,0.1041456331328097,1.1790363409799935,1.18362705539039,-1.5145032951370578,2.5242259228079393,0,,,,,
robot,25.700000000000003,robot_1,1.919306876815225,0.6570556491934841,0.05260147154335401,-0.014532913571491233,-0.006646622108610134,,,,,,,,,,1.0,yield,0.0010374701814725995,-0.001197458361275494,0.0023832174483686686
robot,25.700000000000003,robot_2,1.310283030562549,-0.8231937672661207,0.07330551954017633,-0.019006948176938737,-0.08702166848872804,,,,,,,,,,1.0,proceed,0.00046174475573934615,-0.0017623334424570203,0.0027410858310759068
robot,25.700000000000003,robot_3,1.3417769928326022,-2.5971011198508442,0.05162069025480679,-0.025141458601486002,0.04768233831829007,,,,,,,,,,0.0,proceed,0.004444587975740433,-0.0,0.0
robot,25.700000000000003,robot_4,-0.9901782788541837,-0.529984129423888,0.06143172108646879,0.0009068515946708718,0.02305654493453457,,,,,,,,,,0.0,proceed,0.0028455406427383423,-0.0,0.0
pair,25.700000000000003,,,,,,,robot_1,robot_2,1.600639990826608,0.31312583798175336,0.9933732924328109,1.0415557059181126,1.5312340615383266,0.13583880686101596,1,,,,,
pair,25.700000000000003,,,,,,,robot_1,robot_3,3.3050078735776114,-0.12169710800502026,-0.013702285065729347,0.12246607168031509,-7.659259219873851,3.1691062133230115,0,,,,,
pair,25.700000000000003,,,,,,,robot_1,robot_4,3.1423187787174975,-0.06602139363023615,1.1830969979894974,1.184937690795866,0.8634103742205403,2.971104051455844,0,,,,,
pair,25.700000000000003,,,,,,,robot_2,robot_3,1.7741869025594823,-0.4348229459867736,-1.0070755774985403,1.096937652353421,-1.4732863060440156,0.7320857475139201,0,,,,,
pair,25.700000000000003,,,,,,,robot_2,robot_4,2.3190718246416866,-0.3791472316119895,0.18972370555668644,0.42396663511318416,-5.1619148183884125,0.7672358971258527,0,,,,,
pair,25.700000000000003,,,,,,,robot_3,robot_4,3.116245824908489,0.05567571437478411,1.1967992830552268,1.1980936144945633,-1.6330253776134485,2.425495451485075,0,,,,,
robot,25.8,robot_1,1.9178634176129001,0.6253333938404487,0.05101120837435044,-0.013595127747526015,-0.003530656502442438,,,,,,,,,,1.0,yield,0.0010713129304349422,-0.001203529885970056,0.0024275556206703186
robot,25.8,robot_2,1.3439887088040752,-0.7950210214205085,0.0709176397447891,-0.01636350474643846,-0.07803174745278435,,,,,,,,,,1.0,proceed,0.0005867492291145027,-0.0017985268495976925,0.002796577988192439
robot,25.8,robot_3,1.3237356267613616,-2.626349664036887,0.052524067039837107,-0.024988294492152514,0.04573237211244555,,,,,,,,,,0.0,proceed,0.004428192041814327,-0.0,0.0
robot,25.8,robot_4,-0.9834900778333397,-0.4934040713604358,0.06333639748646676,0.002790083688118188,0.022650805457431606,,,,,,,,,,0.0,proceed,0.00042982574086636305,-0.0,0.0
pair,25.8,,,,,,,robot_1,robot_2,1.5319069313642097,0.3222721469084039,0.9810449414362721,1.032622154415956,1.4802239016095635,0.10193100435431215,1,,,,,
pair,25.8,,,,,,,robot_1,robot_3,3.305515170249356,-0.10981624927192477,-0.013677339713762504,0.1106647108422517,-8.959103634524125,3.153322743559323,0,,,,,
pair,25.8,,,,,,,robot_1,robot_4,3.1095700058982776,-0.07060831932045522,1.1832004556489752,1.1853053838590297,0.7963499753859983,2.962844004433436,0,,,,,
pair,25.8,,,,,,,robot_2,robot_3,1.8314406309240212,-0.4320883961803286,-0.9947222811500346,1.0845150062262934,-1.556246266392754,0.711054858319273,0,,,,,
pair,25.8,,,,,,,robot_2,robot_4,2.3469406227705707,-0.3928804662288591,0.20215551421270328,0.44183923849156737,-4.996337076726123,0.7966998679689145,0,,,,,
pair,25.8,,,,,,,robot_3,robot_4,3.142092830146878,0.03920792995146954,1.1968777953627379,1.1975198197956671,-1.7171000238665266,2.375823388537284,0,,,,,
robot,25.900000000000002,robot_1,1.9168624902758173,0.59962102260047,0.033109648181025894,-0.00854049373924988,-0.0011764079205136013,,,,,,,,,,1.0,yield,0.0011168359778821468,-0.0012188231339678168,0.0024717405904084444
robot,25.900000000000002,robot_2,1.3716637817061461,-0.7728956745637771,0.04596326975685325,-0.009885714521002422,-0.04817599996167212,,,,,,,,,,1.0,proceed,0.0007102835224941373,-0.001838144613429904,0.002847346244379878
robot,25.900000000000002,robot_3,1.3091793796452886,-2.6514039824434383,0.035220065687830863,-0.016839543466418583,0.029226469161077028,,,,,,,,,,0.0,proceed,0.003514932468533516,-0.0,0.0
robot,25.900000000000002,robot_4,-0.9795229752217721,-0.4595928554958617,0.05185808245257497,0.005586524182404824,0.024912131265725793,,,,,,,,,,0.0,proceed,0.0004183517303317785,-0.0,0.0
pair,25.900000000000002,,,,,,,robot_1,robot_2,1.476835710504283,0.30033580490742173,0.9584285844545911,1.0043838644706615,1.4663174739409959,0.1098366106940017,1,,,,,
pair,25.900000000000002,,,,,,,robot_1,robot_3,3.3073316051412713,-0.10118412736410329,-0.013727668287261019,0.10211109884356424,-10.177440342973817,3.139815942035057,0,,,,,
pair,25.900000000000002,,,,,,,robot_1,robot_4,3.0839881329696386,-0.07224932675081283,1.1826532893646573,1.184858121490075,0.7432361458518001,2.9555836467679724,0,,,,,
pair,25.900000000000002,,,,,,,robot_2,robot_3,1.8795472229432841,-0.40151993227152505,-0.9721562527418521,1.0518108364893424,-1.6733998282405242,0.6593523305994837,0,,,,,
pair,25.900000000000002,,,,,,,robot_2,robot_4,2.371969186644111,-0.3725851316582346,0.22422470491006607,0.4348521572037906,-5.00415378832089,0.9439120350895305,0,,,,,
pair,25.900000000000002,,,,,,,robot_3,robot_4,3.16894217135391,0.028934800613290464,1.1963809576519182,1.1967308045331881,-1.784723568574276,2.3410273408388558,0,,,,,
robot,26.0,robot_1,1.9158209792228242,0.5673582755525665,0.045181881840806154,-0.011343443767945556,-0.00015978376433758873,,,,,,,,,,1.0,yield,0.0010738467099145055,-0.0012160376645624638,0.002438675845041871
robot,26.0,robot_2,1.4066458871502674,-0.746039537116631,0.06223705770614506,-0.011904223798825473,-0.0605328986683816,,,,,,,,,,1.0,proceed,0.0006423239829018712,-0.0018433963414281607,0.0027312729507684708
robot,26.0,robot_3,1.2915818852520988,-2.6852103221980035,0.05129096467069189,-0.022452452337754173,0.03916448354611935,,,,,,,,,,0.0,proceed,0.0035285030025988817,-0.0,0.0
robot,26.0,robot_4,-0.975380970084013,-0.40235297332573516,0.08712523129039942,0.009612199823771823,0.034652764643580206,,,,,,,,,,0.0,proceed,0.00033166768844239414,-0.0,0.0
pair,26.0,,,,,,,robot_1,robot_2,1.4086422855754859,0.3015289637230161,0.9316452893692422,0.9792255415213468,1.4362048443238815,0.08000515842510916,1,,,,,
pair,26.0,,,,,,,robot_1,robot_3,3.311929487400736,-0.08855086586899058,-0.012916425187885716,0.08948793150912702,-12.148773631327767,3.1284087513400842,0,,,,,
pair,26.0,,,,,,,robot_1,robot_4,3.049489894699894,-0.088828034230451,1.1841473545618089,1.1874743689785379,0.6321992390589342,2.9556399493521077,0,,,,,
pair,26.0,,,,,,,robot_2,robot_3,1.942581544812451,-0.3900798295920066,-0.9445617145571279,1.0219388954637307,-1.7968442243059501,0.633840595903407,0,,,,,
pair,26.0,,,,,,,robot_2,robot_4,2.4066932506482455,-0.39035699795346707,0.2525020651925667,0.46490416085227104,-4.703626375776345,1.005166838388333,0,,,,,
pair,26.0,,,,,,,robot_3,robot_4,3.21722835104594,-0.0002771683614604323,1.1970637797496946,1.1970638118375,-1.9074857648105041,2.266434221384905,0,,,,,
robot,26.1,robot_1,1.91504550664413,0.5368243134738828,0.04852210684121404,-0.011848392026448303,0.0015317111761146522,,,,,,,,,,1.0,yield,0.0006422808510251343,-0.001000837772153318,0.002163409488275647
robot,26.1,robot_2,1.439122081937939,-0.7217274921501017,0.06467482924109771,-0.010402529181060927,-0.0554367478437732,,,,,,,,,,1.0,proceed,-0.0005980085697956383,-0.0012639049673452973,0.0011086051817983389
robot,26.1,robot_3,1.2802432325783666,-2.7235796853019387,0.07201647931266811,-0.0085327760371055,0.041275861274341075,,,,,,,,,,0.0,proceed,0.003496664809063077,-0.0,0.0
robot,26.1,robot_4,-0.9721064224503742,-0.34591272136665796,0.0911723780573809,0.008707047166879305,0.03271550946342756,,,,,,,,,,0.0,proceed,0.00026727153453975916,-0.0,0.0
pair,26.1,,,,,,,robot_1,robot_2,1.345531773546601,0.29429770946170586,0.9072786414256162,0.9538163738275405,1.4090665117328476,0.06437952444621153,1,,,,,
pair,26.1,,,,,,,robot_1,robot_3,3.321627336471151,-0.08121903380361065,-0.012390054574879406,0.08215865690455595,-13.622814683431336,3.1273834973782315,0,,,,,
pair,26.1,,,,,,,robot_1,robot_4,3.019084453001139,-0.09315809297940905,1.1843641232842548,1.1880222248806802,0.5501787326967396,2.947481274948533,0,,,,,
pair,26.1,,,,,,,robot_2,robot_3,2.0081470792749823,-0.37551674326531653,-0.9196686960004956,0.9933797536067672,-1.9261208358057216,0.6096491393744131,0,,,,,
pair,26.1,,,,,,,robot_2,robot_4,2.4403400669402027,-0.38745580244111494,0.27708548185863857,0.47633849634700137,-4.576398338411263,1.096919107805985,0,,,,,
pair,26.1,,,,,,,robot_3,robot_4,3.275115136891725,-0.011939059175798399,1.1967541778591342,1.196813729599262,-2.005339150199172,2.22851868015043,0,,,,,
robot,26.200000000000003,robot_1,1.914660475611302,0.5117745541041907,0.0407793410262401,-0.009515300708982556,0.0012764492327422307,,,,,,,,,,1.0,yield,0.0009963938500732183,-0.0011682161130011082,0.002416784642264247
robot,26.200000000000003,robot_2,1.4655692303418584,-0.702645647657617,0.05366616940919785,-0.00833516796403835,-0.04563699210126026,,,,,,,,,,1.0,proceed,0.00039112509693950415,-0.0017136152600869536,0.0023403663653880358
robot,26.200000000000003,robot_3,1.2791542050935558,-2.7638085133217083,0.0757660450575148,0.005722370379013175,0.03328332379257138,,,,,,,,,,0.0,proceed,0.0034650503657758236,-0.0,0.0
robot,26.200000000000003,robot_4,-0.9702440197953224,-0.30147746108860524,0.07216981273597706,0.007193241798041296,0.029074071028217352,,,,,,,,,,0.0,proceed,0.00024948574719019234,-0.0,0.0
pair,26.200000000000003,,,,,,,robot_1,robot_2,1.2947970393173014,0.2798414553720067,0.8879874993347873,0.9310386883043967,1.3890383169959604,0.06330810513697763,1,,,,,
pair,26.200000000000003,,,,,,,robot_1,robot_3,3.3366619024819753,-0.08149530462161203,-0.01254445374348867,0.08245512716072825,-13.661311069775168,3.1407696500697972,0,,,,,
pair,26.200000000000003,,,,,,,robot_1,robot_4,2.9973409528834876,-0.23889795776847064,1.1757086992215706,1.1997346288455726,0.18546373867685403,2.989070641983804,0,,,,,
pair,26.200000000000003,,,,,,,robot_2,robot_3,2.0695755411269565,-0.36133675999361875,-0.9005319530782759,0.970320592710296,-2.0429703339158007,0.5945470283350751,0,,,,,
pair,26.200000000000003,,,,,,,robot_2,robot_4,2.468627574880206,-0.5187394131404773,0.28772119988678346,0.5931897399733219,-3.918950143896059,0.8306505122295557,0,,,,,
pair,26.200000000000003,,,,,,,robot_3,robot_4,3.335096188256737,-0.1574026531468586,1.1882531529650593,1.198633034230692,-2.2829300475816168,1.9065694229907237,0,,,,,
robot,26.3,robot_1,1.9145205124926428,0.48864139213007424,0.0407793410262401,-0.009515300708982556,0.0012764492327422307,,,,,,,,,,1.0,yield,0.0010858558816835284,-0.001201689476147294,0.002493692096322775
robot,26.3,robot_2,1.4898819560371253,-0.685778732826384,0.05366616940919785,-0.00833516796403835,-0.04563699210126026,,,,,,,,,,1.0,proceed,0.0004910348798148334,-0.0017511268379166722,0.002448850078508258
robot,26.3,robot_3,1.2837022506549256,-2.807617439454102,0.0757660450575148,0.005722370379013175,0.03328332379257138,,,,,,,,,,0.0,proceed,0.0015797634841874242,-0.0,0.0
robot,26.3,robot_4,-0.968964645084752,-0.2626997257166857,0.07216981273597706,0.007193241798041296,0.029074071028217352,,,,,,,,,,0.0,proceed,0.0,-0.0,0.0
pair,26.3,,,,,,,robot_1,robot_2,1.2488316674121331,0.27230091182511845,0.8710992434638178,0.9126673427618777,1.367008804615743,0.05490133374436855,1,,,,,
pair,26.3,,,,,,,robot_1,robot_3,3.356077168997256,-0.0847997215477567,-0.012827252080982787,0.08576439337234391,-13.020834755176956,3.1648351435004622,0,,,,,
pair,26.3,,,,,,,robot_1,robot_4,2.97976511311485,-0.2819329588626285,1.166261743220486,1.199855260851376,0.04397651035697598,2.9792978932807275,0,,,,,
pair,26.3,,,,,,,robot_2,robot_3,2.1318324436632157,-0.3571006333728752,-0.8839264955448006,0.9533346274427574,-2.14466961372663,0.6036309025766994,0,,,,,
pair,26.3,,,,,,,robot_2,robot_4,2.4949794496359154,-0.5542338706877469,0.2951624997566683,0.6279299998249226,-3.7729340571746093,0.7823715919372533,0,,,,,
pair,26.3,,,,,,,robot_3,robot_4,3.398693030100823,-0.19713323731487176,1.179088995301469,1.1954548808279086,-2.4104192610930166,1.8021649447326096,0,,,,,
robot,26.400000000000002,robot_1,1.9145448487263852,0.45842884416390406,0.04199755850240256,-0.009417098656698342,0.0012496123844090664,,,,,,,,,,1.0,yield,0.0011371140135452151,-0.0012177769094705582,0.002533587394282222
robot,26.400000000000002,robot_2,1.5212280768585567,-0.6648255074046321,0.05398449424147649,-0.007872930681116708,-0.044985806477085874,,,,,,,,,,1.0,proceed,0.0005997431580908597,-0.001782301813364029,0.0024967906065285206
robot,26.400000000000002,robot_3,1.2909483925316934,-2.867152198503407,0.08424396069306916,0.008526920754742115,0.03088211796346101,,,,,,,,,,0.0,proceed,0.0015813534846529365,-0.0,0.0
robot,26.400000000000002,robot_4,-0.9713918797502642,-0.21500399509271273,0.06975456030954591,0.0059502292696916636,0.026048832846607282,,,,,,,,,,0.0,proceed,0.0,-0.0,0.0
pair,26.400000000000002,,,,,,,robot_1,robot_2,1.1901253805167682,0.26215746578863086,0.8501717368281819,0.8896732652890973,1.3367596661092822,0.04486735791290218,1,,,,,
pair,26.400000000000002,,,,,,,robot_1,robot_3,3.3835427899653903,-0.090043625049496,-0.013199394547910304,0.09100592523833616,-12.079883404979961,3.1999705079750167,0,,,,,
pair,26.400000000000002,,,,,,,robot_1,robot_4,2.9634680004615763,-0.3060432862053641,1.159486771842098,1.1991964255734704,-0.07119607818231523,2.9622378656673227,0,,,,,
pair,26.400000000000002,,,,,,,robot_2,robot_3,2.214333215064923,-0.35220109083812684,-0.8633711313760922,0.9324458798671373,-2.280197728300266,0.6186364740856501,0,,,,,
pair,26.400000000000002,,,,,,,robot_2,robot_4,2.5328824767491964,-0.5682007519939949,0.3093150350139161,0.6469373118411099,-3.7164670376277398,0.7967014703933523,0,,,,,
pair,26.400000000000002,,,,,,,robot_3,robot_4,3.4859824440813485,-0.21599966115586808,1.1726861663900083,1.1924129731187698,-2.5310725715618987,1.7444895976429546,0,,,,,
robot,26.5,robot_1,1.914777645314305,0.4293453680133255,0.04441130077303226,-0.009423485670282917,0.0014775490607968874,,,,,,,,,,1.0,yield,0.0011975280940532684,-0.0012350513134151697,0.002574237994849682
robot,26.5,robot_2,1.550964555469168,-0.6457542617160646,0.05424646649097363,-0.006865485433609177,-0.04203306190557044,,,,,,,,,,1.0,proceed,0.000695391558110714,-0.0018053328385576606,0.002525324234738946
robot,26.5,robot_3,1.2977183038454,-2.9253272947747853,0.09166654784190345,0.005442911469212391,0.019678879842672414,,,,,,,,,,0.0,proceed,0.0015498017892241478,-0.0,0.0
robot,26.5,robot_4,-0.9832908447458626,-0.1723140537745064,0.06326270582049529,0.024686186090162304,0.07545631988939262,,,,,,,,,,0.0,proceed,0.0,-0.0,0.0
pair,26.5,,,,,,,robot_1,robot_2,1.1349886246949517,0.2519148433412992,0.8311802211768196,0.868516924631419,1.3061423700179682,0.03633860065344007,1,,,,,
pair,26.5,,,,,,,robot_1,robot_3,3.41095161287168,-0.09462658639554945,-0.013443625934828174,0.09557678552425777,-11.328962007448439,3.2345271489523504,0,,,,,
pair,26.5,,,,,,,robot_1,robot_4,2.9598640227053825,-0.2952683233869895,1.1626263111949535,1.199534627377863,-0.10855831571144965,2.956998127402053,0,,,,,
pair,26.5,,,,,,,robot_2,robot_3,2.293596929935603,-0.34654142973684865,-0.8446238471116477,0.9129514804378923,-2.415344199407452,0.6309959369104194,0,,,,,
pair,26.5,,,,,,,robot_2,robot_4,2.5780993122870175,-0.5471831667282887,0.33144609001813397,0.6397389534326537,-3.771684113743735,0.9080430825005331,0,,,,,
pair,26.5,,,,,,,robot_3,robot_4,3.5752041397771817,-0.20064173699144006,1.1760699371297818,1.193062279867816,-2.596183763038844,1.7855370698480828,0,,,,,
robot,26.6,robot_1,1.9151770761376667,0.40406993886786136,0.041922282269148375,-0.008557743751273262,0.001042493493795577,,,,,,,,,,1.0,yield,0.0013861602637916803,-0.0009139832691289485,0.003488728776574135
robot,26.6,robot_2,1.576462299392507,-0.6300692270188228,0.04966228808950829,-0.005963404038348972,-0.03799188365777572,,,,,,,,,,1.0,proceed,0.0012372160563245416,-0.0019269759068265557,0.00280537991784513
robot,26.6,robot_3,1.3029715700428415,-2.9767706821016344,0.08815404281882755,0.0027143029505846883,0.009751864412469164,,,,,,,,,,0.0,proceed,0.0015445445897057652,-0.0,0.0
robot,26.6,robot_4,-0.9963733732204467,-0.13735794175877725,0.05775553400945875,0.024027733089076058,0.09866241202547026,,,,,,,,,,0.0,proceed,0.0,-0.0,0.0
pair,26.6,,,,,,,robot_1,robot_2,1.088196450281993,0.23959098540288154,0.8155068436192335,0.8499736774019115,1.2796648252656264,0.03347609158804518,1,,,,,
pair,26.6,,,,,,,robot_1,robot_3,3.4358228833992923,-0.09818400207677279,-0.013642926328793159,0.09912733075506776,-10.811203385275624,3.2644093759806028,0,,,,,
pair,26.6,,,,,,,robot_1,robot_4,2.9614641934484514,-0.2839315305082018,1.165722426241103,1.1998024375113487,-0.13582690946069315,2.956976907059909,0,,,,,
pair,26.6,,,,,,,robot_2,robot_3,2.362584368510043,-0.33777498747965434,-0.8291497699480267,0.8953107187852417,-2.5426558005893534,0.6320624420242542,0,,,,,
pair,26.6,,,,,,,robot_2,robot_4,2.619589244307656,-0.5235225159110833,0.35021558262186936,0.62986250799444,-3.8300731251412468,1.0210191656669128,0,,,,,
pair,26.6,,,,,,,robot_3,robot_4,3.653662803014502,-0.185747528431429,1.1793653525698962,1.1939031699265648,-2.6489336243502835,1.8295904693095635,0,,,,,
robot,26.700000000000003,robot_1,1.9159028237464124,0.37494355129136053,0.04264506044303155,-0.00831827377740428,0.0005651006449029837,,,,,,,,,,1.0,proceed,0.0013981109950691462,-0.0009043618338182569,0.003507643938064575
robot,26.700000000000003,robot_2,1.6052555394670858,-0.6132299318846586,0.04866973615249664,-0.0059156194308450614,-0.03725040131265418,,,,,,,,,,1.0,yield,0.0013564160326495767,-0.0018965809140354395,0.0029294819105416536
robot,26.700000000000003,robot_3,1.3079235134483869,-3.037267755194514,0.09109757797629556,0.0007285252570227545,0.0026087996335971875,,,,,,,,,,0.0,proceed,0.0015607710229232907,-0.0,0.0
robot,26.700000000000003,robot_4,-1.0128873819516127,-0.09802444319570441,0.060134993571468814,0.020943865952575462,0.10653410610508139,,,,,,,,,,0.0,proceed,0.0,-0.0,0.0
pair,26.700000000000003,,,,,,,robot_1,robot_2,1.0358516148958532,0.27226227060604125,1.029977921402811,1.0653549936865234,0.9712710169889531,0.04779391674231695,1,,,,,
pair,26.700000000000003,,,,,,,robot_1,robot_3,3.4659522272905754,-0.10118049056651578,-0.013706424372801673,0.1021046411304017,-10.386680609272794,3.2997128018866086,0,,,,,
pair,26.700000000000003,,,,,,,robot_1,robot_4,2.9667340279846113,-0.26775435886113913,1.1697302303688335,1.199983836777756,-0.160387225189997,2.9604846125913338,0,,,,,
pair,26.700000000000003,,,,,,,robot_2,robot_3,2.4422050901865644,-0.37344276117255704,-1.0436843457756129,1.1084838787683169,-2.1493353555805936,0.5366957591941914,0,,,,,
pair,26.700000000000003,,,,,,,robot_2,robot_4,2.6683532473325307,-0.5400166294671804,0.13975230896602236,0.5578070167741067,-4.775343832433015,0.1571726140942648,0,,,,,
pair,26.700000000000003,,,,,,,robot_3,robot_4,3.745038645907019,-0.16657386829462337,1.183436654741635,1.195102158555789,-2.706068858656179,1.888484208520501,0,,,,,
robot,26.8,robot_1,1.9171871036851906,0.35125891520008784,0.03706293802603483,-0.005630268223459039,0.00035422020779364235,,,,,,,,,,1.0,proceed,0.001419548410922289,-0.0009097029687836766,0.0035323649644851685
robot,26.8,robot_2,1.628765626836113,-0.6010309177886085,0.040817026186132706,-0.006833712900798273,-0.03178059395210038,,,,,,,,,,1.0,yield,0.0014339047484099865,-0.0019057410536333919,0.002963958540931344
robot,26.8,robot_3,1.3112627663608765,-3.088715164775727,0.08328908588689035,-0.000557327016500582,-0.0019197188238359616,,,,,,,,,,0.0,proceed,0.0015242376830428839,-0.0,0.0
robot,26.8,robot_4,-1.0267288682198004,-0.06487447303947709,0.055923696012373375,0.01503972508892935,0.08302459320548064,,,,,,,,,,0.0,proceed,0.0,-0.0,0.0
pair,26.8,,,,,,,robot_1,robot_2,0.9950089820305353,0.2588701882653431,1.0421707119925967,1.0738405688498132,0.9254021611497262,0.050347294655399624,1,,,,,
pair,26.8,,,,,,,robot_1,robot_3,3.4929308572411455,-0.1030158788722762,-0.013728065743028095,0.10392656584758482,-10.151536739651705,3.329791388623195,0,,,,,
pair,26.8,,,,,,,robot_1,robot_4,2.9731815024389356,-0.25373762236905,1.1674945622502713,1.194749485829331,-0.18295078703879045,2.9651358945611963,0,,,,,
pair,26.8,,,,,,,robot_2,robot_3,2.5078638278658243,-0.3618860671376193,-1.0558987777356248,1.1161916297894012,-2.200560531879076,0.5061921009259089,0,,,,,
pair,26.8,,,,,,,robot_2,robot_4,2.709080055391182,-0.5126078106343931,0.12532385025767467,0.5277052538745411,-5.129478462159702,0.10983179100936892,0,,,,,
pair,26.8,,,,,,,robot_3,robot_4,3.822279086143395,-0.15072174349677384,1.1812226279932996,1.1907997064351772,-2.7674219449835338,1.9364550303878372,0,,,,,
robot,26.900000000000002,robot_1,1.923975120312443,0.3205120527950657,0.05283157677845356,0.006535838563021281,-6.92095261661837e-05,,,,,,,,,,1.0,yield,0.0014742347411811352,-0.0009377822862006724,0.003550122957676649
robot,26.900000000000002,robot_2,1.6506300296533234,-0.5865999784446243,0.031507172480874604,0.007864111118842217,-0.01513807484228259,,,,,,,,,,1.0,proceed,0.001519454875960946,-0.001914257532916963,0.0030100704170763493
robot,26.900000000000002,robot_3,1.3143704239961707,-3.1499158463217,0.08772683895048447,-0.0015611643043624574,-0.005109521070016681,,,,,,,,,,0.0,proceed,0.0015305785927921534,-0.0,0.0
robot,26.900000000000002,robot_4,-1.0417899704742308,-0.02504541813662494,0.060134453119979316,0.0097720717965223,0.06241213021165437,,,,,,,,,,0.0,proceed,0.0,-0.0,0.0
pair,26.900000000000002,,,,,,,robot_1,robot_2,0.9474015916216517,0.2529425544542063,1.053266060233609,1.0832125043101413,0.8732019485238403,0.0539671321483206,1,,,,,
pair,26.900000000000002,,,,,,,robot_1,robot_3,3.523561790112224,-0.09940217383281724,-0.012547790678113735,0.10019101363690945,-10.374552012381876,3.366757885082686,0,,,,,
pair,26.900000000000002,,,,,,,robot_1,robot_4,2.9858286185656393,-0.23279195704866562,1.170431429559014,1.1933573758795413,-0.20079669135948097,2.9761978655044152,0,,,,,
pair,26.900000000000002,,,,,,,robot_2,robot_3,2.585277308318608,-0.3523447282870236,-1.0658138509117228,1.1225444188747866,-2.2621088370253055,0.48530880258220244,0,,,,,
pair,26.900000000000002,,,,,,,robot_2,robot_4,2.750357973299034,-0.48573451150287195,0.117165369325405,0.49966562762920985,-5.501740303218415,0.08544104557121245,0,,,,,
pair,26.900000000000002,,,,,,,robot_3,robot_4,3.913605370680147,-0.13338978321584835,1.1829792202371276,1.1904758165453062,-2.830124221833996,1.9911895430937236,0,,,,,
robot,27.0,robot_1,1.9383487896173985,0.28886478632251505,0.07321899166082393,0.021249335480752876,-0.0003864507440644904,,,,,,,,,,1.0,yield,0.0015020074788480997,-0.0009652648004703224,0.0035522538237273693
robot,27.0,robot_2,1.661740480640215,-0.5769984677224016,0.017311331294242407,-0.0022921888169434995,0.011946922511427017,,,,,,,,,,1.0,proceed,0.001539413584396243,-0.0019124809186905622,0.0030246118549257517
robot,27.0,robot_3,1.3164493252776994,-3.2007889889049674,0.09817757811664247,-0.002122117125986157,-0.00700608589239545,,,,,,,,,,0.0,proceed,0.0017631998052820563,-0.0,0.0
robot,27.0,robot_4,-1.0525303588289099,0.008659083743387457,0.06805085331547711,0.005607086528136063,0.041236374011447675,,,,,,,,,,0.0,proceed,0.0,-0.0,0.0
pair,27.0,,,,,,,robot_1,robot_2,0.908972679072627,0.2614668755219024,1.0579317461723525,1.0897635094617864,0.8322339413616662,0.06078213399747219,1,,,,,
pair,27.0,,,,,,,robot_1,robot_3,3.54463572383756,-0.08958031518071964,-0.010300085628314859,0.09017053083922534,-11.27251098450786,3.395773147521093,0,,,,,
pair,27.0,,,,,,,robot_1,robot_4,3.0039762509661716,-0.21060340610749384,1.1767922360810705,1.1954889215566842,-0.21001032098635647,2.993466164171898,0,,,,,
pair,27.0,,,,,,,robot_2,robot_3,2.646413172771603,-0.351047190702622,-1.0682318318006674,1.1244346919996788,-2.31266835597452,0.49111192671739207,0,,,,,
pair,27.0,,,,,,,robot_2,robot_4,2.7767356657739914,-0.47207028162939624,0.11886048990871795,0.4868040333224427,-5.700686105384636,0.0947979747629633,0,,,,,
pair,27.0,,,,,,,robot_3,robot_4,3.989062756429897,-0.12102309092677421,1.1870923217093852,1.1932454771751069,-2.8771684028583433,2.031250328394844,0,,,,,
robot,27.1,robot_1,1.9548159634295172,0.2564097003908793,0.05148513592373774,0.011461922106270941,-0.0034978081786065387,,,,,,,,,,1.0,yield,0.0015370782930403948,-0.000983887235634029,0.003604905679821968
robot,27.1,robot_2,1.6669394973765634,-0.5741126511944276,0.016454610497805736,-0.0003619031374554483,0.03700847299622018,,,,,,,,,,1.0,proceed,0.0015587048837915063,-0.0019256265368312597,0.0030299737118184566
robot,27.1,robot_3,1.31820727297072,-3.2521645527580714,0.0883305631164015,-0.0021590055815817865,-0.006620479123858836,,,,,,,,,,0.0,proceed,0.0019530825084075332,-0.0,0.0
robot,27.1,robot_4,-1.0615400101998684,0.04328013865871173,0.06157994761478431,0.0003349571463182495,0.01169613754048914,,,,,,,,,,0.0,proceed,0.0,-0.0,0.0
pair,27.1,,,,,,,robot_1,robot_2,0.8789995655231722,0.2676331560783003,1.062448177869697,1.0956384608487744,0.7992447139553831,0.07628292693963488,1,,,,,
pair,27.1,,,,,,,robot_1,robot_3,3.5658608938974865,-0.08103911604670469,-0.008574063373270269,0.0814914283367283,-12.298562377840678,3.422119828985266,0,,,,,
pair,27.1,,,,,,,robot_1,robot_4,3.023876249077304,-0.1919623928854875,1.1748747620102638,1.1904538070378858,-0.23188748467561981,3.0112494463270845,0,,,,,
pair,27.1,,,,,,,robot_2,robot_3,2.700662169136987,-0.348672272125005,-1.0710222412429675,1.1263485226988683,-2.356694514597519,0.49741484231509153,0,,,,,
pair,27.1,,,,,,,robot_2,robot_4,2.7974585395010183,-0.4595955489637878,0.1124265841405665,0.4731467060530395,-5.911561945693286,0.0486163222975847,0,,,,,
pair,27.1,,,,,,,robot_3,robot_4,4.064868121593228,-0.11092327683878281,1.1834488253835338,1.1886358128738672,-2.9471950299094463,2.061832208504248,0,,,,,
robot,27.200000000000003,robot_1,1.963491829044205,0.23454741141771807,0.02756167515884886,0.0010733147009688478,-0.009432699194564534,,,,,,,,,,1.0,yield,0.0015825041336938739,-0.001000606338493526,0.0036584478802978992
robot,27.200000000000003,robot_2,1.6784908933862168,-0.5671508672286143,0.027005707395457684,-0.0028763898759956077,0.06393767923673513,,,,,,,,,,1.0,proceed,0.0014961491106078029,-0.0019049944821745157,0.0030058156698942184
robot,27.200000000000003,robot_3,1.319781744653992,-3.306366896737924,0.0879848807180583,-0.0021754288229290787,-0.006336922428493115,,,,,,,,,,0.02287988856245723,proceed,0.002137415111064911,-6.45010012002271e-05,8.936850773985007e-05
robot,27.200000000000003,robot_4,-1.0688325872807565,0.08043229015051657,0.06151490417859165,-0.0024472008099277135,-0.012533703482407189,,,,,,,,,,0.0,proceed,0.0,-0.0,0.0
pair,27.200000000000003,,,,,,,robot_1,robot_2,0.8508499652173825,0.2614923000319283,1.0713183292041075,1.1027697789949942,0.7675344960913,0.08677132908290401,1,,,,,
pair,27.200000000000003,,,,,,,robot_1,robot_3,3.5989494037075604,-0.0777388951245536,-0.007859696000101724,0.07813520740613901,-12.755185844012201,3.4582028952290966,0,,,,,
pair,27.200000000000003,,,,,,,robot_1,robot_4,3.036238270696771,-0.18026336259798742,1.1756200397443695,1.1893600622787392,-0.25833593955458767,3.0206518402352582,0,,,,,
pair,27.200000000000003,,,,,,,robot_2,robot_3,2.7626032486958643,-0.3392311951564819,-1.0791780252042094,1.131239591709445,-2.405079182637637,0.4792234118251683,0,,,,,
pair,27.200000000000003,,,,,,,robot_2,robot_4,2.822614081511183,-0.4417556626299157,0.10430171054026177,0.45390187517482283,-6.218555243435264,0.00105091358086249,0,,,,,
pair,27.200000000000003,,,,,,,robot_3,robot_4,4.144380189971993,-0.10252446747343381,1.183479735744471,1.1879122658464785,-3.0139554028207862,2.087398999547714,0,,,,,
robot,27.3,robot_1,1.9669394400916402,0.22073797691021232,0.02185211971849933,0.0006521436375498081,-0.014378728339758756,,,,,,,,,,1.0,yield,0.0016394767444580793,-0.0010247848695144057,0.0036957869306206703
robot,27.3,robot_2,1.6943681636803711,-0.5583284212060203,0.0333520652899338,-0.006700916217017466,0.09112013768221615,,,,,,,,,,1.0,proceed,0.0014279641909524798,-0.0018875438254326582,0.002972959540784359
robot,27.3,robot_3,1.3211767963183094,-3.3584095503547045,0.08923855686955656,-0.0019943497785406238,-0.0058480517113849734,,,,,,,,,,0.04432292585161013,proceed,0.00042661739280447364,-8.852639465720682e-05,8.929446160044759e-05
robot,27.3,robot_4,-1.074412814588523,0.1164021085258434,0.062301006321348926,-0.004123823998120526,-0.021312285327224467,,,,,,,,,,0.0,proceed,0.0,-0.0,0.0
pair,27.3,,,,,,,robot_1,robot_2,0.8253723725678421,0.2502912791484501,1.0813602286594957,1.1099484981494792,0.7391917415046351,0.08987282979915241,1,,,,,
pair,27.3,,,,,,,robot_1,robot_3,3.636936405000738,-0.07666794942303959,-0.007551237594157656,0.07703892300608295,-12.895761932473427,3.498615815593608,0,,,,,
pair,27.3,,,,,,,robot_1,robot_4,3.043141388512803,-0.17261092311455728,1.176443901060207,1.1890394371593473,-0.284496476466727,3.0242813729886913,0,,,,,
pair,27.3,,,,,,,robot_2,robot_3,2.8248409028630506,-0.32695922857148974,-1.0889114662536534,1.1369391006059846,-2.4531826877064677,0.4478164280085375,0,,,,,
pair,27.3,,,,,,,robot_2,robot_4,2.8498086590814995,-0.4229022022630074,0.0950836724007113,0.4334595453281741,-6.57351633461853,0.05093707984659578,0,,,,,
pair,27.3,,,,,,,robot_3,robot_4,4.220564612534315,-0.09594297369151769,1.1839951386543648,1.1878760636354029,-3.0785595911779358,2.1071076070793535,0,,,,,
robot,27.400000000000002,robot_1,1.9706477259260464,0.2084789281370573,0.01668574267293764,0.0023282212908446176,-0.014752473404246794,,,,,,,,,,1.0,yield,0.0016944041708484292,-0.0010438377503305674,0.0037184860557317734
robot,27.400000000000002,robot_2,1.7139383841691789,-0.5486460824977969,0.029553152752474936,-0.009754910724599207,0.08467519797814668,,,,,,,,,,1.0,proceed,0.0013129180297255516,-0.0018436986720189452,0.002958662575110793
robot,27.400000000000002,robot_3,1.322579549143599,-3.4159257604173554,0.08187463147204321,-0.0017979705889036236,-0.004971265376918433,,,,,,,,,,0.06762658651202479,proceed,0.0005970046040602028,-0.0001368535563031332,0.00014346597525335597
robot,27.400000000000002,robot_4,-1.079555856383662,0.15737743758192124,0.05973378295684863,-0.004544078472564741,-0.023532236938483272,,,,,,,,,,0.0,proceed,0.0,-0.0,0.0
pair,27.400000000000002,,,,,,,robot_1,robot_2,0.7994610483782636,0.2378767077991537,1.0918707600840762,1.117482476301057,0.7108994501026097,0.08965779894300858,1,,,,,
pair,27.400000000000002,,,,,,,robot_1,robot_3,3.6818883345605875,-0.0752423525196216,-0.007205121495134081,0.07558654237658083,-13.105581294948626,3.546124969756259,0,,,,,
pair,27.400000000000002,,,,,,,robot_1,robot_4,3.050631615890705,-0.16514543167702755,1.1754277585967952,1.186972379326359,-0.31489814530776067,3.0276468099239437,0,,,,,
pair,27.400000000000002,,,,,,,robot_2,robot_3,2.8938649742451816,-0.3131190603187753,-1.09907588157921,1.1428085313839893,-2.50679282149895,0.4092259105165908,0,,,,,
pair,27.400000000000002,,,,,,,robot_2,robot_4,2.881332900396559,-0.40302213947618126,0.08355699851271892,0.4115927804376712,-6.993937222802517,0.12421771690335179,0,,,,,
pair,27.400000000000002,,,,,,,robot_3,robot_4,4.305664902348936,-0.08990307915740596,1.182632880091929,1.1860451478407192,-3.157642323387326,2.1243654656262105,0,,,,,
robot,27.5,robot_1,1.9740269312763692,0.19968905743735893,0.017416025866047905,0.003489490241347987,-0.016747125822593315,,,,,,,,,,1.0,yield,0.0017491168109700084,-0.0010663253488019109,0.0037452157121151686
robot,27.5,robot_2,1.7304999012370679,-0.5423691213973906,0.029172803725187393,-0.016241540881667745,0.0967844689443916,,,,,,,,,,1.0,proceed,0.0012431587092578411,-0.0018192243296653032,0.0029572134371846914
robot,27.5,robot_3,1.323757114955646,-3.467377682973017,0.10530833461621841,-0.002043431283466902,-0.005419329513893099,,,,,,,,,,0.0844442048814178,proceed,0.0007457792526111007,-0.00017226220081534548,0.00018610108933420086
robot,27.5,robot_4,-1.0834503535219602,0.19381718488223484,0.07339254313773487,-0.005542554893939976,-0.028741995015174594,,,,,,,,,,0.0,proceed,0.0,-0.0,0.0
pair,27.5,,,,,,,robot_1,robot_2,0.7809966422048867,0.22575600702502507,1.1016758278709506,1.124568986066674,0.6898995926867301,0.08960210733353086,1,,,,,
pair,27.5,,,,,,,robot_1,robot_3,3.7242756762411893,-0.0738860430319751,-0.006850614630073748,0.07420295328174382,-13.288500640257201,3.5913705759669314,0,,,,,
pair,27.5,,,,,,,robot_1,robot_4,3.0574829232466807,-0.13505114279700237,1.1913389351912245,1.1989692530141618,-0.2823740596466955,3.038680705766933,0,,,,,
pair,27.5,,,,,,,robot_2,robot_3,2.95315336199844,-0.2996420500570002,-1.1085264425010246,1.148310163625812,-2.551406918875032,0.37060581837188644,0,,,,,
pair,27.5,,,,,,,robot_2,robot_4,2.9086571323915162,-0.36080714982202744,0.08966310732027383,0.37178121547090287,-7.822979096614018,0.035810736708480014,0,,,,,
pair,27.5,,,,,,,robot_3,robot_4,4.381665854067834,-0.06116509976502727,1.1981895498212984,1.1997497100354855,-3.1499545020557473,2.2174237354484476,0,,,,,
robot,27.6,robot_1,1.9781245409326125,0.19148813904187367,0.01136760946230626,0.00380427507757913,-0.012288925050280243,,,,,,,,,,1.0,proceed,0.0018785380525514483,-0.001132457866333425,0.0037686475552618504
robot,27.6,robot_2,1.7487155801557301,-0.5383846012753651,0.019706105755622434,-0.015939354481905157,0.07270714707923902,,,,,,,,,,1.0,yield,0.0015717886853963137,-0.0019286982715129852,0.0034871725365519524
robot,27.6,robot_3,1.3251108592457785,-3.5302404609988294,0.08871787306354789,-0.0016557934778431151,-0.003926747062431366,,,,,,,,,,0.10651655290793992,proceed,0.0008606738410890102,-0.00021968386669868906,0.0002442870961482808
robot,27.6,robot_4,-1.08767663825679,0.23759914840153315,0.06195268085336746,-0.0042599198327728715,-0.02214237248027075,,,,,,,,,,0.0,proceed,0.0,-0.0,0.0
pair,27.6,,,,,,,robot_1,robot_2,0.7650769166187964,0.21311634374621397,1.1112787830439212,1.1315295442962738,0.6716731916238963,0.08783641703043416,1,,,,,
pair,27.6,,,,,,,robot_1,robot_3,3.77858315256276,-0.07205590143290144,-0.006476406790352995,0.07234636671058291,-13.595139794961375,3.6483287125967476,0,,,,,
pair,27.6,,,,,,,robot_1,robot_4,3.066147924595827,-0.13182709116881705,1.1917809865215645,1.1990497495101464,-0.31933184445105267,3.042146395567645,0,,,,,
pair,27.6,,,,,,,robot_2,robot_3,3.021695293198642,-0.28517224517911544,-1.1177551898342744,1.1535596533434898,-2.6038649224640738,0.32916189157074427,0,,,,,
pair,27.6,,,,,,,robot_2,robot_4,2.9406243548664484,-0.34494343491503104,0.08050220347764325,0.35421261701940565,-8.295940579768823,0.11104820848488099,0,,,,,
pair,27.6,,,,,,,robot_3,robot_4,4.474165713322539,-0.0597711897359156,1.1982573933119176,1.199747213269995,-3.2368197093156565,2.2220782609020286,0,,,,,
robot,27.700000000000003,robot_1,1.9806368416727351,0.18735613217176145,0.01136760946230626,0.00380427507757913,-0.012288925050280243,,,,,,,,,,1.0,proceed,0.001935297972522676,-0.0011699340539053082,0.003820606507360935
robot,27.700000000000003,robot_2,1.7596087996006615,-0.5371247774782373,0.019706105755622434,-0.015939354481905157,0.07270714707923902,,,,,,,,,,1.0,yield,0.0011659321608021855,-0.0017287121154367924,0.0035495830234140158
robot,27.700000000000003,robot_3,1.325877691164669,-3.5711819882420586,0.08871787306354789,-0.0016557934778431151,-0.003926747062431366,,,,,,,,,,0.11228436963498654,proceed,-1.8093662664017522e-05,-0.00013257806661292267,0.0003688945568705171
robot,27.700000000000003,robot_4,-1.0894307196918052,0.26904462200150076,0.06195268085336746,-0.0042599198327728715,-0.02214237248027075,,,,,,,,,,0.0,proceed,0.0,-0.0,0.0
pair,27.700000000000003,,,,,,,robot_1,robot_2,0.7574470171764517,0.20429119439966828,1.1176190052639141,1.1361369341044871,0.6622582835249812,0.0871550490011255,1,,,,,
pair,27.700000000000003,,,,,,,robot_1,robot_3,3.8151432932169,-0.07078943868348866,-0.00622168974083559,0.07106232512629052,-13.809209153113363,3.68677910636261,0,,,,,
pair,27.700000000000003,,,,,,,robot_1,robot_4,3.0711541545017695,-0.13025526122783135,1.1920346520677427,1.1991301200486104,-0.345826171158515,3.0430280256871876,0,,,,,
pair,27.700000000000003,,,,,,,robot_2,robot_3,3.0649022549851495,-0.27508063308315694,-1.1238406950047497,1.157016535078989,-2.6362452914332373,0.3000525035485705,0,,,,,
pair,27.700000000000003,,,,,,,robot_2,robot_4,2.960901093104559,-0.33454645562749963,0.07441564680382873,0.34272294854905,-8.625371598169508,0.1683225383001215,0,,,,,
pair,27.700000000000003,,,,,,,robot_3,robot_4,4.536634781154062,-0.059465822544342684,1.1982563418085783,1.1997309884867322,-3.2967586326026423,2.2219951073865625,0,,,,,
robot,27.8,robot_1,1.9902086700688035,0.17699249461381616,0.02207901046250775,0.016389674827896626,-0.009025221793118845,,,,,,,,,,1.0,yield,0.001998992171138525,-0.0012059027794748545,0.0038394425064325333
robot,27.8,robot_2,1.7691570332803963,-0.5361243724574254,-0.00014664755162777107,-0.0005406432189209063,0.05611361186920882,,,,,,,,,,1.0,proceed,0.0010608461452648044,-0.0016792506212368608,0.0035940147936344147
robot,27.8,robot_3,1.3268836627369445,-3.6368800374881385,0.08537309124980684,-0.0018221679086370887,-0.0029735882250519264,,,,,,,,,,0.1306209533898505,proceed,-2.0239542007134114e-05,-0.00015566258600383114,0.0004315174668723089
robot,27.8,robot_4,-1.0922566771287532,0.3342093877309668,0.08960680305099886,-0.007880203014728991,-0.027146079368671285,,,,,,,,,,0.0,proceed,0.0,-0.0,0.0
pair,27.8,,,,,,,robot_1,robot_2,0.7465919181375704,0.20756815908858967,1.1211769456196043,1.14022904894426,0.6502568893495063,0.08754174763225143,1,,,,,
pair,27.8,,,,,,,robot_1,robot_3,3.8711269362387983,-0.06372268976576251,-0.005146347391325801,0.06393016566892205,-15.144449677045635,3.7480978305159574,0,,,,,
pair,27.8,,,,,,,robot_1,robot_4,3.0864720585411374,-0.1228873190114323,1.1931021907693524,1.1994140781199985,-0.3936980625346989,3.0501361147501327,0,,,,,
pair,27.8,,,,,,,robot_2,robot_3,3.1321384753091497,-0.2712908488543522,-1.1263232930109301,1.1585348009667644,-2.691424738997312,0.2961187156814818,0,,,,,
pair,27.8,,,,,,,robot_2,robot_4,2.9908475849232308,-0.33045547810002196,0.07192524514974807,0.33819234748315263,-8.814662786609839,0.24187027542866443,0,,,,,
pair,27.8,,,,,,,robot_3,robot_4,4.64992378507998,-0.059164629245669786,1.1982485381606782,1.1997083031128775,-3.4054607081288206,2.2203591784714707,0,,,,,
robot,27.900000000000002,robot_1,2.0051303307930914,0.16291597661348578,0.04156132843408651,0.03068555478293839,-0.010336082851995854,,,,,,,,,,1.0,proceed,0.002024436602368951,-0.0012250678846612573,0.003817581571638584
robot,27.900000000000002,robot_2,1.7656221815310456,-0.5384038344594254,-0.019688887305039263,0.005827338494811747,0.06506688294910329,,,,,,,,,,1.0,yield,0.0010398593731224537,-0.001648223726078868,0.0035941372625529766
robot,27.900000000000002,robot_3,1.3277018592924437,-3.6871537438016633,0.10532363945663938,-0.001733391861053666,-0.0033600047153551247,,,,,,,,,,0.13756806117223586,proceed,0.0027357246726751328,-0.00039833627080681437,0.0005951843728576583
robot,27.900000000000002,robot_4,-1.0941997201537794,0.38588138751972056,0.10671822407867078,-0.00800570361540565,-0.028525507445719446,,,,,,,,,,0.0,proceed,0.0011785781243816018,-0.0,0.0
pair,27.900000000000002,,,,,,,robot_1,robot_2,0.7410894891754128,0.13099751759803446,1.1620492716153936,1.169409619970143,0.6188895625695032,0.15943867137658566,1,,,,,
pair,27.900000000000002,,,,,,,robot_1,robot_3,3.909212988065154,-0.052676587615916974,-0.0036935943155944617,0.05280592316990178,-17.897017365241116,3.7932560777093127,0,,,,,
pair,27.900000000000002,,,,,,,robot_1,robot_4,3.1073397527729276,-0.11179127651386138,1.1945230372361395,1.199742712414812,-0.4257487847835775,3.065070135370176,0,,,,,
pair,27.900000000000002,,,,,,,robot_2,robot_3,3.179056495284774,-0.18367410521395142,-1.165742865930988,1.1801239792475786,-2.693392173932798,0.057486613133944424,0,,,,,
pair,27.900000000000002,,,,,,,robot_2,robot_4,3.005475749515415,-0.24278879411189583,0.03247376562074589,0.24495090120246482,-12.072272272105055,0.5369929551663575,0,,,,,
pair,27.900000000000002,,,,,,,robot_3,robot_4,4.7386941704970065,-0.059114688897944405,1.198216631551734,1.1996739734489053,-3.490471659784051,2.218258132386463,0,,,,,
robot,28.0,robot_1,2.020597864733833,0.14693584466268722,0.00928215622847794,0.0050320691868624215,-0.004768547816374143,,,,,,,,,,1.0,proceed,0.0020998192485421896,-0.0012439213460311294,0.003892651991918683
robot,28.0,robot_2,1.7590765880179091,-0.5452328909681519,-0.002308369996755769,0.0002755698451069509,0.01960301925492956,,,,,,,,,,1.0,yield,0.0010314075043424964,-0.001631923601962626,0.003646761178970337
robot,28.0,robot_3,1.328400806552043,-3.7403469339331905,0.040036827647390714,-0.0008652919962384099,-0.0010997458315626413,,,,,,,,,,0.14366533271733947,proceed,0.0027602927293628454,-0.00041637142865863443,0.0006368371771487807
robot,28.0,robot_4,-1.0963073721975527,0.4385245612036407,0.03854312680590457,-0.0020481216941386085,-0.0076553387162484375,,,,,,,,,,0.0,proceed,0.0012024597963318229,-0.0,0.0
pair,28.0,,,,,,,robot_1,robot_2,0.7399263049520007,0.14448884498106018,1.1616065221129022,1.170558302067519,0.6143705188748061,0.17408287925624022,1,,,,,
pair,28.0,,,,,,,robot_1,robot_3,3.948430595581441,-0.04307757413338845,-0.0026848287629210876,0.04316115960795986,-21.60887204745369,3.8366967663781852,0,,,,,
pair,28.0,,,,,,,robot_1,robot_4,3.13051469180777,-0.09798241739576077,1.1958298566053451,1.1998373223347727,-0.4543540158153225,3.082682715689103,0,,,,,
pair,28.0,,,,,,,robot_2,robot_3,3.2240092084691123,-0.18756641911444863,-1.1642913508758235,1.1793029768908696,-2.732920292979555,0.08298462246475177,0,,,,,
pair,28.0,,,,,,,robot_2,robot_4,3.020098721061825,-0.24247126237682096,0.03422333449244286,0.24487455911627648,-12.10762233644302,0.5750378946431358,0,,,,,
pair,28.0,,,,,,,robot_3,robot_4,4.831374206678915,-0.05490484326237234,1.1985146853682662,1.199771641962361,-3.57189201391459,2.2309312721643906,0,,,,,
robot,28.1,robot_1,2.0325189644084816,0.13369648940949933,0.03292430584807297,0.026073411104925295,-0.014920269051283639,,,,,,,,,,1.0,proceed,0.002153072040528059,-0.0012799176620319486,0.003882188582792878
robot,28.1,robot_2,1.7548116969528875,-0.5447223199444954,-0.0042494843982429555,0.01554285709221076,0.05820990410792336,,,,,,,,,,1.0,yield,0.0009035054827108979,-0.0015674688620492816,0.0035828992258757353
robot,28.1,robot_3,1.328744654822651,-3.7867765494119565,0.07108313421302442,-0.0019302010854174957,-0.002265320515705135,,,,,,,,,,0.14401150313404593,proceed,0.0023060175590217113,-0.0003927684300253655,0.0006222716366921473
robot,28.1,robot_4,-1.0986831373848955,0.48519070152705074,0.07940072567361263,-0.0029635395593008316,-0.011749226899207748,,,,,,,,,,0.0,proceed,0.001213136943988502,-0.0,0.0
pair,28.1,,,,,,,robot_1,robot_2,0.7330575743302463,0.15519938397321487,1.1621674211060262,1.1724845258961403,0.6048768163912489,0.1854627099555849,1,,,,,
pair,28.1,,,,,,,robot_1,robot_3,3.983140359936987,-0.03383236725809764,-0.0018139077985684926,0.03388095830682044,-26.937195466506868,3.877171973020718,0,,,,,
pair,28.1,,,,,,,robot_1,robot_4,3.150868893405024,-0.08545278430144782,1.1968869090635288,1.1999335195886969,-0.4780173790916331,3.098220514292925,0,,,,,
pair,28.1,,,,,,,robot_2,robot_3,3.2699310009841893,-0.18903175123131252,-1.1639813289045948,1.179230909114955,-2.771660345176329,0.0991469149750021,0,,,,,
pair,28.1,,,,,,,robot_2,robot_4,3.0336699888730583,-0.24065216827466268,0.03471948795750246,0.24314380300416402,-12.220417879017926,0.6118968296769739,0,,,,,
pair,28.1,,,,,,,robot_3,robot_4,4.913462107259705,-0.051620417043350166,1.1987008168620972,1.1998117834900557,-3.6442788412863214,2.2413840098164246,0,,,,,
robot,28.200000000000003,robot_1,2.052398531729022,0.1156154145809394,0.03315090037871256,0.0274105922544512,-0.015563709151039532,,,,,,,,,,1.0,proceed,0.0020637388806790113,-0.0012428044574335217,0.0038238803390413523
robot,28.200000000000003,robot_2,1.7437986051898453,-0.5413581668572784,-0.0038515054898543523,0.020018910129861178,0.06140935835632726,,,,,,,,,,1.0,yield,0.0004916315083391964,-0.0014421716332435608,0.0031170551665127277
robot,28.200000000000003,robot_3,1.3286177662042318,-3.819412187723822,0.03897041522530725,-0.001617837277515921,-0.001463013560527426,,,,,,,,,,0.13620331215338907,proceed,0.0023328932002186775,-0.0003725538422205084,0.0005949638744544949
robot,28.200000000000003,robot_4,-1.1011698831623375,0.5329929637935433,0.07345290249447452,-0.00237386453803372,-0.008779712184807303,,,,,,,,,,0.0,proceed,0.001245625433512032,-0.0,0.0
pair,28.200000000000003,,,,,,,robot_1,robot_2,0.7258430969346914,0.17553237576821312,1.1609941626284073,1.17418868185657,0.5925150341815225,0.20691953813468603,1,,,,,
pair,28.200000000000003,,,,,,,robot_1,robot_3,4.00103746888779,-0.019005282497575222,-0.0007963348727518804,0.019021958680488185,-46.676694420511424,3.9012774972466233,0,,,,,
pair,28.200000000000003,,,,,,,robot_1,robot_4,3.181068651567759,-0.06942039443285614,1.1979903065663156,1.1999999857458616,-0.4992612766996905,3.124141602143115,0,,,,,
pair,28.200000000000003,,,,,,,robot_2,robot_3,3.3042417122208407,-0.19453765826578834,-1.1617904975011593,1.177965220440539,-2.8028066766639372,0.13188148233441518,0,,,,,
pair,28.200000000000003,,,,,,,robot_2,robot_4,3.0410649535397307,-0.24495277020106926,0.03699614393790829,0.24773085051210775,-12.002979764857995,0.6374354328548234,0,,,,,
pair,28.200000000000003,,,,,,,robot_3,robot_4,4.984706473200726,-0.05041511193528092,1.1987866414390673,1.1998462798226304,-3.7093552562741103,2.244762539990529,0,,,,,
robot,28.3,robot_1,2.0804267243470598,0.09387207005606366,0.03460919187661198,0.040287291218734304,-0.02052168673359117,,,,,,,,,,1.0,proceed,0.002287625800818205,-0.0013652124907821417,0.003935881890356541
robot,28.3,robot_2,1.7278320935336158,-0.5356275591254441,-0.0023981330453333085,0.02477230325528816,0.06119500761391799,,,,,,,,,,1.0,yield,0.0009152110433205962,-0.0016239793039858341,0.0035700879525393248
robot,28.3,robot_3,1.3279155442518333,-3.838705822893892,0.014516279502883646,-0.0017665515084084717,-0.0015586847046656692,,,,,,,,,,0.12138498905345842,proceed,0.0023287476506084204,-0.0003305508840946657,0.0005344222420190178
robot,28.3,robot_4,-1.1041478715827728,0.5927207352927302,0.08634343639191963,-0.002503131730340037,-0.009029965853318236,,,,,,,,,,0.0,proceed,0.0012502721510827541,-0.0,0.0
pair,28.3,,,,,,,robot_1,robot_2,0.7215211409363725,0.20483607764502107,1.1584394087038317,1.1764096575356224,0.5791157588789655,0.23760029418380793,1,,,,,
pair,28.3,,,,,,,robot_1,robot_3,4.003928316077477,0.0022334905127321183,5.688176099127862e-05,0.00223421471779188,381.51584829352294,3.9121446939678357,0,,,,,
pair,28.3,,,,,,,robot_1,robot_4,3.2234089637912935,-0.046572808056501665,1.1989567227290245,1.1998609292027933,-0.518462207823952,3.1628118270408594,0,,,,,
pair,28.3,,,,,,,robot_2,robot_3,3.3271999132857997,-0.20260258713228896,-1.1583825269428405,1.1759667882381617,-2.825409099265533,0.17513747911638605,0,,,,,
pair,28.3,,,,,,,robot_2,robot_4,3.0484882148922643,-0.25140888570152276,0.040517314025192874,0.254652862826039,-11.684271348665073,0.6633837293186621,0,,,,,
pair,28.3,,,,,,,robot_3,robot_4,5.054945479354137,-0.04880629856923378,1.1988998409680334,1.1998928633228905,-3.7725740279795827,2.2497999590613067,0,,,,,
robot,28.400000000000002,robot_1,2.109080492103561,0.07749250275974574,0.030817174289484793,0.04696020734904856,-0.024934800681979043,,,,,,,,,,1.0,proceed,0.002458512783050537,-0.0014345109229907393,0.003995661158114672
robot,28.400000000000002,robot_2,1.7116444960188562,-0.529224630356535,-0.001314596034599583,0.0326382125165736,0.046642741880617455,,,,,,,,,,1.0,yield,0.0010981790255755186,-0.00167243427131325,0.0036889228504151106
robot,28.400000000000002,robot_3,1.327029377638324,-3.840494612208241,1.6131329908745645e-05,-0.0014190339448951724,-0.0010040130891386524,,,,,,,,,,0.09901142623585173,proceed,0.0023758953902870417,-0.00026428515550846175,0.00043925791268635106
robot,28.400000000000002,robot_4,-1.1066309867349926,0.6448560531749513,0.08598560243022493,-0.0021892689302767084,-0.007929496623011343,,,,,,,,,,0.0,proceed,0.00126474944408983,-0.0,0.0
pair,28.400000000000002,,,,,,,robot_1,robot_2,0.7253006622089079,0.2341725074378645,1.155113768843597,1.178611293943765,0.5715080621070653,0.26896680913638515,1,,,,,
pair,28.400000000000002,,,,,,,robot_1,robot_3,3.9952755823211357,0.0237608630429058,0.00021087449863277374,0.023761798766042532,34.374104883078104,3.910892501066035,0,,,,,
pair,28.400000000000002,,,,,,,robot_1,robot_4,3.2653792602810756,-0.02411379019536569,1.1991797577357666,1.1994221801520921,-0.5268363198082698,3.203654968290881,0,,,,,
pair,28.400000000000002,,,,,,,robot_2,robot_3,3.333532313027589,-0.21041164439495869,-1.1549028943449642,1.1739138620287972,-2.8337545577904693,0.21512366167491406,0,,,,,
pair,28.400000000000002,,,,,,,robot_2,robot_4,3.0530545602941985,-0.2582862976332302,0.044065988892169505,0.2620183637116421,-11.356414029225675,0.6833828523217322,0,,,,,
pair,28.400000000000002,,,,,,,robot_3,robot_4,5.103045498579756,-0.04787465323827149,1.198968883237134,1.199924316527332,-3.8159719700086,2.252765782192821,0,,,,,
robot,28.5,robot_1,2.146399261849872,0.06051155185794202,0.028434502458669887,0.053214703597733906,-0.030912164325059988,,,,,,,,,,1.0,proceed,0.002494358690455556,-0.0014658088330179453,0.004015401937067509
robot,28.5,robot_2,1.685891086958198,-0.5230034192223684,-0.012570875646786512,0.04191488871484564,0.02809165225484242,,,,,,,,,,1.0,yield,0.001067726407200098,-0.0016813930124044418,0.0036463735159486532
robot,28.5,robot_3,1.3261831195526919,-3.8405238169987213,4.247460917879928e-06,-0.0010793838109442047,-0.00026470121627711004,,,,,,,,,,0.07591747151634985,proceed,0.0023720115423202515,-0.00020226579929610682,0.0003365861284958925
robot,28.5,robot_4,-1.109379729792566,0.7053087350285147,0.08582483269676698,-0.001964587352688714,-0.007057594347084895,,,,,,,,,,0.0,proceed,0.0013047257671132684,-0.0,0.0
pair,28.5,,,,,,,robot_1,robot_2,0.7433421154602476,0.27373870427694225,1.1488161906118655,1.1809790506317956,0.5710215675780048,0.3127139426540911,1,,,,,
pair,28.5,,,,,,,robot_1,robot_3,3.9863305770038076,0.051203273287354224,-0.0006628981671041867,0.05120756418068949,15.02995279343215,3.911326443215009,0,,,,,
pair,28.5,,,,,,,robot_1,robot_4,3.319014951735674,0.004627407187880836,1.1983833294935136,1.1983922635369613,-0.5275573835063924,3.2582445047628594,0,,,,,
pair,28.5,,,,,,,robot_2,robot_3,3.3369644006907193,-0.22253543098958803,-1.1494790887789694,1.1708220161860006,-2.8402388210073126,0.2774025773738924,0,,,,,
pair,28.5,,,,,,,robot_2,robot_4,3.0532424874645856,-0.26911129708906145,0.04956713888164832,0.27363806657310985,-10.859333031892223,0.701653474896604,0,,,,,
pair,28.5,,,,,,,robot_3,robot_4,5.157185277278804,-0.04657586609947339,1.199046227660618,1.1999504853826573,-3.8642784893116,2.2572817724392724,0,,,,,
robot,28.6,robot_1,2.1813466284713385,0.04582951495756861,0.030197665490488655,0.05928462435814994,-0.038678601511029934,,,,,,,,,,1.0,proceed,0.0029330523684620857,-0.001644026953727007,0.004313454497605562
robot,28.6,robot_2,1.6570771115667227,-0.5213560923256105,-0.018368240442344592,0.049110881568179866,0.012269432775777854,,,,,,,,,,1.0,yield,0.0008710609399713576,-0.0014202476013451815,0.0037945308722555637
robot,28.6,robot_3,1.3256495046260788,-3.8405368077001802,-6.0041721352465496e-06,-0.0008220545717913689,0.00037446084925852756,,,,,,,,,,0.05308692550351441,proceed,0.0023744208738207817,-0.0001414896366732309,0.00023432475418605164
robot,28.6,robot_4,-1.1116291992417948,0.7572654148265308,0.08932264910070421,-0.001856543712290124,-0.006671932049701264,,,,,,,,,,0.0,proceed,0.0013431073166429996,-0.0,0.0
pair,28.6,,,,,,,robot_1,robot_2,0.7723716977366455,0.3115632097868194,1.1410032867864341,1.1827764514692163,0.5793615670832873,0.35634719737319587,1,,,,,
pair,28.6,,,,,,,robot_1,robot_3,3.97945483221576,0.07631162949788321,-0.002539036629480851,0.07635385716273962,9.50820872563481,3.9126719245125594,0,,,,,
pair,28.6,,,,,,,robot_1,robot_4,3.36895100016687,0.030982388431115927,1.1965718776545753,1.1969729181509048,-0.5229544476380638,3.310287302700591,0,,,,,
pair,28.6,,,,,,,robot_2,robot_3,3.3356865680031813,-0.23525158028893617,-1.143542323415915,1.1674897650394676,-2.8418932912325134,0.3441923217697451,0,,,,,
pair,28.6,,,,,,,robot_2,robot_4,3.0496897537393743,-0.28058082135570345,0.055568590868141254,0.2860305326424297,-10.363784004610679,0.7163695517660296,0,,,,,
pair,28.6,,,,,,,robot_3,robot_4,5.20385556657748,-0.045329241066767285,1.1991109142840561,1.1999673849112875,-3.905597591597124,2.2618553168747066,0,,,,,
robot,28.700000000000003,robot_1,2.2213282903896947,0.02620261193352033,0.03381841979438402,0.056781363321993183,-0.044682029874958756,,,,,,,,,,1.0,proceed,0.002826126990839839,-0.0016061891801655293,0.004242837429046631
robot,28.700000000000003,robot_2,1.6217381885041446,-0.5180215938554202,-0.013053136977472993,0.05134995331093369,-0.0038062236988219145,,,,,,,,,,1.0,yield,0.00038079050136730075,-0.0012528618099167943,0.0032539735548198223
robot,28.700000000000003,robot_3,1.3252274384703555,-3.840541239517498,-1.2630520126676822e-05,-0.0005425241497943507,0.0007882742486498409,,,,,,,,,,0.0303220591910931,proceed,0.0023406108375638723,-8.042945436813552e-05,0.00013295932374592876
robot,28.700000000000003,robot_4,-1.1140460311776206,0.815824521279621,0.08575653362400462,-0.0016168272614715856,-0.005811884537843144,,,,,,,,,,0.0,proceed,0.001356407767161727,-0.0,0.0
pair,28.700000000000003,,,,,,,robot_1,robot_2,0.8097458097734915,0.3565831826695447,1.1293778557576308,1.1843335287149672,0.5906255521351528,0.4079109241626851,1,,,,,
pair,28.700000000000003,,,,,,,robot_1,robot_3,3.9692196650657694,0.10470328131194308,-0.005928323372277999,0.10487097851881705,6.446798837062977,3.911216912984714,0,,,,,
pair,28.700000000000003,,,,,,,robot_1,robot_4,3.427568325313153,0.06069866386125246,1.193244821381775,1.1947876512372253,-0.5182139434587967,3.3711824249789637,0,,,,,
pair,28.700000000000003,,,,,,,robot_2,robot_3,3.335724122390228,-0.25187990135760163,-1.135306179129909,1.1629116927258356,-2.844473311781746,0.4301663118922557,0,,,,,
pair,28.700000000000003,,,,,,,robot_2,robot_4,3.0436262509579928,-0.29588451880829225,0.06386696562414396,0.30269892264170717,-9.764244581886704,0.7265905583941674,0,,,,,
pair,28.700000000000003,,,,,,,robot_3,robot_4,5.256595586313655,-0.044004617450690627,1.1991731447540528,1.1999802654445222,-3.9523022635266,2.2668786494508257,0,,,,,
robot,28.8,robot_1,2.254479716743421,0.0036012648269235,0.043847810800404605,0.052199194014135156,-0.05135232794694893,,,,,,,,,,1.0,proceed,0.0029936996288597584,-0.001692596822977066,0.004302497487515211
robot,28.8,robot_2,1.5911808870070134,-0.5106856089967864,-0.002357451721327737,0.05176923043665915,-0.014972139881121794,,,,,,,,,,1.0,yield,0.0003738519735634327,-0.0012447640765458345,0.0032349438406527042
robot,28.8,robot_3,1.3249817231055785,-3.8405393544747572,-1.5440772701936478e-05,-0.00034872789192885235,0.0009642764042871874,,,,,,,,,,0.0076922735264811385,proceed,0.0022109639830887318,-2.0312379305259366e-05,3.300998026320701e-05
robot,28.8,robot_4,-1.1160759441943224,0.8678376546372506,0.08679567332121133,-0.0015291810121548866,-0.005485004036711516,,,,,,,,,,0.0,proceed,0.0014081301633268595,-0.0,0.0
pair,28.8,,,,,,,robot_1,robot_2,0.839318965660286,0.39464666988919817,1.117599731925809,1.185232110118214,0.5954942637787465,0.4542072287631196,1,,,,,
pair,28.8,,,,,,,robot_1,robot_3,3.954918914610246,0.12177810367196584,-0.009814181338571037,0.12217292944546437,5.055894003624822,3.906384326679929,0,,,,,
pair,28.8,,,,,,,robot_1,robot_4,3.479590493283923,0.08484586300219196,1.1895664094722354,1.1925883879248753,-0.5217647898985458,3.4235002782004065,0,,,,,
pair,28.8,,,,,,,robot_2,robot_3,3.3404772056003456,-0.2728685662172323,-1.1274139132643803,1.1599652521741985,-2.844077064270518,0.5245810381123819,0,,,,,
pair,28.8,,,,,,,robot_2,robot_4,3.0380200688057566,-0.3098008068870062,0.07196667754642616,0.318049905871565,-9.272020209851657,0.7301852183967918,0,,,,,
pair,28.8,,,,,,,robot_3,robot_4,5.303543777043625,-0.03693224066977389,1.1993805908108064,1.1999490789256722,-3.9845671348115648,2.2949859479124033,0,,,,,
robot,28.900000000000002,robot_1,2.2878009622383524,-0.031117419619283358,0.05694620742753737,0.044977868131860596,-0.05828148685477155,,,,,,,,,,1.0,proceed,0.00309318327344954,-0.0017512872582301497,0.004334331024438143
robot,28.900000000000002,robot_2,1.5603401218118582,-0.49534223767751545,0.010386471554112753,0.048139770996922474,-0.02616196336839061,,,,,,,,,,1.0,yield,0.0003693678881973028,-0.0012295597698539495,0.003232122864574194
robot,28.900000000000002,robot_3,1.3283390982838297,-3.843860894325204,0.010291758774834223,0.010306717973066606,0.001002369633278025,,,,,,,,,,0.0,proceed,0.0004887177492491901,-0.0,0.0
robot,28.900000000000002,robot_4,-1.1183047960655685,0.9284646532811579,0.08834724862634592,-0.0014389803632855777,-0.005173991677314057,,,,,,,,,,0.0,proceed,0.0014413846656680107,-0.0,0.0
pair,28.900000000000002,,,,,,,robot_1,robot_2,0.8629623143887686,0.4339076091565208,1.1034230286584246,1.185672042960303,0.5889005794614572,0.5071101797743641,1,,,,,
pair,28.900000000000002,,,,,,,robot_1,robot_3,3.931612884338394,0.14208682713511087,-0.014354790995976807,0.14281010632956287,4.000826214871787,3.8898752462573003,0,,,,,
pair,28.900000000000002,,,,,,,robot_1,robot_4,3.538693853865157,0.10853033638076004,1.1851233022733134,1.1900823818148576,-0.5419469026393944,3.47942220858313,0,,,,,
pair,28.900000000000002,,,,,,,robot_2,robot_3,3.356546092166126,-0.29182078202140993,-1.1177778196544015,1.1552431012262896,-2.855268094061104,0.6213772096950606,0,,,,,
pair,28.900000000000002,,,,,,,robot_2,robot_4,3.033539955038003,-0.3253772727757608,0.08170027361488885,0.33547772556123534,-8.777759289071028,0.7285979420029632,0,,,,,
pair,28.900000000000002,,,,,,,robot_3,robot_4,5.362942986653275,-0.03355649075435084,1.1994780932692901,1.1999473881402796,-4.03257632470604,2.31222908821716,0,,,,,
robot,29.0,robot_1,2.3138579970394213,-0.07385485769681416,0.057455065628425846,0.03402654187022466,-0.05338111449168508,,,,,,,,,,1.0,proceed,0.0032049522269517183,-0.0018153305863961577,0.00438028946518898
robot,29.0,robot_2,1.5365661742328716,-0.4738619595443347,0.016874207645097724,0.037430002170253614,-0.029219590411088802,,,,,,,,,,1.0,yield,0.00037704320857301354,-0.0012200188357383013,0.003231639740988612
robot,29.0,robot_3,1.338732992357488,-3.8536802891666024,0.016999332526567348,0.016973245338665253,-0.0018371824424415996,,,,,,,,,,0.0,proceed,0.00046216967166401446,-0.0,0.0
robot,29.0,robot_4,-1.1203520364938664,0.98804576164572,0.07720797842019228,-0.0011882032901786707,-0.004261980375277223,,,,,,,,,,0.0,proceed,0.0005322702927514911,-0.0,0.0
pair,29.0,,,,,,,robot_1,robot_2,0.8741786198085499,0.467861803916002,1.0893064561425412,1.185530776891666,0.5687691321215114,0.5563423316345135,1,,,,,
pair,29.0,,,,,,,robot_1,robot_3,3.903581569167181,0.1544070386759919,-0.01865866648460235,0.15553031674780607,3.3088351772232296,3.8695104363767028,0,,,,,
pair,29.0,,,,,,,robot_1,robot_4,3.594639269771135,0.1274752186414922,1.1809418175246742,1.1878019648687979,-0.5785537598302807,3.528339215073974,0,,,,,
pair,29.0,,,,,,,robot_2,robot_3,3.385603330146873,-0.31345476524001015,-1.1079651226271436,1.1514515199563773,-2.871184194805345,0.7297119165565789,0,,,,,
pair,29.0,,,,,,,robot_2,robot_4,3.032554791552243,-0.3403865852745098,0.09163536138213302,0.35250541398746665,-8.356198297854826,0.720970818362081,0,,,,,
pair,29.0,,,,,,,robot_3,robot_4,5.430415299978037,-0.0269318200344997,1.1996004840092764,1.1999027644628797,-4.080081013993426,2.3497929829633697,0,,,,,
robot,29.1,robot_1,2.331907745587524,-0.11643841220294918,0.07207822104675894,0.034975654044570065,-0.06030532309425554,,,,,,,,,,1.0,proceed,0.003326201345771551,-0.001882172073237598,0.0044003636576235294
robot,29.1,robot_2,1.5208544169294609,-0.45285556134497124,0.022079419798553948,0.03600734218895484,-0.03893266301522423,,,,,,,,,,1.0,yield,0.0003758340608328581,-0.0011948616011068225,0.0032271333038806915
robot,29.1,robot_3,1.3529098076871418,-3.867122135669323,0.026867993057455363,0.026825651824792168,-0.003212651969418428,,,,,,,,,,0.0,proceed,0.0004594751226250082,-0.0,0.0
robot,29.1,robot_4,-1.1220304476394236,1.0400307529968895,0.08757820339468185,-0.0012601675363748048,-0.004524250841950758,,,,,,,,,,0.0,proceed,0.0005427192663773894,-0.0,0.0
pair,29.1,,,,,,,robot_1,robot_2,0.8780569458549767,0.4898349780814767,1.0790815907720304,1.185055013615476,0.5413899144663371,0.5994690719426701,1,,,,,
pair,29.1,,,,,,,robot_1,robot_3,3.8763469086098037,0.15744698600348808,-0.021438106536258217,0.15889979802832516,2.9202064071137177,3.8484738016759317,0,,,,,
pair,29.1,,,,,,,robot_1,robot_4,3.6424044219018077,0.1391852023183567,1.1782340214893934,1.1864265379447099,-0.6264913760896593,3.565758811703205,0,,,,,
pair,29.1,,,,,,,robot_2,robot_3,3.418394598685485,-0.3323879920779886,-1.1005196973082885,1.1496196681690705,-2.885303537522429,0.8263905766711618,0,,,,,
pair,29.1,,,,,,,robot_2,robot_4,3.0353829997080295,-0.35064977576311995,0.09915243071736313,0.3643987784829798,-8.09382382048359,0.717433230769957,0,,,,,
pair,29.1,,,,,,,robot_3,robot_4,5.495951122433776,-0.01826178368513137,1.1996721280256515,1.199811113261149,-4.120860643939465,2.399963999712121,0,,,,,
robot,29.200000000000003,robot_1,2.347168237082891,-0.16305375315679455,0.08094887146672838,0.03684019986061811,-0.06111753148289857,,,,,,,,,,1.0,proceed,0.003975330851972103,-0.0023668694775551558,0.00392186501994729
robot,29.200000000000003,robot_2,1.5086593391384056,-0.43254938082969296,0.022366617707942633,0.032835726397066965,-0.04543379540216246,,,,,,,,,,1.0,yield,5.365637116483413e-05,-0.0011152430670335889,0.002954488154500723
robot,29.200000000000003,robot_3,1.367387808180054,-3.885913954706769,0.043795975927111645,0.02092212873603179,-0.0061749181521127405,,,,,,,,,,0.0,proceed,0.0004702987789642066,-0.0,0.0
robot,29.200000000000003,robot_4,-1.123634207097147,1.0923044069798222,0.09297288048643072,-0.001226721199157249,-0.004441317314555783,,,,,,,,,,0.0,proceed,0.000569504511076957,-0.0,0.0
pair,29.200000000000003,,,,,,,robot_1,robot_2,0.8807525562079767,0.509190276375943,1.0694393570456755,1.1844725729007308,0.5097522533223704,0.6412219927540784,1,,,,,
pair,29.200000000000003,,,,,,,robot_1,robot_3,3.849630861413305,0.15858554005142128,-0.023851544307318284,0.16036916685960836,2.588939467256702,3.8271762828790443,0,,,,,
pair,29.200000000000003,,,,,,,robot_1,robot_4,3.6908527086227267,0.14915236864422043,1.1757911058103034,1.1852135476675913,-0.6822377016488577,3.601189250133213,0,,,,,
pair,29.200000000000003,,,,,,,robot_2,robot_3,3.456252960297975,-0.3506047363245217,-1.0932909013529937,1.1481326909876004,-2.9017124563397587,0.9200287603787521,0,,,,,
pair,29.200000000000003,,,,,,,robot_2,robot_4,3.042063179447522,-0.36003790773172256,0.106351748764628,0.3754170873430389,-7.875068546435946,0.7166859328645411,0,,,,,
pair,29.200000000000003,,,,,,,robot_3,robot_4,5.566673040266441,-0.009433171407200826,1.1996426501176218,1.199679737556665,-4.165821425974397,2.451800903790196,0,,,,,
robot,29.3,robot_1,2.362763040313538,-0.21820331762178385,0.07643707580357217,0.03560320620182957,-0.05056580723300143,,,,,,,,,,1.0,proceed,0.004060759209096432,-0.0024262068327516317,0.003949036356061697
robot,29.3,robot_2,1.497515980371063,-0.41230875163311576,0.016838657535363035,0.0263601091667744,-0.042052140861696855,,,,,,,,,,1.0,yield,7.613148773089051e-05,-0.0011067913146689534,0.00296539138071239
robot,29.3,robot_3,1.3851531987081345,-3.9141826384441845,0.03812462796457671,0.035336720218035994,-0.008859656896142223,,,,,,,,,,0.0,proceed,0.00045232533011585474,-0.0,0.0
robot,29.3,robot_4,-1.1253334109298412,1.1512430421854511,0.08576761069959819,-0.001087584463870667,-0.003907793042929679,,,,,,,,,,0.0,proceed,0.0005594803369604051,-0.0,0.0
pair,29.3,,,,,,,robot_1,robot_2,0.886752160556615,0.5304953471985973,1.0584840361698173,1.1839821655015363,0.4740052193613289,0.6865628506647874,1,,,,,
pair,29.3,,,,,,,robot_1,robot_3,3.8230856833650164,0.15898057985072292,-0.026681297894261213,0.16120395909218357,2.186018936863393,3.8068099468818644,0,,,,,
pair,29.3,,,,,,,robot_1,robot_4,3.747292380581737,0.1604353934795639,1.1727662467920772,1.1836892265690846,-0.7468498077863426,3.6415212307474003,0,,,,,
pair,29.3,,,,,,,robot_2,robot_3,3.503676085746554,-0.3715147673478743,-1.0851653340640786,1.1469991388889307,-2.9202159208999845,1.0279568892987323,0,,,,,
pair,29.3,,,,,,,robot_2,robot_4,3.053527982744023,-0.37005995371903333,0.11428221062225974,0.3873045223222208,-7.661739713148014,0.7200093513462584,0,,,,,
pair,29.3,,,,,,,robot_3,robot_4,5.653413158716934,0.0014548136288409855,1.1994475446863384,1.199448426959984,-4.220587451840219,2.516628628931427,0,,,,,
robot,29.400000000000002,robot_1,2.375798174341903,-0.2684993011689645,0.0848503393443913,0.040683705445048624,-0.04840486342965829,,,,,,,,,,1.0,proceed,0.004044500645250082,-0.00254733394831419,0.0038964380510151386
robot,29.400000000000002,robot_2,1.4889401505469397,-0.3973752450964212,0.013864938426984573,0.02494882030260646,-0.04462571410671102,,,,,,,,,,1.0,yield,3.4165386750828475e-06,-0.0010875960579141974,0.002856642007827759
robot,29.400000000000002,robot_3,1.4055175278065286,-3.94020699219145,0.05708489941768327,0.028849941690243904,-0.01288550305909738,,,,,,,,,,0.0,proceed,0.00042802776442840695,-0.0,0.0
robot,29.400000000000002,robot_4,-1.1267333725030892,1.2033160392745925,0.09346310529443412,-0.0011318374025089985,-0.004052850965950696,,,,,,,,,,0.0,proceed,0.0005638640141114593,-0.0,0.0
pair,29.400000000000002,,,,,,,robot_1,robot_2,0.8961730654804914,0.5445629092815327,1.0510231402899228,1.183722266239027,0.4413376316069817,0.7281498969663808,1,,,,,
pair,29.400000000000002,,,,,,,robot_1,robot_3,3.7977469506741466,0.15444964161579813,-0.02840880437534865,0.1570406060905437,1.84701689798516,3.786654069140215,0,,,,,
pair,29.400000000000002,,,,,,,robot_1,robot_4,3.799206184587691,0.16844175464894792,1.1705975560341244,1.1826543294227108,-0.8100051177444181,3.676450437766627,0,,,,,
pair,29.400000000000002,,,,,,,robot_2,robot_3,3.543813782101044,-0.39011326766573456,-1.0794319446652716,1.1477637756841288,-2.9276622198167637,1.1257165046747104,0,,,,,
pair,29.400000000000002,,,,,,,robot_2,robot_4,3.0665877725977904,-0.3761211546325848,0.11957441574420163,0.3946709564469064,-7.54476701724356,0.732980768070712,0,,,,,
pair,29.400000000000002,,,,,,,robot_3,robot_4,5.7330728058642775,0.013992113033149792,1.1990063604094732,1.1990879999105586,-4.264594504952263,2.5920980707842705,0,,,,,
robot,29.5,robot_1,2.3891595756904827,-0.3258218244724725,0.08303023013074888,0.039633882138762566,-0.0404422310627505,,,,,,,,,,1.0,proceed,0.004109739325940609,-0.002596277976408601,0.003904690034687519
robot,29.5,robot_2,1.4804668930029388,-0.38356670021926353,0.010447139007613241,0.021031842273271727,-0.04085510189905337,,,,,,,,,,1.0,yield,6.599974585697055e-05,-0.0011110722552984953,0.0028503488283604383
robot,29.5,robot_3,1.4272280664543298,-3.974083811897142,0.04738607375740921,0.04284109571636163,-0.01586687464227947,,,,,,,,,,0.0,proceed,0.00043711211765185,-0.0,0.0
robot,29.5,robot_4,-1.128189335294324,1.2609090830777119,0.08918329464610576,-0.0010032024594492806,-0.003609238466100262,,,,,,,,,,0.0,proceed,0.0005900919786654413,-0.0,0.0
pair,29.5,,,,,,,robot_1,robot_2,0.9105255966994545,0.5568030444442236,1.0452842007841172,1.1843347038363972,0.40375231676280143,0.7748566169613205,1,,,,,
pair,29.5,,,,,,,robot_1,robot_3,3.772946826732275,0.1495590292709895,-0.03034414416243225,0.1526062591161685,1.4239608616591557,3.7666837067184926,0,,,,,
pair,29.5,,,,,,,robot_1,robot_4,3.858686089147579,0.17770668420067204,1.167874999864521,1.1813177730476048,-0.8799976116891233,3.716016678488101,0,,,,,
pair,29.5,,,,,,,robot_2,robot_3,3.5909117925540763,-0.40724401517323405,-1.0756283449465496,1.1501408715226455,-2.935948471105719,1.2215472460869443,0,,,,,
pair,29.5,,,,,,,robot_2,robot_4,3.0837295470394777,-0.37909636024355153,0.12259079908040377,0.3984250925444839,-7.49975131966757,0.7620442037535939,0,,,,,
pair,29.5,,,,,,,robot_3,robot_4,5.825402021113826,0.02814765492968255,1.1982191440269534,1.1985497101041431,-4.316496548963967,2.6776551679638603,0,,,,,
robot,29.6,robot_1,2.4008339337210955,-0.387107867507503,0.08565289388218657,0.03887137182723964,-0.035206941333844416,,,,,,,,,,1.0,proceed,0.004153213929384947,-0.002634952776134014,0.003923135343939066
robot,29.6,robot_2,1.4728777759444087,-0.3714922819687409,0.008732878087155395,0.018587443806057,-0.03759960458697833,,,,,,,,,,1.0,yield,0.00014060178364161402,-0.0011428664438426495,0.002837168285623193
robot,29.6,robot_3,1.4509287043639345,-4.011117912895029,0.06341103577713286,0.02935622841692025,-0.01987105705563263,,,,,,,,,,0.010575072081178088,proceed,0.00044819567119702697,-2.118267084002189e-05,2.4564235312973175e-05
robot,29.6,robot_4,-1.1296019538649422,1.3206529048217721,0.08962202951968629,-0.0009630004225774716,-0.003447542720198697,,,,,,,,,,0.0,proceed,0.0005889544845558703,-0.0,0.0
pair,29.6,,,,,,,robot_1,robot_2,0.9280875375024652,0.5667695657216789,1.0404587611914868,1.184813139009044,0.3630833508740134,0.8223664313931954,1,,,,,
pair,29.6,,,,,,,robot_1,robot_3,3.7464341384615025,0.14115860129577504,-0.031377287136909904,0.14460388953223793,0.9744338676971046,3.7437833793705906,0,,,,,
pair,29.6,,,,,,,robot_1,robot_4,3.921788420078536,0.18541686872919977,1.1655748920216142,1.180230589385201,-0.9590625869770582,3.7548891913695304,0,,,,,
pair,29.6,,,,,,,robot_2,robot_3,3.6396918131950167,-0.42561096442590385,-1.0718360483283966,1.1532463776382655,-2.9402185969906522,1.3228212100736327,0,,,,,
pair,29.6,,,,,,,robot_2,robot_4,3.104231962538697,-0.38135269699247915,0.12511613083012751,0.4013526201451028,-7.475465458096901,0.7965363131608392,0,,,,,
pair,29.6,,,,,,,robot_3,robot_4,5.923421184646222,0.04425826743342472,1.1969521791585243,1.1977701421510507,-4.368766185099716,2.775780274106541,0,,,,,
robot,29.700000000000003,robot_1,2.408033470466601,-0.4397314383835744,0.08774415897276644,0.035769049481911244,-0.030752499660662132,,,,,,,,,,1.0,proceed,0.0042067114263772964,-0.0026750597171485424,0.0039438530802726746
robot,29.700000000000003,robot_2,1.4675665980296662,-0.3621749903738261,0.008488714775415877,0.01632287462243661,-0.03149417685316083,,,,,,,,,,1.0,proceed,0.00019995351613033563,-0.0011665084166452289,0.00283253425732255
robot,29.700000000000003,robot_3,1.4701551879153436,-4.043836905017584,0.05220223074227467,0.0415669583706764,-0.023710842413885807,,,,,,,,,,0.01591329619522632,proceed,0.00043404442840255797,-3.195733216644408e-05,3.699976985794545e-05
robot,29.700000000000003,robot_4,-1.1307133905470805,1.370656130304421,0.0886820530600037,-0.000887725258652314,-0.0031840693461438834,,,,,,,,,,0.0,proceed,0.0006207663100212812,-0.0,0.0
pair,29.700000000000003,,,,,,,robot_1,robot_2,0.9436593351306384,0.5731924470167703,1.0372118072465573,1.185056080701982,0.3265734750671517,0.8606496614306274,1,,,,,
pair,29.700000000000003,,,,,,,robot_1,robot_3,3.7241363948575312,0.13189190966380937,-0.031390513246870255,0.13557595714826573,0.5747200473082978,3.7233211838915548,0,,,,,
pair,29.700000000000003,,,,,,,robot_1,robot_4,3.974950628019701,0.19034702430082603,1.1641086695419303,1.179568134599635,-1.0305573710679308,3.784510326965107,0,,,,,
pair,29.700000000000003,,,,,,,robot_2,robot_3,3.6816628246671286,-0.441300537352961,-1.0686023204934276,1.1561388686623897,-2.9424825314703074,1.4076903722870278,0,,,,,
pair,29.700000000000003,,,,,,,robot_2,robot_4,3.123101437966658,-0.3828454227159443,0.126896862295373,0.40332794516988396,-7.466679853900102,0.8273487839668706,0,,,,,
pair,29.700000000000003,,,,,,,robot_3,robot_4,6.006767199749267,0.05845511463701668,1.1954991827888004,1.1969274399377416,-4.412140300872124,2.8621961172117234,0,,,,,
robot,29.8,robot_1,2.4127024937475907,-0.5005006387315818,0.07528972758055583,0.026279383220955594,-0.022189952990700434,,,,,,,,,,1.0,proceed,0.004237351007759571,-0.002706788945943117,0.00397070124745369
robot,29.8,robot_2,1.4630453225601974,-0.3524680610824599,0.0070225826809052014,0.010817317593765587,-0.021227385047732767,,,,,,,,,,1.0,proceed,0.00031799377757124603,-0.0012402011780068278,0.0028068507090210915
robot,29.8,robot_3,1.4961273692363766,-4.077663464825876,0.0426507088822715,0.035536483693068124,-0.0230101973971015,,,,,,,,,,0.02796015501060803,proceed,0.0004814042476937175,-5.703836283487946e-05,6.587889735054453e-05
robot,29.8,robot_4,-1.131899206598821,1.427254966665866,0.07361248936563644,-0.000690435469857443,-0.002471309516239519,,,,,,,,,,0.0,proceed,0.0006097829900681973,-0.0,0.0
pair,29.8,,,,,,,robot_1,robot_2,0.9611255832788373,0.5801895332353249,1.0336073724889945,1.1853118133805245,0.283262461077533,0.9005728227425579,1,,,,,
pair,29.8,,,,,,,robot_1,robot_3,3.6927230932285813,0.11753382820178959,-0.03045265375050199,0.12141484625949066,-0.08177678168471252,3.6927097448761286,0,,,,,
pair,29.8,,,,,,,robot_1,robot_4,4.034903082880672,0.19556496023291048,1.1624749804339405,1.178810304419583,-1.113827539260033,3.8152976977742763,0,,,,,
pair,29.8,,,,,,,robot_2,robot_3,3.725342295398284,-0.46265570503353526,-1.0640600262394964,1.16029049847048,-2.9329288106597695,1.5157274765924929,0,,,,,
pair,29.8,,,,,,,robot_2,robot_4,3.146609471305581,-0.38462457300241437,0.128867607944946,0.4056389065840971,-7.459622461877937,0.8631344521069255,0,,,,,
pair,29.8,,,,,,,robot_3,robot_4,6.100053329330291,0.07803113203112087,1.1929276341844424,1.1954769750885832,-4.451480795353519,2.98173918604252,0,,,,,
robot,29.900000000000002,robot_1,2.4133689611497426,-0.548252178520005,0.07528972758055583,0.026279383220955594,-0.022189952990700434,,,,,,,,,,1.0,proceed,0.0036574339028447866,-0.0025630092713981867,0.0034824805334210396
robot,29.900000000000002,robot_2,1.4627838303070455,-0.3453011328592755,0.0070225826809052014,0.010817317593765587,-0.021227385047732767,,,,,,,,,,1.0,proceed,0.001695459010079503,-0.00234905444085598,0.0019368950743228197
robot,29.900000000000002,robot_3,1.5137574034795906,-4.106164825293215,0.0426507088822715,0.035536483693068124,-0.0230101973971015,,,,,,,,,,0.029319984382669206,proceed,0.0005605688784271479,-6.125426912386013e-05,6.961170930133104e-05
robot,29.900000000000002,robot_4,-1.132769943233187,1.4710924944219603,0.07361248936563644,-0.000690435469857443,-0.002471309516239519,,,,,,,,,,0.0,proceed,0.0006112709525041282,-0.0,0.0
pair,29.900000000000002,,,,,,,robot_1,robot_2,0.9720088569112995,0.5806740876394316,1.0333882897041344,1.1853580696791677,0.2435835975085456,0.9281346995444204,1,,,,,
pair,29.900000000000002,,,,,,,robot_1,robot_3,3.6698832892562763,0.1042102519522111,-0.028331507532612932,0.107992828146196,-0.6046998105477399,3.669302228387933,0,,,,,
pair,29.900000000000002,,,,,,,robot_1,robot_4,4.0807908592964255,0.19657668601714712,1.1623431612015929,1.1788485983694412,-1.1873801637605272,3.833220308497639,0,,,,,
pair,29.900000000000002,,,,,,,robot_2,robot_3,3.7612091165248733,-0.47646383568722056,-1.0617197972367474,1.1637296569917854,-2.930513118353098,1.5863093125417322,0,,,,,
pair,29.900000000000002,,,,,,,robot_2,robot_4,3.167993876346169,-0.38409740162228456,0.12895487149745855,0.4051668456524011,-7.499859715444945,0.8958353160558605,0,,,,,
pair,29.900000000000002,,,,,,,robot_3,robot_4,6.173322137003306,0.09236643406493603,1.1906746687342058,1.1942519520215082,-4.484700275574572,3.069958927948126,0,,,,,
robot,30.0,robot_1,2.4100150088279277,-0.6216518367006688,0.09271433360390212,0.02279172820052575,-0.019888025410628406,,,,,,,,,,1.0,proceed,0.003739885753020644,-0.0026195114478468895,0.0034869241062551737
robot,30.0,robot_2,1.4713649581521724,-0.3349571443108634,0.020803555612137488,-0.00541616981269657,-0.01687177820626109,,,,,,,,,,1.0,proceed,0.0017149175982922316,-0.002344041131436825,0.0019391309469938278
robot,30.0,robot_3,1.5343563709420216,-4.154908793217274,0.056552037117978515,0.034532647566625906,-0.03514613027345224,,,,,,,,,,0.03683202191077625,proceed,0.0008087351452559233,-8.367132813223046e-05,8.024385728677809e-05
robot,30.0,robot_4,-1.1340250350125223,1.5379929704085908,0.08666314469832422,-0.000699565558176066,-0.0025372943073769007,,,,,,,,,,0.0,proceed,0.0005933429929427803,-0.0,0.0
pair,30.0,,,,,,,robot_1,robot_2,0.9814569599723073,0.5724024341383087,1.0382721250082243,1.1856026114076144,0.1704676560904175,0.9604220769898173,1,,,,,
pair,30.0,,,,,,,robot_1,robot_3,3.6401487292248356,0.08223074491638954,-0.02342081951924868,0.08550105377395968,-1.4699150554892577,3.6379784892020464,0,,,,,
pair,30.0,,,,,,,robot_1,robot_4,4.150215117944925,0.19374677201867582,1.163767199199797,1.179784686119038,-1.3123702082656952,3.8505854663196364,0,,,,,
pair,30.0,,,,,,,robot_2,robot_3,3.820470981183873,-0.4901716892219192,-1.061692944527473,1.1693845361445847,-2.943222132803488,1.6584020320716228,0,,,,,
pair,30.0,,,,,,,robot_2,robot_4,3.2087379370572386,-0.3786556621196329,0.12549507419157285,0.39890991978340923,-7.676732298013996,0.9582102032546396,0,,,,,
pair,30.0,,,,,,,robot_3,robot_4,6.287240238605364,0.11151602710228627,1.1871880187190458,1.1924140288048992,-4.544060165521003,3.1890938298473057,0,,,,,
robot,30.1,robot_1,2.4044841422871728,-0.6775556162087731,0.09330886110935527,0.020419233234980863,-0.01634291166757616,,,,,,,,,,1.0,proceed,0.0037912107072770596,-0.0026618961710482836,0.003506439970806241
robot,30.1,robot_2,1.483883466157185,-0.3269933166387084,0.026166478956632138,-0.012435780730028087,-0.013455445290702113,,,,,,,,,,1.0,proceed,0.001711887656711042,-0.0023375696036964655,0.0019415657734498382
robot,30.1,robot_3,1.5511269036925184,-4.189562657982679,0.05581558083909658,0.033199076889304215,-0.03780024698871164,,,,,,,,,,0.03664698762413883,proceed,0.0008327962132170796,-8.388871632335322e-05,8.047756826338768e-05
robot,30.1,robot_4,-1.1349222085432147,1.588958574883026,0.08665963933571166,-0.0006667681121288523,-0.002418388100274325,,,,,,,,,,0.0,proceed,0.00048587837954983115,-0.0,0.0
pair,30.1,,,,,,,robot_1,robot_2,0.9850885903160399,0.5633690117307517,1.0438675368072565,1.1861888879004612,0.10852345805783378,0.9766413328017671,1,,,,,
pair,30.1,,,,,,,robot_1,robot_3,3.614195904780397,0.06305516847630416,-0.01869279464663276,0.06576758200873957,-2.7374834340090226,3.609708918578463,0,,,,,
pair,30.1,,,,,,,robot_1,robot_4,4.2029137386721365,0.19113551734231946,1.1649486563905436,1.1805245266473072,-1.4091652028585602,3.859672486634693,0,,,,,
pair,30.1,,,,,,,robot_2,robot_3,3.8631546172243687,-0.5003138432544476,-1.0625603314538892,1.1744566402091798,-2.9510819295021435,1.7062759515100756,0,,,,,
pair,30.1,,,,,,,robot_2,robot_4,3.244844343334319,-0.37223349438843234,0.12108111958328721,0.39143123516674727,-7.8762909289323995,1.011910928438652,0,,,,,
pair,30.1,,,,,,,robot_3,robot_4,6.372296875697346,0.1280803488660153,1.1836414510371764,1.1905509902473865,-4.58276683558175,3.292117781015422,0,,,,,
robot,30.200000000000003,robot_1,2.3962345663435443,-0.7438021333176039,0.09288991379857449,0.019558813120724494,-0.008981457661264618,,,,,,,,,,1.0,proceed,0.0038197278045117855,-0.0026995623484253883,0.0035293775144964457
robot,30.200000000000003,robot_2,1.5044309260465318,-0.31755687433976343,0.03032658645140328,-0.01730332367416259,-0.005956287406711274,,,,,,,,,,1.0,proceed,0.0016918379114940763,-0.0023243494797497988,0.0019494974985718727
robot,30.200000000000003,robot_3,1.5674528308448232,-4.231357656131569,0.057028383973870396,0.027429233278338187,-0.03874766804488448,,,,,,,,,,0.03598271841936878,proceed,0.0008867855067364872,-8.352860628476603e-05,7.977309613518226e-05
robot,30.200000000000003,robot_4,-1.135914874254798,1.6493241574685344,0.08566404391798056,-0.0006275010480320403,-0.002256771079257381,,,,,,,,,,0.0,proceed,0.0038865336682647467,-0.0,0.0
pair,30.200000000000003,,,,,,,robot_1,robot_2,0.9884324729834049,0.5498214655809437,1.0520388283294162,1.187050689872302,0.02973993236852094,0.9878018351113909,1,,,,,
pair,30.200000000000003,,,,,,,robot_1,robot_3,3.5846788823835336,0.045758728948420424,-0.01388860574604378,0.047820023468668954,-4.597469565349688,3.5779307123714585,0,,,,,
pair,30.200000000000003,,,,,,,robot_1,robot_4,4.266512992406211,0.1870270032642195,1.166653567389206,1.18154967997624,-1.5266840533097061,3.8664256454423986,0,,,,,
pair,30.200000000000003,,,,,,,robot_2,robot_3,3.914308153433829,-0.5040627366325232,-1.0659274340754599,1.1791015805163532,-2.9778598781411705,1.7301120986398202,0,,,,,
pair,30.200000000000003,,,,,,,robot_2,robot_4,3.2924226548935276,-0.36279446231672413,0.1146147390597897,0.38046860619166023,-8.174676323316984,1.0801180301317443,0,,,,,
pair,30.200000000000003,,,,,,,robot_3,robot_4,6.47229600233044,0.14126827431579908,1.1805421731352497,1.188964485541541,-4.6408624671220515,3.382938183504741,0,,,,,
robot,30.3,robot_1,2.3892320918164334,-0.8015188586185517,0.09264810677038984,0.02126668260778599,-0.004047782274940554,,,,,,,,,,0.0,proceed,0.00448986142873764,-0.0,0.0
robot,30.3,robot_2,1.525998247109997,-0.30871762648373907,0.034678287448278965,-0.020213679256992655,0.0003866349124105132,,,,,,,,,,0.0,proceed,0.0006961218314245343,-0.0,0.0
robot,30.3,robot_3,1.5773004926780585,-4.268643051926056,0.05864330761349987,0.022432714823213313,-0.04045357876956535,,,,,,,,,,0.026685386751707913,proceed,0.0009081794414669275,-6.239129451393882e-05,5.968387831791019e-05
robot,30.3,robot_4,-1.1367205844650499,1.70173847246433,0.08565886069543935,-0.0005945601487067197,-0.002138386353364875,,,,,,,,,,0.0,proceed,0.003787934547290206,-0.0,0.0
pair,30.3,,,,,,,robot_1,robot_2,0.9939948314957403,0.5363107538330635,1.0601210151359646,1.188059675020534,-0.04213102876713252,0.992733753063042,0,,,,,
pair,30.3,,,,,,,robot_1,robot_3,3.5609244717485393,0.035139630229443886,-0.010736975082458966,0.036743383711675105,-6.440710239895824,3.5530519585628744,0,,,,,
pair,30.3,,,,,,,robot_1,robot_4,4.324192357076261,0.18341223342794066,1.1681003066422857,1.1824120997980472,-1.6288931047233917,3.8715727123320547,0,,,,,
pair,30.3,,,,,,,robot_2,robot_3,3.960257730939344,-0.5011711236036196,-1.0708579902184234,1.182332157368967,-3.0150786513441004,1.7250124524877495,0,,,,,
pair,30.3,,,,,,,robot_2,robot_4,3.336465989909364,-0.3528985204051228,0.10797929150632107,0.36904863242983565,-8.493271283739977,1.1433953486453896,0,,,,,
pair,30.3,,,,,,,robot_3,robot_4,6.558305112905248,0.14827260319849678,1.1788372817247446,1.1881254570302935,-4.700691024377272,3.437880415458914,0,,,,,
robot,30.400000000000002,robot_1,2.38000464464346,-0.8567117483094729,0.09032400006169652,0.007407989045922075,0.0011660935820209221,,,,,,,,,,0.0,proceed,0.004529148805886507,-0.0,0.0
robot,30.400000000000002,robot_2,1.5493046011053104,-0.2985706076680986,0.038808481619154636,-0.02049538860779518,0.007833176749118431,,,,,,,,,,0.0,proceed,0.0006663645035587251,-0.0,0.0
robot,30.400000000000002,robot_3,1.5832176464890644,-4.306089704556627,0.060327685774793194,0.017625242201018094,-0.03841729069121625,,,,,,,,,,0.012141522108909057,proceed,0.0009542453335598111,-2.8688755305599156e-05,2.746319288761662e-05
robot,30.400000000000002,robot_4,-1.1374657015916285,1.7531321158998363,0.08481247633765399,-0.0005503938612371013,-0.001977833408876786,,,,,,,,,,0.0,proceed,0.0037339194677770138,-0.0,0.0
pair,30.400000000000002,,,,,,,robot_1,robot_2,1.00079173418386,0.52110990379393,1.0687409041960616,1.189017515486603,-0.11573530203343081,0.991285642472111,0,,,,,
pair,30.400000000000002,,,,,,,robot_1,robot_3,3.5402087234330817,0.026276028495647502,-0.007995482273535415,0.027465567721976884,-8.806226789597536,3.5319368152916266,0,,,,,
pair,30.400000000000002,,,,,,,robot_1,robot_4,4.379940939350002,0.17887604204218216,1.1698000258016035,1.1833971179541163,-1.730758716264853,3.8715452091693012,0,,,,,
pair,30.400000000000002,,,,,,,robot_2,robot_3,4.0076625864178546,-0.49483387529828243,-1.0767363864695971,1.1849986540457849,-3.060955382216131,1.7042817796381025,0,,,,,
pair,30.400000000000002,,,,,,,robot_2,robot_4,3.380564853001682,-0.34223386175174775,0.10105912160554187,0.35684304979808434,-8.849331977129172,1.2068036627040857,0,,,,,
pair,30.400000000000002,,,,,,,robot_3,robot_4,6.642009255490338,0.15260001354653466,1.177795508075139,1.1876401066722095,-4.765260712634494,3.4766811384612555,0,,,,,
robot,30.5,robot_1,2.360012977531443,-0.9161706248392816,0.09367203068284469,0.0013001038651862043,0.004401471312853553,,,,,,,,,,0.0,proceed,0.004573570564389229,-0.0,0.0
robot,30.5,robot_2,1.5775653746170333,-0.28364578294413256,0.04562031344767638,-0.019452693311573788,0.014416191600444364,,,,,,,,,,0.0,proceed,0.0006152062560431659,-0.0,0.0
robot,30.5,robot_3,1.5856956191931042,-4.350523018910076,0.06575399389365656,0.01464949891677301,-0.03583587821741633,,,,,,,,,,0.0,proceed,0.0007700534188188612,-0.0,0.0
robot,30.5,robot_4,-1.1382711351897863,1.8121551260947029,0.08826928865778519,-0.0005392439636197894,-0.0019396085444638284,,,,,,,,,,0.0,proceed,0.0036491004284471273,-0.0,0.0
pair,30.5,,,,,,,robot_1,robot_2,1.0061371312703797,0.4955943965645726,1.0811527847422793,1.189329706121136,-0.2093165561487658,0.9748526133415804,0,,,,,
pair,30.5,,,,,,,robot_1,robot_3,3.520560145500125,-0.01883982517947727,0.006094365723479878,0.019801017811334653,16.175757224455836,3.5059597712712938,0,,,,,
pair,30.5,,,,,,,robot_1,robot_4,4.43641219190995,0.16693063788094198,1.1737865987876017,1.1855972407848732,-1.8628524248976923,3.847579946453235,0,,,,,
pair,30.5,,,,,,,robot_2,robot_3,4.066885362694019,-0.5144342217440498,-1.0750584190187995,1.1918024890075565,-3.075168354248968,1.7627764105798902,0,,,,,
pair,30.5,,,,,,,robot_2,robot_4,3.430473640523666,-0.3286637586836306,0.09263381404532245,0.34146872444871895,-9.320161012913877,1.2804555108120717,0,,,,,
pair,30.5,,,,,,,robot_3,robot_4,6.737848083617113,0.18577046306041925,1.167692233064122,1.1823771885925227,-4.785409980637667,3.6583912787227835,0,,,,,
robot,30.6,robot_1,2.3430308225569827,-0.9677654549501565,0.09029793398010161,0.002117111828250428,0.007209693366587303,,,,,,,,,,0.0,proceed,0.004610478412359953,-0.0,0.0
robot,30.6,robot_2,1.6044576153381787,-0.2674821894696963,0.05259816915003007,-0.02046251826528402,0.01947522368940363,,,,,,,,,,0.0,proceed,0.0,-0.0,0.0
robot,30.6,robot_3,1.584648489447834,-4.3907816304047715,0.06751003594493712,0.011161220616463567,-0.029588865095719282,,,,,,,,,,0.0,proceed,0.000785267970059067,-0.0,0.0
robot,30.6,robot_4,-1.1389292454293014,1.8635254534440577,0.08559683199319099,-0.0004926239063938968,-0.0017729342224909069,,,,,,,,,,0.0,proceed,0.00357485911808908,-0.0,0.0
pair,30.6,,,,,,,robot_1,robot_2,1.0177853576925968,0.47229042632328533,1.092203746194767,1.1899442297849565,-0.29381396015416006,0.9558511040217743,0,,,,,
pair,30.6,,,,,,,robot_1,robot_3,3.5060210353898356,-0.06372853073935006,0.022174435120528413,0.06747615284758615,6.055934396533984,3.4821263733212526,0,,,,,
pair,30.6,,,,,,,robot_1,robot_4,4.487789447267639,0.15715859267522597,1.1768154372198394,1.1872629854124903,-1.9755249358264315,3.82609928063113,0,,,,,
pair,30.6,,,,,,,robot_2,robot_3,4.123347024091478,-0.5360189570626354,-1.0700293110742385,1.1967786131480311,-3.0878545145016894,1.829052003945513,0,,,,,
pair,30.6,,,,,,,robot_2,robot_4,3.4738113135270434,-0.31513183364805936,0.08461169102507238,0.32629313636132534,-9.81369460028752,1.3467207723221446,0,,,,,
pair,30.6,,,,,,,robot_3,robot_4,6.821600455684877,0.220887123414576,1.1546410020993108,1.175579416721502,-4.790114751470716,3.8502293944714086,0,,,,,
robot,30.700000000000003,robot_1,2.3243896579751313,-1.0285913191775098,0.09244075059631422,0.003979689016896753,0.013622857905336464,,,,,,,,,,0.0,proceed,0.004658685531467199,-0.0,0.0
robot,30.700000000000003,robot_2,1.638948924151317,-0.24288635127795943,0.06304377473925149,-0.018779210067923102,0.025709754658290385,,,,,,,,,,0.0,proceed,0.0,-0.0,0.0
robot,30.700000000000003,robot_3,1.5764299630943575,-4.441796768670444,0.08272878991842694,-0.004591173922503144,-0.04040792592006974,,,,,,,,,,0.0,proceed,0.0008268867386505008,-0.0,0.0
robot,30.700000000000003,robot_4,-1.1396566069669114,1.9241228078001442,0.08841103419421707,-0.00047900658795268624,-0.0017201123022161367,,,,,,,,,,0.0,proceed,0.0035085720010101795,-0.0,0.0
pair,30.700000000000003,,,,,,,robot_1,robot_2,1.042670272026091,0.44270349789197333,1.1055890665175392,1.1909297086935535,-0.39851540808342245,0.9283924236590709,0,,,,,
pair,30.700000000000003,,,,,,,robot_1,robot_3,3.4941973535583823,-0.12116120261232094,0.04646381775139852,0.12976487729158095,4.036294856166688,3.454718636727048,0,,,,,
pair,30.700000000000003,,,,,,,robot_1,robot_4,4.551718053802578,0.14568404728183768,1.1801209828865922,1.1890792134595713,-2.107563376192769,3.799710714214761,0,,,,,
pair,30.700000000000003,,,,,,,robot_2,robot_3,4.199375824307557,-0.5638647005042943,-1.0591252487661407,1.1998706984707714,-3.113465559462081,1.9180416337347395,0,,,,,
pair,30.700000000000003,,,,,,,robot_2,robot_4,3.5237164178022615,-0.2970194506101356,0.0745319163690531,0.3062279552855851,-10.523117403228197,1.4255689831501404,0,,,,,
pair,30.700000000000003,,,,,,,robot_3,robot_4,6.921131288319755,0.26684524989415864,1.1336571651351939,1.164639410055078,-4.7862485608651095,4.1024083164426735,0,,,,,
robot,30.8,robot_1,2.3097319727670054,-1.0812313228682828,0.09552032221185382,0.005450935431521274,0.01880211614302147,,,,,,,,,,0.0,proceed,0.0046884347684681416,-0.0,0.0
robot,30.8,robot_2,1.6695529749837128,-0.21529668522203677,0.07522751916539364,-0.013870943842201038,0.03180810370667837,,,,,,,,,,0.0,proceed,0.0,-0.0,0.0
robot,30.8,robot_3,1.5582116810194317,-4.4886722969323,0.08874729969972107,-0.015008936036540146,-0.05599962297367827,,,,,,,,,,0.0,proceed,0.001037832465954125,-0.0,0.0
robot,30.8,robot_4,-1.14024704375381,1.976553215149509,0.0920098415078181,-0.00046831145915819596,-0.0016846625727998193,,,,,,,,,,0.0,proceed,0.0034414937254041433,-0.0,0.0
pair,30.8,,,,,,,robot_1,robot_2,1.0768806553552517,0.41641254750456047,1.1168786097019627,1.1919803851276358,-0.49307207701572553,0.902354007548655,0,,,,,
pair,30.8,,,,,,,robot_1,robot_3,3.48933184730812,-0.16514510496292437,0.0679958253366365,0.17859545894682116,3.3728594173382827,3.4369431531523436,0,,,,,
pair,30.8,,,,,,,robot_1,robot_4,4.610032700033115,0.13643948374222387,1.1825923418063504,1.1904370540364042,-2.2195396213712812,3.777706089409662,0,,,,,
pair,30.8,,,,,,,robot_2,robot_3,4.274825844698437,-0.5815576524674848,-1.0488827843653263,1.1993183057393277,-3.1612444639137363,1.9748137847107192,0,,,,,
pair,30.8,,,,,,,robot_2,robot_4,3.563591184613653,-0.2799730637623366,0.06571373210438769,0.2875816597412927,-11.25352867800234,1.4918075325175966,0,,,,,
pair,30.8,,,,,,,robot_3,robot_4,7.005770508043946,0.30158458870514826,1.1145965164697138,1.1546768633132278,-4.794424802150019,4.293413359986905,0,,,,,
robot,30.900000000000002,robot_1,2.2970258701657875,-1.1313379970528068,0.07955816380465836,0.00560935977984045,0.019401206561182095,,,,,,,,,,0.0,proceed,0.004746828228235245,-0.0,0.0
robot,30.900000000000002,robot_2,1.6981344603123134,-0.1831759593390337,0.06932774161988567,-0.005972413406877677,0.03153487222386184,,,,,,,,,,0.0,proceed,0.0,-0.0,0.0
robot,30.900000000000002,robot_3,1.5358030580399833,-4.531112086888677,0.07144972264097224,-0.016373228844802044,-0.058506672935554636,,,,,,,,,,0.0,proceed,0.0011113784275949001,-0.0,0.0
robot,30.900000000000002,robot_4,-1.1407778043035322,2.0264622223802906,0.07722261485422853,-0.0003689411040542508,-0.0013223850502969764,,,,,,,,,,0.0,proceed,0.0033629226963967085,-0.0,0.0
pair,30.900000000000002,,,,,,,robot_1,robot_2,1.1214642974958304,0.39579294427789224,1.1253266049288662,1.1929006758741028,-0.583238201287728,0.8795571188371647,0,,,,,
pair,30.900000000000002,,,,,,,robot_1,robot_3,3.4839523578286826,-0.1933892159828795,0.08306077762119923,0.21047204478863962,3.0514724617201328,3.424242897407973,0,,,,,
pair,30.900000000000002,,,,,,,robot_1,robot_4,4.667997036207979,0.1298515678750801,1.1842497927144708,1.1913475568547927,-2.320298155849803,3.7615081951766625,0,,,,,
pair,30.900000000000002,,,,,,,robot_2,robot_3,4.350965416251328,-0.5891821602607717,-1.0422658273076668,1.1972692565763496,-3.228111308596431,1.9983257014881832,0,,,,,
pair,30.900000000000002,,,,,,,robot_2,robot_4,3.597488532337268,-0.2659413764028121,0.05892318778560479,0.2723908180204315,-11.930213497176766,1.5432108247213316,0,,,,,
pair,30.900000000000002,,,,,,,robot_3,robot_4,7.0827865938659995,0.3232407838579596,1.1011890150932717,1.1476505789268778,-4.825707816517187,4.415191345343557,0,,,,,
robot,31.0,robot_1,2.2834543948070336,-1.1907683266969116,0.09422337196271376,0.0072829317900931605,0.025318231811759163,,,,,,,,,,0.0,proceed,0.004764797631651163,-0.0,0.0
robot,31.0,robot_2,1.7294155059677956,-0.13660696785853982,0.09230949276077542,0.004344340890965276,0.04213523902473367,,,,,,,,,,0.0,proceed,0.0,-0.0,0.0
robot,31.0,robot_3,1.5056662851558433,-4.577344927244037,0.0817795909491518,-0.021788231845206844,-0.0872771768263557,,,,,,,,,,0.0,proceed,0.0015970079693943262,-0.0,0.0
robot,31.0,robot_4,-1.141369924796784,2.0856670133302795,0.09195126232518398,-0.0004148456875655307,-0.0014875653933232658,,,,,,,,,,0.0,proceed,0.0032629400957375765,-0.0,0.0
pair,31.0,,,,,,,robot_1,robot_2,1.1908884334034737,0.3658962455387301,1.1366418257181405,1.1940832058408688,-0.6981757005054651,0.8504076203006026,0,,,,,
pair,31.0,,,,,,,robot_1,robot_3,3.4747453741084535,-0.2337345267978208,0.1065831618902891,0.2568886907124033,2.7148237795805876,3.40403850701135,0,,,,,
pair,31.0,,,,,,,robot_1,robot_4,4.739667726489785,0.12021438163027642,1.186525050642096,1.1925993431794175,-2.4438417382748674,3.7376462792002014,0,,,,,
pair,31.0,,,,,,,robot_2,robot_3,4.44637125505071,-0.5996307723365509,-1.0300586638278513,1.1918799914671556,-3.3144169568874426,2.0407493424857193,0,,,,,
pair,31.0,,,,,,,robot_2,robot_4,3.6304146646022373,-0.24568186390845373,0.04988322492395547,0.2506948630952495,-12.98617649254929,1.606608023354099,0,,,,,
pair,31.0,,,,,,,robot_3,robot_4,7.16955569174522,0.35394890842809723,1.0799418887518069,1.1364657112549685,-4.845905480309553,4.590557405924123,0,,,,,
robot,31.1,robot_1,2.272573246268377,-1.2427438552236132,0.08694665381088588,0.006763565137823179,0.02380244060707815,,,,,,,,,,0.0,proceed,0.004790166392922401,-0.0,0.0
robot,31.1,robot_2,1.7531879799094274,-0.08754460935765594,0.09237075956718954,0.012597384349690887,0.04144291611421171,,,,,,,,,,0.0,proceed,0.0,-0.0,0.0
robot,31.1,robot_3,1.4773226527160832,-4.6146534358270435,0.07339186755421509,-0.020240294285182404,-0.08437085775033329,,,,,,,,,,0.0,proceed,0.0014996544923633337,-0.0,0.0
robot,31.1,robot_4,-1.141858882886176,2.1374480817414896,0.08515779483480218,-0.0003544379912613515,-0.001282073801039688,,,,,,,,,,0.0,proceed,0.002535338746383786,-0.0,0.0
pair,31.1,,,,,,,robot_1,robot_2,1.2665884700880683,0.3460321420599788,1.1436038602920329,1.1948087849582698,-0.7995179876763338,0.8316871098120329,0,,,,,
pair,31.1,,,,,,,robot_1,robot_3,3.4644188150843536,-0.25811164194578373,0.12180211663630552,0.2854073848467006,2.5220833195746115,3.3888132376557856,0,,,,,
pair,31.1,,,,,,,robot_1,robot_4,4.804585756891721,0.11388804153174308,1.187919946479587,1.193366785715105,-2.546501365283796,3.721433782962703,0,,,,,
pair,31.1,,,,,,,robot_2,robot_3,4.535506146555699,-0.6041437840057625,-1.0218017436557274,1.1870419180006604,-3.4011618057790396,2.066603501939197,0,,,,,
pair,31.1,,,,,,,robot_2,robot_4,3.6512859122817654,-0.2321441005282357,0.044316086187554116,0.23633619888846127,-13.797758347073302,1.6426674478744263,0,,,,,
pair,31.1,,,,,,,robot_3,robot_4,7.24230535257877,0.37199968347752677,1.0661178298432816,1.1291549900775928,-4.881760855959488,4.6974381804583,0,,,,,
robot,31.200000000000003,robot_1,2.2625192605374123,-1.2948073342979305,0.08742710919283574,0.006936505364155507,0.024273441282798538,,,,,,,,,,0.0,proceed,0.00488121435046196,-0.0,0.0
robot,31.200000000000003,robot_2,1.7739409178437031,-0.035084901431181925,0.09202710810873765,0.013527894707324205,0.044601356608024195,,,,,,,,,,0.0,proceed,0.0,-0.0,0.0
robot,31.200000000000003,robot_3,1.4478044984479164,-4.649014969470514,0.07082116078787176,-0.02023885369809159,-0.08738423126569762,,,,,,,,,,0.0,proceed,0.0014141628053039312,-0.0,0.0
robot,31.200000000000003,robot_4,-1.1423205305899828,2.189342095971026,0.0859733572353926,-0.0003427615389639375,-0.0012280615215875116,,,,,,,,,,0.0,proceed,0.0024570815730839968,-0.0,0.0
pair,31.200000000000003,,,,,,,robot_1,robot_2,1.351151140626781,0.32754061291123926,1.1495771464058087,1.1953286027887027,-0.9015323572195328,0.8150635335553386,0,,,,,
pair,31.200000000000003,,,,,,,robot_1,robot_3,3.4517342023128896,-0.28167100604993717,0.13727451336006308,0.3133414234783296,2.3524037001634897,3.3721127575895258,0,,,,,
pair,31.200000000000003,,,,,,,robot_1,robot_4,4.871573796596737,0.10746645887505722,1.1892567800471907,1.1941024782954588,-2.649339584507598,3.704588248028671,0,,,,,
pair,31.200000000000003,,,,,,,robot_2,robot_3,4.625442209866398,-0.6092116189611765,-1.0123026330457456,1.1814801807684492,-3.4883556399795705,2.099663702207803,0,,,,,
pair,31.200000000000003,,,,,,,robot_2,robot_4,3.6677862945368482,-0.22007415403618205,0.03967963364138205,0.22362268802752436,-14.599089392660925,1.6716671599358877,0,,,,,
pair,31.200000000000003,,,,,,,robot_3,robot_4,7.3124465824047435,0.38913746492499435,1.0519822666871277,1.1216481872817512,-4.9168921025295615,4.801707516507856,0,,,,,
robot,31.3,robot_1,2.251694603430958,-1.3556023869105067,0.09042359842390814,0.006896287461405087,0.024302468961444543,,,,,,,,,,0.0,proceed,0.0049023497849702835,-0.0,0.0
robot,31.3,robot_2,1.7959788667314316,0.026481783098326616,0.09491816969322765,0.013882301124183757,0.046207341378204245,,,,,,,,,,0.0,proceed,0.0,-0.0,0.0
robot,31.3,robot_3,1.4125622834034126,-4.685839755208938,0.07122365336192671,-0.019393627464299415,-0.08688792627637121,,,,,,,,,,0.0,proceed,0.0012696031481027603,-0.0,0.0
robot,31.3,robot_4,-1.1428254164064346,2.249959713812644,0.08911210154880433,-0.0003318760491961832,-0.0011944689577712071,,,,,,,,,,0.0,proceed,0.0023607348557561636,-0.0,0.0
pair,31.3,,,,,,,robot_1,robot_2,1.455277803604727,0.3528989194770694,1.1457386359461914,1.1988555664749287,-0.9898632935827872,0.8423593008265253,0,,,,,
pair,31.3,,,,,,,robot_1,robot_3,3.4343302083122516,-0.26087336045534637,0.14466752885454404,0.2983011969472221,2.954139080303756,3.319347768750436,0,,,,,
pair,31.3,,,,,,,robot_1,robot_4,4.952054546069539,0.14634211940228012,1.180559607834951,1.189595310835817,-2.6568591706192253,3.8122870706989516,0,,,,,
pair,31.3,,,,,,,robot_2,robot_3,4.727894093226442,-0.6137722799324158,-1.0010711070916476,1.1742485993464642,-3.591880412046129,2.1362299875751223,0,,,,,
pair,31.3,,,,,,,robot_2,robot_4,3.6851627810672207,-0.20655680007478933,0.03482097188875932,0.20947126709984415,-15.598941801479647,1.704016355166355,0,,,,,
pair,31.3,,,,,,,robot_3,robot_4,7.391570913602839,0.40721547985762646,1.0358920789804067,1.1130574317302886,-4.959368749025699,4.915712909283822,0,,,,,
robot,31.400000000000002,robot_1,2.2419462066424702,-1.4147573860827276,0.08670932949590436,0.0063428289165140105,0.022393626105661556,,,,,,,,,,0.0,proceed,0.004886615090072155,-0.0,0.0
robot,31.400000000000002,robot_2,1.8156420572814809,0.0864914982103248,0.09047605964110635,0.012761977504277471,0.042828784467539974,,,,,,,,,,0.0,proceed,0.0,-0.0,0.0
robot,31.400000000000002,robot_3,1.378083022826886,-4.718896864484299,0.06625206302555779,-0.016985469280682494,-0.07874634973895221,,,,,,,,,,0.0,proceed,0.001165133435279131,-0.0,0.0
robot,31.400000000000002,robot_4,-1.1432843125804075,2.308959585072204,0.08562564187125937,-0.0003014221742013381,-0.001084307206288951,,,,,,,,,,0.0,proceed,0.002289379481226206,-0.0,0.0
pair,31.400000000000002,,,,,,,robot_1,robot_2,1.5606035500259288,0.3865786601891306,1.1360092982598213,1.199983410821331,-1.0699133346749565,0.8872091482769506,0,,,,,
pair,31.400000000000002,,,,,,,robot_1,robot_3,3.4152009154782985,-0.22969683881374955,0.1444399383271489,0.27133656875729123,3.7871458563484137,3.256939314259766,0,,,,,
pair,31.400000000000002,,,,,,,robot_1,robot_4,5.032479880689564,0.19151944513301414,1.1669694306660878,1.1825808006107619,-2.643642051357682,3.943599234344382,0,,,,,
pair,31.400000000000002,,,,,,,robot_2,robot_3,4.8252684096279825,-0.6162754990028801,-0.9915693599326725,1.1674781737696593,-3.6937001097460103,2.1649852101595233,0,,,,,
pair,31.400000000000002,,,,,,,robot_2,robot_4,3.700622874514986,-0.19505921505611648,0.030960132406266494,0.19750095487597485,-16.560615672360367,1.7311517735898334,0,,,,,
pair,31.400000000000002,,,,,,,robot_3,robot_4,7.466462315958731,0.4212162839467637,1.022529492338939,1.1058886564952408,-5.007523289142972,5.008117233808813,0,,,,,
robot,31.5,robot_1,2.2303544045668424,-1.4738230024248664,0.09003996776094705,-0.0007996943191021198,0.004852391062524704,,,,,,,,,,0.0,proceed,0.004884741734713316,-0.0,0.0
robot,31.5,robot_2,1.8344367631100191,0.1485788921680144,0.09774063472501873,0.012984875309052006,0.043856968584732085,,,,,,,,,,0.0,proceed,0.0,0.0,0.0
robot,31.5,robot_3,1.3425742749107308,-4.750512844953589,0.06941030752382318,-0.016357177938255616,-0.0788064718966406,,,,,,,,,,0.0,proceed,0.0010524570243433118,-0.0,0.0
robot,31.5,robot_4,-1.1437268947513899,2.370084854261899,0.09317750273940476,-0.0003077504340742596,-0.0011048454731528955,,,,,,,,,,0.0,proceed,0.00219623907469213,-0.0,0.0
pair,31.5,,,,,,,robot_1,robot_2,1.6700115827129174,0.42394885891263334,1.1202794926066713,1.1978141661077417,-1.1498063409316086,0.9445153333525216,0,,,,,
pair,31.5,,,,,,,robot_1,robot_3,3.3948269297186755,-0.18647904861826092,0.14784078482106677,0.2379733876509739,5.630734538398959,3.11918959887003,0,,,,,
pair,31.5,,,,,,,robot_1,robot_4,5.114689846423461,0.24140800296715018,1.1473116485352124,1.1724341528466211,-2.615761102380711,4.093255800705886,0,,,,,
pair,31.5,,,,,,,robot_2,robot_3,4.923721007127716,-0.6104279075308943,-0.9724387077856045,1.1481547241954293,-3.841666916534998,2.188064154176397,0,,,,,
pair,31.5,,,,,,,robot_2,robot_4,3.715447148409613,-0.18254085594548317,0.027032155928541135,0.18453157329696887,-17.72848538413851,1.7612672434410244,0,,,,,
pair,31.5,,,,,,,robot_3,robot_4,7.542188349566466,0.42788705158541107,0.9994708637141456,1.0872117256210754,-5.120832173725651,5.088058748978999,0,,,,,
robot,31.6,robot_1,2.2166342437106326,-1.5221648246065569,0.07852410592272516,-0.007967998006506619,-0.01777540529334895,,,,,,,,,,0.0,proceed,0.004850933328270912,-0.0,0.0
robot,31.6,robot_2,1.8498091663193237,0.20274085840784145,0.089282170709551,0.01094071182057765,0.03729955226580327,,,,,,,,,,0.0,proceed,0.0,0.0,0.0
robot,31.6,robot_3,1.3122612891655536,-4.776211559849148,0.06110496816821224,-0.012641311206120897,-0.06537784426053733,,,,,,,,,,0.0,proceed,0.0009482199093326926,-0.0,0.0
robot,31.6,robot_4,-1.1440901708812934,2.423526830706343,0.08560079922528956,-0.00026258236070074057,-0.0009448386823688587,,,,,,,,,,0.0,proceed,0.0021243225783109665,-0.0,0.0
pair,31.6,,,,,,,robot_1,robot_2,1.7634795866974213,0.45013320964740294,1.1058893975830988,1.1939896423814496,-1.2222369439886231,0.9900465241316659,0,,,,,
pair,31.6,,,,,,,robot_1,robot_3,3.3773822105375584,-0.14217455654892774,0.15654515344792896,0.21147101361160558,8.515798531082561,2.8572135925245226,0,,,,,
pair,31.6,,,,,,,robot_1,robot_4,5.182948121449808,0.2764317557917814,1.130318991821694,1.163630327416288,-2.6076710409887216,4.201854308008287,0,,,,,
pair,31.6,,,,,,,robot_2,robot_3,5.0078862710229,-0.5923077661963307,-0.9493442441351699,1.11896513965765,-4.029392354849075,2.1794729033996068,0,,,,,
pair,31.6,,,,,,,robot_2,robot_4,3.7276431664052954,-0.1737014538556215,0.02442959423859503,0.17541094648344782,-18.664810849686212,1.7821807153917213,0,,,,,
pair,31.6,,,,,,,robot_3,robot_4,7.607226524017335,0.41860631234070916,0.973773838373765,1.0599371363588799,-5.32518897573918,5.10010126232879,0,,,,,
robot,31.700000000000003,robot_1,2.1959541716729567,-1.5724103931905662,0.0741959858836896,-0.014882825312282032,-0.047819961514883096,,,,,,,,,,0.0,proceed,0.0048154606483876705,-0.0,0.0
robot,31.700000000000003,robot_2,1.8662044938248978,0.2641057699563912,0.0892065112224159,0.010200144907679603,0.03484141346770096,,,,,,,,,,0.0,proceed,0.0,0.0,0.0
robot,31.700000000000003,robot_3,1.2804305905404973,-4.803240278624344,0.056129264721118594,-0.008332733429338518,-0.059842766619205116,,,,,,,,,,0.0,proceed,0.0008436082280240953,-0.0,0.0
robot,31.700000000000003,robot_4,-1.1438438765360432,2.483609542190388,0.08464210367615298,-0.0016242013914649909,-0.0008893832405416869,,,,,,,,,,0.0,proceed,0.002036493504419923,-0.0,0.0
pair,31.700000000000003,,,,,,,robot_1,robot_2,1.8658849020078705,0.4765899957837485,1.0876838474061308,1.1875159687302552,-1.3050639407787623,1.0390838196921885,0,,,,,
pair,31.700000000000003,,,,,,,robot_1,robot_3,3.358041866359269,-0.09752038842503824,0.16243836153555857,0.18946357818041748,12.132913661393896,2.4479002259072904,0,,,,,
pair,31.700000000000003,,,,,,,robot_1,robot_4,5.25409827839453,0.31299687720972225,1.109182219323555,1.1524982606522949,-2.6000474366591546,4.315812313733447,0,,,,,
pair,31.700000000000003,,,,,,,robot_2,robot_3,5.101090769809515,-0.5741103842087868,-0.9252454858705723,1.0888902343120872,-4.237930728185195,2.1739852673124567,0,,,,,
pair,31.700000000000003,,,,,,,robot_2,robot_4,3.739864728419131,-0.16359311857402628,0.021498371917423986,0.16499966193866977,-19.839894614315558,1.8083940350255299,0,,,,,
pair,31.700000000000003,,,,,,,robot_3,robot_4,7.6795369002842175,0.4105172656347605,0.9467438577879963,1.031914898450225,-5.544051171916934,5.123043220684724,0,,,,,
robot,31.8,robot_1,2.1744101780279355,-1.6117404746531645,0.07426855534075055,-0.019288961056470325,-0.07740433622958605,,,,,,,,,,0.0,proceed,0.004765507765114307,-0.0,0.0
robot,31.8,robot_2,1.8794348196337574,0.31652808394089016,0.0930390840482657,0.009788896662481006,0.033766078916515445,,,,,,,,,,0.0,proceed,0.0,0.0,0.0
robot,31.8,robot_3,1.255900282059837,-4.82485425850556,0.05451521838173466,-0.004940855905208281,-0.05628231666380888,,,,,,,,,,0.0,proceed,0.0007663129945285618,-0.0,0.0
robot,31.8,robot_4,-1.142366694916872,2.5338328212999515,0.08598874254673779,-0.004305283644690864,-0.0008678868377159592,,,,,,,,,,0.0,proceed,0.0019736161921173334,-0.0,0.0
pair,31.8,,,,,,,robot_1,robot_2,1.9506998990419226,0.4954996803689255,1.0716930776209308,1.1806972456418834,-1.377538395223678,1.0769733806038528,0,,,,,
pair,31.8,,,,,,,robot_1,robot_3,3.3418199557985746,-0.060861471669297285,0.1607585028663157,0.17189361529030656,15.589637799768543,1.9966600195722486,0,,,,,
pair,31.8,,,,,,,robot_1,robot_4,5.309122976257107,0.33963398270038714,1.0908404228768915,1.1424902933448329,-2.6014787624970177,4.3992074900152724,0,,,,,
pair,31.8,,,,,,,robot_2,robot_3,5.17905471208479,-0.5563611520382228,-0.910934574754615,1.0673984874360043,-4.415166150776644,2.1477135870685906,0,,,,,
pair,31.8,,,,,,,robot_2,robot_4,3.7480294411404262,-0.15586569766853833,0.019147345255960735,0.15703737306785018,-20.820574429773533,1.8323171568453085,0,,,,,
pair,31.8,,,,,,,robot_3,robot_4,7.7396356523646235,0.4004954543696844,0.9300819200105758,1.0126445511142292,-5.737668924007153,5.113053217477324,0,,,,,
robot,31.900000000000002,robot_1,2.150970616892786,-1.646702107774518,0.06988455271204734,-0.0213846958037636,-0.09533798907738633,,,,,,,,,,0.0,proceed,0.004696664400398731,-0.0,0.0
robot,31.900000000000002,robot_2,1.8916040356884631,0.3672482812992403,0.09170699963318958,0.008961658076971461,0.031065757641901483,,,,,,,,,,0.0,proceed,0.0,0.0,0.0
robot,31.900000000000002,robot_3,1.2335670926225542,-4.844675218804471,0.0515540313680654,-0.0035448437055345533,-0.05058949042216848,,,,,,,,,,0.0,proceed,0.0006890157819725573,-0.0,0.0
robot,31.900000000000002,robot_4,-1.1399024877393251,2.5814341296311456,0.08348344610539425,-0.005737068414518204,-0.0005632963249042856,,,,,,,,,,0.0,proceed,0.0018820861587300897,-0.0,0.0
pair,31.900000000000002,,,,,,,robot_1,robot_2,2.0305829687791537,0.5090153705799615,1.0580152224351078,1.1740923551369655,-1.4499665923218992,1.106851168090232,0,,,,,
pair,31.900000000000002,,,,,,,robot_1,robot_3,3.3269597600833762,-0.017315865488848614,0.14682567723302153,0.14784322335691724,20.75518555592043,1.2856461166002693,0,,,,,
pair,31.900000000000002,,,,,,,robot_1,robot_4,5.357889680914858,0.3590905856678468,1.0752046141674596,1.1335832616276023,-2.618179931825988,4.460762641513547,0,,,,,
pair,31.900000000000002,,,,,,,robot_2,robot_3,5.253299838137249,-0.52633123606881,-0.9111895452020863,1.0522789351437698,-4.601677244359719,2.0371041210041843,0,,,,,
pair,31.900000000000002,,,,,,,robot_2,robot_4,3.754017950481659,-0.14992478491211467,0.01718939173235179,0.15090697902705524,-21.629134560481287,1.8544641586527018,0,,,,,
pair,31.900000000000002,,,,,,,robot_3,robot_4,7.796182264661727,0.3764064511566954,0.9283789369344381,1.0017830438851993,-5.979511766667243,4.989817567906084,0,,,,,
robot,32.0,robot_1,2.1211170666358905,-1.6836814729979575,0.06806818754193096,-0.02201303429325923,-0.10374377677450138,,,,,,,,,,0.0,proceed,0.004583807196468115,-0.0,0.0
robot,32.0,robot_2,1.9050480070535314,0.4266724297883637,0.09254437779920979,0.008623427795856016,0.029809361963345646,,,,,,,,,,0.0,proceed,0.0,0.0,0.0
robot,32.0,robot_3,1.208750170762327,-4.866778810635328,0.04954366618889738,-0.0013986993415917408,-0.044505755912653766,,,,,,,,,,0.0,proceed,0.0006316362996585667,-0.0,0.0
robot,32.0,robot_4,-1.1357208251429192,2.63585988218901,0.08199762598568922,-0.008025692266067825,0.00014780588101828305,,,,,,,,,,0.0,proceed,0.0007178199593909085,-0.0,0.0
pair,32.0,,,,,,,robot_1,robot_2,2.1213862056481516,0.5212806289483741,1.0430948995960883,1.1660962497496448,-1.5360323470237613,1.1366704455516112,0,,,,,
pair,32.0,,,,,,,robot_1,robot_3,3.311271963092141,0.028567648763875853,0.13098122770712756,0.13406040641279057,24.648643873295352,0.21310788309889722,0,,,,,
pair,32.0,,,,,,,robot_1,robot_4,5.409753282035762,0.377183974828832,1.0581555159237028,1.1233703070436902,-2.6485127953627177,4.518103002739073,0,,,,,
pair,32.0,,,,,,,robot_2,robot_3,5.339050169418427,-0.4927129801844983,-0.9121136718889608,1.0366857919779997,-4.811780361355494,1.9032279358029909,0,,,,,
pair,32.0,,,,,,,robot_2,robot_4,3.758561465601144,-0.14409665411954212,0.015060616327614573,0.1448815650544077,-22.459330103200486,1.8811273013842802,0,,,,,
pair,32.0,,,,,,,robot_3,robot_4,7.86041548556473,0.34861632606495613,0.9271742882165753,0.9905480823912289,-6.2566485160327625,4.8349753524296615,0,,,,,
robot,32.1,robot_1,2.0945343950511983,-1.7124763315333547,0.06833143774309525,-0.021699572237173444,-0.10593277680457208,,,,,,,,,,0.0,proceed,0.0031712872441858053,-0.0,0.0
robot,32.1,robot_2,1.9144009134812798,0.47666304382483493,0.09196300373405693,0.012127465822659722,0.029282185262476956,,,,,,,,,,0.0,proceed,0.0,0.0,0.0
robot,32.1,robot_3,1.1891436576953212,-4.885383699126048,0.049192742016486275,0.00216185612167134,-0.031422406107947824,,,,,,,,,,0.0,proceed,0.0005651073297485709,-0.0,0.0
robot,32.1,robot_4,-1.1318637574715797,2.6818310726365215,0.08533458885379615,-0.007570646074478347,0.0012500914102991036,,,,,,,,,,0.0,proceed,0.0006660015205852687,-0.0,0.0
pair,32.1,,,,,,,robot_1,robot_2,2.1965380205965355,0.5242918340066816,1.023744237606833,1.1501887633076953,-1.622662957567016,1.1582085951953192,0,,,,,
pair,32.1,,,,,,,robot_1,robot_3,3.299556568785238,0.05729887315739357,0.11044154621930474,0.12442064135993634,25.98745316676442,0.6575377118734023,0,,,,,
pair,32.1,,,,,,,robot_1,robot_4,5.451566985825689,0.3835998716080428,1.0373862078067226,1.1060375245195435,-2.7147031653716316,4.550186217734542,0,,,,,
pair,32.1,,,,,,,robot_2,robot_3,5.41087269861899,-0.46699296084928793,-0.9133026913875284,1.02577006759726,-4.976088859750156,1.795391325230539,0,,,,,
pair,32.1,,,,,,,robot_2,robot_4,3.7606508054841723,-0.14069196239863868,0.013641970199889442,0.14135180095957262,-22.955964869195785,1.9008768456157596,0,,,,,
pair,32.1,,,,,,,robot_3,robot_4,7.915163600535454,0.32630099845064925,0.9269446615874178,0.9826997238400462,-6.479290065047425,4.7019807337022295,0,,,,,
robot,32.2,robot_1,2.0644203793473084,-1.7422074642114485,0.0657113793880142,-0.019446095671214535,-0.09849564749728575,,,,,,,,,,0.0,proceed,0.0034900521859526634,-0.0,0.0
robot,32.2,robot_2,1.9218533150319745,0.5313303632680553,0.08868731151384308,0.014206508633495856,0.027532298802887965,,,,,,,,,,0.0,proceed,0.0,0.0,0.0
robot,32.2,robot_3,1.168925449884968,-4.9065530677806155,0.04739731725134009,0.004911161408224628,-0.010980556340705206,,,,,,,,,,0.0,proceed,0.0005093278014101088,-0.0,0.0
robot,32.2,robot_4,-1.130259513658213,2.7357634982628536,0.09268709411247951,0.0008059696809727498,0.0029066897799083615,,,,,,,,,,0.0,proceed,0.0006566772935912013,-0.0,0.0
pair,32.2,,,,,,,robot_1,robot_2,2.278003428620711,0.517478281210792,0.9950162187167453,1.1215351296478615,-1.7398316408650254,1.1754986122408315,0,,,,,
pair,32.2,,,,,,,robot_1,robot_3,3.288615858916982,0.07539299124697085,0.08158444315148472,0.111086112964239,26.391582642148293,1.4899344374431331,0,,,,,
pair,32.2,,,,,,,robot_1,robot_4,5.500745727584288,0.38040376786239694,1.007631165644784,1.0770457708856085,-2.842065872664365,4.570368487596566,0,,,,,
pair,32.2,,,,,,,robot_2,robot_3,5.489761067641149,-0.4420852899638211,-0.9134317755652606,1.014789146677624,-5.146639375003419,1.6912479230683342,0,,,,,
pair,32.2,,,,,,,robot_2,robot_4,3.764959251534897,-0.13707451334839504,0.012614946928038773,0.13765376527976475,-23.546681593472822,1.9154532918173324,0,,,,,
pair,32.2,,,,,,,robot_3,robot_4,7.980680045723266,0.3050107766154261,0.9260467224932993,0.9749841568416008,-6.707243371347041,4.574578550376899,0,,,,,
robot,32.300000000000004,robot_1,2.0417648642724955,-1.7631925496280045,0.0657113793880142,-0.019446095671214535,-0.09849564749728575,,,,,,,,,,0.0,proceed,0.0035362313501536846,-0.0,0.0
robot,32.300000000000004,robot_2,1.9254965077718078,0.5717378878763846,0.08868731151384308,0.014206508633495856,0.027532298802887965,,,,,,,,,,0.0,proceed,0.0,0.0,0.0
robot,32.300000000000004,robot_3,1.1546582244336938,-4.922845098998625,0.04739731725134009,0.004911161408224628,-0.010980556340705206,,,,,,,,,,0.0,proceed,0.0004973366158083081,-0.0,0.0
robot,32.300000000000004,robot_4,-1.1311944557535865,2.7783986478491927,0.09268709411247951,0.0008059696809727498,0.0029066897799083615,,,,,,,,,,0.0,proceed,0.0006683107349090278,-0.0,0.0
pair,32.300000000000004,,,,,,,robot_1,robot_2,2.3378234490028986,0.513392190040826,0.9745325930553299,1.1014923130562742,-1.8262600881887059,1.191149804953045,0,,,,,
pair,32.300000000000004,,,,,,,robot_1,robot_3,3.281823033496832,0.08798978703998728,0.06059935773492864,0.10683859219040734,23.612913297832065,2.0990454640508376,0,,,,,
pair,32.300000000000004,,,,,,,robot_1,robot_4,5.540191463437228,0.3793920304830924,0.9866609983051368,1.0570895129413462,-2.932793342127346,4.591549397560664,0,,,,,
pair,32.300000000000004,,,,,,,robot_2,robot_3,5.548390204258885,-0.4254024030008388,-0.9139332353204013,1.008087874692531,-5.264103303647326,1.6198132334467084,0,,,,,
pair,32.300000000000004,,,,,,,robot_2,robot_4,3.7699749808323095,-0.13400015955773373,0.01212840524980685,0.13454791330749669,-24.10412388489956,1.9221413460797094,0,,,,,
pair,32.300000000000004,,,,,,,robot_3,robot_4,8.033322956528137,0.2914022434431051,0.9260616405702081,0.9708271883395417,-6.860144903421796,4.492045794173248,0,,,,,
robot,32.4,robot_1,2.000930304115321,-1.7986540077073536,0.05683687874701207,-0.013783289110580837,-0.07480752366098065,,,,,,,,,,0.0,proceed,0.0033726757392287254,-0.0,0.0
robot,32.4,robot_2,1.9290277952179995,0.6436064034562032,0.07680820328995688,0.016261228651538943,0.020864079672059544,,,,,,,,,,0.0,proceed,0.0,0.0,0.0
robot,32.4,robot_3,1.131252835408988,-4.952987368850453,0.04041609351718245,0.008435798737025824,0.021050255210169923,,,,,,,,,,0.0,proceed,0.00044541002716869116,-0.0,0.0
robot,32.4,robot_4,-1.1332618074711402,2.856324643806303,0.08590181246187026,0.0011276847223129897,0.0040394461753103916,,,,,,,,,,0.0,proceed,0.0006612270954065025,-0.0,0.0
pair,32.4,,,,,,,robot_1,robot_2,2.4433186216133405,0.5009864082758224,0.9393790155301811,1.0646221470998813,-1.9923641467868969,1.2127147486102896,0,,,,,
pair,32.4,,,,,,,robot_1,robot_3,3.272026566639668,-0.09123035666701063,-0.017827351187590545,0.09295586279496122,-15.690041784657069,2.9289912840648853,0,,,,,
pair,32.4,,,,,,,robot_1,robot_4,5.611772129940657,0.36989942939143006,0.9512289378117178,1.0206184791559059,-3.1378837603014382,4.608194223679149,0,,,,,
pair,32.4,,,,,,,robot_2,robot_3,5.653167849862581,-0.5922167649428332,-0.9572063667177717,1.1255952759159893,-4.601194319659573,2.266144361455045,0,,,,,
pair,32.4,,,,,,,robot_2,robot_4,3.778060298872432,-0.1310869788843924,0.011849922281536696,0.1316214902328476,-24.684915877553273,1.9280335985067576,0,,,,,
pair,32.4,,,,,,,robot_3,robot_4,8.131013508711176,0.4611297860584407,0.9690562889993084,1.0731778840618242,-5.664119786837466,5.400361505716752,0,,,,,
robot,32.5,robot_1,1.9762783128445442,-1.818875504612315,0.08561111106820496,-0.020711053763189338,-0.11270241635241182,,,,,,,,,,0.0,proceed,0.0033673776779323816,-0.0,0.0
robot,32.5,robot_2,1.928982301947059,0.686411442759221,0.11571931858855074,0.024580874776842426,0.03138468396919461,,,,,,,,,,0.0,proceed,0.0,-0.0,-0.0
robot,32.5,robot_3,1.1188505752740465,-4.971743482451952,0.06084730065524626,0.012783096736876571,0.03244897841450523,,,,,,,,,,0.0,proceed,0.0004584397538565099,-0.0,0.0
robot,32.5,robot_4,-1.1345634461380532,2.9042900757282872,0.1294950028085465,0.0016579261475184923,0.006022178372495254,,,,,,,,,,0.0,proceed,0.0006535652210004628,-0.0,0.0
pair,32.5,,,,,,,robot_1,robot_2,2.505733346012102,0.509962080316943,0.9197325553061567,1.0516507484194442,-2.061607678149085,1.2562165019294897,0,,,,,
pair,32.5,,,,,,,robot_1,robot_3,3.267377971836418,-0.09030573514753526,-0.02361058610469491,0.0933412319221468,-17.431301157040245,2.8334497380114128,0,,,,,
pair,32.5,,,,,,,robot_1,robot_4,5.655583926416805,0.38296897923638695,0.9310303376570518,1.0067187932561725,-3.1634032443738893,4.673712247997566,0,,,,,
pair,32.5,,,,,,,robot_2,robot_3,5.715857815958481,-0.6002678154644783,-0.9433431414108516,1.1181313575467737,-4.658290704957582,2.354084849471421,0,,,,,
pair,32.5,,,,,,,robot_2,robot_4,3.7821023493807124,-0.12699310108055606,0.01129778235089507,0.12749465717474018,-25.475801181239568,1.9376812943508663,0,,,,,
pair,32.5,,,,,,,robot_3,robot_4,8.192055869040319,0.4732747143839222,0.9546409237617467,1.0655178311956417,-5.683202265219024,5.517250489508752,0,,,,,
robot,32.6,robot_1,1.955374778510034,-1.8359313701482916,0.05404318898150379,-0.010008165705909455,-0.059146522918832156,,,,,,,,,,0.0,proceed,0.003331104526296258,-0.0,0.0
robot,32.6,robot_2,1.9287977003038164,0.7239864260634524,0.075397071284277,0.01768947152571535,0.01354156031471327,,,,,,,,,,0.0,proceed,0.0,-0.0,-0.0
robot,32.6,robot_3,1.1060006489645016,-4.990897378993028,0.050317971999483464,0.010460082259079597,0.013021314804121364,,,,,,,,,,0.0,proceed,0.0004943469539284706,-0.0,0.0
robot,32.6,robot_4,-1.135546171976678,2.9470077854130654,0.08818715287003451,0.0003967061291865739,0.0014273647626888795,,,,,,,,,,0.0,proceed,0.0005812913877889514,-0.0,0.0
pair,32.6,,,,,,,robot_1,robot_2,2.560055754167782,0.4910049591133698,0.9020541722773026,1.0270285291055996,-2.1768695919817542,1.2471964126068502,0,,,,,
pair,32.6,,,,,,,robot_1,robot_3,3.2672996386782343,-0.11828021537338651,-0.0324580948659377,0.12265291383045455,-13.485235572335515,2.817715308632111,0,,,,,
pair,32.6,,,,,,,robot_1,robot_4,5.694760687505636,0.3613160748373573,0.91398159657824,0.9828080508520386,-3.3695823943507963,4.6328453080425485,0,,,,,
pair,32.6,,,,,,,robot_2,robot_3,5.773810863977925,-0.6092851744867562,-0.9345122671432402,1.1155902479362911,-4.6940552730885345,2.4319682280374657,0,,,,,
pair,32.6,,,,,,,robot_2,robot_4,3.785766412723798,-0.12968888427601252,0.011927424300937406,0.13023620907877947,-24.993485407681334,1.9330371486384816,0,,,,,
pair,32.6,,,,,,,robot_3,robot_4,8.248325317879772,0.4795962902107438,0.9464396914441777,1.0610187044180033,-5.718543048810863,5.587534626653958,0,,,,,
robot,32.7,robot_1,1.930405359903027,-1.855184574356402,0.05248966250884836,-0.00998377667384193,-0.059534395369155425,,,,,,,,,,0.0,proceed,0.003257143311202526,-0.0,0.0
robot,32.7,robot_2,1.9279262383188198,0.7688405483127853,0.07419126772735839,0.01879963067435575,0.011529874313031933,,,,,,,,,,0.0,proceed,0.0,-0.0,-0.0
robot,32.7,robot_3,1.0868289213933882,-5.015869042757406,0.0569567496149162,0.006238059447375176,-0.012739111245276644,,,,,,,,,,0.0,proceed,0.0004966105334460735,-0.0,0.0
robot,32.7,robot_4,-1.1366000840840986,2.9986416475251114,0.08888637316285102,5.854470114968519e-05,0.00020485699711247628,,,,,,,,,,0.0,proceed,0.0006196724716573954,-0.0,0.0
pair,32.7,,,,,,,robot_1,robot_2,2.62402629377887,0.4850987042398807,0.8826680718858497,1.0071860195524434,-2.28202537774321,1.2660019138619767,0,,,,,
pair,32.7,,,,,,,robot_1,robot_3,3.271321982990966,-0.13565736734931622,-0.03588898506022492,0.14032441186336886,-11.572383539667074,2.839812592226148,0,,,,,
pair,32.7,,,,,,,robot_1,robot_4,5.741615746954095,0.3555068428835408,0.8947406872161697,0.9627803553755583,-3.5089145887059696,4.642536555444853,0,,,,,
pair,32.7,,,,,,,robot_2,robot_3,5.845537592861637,-0.6207560715891969,-0.9185570569460746,1.108641135480858,-4.748004645156709,2.542119027339193,0,,,,,
pair,32.7,,,,,,,robot_2,robot_4,3.789899012209805,-0.1295918613563399,0.012072615330320002,0.13015298141308443,-25.033190297947982,1.9359312764540086,0,,,,,
pair,32.7,,,,,,,robot_3,robot_4,8.31721216195976,0.491164210232857,0.9306296722763947,1.0522898214536411,-5.749474370119059,5.707201284144822,0,,,,,
robot,32.800000000000004,robot_1,1.9013038617071194,-1.876689657244416,0.051358889500846605,-0.008081404739904027,-0.050850934063845964,,,,,,,,,,0.0,proceed,0.0031957882456481457,-0.0,0.0
robot,32.800000000000004,robot_2,1.9258732035761557,0.8211747573655369,0.07332510573781019,0.019330587693005694,0.007934749700912746,,,,,,,,,,0.0,proceed,0.0,-0.0,-0.0
robot,32.800000000000004,robot_3,1.0568026460568865,-5.045937221172719,0.06613839220699319,-0.0023132511509158307,-0.04440927554750644,,,,,,,,,,0.0,proceed,0.00043382655712775886,-0.0,0.0
robot,32.800000000000004,robot_4,-1.1377057838316218,3.0599005535780583,0.0892506962136603,-7.614813802357635e-05,-0.0002735976456960485,,,,,,,,,,0.0,proceed,0.0006721492391079664,-0.0,0.0
pair,32.800000000000004,,,,,,,robot_1,robot_2,2.697976288290648,0.4781388311012164,0.860869283428344,0.9847398971085045,-2.4071627051474564,1.288464852158075,0,,,,,
pair,32.800000000000004,,,,,,,robot_1,robot_3,3.279834206892202,-0.15704596116862718,-0.03681813890893143,0.16130408944628566,-9.581890669171223,2.8928253982504573,0,,,,,
pair,32.800000000000004,,,,,,,robot_1,robot_4,5.797025317804451,0.30267551411308274,0.8708832618287651,0.9219816281125824,-3.975483196225702,4.491204039866759,0,,,,,
pair,32.800000000000004,,,,,,,robot_2,robot_3,5.931128611204948,-0.6351847922698436,-0.8976874223372755,1.0996828763572826,-4.811743442113496,2.6794511927506997,0,,,,,
pair,32.800000000000004,,,,,,,robot_2,robot_4,3.794391835685114,-0.17546331698813367,0.010013978400421064,0.17574884173695818,-18.129064055253618,2.0605293135557026,0,,,,,
pair,32.800000000000004,,,,,,,robot_3,robot_4,8.397646889422557,0.4597214752817099,0.9077014007376965,1.0174800576602807,-6.132549206687354,5.620145606679196,0,,,,,
robot,32.9,robot_1,1.8740380244179986,-1.8962933133601387,0.050103873891621076,-0.007277959028885776,-0.04745689647633246,,,,,,,,,,0.0,proceed,0.0031060862820595503,-0.0,0.0
robot,32.9,robot_2,1.922985743338973,0.8707410405025747,0.07261341347749528,0.020265288842246227,0.005361834612008953,,,,,,,,,,0.0,proceed,0.0,-0.0,-0.0
robot,32.9,robot_3,1.022920552154032,-5.072595504157289,0.06518231185692328,-0.004281036350895568,-0.05665708077208295,,,,,,,,,,0.0,proceed,0.0003263476537540555,-0.0,0.0
robot,32.9,robot_4,-1.1386553963968113,3.118988077865087,0.09022821910595934,-0.0002246103424630916,-0.0008066649145529708,,,,,,,,,,0.0,proceed,0.0007289993809536099,-0.0,0.0
pair,32.9,,,,,,,robot_1,robot_2,2.7674672526778004,0.4716931171511969,0.8408556757929933,0.9641227433688638,-2.527899162631613,1.3110707127904808,0,,,,,
pair,32.9,,,,,,,robot_1,robot_3,3.288357729757482,-0.17559815310493398,-0.038968700539238676,0.1798701503740426,-8.445236499812225,2.916469772310097,0,,,,,
pair,32.9,,,,,,,robot_1,robot_4,5.850587071481877,0.24315714059747107,0.8444440965162656,0.8787554990807799,-4.535762654404913,4.282821171690361,0,,,,,
pair,32.9,,,,,,,robot_2,robot_3,6.011103611773152,-0.6472912702561309,-0.879824376332232,1.0922806057685892,-4.871183578998645,2.7970564980508255,0,,,,,
pair,32.9,,,,,,,robot_2,robot_4,3.7984551082686164,-0.22853597655372576,0.0035884207232723675,0.22856414710678555,-13.547885580241141,2.1999026622040314,0,,,,,
pair,32.9,,,,,,,robot_3,robot_4,8.471980415617828,0.41875529370240505,0.8834127970555044,0.9776370318299207,-6.624345602241681,5.461978903908537,0,,,,,
robot,33.0,robot_1,1.8519468305784723,-1.9113950514708524,0.04250362639665531,-0.006167820214904383,-0.03877677102283063,,,,,,,,,,0.0,proceed,0.003014074172824621,-0.0,0.0
robot,33.0,robot_2,1.9208800728616562,0.9121258267553565,0.06564725379262233,0.016826023825988093,0.0022327826509047524,,,,,,,,,,0.0,proceed,0.0,-0.0,-0.0
robot,33.0,robot_3,0.9940998529116241,-5.092759851700757,0.056834616212949496,-0.004659280834305134,-0.05624851324083889,,,,,,,,,,0.0,proceed,0.00024183471396099776,-0.0,0.0
robot,33.0,robot_4,-1.141482330582229,3.166265350691153,0.07499706418515156,0.005344830743666154,0.014129706436098104,,,,,,,,,,0.0,proceed,0.0008534145308658481,-0.0,0.0
pair,33.0,,,,,,,robot_1,robot_2,2.8243622185674013,0.5258812895104257,1.0336134354796536,1.1597016274288832,-2.196938463274031,1.2189225586930732,0,,,,,
pair,33.0,,,,,,,robot_1,robot_3,3.2949936918352374,-0.1301146554249235,0.16654239669069276,0.21134378025346914,9.363091464740839,2.634617757615599,0,,,,,
pair,33.0,,,,,,,robot_1,robot_4,5.894340786090611,0.2586941957092751,1.029924926600328,1.0619171537019072,-3.9508313656727503,4.140218064645767,0,,,,,
pair,33.0,,,,,,,robot_2,robot_3,6.075983343247245,-0.6559959449353492,-0.8670710387889606,1.0872639357939675,-4.918717268456465,2.883933020859998,0,,,,,
pair,33.0,,,,,,,robot_2,robot_4,3.8025265920695555,-0.2671870938011505,-0.0036885088793253695,0.2672125524590072,-11.342862651328018,2.2961965435125165,0,,,,,
pair,33.0,,,,,,,robot_3,robot_4,8.530662843894437,0.3888088511341986,0.8633825299096354,0.946890551053002,-7.026938169340119,5.338532994361144,0,,,,,
robot,33.1,robot_1,1.8254268290694133,-1.9287111797535783,0.047364177063169616,-0.006488765960051181,-0.04243616978816697,,,,,,,,,,0.0,proceed,0.00292794918641448,-0.0,0.0
robot,33.1,robot_2,1.92075248339182,0.9646651445392529,0.08045594424469056,0.014618979693889176,0.00012081313900505409,,,,,,,,,,0.0,proceed,0.0,-0.0,-0.0
robot,33.1,robot_3,0.9588537240527301,-5.115808315155503,0.06345368943054405,-0.004050473362069269,-0.06513696100201083,,,,,,,,,,0.0,proceed,0.0001343065669061616,-0.0,0.0
robot,33.1,robot_4,-1.1496376040126897,3.220294011931715,0.08024355907047384,0.012736256270032942,0.04374215888141748,,,,,,,,,,0.0,proceed,0.0009494340047240257,-0.0,0.0
pair,33.1,,,,,,,robot_1,robot_2,2.8949462057783197,0.5079677567258418,1.0484145664271027,1.164991135146364,-2.2707562459192454,1.175803862315905,0,,,,,
pair,33.1,,,,,,,robot_1,robot_3,3.3028074568199415,-0.15622363826570795,0.19928604822632479,0.253220761729049,7.794119027495917,2.6482656280540113,0,,,,,
pair,33.1,,,,,,,robot_1,robot_4,5.946701845980866,0.18931268006722876,1.0291968281925528,1.0464632826792577,-4.324888617634942,3.8574682146319,0,,,,,
pair,33.1,,,,,,,robot_2,robot_3,6.156086964726082,-0.6641913949915498,-0.8491285182007778,1.078039632667867,-4.992377229998138,2.988593724753714,0,,,,,
pair,33.1,,,,,,,robot_2,robot_4,3.8098762284680685,-0.31865507665861303,-0.019217738234549864,0.3192340510396067,-9.175192061618615,2.4363740023883773,0,,,,,
pair,33.1,,,,,,,robot_3,robot_4,8.598624174145304,0.34553631833293674,0.829910779966228,0.8989701051710415,-7.659075562630121,5.15065602664748,0,,,,,
robot,33.2,robot_1,1.8001350050983742,-1.948512652706977,0.06173384282545184,0.0011933611217876186,-0.020820288965611923,,,,,,,,,,0.0,proceed,0.0028538773767650127,-0.0,0.0
robot,33.2,robot_2,1.9252859550863344,1.0137000138392402,0.08145819254551297,0.0063524397899754545,-0.0015246363261071196,,,,,,,,,,0.0,proceed,0.0,-0.0,-0.0
robot,33.2,robot_3,0.9294006418263087,-5.135056785842156,0.055989549108967133,-0.0009222124742549673,-0.05781698069076915,,,,,,,,,,0.0,proceed,3.179489795002155e-05,-0.0,0.0
robot,33.2,robot_4,-1.1610931838958154,3.2638160369725266,0.06978910414597386,0.015382804037791825,0.06672711084115768,,,,,,,,,,0.0,proceed,0.0010076597100123763,-0.0,0.0
pair,33.2,,,,,,,robot_1,robot_2,2.9648552480904935,0.48726893184911735,1.0631858563546863,1.1695277581562686,-2.347109299740639,1.1203970772502743,0,,,,,
pair,33.2,,,,,,,robot_1,robot_3,3.3033682573702015,-0.17938699446846473,0.22501469794090473,0.2877695398645687,6.772273717554953,2.667247565131104,0,,,,,
pair,33.2,,,,,,,robot_1,robot_4,5.994767948515594,0.1367903796141792,1.03020301858177,1.0392448544255497,-4.596807339757562,3.6215359865570576,0,,,,,
pair,33.2,,,,,,,robot_2,robot_3,6.2288841487697635,-0.6666559263175821,-0.8381711584137815,1.0709626580283058,-5.072206796988307,3.0480827588709696,0,,,,,
pair,33.2,,,,,,,robot_2,robot_4,3.81952330888363,-0.3504785522349382,-0.03298283777291611,0.3520271057237678,-8.129998502231903,2.5293931464864285,0,,,,,
pair,33.2,,,,,,,robot_3,robot_4,8.655127331772619,0.3161773740826439,0.8051883206408654,0.8650412496397228,-8.154132175583491,5.015685401155102,0,,,,,
robot,33.300000000000004,robot_1,1.7717251839475252,-1.9761812984106957,0.07325901940981591,0.010924637494304008,0.005194851607238688,,,,,,,,,,0.0,proceed,0.0007842765771783888,-0.0,0.0
robot,33.300000000000004,robot_2,1.9340930900887399,1.0632702296023788,0.08901387978658687,-0.0003398395324244602,-0.0011997458305588714,,,,,,,,,,0.0,proceed,0.0,-0.0,-0.0
robot,33.300000000000004,robot_3,0.9020088425019762,-5.152634702972327,0.05500768121769291,8.278816418961707e-05,-0.05515692721565466,,,,,,,,,,0.0,proceed,0.0,-0.0,0.0
robot,33.300000000000004,robot_4,-1.1753780788916857,3.301804160726613,0.06450834627341127,0.019215816111680377,0.08285970117335215,,,,,,,,,,0.0,proceed,0.001071212813258171,-0.0,0.0
pair,33.300000000000004,,,,,,,robot_1,robot_2,3.0437852959901255,0.462877415883867,1.0777732653791035,1.1729666294065069,-2.43558112937308,1.0502410296358466,0,,,,,
pair,33.300000000000004,,,,,,,robot_1,robot_3,3.2933664761044454,-0.18900960615465678,0.22089056637793852,0.2907185469375921,6.356852581512486,2.725977928009496,0,,,,,
pair,33.300000000000004,,,,,,,robot_1,robot_4,6.045043271036395,0.08791074124359166,1.029705964121543,1.0334518232474477,-4.846049820969963,3.3853938247642397,0,,,,,
pair,33.300000000000004,,,,,,,robot_2,robot_3,6.30100563600155,-0.6518870220385238,-0.8568826990011649,1.0766636658445272,-5.175189493396622,2.942137568668901,0,,,,,
pair,33.300000000000004,,,,,,,robot_2,robot_4,3.831428599297527,-0.37496667464027533,-0.048067301257560535,0.37803501496682973,-7.405669860732991,2.615735242781473,0,,,,,
pair,33.300000000000004,,,,,,,robot_3,robot_4,8.70592171577487,0.27692034739824845,0.8088153977436043,0.854907729775741,-8.569011439844463,4.70393299326237,0,,,,,
robot,33.4,robot_1,1.7394642278313568,-2.0149889139670183,0.07102489058929629,0.015748144962749427,0.034631587053710174,,,,,,,,,,0.0,proceed,0.0007625462603755295,-0.0,0.0
robot,33.4,robot_2,1.9465408306813723,1.122571713263947,0.08712602049406558,0.0001651471037441947,0.0005836727005653188,,,,,,,,,,0.0,proceed,0.0,-0.0,-0.0
robot,33.4,robot_3,0.8714195887468464,-5.17235207641065,0.05129878440014737,0.002676167621441343,-0.04955820546146582,,,,,,,,,,0.0,proceed,0.0,-0.0,0.0
robot,33.4,robot_4,-1.195141884954441,3.341607281567167,0.05946063565618746,0.019590745363655647,0.09567726202219443,,,,,,,,,,0.0,proceed,0.0021859542466700077,-0.0,0.0
pair,33.4,,,,,,,robot_1,robot_2,3.1443866506837024,0.4391372627676372,1.0899961973059842,1.1751311610592916,-2.542385170324983,0.9804072210234145,0,,,,,
pair,33.4,,,,,,,robot_1,robot_3,3.2745142593977827,-0.17547777099706752,0.17993355732004823,0.2513335098309542,6.582281182596328,2.825876303858711,0,,,,,
pair,33.4,,,,,,,robot_1,robot_4,6.107784855347402,0.05138518555500504,1.0079803984342797,1.0092893147766162,-5.152379923947862,3.2035166536761297,0,,,,,
pair,33.4,,,,,,,robot_2,robot_3,6.3860747883711815,-0.6146150337647047,-0.9100626399859361,1.0981646727279841,-5.298294067732744,2.6321436061285386,0,,,,,
pair,33.4,,,,,,,robot_2,robot_4,3.8463345069194923,-0.38775207721263216,-0.08201579887170474,0.39633100389355735,-6.59669895385281,2.82113500523132,0,,,,,
pair,33.4,,,,,,,robot_3,robot_4,8.761174594418518,0.22686295655207256,0.8280468411142313,0.8585618044933077,-8.92806620218446,4.24280660182822,0,,,,,
robot,33.5,robot_1,1.7143909221771079,-2.0511097158834923,0.07061435082728766,0.019580841146921765,0.0609879038859731,,,,,,,,,,0.0,proceed,0.0027558961883187294,-0.0,0.0
robot,33.5,robot_2,1.9568581980603512,1.1744229386221325,0.08815726481511083,0.0011809155967756786,0.004163094521794027,,,,,,,,,,0.0,proceed,0.0,-0.0,-0.0
robot,33.5,robot_3,0.8461094107533276,-5.189919080717487,0.050628878703836824,0.006450318579175326,-0.0344989437796523,,,,,,,,,,0.0,proceed,0.0,-0.0,0.0
robot,33.5,robot_4,-1.2142269625948554,3.3732008412110996,0.05721488803450533,0.01974886080175037,0.10070346499164796,,,,,,,,,,0.0,proceed,0.0013006262015551329,-0.0,0.0
pair,33.5,,,,,,,robot_1,robot_2,3.234633099001546,0.42106156412655615,1.0983922029552349,1.1763325517461276,-2.6341259463383966,0.9281590122833774,0,,,,,
pair,33.5,,,,,,,robot_1,robot_3,3.256691113975955,-0.174858480772086,0.17868127966054226,0.2500049759485816,6.544060901306685,2.8159163067204274,0,,,,,
pair,33.5,,,,,,,robot_1,robot_4,6.164409763701149,0.02898700514965097,0.9835514059335844,0.9839784624581355,-5.422559994896369,3.0871415096555053,0,,,,,
pair,33.5,,,,,,,robot_2,robot_3,6.460542717731687,-0.5959200448986421,-0.9197109232946925,1.095896383030611,-5.424923109430576,2.5285886805551905,0,,,,,
pair,33.5,,,,,,,robot_2,robot_4,3.858808800788294,-0.3920745589769052,-0.11484079702165045,0.40854726587936263,-5.9360568798876985,3.0015005022234056,0,,,,,
pair,33.5,,,,,,,robot_3,robot_4,8.807497304494152,0.20384548592173696,0.804870126273042,0.8302824232136025,-9.388600388118201,4.099636994962182,0,,,,,
robot,33.6,robot_1,1.6923352421623254,-2.088044670901449,0.07061435082728766,0.019580841146921765,0.0609879038859731,,,,,,,,,,0.0,proceed,0.0028922990895807743,-0.0,0.0
robot,33.6,robot_2,1.9663981071509358,1.2263104487620622,0.08815726481511083,0.0011809155967756786,0.004163094521794027,,,,,,,,,,0.0,proceed,0.0,-0.0,-0.0
robot,33.6,robot_3,0.8219918006157505,-5.209531659279,0.050628878703836824,0.006450318579175326,-0.0344989437796523,,,,,,,,,,0.0,proceed,0.0,-0.0,0.0
robot,33.6,robot_4,-1.2343616515879041,3.402325189095328,0.05721488803450533,0.01974886080175037,0.10070346499164796,,,,,,,,,,0.0,proceed,0.0014762186910957098,-0.0,0.0
pair,33.6,,,,,,,robot_1,robot_2,3.3256668975117596,0.406301488822904,1.1046016703687156,1.1769561376708415,-2.7233065451233935,0.8869464950669129,0,,,,,
pair,33.6,,,,,,,robot_1,robot_3,3.2405522252933205,-0.15901544174621812,0.18383312391264428,0.24306486410262285,7.370188978497196,2.7003597929365823,0,,,,,
pair,33.6,,,,,,,robot_1,robot_4,6.221713261429546,0.011722775146762843,0.9595789023014578,0.9596505057567637,-5.68353645522666,2.993547074463145,0,,,,,
pair,33.6,,,,,,,robot_2,robot_3,6.536798102593649,-0.5653169305691221,-0.9207685464560713,1.0804619142435887,-5.630362169215529,2.3920854040756434,0,,,,,
pair,33.6,,,,,,,robot_2,robot_4,3.8703879887305312,-0.39457871367614117,-0.14502276806725778,0.42038549516391244,-5.360789578451615,3.146616980197777,0,,,,,
pair,33.6,,,,,,,robot_3,robot_4,8.853963400493686,0.17073821689298097,0.7757457783888135,0.7943129429864912,-10.031989065212132,3.859411607124503,0,,,,,
robot,33.7,robot_1,1.6728764878065616,-2.1235303185352756,0.06819491493518698,0.020148757059543457,0.08849328832383059,,,,,,,,,,0.0,proceed,0.0029610011260956526,-0.0,0.0
robot,33.7,robot_2,1.975081063645855,1.2781916277311494,0.08861140222391237,0.0024109183108495594,0.008532694799255945,,,,,,,,,,0.0,proceed,0.0,-0.0,-0.0
robot,33.7,robot_3,0.7995976903265726,-5.2315694624327564,0.051386739013357066,0.014574437874604763,-0.012631178821114671,,,,,,,,,,0.0,proceed,0.0,-0.0,0.0
robot,33.7,robot_4,-1.2550908588652927,3.4293409626935834,0.05528685128809032,0.018679444180173883,0.0996484558215448,,,,,,,,,,0.0,proceed,0.0015444377204403281,-0.0,0.0
pair,33.7,,,,,,,robot_1,robot_2,3.415119295920545,0.4080358335579801,1.1070368801864792,1.1798406229488663,-2.793875851605753,0.8928941914451634,0,,,,,
pair,33.7,,,,,,,robot_1,robot_3,3.228393281204612,-0.14282044943620492,0.18626554800045325,0.23471799068045193,8.244284688964816,2.5841789945804035,0,,,,,
pair,33.7,,,,,,,robot_1,robot_4,6.2775291515908425,0.00043070171529763224,0.936302057691346,0.9363021567533721,-5.929201145367647,2.9305213738286073,0,,,,,
pair,33.7,,,,,,,robot_2,robot_3,6.615039728676015,-0.550856282994185,-0.9207713321860258,1.072969007329568,-5.768904873268059,2.333330588853768,0,,,,,
pair,33.7,,,,,,,robot_2,robot_4,3.880908928368287,-0.40760513184268243,-0.17073482249513305,0.441918910114667,-4.8612179799607675,3.232091466144209,0,,,,,
pair,33.7,,,,,,,robot_3,robot_4,8.901298468551781,0.14325115115150255,0.7500365096908927,0.7635939092053624,-10.636119754137892,3.643005507013508,0,,,,,
robot,33.800000000000004,robot_1,1.6492627344283837,-2.163465672555709,0.051536334560714554,0.004566437568724227,0.07535287176294901,,,,,,,,,,0.0,proceed,0.0030935676768422127,-0.0,0.0
robot,33.800000000000004,robot_2,1.9854283410579592,1.3474009142471097,0.0864418826941764,0.0038389190917941293,0.013632707454021176,,,,,,,,,,0.0,proceed,0.0,-0.0,-0.0
robot,33.800000000000004,robot_3,0.7720095073794548,-5.261669471292241,0.046939138952651054,0.017163122022453098,0.03742504573607001,,,,,,,,,,0.0,proceed,0.0,-0.0,0.0
robot,33.800000000000004,robot_4,-1.283291897149671,3.462637237000646,0.05088478557923952,0.015386310164460626,0.08808772508462312,,,,,,,,,,0.0,proceed,0.0015222788788378239,-0.0,0.0
pair,33.800000000000004,,,,,,,robot_1,robot_2,3.526923802041817,0.4291279838770816,1.1015049044117677,1.1821437649412978,-2.870553498870978,0.9612392920039611,0,,,,,
pair,33.800000000000004,,,,,,,robot_1,robot_3,3.220006211620288,-0.12274677295107117,0.18823942564355667,0.22472394540083598,9.416160035127456,2.4271029990615203,0,,,,,
pair,33.800000000000004,,,,,,,robot_1,robot_4,6.344518154762297,-0.00932067962450378,0.9030903914899504,0.9031384889761561,-6.262680931021425,2.87433526444643,0,,,,,
pair,33.800000000000004,,,,,,,robot_2,robot_3,6.71953842365225,-0.5518747568281528,-0.9132654787682111,1.067061189404742,-5.889140815794364,2.3796250908632546,0,,,,,
pair,33.800000000000004,,,,,,,robot_2,robot_4,3.8934248030190655,-0.4384486635015854,-0.19841451292181733,0.481254142282774,-4.3758555762289015,3.274743912161357,0,,,,,
pair,33.800000000000004,,,,,,,robot_3,robot_4,8.963135132520522,0.11342609332656739,0.7148509658463937,0.7237937427325889,-11.459655396275522,3.397097924271423,0,,,,,
robot,33.9,robot_1,1.631883589496785,-2.1882228183684567,0.049344693466302075,0.0005182482993625788,0.06392316248310513,,,,,,,,,,0.0,proceed,0.003143919166177511,-0.0,0.0
robot,33.9,robot_2,1.9931686082741926,1.399053875988224,0.08686250423871433,0.002199218694440737,0.007861758565807953,,,,,,,,,,0.0,proceed,0.0,-0.0,-0.0
robot,33.9,robot_3,0.7515399974481062,-5.284336228650361,0.048867313805628476,0.01499612374331221,0.04571265736982012,,,,,,,,,,0.0,proceed,0.0,-0.0,0.0
robot,33.9,robot_4,-1.3046002635371177,3.485822475876201,0.04991468428995001,0.013932272097363804,0.08255084941528039,,,,,,,,,,0.0,proceed,0.0014719879254698753,-0.0,0.0
pair,33.9,,,,,,,robot_1,robot_2,3.6054238234453915,0.43382477905396427,1.087477496884011,1.1708164865384905,-2.9601574162830517,0.9936315424566997,0,,,,,
pair,33.9,,,,,,,robot_1,robot_3,3.218838779651539,-0.11965640795132126,0.17892058717129844,0.21524458756850362,9.683087119120103,2.4529369479176917,0,,,,,
pair,33.9,,,,,,,robot_1,robot_4,6.388875286016216,-0.02784106368254724,0.8712121944383453,0.8716569351327693,-6.613774833636154,2.753754359556718,0,,,,,
pair,33.9,,,,,,,robot_2,robot_3,6.797745574674215,-0.5534811870052856,-0.9085569097127125,1.0638689216982955,-5.972217985924663,2.4166891073079326,0,,,,,
pair,33.9,,,,,,,robot_2,robot_4,3.9025482343420266,-0.4616658427365115,-0.21626530244566566,0.5098097992305842,-4.121380320537746,3.288643665249044,0,,,,,
pair,33.9,,,,,,,robot_3,robot_4,9.007962948160223,0.09181534426877402,0.6922916072670469,0.6983535830333976,-12.062229767975778,3.191340090375471,0,,,,,
robot,34.0,robot_1,1.6113244035247734,-2.214249413504119,0.046286087084628585,-0.004812858369395309,0.04838992619383091,,,,,,,,,,0.0,proceed,0.0031925684306770563,-0.0,0.0
robot,34.0,robot_2,2.0043899348837084,1.458767625100789,0.0875072809355819,-0.0028477204159522342,-0.009958805514417563,,,,,,,,,,0.0,proceed,0.0,-0.0,-0.0
robot,34.0,robot_3,0.7277147945567299,-5.310558864605141,0.04878149955526012,0.013866868301409228,0.04836587426359206,,,,,,,,,,0.0,proceed,0.0,-0.0,0.0
robot,34.0,robot_4,-1.3292729301741992,3.5113126660280365,0.04893600665887318,0.0120523808212483,0.07485311395395987,,,,,,,,,,0.0,proceed,0.0014911667676642537,-0.0,0.0
pair,34.0,,,,,,,robot_1,robot_2,3.6939889926506893,0.43751211252371747,1.073569291186237,1.1592962829160995,-3.061984826160885,1.0221773134854861,0,,,,,
pair,34.0,,,,,,,robot_1,robot_3,3.219922073286583,-0.25602999375903834,0.19613852358480238,0.32252391870724767,3.663419091591031,2.9953064487185075,0,,,,,
pair,34.0,,,,,,,robot_1,robot_4,6.43654983710482,-0.04843441909127777,0.8387081170111528,0.840105468672299,-7.00575411723543,2.605611629693313,0,,,,,
pair,34.0,,,,,,,robot_2,robot_3,6.88866318948483,-0.6935421062827558,-0.8774307676014343,1.1184298838643232,-5.456169906474923,3.196104606111519,0,,,,,
pair,34.0,,,,,,,robot_2,robot_4,3.914875380251731,-0.48594653161499524,-0.234861174175084,0.5397256735819992,-3.90629561938504,3.2986667219250623,0,,,,,
pair,34.0,,,,,,,robot_3,robot_4,9.058510683478266,0.20759557466776057,0.6425695934263504,0.6752715046688577,-11.495046830290775,4.669439231789511,0,,,,,
robot,34.1,robot_1,1.5944237953777858,-2.2338115947086132,0.04138969234291442,-0.006053913091943721,0.03768823284830295,,,,,,,,,,0.0,proceed,0.0032219181302934885,-0.0,0.0
robot,34.1,robot_2,2.0161175071852124,1.5065482867369593,0.07998548010095465,-0.006069516084015653,-0.02216233036626562,,,,,,,,,,0.0,proceed,0.0,0.0,0.0
robot,34.1,robot_3,0.7083410838228492,-5.331611602566365,0.04542716617027191,0.01064219574523026,0.04461364032590152,,,,,,,,,,0.0,proceed,0.0,-0.0,0.0
robot,34.1,robot_4,-1.349100745885384,3.530874012118875,0.04381292366291888,0.009894969702160708,0.06351718557882885,,,,,,,,,,0.0,proceed,0.0015287091955542564,-0.0,0.0
pair,34.1,,,,,,,robot_1,robot_2,3.7640560077269654,0.43696566612027105,1.06303837517419,1.1493431082409267,-3.1494659959131965,1.0320088408759347,0,,,,,
pair,34.1,,,,,,,robot_1,robot_3,3.22203467709459,-0.28062080787774746,0.20437803907824004,0.3471576308702234,3.1901268084790497,3.0257234595834963,0,,,,,
pair,34.1,,,,,,,robot_1,robot_4,6.472707074368696,-0.05647545873683013,0.8194751781144585,0.8214189217355897,-7.247729587966094,2.5402166646075766,0,,,,,
pair,34.1,,,,,,,robot_2,robot_3,6.9620909104362685,-0.7175864739980184,-0.8586603360959502,1.1190299014992042,-5.438386439109109,3.3815318923181223,0,,,,,
pair,34.1,,,,,,,robot_2,robot_4,3.927160365103841,-0.4934411248571012,-0.24356319705973173,0.5502791788376142,-3.8555421810032406,3.3047386662396363,0,,,,,
pair,34.1,,,,,,,robot_3,robot_4,9.098171143319739,0.22414534914091733,0.6150971390362184,0.6546645156047827,-11.64323580439351,4.96744735361551,0,,,,,
robot,34.2,robot_1,1.5742862783169813,-2.256883210798562,0.04450782798392547,-0.007588798320801837,0.03704674869701856,,,,,,,,,,0.0,proceed,0.003244407707825303,-0.0,0.0
robot,34.2,robot_2,2.0335429424562044,1.5632645727280883,0.0875383718370858,-0.010312315982755414,-0.03826244831274614,,,,,,,,,,0.0,proceed,0.0,0.0,0.0
robot,34.2,robot_3,0.6793244005785259,-5.356912939089512,0.06772578440741045,-0.0004461530953849546,0.03104912230980521,,,,,,,,,,0.0,proceed,0.0,-0.0,0.0
robot,34.2,robot_4,-1.3728273781629705,3.553213227963342,0.046793790562795576,0.00961926483259722,0.06429126083435502,,,,,,,,,,0.0,proceed,0.0015184342628344893,-0.0,0.0
pair,34.2,,,,,,,robot_1,robot_2,3.8476545805906053,0.4368780568957982,1.054737722604575,1.1416365884475383,-3.2454403916761208,1.0375836099537976,0,,,,,
pair,34.2,,,,,,,robot_1,robot_3,3.226629987911971,-0.31256659970284306,0.22572842688543143,0.38555311171610185,2.825605426364953,3.03715377298318,0,,,,,
pair,34.2,,,,,,,robot_1,robot_4,6.514806177617596,-0.052886343520048174,0.8199378413657703,0.8216416670510811,-7.287536992222967,2.5670256733433856,0,,,,,
pair,34.2,,,,,,,robot_2,robot_3,7.051437063055398,-0.7494446565986412,-0.8290092957191437,1.1175525516471276,-5.406097509898683,3.6361872140193294,0,,,,,
pair,34.2,,,,,,,robot_2,robot_4,3.9450290761498543,-0.48976440041584635,-0.2347998812388048,0.543139164620312,-4.071452848484312,3.266973682457269,0,,,,,
pair,34.2,,,,,,,robot_3,robot_4,9.14339517005537,0.2596802561827949,0.5942094144803389,0.6484741041153681,-11.3231063540728,5.448470077879164,0,,,,,
robot,34.300000000000004,robot_1,1.5581732998421653,-2.275974471891496,0.04335682361325924,-0.007227180277648387,0.035913776174848096,,,,,,,,,,0.0,proceed,0.0028954404406249523,-0.0,0.0
robot,34.300000000000004,robot_2,2.0503001141074475,1.609233920654755,0.0854658860769285,-0.01172500772167151,-0.04408309827162338,,,,,,,,,,0.0,proceed,0.0,0.0,0.0
robot,34.300000000000004,robot_3,0.6469768097338301,-5.377936618933021,0.06884699697377503,-0.0059109187741952195,0.004703252014904245,,,,,,,,,,0.0,proceed,0.0,-0.0,0.0
robot,34.300000000000004,robot_4,-1.3920700676126336,3.5709244046615716,0.04508348979039973,0.0076553158246734955,0.052942538123835425,,,,,,,,,,0.0,proceed,0.001499655656516552,-0.0,0.0
pair,34.300000000000004,,,,,,,robot_1,robot_2,3.916252424810066,0.43404868113412093,1.0458874802282208,1.1323775337282203,-3.3355441479459937,1.034690525105798,0,,,,,
pair,34.300000000000004,,,,,,,robot_1,robot_3,3.2330246218153396,-0.3363637537004813,0.23807632451302724,0.4120933281395251,2.5439168367645912,3.0583410524499923,0,,,,,
pair,34.300000000000004,,,,,,,robot_1,robot_4,6.5490581307428135,-0.04975663254520102,0.8151783555409566,0.8166954596572069,-7.3660005849601715,2.588544496972167,0,,,,,
pair,34.300000000000004,,,,,,,robot_2,robot_3,7.126701091380318,-0.7704124348346022,-0.8078111557151935,1.1162858876854516,-5.397226087764777,3.8067155506831063,0,,,,,
pair,34.300000000000004,,,,,,,robot_2,robot_4,3.9620880887530054,-0.48380531367932195,-0.23070912468726407,0.5359983971602067,-4.221654129946134,3.2523651202445407,0,,,,,
pair,34.300000000000004,,,,,,,robot_3,robot_4,9.178225633946184,0.2866071211552803,0.5771020310279295,0.644352695434324,-11.031084918048986,5.806672985742638,0,,,,,
robot,34.4,robot_1,1.5426003627562956,-2.295061027474943,0.04344171991626816,-0.007677429271200097,0.039279834117738985,,,,,,,,,,0.0,proceed,0.002966927597299218,-0.0,0.0
robot,34.4,robot_2,2.068975593078168,1.6546438829715533,0.08812155601788252,-0.013377629966215221,-0.05063039299502084,,,,,,,,,,0.0,proceed,0.0,0.0,0.0
robot,34.4,robot_3,0.6124746259411064,-5.397092755231716,0.07109545552286832,-0.011061097940906976,-0.022257064751719607,,,,,,,,,,0.0,proceed,0.0,-0.0,0.0
robot,34.4,robot_4,-1.4104552314278593,3.58879952960094,0.04590858293585144,0.003619827370259468,0.04169724215313108,,,,,,,,,,0.0,proceed,0.0015533629339188337,-0.0,0.0
pair,34.4,,,,,,,robot_1,robot_2,3.9846254231359777,0.4310273326865553,1.0371947493590299,1.1231907716950078,-3.427109167183395,1.0296355494632552,0,,,,,
pair,34.4,,,,,,,robot_1,robot_3,3.238477223371452,-0.3588076769263805,0.250066037473892,0.43735108564996134,2.310674584505048,3.0767630388899474,0,,,,,
pair,34.4,,,,,,,robot_1,robot_4,6.583339000648201,-0.046944405815845025,0.811929903448176,0.8132858939824095,-7.432203636921465,2.6085043665514593,0,,,,,
pair,34.4,,,,,,,robot_2,robot_3,7.200582246030494,-0.7898350096129358,-0.787128711885138,1.1150833831979665,-5.389223750975745,3.966747968762292,0,,,,,
pair,34.4,,,,,,,robot_2,robot_4,3.9808789139976404,-0.4779717385024003,-0.22526484591085405,0.528394959864539,-4.396013264739958,3.2329323995282704,0,,,,,
pair,34.4,,,,,,,robot_3,robot_4,9.210782016878364,0.31186327111053547,0.561863865974284,0.642611627466646,-10.698568410781368,6.129644693139975,0,,,,,
robot,34.5,robot_1,1.525193754198163,-2.3172905855451957,0.04048545870747615,-0.007102140926096425,0.038814511462432165,,,,,,,,,,0.0,proceed,0.0030401372350752354,-0.0,0.0
robot,34.5,robot_2,2.092799953083197,1.7069982886792059,0.08327442076432479,-0.012698693873057942,-0.048480776032507875,,,,,,,,,,0.0,proceed,0.0,0.0,0.0
robot,34.5,robot_3,0.5702747051969509,-5.416660001445526,0.06702914110080711,-0.01285795929432133,-0.05206924008757774,,,,,,,,,,0.0,proceed,0.0,-0.0,0.0
robot,34.5,robot_4,-1.4303207328999972,3.6106425698924425,0.043062369022089805,0.0005334148315251433,0.008948389308078617,,,,,,,,,,0.0,proceed,0.001483740285038948,-0.0,0.0
pair,34.5,,,,,,,robot_1,robot_2,4.064120783173037,0.4256326113149186,1.025356928196278,1.110189150557176,-3.543897351784437,1.0186278915986766,0,,,,,
pair,34.5,,,,,,,robot_1,robot_3,3.2431406331461687,-0.38243885157523194,0.2586596485166592,0.46169718318931074,2.047639693365846,3.1022894610416953,0,,,,,
pair,34.5,,,,,,,robot_1,robot_4,6.6238551749554375,0.023952573788462633,1.0607483014930637,1.0610187014899932,-5.522712713713661,3.088584794918544,0,,,,,
pair,34.5,,,,,,,robot_2,robot_3,7.284544636757599,-0.8080714628901505,-0.7666972796796188,1.113913914001237,-5.3932752602343825,4.119805805592641,0,,,,,
pair,34.5,,,,,,,robot_2,robot_4,4.004527552333553,-0.401680037526456,0.035391373296785766,0.40323616138819635,-9.117744701757376,1.5870794542441806,0,,,,,
pair,34.5,,,,,,,robot_3,robot_4,9.246327585664451,0.40639142536369455,0.8020886529764046,0.8991663905210417,-7.950118187901326,5.8646245175974485,0,,,,,
robot,34.6,robot_1,1.5112944814471063,-2.3356007823766203,0.04048545870747615,-0.007102140926096425,0.038814511462432165,,,,,,,,,,0.0,proceed,0.003054784843698144,-0.0,0.0
robot,34.6,robot_2,2.11384047380947,1.7499857045015672,0.08327442076432479,-0.012698693873057942,-0.048480776032507875,,,,,,,,,,0.0,proceed,0.0,0.0,0.0
robot,34.6,robot_3,0.5341376531424891,-5.430815455015583,0.06702914110080711,-0.01285795929432133,-0.05206924008757774,,,,,,,,,,0.0,proceed,0.0,-0.0,0.0
robot,34.6,robot_4,-1.4455271298643182,3.629542403515978,0.043062369022089805,0.0005334148315251433,0.008948389308078617,,,,,,,,,,0.0,proceed,0.0015014249365776777,-0.0,0.0
pair,34.6,,,,,,,robot_1,robot_2,4.129779487414988,0.3754914738709284,1.1295077040993222,1.190286310334402,-3.416865828283551,0.71707331566116,0,,,,,
pair,34.6,,,,,,,robot_1,robot_3,3.2457956400275516,-0.44670803043293805,0.3790728114250337,0.585870515399908,2.1465994040973486,2.9922496357299324,0,,,,,
pair,34.6,,,,,,,robot_1,robot_4,6.657756924769722,-0.02651281758791381,1.1717524788632807,1.1720523884275367,-5.145250049424143,2.8211284171976687,0,,,,,
pair,34.6,,,,,,,robot_2,robot_3,7.352507483447131,-0.8221995043038665,-0.7504348926742886,1.113177682591865,-5.396825310452796,4.238844445918662,0,,,,,
pair,34.6,,,,,,,robot_2,robot_4,4.025149826142181,-0.4020042914588422,0.04224477476395838,0.4042178513452657,-9.243303475616719,1.4972747351717561,0,,,,,
pair,34.6,,,,,,,robot_3,robot_4,9.274112204288452,0.42019521284502426,0.792679667438247,0.8971650194183259,-7.889272921340713,5.992608833697671,0,,,,,
robot,34.7,robot_1,1.4934921148580689,-2.3610352911135255,0.03942147407936553,-0.0064031336404144126,0.04070445265500022,,,,,,,,,,0.0,proceed,0.0031070213299244642,-0.0,0.0
robot,34.7,robot_2,2.1437701300410374,1.8076615939051295,0.08249159015288873,-0.011373892327161506,-0.04431741539472079,,,,,,,,,,0.0,proceed,0.0,0.0,0.0
robot,34.7,robot_3,0.48410480090589003,-5.447361004939589,0.06605894766678484,-0.014103167806118373,-0.06856881043368625,,,,,,,,,,0.0,proceed,0.0,-0.0,0.0
robot,34.7,robot_4,-1.464909741091813,3.663133607057721,0.05847313490752037,-0.016354001184579088,-0.03655873437173629,,,,,,,,,,0.0,proceed,0.0015419317642226815,-0.0,0.0
pair,34.7,,,,,,,robot_1,robot_2,4.2191107139057795,0.3750962942011582,1.1259097457196914,1.1867476502736467,-3.5058211794977003,0.7006615082026185,0,,,,,
pair,34.7,,,,,,,robot_1,robot_3,3.24719404430834,-0.46398960459469196,0.3953173879573042,0.6095590130523248,2.023168713952974,3.0038952173449727,0,,,,,
pair,34.7,,,,,,,robot_1,robot_4,6.71138975585396,-0.026639281881723972,1.1768480786207351,1.177149545084434,-5.173153869960773,2.8213152869569535,0,,,,,
pair,34.7,,,,,,,robot_2,robot_3,7.442435213992853,-0.8390858987958502,-0.7305923577623872,1.1125782393966024,-5.407094680770184,4.381757776307427,0,,,,,
pair,34.7,,,,,,,robot_2,robot_4,4.057751446788226,-0.4017355760828822,0.05093833290104377,0.4049520796950953,-9.416950096175771,1.3868035495046813,0,,,,,
pair,34.7,,,,,,,robot_3,robot_4,9.31663940271118,0.437350322712968,0.781530690663431,0.8955811103557269,-7.814484989513437,6.149853291975584,0,,,,,
robot,34.800000000000004,robot_1,1.4820155335738123,-2.376972350663972,0.040453675825896804,-0.009824482835995862,0.05274316365263245,,,,,,,,,,0.0,proceed,0.003180010011419654,-0.0,0.0
robot,34.800000000000004,robot_2,2.162157133456746,1.8416959990421846,0.07932036508633913,-0.010188313697988918,-0.040059180317827944,,,,,,,,,,0.0,proceed,0.0,0.0,0.0
robot,34.800000000000004,robot_3,0.4539898698849687,-5.45626016683908,0.06369166166867324,-0.012634972007929512,-0.06186394327436418,,,,,,,,,,0.0,proceed,0.0,-0.0,0.0
robot,34.800000000000004,robot_4,-1.475484165841904,3.6932471492332986,0.07022152701513182,-0.028935416649663672,-0.05637196952274968,,,,,,,,,,0.0,proceed,0.0018722746754065156,-0.0,0.0
pair,34.800000000000004,,,,,,,robot_1,robot_2,4.2731434846847565,0.3732903852817421,1.1240050107788848,1.1843702866923977,-3.5614010429815735,0.6841659035478388,0,,,,,
pair,34.800000000000004,,,,,,,robot_1,robot_3,3.246359533392343,-0.47460402293022386,0.4039997059350232,0.6232693967917385,1.9464475840454856,3.0111609214270283,0,,,,,
pair,34.800000000000004,,,,,,,robot_1,robot_4,6.752360272451191,-0.029274265522087062,1.1794048437570888,1.179768099288814,-5.205884615384524,2.805965219333571,0,,,,,
pair,34.800000000000004,,,,,,,robot_2,robot_3,7.495198436296578,-0.8478944082119659,-0.7200053048438617,1.1123545147480736,-5.417228000465616,4.457218150651684,0,,,,,
pair,34.800000000000004,,,,,,,robot_2,robot_4,4.081749120675744,-0.4025646508038292,0.05539983297820383,0.4063587572217705,-9.489406654312473,1.3383354293249528,0,,,,,
pair,34.800000000000004,,,,,,,robot_3,robot_4,9.350740835966214,0.44532975740813674,0.7754051378220655,0.8941877434823441,-7.798328300724523,6.229868385774147,0,,,,,
robot,34.9,robot_1,1.4641160644627338,-2.4008693827708485,0.04298631491220641,-0.012644899027334417,0.07950509745760827,,,,,,,,,,0.0,proceed,0.0032430943101644516,-0.0,0.0
robot,34.9,robot_2,2.189162310071782,1.890179657341621,0.08070588488315342,-0.009299663136548706,-0.037061199953805905,,,,,,,,,,0.0,proceed,0.0,0.0,0.0
robot,34.9,robot_3,0.4104849773139441,-5.468369661506807,0.06523989211015292,-0.011108886804543128,-0.054816744360938044,,,,,,,,,,0.0,proceed,0.0,-0.0,0.0
robot,34.9,robot_4,-1.487240010496775,3.7499930437972946,0.08207906441457367,-0.03988926876726873,-0.0893989481123646,,,,,,,,,,0.0,proceed,0.0021412905771285295,-0.0,0.0
pair,34.9,,,,,,,robot_1,robot_2,4.351872461702195,0.3698294113977101,1.1209249026559553,1.1803586026835402,-3.6447874841807866,0.6559309575436633,0,,,,,
pair,34.9,,,,,,,robot_1,robot_3,3.2434081500562835,-0.49929701685547434,0.4466602328589247,0.6699275144807568,1.8806820940216704,2.988694749552628,0,,,,,
pair,34.9,,,,,,,robot_1,robot_4,6.822287832667875,-0.039204408743210045,1.181916025690333,1.1825660562727718,-5.2811635369449315,2.745820498224879,0,,,,,
pair,34.9,,,,,,,robot_2,robot_3,7.570465053878209,-0.8691264282531845,-0.6742646697970305,1.1000061787211182,-5.378043139623733,4.723801104653243,0,,,,,
pair,34.9,,,,,,,robot_2,robot_4,4.120053380130115,-0.40903382014092016,0.0609911230343777,0.41355602172870026,-9.455758582818433,1.2972817218593646,0,,,,,
pair,34.9,,,,,,,robot_3,robot_4,9.411672066955093,0.4600926081122643,0.7352557928314083,0.8673443888858038,-7.849040222119993,6.498703285943624,0,,,,,
robot,35.0,robot_1,1.4491242137568214,-2.420737663467693,0.03678032111852197,-0.012912997749819013,0.06541111865591294,,,,,,,,,,0.0,proceed,0.0033788741566240788,-0.0,0.0
robot,35.0,robot_2,2.211150247361257,1.9285223032057477,0.06789887144656623,-0.007316315430207488,-0.029374223917867634,,,,,,,,,,0.0,proceed,0.0,0.0,0.0
robot,35.0,robot_3,0.37562184161988854,-5.4776345508772835,0.05514684710178482,-0.008447265545800197,-0.04181156650183896,,,,,,,,,,0.0,proceed,0.0,-0.0,0.0
robot,35.0,robot_4,-1.4938047208404779,3.799198294545056,0.06951555726369503,-0.03242067534014706,-0.09775423861227629,,,,,,,,,,0.0,proceed,0.0023851615842431784,-0.0,0.0
pair,35.0,,,,,,,robot_1,robot_2,4.4155119673260055,0.36507969692288533,1.119161922746045,1.1772028688505352,-3.7131634391861628,0.6243579666420395,0,,,,,
pair,35.0,,,,,,,robot_1,robot_3,3.239911406695878,-0.5099268570911231,0.44905250930928015,0.6794656398227888,1.7876257305584404,3.0036143648680125,0,,,,,
pair,35.0,,,,,,,robot_1,robot_4,6.88101983981081,-0.05254931454283432,1.1826343839288285,1.1838012994204903,-5.359381083621229,2.663923056989101,0,,,,,
pair,35.0,,,,,,,robot_2,robot_3,7.630224366004221,-0.8750065540140084,-0.6701094134367649,1.1021266240972654,-5.408023569695505,4.7639089822016585,0,,,,,
pair,35.0,,,,,,,robot_2,robot_4,4.1504361193705925,-0.4176290114657196,0.06347246118278327,0.42242483893165433,-9.33651348154093,1.2927411087227734,0,,,,,
pair,35.0,,,,,,,robot_3,robot_4,9.463317775195923,0.4573775425482887,0.7335818746195482,0.8644863117469485,-7.961985049230867,6.494483921067811,0,,,,,
robot,35.1,robot_1,1.4304272724822762,-2.445389010339855,0.0446132660321868,-0.017822035484686055,0.06969613966804926,,,,,,,,,,0.0,proceed,0.003602525219321251,-0.0,0.0
robot,35.1,robot_2,2.2379525182182545,1.9739929665517357,0.08038264576626758,-0.007932361913871585,-0.032313389182808294,,,,,,,,,,0.0,proceed,0.0,0.0,0.0
robot,35.1,robot_3,0.3291094579510765,-5.487619248301303,0.07854683647101264,-0.014362762798536214,-0.05975055760444936,,,,,,,,,,0.0,proceed,0.001271963119506836,-0.0,0.0
robot,35.1,robot_4,-1.4993604779108431,3.857153743255853,0.08140793640718018,-0.0332107487177634,-0.12943645876549492,,,,,,,,,,0.0,proceed,0.00244221487082541,-0.0,0.0
pair,35.1,,,,,,,robot_1,robot_2,4.492553180561714,0.3605675734640037,1.115371532395435,1.1722041760341328,-3.7992593285121554,0.5910191918763825,0,,,,,
pair,35.1,,,,,,,robot_1,robot_3,3.2354390350261193,-0.5245406731037987,0.4539666270121633,0.6937064337174529,1.6694456334745933,3.021069040772019,0,,,,,
pair,35.1,,,,,,,robot_1,robot_4,6.950230314403641,-0.06975953124067401,1.1833932496820545,1.185447584497928,-5.452816938069766,2.553827481105756,0,,,,,
pair,35.1,,,,,,,robot_2,robot_3,7.701904873054083,-0.8851082465678024,-0.6614049053832716,1.1049312453756497,-5.426182203788013,4.834523743216127,0,,,,,
pair,35.1,,,,,,,robot_2,robot_4,4.184949574600906,-0.4303271047046777,0.06802171728661965,0.4356700254391292,-9.147978570200406,1.276554833299857,0,,,,,
pair,35.1,,,,,,,robot_3,robot_4,9.521979025921395,0.4547811418631247,0.7294266226698912,0.8595865778698103,-8.099690034990546,6.495635605849244,0,,,,,
robot,35.2,robot_1,1.4137009818606436,-2.4679897811764593,0.04315293069986813,-0.01838811346701416,0.058155172232886986,,,,,,,,,,0.0,proceed,0.0037031474057585,-0.0,0.0
robot,35.2,robot_2,2.2615381696368733,2.0130503003003866,0.07450842728711557,-0.0067160111264428154,-0.027852253112198733,,,,,,,,,,0.0,proceed,0.0,0.0,0.0
robot,35.2,robot_3,0.2855166247059034,-5.49588809350809,0.07112764856504813,-0.011140945814811886,-0.048374053646843156,,,,,,,,,,0.0,proceed,0.0013023406499996781,-0.0,0.0
robot,35.2,robot_4,-1.502777125714831,3.905396021738587,0.07354903982323538,-0.025055298023716453,-0.1063397533070844,,,,,,,,,,0.0,proceed,0.002485354198142886,-0.0,0.0
pair,35.2,,,,,,,robot_1,robot_2,4.5605425235138775,0.35460608690791445,1.1128609614764224,1.1679918648904926,-3.875827177540618,0.5526401338988981,0,,,,,
pair,35.2,,,,,,,robot_1,robot_3,3.2312486957133757,-0.5361897799477063,0.4537065328928458,0.7023881392150758,1.5584427456790118,3.0401890688644992,0,,,,,
pair,35.2,,,,,,,robot_1,robot_4,7.0089864563120745,-0.08833926514283907,1.1829566843988286,1.1862505396963352,-5.540884294590456,2.43375826382931,0,,,,,
pair,35.2,,,,,,,robot_2,robot_3,7.764587364956517,-0.8907958668556208,-0.6591544285835766,1.1081524430909306,-5.463983536842791,4.860728293244646,0,,,,,
pair,35.2,,,,,,,robot_2,robot_4,4.213198544130606,-0.4429453520507536,0.07009572292240618,0.44845735056455566,-8.950303546146495,1.2807089439510821,0,,,,,
pair,35.2,,,,,,,robot_3,robot_4,9.56985567045728,0.44785051480486726,0.7292501515059828,0.8557896161338273,-8.267612111206054,6.443737240215847,0,,,,,
robot,35.300000000000004,robot_1,1.396766249671099,-2.491547614723847,0.04555817025441677,-0.020625624213205664,0.05217171206886808,,,,,,,,,,0.0,proceed,0.003758107777684927,-0.0,0.0
robot,35.300000000000004,robot_2,2.2853752387684323,2.0515013448200796,0.07655924221695906,-0.006604401764242613,-0.027471285228912207,,,,,,,,,,0.0,proceed,0.0,0.0,0.0
robot,35.300000000000004,robot_3,0.2435479361999704,-5.503714545133845,0.0708959104433155,-0.009009462712530506,-0.04049042637971954,,,,,,,,,,0.0,proceed,0.0012928374344483018,-0.0,0.0
robot,35.300000000000004,robot_4,-1.5060714828340684,3.9507589399366627,0.07282386929102254,-0.01803185233829524,-0.09200075074612521,,,,,,,,,,0.0,proceed,0.0025299363769590855,-0.0,0.0
pair,35.300000000000004,,,,,,,robot_1,robot_2,4.629138125430882,0.368428899432892,1.097100525125791,1.1573112874972828,-3.9657248903452875,0.6038972808912245,0,,,,,
pair,35.300000000000004,,,,,,,robot_1,robot_3,3.2253778220823657,-0.5483138920249366,0.4538560104203738,0.7117818502759341,1.4502881975159045,3.0557228104291405,0,,,,,
pair,35.300000000000004,,,,,,,robot_1,robot_4,7.066100809178815,-0.10686260401333922,1.1823095815572706,1.1871291264132307,-5.624879743460883,2.3111312405021267,0,,,,,
pair,35.300000000000004,,,,,,,robot_2,robot_3,7.82626001850988,-0.9167427914578287,-0.6432445147054173,1.1199021615250593,-5.367393093433747,5.01186236217867,0,,,,,
pair,35.300000000000004,,,,,,,robot_2,robot_4,4.240548037147838,-0.47529150344623117,0.08520905643147947,0.4828691298334589,-8.422776162378463,1.2003985435071702,0,,,,,
pair,35.300000000000004,,,,,,,robot_3,robot_4,9.615000623575762,0.4414512880115975,0.7284535711368968,0.8517768751200026,-8.428080303063075,6.396283076614532,0,,,,,
robot,35.4,robot_1,1.3770703313363646,-2.519602519242787,0.044950547760513944,-0.021501198607946623,0.04538195454061693,,,,,,,,,,0.0,proceed,0.003826690372079611,-0.0,0.0
robot,35.4,robot_2,2.3129575209955755,2.0948109541798403,0.07318822516014942,-0.0058967138202911315,-0.02489562618625986,,,,,,,,,,0.0,proceed,0.0,0.0,0.0
robot,35.4,robot_3,0.19784528273273233,-5.512517278967295,0.06480980393498686,-0.006087932517588407,-0.02905413984163059,,,,,,,,,,0.0,proceed,0.001272298046387732,-0.0,0.0
robot,35.4,robot_4,-1.5110270535405819,3.998976115510303,0.06639265790673768,-0.011070814232875549,-0.06004765034834924,,,,,,,,,,0.0,proceed,0.0025121932849287987,-0.0,0.0
pair,35.4,,,,,,,robot_1,robot_2,4.708364528737393,0.3603182947937491,1.0935662882570092,1.1513976291339527,-4.06073567718837,0.5551539258204174,0,,,,,
pair,35.4,,,,,,,robot_1,robot_3,3.2168479097139566,-0.5724240422116283,0.5022927139553707,0.7615558118710354,1.4281884050148155,3.0273979645946776,0,,,,,
pair,35.4,,,,,,,robot_1,robot_4,7.1297246736457165,-0.07865465437651076,1.1915761997809955,1.1941693324397538,-5.606114307699462,2.4524759406968304,0,,,,,
pair,35.4,,,,,,,robot_2,robot_3,7.895894035971277,-0.9327423370053776,-0.5912735743016384,1.1043607684582464,-5.305673555862515,5.292715304932376,0,,,,,
pair,35.4,,,,,,,robot_2,robot_4,4.27185006617919,-0.43897294917025986,0.09800991152398636,0.4497812722426037,-9.220086044534016,1.0251396294428565,0,,,,,
pair,35.4,,,,,,,robot_3,robot_4,9.663785555095437,0.4937693878351176,0.6892834858256248,0.8478914625086109,-7.945706078202796,6.928223730648496,0,,,,,
robot,35.5,robot_1,1.3598974654258718,-2.5450968333934956,0.0475210276781978,-0.022862290701545815,0.04287073901431828,,,,,,,,,,0.0,proceed,0.0038706825580447912,-0.0,0.0
robot,35.5,robot_2,2.340473943172203,2.1343375576748915,0.08932959738319252,-0.010285335971621672,-0.03662540261996371,,,,,,,,,,0.0,proceed,0.0,0.0,0.0
robot,35.5,robot_3,0.16057617531267446,-5.52018608080091,0.06313438724646053,-0.004203048060457411,-0.021213803066275346,,,,,,,,,,0.0,proceed,0.001271634129807353,-0.0,0.0
robot,35.5,robot_4,-1.5165886973162885,4.037599458227824,0.06418712761644692,-0.006296550111570095,-0.03720781831244256,,,,,,,,,,0.0,proceed,0.002436303533613682,-0.0,0.0
pair,35.5,,,,,,,robot_1,robot_2,4.781070638363647,0.3535636018519706,1.0898618659461223,1.1457775121715832,-4.1488481944835245,0.5112552497966171,0,,,,,
pair,35.5,,,,,,,robot_1,robot_3,3.2077293506401063,-0.5857117445528042,0.5077635351916557,0.7751658244384986,1.344998176314527,3.0335655381880793,0,,,,,
pair,35.5,,,,,,,robot_1,robot_4,7.183736013535867,-0.08744867657334038,1.192450832091787,1.1956530675705324,-5.6667350663052405,2.38733150668515,0,,,,,
pair,35.5,,,,,,,robot_2,robot_3,7.958874694974395,-0.9392753464047747,-0.5820983307544666,1.105023367640226,-5.325799736508278,5.35806813103899,0,,,,,
pair,35.5,,,,,,,robot_2,robot_4,4.301085685585491,-0.441012278425311,0.1025889661456646,0.45278728526397505,-9.249339765254941,0.9798636423668461,0,,,,,
pair,35.5,,,,,,,robot_3,robot_4,9.70382122774566,0.49826306797946374,0.6846872969001312,0.846795594844893,-7.960844146050836,6.979990289090996,0,,,,,
robot,35.6,robot_1,1.3432154888154477,-2.5713660523474138,0.054267432203999925,-0.02578503223573386,0.04444802495851453,,,,,,,,,,0.0,proceed,0.0038986627478152514,-0.0,0.0
robot,35.6,robot_2,2.371394264123767,2.1763971699801776,0.09905849735313646,-0.010874415991846784,-0.038892817329620195,,,,,,,,,,0.0,proceed,0.0,0.0,0.0
robot,35.6,robot_3,0.12126170517567005,-5.526665110383642,0.08592705834021919,-0.010705043461948694,-0.038982230400658256,,,,,,,,,,0.0,proceed,0.0012543054763227701,-0.0,0.0
robot,35.6,robot_4,-1.5217310196877534,4.077745351560743,0.08686566346379801,-0.011108158035215546,-0.042552579176250674,,,,,,,,,,0.0,proceed,0.0015175684820860624,-0.0,0.0
pair,35.6,,,,,,,robot_1,robot_2,4.8578191824398935,0.34640170442706814,1.0863921540710684,1.1402815675337183,-4.2408223765208914,0.4627172208827863,0,,,,,
pair,35.6,,,,,,,robot_1,robot_3,3.197962409375912,-0.5986338546659736,0.5135860485257776,0.7887541576388453,1.2638733334074508,3.03861533890137,0,,,,,
pair,35.6,,,,,,,robot_1,robot_4,7.240069126615173,-0.0946048882618914,1.1932343385835915,1.1969788100288434,-5.726706419938479,2.330462400312976,0,,,,,
pair,35.6,,,,,,,robot_2,robot_3,8.0249775718068,-0.9450355590930417,-0.5728061055452907,1.1050787494564631,-5.354423119329954,5.421132298261106,0,,,,,
pair,35.6,,,,,,,robot_2,robot_4,4.33261461280048,-0.44100659268895953,0.10684218451252325,0.4537643300068152,-9.32500647419197,0.9312258483704262,0,,,,,
pair,35.6,,,,,,,robot_3,robot_4,9.743927617519587,0.5040289664040822,0.6796482900578139,0.8461483304674646,-7.960569754215289,7.040796583258533,0,,,,,
robot,35.7,robot_1,1.3255395626372228,-2.6005976596645946,0.05210349320345713,-0.025232386163998685,0.040502185447810674,,,,,,,,,,0.0,proceed,0.003945188131183386,-0.0,0.0
robot,35.7,robot_2,2.4055417126349203,2.2214015297823457,0.09503050523912235,-0.00980542726455922,-0.03479008750180092,,,,,,,,,,0.0,proceed,0.0,0.0,0.0
robot,35.7,robot_3,0.06764430501041226,-5.53355325097866,0.09311780959395508,-0.010875574910213388,-0.03937653702242833,,,,,,,,,,0.0,proceed,0.001238133292645216,-0.0,0.0
robot,35.7,robot_4,-1.528148855715945,4.13181204426988,0.09335659392838225,-0.009196387663626612,-0.03321916480588627,,,,,,,,,,0.0,proceed,0.0011207273928448558,-0.0,0.0
pair,35.7,,,,,,,robot_1,robot_2,4.941465453387951,0.3377114150369763,1.083195595844363,1.1346196273213776,-4.340580697035552,0.404180031926625,0,,,,,
pair,35.7,,,,,,,robot_1,robot_3,3.191320883236353,-0.6121032291277595,0.5184504336182263,0.8021603425921512,1.1665510387233755,3.051045782425263,0,,,,,
pair,35.7,,,,,,,robot_1,robot_4,7.31224165428592,-0.10262143478176416,1.1936914319159175,1.1980944843818209,-5.802628547735312,2.266544004991865,0,,,,,
pair,35.7,,,,,,,robot_2,robot_3,8.099696780758238,-0.9498146441647358,-0.5647451622261367,1.1050271293174703,-5.405145935793476,5.470864202763232,0,,,,,
pair,35.7,,,,,,,robot_2,robot_4,4.373052689071684,-0.4403328498187405,0.11049583607155467,0.45398496496981633,-9.428449506834585,0.89553643697935,0,,,,,
pair,35.7,,,,,,,robot_3,robot_4,9.796215703138428,0.5094817943459953,0.6752409982976914,0.8458853968192606,-7.984971130305188,7.095373254020892,0,,,,,
robot,35.800000000000004,robot_1,1.3095141842063736,-2.6284382403766067,0.05324137164731656,-0.025602842767854992,0.039440697537587895,,,,,,,,,,0.0,proceed,0.0039799888618290424,-0.0,0.0
robot,35.800000000000004,robot_2,2.437804422565768,2.2630341433443193,0.09608555163819546,-0.00890996980119798,-0.03142730056987792,,,,,,,,,,0.0,proceed,0.0,0.0,0.0
robot,35.800000000000004,robot_3,0.015966459489331612,-5.539200557506412,0.09499816265025267,-0.01060076305479533,-0.03781394672504194,,,,,,,,,,0.0,proceed,0.0011898005614057183,-0.0,0.0
robot,35.800000000000004,robot_4,-1.5336367595130633,4.183146936139877,0.09401545809126265,-0.00949202608631474,-0.029402844375605697,,,,,,,,,,0.0,proceed,0.0011230871314182878,-0.0,0.0
pair,35.800000000000004,,,,,,,robot_1,robot_2,5.019914435792862,0.32990989836546797,1.079999271815025,1.1292647909859308,-4.434479240030624,0.34995558552895706,0,,,,,
pair,35.800000000000004,,,,,,,robot_1,robot_3,3.1852477113944384,-0.6241412807783168,0.5219666736804028,0.8136347748250328,1.0754723978068002,3.062695696982638,0,,,,,
pair,35.800000000000004,,,,,,,robot_1,robot_4,7.381138117235839,-0.1103396556752475,1.1937725087925122,1.1988609770792027,-5.875868329784621,2.204165055416368,0,,,,,
pair,35.800000000000004,,,,,,,robot_2,robot_3,8.169465432117178,-0.9540511791437847,-0.5580325981346224,1.1052664986357466,-5.455453593094499,5.512034150158717,0,,,,,
pair,35.800000000000004,,,,,,,robot_2,robot_4,4.411255852902761,-0.4402495540407155,0.11377323697748698,0.45471311756467314,-9.5126930880203,0.8653479892832572,0,,,,,
pair,35.800000000000004,,,,,,,robot_3,robot_4,9.845065308242138,0.5138016251030693,0.6718058351121093,0.8457630815123308,-8.017921616673679,7.1372120143772495,0,,,,,
robot,35.9,robot_1,1.2928444667024035,-2.659753748891811,0.050617764289746056,-0.023327855628975214,0.03564761175019184,,,,,,,,,,0.0,proceed,0.004018380772322416,-0.0,0.0
robot,35.9,robot_2,2.473185362723141,2.308090929678409,0.08897360627501869,-0.0071269138613693495,-0.0252285127215007,,,,,,,,,,0.0,proceed,0.0,0.0,0.0
robot,35.9,robot_3,-0.040752672000181664,-5.544796387546014,0.08864473068090649,-0.008560882477572,-0.030416885957474576,,,,,,,,,,0.0,proceed,0.0011635865084826946,-0.0,0.0
robot,35.9,robot_4,-1.5380428596145335,4.238484640341686,0.0851888936541301,-0.010079935141095623,-0.022980404256038717,,,,,,,,,,0.0,proceed,0.001117144012823701,-0.0,0.0
pair,35.9,,,,,,,robot_1,robot_2,5.106141927249721,0.32133551473100075,1.076682129353142,1.1236106624164142,-4.5370858288502385,0.28968484234728004,0,,,,,
pair,35.9,,,,,,,robot_1,robot_3,3.1783568640428856,-0.6366330580289701,0.5247985527726762,0.8250546476250002,0.9769933220831987,3.074442854500721,0,,,,,
pair,35.9,,,,,,,robot_1,robot_4,7.456514998911798,-0.11979544918311433,1.1934130155471279,1.1994105115940386,-5.958335078523792,2.12774541301285,0,,,,,
pair,35.9,,,,,,,robot_2,robot_3,8.245466855154579,-0.9579685727599708,-0.5518835765804655,1.1055673966317123,-5.516049681956588,5.549565010793656,0,,,,,
pair,35.9,,,,,,,robot_2,robot_4,4.451558348471532,-0.4411309639141151,0.11673088619398608,0.45631417588699746,-9.580195814369894,0.8400401158997948,0,,,,,
pair,35.9,,,,,,,robot_3,robot_4,9.897194833716958,0.5168376088458557,0.6686144627744517,0.8450836726316929,-8.07569103963396,7.1679025920191,0,,,,,
robot,36.0,robot_1,1.278244681709696,-2.6897570341816293,0.050472167396737364,-0.022559715945120754,0.034145352682050815,,,,,,,,,,0.0,proceed,0.0013217002851888537,-0.0,0.0
robot,36.0,robot_2,2.5060541256722906,2.349646529997525,0.08718270608743932,-0.006102839792166415,-0.02160901444750444,,,,,,,,,,0.0,proceed,0.0,0.0,0.0
robot,36.0,robot_3,-0.0933998237068294,-5.549822800557577,0.08695470712349146,-0.00717043006203358,-0.025458138841766904,,,,,,,,,,0.0,proceed,0.0010886024683713913,-0.0,0.0
robot,36.0,robot_4,-1.540410780575752,4.288639139924351,0.08139367756323206,-0.011054727937703658,-0.019307567309253964,,,,,,,,,,0.0,proceed,0.0010722095612436533,-0.0,0.0
pair,36.0,,,,,,,robot_1,robot_2,5.186820250726383,0.31418441252960616,1.0733380924739173,1.118376728044768,-4.63295296972861,0.23735061285747078,0,,,,,
pair,36.0,,,,,,,robot_1,robot_3,3.1719686059661725,-0.6472738631595544,0.5254100900828137,0.8336781253519394,0.8846917600061058,3.0850295844805826,0,,,,,
pair,36.0,,,,,,,robot_1,robot_4,7.526143220657482,-0.1288060551444921,1.1927913523288813,1.1997258895399596,-6.035278087419668,2.0531424716784,0,,,,,
pair,36.0,,,,,,,robot_2,robot_3,8.316175595748527,-0.9614582756891605,-0.5479280023911035,1.1066287144726903,-5.5752538033324655,5.576121847302953,0,,,,,
pair,36.0,,,,,,,robot_2,robot_4,4.487044748924154,-0.4429904676740982,0.11945325985496397,0.45881329071866894,-9.61554259604168,0.8186158220476819,0,,,,,
pair,36.0,,,,,,,robot_3,robot_4,9.944303598724757,0.5184678080150623,0.6673812622460675,0.8451074589335358,-8.142988891176271,7.178535381827069,0,,,,,
robot,36.1,robot_1,1.2638146887998039,-2.723356077099687,0.04658382175100984,-0.018860491160572153,0.029620745922598966,,,,,,,,,,0.0,proceed,0.0013434892753139138,-0.0,0.0
robot,36.1,robot_2,2.5415031455839627,2.39414146832881,0.07726041183481744,-0.004663346020812989,-0.01652690636839462,,,,,,,,,,0.0,proceed,0.0,0.0,0.0
robot,36.1,robot_3,-0.14996349176664273,-5.555138244006529,0.07712781849676825,-0.005250202361144117,-0.018640922683483118,,,,,,,,,,0.0,proceed,0.0010500401258468628,-0.0,0.0
robot,36.1,robot_4,-1.5411545771850894,4.341201713673901,0.06974826051936497,-0.011262961093781564,-0.014051599247389157,,,,,,,,,,0.0,proceed,0.0009226911352016032,-0.0,0.0
pair,36.1,,,,,,,robot_1,robot_2,5.274587085267071,0.3068403549955658,1.0699014220310272,1.1130319206194488,-4.736095067983826,0.18261297177272046,0,,,,,
pair,36.1,,,,,,,robot_1,robot_3,3.165084356641602,-0.6578604219410933,0.5252040294080162,0.8417954664067333,0.7863100150712301,3.095097933243502,0,,,,,
pair,36.1,,,,,,,robot_1,robot_4,7.60104133407388,-0.1393494750989724,1.1917851248588438,1.1999041878605012,-6.1192450990104374,1.9655554591751812,0,,,,,
pair,36.1,,,,,,,robot_2,robot_3,8.392558644711253,-0.9647007769366591,-0.5446973926230109,1.1078550620692673,-5.643420624721398,5.598784233828066,0,,,,,
pair,36.1,,,,,,,robot_2,robot_4,4.523177829832591,-0.44618983009453816,0.12188370282781669,0.46253756765781995,-9.623939560916282,0.8024192311644922,0,,,,,
pair,36.1,,,,,,,robot_3,robot_4,9.993645840939635,0.5185109468421208,0.6665810954508276,0.8445021958571439,-8.23821855560176,7.174288366744446,0,,,,,
robot,36.2,robot_1,1.255444594788242,-2.7548485195784167,0.05226180850888287,-0.021189385580783586,0.03323780074833212,,,,,,,,,,0.0,proceed,0.0013480453053489327,-0.0,0.0
robot,36.2,robot_2,2.571143478904298,2.4311236209099953,0.08669628329497125,-0.005208916972912342,-0.01854504351876484,,,,,,,,,,0.0,proceed,0.0,0.0,0.0
robot,36.2,robot_3,-0.1970899656398352,-5.559667756976803,0.08654788505801113,-0.005864427040460061,-0.020917207047860726,,,,,,,,,,0.0,proceed,0.0009778403909876943,-0.0,0.0
robot,36.2,robot_4,-1.5408585191973836,4.384133050082393,0.07826832838742358,-0.012619975957545144,-0.015767470996560243,,,,,,,,,,0.0,proceed,0.0007874795119278133,-0.0,0.0
pair,36.2,,,,,,,robot_1,robot_2,5.350268273235109,0.30435365347673193,1.06676767821957,1.1093351277583374,-4.820857686620929,0.15759396738378226,0,,,,,
pair,36.2,,,,,,,robot_1,robot_3,3.1586179895197923,-0.6636769030969113,0.5256633139285749,0.8466338944990796,0.7120323711173572,3.1005584502457744,0,,,,,
pair,36.2,,,,,,,robot_1,robot_4,7.667096514146826,-0.14481558520376253,1.1911941305961657,1.199964587179415,-6.187074342029701,1.9143098784086843,0,,,,,
pair,36.2,,,,,,,robot_2,robot_3,8.456705224163999,-0.9680305565736431,-0.5411043642909952,1.1089982378322516,-5.69454191730149,5.624379565266706,0,,,,,
pair,36.2,,,,,,,robot_2,robot_4,4.552230910534802,-0.4491692386804944,0.12442645237659555,0.46608469941400155,-9.620877627033549,0.784385194595696,0,,,,,
pair,36.2,,,,,,,robot_3,robot_4,10.034185986715677,0.5188613178931487,0.6655308166675907,0.8438888168118152,-8.313824602419947,7.173661806954655,0,,,,,
robot,36.300000000000004,robot_1,1.255342567164123,-2.8058298374596378,0.08184554280013788,0.0066991274297347045,0.031203975674089612,,,,,,,,,,0.0,proceed,0.001367361517623067,-0.0,0.0
robot,36.300000000000004,robot_2,2.609821255262599,2.478945007371769,0.08673532846296769,-0.004090559652835175,-0.014698606574292464,,,,,,,,,,0.0,proceed,0.0,0.0,0.0
robot,36.300000000000004,robot_3,-0.25824111891874735,-5.565669860696023,0.08667959894725745,-0.003514907494940118,-0.012635813500105716,,,,,,,,,,0.0,proceed,0.0,-0.0,0.0
robot,36.300000000000004,robot_4,-1.5395204688617772,4.438964564516901,0.07535551360095828,-0.013665353631095726,-0.009386971177662717,,,,,,,,,,0.0,proceed,0.0006857233820483088,-0.0,0.0
pair,36.300000000000004,,,,,,,robot_1,robot_2,5.455589581069656,0.30893659986516053,1.0640707934837568,1.1080110451982859,-4.92129943364303,0.17274120149146274,0,,,,,
pair,36.300000000000004,,,,,,,robot_1,robot_3,3.1476423762291703,-0.6627728752378422,0.527029714173915,0.8467751790016491,0.6294807996373967,3.1021819604448893,0,,,,,
pair,36.300000000000004,,,,,,,robot_1,robot_4,7.765198343703431,-0.14482804258722912,1.1911742394549663,1.1999463449091237,-6.274579845895667,1.9000178373029162,0,,,,,
pair,36.300000000000004,,,,,,,robot_2,robot_3,8.540586054699766,-0.9717094751030029,-0.5370410793098418,1.1102398051192512,-5.765881127376647,5.653518410127152,0,,,,,
pair,36.300000000000004,,,,,,,robot_2,robot_4,4.588977381503514,-0.4537646424523897,0.12710344597120932,0.47122991916653717,-9.600884866006695,0.768185395654798,0,,,,,
pair,36.300000000000004,,,,,,,robot_3,robot_4,10.086346551390447,0.5179448326506131,0.6641445252810512,0.8422320346141343,-8.431452301951369,7.162875693135687,0,,,,,
robot,36.4,robot_1,1.263758136860699,-2.8640180792257985,0.08536403136364601,0.007935068269059237,0.028962345296863853,,,,,,,,,,0.0,proceed,0.0014312599087134004,-0.0,0.0
robot,36.4,robot_2,2.6484502790947024,2.5261390499253484,0.08807627731458385,-0.003925637243177196,-0.01403033796136465,,,,,,,,,,0.0,proceed,0.0,-0.0,0.0
robot,36.4,robot_3,-0.31887008578288967,-5.5717814404048145,0.08804599939233396,-0.0028557772938050605,-0.010206119588753646,,,,,,,,,,0.0,proceed,0.0,-0.0,0.0
robot,36.4,robot_4,-1.537293874529424,4.492355167244224,0.07567358690379487,-0.014101997501351098,-0.007242347645720995,,,,,,,,,,0.0,proceed,0.0006891053053550422,-0.0,0.0
pair,36.4,,,,,,,robot_1,robot_2,5.565174409279868,0.31828735749784176,1.062014509135651,1.1086846528917034,-5.015658208566271,0.22103284532519854,0,,,,,
pair,36.4,,,,,,,robot_1,robot_3,3.136350508353855,-0.6569162887148343,0.5290458455514404,0.8434622203004175,0.5522363654321377,3.1015695560780534,0,,,,,
pair,36.4,,,,,,,robot_1,robot_4,7.871602105790952,-0.14033904819685974,1.1916150503214493,1.1998506059511704,-6.362043743784202,1.9213969659894585,0,,,,,
pair,36.4,,,,,,,robot_2,robot_3,8.624459775286008,-0.9752036462126761,-0.5329686635842105,1.1113405184502352,-5.837429678271994,5.682896209365647,0,,,,,
pair,36.4,,,,,,,robot_2,robot_4,4.624549701279365,-0.4586264056947015,0.1296005411857984,0.4765862778931982,-9.57369161469356,0.7538696345144948,0,,,,,
pair,36.4,,,,,,,robot_3,robot_4,10.1376231033909,0.5165772405179746,0.6625692047700089,0.8401487942803509,-8.555326230694023,7.148964610373176,0,,,,,
robot,36.5,robot_1,1.271323593032453,-2.9144768006281967,0.08798422314068459,0.0060475892591422015,0.02169459340387003,,,,,,,,,,0.0,proceed,0.0014859738294035196,-0.0,0.0
robot,36.5,robot_2,2.6814962632178627,2.5660529990133782,0.08889401911700533,-0.0036582799691104173,-0.013085414458131198,,,,,,,,,,0.0,proceed,0.0,-0.0,0.0
robot,36.5,robot_3,-0.37037548323752834,-5.577083176964725,0.08887134371543963,-0.0021575319367576097,-0.00771457333408204,,,,,,,,,,0.0,proceed,0.0,-0.0,0.0
robot,36.5,robot_4,-1.53571900442403,4.53768023536677,0.07689459179760326,-0.012783594392382684,-0.004311109123145412,,,,,,,,,,0.0,proceed,0.0006704555125907063,-0.0,0.0
pair,36.5,,,,,,,robot_1,robot_2,5.659045312108498,0.32631110610245306,1.0603619671132147,1.1094351893040046,-5.095274408653324,0.2641562817249863,0,,,,,
pair,36.5,,,,,,,robot_1,robot_3,3.128042290688162,-0.6516851029953113,0.5308048530182697,0.8405041733708147,0.48617012397932574,3.1012371265509175,0,,,,,
pair,36.5,,,,,,,robot_1,robot_4,7.963299104834913,-0.13600996932857878,1.1919971103871898,1.1997315628623644,-6.436723486339748,1.9441174069303293,0,,,,,
pair,36.5,,,,,,,robot_2,robot_3,8.696239873493369,-0.9779962090977645,-0.5295571140949451,1.112163352254589,-5.899370600653576,5.707629102113711,0,,,,,
pair,36.5,,,,,,,robot_2,robot_4,4.655343013437613,-0.46232107543103185,0.13163514327397502,0.48069594104014,-9.560983400125798,0.7414064855958862,0,,,,,
pair,36.5,,,,,,,robot_3,robot_4,10.18167296714107,0.5156751336667326,0.6611922573689201,0.8385082257717039,-8.657230577947374,7.139402934938968,0,,,,,
robot,36.6,robot_1,1.2792757060650437,-2.973531770715539,0.08662657846541404,0.003302794550130418,0.01182695141219253,,,,,,,,,,0.0,proceed,0.0015192012069746852,-0.0,0.0
robot,36.6,robot_2,2.7200013275145856,2.6120746790620717,0.08712149224587495,-0.0033485612473796583,-0.011975803187492636,,,,,,,,,,0.0,proceed,0.0,-0.0,0.0
robot,36.6,robot_3,-0.4300145340940943,-5.583321123479628,0.08711524674472691,-0.0016490883437696464,-0.005893732447312865,,,,,,,,,,0.0,proceed,0.0,-0.0,0.0
robot,36.6,robot_4,-1.5343686826753204,4.59014449923765,0.07524286188506608,-0.011961171151512694,-0.0017252485996288346,,,,,,,,,,0.0,proceed,0.0006703527760691941,-0.0,0.0
pair,36.6,,,,,,,robot_1,robot_2,5.7684217709958086,0.33463975031026727,1.058508735607774,1.1101461641809545,-5.188583359591905,0.3099999827685963,0,,,,,
pair,36.6,,,,,,,robot_1,robot_3,3.1197233196077,-0.6463362136857097,0.5327489430827459,0.8375989120559806,0.40706636366636656,3.101035472065724,0,,,,,
pair,36.6,,,,,,,robot_1,robot_4,8.07005535686981,-0.1315270421778676,1.1923422466285045,1.1995746729233525,-6.524458312122664,1.9673632306317421,0,,,,,
pair,36.6,,,,,,,robot_2,robot_3,8.779926667615419,-0.980975963995977,-0.5257597925250281,1.1129857148111997,-5.97293714521805,5.735324835646999,0,,,,,
pair,36.6,,,,,,,robot_2,robot_4,4.691740018062883,-0.46616679248813486,0.1338335110207305,0.4849978217382134,-9.556799844558979,0.7272881896245078,0,,,,,
pair,36.6,,,,,,,robot_3,robot_4,10.233230226184633,0.5148091715078421,0.6595933035457586,0.8367148911971138,-8.77287532011428,7.13004880456504,0,,,,,
robot,36.7,robot_1,1.2852287139893188,-3.025268105192354,0.09047819913957787,0.0013380613909691457,0.004787078972114856,,,,,,,,,,0.0,proceed,0.0015759068774059415,-0.0,0.0
robot,36.7,robot_2,2.75377756523403,2.6520126262021733,0.09074383077952367,-0.0032998023444272065,-0.011801614779486071,,,,,,,,,,0.0,proceed,0.0,-0.0,0.0
robot,36.7,robot_3,-0.48200815251473755,-5.588764729896219,0.09074766866485569,-0.001453727856252902,-0.005194673475663961,,,,,,,,,,0.0,proceed,0.0,-0.0,0.0
robot,36.7,robot_4,-1.5339018944541933,4.6362076764782465,0.07951915180825812,-0.010935273543251097,-0.0002328100891420645,,,,,,,,,,0.0,proceed,0.0006512543186545372,-0.0,0.0
pair,36.7,,,,,,,robot_1,robot_2,5.864141218589107,0.3413591377237228,1.0568077153739244,1.110571298108022,-5.271008687689642,0.3475849766179266,0,,,,,
pair,36.7,,,,,,,robot_1,robot_3,3.1136218600207677,-0.6421974675030431,0.5344464055707461,0.8354941936930577,0.3368474065313732,3.100876644014612,0,,,,,
pair,36.7,,,,,,,robot_1,robot_4,8.163682290522349,-0.12735135786132198,1.19266926237868,1.1994491809876846,-6.600938188127307,1.9897392212472595,0,,,,,
pair,36.7,,,,,,,robot_2,robot_3,8.853288690874761,-0.9835566052267659,-0.5223613098031783,1.1136628455975768,-6.036905667653861,5.76029070233178,0,,,,,
pair,36.7,,,,,,,robot_2,robot_4,4.72453438410309,-0.4687104955850448,0.13586154700475567,0.48800398423179264,-9.57075952551669,0.7120480408485492,0,,,,,
pair,36.7,,,,,,,robot_3,robot_4,10.278936771643778,0.5148461096417211,0.658222856807934,0.8356577324704254,-8.862288154987644,7.1281190097818286,0,,,,,
robot,36.800000000000004,robot_1,1.2900022945942822,-3.0740625939860124,0.07816281780409662,-0.0004195727539160589,-0.0015009825258623568,,,,,,,,,,0.0,proceed,0.0016180136008188128,-0.0,0.0
robot,36.800000000000004,robot_2,2.785698649155241,2.6894140668498245,0.07829508274158106,-0.0026727579455291806,-0.0095577172770181,,,,,,,,,,0.0,proceed,0.0,-0.0,0.0
robot,36.800000000000004,robot_3,-0.5308968782861001,-5.593845680878385,0.07830715146376167,-0.0011018366535043896,-0.003936212974177186,,,,,,,,,,0.0,proceed,0.0,-0.0,0.0
robot,36.800000000000004,robot_4,-1.5335137234024976,4.679420472189771,0.06783639548642324,-0.009986957555347403,0.0007737393632059859,,,,,,,,,,0.0,proceed,0.0006511610699817538,-0.0,0.0
pair,36.800000000000004,,,,,,,robot_1,robot_2,5.954390884468902,0.34614141339613774,1.0555237533061121,1.1108304424444346,-5.349681600579456,0.3747060861682649,0,,,,,
pair,36.800000000000004,,,,,,,robot_1,robot_3,3.108855191671898,-0.6393006464789025,0.5356907287809988,0.8340682666846043,0.26696918591614505,3.1008705938118486,0,,,,,
pair,36.800000000000004,,,,,,,robot_1,robot_4,8.251590292868341,-0.1252323666618495,1.192768170440504,1.199324415692316,-6.675363755762723,1.9984692793585273,0,,,,,
pair,36.800000000000004,,,,,,,robot_2,robot_3,8.922566779855352,-0.9854420598750402,-0.5198330245251135,1.1141465014789076,-6.1017383821112094,5.778949766102091,0,,,,,
pair,36.800000000000004,,,,,,,robot_2,robot_4,4.755598912077202,-0.47137378005798725,0.13724441713439162,0.4909473195371522,-9.580084305730427,0.7032303535109365,0,,,,,
pair,36.800000000000004,,,,,,,robot_3,robot_4,10.322075275344924,0.514068279817053,0.6570774416595051,0.8342763095353147,-8.957997113491638,7.119891938766446,0,,,,,
robot,36.9,robot_1,1.2949297778928122,-3.1347208101963813,0.08273266173339303,-0.0014057597830147706,-0.005024286598549714,,,,,,,,,,0.0,proceed,0.001651925384066999,-0.0,0.0
robot,36.9,robot_2,2.825503049344629,2.735599673460475,0.08282349906014125,-0.0026928325652727375,-0.009620017209905851,,,,,,,,,,0.0,proceed,0.0,-0.0,0.0
robot,36.9,robot_3,-0.5915349273939817,-5.600059313257681,0.08284272405630419,-0.0010918980927456367,-0.003896619072453792,,,,,,,,,,0.0,proceed,0.0,-0.0,0.0
robot,36.9,robot_4,-1.5330657925651958,4.732947725082481,0.07220711962745786,-0.010133831128074526,0.0009956076697436697,,,,,,,,,,0.0,proceed,0.0006579488981515169,-0.0,0.0
pair,36.9,,,,,,,robot_1,robot_2,6.066573754610092,0.3522663824213323,1.0536082949266892,1.1109374614813101,-5.44829500737336,0.40982672870699,0,,,,,
pair,36.9,,,,,,,robot_1,robot_3,3.104294286785536,-0.6358572723412216,0.5374311004576015,0.8325542976456772,0.18095345521162082,3.10063646994671,0,,,,,
pair,36.9,,,,,,,robot_1,robot_4,8.360488450296858,-0.12171367225350344,1.1930022896502428,1.1991950138005725,-6.766263969525858,2.0148535754142425,0,,,,,
pair,36.9,,,,,,,robot_2,robot_3,9.008848942974295,-0.9881236547625538,-0.5161771944690877,1.1148216239341993,-6.178761452272974,5.806188727969148,0,,,,,
pair,36.9,,,,,,,robot_2,robot_4,4.7944260958935825,-0.4739800546748357,0.13939399472355363,0.4940524040975313,-9.604303177415515,0.6864551487823565,0,,,,,
pair,36.9,,,,,,,robot_3,robot_4,10.375813935516453,0.5141436000877182,0.6555711891926413,0.8331369788999966,-9.061782954477922,7.117545010659754,0,,,,,
robot,37.0,robot_1,1.2982476840780766,-3.1825019993661896,0.05192947473710039,-0.0011918335867050094,-0.004268356132029577,,,,,,,,,,0.0,proceed,0.001817047013901174,-0.0,0.0
robot,37.0,robot_2,2.8569632279323405,2.771790673461902,0.05196982716236404,-0.0015835625162817848,-0.005668565267296631,,,,,,,,,,0.0,proceed,0.0,-0.0,0.0
robot,37.0,robot_3,-0.6392392444852243,-5.604868252427611,0.05198391410929374,-0.000643518855122596,-0.002301120070900174,,,,,,,,,,0.0,proceed,0.0,-0.0,0.0
robot,37.0,robot_4,-1.5330396530878325,4.775270539556403,0.04558486741830799,-0.006065223410451625,0.0008617235565843157,,,,,,,,,,0.0,proceed,0.0006613884470425546,-0.0,0.0
pair,37.0,,,,,,,robot_1,robot_2,6.154932605670609,0.35498847815382717,1.0527370950262025,1.110978042477068,-5.526844702538638,0.42555982451846003,0,,,,,
pair,37.0,,,,,,,robot_1,robot_3,3.1018887572452503,-0.6343329893509074,0.5382141823603829,0.8318971375553074,0.10799752839383776,3.1005873842501948,0,,,,,
pair,37.0,,,,,,,robot_1,robot_4,8.446438999177497,-0.12159369731304227,1.1928969564552947,1.199078052483057,-6.841807090846117,2.0097266036865316,0,,,,,
pair,37.0,,,,,,,robot_2,robot_3,9.07699545493018,-0.9893214675047346,-0.5145229126658196,1.115119183640852,-6.2476144969256415,5.8185100903614515,0,,,,,
pair,37.0,,,,,,,robot_2,robot_4,4.825562855171556,-0.47658217546686943,0.14015986142909231,0.4967648907970009,-9.616051680396989,0.6834633523829857,0,,,,,
pair,37.0,,,,,,,robot_3,robot_4,10.418548867825573,0.5127392920378652,0.6546827740949119,0.8315714739552462,-9.164583651295356,7.103972336075726,0,,,,,
robot,37.1,robot_1,1.3012849209978552,-3.2322611153874536,0.08831756451982849,-0.002315279364622261,-0.008331281628298742,,,,,,,,,,0.0,proceed,0.0019137870986014605,-0.0,0.0
robot,37.1,robot_2,2.889824282313603,2.80933036990038,0.08836658158328692,-0.0025266753601869904,-0.00908778594432165,,,,,,,,,,0.0,proceed,0.0,-0.0,0.0
robot,37.1,robot_3,-0.6888824880253803,-5.609794573797629,0.08839311984899527,-0.0010478345367176609,-0.0037648126005823054,,,,,,,,,,0.0,proceed,0.0,-0.0,0.0
robot,37.1,robot_4,-1.5327846767078095,4.819122086179922,0.07648300344994453,-0.011427403740537235,0.0012917193717806145,,,,,,,,,,0.0,proceed,0.0006458748248405755,-0.0,0.0
pair,37.1,,,,,,,robot_1,robot_2,6.246942050119554,0.36053344328874953,1.0507187439508372,1.1108529347394582,-5.60840135520461,0.45828541544616586,0,,,,,
pair,37.1,,,,,,,robot_1,robot_3,3.1005534444350586,-0.6314695709194077,0.5399113458854182,0.8308177179218944,0.039010234502506395,3.100384045268997,0,,,,,
pair,37.1,,,,,,,robot_1,robot_4,8.53561491300544,-0.11706486044710462,1.1932901913928746,1.19901862472021,-6.913669218572493,2.034441627075217,0,,,,,
pair,37.1,,,,,,,robot_2,robot_3,9.148158665308996,-0.9920030142081572,-0.510807398065419,1.1157930713696123,-6.305763792003259,5.846753842394599,0,,,,,
pair,37.1,,,,,,,robot_2,robot_4,4.8578526889194915,-0.47759830373585416,0.14257144744203754,0.4984242744460615,-9.655841731712796,0.6607530384945458,0,,,,,
pair,37.1,,,,,,,robot_3,robot_4,10.463004998795533,0.5144047104723031,0.6533788455074565,0.8315744836830617,-9.225997867564462,7.114301615623966,0,,,,,
robot,37.2,robot_1,1.3044983632107758,-3.291362330718308,0.08188923217541297,-0.002176996777486768,-0.007989112602100246,,,,,,,,,,0.0,proceed,0.0020916592329740524,-0.0,0.0
robot,37.2,robot_2,2.9297914669360314,2.854691467307838,0.08569693136655679,-0.002207851862514293,-0.008105058387238193,,,,,,,,,,0.0,proceed,0.0,-0.0,0.0
robot,37.2,robot_3,-0.7490522783413213,-5.615672107916075,0.0857207612505412,-0.0009291232312695855,-0.003407458430822764,,,,,,,,,,0.0,proceed,0.0,-0.0,0.0
robot,37.2,robot_4,-1.5322227556098083,4.87208913423471,0.0744276433376805,-0.010930129881361267,0.0018267441323466587,,,,,,,,,,0.0,proceed,0.0006369276670739055,-0.0,0.0
pair,37.2,,,,,,,robot_1,robot_2,6.357322939826834,0.3646299482542985,1.0491080610573917,1.1106676923992758,-5.707363594339306,0.4825270288411288,0,,,,,
pair,37.2,,,,,,,robot_1,robot_3,3.101529651284373,-0.6294584898305078,0.54121848064677,0.8301418157238567,-0.050302854465782657,3.1012485236156384,0,,,,,
pair,37.2,,,,,,,robot_1,robot_4,8.642275541002283,-0.11543823212361888,1.193338632158405,1.1989091193403774,-7.005250194554267,2.03751431630703,0,,,,,
pair,37.2,,,,,,,robot_2,robot_3,9.234768562267618,-0.9940884380848063,-0.5078895804106218,1.1163170018518787,-6.386886219669327,5.869160891978396,0,,,,,
pair,37.2,,,,,,,robot_2,robot_4,4.896883117731456,-0.4800681803779174,0.14423057110101306,0.5012663119056466,-9.683056676396145,0.6482174440295755,0,,,,,
pair,37.2,,,,,,,robot_3,robot_4,10.51696210266183,0.514020257706889,0.6521201515116348,0.8303478291298256,-9.335641551478458,7.107434715568705,0,,,,,
robot,37.300000000000004,robot_1,1.306782955338918,-3.3397105178531596,0.07846582706832321,-0.002283227031105501,-0.008175362243268458,,,,,,,,,,0.0,proceed,0.0022219636011868715,-0.0,0.0
robot,37.300000000000004,robot_2,2.964786927738439,2.8940582105380437,0.08773152034873091,-0.00228816817126222,-0.008204911829831739,,,,,,,,,,0.0,proceed,0.0,-0.0,0.0
robot,37.300000000000004,robot_3,-0.8014866221082908,-5.620683155149271,0.08775681261581487,-0.0009839499762571476,-0.0035248219944622413,,,,,,,,,,0.0,proceed,0.0,-0.0,0.0
robot,37.300000000000004,robot_4,-1.5320139174658214,4.918453275160195,0.07666306289069882,-0.010752011392792566,0.0008012095196387509,,,,,,,,,,0.0,proceed,0.0006261022062972188,-0.0,0.0
pair,37.300000000000004,,,,,,,robot_1,robot_2,6.450492208472208,0.34875330027498064,1.0464285939443323,1.1030148080044089,-5.836910240024864,0.3980587100001089,0,,,,,
pair,37.300000000000004,,,,,,,robot_1,robot_3,3.106064516922179,-0.6470999162527522,0.5410229457030231,0.8434714751498685,-0.18301160460448565,3.1022263310454736,0,,,,,
pair,37.300000000000004,,,,,,,robot_1,robot_4,8.732470264322844,-0.13301080042152721,1.192131945357268,1.1995292610728927,-7.104469707422559,1.9055770763654254,0,,,,,
pair,37.300000000000004,,,,,,,robot_2,robot_3,9.310512175859165,-0.995853216527733,-0.5054056482413092,1.1167625074933567,-6.457923367770666,5.888393107651125,0,,,,,
pair,37.300000000000004,,,,,,,robot_2,robot_4,4.9314696814536205,-0.4817641006965079,0.14570335141293578,0.5033151252772724,-9.716165099938864,0.6359473377698033,0,,,,,
pair,37.300000000000004,,,,,,,robot_3,robot_4,10.564424585652478,0.5140891158312251,0.651108999654245,0.8295966179095008,-9.424996408014156,7.104305994441438,0,,,,,
robot,37.4,robot_1,1.3086454149983997,-3.3839493581195086,0.07462433967771945,-0.0021153495525222145,-0.0076009786981349825,,,,,,,,,,0.0,proceed,0.002395427320152521,-0.0,0.0
robot,37.4,robot_2,2.998848191884627,2.932072158776396,0.08844379573242783,-0.002171079120682977,-0.0078006838233053025,,,,,,,,,,0.0,proceed,0.0,-0.0,0.0
robot,37.4,robot_3,-0.8523057133018327,-5.625442867932181,0.08846489952897756,-0.0009498349104833,-0.0034097404575248315,,,,,,,,,,0.0,proceed,0.0,-0.0,0.0
robot,37.4,robot_4,-1.5316917546114268,4.963319864087944,0.07674266554952776,-0.011478354043131266,0.0007244157957579419,,,,,,,,,,0.0,proceed,0.000628287554718554,-0.0,0.0
pair,37.4,,,,,,,robot_1,robot_2,6.538265307318598,0.3263047579258004,1.0426297331194978,1.0924978514531964,-5.979459374023676,0.2734030108570331,0,,,,,
pair,37.4,,,,,,,robot_1,robot_3,3.1135193806100485,-0.6711151781092534,0.5394400700860804,0.861040749037518,-0.32519362866833834,3.100903118878058,0,,,,,
pair,37.4,,,,,,,robot_1,robot_4,8.817279552394773,-0.15715455977084875,1.1896247435795892,1.1999602435887502,-7.206373286843737,1.7226603699716763,0,,,,,
pair,37.4,,,,,,,robot_2,robot_3,9.384159516641649,-0.9974199360350537,-0.5031896630334175,1.1171599553259395,-6.52801931709332,5.905667512753968,0,,,,,
pair,37.4,,,,,,,robot_2,robot_4,4.9650538211715185,-0.4834593176966491,0.14699501046009128,0.5053122252309673,-9.747437501853145,0.6254724249216266,0,,,,,
pair,37.4,,,,,,,robot_3,robot_4,10.610535405348056,0.5139606183384046,0.6501846734935087,0.8287916667345635,-9.514507465596001,7.099411913509366,0,,,,,
robot,37.5,robot_1,1.3114757533931682,-3.430895056528317,0.057482134528503835,0.0007481740564602595,0.0027217485823472455,,,,,,,,,,0.0,proceed,0.002503535943105817,-0.0,0.0
robot,37.5,robot_2,3.038505994338012,2.976021842275642,0.07812078594442094,-0.0018263204153721735,-0.006542727582102882,,,,,,,,,,0.0,proceed,0.0,-0.0,0.0
robot,37.5,robot_3,-0.9112526574163735,-5.630864229508546,0.07813481508655469,-0.0008079167599951073,-0.0028920419982352225,,,,,,,,,,0.0,proceed,0.0,-0.0,0.0
robot,37.5,robot_4,-1.5313314593708607,5.015404680594534,0.06820060161539945,-0.009807633795849932,0.0004551256347442218,,,,,,,,,,0.0,proceed,0.0006246634875424206,-0.0,0.0
pair,37.5,,,,,,,robot_1,robot_2,6.635602278717264,0.3057823813215905,1.0382087402857212,1.0823032168169726,-6.129361087583359,0.15347308663429057,0,,,,,
pair,37.5,,,,,,,robot_1,robot_3,3.1273608602595298,-0.6931520538816983,0.5371518643989732,0.8769218295992578,-0.4668075470170506,3.100454075694594,0,,,,,
pair,37.5,,,,,,,robot_1,robot_4,8.911875902315108,-0.17983013232123218,1.1863913708642588,1.1999430658793138,-7.31447150040867,1.5448922533202716,0,,,,,
pair,37.5,,,,,,,robot_2,robot_3,9.469903973102435,-0.998934435203289,-0.5010568758867481,1.117554472367366,-6.612142079256621,5.9224505919621775,0,,,,,
pair,37.5,,,,,,,robot_2,robot_4,5.004247867017582,-0.48561251364282276,0.14818263057853742,0.5077180373117307,-9.78118856580586,0.6168370398014408,0,,,,,
pair,37.5,,,,,,,robot_3,robot_4,10.664311483957167,0.5133219215604662,0.6492395064652855,0.8276541136911101,-9.62564854565343,7.089365923122704,0,,,,,
robot,37.6,robot_1,1.3155987184535214,-3.4660422671188384,0.057482134528503835,0.0007481740564602595,0.0027217485823472455,,,,,,,,,,0.0,proceed,0.0014213729882612824,-0.0,0.0
robot,37.6,robot_2,3.072836411911549,3.0138168528431613,0.07812078594442094,-0.0018263204153721735,-0.006542727582102882,,,,,,,,,,0.0,proceed,0.0,-0.0,0.0
robot,37.6,robot_3,-0.9621008248720829,-5.635461431745138,0.07813481508655469,-0.0008079167599951073,-0.0028920419982352225,,,,,,,,,,0.0,proceed,0.0,-0.0,0.0
robot,37.6,robot_4,-1.5310922812559007,5.060394730816312,0.06820060161539945,-0.009807633795849932,0.0004551256347442218,,,,,,,,,,0.0,proceed,0.0006144461804069579,-0.0,0.0
pair,37.6,,,,,,,robot_1,robot_2,6.713900395884973,0.2879974014244022,1.0336443819791763,1.073015941924593,-6.256887307179961,0.04643334414115812,0,,,,,
pair,37.6,,,,,,,robot_1,robot_3,3.145519785586086,-0.7122995833906622,0.5345359319400791,0.8905612606853949,-0.5834980643934181,3.1023004673567036,0,,,,,
pair,37.6,,,,,,,robot_1,robot_4,8.989092141455888,-0.19907212899315324,1.1829690517136466,1.1996022215110103,-7.4029681500346545,1.3922710016653284,0,,,,,
pair,37.6,,,,,,,robot_2,robot_3,9.544146549012847,-1.0002969848150645,-0.4991084500390972,1.1179012938227324,-6.684037252841819,5.9378907201592055,0,,,,,
pair,37.6,,,,,,,robot_2,robot_4,5.038317221293199,-0.48706953041755546,0.14932466973447028,0.5094453694484685,-9.817720277035628,0.6072203477557565,0,,,,,
pair,37.6,,,,,,,robot_3,robot_4,10.710979895772446,0.513227454397509,0.6484331197735674,0.826963077027402,-9.714632086867622,7.08418561704015,0,,,,,
robot,37.7,robot_1,1.3213787139893507,-3.497153404199114,0.05665702779748159,0.004545274425026413,0.016847996931860277,,,,,,,,,,0.0,proceed,0.0013857511803507805,-0.0,0.0
robot,37.7,robot_2,3.107492305862756,3.0517692836358186,0.08766243399887473,-0.0019341538708132974,-0.00693978017874998,,,,,,,,,,0.0,proceed,0.0,-0.0,0.0
robot,37.7,robot_3,-1.0132468740044986,-5.640023733138178,0.08767173480738553,-0.0008616806796031247,-0.0030895923861092964,,,,,,,,,,0.0,proceed,0.0,-0.0,0.0
robot,37.7,robot_4,-1.5307116515725452,5.105582343695275,0.07642773538602973,-0.01111077489730013,0.0004865892387805592,,,,,,,,,,0.0,proceed,0.0,-0.0,0.0
pair,37.7,,,,,,,robot_1,robot_2,6.788121252181199,0.27393625403756156,1.0292004424630394,1.0650326859032297,-6.373507600347293,0.04157764408958274,0,,,,,
pair,37.7,,,,,,,robot_1,robot_3,3.168969845669573,-0.7277882885194245,0.5321428579217757,0.9015829491195961,-0.687456200871385,3.107767582035642,0,,,,,
pair,37.7,,,,,,,robot_1,robot_4,9.063193796969754,-0.21430037778944508,1.179780957558588,1.1990862186425786,-7.483996235394169,1.2686930748414873,0,,,,,
pair,37.7,,,,,,,robot_2,robot_3,9.619134952527398,-1.001724542556986,-0.49705758454126364,1.1182657562095866,-6.755732564642661,5.954342859454083,0,,,,,
pair,37.7,,,,,,,robot_2,robot_4,5.072581594852791,-0.4882366318270066,0.1505805150955487,0.5109300345294068,-9.859453109783033,0.5956268162963338,0,,,,,
pair,37.7,,,,,,,robot_3,robot_4,10.758058363594408,0.5134879107299793,0.6476380996368123,0.8265016288955641,-9.798716967824767,7.081496895432371,0,,,,,
robot,37.800000000000004,robot_1,1.3321242799277386,-3.5331907229195516,0.03469556514855475,0.008544623611062393,0.03667456571824542,,,,,,,,,,0.0,proceed,0.002300592139363289,-0.0,0.0
robot,37.800000000000004,robot_2,3.1599722560173573,3.108894135074655,0.08531512155037511,-0.0016247189663644301,-0.005870554345310861,,,,,,,,,,0.0,proceed,0.0,-0.0,0.0
robot,37.800000000000004,robot_3,-1.0903941837336701,-5.646799310327808,0.08519221702046512,-0.0007254057738881343,-0.00262350221704493,,,,,,,,,,0.0,proceed,0.0,-0.0,0.0
robot,37.800000000000004,robot_4,-1.5299928246911645,5.173677543332251,0.07408632588626252,-0.011178062753198218,0.0007188027516283153,,,,,,,,,,0.0,proceed,0.0,-0.0,0.0
pair,37.800000000000004,,,,,,,robot_1,robot_2,6.88899989000514,0.26572775830419504,1.0253754373432897,1.0592478600593513,-6.502942428558053,0.10313365003426181,0,,,,,
pair,37.800000000000004,,,,,,,robot_1,robot_3,3.2149552045940477,-0.7377696754832115,0.5308788384207981,0.90892047789981,-0.8051824864869893,3.1305490181572,0,,,,,
pair,37.800000000000004,,,,,,,robot_1,robot_4,9.165220637083145,-0.22481289076731825,1.177406225691922,1.1986768772914806,-7.582657733536144,1.1783478099309936,0,,,,,
pair,37.800000000000004,,,,,,,robot_2,robot_3,9.732819867953248,-1.0034974337874065,-0.49449659892249154,1.1187197977884462,-6.867486253908404,5.975154965589938,0,,,,,
pair,37.800000000000004,,,,,,,robot_2,robot_4,5.124363665986357,-0.4905406490715133,0.1520307883486322,0.5135596255522898,-9.913151502161867,0.5838486707529742,0,,,,,
pair,37.800000000000004,,,,,,,robot_3,robot_4,10.829402860071498,0.5129567847158932,0.6465273872711237,0.8253013543413659,-9.939829118132765,7.069720104105187,0,,,,,
robot,37.9,robot_1,1.3383421505399622,-3.5463169100157215,0.03469556514855475,0.008544623611062393,0.03667456571824542,,,,,,,,,,0.0,proceed,0.0023808807600289583,-0.0,0.0
robot,37.9,robot_2,3.188326545896977,3.139579739837539,0.08531512155037511,-0.0016247189663644301,-0.005870554345310861,,,,,,,,,,0.0,proceed,0.0,-0.0,0.0
robot,37.9,robot_3,-1.1319577952543993,-5.650394562257115,0.08519221702046512,-0.0007254057738881343,-0.00262350221704493,,,,,,,,,,0.0,proceed,0.0,-0.0,0.0
robot,37.9,robot_4,-1.533216345832307,5.212944161481276,0.07408632588626252,-0.011178062753198218,0.0007188027516283153,,,,,,,,,,0.0,proceed,0.0,-0.0,0.0
pair,37.9,,,,,,,robot_1,robot_2,6.937121613146443,0.2625800302204381,1.023609803681175,1.0567522427053466,-6.56340310322054,0.13066375806494193,0,,,,,
pair,37.9,,,,,,,robot_1,robot_3,3.2449228941306574,-0.7418211131252093,0.5304254256647573,0.9119482968183906,-0.8614977851927211,3.148379284628418,0,,,,,
pair,37.9,,,,,,,robot_1,robot_4,9.217944603691784,-0.226586054014709,1.176744136071518,1.198360547436647,-7.630602588566995,1.16355901627425,0,,,,,
pair,37.9,,,,,,,robot_2,robot_3,9.794309828664916,-1.0044011433456472,-0.4931843780164175,1.118951512565886,-6.928125320283979,5.9859282713678175,0,,,,,
pair,37.9,,,,,,,robot_2,robot_4,5.156724474254698,-0.489166084235147,0.15313433239034324,0.5125754400306194,-9.99918589462901,0.5680904975338026,0,,,,,
pair,37.9,,,,,,,robot_3,robot_4,10.870746830419975,0.5152350591105003,0.6463187104067608,0.826556133337875,-9.974364840336344,7.0854399867092175,0,,,,,
robot,38.0,robot_1,1.3449645875669611,-3.5562259406971584,0.01686729815173671,0.009480716929977009,0.037164951064549104,,,,,,,,,,0.0,proceed,0.0023645327892154455,-0.0,0.0
robot,38.0,robot_2,3.2198345576667746,3.1735765794438753,0.0856793367436479,-0.0014185219860643888,-0.005103102886651641,,,,,,,,,,0.0,proceed,0.0,-0.0,0.0
robot,38.0,robot_3,-1.178077304568863,-5.6543521724757975,0.08557419729057669,-0.0006364184731973343,-0.0022912600436546466,,,,,,,,,,0.0,proceed,0.0,-0.0,0.0
robot,38.0,robot_4,-1.539784705389353,5.258884831513154,0.08580356637014087,0.00017655266387155318,0.0006335908832880075,,,,,,,,,,0.0,proceed,0.0,-0.0,0.0
pair,38.0,,,,,,,robot_1,robot_2,6.98608469494027,0.2662201582421449,1.0234280364688895,1.0574866989636509,-6.60533067493224,0.12027139481569764,0,,,,,
pair,38.0,,,,,,,robot_1,robot_3,3.2814439007775147,-0.7391478697471221,0.5316524772051155,0.9104910377757952,-0.9040199261269344,3.1765353932437335,0,,,,,
pair,38.0,,,,,,,robot_1,robot_4,9.27512568160401,-0.22354484862947466,1.1774549427104728,1.1984875641666448,-7.675075262572957,1.1899078078776428,0,,,,,
pair,38.0,,,,,,,robot_2,robot_3,9.862755943293081,-1.005368027989267,-0.49177555926377386,1.1191997464225163,-6.995707411167475,5.997617294285398,0,,,,,
pair,38.0,,,,,,,robot_2,robot_4,5.19639163606855,-0.48976500687161956,0.15402690624158327,0.5134141114171981,-10.062019767488689,0.5613433172536698,0,,,,,
pair,38.0,,,,,,,robot_3,robot_4,10.919229558400264,0.5156030211176473,0.6458024655053571,0.8263820544024677,-10.047187864033518,7.09174342478741,0,,,,,
robot,38.1,robot_1,1.353133765577389,-3.5653351513142133,0.01286388000707413,0.009114982042212618,0.03335686502439433,,,,,,,,,,0.0,proceed,0.0023242486640810966,-0.0,0.0
robot,38.1,robot_2,3.261109987796773,3.2179176521191764,0.08566958657826186,-0.0013502617110468518,-0.004857906802131803,,,,,,,,,,0.0,proceed,0.0,-0.0,0.0
robot,38.1,robot_3,-1.238362109371266,-5.6594652471914,0.08557128177496927,-0.0006063161058261933,-0.0021829174366543567,,,,,,,,,,0.0,proceed,0.0,-0.0,0.0
robot,38.1,robot_4,-1.5482403003447311,5.318944064794838,0.08577772055390913,-0.0001630869353793224,-0.0005855786296278569,,,,,,,,,,0.0,proceed,0.0,-0.0,0.0
pair,38.1,,,,,,,robot_1,robot_2,7.046480813841864,0.2684035469477617,1.0226410616955368,1.05727726026805,-6.663719661303294,0.12345457733793354,0,,,,,
pair,38.1,,,,,,,robot_1,robot_3,3.3318510963628745,-0.738146936841212,0.532595244600168,0.9102299681612208,-0.9626591559488652,3.2145657661966687,0,,,,,
pair,38.1,,,,,,,robot_1,robot_4,9.346035986459325,-0.26660664135154466,1.1699209297537572,1.1999141982194588,-7.756268710151857,0.8548697929010324,0,,,,,
pair,38.1,,,,,,,robot_2,robot_3,9.952546221654314,-1.0065504837889736,-0.4900458170953689,1.119503809403293,-7.084775926856384,6.012115827737976,0,,,,,
pair,38.1,,,,,,,robot_2,robot_4,5.248253250445097,-0.5350101882993064,0.14727986805822024,0.5549119399682314,-9.360945457131187,0.7492180845991155,0,,,,,
pair,38.1,,,,,,,robot_3,robot_4,10.982781774885046,0.47154029548966736,0.6373256851535891,0.7928015383606256,-10.8994885550973,6.778815934779644,0,,,,,
robot,38.2,robot_1,1.3595597559569994,-3.5714201436431763,0.011415990781707672,0.008307159308675365,0.025880107048316857,,,,,,,,,,0.0,proceed,0.002300690161064267,-0.0,0.0
robot,38.2,robot_2,3.296579544194018,3.255841483362921,0.08653667052737532,-0.0012997732123001607,-0.004675532424780404,,,,,,,,,,0.0,proceed,0.0,-0.0,0.0
robot,38.2,robot_3,-1.2900460281537973,-5.663793305695917,0.0864454991136833,-0.0005840251333882251,-0.002102175662614917,,,,,,,,,,0.0,proceed,0.0,-0.0,0.0
robot,38.2,robot_4,-1.5553592953819149,5.370425062263068,0.08660908504274567,-0.00023806816113369246,-0.0008551080206120489,,,,,,,,,,0.0,proceed,0.0,-0.0,0.0
pair,38.2,,,,,,,robot_1,robot_2,7.096727906832255,0.2705676014998865,1.0220971246630048,1.0573028701492224,-6.7110570599239985,0.12540073093950302,0,,,,,
pair,38.2,,,,,,,robot_1,robot_3,3.376157025446532,-0.7369360791002558,0.5334513744082785,0.9097500500344805,-1.010591018453659,3.248563845772548,0,,,,,
pair,38.2,,,,,,,robot_1,robot_4,9.4049640489609,-0.30752914418373445,1.1595247790805852,1.1996132242619952,-7.827762979377996,0.5252050016649084,0,,,,,
pair,38.2,,,,,,,robot_2,robot_3,10.029806524111201,-1.0075036806001423,-0.4886457502547263,1.1197492289190638,-7.161675890545824,6.023964662302079,0,,,,,
pair,38.2,,,,,,,robot_2,robot_4,5.2927095343632455,-0.578096745683621,0.13742765441758054,0.594207209287056,-8.767058346123534,0.9351002523251027,0,,,,,
pair,38.2,,,,,,,robot_3,robot_4,11.037407581564192,0.4294069349165214,0.6260734046723069,0.7591826024036482,-11.788334102265225,6.459941855326588,0,,,,,
robot,38.300000000000004,robot_1,1.3663032677212308,-3.5780282813683293,0.011576219002843861,0.007353458347118307,0.01848681936944239,,,,,,,,,,0.0,proceed,0.0022713413927704096,-0.0,0.0
robot,38.300000000000004,robot_2,3.3380523157017876,3.2999946093656396,0.09012954187163286,-0.0012700705612978258,-0.004569129677538773,,,,,,,,,,0.0,proceed,0.0,-0.0,0.0
robot,38.300000000000004,robot_3,-1.3503512299646632,-5.668784913877211,0.09004356427467704,-0.0005708648508828034,-0.002054846850419748,,,,,,,,,,0.0,proceed,0.0,-0.0,0.0
robot,38.300000000000004,robot_4,-1.5657176868452447,5.427911345101621,0.08422748775824053,0.0060135283201140245,0.01770284376406396,,,,,,,,,,0.0,proceed,0.0,-0.0,0.0
pair,38.300000000000004,,,,,,,robot_1,robot_2,7.155067658217684,0.2723975823471233,1.0213454177718782,1.0570463117915743,-6.767761024589215,0.13270946298383143,0,,,,,
pair,38.300000000000004,,,,,,,robot_1,robot_3,3.428042437919472,-0.7361684045480266,0.5342660767976224,0.909606596651272,-1.0670918125432256,3.2877568456026256,0,,,,,
pair,38.300000000000004,,,,,,,robot_1,robot_4,9.47120348391051,-0.3548024545044782,1.1434088773355506,1.1971919823036514,-7.910421823837974,0.13128162042319566,0,,,,,
pair,38.300000000000004,,,,,,,robot_2,robot_3,10.120283293641439,-1.0085659868951498,-0.48707934097425587,1.1200230508010551,-7.251831254070007,6.037359192762685,0,,,,,
pair,38.300000000000004,,,,,,,robot_2,robot_4,5.345557957042969,-0.6272000368516015,0.12206345956367243,0.6389674282679068,-8.169370813164392,1.1519496786410253,0,,,,,
pair,38.300000000000004,,,,,,,robot_3,robot_4,11.098785995539515,0.3813659500435483,0.6091428005379282,0.7186758235114136,-12.928179338077433,6.0710140721284835,0,,,,,
robot,38.400000000000006,robot_1,1.3719119020075474,-3.584468800865612,0.010374687751750019,0.005301045834579607,0.010779787935871607,,,,,,,,,,0.0,proceed,0.002256418578326702,-0.0,0.0
robot,38.400000000000006,robot_2,3.3778809945138626,3.342221744359539,0.08009864738018137,-0.001069775460503658,-0.0038361229175319003,,,,,,,,,,0.0,proceed,0.0,-0.0,0.0
robot,38.400000000000006,robot_3,-1.408148807348401,-5.6735147273222175,0.08002859418748864,-0.0004808834572201581,-0.0017252610003997077,,,,,,,,,,0.0,proceed,0.0,-0.0,0.0
robot,38.400000000000006,robot_4,-1.5797594393753838,5.478361992753156,0.07012969530709767,0.010195181407033493,0.038664404132465656,,,,,,,,,,0.0,proceed,0.0,-0.0,0.0
pair,38.400000000000006,,,,,,,robot_1,robot_2,7.2113073647849815,0.27370180610314454,1.0207275800750635,1.0567863887229143,-6.822455849832123,0.14354865521779406,0,,,,,
pair,38.400000000000006,,,,,,,robot_1,robot_3,3.4774775959809774,-0.7356911474558735,0.534872148411002,0.9095766485518088,-1.1215523791059643,3.324480288564567,0,,,,,
pair,38.400000000000006,,,,,,,robot_1,robot_4,9.531383199793506,-0.3912584980927438,1.127776718999261,1.1937183672234115,-7.9831629033804274,0.18185474044090924,0,,,,,
pair,38.400000000000006,,,,,,,robot_2,robot_3,10.207329983454358,-1.009392953559018,-0.48585543166406164,1.1202364193205243,-7.340116158368182,6.047921825670665,0,,,,,
pair,38.400000000000006,,,,,,,robot_2,robot_4,5.3982676695900045,-0.6649603041958884,0.10704913892419748,0.6735218810853145,-7.77129525202222,1.321022159516996,0,,,,,
pair,38.400000000000006,,,,,,,robot_3,robot_4,11.153197056843556,0.34443264936312973,0.5929045705882591,0.6856892005652069,-13.93728829239416,5.7501549811589285,0,,,,,
robot,38.5,robot_1,1.3758992877222114,-3.59047117124465,0.014126780284352476,0.004852149725711932,0.007244511975465256,,,,,,,,,,0.0,proceed,0.0022278479300439358,-0.0,0.0
robot,38.5,robot_2,3.4101379191485495,3.376310457647437,0.09533591311368295,-0.0011917724728460477,-0.004275670948803651,,,,,,,,,,0.0,proceed,0.0,-0.0,0.0
robot,38.5,robot_3,-1.454885648971191,-5.677305176779631,0.09526037374791749,-0.0005357222057514651,-0.0019228201038959925,,,,,,,,,,0.0,proceed,0.0,-0.0,0.0
robot,38.5,robot_4,-1.5944195216636166,5.515360613867092,0.07725396014832275,0.01771199779897853,0.06668276277991886,,,,,,,,,,0.0,proceed,0.0,-0.0,0.0
pair,38.5,,,,,,,robot_1,robot_2,7.257697505011874,0.27258211143684774,1.019527792315096,1.055337825901386,-6.875337878738527,0.16576945346188865,0,,,,,
pair,38.5,,,,,,,robot_1,robot_3,3.516847952992487,-0.7376411871505154,0.5349052961489826,0.9111740760299607,-1.1705616571697746,3.35121097982659,0,,,,,
pair,38.5,,,,,,,robot_1,robot_4,9.578046060034506,-0.4260949350097373,1.1107202170875405,1.1896454489838328,-8.040712698536923,0.4881754058762829,0,,,,,
pair,38.5,,,,,,,robot_2,robot_3,10.27795750012145,-1.0102232985873631,-0.48462249616611336,1.1204508364042607,-7.409806673286008,6.0586983063436985,0,,,,,
pair,38.5,,,,,,,robot_2,robot_4,5.442529811513368,-0.698677046446585,0.09119242477244449,0.7046032029214752,-7.4358304682967615,1.4733505512090448,0,,,,,
pair,38.5,,,,,,,robot_3,robot_4,11.193535509513604,0.3115462521407782,0.5758149209385579,0.6546937378640818,-14.934848139935093,5.448927579560162,0,,,,,
robot,38.6,robot_1,1.3800844751304657,-3.5981068315415055,0.013150877353077139,0.0031780219792051033,0.0034077441316584457,,,,,,,,,,0.0,proceed,0.0022581000812351704,-0.0,0.0
robot,38.6,robot_2,3.4479292954968432,3.416132056328881,0.0844939834784047,-0.0009722743727117039,-0.003507957146781914,,,,,,,,,,0.0,proceed,0.0,-0.0,0.0
robot,38.6,robot_3,-1.5095642937685805,-5.681703868278591,0.08443335702082476,-0.0004370280327192222,-0.0015773955511916864,,,,,,,,,,0.0,proceed,0.0,-0.0,0.0
robot,38.6,robot_4,-1.6144983358189486,5.554998497821398,0.06429797815444746,0.01804920919272153,0.08150584617931499,,,,,,,,,,0.0,proceed,0.0,-0.0,0.0
pair,38.6,,,,,,,robot_1,robot_2,7.312696450505056,0.2716396084032535,1.018526318256309,1.0541270975713626,-6.934851382116988,0.19049815466067788,0,,,,,
pair,38.6,,,,,,,robot_1,robot_3,3.562505665833998,-0.7392685562191045,0.5349238202730524,0.9125028721652311,-1.2269821490908726,3.3819945404391225,0,,,,,
pair,38.6,,,,,,,robot_1,robot_4,9.630517295662019,-0.4528266343070213,1.0958791922366578,1.1857500431014516,-8.09864786651636,0.7278674732716797,0,,,,,
pair,38.6,,,,,,,robot_2,robot_3,10.360857165248735,-1.010908164622358,-0.48360249798325655,1.1206278121462943,-7.494232173332608,6.067688361270019,0,,,,,
pair,38.6,,,,,,,robot_2,robot_4,5.495718622423503,-0.7244662427102748,0.0773528739803489,0.7285841090359867,-7.220712287351366,1.589306153629243,0,,,,,
pair,38.6,,,,,,,robot_3,robot_4,11.237192319147079,0.28644192191208323,0.5609553719636055,0.6298570504197877,-15.812745929979766,5.203602839890947,0,,,,,
robot,38.7,robot_1,1.3834762951909785,-3.605631145007711,0.01373036335027254,0.002415509117963518,0.003117691856693261,,,,,,,,,,0.0,proceed,0.002210993319749832,-0.0,0.0
robot,38.7,robot_2,3.483471096377078,3.4534643805517953,0.08703319037189572,-0.0009728776526364002,-0.0034789826681668806,,,,,,,,,,0.0,proceed,0.0,-0.0,0.0
robot,38.7,robot_3,-1.560908789654957,-5.685797508481485,0.08697502449294188,-0.00043726694299979583,-0.0015641923003428591,,,,,,,,,,0.0,proceed,0.0,-0.0,0.0
robot,38.7,robot_4,-1.6356445674760556,5.588455289410696,0.06265663191131297,0.019933527737201605,0.09366858357123897,,,,,,,,,,0.0,proceed,0.0,-0.0,0.0
pair,38.7,,,,,,,robot_1,robot_2,7.364835897966966,0.2696626199446765,1.0172447690495392,1.0523805627025222,-6.995109869062717,0.22105552014212382,0,,,,,
pair,38.7,,,,,,,robot_1,robot_3,3.605065273693517,-0.7419469405009248,0.5346897726411702,0.9145372685056357,-1.2821156136527136,3.4090526084202053,0,,,,,
pair,38.7,,,,,,,robot_1,robot_4,9.677102673163487,-0.478609052336904,1.0804349346308024,1.1816963539545577,-8.14848154949815,0.9633687535488558,0,,,,,
pair,38.7,,,,,,,robot_2,robot_3,10.438959541589417,-1.0116095604456012,-0.482554996408369,1.1208091841806185,-7.572869955671053,6.077014786022607,0,,,,,
pair,38.7,,,,,,,robot_2,robot_4,5.546488200728156,-0.7482716722815805,0.06319016558126322,0.7509350787952714,-7.032053746289907,1.696651930674631,0,,,,,
pair,38.7,,,,,,,robot_3,robot_4,11.274500502783535,0.2633378881640208,0.5457451619896322,0.6059576100502214,-16.703281502123307,4.966889699344121,0,,,,,
robot,38.800000000000004,robot_1,1.3864829503186944,-3.6131451300755555,0.01179409223704534,0.0015862303576679652,0.0025833198813580522,,,,,,,,,,0.0,proceed,0.0022256013471633196,-0.0,0.0
robot,38.800000000000004,robot_2,3.518324175961032,3.489970871365254,0.07413282992965844,-0.0007685898635017355,-0.0027603433439365144,,,,,,,,,,0.0,proceed,0.0,-0.0,0.0
robot,38.800000000000004,robot_3,-1.6111898893868448,-5.689774563905341,0.0740877314894747,-0.0003454409578823054,-0.0012410083049252845,,,,,,,,,,0.0,proceed,0.0,-0.0,0.0
robot,38.800000000000004,robot_4,-1.6576750593208363,5.618592392899501,0.05130400103203593,0.016484661212736174,0.08079330639840987,,,,,,,,,,0.0,proceed,0.0,-0.0,0.0
pair,38.800000000000004,,,,,,,robot_1,robot_2,7.416131332525922,0.26789186432067547,1.0161885475681434,1.0509068537115267,-7.052853378486405,0.25072217360541077,0,,,,,
pair,38.800000000000004,,,,,,,robot_1,robot_3,3.6467015588551375,-0.7442550584353692,0.5344380774877925,0.916263963427288,-1.3354977710850304,3.435268214892509,0,,,,,
pair,38.800000000000004,,,,,,,robot_1,robot_4,9.720693168738437,-0.4866010542543018,1.0553355049147606,1.1621160070901229,-8.3108165375341,1.101064930978256,0,,,,,
pair,38.800000000000004,,,,,,,robot_2,robot_3,10.515685465197835,-1.0121469227560447,-0.48175047008035077,1.1209482185485509,-7.651395120637343,6.084228663620893,0,,,,,
pair,38.800000000000004,,,,,,,robot_2,robot_4,5.596605905866275,-0.7544929185749774,0.03914695734661744,0.7555078083311153,-6.987805517467095,1.8575655043648611,0,,,,,
pair,38.800000000000004,,,,,,,robot_3,robot_4,11.308462499419601,0.25765400418106743,0.5208974274269682,0.5811365723911817,-17.40651164714589,5.055369378171219,0,,,,,
robot,38.900000000000006,robot_1,1.3899184268128277,-3.62260816878561,0.0156585995621977,0.0016416952705371338,0.004077674911147775,,,,,,,,,,0.0,proceed,0.0021388863679021597,-0.0,0.0
robot,38.900000000000006,robot_2,3.5601996101112325,3.5337116830373954,0.09257173174398109,-0.0009063021429904228,-0.0032615978106613134,,,,,,,,,,0.0,proceed,0.0,-0.0,0.0
robot,38.900000000000006,robot_3,-1.671521079662365,-5.694508866381756,0.09251970081633716,-0.00040731827717903693,-0.0014662549534885919,,,,,,,,,,0.0,proceed,0.0,-0.0,0.0
robot,38.900000000000006,robot_4,-1.6850231730682461,5.651822437032435,0.06180746481745836,0.01932901424984639,0.09851787527315378,,,,,,,,,,0.0,proceed,0.0,-0.0,0.0
pair,38.900000000000006,,,,,,,robot_1,robot_2,7.478170513981021,0.2637812092597337,1.0141746737158808,1.0479173608473336,-7.130514671082441,0.2990135656562658,0,,,,,
pair,38.900000000000006,,,,,,,robot_1,robot_3,3.696645013049869,-0.7492000966029454,0.5336768520753165,0.919843338395665,-1.403957937889705,3.4637285159692675,0,,,,,
pair,38.900000000000006,,,,,,,robot_1,robot_4,9.770891919615817,-0.5033583460346291,1.019950246960009,1.137395327402263,-8.508561850333068,1.347002725490677,0,,,,,
pair,38.900000000000006,,,,,,,robot_2,robot_3,10.6080608918184,-1.012981305862679,-0.48049782164056437,1.1211642531888832,-7.743598446222715,6.0956139911107,0,,,,,
pair,38.900000000000006,,,,,,,robot_2,robot_4,5.656744223612599,-0.7671395552943628,0.005775573244128307,0.7671612963018475,-6.857776006819155,2.0785620718938485,0,,,,,
pair,38.900000000000006,,,,,,,robot_3,robot_4,11.34633933713262,0.24584175056831625,0.4862733948846927,0.5448852915019623,-18.572246611444584,5.131295893950349,0,,,,,
robot,39.0,robot_1,1.3929253480384378,-3.631400230838392,0.015212872539959803,0.0013626625724892775,0.00442411904143199,,,,,,,,,,0.0,proceed,0.0021194613073021173,-0.0,0.0
robot,39.0,robot_2,3.59666156567315,3.571702198491645,0.08497525991517625,-0.0007696193832921958,-0.00279059562080082,,,,,,,,,,0.0,proceed,0.0,-0.0,0.0
robot,39.0,robot_3,-1.7239892848897769,-5.698596353389437,0.08493153102366666,-0.00034588318957086677,-0.001254456947331507,,,,,,,,,,0.0,proceed,0.0,-0.0,0.0
robot,39.0,robot_4,-1.7091237865753592,5.678703509743675,0.05535513825053327,0.015906402081147877,0.08419559721471331,,,,,,,,,,0.0,proceed,0.0,-0.0,0.0
pair,39.0,,,,,,,robot_1,robot_2,7.532671367073918,0.26066256850781006,1.0127352782954462,1.0457426636248728,-7.195892301804301,0.3387279141640685,0,,,,,
pair,39.0,,,,,,,robot_1,robot_3,3.7401145220503746,-0.7528490680115856,0.5330358353388535,0.9224472456250831,-1.4627613294643673,3.4882361940623143,0,,,,,
pair,39.0,,,,,,,robot_1,robot_4,9.813294069473228,-0.5058168468345606,0.9915870777687188,1.113146717795801,-8.71671817746182,1.467241878511114,0,,,,,
pair,39.0,,,,,,,robot_2,robot_3,10.688674413350071,-1.0135116365193957,-0.47969944295659267,1.1213016511773668,-7.825787392734049,6.102944912257479,0,,,,,
pair,39.0,,,,,,,robot_2,robot_4,5.708836372655343,-0.7664794153423706,-0.021148200526727334,0.766771113520261,-6.841225393386616,2.2525378373027998,0,,,,,
pair,39.0,,,,,,,robot_3,robot_4,11.37730957470565,0.24703222117702495,0.45855124242986534,0.5208590598555695,-19.243861498192366,5.382920792897176,0,,,,,
robot,39.1,robot_1,1.3957733708285749,-3.640164646223617,0.015520203271692812,0.001390191093937803,0.004513495121512682,,,,,,,,,,0.0,proceed,0.0004357327416073531,-0.0,0.0
robot,39.1,robot_2,3.626595062668929,3.6028194118435235,0.08669193184852522,-0.0007851672478229321,-0.0028469712971903875,,,,,,,,,,0.0,proceed,0.0,-0.0,0.0
robot,39.1,robot_3,-1.7670154332380965,-5.701926074373671,0.08664731954482337,-0.00035287072773191805,-0.001279799515992578,,,,,,,,,,0.0,proceed,0.0,-0.0,0.0
robot,39.1,robot_4,-1.7288843152119358,5.699365716636615,0.056473423775376716,0.016227743569288817,0.08589651823966342,,,,,,,,,,0.0,proceed,0.0,-0.0,0.0
pair,39.1,,,,,,,robot_1,robot_2,7.578745508736931,0.2571455752755012,1.011246039270599,1.0434281953370066,-7.254319182421078,0.3770343753673183,0,,,,,
pair,39.1,,,,,,,robot_1,robot_3,3.7754593370524914,-0.7568244207224588,0.5322379936448667,0.9252353677205593,-1.51429491291266,3.5058622693141013,0,,,,,
pair,39.1,,,,,,,robot_1,robot_4,9.84836600932968,-0.5113070617942469,0.9693658500213884,1.0959493887166298,-8.867734939231049,1.5935328697639863,0,,,,,
pair,39.1,,,,,,,robot_2,robot_3,10.754967352104687,-1.01396999599796,-0.4790080456257323,1.1214204655517424,-7.892918694853991,6.109349821380367,0,,,,,
pair,39.1,,,,,,,robot_2,robot_4,5.751231674610994,-0.7684526370697482,-0.04188018924921055,0.7695930130081743,-6.800285908714315,2.384877455356378,0,,,,,
pair,39.1,,,,,,,robot_3,robot_4,11.401355554754026,0.24551735892821192,0.43712785637652174,0.5013576930250672,-19.86470919033706,5.550023294198478,0,,,,,
robot,39.2,robot_1,1.4033308042876194,-3.6650071013929324,0.032407952289586844,0.001581600512773275,0.007493269225252747,,,,,,,,,,0.0,proceed,0.000298508646665141,-0.0,0.0
robot,39.2,robot_2,3.6810608727109195,3.6592850594361095,0.08729661104986239,-0.0007091333968144917,-0.002553330899963874,,,,,,,,,,0.0,proceed,0.0,-0.0,0.0
robot,39.2,robot_3,-1.8452009353997925,-5.707928630314368,0.08725867303664038,-0.0003186879770816489,-0.0011476978268898277,,,,,,,,,,0.0,proceed,0.0,-0.0,0.0
robot,39.2,robot_4,-1.76457149779979,5.734082088229875,0.05300637238267246,0.013120101550657383,0.07459301009207632,,,,,,,,,,0.0,proceed,0.0,-0.0,0.0
pair,39.2,,,,,,,robot_1,robot_2,7.670287473216462,0.24209471469475652,1.0059919501059231,1.0347123535365053,-7.3971473995192945,0.5008210161596586,0,,,,,
pair,39.2,,,,,,,robot_1,robot_3,3.8375104999318523,-0.7726339340697921,0.5281311188826787,0.9358876400553829,-1.63376964172802,3.519740040693899,0,,,,,
pair,39.2,,,,,,,robot_1,robot_4,9.918592772669669,-0.5238184180715482,0.929346909619972,1.066804299546628,-9.133363636515226,1.855387925451613,0,,,,,
pair,39.2,,,,,,,robot_2,robot_3,10.875856834347895,-1.0147286487645486,-0.4778608312232444,1.1216172273288676,-8.015642818676017,6.12008790668791,0,,,,,
pair,39.2,,,,,,,robot_2,robot_4,5.8274947126055405,-0.7659131327663047,-0.07664504048595105,0.7697385200020772,-6.771098944597314,2.6067228721795526,0,,,,,
pair,39.2,,,,,,,robot_3,robot_4,11.442294804342747,0.24881551599824392,0.4012157907372933,0.47210514902765455,-20.68695957854397,5.961807455872006,0,,,,,
robot,39.300000000000004,robot_1,1.4090683855622865,-3.684025828000669,0.048099786854757944,0.0018245282511806758,0.008773244159305383,,,,,,,,,,0.0,proceed,0.00033190660178661346,-0.0,0.0
robot,39.300000000000004,robot_2,3.7114795440822808,3.6907426321720225,0.0873905357460347,-0.0006780327213971177,-0.0024386762430057885,,,,,,,,,,0.0,proceed,0.0,-0.0,0.0
robot,39.300000000000004,robot_3,-1.8888145333355948,-5.711252600441413,0.08735476947431584,-0.0003047092786900912,-0.0010961385258682359,,,,,,,,,,0.0,proceed,0.0,-0.0,0.0
robot,39.300000000000004,robot_4,-1.784329502089818,5.752145013959572,0.05174462091565516,0.012064813772938866,0.0704627007141194,,,,,,,,,,0.0,proceed,0.0,-0.0,0.0
pair,39.300000000000004,,,,,,,robot_1,robot_2,7.725820796784978,0.2298243575361392,1.0016363548815002,1.027664645075035,-7.495527572440984,0.5948217639392032,0,,,,,
pair,39.300000000000004,,,,,,,robot_1,robot_3,3.8711342179855928,-0.7852964804225031,0.5243699645127865,0.9442745479187247,-1.712321478952602,3.517287218940971,0,,,,,
pair,39.300000000000004,,,,,,,robot_1,robot_4,9.961882865579256,-0.5339530641488125,0.9068931664902239,1.05240728339392,-9.266056322241958,2.0357153038615294,0,,,,,
pair,39.300000000000004,,,,,,,robot_2,robot_3,10.943528138020548,-1.0151208379586423,-0.4772663903687136,1.121719003598244,-8.084405374119665,6.125713407403622,0,,,,,
pair,39.300000000000004,,,,,,,robot_2,robot_4,5.869693079848933,-0.7637774216849518,-0.09474318839127616,0.7696312244330121,-6.756801138031906,2.7222687977405924,0,,,,,
pair,39.300000000000004,,,,,,,robot_3,robot_4,11.463873777550441,0.25134341627369056,0.38252320197743744,0.457708982821182,-21.056465651920487,6.207615922859011,0,,,,,
robot,39.400000000000006,robot_1,1.4213181104750403,-3.723115416222298,0.07238262337472032,0.0036453743717453774,0.015601585080085224,,,,,,,,,,0.0,proceed,0.00207549543119967,-0.0,0.0
robot,39.400000000000006,robot_2,3.7532730745894574,3.7338863302481755,0.08922150001961782,-0.0006322854261361852,-0.0022733134141553666,,,,,,,,,,0.0,proceed,0.0,-0.0,0.0
robot,39.400000000000006,robot_3,-1.948686028691987,-5.715791470601246,0.08918921608208578,-0.0002841569471967757,-0.0010218057900328707,,,,,,,,,,0.0,proceed,0.0,-0.0,0.0
robot,39.400000000000006,robot_4,-1.8108734940216829,5.775436869141561,0.050368990946024206,0.010276439573783831,0.06327817891644376,,,,,,,,,,0.0,proceed,0.0011294973082840443,-0.0,0.0
pair,39.400000000000006,,,,,,,robot_1,robot_2,7.813122871267388,0.20704395343420723,0.9929894395332333,1.0143447272393102,-7.6660295071617215,0.7607665419407483,0,,,,,
pair,39.400000000000006,,,,,,,robot_1,robot_3,3.915058844474518,-0.8085939966237654,0.5165082931093096,0.9594816664359389,-1.8419748777041096,3.493449742432377,0,,,,,
pair,39.400000000000006,,,,,,,robot_1,robot_4,10.033422052618443,-0.5530198420513928,0.8749183360639766,1.0350425307606954,-9.425745108608451,2.3428836130437736,0,,,,,
pair,39.400000000000006,,,,,,,robot_2,robot_3,11.03670005732513,-1.0156379500579726,-0.4764811464239236,1.121853256221783,-8.179000192675431,6.133222274668803,0,,,,,
pair,39.400000000000006,,,,,,,robot_2,robot_4,5.926858834141657,-0.7600637954856,-0.11807110346925659,0.7691799260786931,-6.740709456311175,2.871465442094246,0,,,,,
pair,39.400000000000006,,,,,,,robot_3,robot_4,11.492054692300263,0.2555741545723726,0.358410042954667,0.44019984935952583,-21.436065097730577,6.559446977681019,0,,,,,
robot,39.5,robot_1,1.434904241726957,-3.763534514852177,0.07881125067031453,0.005249976573817143,0.022145530596246805,,,,,,,,,,0.0,proceed,0.0021329382434487343,-0.0,0.0
robot,39.5,robot_2,3.788375061491409,3.7700551896631174,0.09306151275676383,-0.0006260476997649936,-0.0022507815525805697,,,,,,,,,,0.0,proceed,0.0,-0.0,0.0
robot,39.5,robot_3,-1.9989267950844842,-5.719579194530279,0.09302999829895928,-0.00028135808612893883,-0.001011681104147342,,,,,,,,,,0.0,proceed,0.0,-0.0,0.0
robot,39.5,robot_4,-1.8326669469495773,5.793788990011236,0.05113882927095784,0.009743998275347186,0.061786165593456906,,,,,,,,,,0.0,proceed,0.0012729614973068237,-0.0,0.0
pair,39.5,,,,,,,robot_1,robot_2,7.892642063052245,0.18848814004617756,0.9851391906364293,1.0030089749677549,-7.818115986290325,0.895808561755862,0,,,,,
pair,39.5,,,,,,,robot_1,robot_3,3.9518737806598216,-0.8275676988894953,0.5092938234793073,0.9717244953583429,-1.9544920491881927,3.4655793370362598,0,,,,,
pair,39.5,,,,,,,robot_1,robot_4,10.100468011418265,-0.5688871470174098,0.8486726539595243,1.0217034107901914,-9.55084760438449,2.6073517627273843,0,,,,,
pair,39.5,,,,,,,robot_2,robot_3,11.115125888841403,-1.0160558389356729,-0.4758453671571221,1.1219618002767164,-8.258527641313771,6.1393691362166845,0,,,,,
pair,39.5,,,,,,,robot_2,robot_4,5.974245705972405,-0.7573752870635875,-0.13646653667690506,0.7695715958162961,-6.722044098409588,2.98842903751773,0,,,,,
pair,39.5,,,,,,,robot_3,robot_4,11.514568567250562,0.2586805518720855,0.33937883048021705,0.4267242886161586,-21.694344103205033,6.847183160216361,0,,,,,
robot,39.6,robot_1,1.4511284240315874,-3.80494824353395,0.05524902765383167,0.007229288721986285,0.030264239659731698,,,,,,,,,,0.0,proceed,0.0021062945015728474,-0.0,0.0
robot,39.6,robot_2,3.8285082283953584,3.81133581480722,0.08578848436902037,-0.000540414289930756,-0.0019406409107832635,,,,,,,,,,0.0,proceed,0.0,-0.0,0.0
robot,39.6,robot_3,-2.05632026774085,-5.723883475534677,0.085761946273944,-0.0002428802062935465,-0.0008722912209620412,,,,,,,,,,0.011196651341663727,proceed,-6.1130805861779045e-06,-1.3253360736980248e-05,2.544703833858274e-05
robot,39.6,robot_4,-1.8570717172181552,5.813486934287838,0.04536633194179097,0.007938880393929076,0.052387134168556,,,,,,,,,,0.0,proceed,0.0013877179007977247,-0.0,0.0
pair,39.6,,,,,,,robot_1,robot_2,7.978704004507159,0.1770852363722309,0.9797483507529821,0.995623428683856,-7.952497630537732,0.9848125821884354,0,,,,,
pair,39.6,,,,,,,robot_1,robot_3,3.9980631248180494,-0.8393698113621442,0.5045113591989262,0.9793229251819184,-2.0602405838646565,3.4516132764678398,0,,,,,
pair,39.6,,,,,,,robot_1,robot_4,10.171454342645621,-0.5726584384331893,0.8235772121840201,1.003103739170352,-9.755342702566914,2.7749072311575995,0,,,,,
pair,39.6,,,,,,,robot_2,robot_3,11.204981630678606,-1.016455047734375,-0.4752369915540558,1.1220655338285908,-8.350193156377063,6.145303799751343,0,,,,,
pair,39.6,,,,,,,robot_2,robot_4,6.027804610569262,-0.7497436748054203,-0.15617113856896186,0.7658361459428914,-6.73489461389783,3.119497093500538,0,,,,,
pair,39.6,,,,,,,robot_3,robot_4,11.539090776934444,0.26671137292895486,0.31906585298509393,0.41585811882269846,-21.593422645770406,7.246640998128342,0,,,,,
robot,39.7,robot_1,1.462643432590059,-3.826875921341993,0.029387253422502757,0.007790334566394851,0.037338147803917476,,,,,,,,,,0.0,proceed,0.002087756060063839,-0.0,0.0
robot,39.7,robot_2,3.8648417863046465,3.848642987853156,0.08599918270032655,-0.0005151430689755154,-0.001845326483718284,,,,,,,,,,0.0,proceed,0.0,-0.0,0.0
robot,39.7,robot_3,-2.1082362832750485,-5.727756488341621,0.08597437971525147,-0.00023152831940769988,-0.0008294600741963401,,,,,,,,,,0.06199254638319504,proceed,-3.4881876536788905e-05,-7.387907191660413e-05,0.00014034434174638944
robot,39.7,robot_4,-1.8787135567819084,5.83016502364851,0.04399470313736811,0.007326814674331078,0.049916516585897956,,,,,,,,,,0.0,proceed,0.0014580191345885396,-0.0,0.0
pair,39.7,,,,,,,robot_1,robot_2,8.042645550812331,0.1757708813690325,0.9786743902965049,0.9943334274575517,-8.024758386236053,1.0075466215800677,0,,,,,
pair,39.7,,,,,,,robot_1,robot_3,4.045309490653799,-0.8410508407992903,0.5039970674521802,0.9804996485514875,-2.1274148520013205,3.466039084435326,0,,,,,
pair,39.7,,,,,,,robot_1,robot_4,10.21876246634826,-0.5685548111175966,0.8058008957257692,0.9861894629316509,-9.954450838392965,2.8372728979891835,0,,,,,
pair,39.7,,,,,,,robot_2,robot_3,11.286500279225509,-1.0168217221683227,-0.47467732284432473,1.1221608509906273,-8.43303360493532,6.150817232890268,0,,,,,
pair,39.7,,,,,,,robot_2,robot_4,6.075759833752539,-0.744325692486629,-0.17287349457073575,0.7641374101696619,-6.734856797091674,3.2295320344841607,0,,,,,
pair,39.7,,,,,,,robot_3,robot_4,11.560200273321438,0.2724960296816936,0.301803828273589,0.40661976950571455,-21.475606553480628,7.575177393865592,0,,,,,
robot,39.800000000000004,robot_1,1.469970830575224,-3.8336101042616093,0.0036151628037129594,0.008179296271284896,0.038646640333860255,,,,,,,,,,0.0,proceed,0.002073734998703003,-0.0,0.0
robot,39.800000000000004,robot_2,3.9011247531996074,3.8858437344295944,0.0855920785927924,-0.00047515804937805356,-0.0017101512191721646,,,,,,,,,,0.0,proceed,0.0,-0.0,0.0
robot,39.800000000000004,robot_3,-2.1600411491056586,-5.731604116949976,0.08556938738670675,-0.00021381329824314392,-0.0007667859890359187,,,,,,,,,,0.11207759457673062,proceed,-6.505151854085962e-05,-0.00013425557619865266,0.00025254374430034286
robot,39.800000000000004,robot_4,-1.8998963654483434,5.845855150531498,0.0422455968555253,0.006453197062448613,0.04588339509807857,,,,,,,,,,0.0,proceed,0.0014853221364319324,-0.0,0.0
pair,39.800000000000004,,,,,,,robot_1,robot_2,8.093236494949117,0.18132333625496277,0.9806367172359943,0.9972595065789134,-8.054893079716312,0.9870667275531503,0,,,,,
pair,39.800000000000004,,,,,,,robot_1,robot_3,4.096262716773377,-0.8358413668780386,0.5064836737371036,0.9773210845708695,-2.170127292762893,3.5044406256456746,0,,,,,
pair,39.800000000000004,,,,,,,robot_1,robot_4,10.249295221505855,-0.8157730930833028,0.7109774083120048,1.0821158045832038,-8.224711267848335,5.082956779315327,0,,,,,
pair,39.800000000000004,,,,,,,robot_2,robot_3,11.36807086841358,-1.0171647031330013,-0.47415304349889076,1.1222500354016067,-8.51592961675153,6.156032979267027,0,,,,,
pair,39.800000000000004,,,,,,,robot_2,robot_4,6.123192857509006,-0.9970964293382656,-0.2696593089239895,1.0329169532389728,-4.926006418976109,3.406488507456477,0,,,,,
pair,39.800000000000004,,,,,,,robot_3,robot_4,11.580381617142708,0.020068273794735747,0.20449373457490125,0.20547608886070087,-56.198833772620645,0.8718369377197995,0,,,,,
robot,39.900000000000006,robot_1,1.4751884887550115,-3.8313756834518373,-0.0005286585399529413,0.008173810301434875,0.03396185809761025,,,,,,,,,,0.0,proceed,0.002001637127250433,-0.0,0.0
robot,39.900000000000006,robot_2,3.943057003830283,3.928772407514765,0.08733071006293996,-0.0004571559523542171,-0.0016451518583824407,,,,,,,,,,0.0,proceed,0.0,-0.0,0.0
robot,39.900000000000006,robot_3,-2.21987160138752,-5.73602709922779,0.08730861859992706,-0.00020689632419822104,-0.0007286632016869789,,,,,,,,,,0.16556380869306633,proceed,-9.890635591730396e-05,-0.00019992194143148776,0.0003710961973114451
robot,39.900000000000006,robot_4,-1.9238192536205114,5.862855801696586,0.04163887650595266,0.006018369959453478,0.04434131034505244,,,,,,,,,,0.0,proceed,0.0015252477023750544,-0.0,0.0
pair,39.900000000000006,,,,,,,robot_1,robot_2,8.143112021913517,0.10027800197303527,0.9375200212729456,0.9428676831705117,-8.462060325355106,1.6285466397701533,0,,,,,
pair,39.900000000000006,,,,,,,robot_1,robot_3,4.157062194071852,-0.9172664804502013,0.4639480614271658,1.0279229542429358,-2.371412761744944,3.36736216661406,0,,,,,
pair,39.900000000000006,,,,,,,robot_1,robot_4,10.272846622060108,-0.9001950758514337,0.656892223527765,1.1143870817262822,-7.591714186859558,5.827344734971042,0,,,,,
pair,39.900000000000006,,,,,,,robot_2,robot_3,11.46254938914302,-1.0175444824232365,-0.4735719598457798,1.1223489541413334,-8.611824026389739,6.1618743514053405,0,,,,,
pair,39.900000000000006,,,,,,,robot_2,robot_4,6.177452192926281,-1.0004730778244688,-0.28062779774518065,1.0390853383235064,-4.9336874791982135,3.4466918142609373,0,,,,,
pair,39.900000000000006,,,,,,,robot_3,robot_4,11.602660537220515,0.01707140459876766,0.19294416210059911,0.19369791569265038,-59.78298445914052,0.7273575981124152,0,,,,,
robot,40.0,robot_1,1.4792929320526884,-3.8295157165139058,-0.00037281830446186546,0.0073274546282103255,0.023882376964386172,,,,,,,,,,0.0,proceed,0.0019874023273587227,-0.0,0.0
robot,40.0,robot_2,3.9789695862648276,3.9654852949683055,0.08730537634730905,-0.00043081974320537814,-0.001550800963604019,,,,,,,,,,0.0,proceed,0.0,-0.0,0.0
robot,40.0,robot_3,-2.271077049459076,-5.7397954256942265,0.08728423101601193,-0.00019631825786360982,-0.0006779387865226739,,,,,,,,,,0.18146642022354065,proceed,-0.00011281688471560828,-0.00021877160358076996,0.00040470078832247406
robot,40.0,robot_4,-1.9486494909300422,5.876353874665737,0.05514042559770615,0.020091177245894865,0.058765390851962945,,,,,,,,,,0.0,proceed,0.0015882288571447134,-0.0,0.0
pair,40.0,,,,,,,robot_1,robot_2,8.18598950308525,0.10302159813876882,0.9387739791815168,0.9444098864748108,-8.493305955801599,1.634436445183088,0,,,,,
pair,40.0,,,,,,,robot_1,robot_3,4.208852998802715,-0.9148223549775174,0.46566063453020545,1.0265182744197419,-2.411772161281264,3.4037058419704596,0,,,,,
pair,40.0,,,,,,,robot_1,robot_4,10.293429641099724,-0.9004043759340343,0.647579066141544,1.109092731517934,-7.618855176866377,5.878087119152372,0,,,,,
pair,40.0,,,,,,,robot_2,robot_3,11.543637070507177,-1.0178439531162862,-0.47311334465131144,1.1224270799399572,-8.694157852732902,6.166530503824511,0,,,,,
pair,40.0,,,,,,,robot_2,robot_4,6.228008241259756,-1.0034259740728033,-0.2911949130399728,1.0448244650774174,-4.938809528636921,3.4871959926358382,0,,,,,
pair,40.0,,,,,,,robot_3,robot_4,11.620623223336702,0.014417979043482965,0.1819184316113386,0.18248888700309288,-63.59462152918763,0.5963425127407345,0,,,,,
robot,40.1,robot_1,1.4840819143112725,-3.8273064790016464,-0.0006007658770643214,0.010524393990258962,0.03893918188651424,,,,,,,,,,0.0,proceed,0.0019244672730565071,-0.0,0.0
robot,40.1,robot_2,4.015636145532695,4.002922381380868,0.09161741298787393,-0.0004235438493118554,-0.0015243007224629906,,,,,,,,,,0.0,proceed,0.0,-0.0,0.0
robot,40.1,robot_3,-2.323326013998215,-5.743625659632327,0.09159613817933442,-0.00019491176229589034,-0.0006569606807804624,,,,,,,,,,0.18214466186938708,proceed,-0.00012324979186593884,-0.00021665672420442843,0.0003989300844074369
robot,40.1,robot_4,-1.982640059005302,5.891718942785409,0.07151141284899618,0.010018751325986983,0.08927497100413946,,,,,,,,,,0.0,proceed,0.001630529179237783,-0.0,0.0
pair,40.1,,,,,,,robot_1,robot_2,8.229292243661197,0.10577006331917177,0.940011065394928,0.9459429736297263,-8.52502826569956,1.6401466376730287,0,,,,,
pair,40.1,,,,,,,robot_1,robot_3,4.262468103646875,-0.9123753250532735,0.4673597811687663,1.02511165188002,-2.453409114423315,3.4414121281899037,0,,,,,
pair,40.1,,,,,,,robot_1,robot_4,10.31879917381955,-0.9006169409121003,0.6372359210018856,1.1032590327176075,-7.653343695514723,5.9315165164552495,0,,,,,
pair,40.1,,,,,,,robot_2,robot_3,11.626591932967413,-1.0181453883724452,-0.47265128422616165,1.1225057988022678,-8.778201902167025,6.17126819526124,0,,,,,
pair,40.1,,,,,,,robot_2,robot_4,6.288630206674612,-1.0063870042312721,-0.30277514439304226,1.050946045402818,-4.947730165720964,3.5368031244152953,0,,,,,
pair,40.1,,,,,,,robot_3,robot_4,11.640331221101096,0.01175838414117314,0.16987613983311942,0.17028259594630607,-68.30467115198762,0.4635731331315172,0,,,,,
robot,40.2,robot_1,1.490927339280998,-3.8237252638982193,-0.0008543855387546815,0.011494532860334907,0.055551329434363896,,,,,,,,,,0.0,proceed,0.001873417291790247,-0.0,0.0
robot,40.2,robot_2,4.058401281758569,4.046529723795088,0.0856675848220867,-0.00037404089823840636,-0.0013449434538337038,,,,,,,,,,0.0,proceed,0.0,-0.0,0.0
robot,40.2,robot_3,-2.3830993000093295,-5.74996141079279,0.08323967301296739,0.005079675850866434,-0.0005782392345185925,,,,,,,,,,0.1812161758106242,proceed,-0.00012953813778566537,-0.0002136003523154495,0.00039518591254041177
robot,40.2,robot_4,-2.029229416629596,5.9129637812959865,0.07232309691583953,0.025638925640932366,0.11390370007810753,,,,,,,,,,0.0,proceed,0.0016961870715022087,-0.0,0.0
pair,40.2,,,,,,,robot_1,robot_2,8.278456137264527,0.11007014891713818,0.9421778911659014,0.9485855872215571,-8.55485379668317,1.6368971520890323,0,,,,,
pair,40.2,,,,,,,robot_1,robot_3,4.326484496162485,-0.9084715757995637,0.47136602004157424,1.0234776640872902,-2.4930449094593894,3.4939847069527414,0,,,,,
pair,40.2,,,,,,,robot_1,robot_4,10.353483334075921,-0.8996635082406172,0.6244576906871337,1.0951446641965268,-7.710151233643337,5.9914959921836175,0,,,,,
pair,40.2,,,,,,,robot_2,robot_3,11.724511430971232,-1.018541724716702,-0.4708118711243272,1.1220922702614362,-8.87405348378609,6.1896870860951765,0,,,,,
pair,40.2,,,,,,,robot_2,robot_4,6.36732468238877,-1.0097336571577555,-0.31772020047876764,1.0585405916588386,-4.956574065183914,3.6075749600422733,0,,,,,
pair,40.2,,,,,,,robot_3,robot_4,11.66829241708581,0.008808067558946475,0.15309167064555954,0.15334484561005446,-76.06382596931061,0.316628193115612,0,,,,,
robot,40.300000000000004,robot_1,1.4962791835790417,-3.8207327867789505,-0.0008543855387546815,0.011494532860334907,0.055551329434363896,,,,,,,,,,0.0,proceed,0.001791565795429051,-0.0,0.0
robot,40.300000000000004,robot_2,4.089116103522836,4.077812472939995,0.0856675848220867,-0.00037404089823840636,-0.0013449434538337038,,,,,,,,,,0.0,proceed,0.0,-0.0,0.0
robot,40.300000000000004,robot_3,-2.426102952528283,-5.7545558266337125,0.08323967301296739,0.005079675850866434,-0.0005782392345185925,,,,,,,,,,0.17160052785530172,proceed,-0.00012641565542570704,-0.000201222168996738,0.00037178710091638635
robot,40.300000000000004,robot_4,-2.0681079967580573,5.922471514520482,0.07232309691583953,0.025638925640932366,0.11390370007810753,,,,,,,,,,0.0,proceed,0.0017243609763681889,-0.0,0.0
pair,40.300000000000004,,,,,,,robot_1,robot_2,8.313231652808206,0.11356221796237725,0.94394892648257,0.9507554644366399,-8.57391677260855,1.6308392291746263,0,,,,,
pair,40.300000000000004,,,,,,,robot_1,robot_3,4.373185700507923,-0.9052635310131756,0.4744962110966935,1.0220805814257312,-2.520653842335449,3.5337477309584155,0,,,,,
pair,40.300000000000004,,,,,,,robot_1,robot_4,10.374723419359729,-0.8976448193706955,0.6194343602626889,1.0906260350904406,-7.763850182777062,5.994752336724569,0,,,,,
pair,40.300000000000004,,,,,,,robot_2,robot_3,11.79506446471547,-1.0188257489755528,-0.4694527153858766,1.12178061971081,-8.942926440117668,6.20342569442288,0,,,,,
pair,40.300000000000004,,,,,,,robot_2,robot_4,6.427610411402087,-1.0112070373330728,-0.3245145662198811,1.062002531089643,-4.989681895018529,3.6378831492835784,0,,,,,
pair,40.300000000000004,,,,,,,robot_3,robot_4,11.68251376692617,0.007618711642480069,0.14493814916599546,0.14513825081885068,-80.47306859489964,0.2554583484665715,0,,,,,
robot,40.400000000000006,robot_1,1.5048930062169172,-3.8156988341587295,-0.000586322541610969,0.013048547718212023,0.038208489207990456,,,,,,,,,,0.0,proceed,0.0017738137394189835,-0.0,0.0
robot,40.400000000000006,robot_2,4.138027015936594,4.127571651342795,0.09194539473081402,-0.0003522940316188494,-0.0012681115328725557,,,,,,,,,,0.0,proceed,0.0,-0.0,0.0
robot,40.400000000000006,robot_3,-2.495634600237609,-5.7595014126295805,0.09180376626413499,-0.00037532088537088355,-0.0013053606934949594,,,,,,,,,,0.16986704008692372,proceed,-0.00013461744087116392,-0.00019707040380209735,0.00036126782441744487
robot,40.400000000000006,robot_4,-2.128341783666663,5.940261269151693,0.0813607024393862,0.028196047700251532,0.12635512860991177,,,,,,,,,,0.0,proceed,0.0017252610996365547,-0.0,0.0
pair,40.400000000000006,,,,,,,robot_1,robot_2,8.368329625378177,0.1190909217576615,0.9466995473783779,0.9541607205557746,-8.604215488185673,1.6211266487667262,0,,,,,
pair,40.400000000000006,,,,,,,robot_1,robot_3,4.4477623131272095,-0.9000615188923529,0.47768209006880036,1.018965611276115,-2.5736537147859933,3.5923904095744468,0,,,,,
pair,40.400000000000006,,,,,,,robot_1,robot_4,10.410530849856078,-0.8946660475693426,0.6088638354019372,1.082193377698139,-7.847536096626527,6.021272289291583,0,,,,,
pair,40.400000000000006,,,,,,,robot_2,robot_3,11.90628742346795,-1.0191524406500143,-0.46901745730957756,1.1218953037356125,-9.055679254766975,6.20836143708799,0,,,,,
pair,40.400000000000006,,,,,,,robot_2,robot_4,6.523283037179464,-1.0137569693270043,-0.3378357119764407,1.0685673404824336,-5.0271518372537,3.700871015219284,0,,,,,
pair,40.400000000000006,,,,,,,robot_3,robot_4,11.705526507727294,0.005395471323010215,0.13118174533313687,0.1312926556188327,-89.15177377411278,0.11381917167445918,0,,,,,
robot,40.5,robot_1,1.5126069273090033,-3.811379670089229,0.00010363249572491965,0.012146396735923083,0.027355017128398124,,,,,,,,,,0.0,proceed,0.0017566171009093523,-0.0,0.0
robot,40.5,robot_2,4.18403153391461,4.174313755339361,0.09194403179001151,-0.00033480474768220886,-0.001205162432497183,,,,,,,,,,0.0,proceed,0.0,-0.0,0.0
robot,40.5,robot_3,-2.5609721101624765,-5.763938894460408,0.09181150785034053,-0.0005240750778499614,-0.0018444610495062723,,,,,,,,,,0.1630901669055727,proceed,-0.00013624307890691754,-0.00018722924102935158,0.0003434554317988707
robot,40.5,robot_4,-2.185253365514636,5.945108723562921,0.07308313835535853,0.021110963744359355,0.11993585724157142,,,,,,,,,,0.0,proceed,0.0016937422333285213,-0.0,0.0
pair,40.5,,,,,,,robot_1,robot_2,8.420677461683908,0.12424884896754451,0.9492558736746604,0.9573528556261806,-8.633034803479774,1.6124172748955108,0,,,,,
pair,40.5,,,,,,,robot_1,robot_3,4.517359151008922,-0.8951636521320882,0.4804637286327064,1.0159544077516969,-2.623989681932446,3.646883158581082,0,,,,,
pair,40.5,,,,,,,robot_1,robot_4,10.433754670333727,-0.8902987616953842,0.6081281428090216,1.0781705445580883,-7.936153754215861,5.970684930703936,0,,,,,
pair,40.5,,,,,,,robot_2,robot_3,12.010992460653089,-1.0194125010996327,-0.468792145041954,1.1220373980626692,-9.162199929694825,6.211178233187991,0,,,,,
pair,40.5,,,,,,,robot_2,robot_4,6.610862647913909,-1.0145476106629288,-0.34112773086563886,1.0703620803575757,-5.1130343191446075,3.7083670860595177,0,,,,,
pair,40.5,,,,,,,robot_3,robot_4,11.715074079843353,0.004864890436703906,0.12766441417631513,0.12775707340864875,-91.6963897543353,0.070425222723489,0,,,,,
robot,40.6,robot_1,1.5165955303752068,-3.809394694503143,0.0003996656147832816,0.005497001211041311,0.006533540181012472,,,,,,,,,,0.0,proceed,0.001717314007692039,-0.0,0.0
robot,40.6,robot_2,4.210882697638381,4.201573640112022,0.0486150300779082,-0.00016632554178831402,-0.000591408167583887,,,,,,,,,,0.0,proceed,0.0,-0.0,0.0
robot,40.6,robot_3,-2.5991401218133467,-5.7664941465437645,0.04861180386011454,-0.0002536262969973389,-0.0008791494068082466,,,,,,,,,,0.1468516215608086,proceed,-0.0001246122000486452,-0.00016626793704560872,0.0003157522300354617
robot,40.6,robot_4,-2.214104532919883,5.948967099557329,0.035410616636016815,0.003293940612196267,0.05437387644903472,,,,,,,,,,0.0,proceed,0.001680069137364626,-0.0,0.0
pair,40.6,,,,,,,robot_1,robot_2,8.45191084890783,0.1274944757897803,0.951010966061584,0.9595189935203462,-8.64801452485315,1.6059530283423358,0,,,,,
pair,40.6,,,,,,,robot_1,robot_3,4.557358689402628,-0.8919646797217077,0.48222061907256886,1.0139712596172439,-2.652696309851017,3.678956523352045,0,,,,,
pair,40.6,,,,,,,robot_1,robot_4,10.447188514909124,-0.8871795974667765,0.6094055388489504,1.0763190739465185,-7.990417228587602,5.931243216405915,0,,,,,
pair,40.6,,,,,,,robot_2,robot_3,12.072232030607184,-1.019459155511488,-0.4687903469890151,1.1220790342869247,-9.225502779749839,6.211295991071263,0,,,,,
pair,40.6,,,,,,,robot_2,robot_4,6.658366527531283,-1.014674073256557,-0.3416054272126336,1.0706342712804304,-5.166681674886875,3.7060698066973354,0,,,,,
pair,40.6,,,,,,,robot_3,robot_4,11.721786750048437,0.004785082254931128,0.12718491977638158,0.12727490259556704,-92.09713926170866,0.055696174878326406,0,,,,,
robot,40.7,robot_1,1.5209266409812576,-3.807424773056049,0.0009214336046522212,0.008208268211161033,0.001905367496157238,,,,,,,,,,0.0,proceed,0.0016954184975475073,-0.0,0.0
robot,40.7,robot_2,4.244922693050975,4.236111366498561,0.09039178996729869,-0.0002837643926515976,-0.0010173032765174342,,,,,,,,,,0.0,proceed,0.0,-0.0,0.0
robot,40.7,robot_3,-2.6475195812766312,-5.7697458556081465,0.09038213083640052,-0.0003549782567891617,-0.0012321313095919417,,,,,,,,,,0.13110555738866608,proceed,-0.00011901463926895507,-0.00014713027987859926,0.000270851980276168
robot,40.7,robot_4,-2.246122234503603,5.958394984728869,0.059729379595120036,-0.007674309213736623,0.07713660315386268,,,,,,,,,,0.0,proceed,0.0015549713280051947,-0.0,0.0
pair,40.7,,,,,,,robot_1,robot_2,8.492268726318809,0.1300391004212823,0.9520150063147055,0.9608552127593236,-8.677883679687048,1.6103476302898532,0,,,,,
pair,40.7,,,,,,,robot_1,robot_3,4.607238645749154,-0.889685989873822,0.4834437770242125,1.012550762244145,-2.6919404398757343,3.7144399086279436,0,,,,,
pair,40.7,,,,,,,robot_1,robot_4,10.467181701481733,-0.886093624581051,0.6020196601667169,1.0712560771124866,-8.03176817080597,5.960846597521384,0,,,,,
pair,40.7,,,,,,,robot_2,robot_3,12.150018076287921,-1.0197250902951043,-0.468571229290493,1.1222291462514071,-9.30353291892556,6.2140816189735375,0,,,,,
pair,40.7,,,,,,,robot_2,robot_4,6.715647780605866,-1.0161327250023333,-0.34999534614798855,1.0747197109692916,-5.188619391894617,3.742282030794325,0,,,,,
pair,40.7,,,,,,,robot_3,robot_4,11.735007771653901,0.0035923652927709604,0.11857588314250446,0.11863028766475102,-98.92007853831957,0.04606141389925348,0,,,,,
robot,40.800000000000004,robot_1,1.5252845787228022,-3.8060520140506147,0.001936983940080622,0.0062386717824513445,-0.0026330504525150567,,,,,,,,,,0.0,proceed,0.0016800176817923784,-0.0,0.0
robot,40.800000000000004,robot_2,4.284394989072241,4.276138040618646,0.08695211659246561,-0.00024272915646941784,-0.0008952747757184528,,,,,,,,,,0.0,proceed,0.0,-0.0,0.0
robot,40.800000000000004,robot_3,-2.703604070762839,-5.773523745420098,0.08694844163740315,-0.0002743986525956775,-0.000975220417099145,,,,,,,,,,0.11438300776997815,proceed,-0.00010782424292759977,-0.0001268987933501703,0.00023408768642931886
robot,40.800000000000004,robot_4,-2.2791145161028954,5.974242222837067,0.05318859010816746,-0.01631566444801242,0.05237319240031491,,,,,,,,,,0.0,proceed,0.0015016605611890554,-0.0,0.0
pair,40.800000000000004,,,,,,,robot_1,robot_2,8.540168987572397,0.13289790517441114,0.9532987717605069,0.9625177408442079,-8.71229475030153,1.6167498756811183,0,,,,,
pair,40.800000000000004,,,,,,,robot_1,robot_3,4.6641659729780764,-0.8870142724079553,0.48486507906262194,1.0108849906640305,-2.737212865704985,3.7547455652403516,0,,,,,
pair,40.800000000000004,,,,,,,robot_1,robot_4,10.494170183144973,-0.8847961721325919,0.5920983365785082,1.064633601949292,-8.078924056528543,6.012386341819097,0,,,,,
pair,40.800000000000004,,,,,,,robot_2,robot_3,12.240418002422278,-1.0199121775823665,-0.468433692697885,1.1223417369212378,-9.395257701573735,6.215894858489747,0,,,,,
pair,40.800000000000004,,,,,,,robot_2,robot_4,6.779617602652237,-1.0176940773070031,-0.3612004351819987,1.0798921193162851,-5.20190404590781,3.795650496162086,0,,,,,
pair,40.800000000000004,,,,,,,robot_3,robot_4,11.755432643121079,0.0022181002753633994,0.1072332575158863,0.10725619556137517,-109.5883749607628,0.18145035535426104,0,,,,,
robot,40.900000000000006,robot_1,1.5285914251931751,-3.8057521449895786,0.0025218463498277105,0.004385109747630065,-0.004938929691649328,,,,,,,,,,0.0,proceed,0.001671208650805056,-0.0,0.0
robot,40.900000000000006,robot_2,4.320555124209077,4.312770835481012,0.08582893026112434,-0.00024564014641149934,-0.0008815162993452999,,,,,,,,,,0.0,proceed,0.0,-0.0,0.0
robot,40.900000000000006,robot_3,-2.754956581158638,-5.776995174320071,0.08582145271873004,-0.00020307903660341312,-0.0006983668210985516,,,,,,,,,,0.09454897886576968,proceed,-9.335027148830224e-05,-0.00010330566133498309,0.00019127864159429437
robot,40.900000000000006,robot_4,-2.305668173728457,5.991719553040436,0.0471605207567416,-0.022380655323100337,0.040492480641537716,,,,,,,,,,0.0,proceed,0.0014597950503230095,-0.0,0.0
pair,40.900000000000006,,,,,,,robot_1,robot_2,8.58518937945178,0.1349244967756243,0.9541502199276765,0.9636427045426063,-8.747502972091052,1.6277455766027895,0,,,,,
pair,40.900000000000006,,,,,,,robot_1,robot_3,4.715356042061368,-0.8851514425913927,0.4858433294284733,1.0097211580786885,-2.7795694802747986,3.7891469398966624,0,,,,,
pair,40.900000000000006,,,,,,,robot_1,robot_4,10.521026487259778,-0.8842000997751704,0.58046138015032,1.0577075353274343,-8.11382825865751,6.086073531002213,0,,,,,
pair,40.900000000000006,,,,,,,robot_2,robot_3,12.323402290980068,-1.020075939367017,-0.46830689049920315,1.1224376444883406,-9.479312622139725,6.21755398999562,0,,,,,
pair,40.900000000000006,,,,,,,robot_2,robot_4,6.835620234501373,-1.0191245965507947,-0.37368883977735645,1.0854760671101722,-5.198811488998455,3.857481300229534,0,,,,,
pair,40.900000000000006,,,,,,,robot_3,robot_4,11.777287735596989,0.0009513428162223336,0.09461805072184669,0.09462283326743039,-124.41645066438248,0.3309424377773402,0,,,,,
robot,41.0,robot_1,1.5316324901770464,-3.80607595425023,0.0025312803016681084,0.0030118692696982324,-0.006351351288788144,,,,,,,,,,0.0,proceed,0.0016611033352091908,-0.0,0.0
robot,41.0,robot_2,4.363142387525366,4.355872469432034,0.08563689144819933,-0.00023226775598161192,-0.0008353898757295282,,,,,,,,,,0.0,proceed,0.0,-0.0,0.0
robot,41.0,robot_3,-2.8154031378633433,-5.781102330524471,0.0856273606438436,-0.0001378634910921524,-0.0004695511334910754,,,,,,,,,,0.07307769107335035,proceed,-7.364361283346663e-05,-7.942196686443744e-05,0.00014661320431713724
robot,41.0,robot_4,-2.3353805303673005,6.014166291634972,0.046976189185089855,-0.02450213504028073,0.03428029579258694,,,,,,,,,,0.0,proceed,0.0014152562944218516,-0.0,0.0
pair,41.0,,,,,,,robot_1,robot_2,8.639146391260592,0.13664186530626166,0.9548008359695583,0.9645287117149712,-8.79264806263952,1.646673801005684,0,,,,,
pair,41.0,,,,,,,robot_1,robot_3,4.774667311806286,-0.8836150225054511,0.486645585446604,1.00876133640816,-2.8301589224586534,3.8270981794680083,0,,,,,
pair,41.0,,,,,,,robot_1,robot_4,10.554190990735762,-0.8839124201959492,0.5647339432005616,1.0489163899851672,-8.147351797841258,6.193439859456133,0,,,,,
pair,41.0,,,,,,,robot_2,robot_3,12.421343484302795,-1.0202568878117129,-0.4681552505229543,1.1225388437463766,-9.57836773057052,6.219512688843767,0,,,,,
pair,41.0,,,,,,,robot_2,robot_4,6.900735300117642,-1.0205542855022107,-0.39006689276899675,1.0925581130957693,-5.185094834010125,3.940523470551515,0,,,,,
pair,41.0,,,,,,,robot_3,robot_4,11.805032129249222,-0.00029739769049796916,0.07808835775395759,0.07808892406799048,-151.02468218106532,0.5249408061440436,0,,,,,
robot,41.1,robot_1,1.533700483236342,-3.806965595750251,0.0031701703220476628,0.0019271961772955623,-0.00675205508202379,,,,,,,,,,0.0,proceed,0.001651681144721806,-0.0,0.0
robot,41.1,robot_2,4.399613029602871,4.3927546204869765,0.086429369093035,-0.00022249729867145074,-0.0008008341819831105,,,,,,,,,,0.0,proceed,0.0,-0.0,0.0
robot,41.1,robot_3,-2.8671450660023177,-5.784636318424795,0.08641812107581491,-9.320382599660448e-05,-0.0003137810708508669,,,,,,,,,,0.04864233831783745,proceed,-5.1160147255537426e-05,-5.212332951502321e-05,9.659416997595562e-05
robot,41.1,robot_4,-2.3613732824447693,6.033584511317588,0.0480468940979195,-0.025339345341254566,0.032638019891552676,,,,,,,,,,0.0,proceed,0.0013657653471454978,-0.0,0.0
pair,41.1,,,,,,,robot_1,robot_2,8.686130689092272,0.13759526621358137,0.9550888358031797,0.9649492948130796,-8.834236344154093,1.6674020075889682,0,,,,,
pair,41.1,,,,,,,robot_1,robot_3,4.824792538086769,-0.8828086501271094,0.48706789330294264,1.0082590170317425,-2.8741728695900375,3.857555772672128,0,,,,,
pair,41.1,,,,,,,robot_1,robot_4,10.583384432676064,-0.8838179924244175,0.5507498016477907,1.0413738943089599,-8.172012489560556,6.291730733730402,0,,,,,
pair,41.1,,,,,,,robot_2,robot_3,12.50540121481462,-1.0204039163406908,-0.468020942500237,1.1226164772985607,-9.663232650343373,6.221229369602463,0,,,,,
pair,41.1,,,,,,,robot_2,robot_4,6.9572450468801765,-1.021413258637999,-0.40433903415538897,1.098533158108215,-5.1727198299835795,4.014167481852816,0,,,,,
pair,41.1,,,,,,,robot_3,robot_4,11.829038366562166,-0.0010093422973080912,0.06368190834484808,0.06368990675385516,-185.409618372727,0.6930005832303564,0,,,,,
robot,41.2,robot_1,1.5354837888467212,-3.8084019402411475,0.0038394185850238816,0.0011035115120781307,-0.006576536402633877,,,,,,,,,,0.0,proceed,0.0016150588635355234,-0.0,0.0
robot,41.2,robot_2,4.436442446137763,4.429974952566312,0.08909025697273724,-0.0002141607080756308,-0.0007709262745901745,,,,,,,,,,0.0,proceed,0.0,-0.0,0.0
robot,41.2,robot_3,-2.9193770329927142,-5.788216883462725,0.08907781907804888,-5.738143701890415e-05,-0.00018940155796081572,,,,,,,,,,0.0221781724435196,proceed,-2.441256263751021e-05,-2.335635979678521e-05,4.328127578079229e-05
robot,41.2,robot_4,-2.3882242997183947,6.052877928145901,0.04991824935865296,-0.02630990062931627,0.03411801077952415,,,,,,,,,,0.0,proceed,0.0013175765052437782,-0.0,0.0
pair,41.2,,,,,,,robot_1,robot_2,8.734209463898592,0.13819993395265345,0.9551953371638315,0.965141105685611,-8.878362836095016,1.691399351524618,0,,,,,
pair,41.2,,,,,,,robot_1,robot_3,4.874982271902472,-0.8823469207544228,0.48731355608458227,1.0079735068485742,-2.919203890073721,3.8868062118185938,0,,,,,
pair,41.2,,,,,,,robot_1,robot_4,10.613214678264404,-0.8837198374955855,0.5366149726363855,1.0338841231205618,-8.19443809141275,6.3924844055664725,0,,,,,
pair,41.2,,,,,,,robot_2,robot_3,12.590453709356378,-1.0205468547070762,-0.4678817810792492,1.1226884000996877,-9.748952025755838,6.222999738163854,0,,,,,
pair,41.2,,,,,,,robot_2,robot_4,7.014976141095561,-1.021919771448239,-0.41858036452744607,1.1043231143305616,-5.161782762281036,4.088611452168005,0,,,,,
pair,41.2,,,,,,,robot_3,robot_4,11.8530017111097,-0.0013729167411626886,0.04930141655180317,0.04932052893463914,-239.69168587714626,0.8605629415001876,0,,,,,
robot,41.300000000000004,robot_1,1.5372700845821794,-3.810645452656412,0.005469697772806376,0.0005518710708310626,-0.006943964255403651,,,,,,,,,,0.0,proceed,0.0036263689398765564,-0.0,0.0
robot,41.300000000000004,robot_2,4.477944321148984,4.471889988361642,0.10674217864213195,-0.00024172358757124784,-0.0008697000024853488,,,,,,,,,,0.0,proceed,0.0,-0.0,0.0
robot,41.300000000000004,robot_3,-2.9782151378000488,-5.792262215616679,0.10672729342168293,-4.329927450088915e-05,-0.0001422676970633712,,,,,,,,,,0.0,proceed,0.0,-0.0,0.0
robot,41.300000000000004,robot_4,-2.419526716657267,6.073651016929623,0.06121400107662682,-0.030234935655881732,0.04240147719480045,,,,,,,,,,0.0,proceed,0.0012242504162713885,-0.0,0.0
pair,41.300000000000004,,,,,,,robot_1,robot_2,8.789081766449092,0.13847061085156137,0.9550795086751294,0.9650652713473483,-8.93076512965816,1.7218420478403884,0,,,,,
pair,41.300000000000004,,,,,,,robot_1,robot_3,4.9311673860048,-0.882247858607802,0.48737510573453374,1.007916552948606,-2.970763886289985,3.9179952168179586,0,,,,,
pair,41.300000000000004,,,,,,,robot_1,robot_4,10.646856701626525,-0.8836250566991863,0.5211161371782217,1.0258436865596003,-8.216988545062044,6.50397468066968,0,,,,,
pair,41.300000000000004,,,,,,,robot_2,robot_3,12.686494170719827,-1.0207184694593634,-0.46770440294059556,1.1227705030082882,-9.845387060203585,6.225253603686342,0,,,,,
pair,41.300000000000004,,,,,,,robot_2,robot_4,7.081013000271585,-1.0220956675507478,-0.4339633714969076,1.110407025116003,-5.153893156947351,4.170004952585656,0,,,,,
pair,41.300000000000004,,,,,,,robot_3,robot_4,11.8790584472944,-0.0013771980913844795,0.03374103144368793,0.03376912609865483,-350.4164231438385,1.0421482788327598,0,,,,,
robot,41.400000000000006,robot_1,1.538514723600828,-3.812699650624351,0.005026174435488697,2.181247403251676e-05,-0.004729369755751382,,,,,,,,,,0.0,proceed,0.003551553236320615,-0.0,0.0
robot,41.400000000000006,robot_2,4.5087587213121925,4.502993369023825,0.0874845122554862,-0.00018691716059019564,-0.0006713531760023311,,,,,,,,,,0.0,proceed,0.0,-0.0,0.0
robot,41.400000000000006,robot_3,-3.0218885851816033,-5.795269993999989,0.08747281416063571,-2.2382318434988925e-05,-7.543753261569945e-05,,,,,,,,,,0.0,proceed,0.0,-0.0,0.0
robot,41.400000000000006,robot_4,-2.44350754070189,6.08819896384433,0.05071831462010998,-0.024023166631104872,0.03593987841550181,,,,,,,,,,0.0,proceed,0.001165494555607438,-0.0,0.0
pair,41.400000000000006,,,,,,,robot_1,robot_2,8.830237811235085,0.1386762176829256,0.9550735046170531,0.9650888521645778,-8.969327612261877,1.7445155286051681,0,,,,,
pair,41.400000000000006,,,,,,,robot_1,robot_3,4.972711886404273,-0.882118722900203,0.48744885300096963,1.0078391863700509,-3.0090535251253043,3.9409320803962196,0,,,,,
pair,41.400000000000006,,,,,,,robot_1,robot_4,10.671658478764694,-0.8832602762530741,0.5103376194961439,1.0200947022113427,-8.235651648318154,6.58065831306868,0,,,,,
pair,41.400000000000006,,,,,,,robot_2,robot_3,12.757933890289635,-1.0207949405831287,-0.46762465161608346,1.1228068068546684,-9.91751949704777,6.2262704251038805,0,,,,,
pair,41.400000000000006,,,,,,,robot_2,robot_4,7.130700032660853,-1.0219364939359998,-0.4447358851209093,1.1145152332527728,-5.152201144484247,4.227758936609352,0,,,,,
pair,41.400000000000006,,,,,,,robot_3,robot_4,11.89753584170533,-0.0011415533528711386,0.022888766495174195,0.022917215706277673,-516.638091800658,1.1696029242136954,0,,,,,
robot,41.5,robot_1,1.5402787450296265,-3.816134386389739,0.006283529489983287,-0.0002410517440557423,-0.003685782843523471,,,,,,,,,,0.0,proceed,0.0034999395720660686,-0.0,0.0
robot,41.5,robot_2,4.551028172037527,4.545635210321364,0.0922098318259614,-0.00018873236564240226,-0.0006702101180640672,,,,,,,,,,0.0,proceed,0.0,-0.0,0.0
robot,41.5,robot_3,-3.0817804354519467,-5.7993994241443705,0.09219815371183507,-1.5531196076854457e-05,-5.5154123481195986e-05,,,,,,,,,,0.0,proceed,0.0,-0.0,0.0
robot,41.5,robot_4,-2.4774740621011535,6.106491787980098,0.05451712280929662,-0.02344486873337377,0.03836744557375328,,,,,,,,,,0.0,proceed,0.001079757115803659,-0.0,0.0
pair,41.5,,,,,,,robot_1,robot_2,8.887283212585867,0.1386172759599421,0.9548308437294242,0.9648402403152548,-9.024886436723724,1.778191476950105,0,,,,,
pair,41.5,,,,,,,robot_1,robot_3,5.0295895734994,-0.8823168331837191,0.4873573342699743,1.0079683355076599,-3.0625603843055482,3.9708217287375307,0,,,,,
pair,41.5,,,,,,,robot_1,robot_4,10.705178551313221,-0.8828787709731969,0.4965190752606539,1.0129196001326253,-8.259172823429878,6.6792913202052775,0,,,,,
pair,41.5,,,,,,,robot_2,robot_3,12.85610784128933,-1.0209341091436612,-0.46747350945944993,1.1228704009186883,-10.016056726097279,6.228201300970635,0,,,,,
pair,41.5,,,,,,,robot_2,robot_4,7.199730336013492,-1.0214960469331391,-0.4583117684687703,1.1195998620118714,-5.156927363530561,4.3012278546276965,0,,,,,
pair,41.5,,,,,,,robot_3,robot_4,11.921217712457695,-0.0005619377894777733,0.009161740990679616,0.009178958114053157,-1290.6217919256396,1.3320540860123773,0,,,,,
robot,41.6,robot_1,1.540674592936501,-3.823280573431832,0.01653144114056778,-0.010201146460059235,-0.0027882073350162157,,,,,,,,,,0.0,proceed,0.003468743059784174,-0.0,0.0
robot,41.6,robot_2,4.586286245129465,4.58118635460933,0.08651810950187316,-0.00016295689142913072,-0.0005859057235247156,,,,,,,,,,0.0,proceed,0.0,-0.0,0.0
robot,41.6,robot_3,-3.1317257329780332,-5.802844363920259,0.08650787795943723,-1.1240755962428975e-05,-4.0416407367518476e-05,,,,,,,,,,0.0,proceed,0.0,-0.0,0.0
robot,41.6,robot_4,-2.506751834978703,6.120648912318504,0.052070237202104686,-0.021755181074407708,0.03655939564799245,,,,,,,,,,0.0,proceed,0.000997229595668614,-0.0,0.0
pair,41.6,,,,,,,robot_1,robot_2,8.939284908789471,0.13536511014832198,0.9529232584583612,0.9624897140002941,-9.09024691744504,1.8333313722599551,0,,,,,
pair,41.6,,,,,,,robot_1,robot_3,5.074445546679869,-0.8856669092318146,0.4855573782830595,1.0100355645784724,-3.114179808920349,3.981991067975506,0,,,,,
pair,41.6,,,,,,,robot_1,robot_4,10.736079093736288,-0.885557857313422,0.484006144631973,1.0091950587924245,-8.244832711755414,6.784561188609959,0,,,,,
pair,41.6,,,,,,,robot_2,robot_3,12.938152992509284,-1.0210320193801365,-0.46736588017530173,1.1229146230019067,-10.09842401481177,6.229585267839216,0,,,,,
pair,41.6,,,,,,,robot_2,robot_4,7.258177055738791,-1.020922967461744,-0.46891711382638823,1.1234620443656131,-5.165374570697994,4.359488290735524,0,,,,,
pair,41.6,,,,,,,robot_3,robot_4,11.939861150017258,0.00010905191839261086,-0.0015512336510864755,0.0015550621084600403,7620.474323615464,1.4595946650582328,0,,,,,
robot,41.7,robot_1,1.5393069189877444,-3.8383118360114388,0.026357938404505406,-0.017712983926267783,-0.0018273930066463944,,,,,,,,,,0.0,proceed,0.00344860483892262,-0.0,0.0
robot,41.7,robot_2,4.622918665732959,4.618107219550271,0.08592326674883743,-0.000151633039348828,-0.0005435263836662966,,,,,,,,,,0.0,proceed,0.0,-0.0,0.0
robot,41.7,robot_3,-3.183606905085863,-5.8064227899409975,0.08591374496459868,-9.671222792523304e-06,-3.466688407845435e-05,,,,,,,,,,0.0,proceed,0.0,-0.0,0.0
robot,41.7,robot_4,-2.5382029006650035,6.134069345652939,0.053208577493928606,-0.019940095010650263,0.035593227338903126,,,,,,,,,,0.0,proceed,0.0008957149111665785,-0.0,0.0
pair,41.7,,,,,,,robot_1,robot_2,9.001093525118616,0.12921571441468127,0.9493674645490788,0.958120704084847,-9.179459157749257,1.914976294932929,0,,,,,
pair,41.7,,,,,,,robot_1,robot_3,5.116578516606885,-0.8919190252296487,0.4821151677123988,1.0138809508541726,-3.174848973996627,3.9771769955436134,0,,,,,
pair,41.7,,,,,,,robot_1,robot_4,10.773786370713799,-0.8909972527850727,0.4704186983867839,1.0075563787016897,-8.199854016014061,6.91497520321982,0,,,,,
pair,41.7,,,,,,,robot_2,robot_3,13.02354281317615,-1.02113473964433,-0.46725229683668,1.122960758623224,-10.183968179739454,6.231057212057679,0,,,,,
pair,41.7,,,,,,,robot_2,robot_4,7.319822624661593,-1.020212967199754,-0.4789487661622949,1.1270432196907583,-5.180022075752191,4.415460268474532,0,,,,,
pair,41.7,,,,,,,robot_3,robot_4,11.957922008823402,0.00092177244457603,-0.011696469325614918,0.01173273451181055,1010.2401232029799,1.5815038469443308,0,,,,,
robot,41.800000000000004,robot_1,1.5362566136778373,-3.864444727630853,0.036433447143480235,-0.02609434571731282,0.000663393556477081,,,,,,,,,,0.0,proceed,0.0034120234195142984,-0.0,0.0
robot,41.800000000000004,robot_2,4.6659757232979375,4.661482832819397,0.09154857207462294,-0.0001507528530353755,-0.0005428642945504467,,,,,,,,,,0.0,proceed,0.0,-0.0,0.0
robot,41.800000000000004,robot_3,-3.24457308670881,-5.810627090058202,0.091539133514337,-9.720462348142798e-06,-3.500406835943636e-05,,,,,,,,,,0.0,proceed,0.0,-0.0,0.0
robot,41.800000000000004,robot_4,-2.5763315071987454,6.148310807209999,0.05760789393286051,-0.02076972827392952,0.037031756709875345,,,,,,,,,,0.0,proceed,0.0007770811207592487,-0.0,0.0
pair,41.800000000000004,,,,,,,robot_1,robot_2,9.082212421605561,0.11900175031668453,0.9433226594254077,0.9507991672082271,-9.308589960795768,2.038006256004791,0,,,,,
pair,41.800000000000004,,,,,,,robot_1,robot_3,5.161778609347981,-0.9022530673652509,0.47620352991281123,1.020210958317654,-3.2538820470680974,3.9527089495668424,0,,,,,
pair,41.800000000000004,,,,,,,robot_1,robot_4,10.824447073752141,-0.9002900331117032,0.4538395128072169,1.0082125009666185,-8.112904540306838,7.089704815198032,0,,,,,
pair,41.800000000000004,,,,,,,robot_2,robot_3,13.124094967361774,-1.0212548176819354,-0.4671191295125965,1.1230145519071286,-10.284493353009989,6.232799053270986,0,,,,,
pair,41.800000000000004,,,,,,,robot_2,robot_4,7.393353193668959,-1.0192917834283877,-0.4894831466181908,1.1307296275360739,-5.204528308610902,4.475427853300465,0,,,,,
pair,41.800000000000004,,,,,,,robot_3,robot_4,11.977593349221022,0.001963034253547824,-0.02236401710559427,0.02245000589264767,528.0489102293869,1.7113746440397892,0,,,,,
robot,41.900000000000006,robot_1,1.532667673075557,-3.892225113928861,0.04296970078815534,-0.03081372554182053,0.004949834731513136,,,,,,,,,,0.0,proceed,0.0018330402672290802,-0.0,0.0
robot,41.900000000000006,robot_2,4.7025217230188225,4.698282909091297,0.09151264998187526,-0.0001418308405552321,-0.000510933592723318,,,,,,,,,,0.0,proceed,0.0,-0.0,0.0
robot,41.900000000000006,robot_3,-3.2963089247379145,-5.814193897190303,0.09150383503965495,-9.607207848503184e-06,-3.4609577341801306e-05,,,,,,,,,,0.0,proceed,0.0,-0.0,0.0
robot,41.900000000000006,robot_4,-2.6096519054962304,6.159185321889022,0.05895018246912541,-0.019804615369026456,0.03548741599547575,,,,,,,,,,0.0,proceed,0.0006661044317297637,-0.0,0.0
pair,41.900000000000006,,,,,,,robot_1,robot_2,9.156680773703723,0.10835386074646736,0.9367803966595523,0.9430260180420755,-9.435402722712286,2.1618093087438486,0,,,,,
pair,41.900000000000006,,,,,,,robot_1,robot_3,5.1974011761708026,-0.9129916719773121,0.46976199111979194,1.026757089773798,-3.32559985178918,3.918367055506908,0,,,,,
pair,41.900000000000006,,,,,,,robot_1,robot_4,10.871506944314932,-0.9100939456720096,0.4391684065657464,1.0105146605934738,-8.014731419704427,7.252296458510355,0,,,,,
pair,41.900000000000006,,,,,,,robot_2,robot_3,13.209597281298967,-1.0213455327237795,-0.4670184055397604,1.123055158185795,-10.369918853296062,6.234128428714156,0,,,,,
pair,41.900000000000006,,,,,,,robot_2,robot_4,7.456682843816626,-1.018447806418477,-0.4976119900938059,1.1335138407111427,-5.230249184414816,4.522642728108093,0,,,,,
pair,41.900000000000006,,,,,,,robot_3,robot_4,11.993052479913297,0.002897726305302495,-0.03059358455404554,0.03073050981689005,385.7821298865341,1.8126245166838209,0,,,,,
robot,42.0,robot_1,1.5290072212283998,-3.9235862637278585,0.044578225554592704,-0.03101414783693082,0.010727121715502165,,,,,,,,,,0.0,proceed,0.003564168233424425,-0.0,0.0
robot,42.0,robot_2,4.739152423623463,4.735153619949825,0.08588481433496883,-0.00012545781144228385,-0.00044989520029426096,,,,,,,,,,0.0,proceed,0.0,-0.0,0.0
robot,42.0,robot_3,-3.348154699587687,-5.817767237758459,0.08587710742278279,-9.133096316203855e-06,-3.2751912429654407e-05,,,,,,,,,,0.0,proceed,0.0,-0.0,0.0
robot,42.0,robot_4,-2.6437798469148377,6.169101378622313,0.0560738511529524,-0.018273627714261637,0.031028357288955078,,,,,,,,,,0.0,proceed,0.0005564839229919016,-0.0,0.0
pair,42.0,,,,,,,robot_1,robot_2,9.234652597344995,0.09652056068566478,0.9291772553464999,0.9341769588725306,-9.574283901872562,2.2983305888988945,0,,,,,
pair,42.0,,,,,,,robot_1,robot_3,5.232077022009325,-0.9249054631003107,0.46224821647395486,1.0339842983847252,-3.400291760880376,3.874718152482807,0,,,,,
pair,42.0,,,,,,,robot_1,robot_4,10.921286360228418,-0.9210291272975587,0.4239556126650044,1.0139196293793025,-7.900631484951348,7.423253850931909,0,,,,,
pair,42.0,,,,,,,robot_2,robot_3,13.295438132464698,-1.0214260237859756,-0.466929038872545,1.1230912026232185,-10.455638812482224,6.235316804683708,0,,,,,
pair,42.0,,,,,,,robot_2,robot_4,7.520897226126527,-1.0175496879832235,-0.5052216426814955,1.136070541713209,-5.259370069071787,4.56761272598772,0,,,,,
pair,42.0,,,,,,,robot_3,robot_4,12.007546092330946,0.00387633580275204,-0.03829260380895046,0.038488303232604895,308.01510499309575,1.908046574647105,0,,,,,
robot,42.1,robot_1,1.5250709525224706,-3.962822785735129,0.044578225554592704,-0.03101414783693082,0.010727121715502165,,,,,,,,,,0.0,proceed,0.0035367587115615606,-0.0,0.0
robot,42.1,robot_2,4.781956051761866,4.778219990416158,0.08588481433496883,-0.00012545781144228385,-0.00044989520029426096,,,,,,,,,,0.0,proceed,0.0,-0.0,0.0
robot,42.1,robot_3,-3.408725347558619,-5.821940604217993,0.08587710742278279,-9.133096316203855e-06,-3.2751912429654407e-05,,,,,,,,,,0.0,proceed,0.0,-0.0,0.0
robot,42.1,robot_4,-2.6846520148470576,6.179488846183375,0.0560738511529524,-0.018273627714261637,0.031028357288955078,,,,,,,,,,0.0,proceed,0.0003622573858592659,-0.0,0.0
pair,42.1,,,,,,,robot_1,robot_2,9.328082834331726,0.07854144752129333,0.916899733638862,0.92025750772583,-9.765870046847283,2.4989776320147756,0,,,,,
pair,42.1,,,,,,,robot_1,robot_3,5.272443929876764,-0.942978714301238,0.45007509854358935,1.0448810697654722,-3.494966626617374,3.803004476913719,0,,,,,
pair,42.1,,,,,,,robot_1,robot_4,10.981268264683633,-0.9379806701894156,0.403797947557126,1.0212054250249225,-7.713479641481286,7.651168488042676,0,,,,,
pair,42.1,,,,,,,robot_2,robot_3,13.395919767496714,-1.0215201618225314,-0.4668246350952726,1.1231334208106198,-10.555778928437691,6.236717544653303,0,,,,,
pair,42.1,,,,,,,robot_2,robot_4,7.596959288195022,-1.0165221177107089,-0.513101786081736,1.1386793484889992,-5.299265921235361,4.615479086952688,0,,,,,
pair,42.1,,,,,,,robot_3,robot_4,12.02325209933258,0.004998044111822475,-0.04627715098646334,0.04654626889845896,254.677575453479,2.0085761319591247,0,,,,,
robot,42.2,robot_1,1.5232088819479532,-3.9923375218956854,0.03206915179848189,-0.01900014041814952,0.022644141957122808,,,,,,,,,,0.0,proceed,0.0036451106425374746,-0.0,0.0
robot,42.2,robot_2,4.818562308629766,4.815037449753226,0.0872979393875677,-0.00011242147356318316,-0.00040462927862518737,,,,,,,,,,0.0,proceed,0.0,-0.0,0.0
robot,42.2,robot_3,-3.460517050577474,-5.825508096961925,0.08729113253431434,-8.990577926710347e-06,-3.235933539980091e-05,,,,,,,,,,0.0,proceed,0.0,-0.0,0.0
robot,42.2,robot_4,-2.72027417975715,6.187740996186449,0.05884668174182919,-0.018483542965708758,0.027618180686352935,,,,,,,,,,0.0,proceed,0.00033905598684214056,-0.0,0.0
pair,42.2,,,,,,,robot_1,robot_2,9.403680561246816,0.06683963110366281,0.9083538263814002,0.9108096454187365,-9.909267745205897,2.6401402448953144,0,,,,,
pair,42.2,,,,,,,robot_1,robot_3,5.310182532438516,-0.9547573372363908,0.441614303513238,1.051943328356716,-3.568361570829987,3.7560176551674407,0,,,,,
pair,42.2,,,,,,,robot_1,robot_4,11.029104547935678,-0.9488090774200378,0.3891131051854631,1.0254987440371328,-7.595183643093046,7.808645385891482,0,,,,,
pair,42.2,,,,,,,robot_2,robot_3,13.482001504515974,-1.0215969683400536,-0.4667395228681622,1.1231679072733463,-10.641442808332158,6.237870114284988,0,,,,,
pair,42.2,,,,,,,robot_2,robot_4,7.662791307677923,-1.0156487085237007,-0.5192407211959371,1.140681035905278,-5.336839525695843,4.6539350723192925,0,,,,,
pair,42.2,,,,,,,robot_3,robot_4,12.036033951507056,0.005948259816352941,-0.05250119832777491,0.05283708565671648,224.34140114267578,2.087957033304854,0,,,,,
robot,42.300000000000004,robot_1,1.5194420391077772,-4.006209319036956,0.001351672742863786,-0.008302218225839259,0.02017261696676784,,,,,,,,,,0.0,proceed,0.0036242976784706116,-0.0,0.0
robot,42.300000000000004,robot_2,4.8590731683908395,4.855768645207683,0.057062981191760356,-6.89457645739848e-05,-0.00024679617512322953,,,,,,,,,,0.0,proceed,0.0,-0.0,0.0
robot,42.300000000000004,robot_3,-3.517824019767435,-5.829454515929086,0.057058837674982224,-5.70674107072764e-06,-2.0427861606357634e-05,,,,,,,,,,0.0,proceed,0.0,-0.0,0.0
robot,42.300000000000004,robot_4,-2.760296712119606,6.196254369629617,0.03902852020033583,-0.012030932225585178,0.016501909883743185,,,,,,,,,,0.0,proceed,0.0003277872165199369,-0.0,0.0
pair,42.300000000000004,,,,,,,robot_1,robot_2,9.470363747947278,0.06200708387818027,0.9046557903029496,0.9067783507449492,-10.002007538725962,2.7258163205989687,0,,,,,
pair,42.300000000000004,,,,,,,robot_1,robot_3,5.35707685178087,-0.9596450704142754,0.4379774254387363,1.054866288381785,-3.6265765918947364,3.7501218198361763,0,,,,,
pair,42.300000000000004,,,,,,,robot_1,robot_4,11.063743900566266,-0.9524194598332427,0.37772480182597756,1.0245871624139744,-7.553810042040023,7.906073568761793,0,,,,,
pair,42.300000000000004,,,,,,,robot_2,robot_3,13.577422454363996,-1.0216521542924557,-0.4666783648642133,1.1231926907716019,-10.73656265623619,6.238702082767205,0,,,,,
pair,42.300000000000004,,,,,,,robot_2,robot_4,7.736388004321446,-1.0144265437114228,-0.5269309884769721,1.1431174389377594,-5.3744957858957685,4.7017972256842855,0,,,,,
pair,42.300000000000004,,,,,,,robot_3,robot_4,12.049544465333025,0.007225610581032771,-0.06025262361275877,0.06068433158970698,195.27215485571912,2.1840249968986085,0,,,,,
robot,42.400000000000006,robot_1,1.5144727909429965,-4.013170331856621,0.01667006914651735,-0.017210300103326116,0.04323489832140021,,,,,,,,,,0.0,proceed,0.0024754221085458994,-0.0,0.0
robot,42.400000000000006,robot_2,4.895310486268103,4.892191733634466,0.1090378828022229,-0.000123725733911971,-0.00044531550503845615,,,,,,,,,,0.0,proceed,0.0,-0.0,0.0
robot,42.400000000000006,robot_3,-3.569077923248779,-5.832983293856652,0.10903047704106578,-1.0442082155705246e-05,-3.758357813854331e-05,,,,,,,,,,0.0,proceed,0.0,-0.0,0.0
robot,42.400000000000006,robot_4,-2.796722784236412,6.203222091583534,0.0756157455096554,-0.02295288757696154,0.029050510856579524,,,,,,,,,,0.0,proceed,0.00028156230109743774,-0.0,0.0
pair,42.400000000000006,,,,,,,robot_1,robot_2,9.525520302829596,-0.0024751210088320152,0.8482244157921048,0.8482280269891262,-10.487107968919343,3.406809060533038,0,,,,,
pair,42.400000000000006,,,,,,,robot_1,robot_3,5.399463591915685,-1.0242328695314002,0.38166287270730154,1.0930322590992987,-3.7767732251368957,3.4803317006820604,0,,,,,
pair,42.400000000000006,,,,,,,robot_1,robot_4,11.088781783278627,-1.016445405710057,0.3181809772903238,1.0650823428723752,-6.728450272675178,8.46194172746363,0,,,,,
pair,42.400000000000006,,,,,,,robot_2,robot_3,13.662915154442073,-1.0217577485225682,-0.4665615430848033,1.123240210351989,-10.820994496969275,6.240314855528504,0,,,,,
pair,42.400000000000006,,,,,,,robot_2,robot_4,7.8029594663827675,-1.0139702847012249,-0.530043438501781,1.1441511198071146,-5.42715528392803,4.725300264515164,0,,,,,
pair,42.400000000000006,,,,,,,robot_3,robot_4,12.060960680694476,0.00778746382134321,-0.06348189541697777,0.0639577644895507,185.3193301871597,2.2321305831169935,0,,,,,
robot,42.5,robot_1,1.511651370767945,-4.025718432635086,0.01342271481521278,-0.01337936521270124,0.02136022614579185,,,,,,,,,,0.0,proceed,0.002466037170961499,-0.0,0.0
robot,42.5,robot_2,4.92868207704887,4.925727382700638,0.05657199198609179,-5.753629994436141e-05,-0.0002098822943997929,,,,,,,,,,0.0,proceed,0.0,-0.0,0.0
robot,42.5,robot_3,-3.616273895690879,-5.836232208578411,0.056568572568946165,-4.917921886938865e-06,-1.793980626366233e-05,,,,,,,,,,0.0,proceed,0.0,-0.0,0.0
robot,42.5,robot_4,-2.8311381558524182,6.208900218915387,0.04069094257794713,-0.011493668392043733,0.014525838712557373,,,,,,,,,,0.0,proceed,0.00028371429652906954,-0.0,0.0
pair,42.5,,,,,,,robot_1,robot_2,9.58146549503562,-0.0050403306465399145,0.8455833110101689,0.8455983330115703,-10.56165635661976,3.4703265966279595,0,,,,,
pair,42.5,,,,,,,robot_1,robot_3,5.438159401053573,-1.026819757886892,0.37904577539784123,1.0945476303175876,-3.822249964448684,3.4743026438864786,0,,,,,
pair,42.5,,,,,,,robot_1,robot_4,11.117879285870501,-1.0178071814470102,0.3088698115433083,1.06364092582408,-6.701204397928399,8.532495845088553,0,,,,,
pair,42.5,,,,,,,robot_2,robot_3,13.741762871640006,-1.0217794272403522,-0.4665375356123277,1.1232499588545937,-10.899597525664303,6.24064675049813,0,,,,,
pair,42.5,,,,,,,robot_2,robot_4,7.865198190417302,-1.0127668508004704,-0.5367134994668606,1.146192860992541,-5.457772367217464,4.767395933759597,0,,,,,
pair,42.5,,,,,,,robot_3,robot_4,12.070693986918661,0.009012576439881848,-0.070175963854533,0.07075233167180736,167.44320668756714,2.31307336682877,0,,,,,
robot,42.6,robot_1,1.5079147166707085,-4.045879155662973,0.024557103576394127,-0.023922329588574757,0.05011693289648167,,,,,,,,,,0.0,proceed,0.002450346015393734,-0.0,0.0
robot,42.6,robot_2,4.967912183889558,4.965137334583592,0.08860854672744559,-9.246359032596269e-05,-0.00032786920412086637,,,,,,,,,,0.0,proceed,0.0,-0.0,-0.0
robot,42.6,robot_3,-3.6717463031647806,-5.840050029625617,0.08860308813275428,-7.94257207761221e-06,-2.816396695657459e-05,,,,,,,,,,0.0,proceed,0.0,-0.0,0.0
robot,42.6,robot_4,-2.8720314533559623,6.2147218184533894,0.06311724837187033,-0.017705897053347804,0.019323862537214145,,,,,,,,,,0.0,proceed,0.00025001337053254247,-0.0,0.0
pair,42.6,,,,,,,robot_1,robot_2,9.652460860353507,-0.009328557004837368,0.8409936793720509,0.8410454153727565,-10.667777319367975,3.5597314090919085,0,,,,,
pair,42.6,,,,,,,robot_1,robot_3,5.481599894682126,-1.0311946122936249,0.3745519765051515,1.0971105284005414,-3.8792193964897588,3.454703526449746,0,,,,,
pair,42.6,,,,,,,robot_1,robot_4,11.1563372485045,-1.0215708352017892,0.30118147332858575,1.0650433095472027,-6.668970411581295,8.603191986725232,0,,,,,
pair,42.6,,,,,,,robot_2,robot_3,13.834586106877085,-1.0218660552887875,-0.46644170286689945,1.1232889642139463,-10.991285839219957,6.241988833689976,0,,,,,
pair,42.6,,,,,,,robot_2,robot_4,7.938902796829966,-1.0122422781969518,-0.5398122060434652,1.14718422564245,-5.5176343706269275,4.791714697568668,0,,,,,
pair,42.6,,,,,,,robot_3,robot_4,12.081269310392964,0.009623777091835706,-0.07337050317656577,0.07399897176242241,160.115552374339,2.3606803436125867,0,,,,,
robot,42.7,robot_1,1.504810433509411,-4.06756336789431,0.027884556880098537,-0.026628860363263597,0.06606743535804252,,,,,,,,,,0.0,proceed,0.0024401708506047726,-0.0,0.0
robot,42.7,robot_2,5.003881378287602,5.001263712027103,0.0847784667867996,-7.743377046591504e-05,-0.0002841077477333289,,,,,,,,,,0.0,proceed,0.0,-0.0,-0.0
robot,42.7,robot_3,-3.722602518482781,-5.8435496647596885,0.08477388970331742,-6.667954096896238e-06,-2.446494268948176e-05,,,,,,,,,,0.0,proceed,0.0,-0.0,0.0
robot,42.7,robot_4,-2.910528980303963,6.219161347791357,0.06329489762397449,-0.01637008563061159,0.018821765849697587,,,,,,,,,,0.0,proceed,0.00021661366918124259,-0.0,0.0
pair,42.7,,,,,,,robot_1,robot_2,9.720448656420489,-0.013641837068778973,0.8363485048786672,0.8364597547589442,-10.772251093041193,3.646509227975775,0,,,,,
pair,42.7,,,,,,,robot_1,robot_3,5.520867096508421,-1.0355617096773695,0.3699663477814029,1.099665018558209,-3.9331832098201422,3.4311451400775104,0,,,,,
pair,42.7,,,,,,,robot_1,robot_4,11.194281018246425,-1.025215871998402,0.2929402081299867,1.0662464770102096,-6.63224003260217,8.677808745025821,0,,,,,
pair,42.7,,,,,,,robot_2,robot_3,13.919823934875273,-1.0219198726085905,-0.4663821570972642,1.1233131987522693,-11.075633491351859,6.242830520115812,0,,,,,
pair,42.7,,,,,,,robot_2,robot_4,8.007569292574471,-1.011574034929623,-0.5434082967486804,1.1482920382546855,-5.569799624649235,4.818242828438487,0,,,,,
pair,42.7,,,,,,,robot_3,robot_4,12.090014905025159,0.010345837678967462,-0.07702613965141619,0.07771783930912524,152.4392297052968,2.410640099217606,0,,,,,
robot,42.800000000000004,robot_1,1.5023026789239076,-4.091966505926303,0.030646160941913057,-0.029689671534774573,0.06160865445268411,,,,,,,,,,0.0068842680546456255,proceed,0.0024321158416569233,-1.838070289336195e-05,2.6657307058761686e-05
robot,42.800000000000004,robot_2,5.040223469841154,5.037755044413843,0.08657566098490403,-7.871569068453738e-05,-0.00028281546916699096,,,,,,,,,,0.0,proceed,0.0,-0.0,-0.0
robot,42.800000000000004,robot_3,-3.7739793865554314,-5.847084544366613,0.0865710235917193,-6.77227165242749e-06,-2.433202165530584e-05,,,,,,,,,,0.0,proceed,0.0,-0.0,0.0
robot,42.800000000000004,robot_4,-2.9499269820919114,6.223018405946718,0.06425463364536103,-0.016623557682722848,0.016547149601208008,,,,,,,,,,0.0,proceed,0.0001994390186155215,-0.0,0.0
pair,42.800000000000004,,,,,,,robot_1,robot_2,9.79125625798599,-0.01833841292972105,0.8311866259391938,0.8313889008935362,-10.884752479564318,3.7384394300016623,0,,,,,
pair,42.800000000000004,,,,,,,robot_1,robot_3,5.560538801533308,-1.0403127486826094,0.36486473956796794,1.1024413332470653,-3.9893820914969487,3.402449490434608,0,,,,,
pair,42.800000000000004,,,,,,,robot_1,robot_4,11.234823660680977,-1.0293193225168507,0.2846564315035042,1.0679548453482748,-6.5925569296123605,8.755105624969259,0,,,,,
pair,42.800000000000004,,,,,,,robot_2,robot_3,14.006066716505101,-1.0219743357528883,-0.4663218863712259,1.1233377251060235,-11.160841536880373,6.243688651162469,0,,,,,
pair,42.800000000000004,,,,,,,robot_2,robot_4,8.077583393609649,-1.0109809095871296,-0.5465301944356896,1.1492509094969352,-5.6255550201320546,4.842403921911394,0,,,,,
pair,42.800000000000004,,,,,,,robot_3,robot_4,12.098200180045984,0.010993426165758824,-0.08020830806446375,0.0809581873649967,146.32743348292817,2.455435838992089,0,,,,,
robot,42.900000000000006,robot_1,1.500621136566215,-4.123005590133074,0.03687002009284314,-0.03410610575147939,0.05785658889732732,,,,,,,,,,0.03473065890325414,proceed,0.0008925264119170606,-6.978053831890906e-05,7.733047501197509e-05
robot,42.900000000000006,robot_2,5.082571881602177,5.080264761244571,0.09330668983231682,-8.013521043515048e-05,-0.0002888963719666668,,,,,,,,,,0.0,proceed,0.0,-0.0,-0.0
robot,42.900000000000006,robot_3,-3.8338386721625226,-5.851202277666548,0.09330199932174423,-6.885745271571764e-06,-2.4823982203159547e-05,,,,,,,,,,0.0,proceed,0.0,-0.0,0.0
robot,42.900000000000006,robot_4,-2.996364108309413,6.226642958244137,0.07102494116505206,-0.017221906019785217,0.01621266767068719,,,,,,,,,,0.0,proceed,0.0001638857793295756,-0.0,0.0
pair,42.900000000000006,,,,,,,robot_1,robot_2,9.875755986273177,-0.02411441767338629,0.8246834193372372,0.8250359066546643,-11.023331061659237,3.849416574371442,0,,,,,
pair,42.900000000000006,,,,,,,robot_1,robot_3,5.607416984828569,-1.046150017518729,0.3584293464104074,1.1058487489356892,-4.056916271354841,3.363913863640423,0,,,,,
pair,42.900000000000006,,,,,,,robot_1,robot_4,11.284418521463817,-1.0345887836361771,0.27549943418148776,1.0706418119334329,-6.5463000444991435,8.843960049666439,0,,,,,
pair,42.900000000000006,,,,,,,robot_2,robot_3,14.106712897981824,-1.0220355998453428,-0.4662540729268298,1.1233653136322517,-11.260140440551934,6.244661153939654,0,,,,,
pair,42.900000000000006,,,,,,,robot_2,robot_4,8.159864563805254,-1.0104743659627908,-0.5491839851557495,1.1500702125607178,-5.696079617151387,4.865101263744941,0,,,,,
pair,42.900000000000006,,,,,,,robot_3,robot_4,12.106845550667252,0.011561233882552036,-0.08292991222891966,0.08373190832163917,141.4816448365025,2.497094474913412,0,,,,,
robot,43.0,robot_1,1.5007136087723036,-4.151906642369259,0.03565620318266173,-0.03155494217417867,0.04317869790161315,,,,,,,,,,0.06361362288333745,proceed,0.0008511750493198633,-0.00012742201909965304,0.00013973505906196562
robot,43.0,robot_2,5.118815368935757,5.116637324909548,0.08219714084264584,-6.724839099577634e-05,-0.00024171260999696688,,,,,,,,,,0.0,proceed,0.0,-0.0,-0.0
robot,43.0,robot_3,-3.8850625213133942,-5.854725437779944,0.08219321150218024,-5.769495736668816e-06,-2.073753261591374e-05,,,,,,,,,,0.0,proceed,0.0,-0.0,0.0
robot,43.0,robot_4,-3.0366310756961723,6.229256942992073,0.0628279634936434,-0.015496373038657054,0.012781599584541333,,,,,,,,,,0.0,proceed,0.00014075852232053876,-0.0,0.0
pair,43.0,,,,,,,robot_1,robot_2,9.949701886000316,-0.0291926616960968,0.8188360724756267,0.8193562870230585,-11.147471395010932,3.9460314819926117,0,,,,,
pair,43.0,,,,,,,robot_1,robot_3,5.648555246556837,-1.0512686033709395,0.3526266635425175,1.1088332788452075,-4.116626082060133,3.3271802664747137,0,,,,,
pair,43.0,,,,,,,robot_1,robot_4,11.329433091364566,-1.0390684269055466,0.2667088352555227,1.072751974407563,-6.502763703550393,8.92712353704301,0,,,,,
pair,43.0,,,,,,,robot_2,robot_3,14.19297776835598,-1.0220759416748426,-0.46620940893310925,1.1233834801741902,-11.345251935630127,6.245305776372415,0,,,,,
pair,43.0,,,,,,,robot_2,robot_4,8.230991989171274,-1.0098757652094497,-0.552127237220104,1.1509533210507177,-5.753542122237787,4.88851424211786,0,,,,,
pair,43.0,,,,,,,robot_3,robot_4,12.11373047812773,0.012200176465392953,-0.08591782828699482,0.08677970686364557,136.49144409854404,2.5388666621579032,0,,,,,
robot,43.1,robot_1,1.5029317434078069,-4.1883111706478235,0.04167550749411095,-0.03446187115584976,0.03795798247271754,,,,,,,,,,0.09549367838269843,proceed,0.0008299903129227459,-0.00019234987868071876,0.0002067593063409221
robot,43.1,robot_2,5.161658962629129,5.159623339930024,0.08771563408006616,-6.764823466919034e-05,-0.00024231394095957902,,,,,,,,,,0.0,proceed,0.0,-0.0,-0.0
robot,43.1,robot_3,-3.945607495144517,-5.8588890923208465,0.08771168858371839,-5.79392858323334e-06,-2.075376351133229e-05,,,,,,,,,,0.0,proceed,0.0,-0.0,0.0
robot,43.1,robot_4,-3.0844729666579864,6.2321310104645935,0.06731753889217695,-0.01685317442622583,0.011650734534567372,,,,,,,,,,0.0,proceed,0.00010929227573797107,-0.0,0.0
pair,43.1,,,,,,,robot_1,robot_2,10.038434363919668,-0.035385875290853075,0.8114854223548568,0.8122565794529091,-11.301438149493805,4.062495436863004,0,,,,,
pair,43.1,,,,,,,robot_1,robot_3,5.698895544438913,-1.057515486563191,0.3453354492755858,1.1124727308331444,-4.1895793292940935,3.2793934344697946,0,,,,,
pair,43.1,,,,,,,robot_1,robot_4,11.385512602594611,-1.0448023876446126,0.257069289820247,1.0759631262253226,-6.45394203374129,9.02263447843399,0,,,,,
pair,43.1,,,,,,,robot_2,robot_3,14.295101208195621,-1.0221296112723381,-0.466149973079271,1.1234076462449176,-11.445779649624718,6.246170602909781,0,,,,,
pair,43.1,,,,,,,robot_2,robot_4,8.315585637738568,-1.0094165123537597,-0.5544161325346098,1.1516505300771853,-5.827619946440497,4.909818887931409,0,,,,,
pair,43.1,,,,,,,robot_3,robot_4,12.121646744651212,0.012713098918578414,-0.08826615945533883,0.08917700257975068,132.823036864271,2.5760382783855142,0,,,,,
robot,43.2,robot_1,1.5070534088062169,-4.220281513220544,0.04597084202143209,-0.0343032227662599,0.03286437238699318,,,,,,,,,,0.12809964202819857,proceed,0.0007973380270414054,-0.00025882113857139476,0.00027360460598569635
robot,43.2,robot_2,5.197198161912208,5.195273784035678,0.08708578528489166,-6.205427897068572e-05,-0.00022388348518296436,,,,,,,,,,0.0,proceed,0.0,-0.0,-0.0
robot,43.2,robot_3,-3.9958254900246577,-5.862342151179961,0.08708216491598376,-5.308815004198553e-06,-1.915355140484769e-05,,,,,,,,,,0.0,proceed,0.0,-0.0,0.0
robot,43.2,robot_4,-3.124626688907921,6.234086485739018,0.06796532225094044,-0.01642432573672822,0.010646748411671977,,,,,,,,,,0.0,proceed,7.849809480831027e-05,-0.0,0.0
pair,43.2,,,,,,,robot_1,robot_2,10.112855672586521,-0.04053797998836611,0.8051970035299878,0.8062168085045166,-11.433771082498954,4.158907448521143,0,,,,,
pair,43.2,,,,,,,robot_1,robot_3,5.742650896052605,-1.0627070450350713,0.33909073359978575,1.1154948629108132,-4.252204621020191,3.2371324791464398,0,,,,,
pair,43.2,,,,,,,robot_1,robot_4,11.434433557690166,-1.0495716408549494,0.24892435282136285,1.0786862206937127,-6.41445344436285,9.10336112169419,0,,,,,
pair,43.2,,,,,,,robot_2,robot_3,14.379935814731772,-1.0221690650467052,-0.4661062699302021,1.1234254102550387,-11.529217538133665,6.246811683534312,0,,,,,
pair,43.2,,,,,,,robot_2,robot_4,8.386411668702392,-1.0090336608665833,-0.556272650708625,1.152210133043543,-5.889731736084375,4.927400297076274,0,,,,,
pair,43.2,,,,,,,robot_3,robot_4,12.127760432954668,0.013135404180121935,-0.09016638077842287,0.09111813796195964,129.9904467052531,2.605895241365211,0,,,,,
robot,43.300000000000004,robot_1,1.5151974148822607,-4.2600793364795795,0.05195314461367237,-0.0345471939443142,0.02976441972300332,,,,,,,,,,0.1652962049275532,proceed,0.0007570615853182971,-0.00033378426377429353,0.0003502997318176516
robot,43.300000000000004,robot_2,5.239548803970733,5.237749404632671,0.0901294502747165,-6.011696916509435e-05,-0.0002161178859275055,,,,,,,,,,0.0,proceed,0.0,-0.0,-0.0
robot,43.300000000000004,robot_3,-4.055663116153482,-5.866456213957758,0.0901259479658434,-5.137699779233368e-06,-1.8469866353934778e-05,,,,,,,,,,0.0,proceed,0.0,-0.0,0.0
robot,43.300000000000004,robot_4,-3.1726922613909863,6.236243632819881,0.07008775106288095,-0.017592453145391776,0.009513764719498358,,,,,,,,,,0.0,proceed,5.3317427955335006e-05,-0.0,0.0
pair,43.300000000000004,,,,,,,robot_1,robot_2,10.201938250396498,-0.04658969424499071,0.7975853783263259,0.79894495137637,-11.595898137120004,4.271870224408249,0,,,,,
pair,43.300000000000004,,,,,,,robot_1,robot_3,5.797838711860514,-1.0688046800859148,0.33152998668446193,1.119042258471303,-4.32946740723281,3.184696927508517,0,,,,,
pair,43.300000000000004,,,,,,,robot_1,robot_4,11.495612445309416,-1.0552141650874598,0.23934714496894047,1.082018479512253,-6.3710471024192135,9.199321321276532,0,,,,,
pair,43.300000000000004,,,,,,,robot_2,robot_3,14.481172157665778,-1.0222149858409242,-0.466055391641864,1.123446084757169,-11.628649161308681,6.247564393685714,0,,,,,
pair,43.300000000000004,,,,,,,robot_2,robot_4,8.471292136709797,-1.0086244708424692,-0.5582382333573854,1.1528023457489258,-5.965141775263056,4.9471969973685965,0,,,,,
pair,43.300000000000004,,,,,,,robot_3,robot_4,12.134866340901803,0.013590514998454983,-0.09218284171552146,0.093179280983876,127.11508117029597,2.6387484828946834,0,,,,,
robot,43.400000000000006,robot_1,1.525390556907235,-4.294279766835933,0.05555852396536197,-0.030983622000412346,0.026521566239815456,,,,,,,,,,0.20327739691955155,proceed,0.0007153860060498118,-0.0004094703869692018,0.00042728197681845837
robot,43.400000000000006,robot_2,5.2747595345866705,5.273057940359159,0.08648872714029593,-5.422129050605684e-05,-0.00019500284018312837,,,,,,,,,,0.0,proceed,0.0,-0.0,-0.0
robot,43.400000000000006,robot_3,-4.105408539036221,-5.869876032769448,0.08648557651187114,-4.631173396923288e-06,-1.6655720243007012e-05,,,,,,,,,,0.0,proceed,0.0,-0.0,0.0
robot,43.400000000000006,robot_4,-3.2129035308019622,6.23776041587317,0.06802294381529587,-0.01658196274791864,0.008180083779504712,,,,,,,,,,0.0,proceed,2.2927746613277122e-05,-0.0,0.0
pair,43.400000000000006,,,,,,,robot_1,robot_2,10.27578311051289,-0.05141392225567243,0.7913403173222104,0.7930087573421425,-11.732685166316896,4.361769225877592,0,,,,,
pair,43.400000000000006,,,,,,,robot_1,robot_3,5.847084919179922,-1.0736623478218128,0.3253219829451431,1.1218668502623683,-4.396206744894499,3.1407302147625407,0,,,,,
pair,43.400000000000006,,,,,,,robot_1,robot_4,11.548822505858297,-1.0596579680987166,0.2313334305484976,1.084615215384902,-6.339209805072988,9.279082877437409,0,,,,,
pair,43.400000000000006,,,,,,,robot_2,robot_3,14.565456759707807,-1.0222484255661404,-0.4660183343770674,1.1234611393136966,-11.711364502029284,6.248116790812716,0,,,,,
pair,43.400000000000006,,,,,,,robot_2,robot_4,8.542310880424877,-1.0082440458430442,-0.5600068867737129,1.1533272602396671,-6.027374902546375,4.964597208072333,0,,,,,
pair,43.400000000000006,,,,,,,robot_3,robot_4,12.140487039745254,0.014004379723096094,-0.0939885523966455,0.09502615762539092,124.63830608639539,2.6671097563031805,0,,,,,
robot,43.5,robot_1,1.5403540688235409,-4.331233962254944,0.05555852396536197,-0.030983622000412346,0.026521566239815456,,,,,,,,,,0.2458233530208667,proceed,0.0007244807202368975,-0.0005003067600036677,0.0005155183333405034
robot,43.5,robot_2,5.311807320413247,5.310202836559843,0.08648872714029593,-5.422129050605684e-05,-0.00019500284018312837,,,,,,,,,,0.0,proceed,0.0,-0.0,-0.0
robot,43.5,robot_3,-4.157745380458652,-5.873473653012086,0.08648557651187114,-4.631173396923288e-06,-1.6655720243007012e-05,,,,,,,,,,0.0,proceed,0.0,-0.0,0.0
robot,43.5,robot_4,-3.255333201134212,6.239245583741725,0.06802294381529587,-0.01658196274791864,0.008180083779504712,,,,,,,,,,0.0,proceed,0.0,-0.0,0.0
pair,43.5,,,,,,,robot_1,robot_2,10.35283358189759,-0.05610294712033603,0.7849274099439834,0.7869298441137922,-11.879106103874243,4.4492276885572055,0,,,,,
pair,43.5,,,,,,,robot_1,robot_3,5.903121258932152,-1.0784600838355551,0.31902136257492913,1.1246558505630764,-4.469432664899207,3.095221880402862,0,,,,,
pair,43.5,,,,,,,robot_1,robot_4,11.607482682458278,-1.0640731749481838,0.22338571257379844,1.0872685492675724,-6.314120868992845,9.35967081914416,0,,,,,
pair,43.5,,,,,,,robot_2,robot_3,14.65425017453961,-1.022357136715219,-0.4659060473690543,1.1235134890011764,-11.797522809734629,6.249848954510006,0,,,,,
pair,43.5,,,,,,,robot_2,robot_4,8.61736718157186,-1.0079702278278477,-0.561541697370185,1.1538340686912967,-6.0944376712925195,4.98100568839681,0,,,,,
pair,43.5,,,,,,,robot_3,robot_4,12.146288118179106,0.014386908887371264,-0.0956356500011307,0.09671174023081319,122.46393413003635,2.694268170071631,0,,,,,
robot,43.6,robot_1,1.5646925432215477,-4.37494462417078,0.07391861847100475,-0.022140699957479474,0.024284401965589824,,,,,,,,,,0.29775114935558555,proceed,0.0007405150099657476,-0.0006113285970117452,0.000612017554742588
robot,43.6,robot_2,5.354230975338613,5.3527308745374835,0.0864548348398888,-4.7654847840375436e-05,-0.00017145354724189195,,,,,,,,,,0.0,proceed,0.0,-0.0,-0.0
robot,43.6,robot_3,-4.217671976521777,-5.877592579653208,0.08645207546083819,-4.068080339038674e-06,-1.4636255256660208e-05,,,,,,,,,,0.0,proceed,0.0,-0.0,0.0
robot,43.6,robot_4,-3.304098242485586,6.240777088344331,0.06835298051958599,-0.016932580340273916,0.006623764490835672,,,,,,,,,,0.0,proceed,0.0,-0.0,0.0
pair,43.6,,,,,,,robot_1,robot_2,10.439744831012936,-0.06095874639838594,0.7783610088052582,0.7807444068264606,-12.0424827401285,4.53748477699683,0,,,,,
pair,43.6,,,,,,,robot_1,robot_3,5.974419663641145,-1.0833179852543893,0.31246120309800146,1.1274794280238907,-4.558350649293379,3.0462729916853704,0,,,,,
pair,43.6,,,,,,,robot_1,robot_4,11.678984167835464,-1.0685215328164905,0.21508489148033902,1.0899540250100515,-6.301086324298549,9.446200171911569,0,,,,,
pair,43.6,,,,,,,robot_2,robot_3,14.756066244279985,-1.0223592388560034,-0.46589980570725664,1.1235128135594565,-11.897611093838295,6.249930689233788,0,,,,,
pair,43.6,,,,,,,robot_2,robot_4,8.703751542989085,-1.0075627864181047,-0.5632761173249191,1.1543235044489266,-6.17172605468822,5.000151482442216,0,,,,,
pair,43.6,,,,,,,robot_3,robot_4,12.152756904413238,0.014796452437898733,-0.09737631161766244,0.09849406616140437,120.24685522024711,2.7237104881932797,0,,,,,
robot,43.7,robot_1,1.5991159222594158,-4.420104693462338,0.08975322840430938,-0.015178607458286385,0.0240467813815672,,,,,,,,,,0.35913248362675926,proceed,0.0007597611402161419,-0.0007471584539854049,0.000722359979027668
robot,43.7,robot_2,5.399370534516872,5.397960906648267,0.10141922963292524,-7.001516448557066e-05,-0.00021911675837026336,,,,,,,,,,0.0,proceed,0.0,-0.0,-0.0
robot,43.7,robot_3,-4.277538665687445,-5.881706969608569,0.08821638949818153,-3.908065056451061e-06,-1.406054863922658e-05,,,,,,,,,,0.0,proceed,0.0,-0.0,0.0
robot,43.7,robot_4,-3.3531955517630645,6.241773946684615,0.07039650269558748,-0.016848046806286023,0.006196809695883231,,,,,,,,,,0.0,proceed,0.0,-0.0,0.0
pair,43.7,,,,,,,robot_1,robot_2,10.527884272068118,-0.06485635508308552,0.7729674553451814,0.7756835913034826,-12.203352432093816,4.607854447564086,0,,,,,
pair,43.7,,,,,,,robot_1,robot_3,6.055687439066908,-1.0872108094334212,0.30706680661951574,1.1297421687608116,-4.654291320756868,3.0038671171917053,0,,,,,
pair,43.7,,,,,,,robot_1,robot_4,11.75589405672561,-1.0721139297997606,0.20842739681868852,1.092185999825717,-6.313905199914795,9.520861117822031,0,,,,,
pair,43.7,,,,,,,robot_2,robot_3,14.861812778650503,-1.0223544543503356,-0.46590064872566567,1.123508809406036,-12.000927904867995,6.251255320874638,0,,,,,
pair,43.7,,,,,,,robot_2,robot_4,8.793146964610171,-1.007257574716675,-0.5645400585264929,1.1546745426765128,-6.25507330620146,5.015362366440597,0,,,,,
pair,43.7,,,,,,,robot_3,robot_4,12.158667678655604,0.015096879633660687,-0.09863940980082722,0.09978802002509504,118.69250589596216,2.747858823897524,0,,,,,
robot,43.800000000000004,robot_1,1.6420502931764065,-4.468361962680797,0.08363983358865075,-0.013746228560074049,0.019663910784933694,,,,,,,,,,0.42777958130510846,proceed,0.000770318612921983,-0.0008952587454744891,0.0008558478446129521
robot,43.800000000000004,robot_2,5.445849105791586,5.444525531803072,0.08147624316343778,-4.686897908781629e-05,-0.00015603055804597505,,,,,,,,,,0.0,proceed,0.0,-0.0,-0.0
robot,43.800000000000004,robot_3,-4.336897098388206,-5.885786056763874,0.07552431641498328,-3.12800872709091e-06,-1.1233725347088256e-05,,,,,,,,,,0.0,proceed,0.0,-0.0,0.0
robot,43.800000000000004,robot_4,-3.4022456287288954,6.2422146299470995,0.06075830524109546,-0.01414709679778772,0.004826798869950012,,,,,,,,,,0.0,proceed,0.0,-0.0,0.0
pair,43.800000000000004,,,,,,,robot_1,robot_2,10.61763739657497,-0.06852286613052999,0.7677856409286709,0.7708373198016508,-12.370324869327776,4.669936807140142,0,,,,,
pair,43.800000000000004,,,,,,,robot_1,robot_3,6.14466459406732,-1.0908687485491795,0.30187959389570906,1.1318683296973597,-4.757030806847559,2.9607205805124237,0,,,,,
pair,43.800000000000004,,,,,,,robot_1,robot_4,11.838976826326634,-1.0753283246650724,0.2013990305842908,1.0940258568001415,-6.334214265947445,9.598923105538542,0,,,,,
pair,43.800000000000004,,,,,,,robot_2,robot_3,14.969237922800497,-1.0223458824186495,-0.4659060470329618,1.1235032478636844,-12.105442980536747,6.253347998178672,0,,,,,
pair,43.800000000000004,,,,,,,robot_2,robot_4,8.883979307064312,-1.0068054585345425,-0.5663866103443801,1.155184411127655,-6.3370700772622595,5.033447531758088,0,,,,,
pair,43.800000000000004,,,,,,,robot_3,robot_4,12.16396210231675,0.015540423884107035,-0.10048056331141828,0.10167521024260368,116.47524869839276,2.777359171774955,0,,,,,
robot,43.900000000000006,robot_1,1.6729959592083354,-4.505307387098404,0.1231863475756146,-0.030590739649944756,0.027434891064391478,,,,,,,,,,0.48223639501453874,proceed,0.0007738146232441068,-0.0010207384061802394,0.0009272913968571817
robot,43.900000000000006,robot_2,5.477444015136224,5.4761815933327975,0.11413751491522345,-4.866104385172626e-05,-0.00017448759908729878,,,,,,,,,,0.0,proceed,0.0,-0.0,-0.0
robot,43.900000000000006,robot_3,-4.380056501544896,-5.888751748613152,0.11388043702121096,-4.402503788483725e-06,-1.5821685371200422e-05,,,,,,,,,,0.0,proceed,0.0,-0.0,0.0
robot,43.900000000000006,robot_4,-3.440141937544384,6.238885171339017,0.10937265579655724,-0.003619469998039769,0.006385482840207531,,,,,,,,,,0.0,proceed,0.0,-0.0,0.0
pair,43.900000000000006,,,,,,,robot_1,robot_2,10.681944920131492,-0.07141021967954558,0.7636184736034692,0.7669501891929965,-12.496116198931285,4.717290886908531,0,,,,,
pair,43.900000000000006,,,,,,,robot_1,robot_3,6.209135398269045,-1.0937505735436284,0.29771062749650923,1.1335439712915336,-4.8319383016708874,2.924633886460818,0,,,,,
pair,43.900000000000006,,,,,,,robot_1,robot_4,11.898817289293541,-1.0794638676947275,0.20249233131006508,1.098292031245718,-6.379352243954698,9.61729316144089,0,,,,,
pair,43.900000000000006,,,,,,,robot_2,robot_3,15.044335355981776,-1.0223403538640827,-0.46590784610696,1.1234989631517087,-12.17883394951017,6.253804739624696,0,,,,,
pair,43.900000000000006,,,,,,,robot_2,robot_4,8.950142790556471,-1.0080536480151818,-0.5611261422934042,1.1537047736929036,-6.432162965777986,5.003651592671251,0,,,,,
pair,43.900000000000006,,,,,,,robot_3,robot_4,12.164004959297214,0.014286705848900905,-0.09521829618644412,0.0962841310531617,123.11398061895704,2.729017147358387,0,,,,,
robot,44.0,robot_1,1.704030787827661,-4.548907873599674,0.0977019899840064,-0.03503229771599092,0.020844836733404835,,,,,,,,,,0.5342594762903351,proceed,0.0008411327726207674,-0.0011455928947019607,0.0010476441635876793
robot,44.0,robot_2,5.510141739372561,5.5089479798022465,0.08647027755684397,-2.4027116807483206e-05,-9.346500043983065e-05,,,,,,,,,,0.0,proceed,0.0,-0.0,-0.0
robot,44.0,robot_3,-4.428028142599756,-5.892047964135393,0.09274115390109511,-3.274553341811766e-06,-1.1876539253184957e-05,,,,,,,,,,0.0,proceed,0.0,-0.0,0.0
robot,44.0,robot_4,-3.48697214724625,6.227954153424084,0.0940270467271668,0.0013967747437750658,0.004992019057639863,,,,,,,,,,0.0,proceed,0.0,-0.0,0.0
pair,44.0,,,,,,,robot_1,robot_2,10.753926954526023,-0.0764240562669069,0.756183889861046,0.7600359936619251,-12.662772375433153,4.798170029653777,0,,,,,
pair,44.0,,,,,,,robot_1,robot_3,6.277433554330857,-1.0987600876379364,0.29027370854684353,1.1364561390830987,-4.914923222675953,2.8648393003330375,0,,,,,
pair,44.0,,,,,,,robot_1,robot_4,11.96190898734197,-1.0856905934186867,0.20037948349036824,1.104027174503276,-6.395470163152752,9.655710917785933,0,,,,,
pair,44.0,,,,,,,robot_2,robot_3,15.12448111892187,-1.0223360313710297,-0.4659101813142025,1.1234959982535317,-12.257533676210873,6.253119215628909,0,,,,,
pair,44.0,,,,,,,robot_2,robot_4,9.025797924089336,-1.0092665371517797,-0.5558044063706777,1.1521881275014971,-6.539068990840045,4.969938742782412,0,,,,,
pair,44.0,,,,,,,robot_3,robot_4,12.156481304885759,0.013069494219249966,-0.08989422505647526,0.09083932726331274,130.54378948762493,2.675028584760709,0,,,,,
robot,44.1,robot_1,1.7309969889267112,-4.59643968686855,0.07615153696225069,-0.04348919833819872,0.01861777842368068,,,,,,,,,,0.5787343688406884,proceed,0.0008455640054307878,-0.0012442762403222572,0.0011444624640023244
robot,44.1,robot_2,5.542341456572863,5.541218483306943,0.07547065442413345,-1.4590613997784996e-05,-6.0132959081030766e-05,,,,,,,,,,0.0,proceed,0.0,-0.0,-0.0
robot,44.1,robot_3,-4.479162820397231,-5.895561219807951,0.08798887116095254,-3.156348619452569e-06,-1.1157645598559108e-05,,,,,,,,,,0.0,proceed,0.0,-0.0,0.0
robot,44.1,robot_4,-3.5376157440718425,6.215714146311914,0.08962140536800388,0.00031359170988727245,0.001088127719501903,,,,,,,,,,0.0,proceed,0.0,-0.0,0.0
pair,44.1,,,,,,,robot_1,robot_2,10.830441349565715,-0.08316851405125286,0.7457818094242241,0.7504048967041481,-12.86343563498369,4.911435620397143,0,,,,,
pair,44.1,,,,,,,robot_1,robot_3,6.344588372360275,-1.1055011721544319,0.2798707500441841,1.140377340341835,-4.999577410322677,2.7834843335398243,0,,,,,
pair,44.1,,,,,,,robot_1,robot_4,12.027508081172654,-1.0939636231116237,0.19701896737063485,1.1115632605458412,-6.388834014715003,9.707127541761883,0,,,,,
pair,44.1,,,,,,,robot_2,robot_3,15.206264431178049,-1.022332658103179,-0.46591105938003996,1.123493292849113,-12.338278028247077,6.251095368759276,0,,,,,
pair,44.1,,,,,,,robot_2,robot_4,9.104974858007688,-1.0107951090603708,-0.5487628420535893,1.1501510376116257,-6.6582419936395665,4.925022758890341,0,,,,,
pair,44.1,,,,,,,robot_3,robot_4,12.147818812071522,0.011537549042808126,-0.08285178267354926,0.0836512577915015,141.8467935598323,2.6029888013747255,0,,,,,
robot,44.2,robot_1,1.7504173025795107,-4.651351469491199,0.058952193652526214,-0.04854876934493692,0.019622728944596497,,,,,,,,,,0.610261535602341,proceed,0.0008530686027370393,-0.0013133442603057784,0.0012153723120915643
robot,44.2,robot_2,5.578630024739554,5.57758946009527,0.07004825452762946,-8.981325410516161e-06,-3.94854526039412e-05,,,,,,,,,,0.0,proceed,0.0,-0.0,-0.0
robot,44.2,robot_3,-4.540603539461407,-5.89978222532202,0.08594350871725806,-2.8495160070800274e-06,-1.0210549580753431e-05,,,,,,,,,,0.0,proceed,0.0,-0.0,0.0
robot,44.2,robot_4,-3.598838677073615,6.2016369288614825,0.08775146664870419,-0.0007049097999656598,-0.0024749262067734,,,,,,,,,,0.0,proceed,0.0,-0.0,0.0
pair,44.2,,,,,,,robot_1,robot_2,10.921833416925809,-0.09527289686325147,0.7275009243546118,0.7337128319809667,-13.145802108408784,5.124033496936069,0,,,,,
pair,44.2,,,,,,,robot_1,robot_3,6.413698043024596,-1.115231870717678,0.2639660514795413,1.1460454623609622,-5.090833532236539,2.6638609016840014,0,,,,,
pair,44.2,,,,,,,robot_1,robot_4,12.099665148698646,-1.1054004520356715,0.1894854014422471,1.1215234624029924,-6.336030038261798,9.793190007119492,0,,,,,
pair,44.2,,,,,,,robot_2,robot_3,15.301272781441085,-1.0199589738544268,-0.4635348728750705,1.1203485559045823,-12.461443026256097,6.262185608267571,0,,,,,
pair,44.2,,,,,,,robot_2,robot_4,9.198661153452376,-1.0101275551724198,-0.5380155229123647,1.1444729706783272,-6.821302044196547,4.8651111115836025,0,,,,,
pair,44.2,,,,,,,robot_3,robot_4,12.138009169598929,0.009831418682006765,-0.07448065003729418,0.07512671976919265,158.0543733754316,2.5173117908671365,0,,,,,
robot,44.300000000000004,robot_1,1.761388947051394,-4.699931898489737,0.06243341570036377,-0.06446804276087062,0.022528297819080584,,,,,,,,,,0.6309229844676196,proceed,0.0008412512252107263,-0.0013595531661661185,0.0012263415407653556
robot,44.300000000000004,robot_2,5.6074060015173375,5.606432701077398,0.06544414424077874,-5.214875407666408e-06,-2.453949973147643e-05,,,,,,,,,,0.0,proceed,0.0,-0.0,-0.0
robot,44.300000000000004,robot_3,-4.592451827724533,-5.903344004342178,0.08567953527762824,-2.6665012468774646e-06,-9.584201577587267e-06,,,,,,,,,,0.0,proceed,0.0,-0.0,0.0
robot,44.300000000000004,robot_4,-3.6506799412793725,6.190555525048161,0.08734674974020609,-0.0018633171791800768,-0.006576568113524542,,,,,,,,,,0.0,proceed,0.0,-0.0,0.0
pair,44.300000000000004,,,,,,,robot_1,robot_2,11.000590822426473,-0.13316248703670808,0.6826695609931709,0.6955357485136261,-13.485120004160756,5.748058133710199,0,,,,,
pair,44.300000000000004,,,,,,,robot_1,robot_3,6.466799307827432,-1.124345656154945,0.24798043334402442,1.1513676432121862,-5.163884726942832,2.5436526549735645,0,,,,,
pair,44.300000000000004,,,,,,,robot_1,robot_4,12.161135061098324,-1.1157828609291642,0.18015788947252614,1.1302337182558595,-6.263131324949314,9.888567404442382,0,,,,,
pair,44.300000000000004,,,,,,,robot_2,robot_3,15.378948583871583,-0.9911831691182368,-0.43468912764914647,1.0823117445725363,-12.901757567910403,6.4441041906435075,0,,,,,
pair,44.300000000000004,,,,,,,robot_2,robot_4,9.276494747354391,-0.9826203738924563,-0.5025116715206448,1.1036579085944263,-7.22759938116776,4.735405046425834,0,,,,,
pair,44.300000000000004,,,,,,,robot_3,robot_4,12.130512772058992,0.008562795225780517,-0.06782254387149829,0.06836094586297033,173.79344850415868,2.4492193331016683,0,,,,,
robot,44.400000000000006,robot_1,1.7673206203072775,-4.766427934101334,0.058735128362487204,-0.07720212169896756,0.027807822753343307,,,,,,,,,,0.636402954491273,proceed,0.0008719070465303957,-0.001381412109271805,0.0012295379440656177
robot,44.400000000000006,robot_2,5.638555160725544,5.637656408145035,0.06025526684487034,-2.363432380542846e-06,-1.2079232671308444e-05,,,,,,,,,,0.0,proceed,0.0,-0.0,-0.0
robot,44.400000000000006,robot_3,-4.6528309712033415,-5.907491576997971,0.08556591531072089,-2.4678872664104373e-06,-8.882154606974654e-06,,,,,,,,,,0.0,proceed,0.0,-0.0,0.0
robot,44.400000000000006,robot_4,-3.7111773990518113,6.178750457039895,0.08705133699361173,-0.0030124931139380827,-0.010674233051440024,,,,,,,,,,0.0,proceed,0.0,-0.0,0.0
pair,44.400000000000006,,,,,,,robot_1,robot_2,11.100965177294427,-0.17782734881520668,0.6253749724029667,0.6501664572205003,-13.763464770581406,6.5692468165309235,0,,,,,
pair,44.400000000000006,,,,,,,robot_1,robot_3,6.520764732385065,-1.1378615476810794,0.22191230244625726,1.1592989138562066,-5.2471459378616725,2.348905042425373,0,,,,,
pair,44.400000000000006,,,,,,,robot_1,robot_4,12.239725101570965,-1.1305597822877929,0.16115409678274328,1.1419877688646596,-6.10184020211107,10.062538682334775,0,,,,,
pair,44.400000000000006,,,,,,,robot_2,robot_3,15.466191209063393,-0.9600341988658727,-0.40346266995670943,1.0413682293217106,-13.406010891845781,6.656191897534702,0,,,,,
pair,44.400000000000006,,,,,,,robot_2,robot_4,9.36537675211789,-0.9527324334725862,-0.4642208756202234,1.0598113563989597,-7.707091741598526,4.581814354353767,0,,,,,
pair,44.400000000000006,,,,,,,robot_3,robot_4,12.122869212991185,0.00730176539328653,-0.060758205663513955,0.06119538653614712,194.25550411975755,2.3770433271740945,0,,,,,
robot,44.5,robot_1,1.7693832317371565,-4.826330855558046,0.05969451524975072,-0.08833565734988688,0.035105505199145834,,,,,,,,,,0.6355815585236326,proceed,0.0008757892064750195,-0.0013823055589721343,0.0012197560764425873
robot,44.5,robot_2,5.663301655623876,5.66246317086045,0.05944290549859639,-1.0178118967779648e-06,-5.588288793208584e-06,,,,,,,,,,0.0,proceed,0.0,-0.0,-0.0
robot,44.5,robot_3,-4.704556110956857,-5.91104448651809,0.09058367074898364,-2.455310572173179e-06,-8.846499176771151e-06,,,,,,,,,,0.0,proceed,0.0,-0.0,0.0
robot,44.5,robot_4,-3.763090334205887,6.1695393648673305,0.09198934571139805,-0.003924763151649181,-0.013950791916117714,,,,,,,,,,0.0,proceed,0.0,-0.0,0.0
pair,44.5,,,,,,,robot_1,robot_2,11.18827068051702,-0.214394064250636,0.5748070488342178,0.6134883521106238,-13.800855334707569,7.313891001532948,0,,,,,
pair,44.5,,,,,,,robot_1,robot_3,6.564182681345174,-1.1496819287821438,0.19615347906329259,1.1662952991060471,-5.315367585293771,2.1580824227464572,0,,,,,
pair,44.5,,,,,,,robot_1,robot_4,12.309241473880354,-1.1433404071337392,0.14113329513143127,1.152018182833674,-5.935582526757743,10.235260767341742,0,,,,,
pair,44.5,,,,,,,robot_2,robot_3,15.538293154766007,-0.9352878645315077,-0.37865356977092535,1.009030185594154,-13.828407735695995,6.8369955689218465,0,,,,,
pair,44.5,,,,,,,robot_2,robot_4,9.440020773941932,-0.9289463428831032,-0.4336737537027866,1.025189851981845,-8.122351214878677,4.447005952386138,0,,,,,
pair,44.5,,,,,,,robot_3,robot_4,12.117213541039355,0.006341521648404513,-0.055020183931861304,0.055384434065114646,214.74147117981468,2.3185016943632437,0,,,,,
robot,44.6,robot_1,1.7696485279561749,-4.897530218351546,0.05514271945406581,-0.0916881930044879,0.04517798357559436,,,,,,,,,,0.622887516889046,proceed,0.0008281071786768734,-0.001342637812417439,0.0011881248552555199
robot,44.6,robot_2,5.690087077106047,5.689314572216694,0.054950751253724284,-1.2433222272914546e-07,-7.407938461487183e-07,,,,,,,,,,0.0,proceed,0.0,-0.0,-0.0
robot,44.6,robot_3,-4.764895863848802,-5.915188895571414,0.09094776201905405,-2.3021598746343977e-06,-8.287719932553828e-06,,,,,,,,,,0.0,proceed,0.0,-0.0,0.0
robot,44.6,robot_4,-3.82371193252753,6.1597204033706925,0.09218524173274766,-0.0044387195690608425,-0.015796536380991946,,,,,,,,,,0.0,proceed,0.0,-0.0,0.0
pair,44.6,,,,,,,robot_1,robot_2,11.289425186307858,-0.2546014098794623,0.5139674193452388,0.5735716049989004,-13.50563826829627,8.212406703206476,0,,,,,
pair,44.6,,,,,,,robot_1,robot_3,6.61331230109321,-1.1631040197993112,0.16216768035233217,1.1743548515777387,-5.391395307572535,1.9102699677380524,0,,,,,
pair,44.6,,,,,,,robot_1,robot_4,12.391467731971034,-1.1576711099550465,0.1129213934923051,1.1631653536504574,-5.708896249725932,10.462011703328857,0,,,,,
pair,44.6,,,,,,,robot_2,robot_3,15.619576467675529,-0.908502609919849,-0.3517997389929067,0.9742381888361052,-14.30857395582251,7.046183875944386,0,,,,,
pair,44.6,,,,,,,robot_2,robot_4,9.525421420687302,-0.9030697000755841,-0.40104602585293375,0.9881157817012323,-8.606312308059618,4.291279033243156,0,,,,,
pair,44.6,,,,,,,robot_3,robot_4,12.111534245101069,0.0054329098442649215,-0.04924628686002708,0.04954506311304877,240.1629081375722,2.2595935989279035,0,,,,,
robot,44.7,robot_1,1.7687708895249254,-4.9561316138813085,0.04270964197619542,-0.07809466747134729,0.04525501525414768,,,,,,,,,,0.6108405129164374,proceed,0.0008552775834687054,-0.0013175210545584347,0.001165460288729976
robot,44.7,robot_2,5.710531016175787,5.7098092497711,0.04260376635632408,1.74345843689111e-07,1.1120775848658283e-06,,,,,,,,,,0.0,proceed,0.0,-0.0,-0.0
robot,44.7,robot_3,-4.814686691862764,-5.918608579287833,0.07594155775347124,-1.8328390110457574e-06,-6.5587506206256505e-06,,,,,,,,,,0.0,proceed,0.0,-0.0,0.0
robot,44.7,robot_4,-3.8737665782241044,6.152281695673024,0.07686531144853224,-0.003884169637346358,-0.013760509583846212,,,,,,,,,,0.0,proceed,0.0,-0.0,0.0
pair,44.7,,,,,,,robot_1,robot_2,11.37100555812831,-0.2855412995989687,0.46154761165438457,0.542733849691112,-12.891444238925384,8.963650582310295,0,,,,,
pair,44.7,,,,,,,robot_1,robot_3,6.653440886854651,-1.1736000771516908,0.1302441037454092,1.1808050929983744,-5.45147079970388,1.6827667706327523,0,,,,,
pair,44.7,,,,,,,robot_1,robot_4,12.459336873639604,-1.1687052030953935,0.0846023666980906,1.1717633772196343,-5.487326700040066,10.67202530149746,0,,,,,
pair,44.7,,,,,,,robot_2,robot_3,15.684396992195268,-0.888058777552722,-0.33130350790897534,0.9478451385860601,-14.692113415464242,7.216027909549175,0,,,,,
pair,44.7,,,,,,,robot_2,robot_4,9.594505836331646,-0.8831639034964248,-0.376945244956294,0.9602427808289958,-8.999047799415148,4.169290492880474,0,,,,,
pair,44.7,,,,,,,robot_3,robot_4,12.107506873439897,0.004894874056297183,-0.045641737047318616,0.04590346340662748,259.27742721904286,2.222723700578412,0,,,,,
robot,44.800000000000004,robot_1,1.7677020389372122,-5.024249929588837,0.04736718412356968,-0.0924490496220119,0.06358236553142088,,,,,,,,,,0.5888521534576755,proceed,0.0008100812556222081,-0.0012625830771381182,0.001088529462967296
robot,44.800000000000004,robot_2,5.732566197706293,5.731899339715528,0.04579088412396934,3.1585813304452204e-07,2.192851691291956e-06,,,,,,,,,,0.0,proceed,0.0,-0.0,-0.0
robot,44.800000000000004,robot_3,-4.872686196602158,-5.922591857859563,0.08869798615547766,-1.9971439811561006e-06,-7.158086258993969e-06,,,,,,,,,,0.0,proceed,0.0,-0.0,0.0
robot,44.800000000000004,robot_4,-3.9320820166190615,6.144236122571444,0.08965199901392258,-0.004496404794504258,-0.015977153070901882,,,,,,,,,,0.0,proceed,0.0,-0.0,0.0
pair,44.800000000000004,,,,,,,robot_1,robot_2,11.463633581942878,-0.3168828254329741,0.4043874115192108,0.513754711559507,-11.71936142895772,9.75520031770143,0,,,,,
pair,44.800000000000004,,,,,,,robot_1,robot_3,6.700878609464496,-1.1829065812595054,0.09517632032516538,1.1867293338995584,-5.5168016798329305,1.428010792817718,0,,,,,
pair,44.800000000000004,,,,,,,robot_1,robot_4,12.538844403583301,-1.1787508754180744,0.05475194166504087,1.1800217800595754,-5.264184972306383,10.89199257518488,0,,,,,
pair,44.800000000000004,,,,,,,robot_2,robot_3,15.757491660202152,-0.8660237558265313,-0.30921109119404544,0.9195698149533312,-15.12295141799764,7.409774073852843,0,,,,,
pair,44.800000000000004,,,,,,,robot_2,robot_4,9.673440273716391,-0.8618680499851002,-0.34963546985416993,0.9300868224876995,-9.46231449485531,4.0151990417189865,0,,,,,
pair,44.800000000000004,,,,,,,robot_3,robot_4,12.103432312063976,0.004155705841431101,-0.040424378660124514,0.04063742463662818,293.0150580455726,2.169663256349252,0,,,,,
robot,44.900000000000006,robot_1,1.7747889595437933,-5.089660919560921,0.0643423300992648,-0.08218475287125551,0.0759602589724094,,,,,,,,,,0.5709968246903596,proceed,0.0007767264032736421,-0.0012173941758019374,0.0010355737090721015
robot,44.900000000000006,robot_2,5.752637410725006,5.752020673396731,0.04471432436913445,3.113619521967481e-07,2.3185403350312032e-06,,,,,,,,,,0.0,proceed,0.0,-0.0,-0.0
robot,44.900000000000006,robot_3,-4.929783014016906,-5.92651298933397,0.0918293310431653,-1.9010051105737558e-06,-6.8928678387939055e-06,,,,,,,,,,0.0,proceed,0.0,-0.0,0.0
robot,44.900000000000006,robot_4,-3.989476375846812,6.136792575362211,0.09272839046264791,-0.004385698823640561,-0.015779952968808506,,,,,,,,,,0.0,proceed,0.0,-0.0,0.0
pair,44.900000000000006,,,,,,,robot_1,robot_2,11.548391146113884,-0.34417743143918955,0.3483805412048025,0.48972145736349876,-10.040338143964888,10.44934225865578,0,,,,,
pair,44.900000000000006,,,,,,,robot_1,robot_3,6.756597274911319,-1.190130109781186,0.0592927571899752,1.1916061888321021,-5.584585090936015,1.169426121499444,0,,,,,
pair,44.900000000000006,,,,,,,robot_1,robot_4,12.619826184637313,-1.1865560000402082,0.02322619048950804,1.1867832983135858,-5.041249736600056,11.111492593129794,0,,,,,
pair,44.900000000000006,,,,,,,robot_2,robot_3,15.827263018048235,-0.8459526783419965,-0.2890877840148273,0.8939841614148435,-15.531561925456693,7.596700115852937,0,,,,,
pair,44.900000000000006,,,,,,,robot_2,robot_4,9.749709249359942,-0.8423785686010187,-0.32515435071529447,0.9029545972126095,-9.91189738946137,3.8670984096675114,0,,,,,
pair,44.900000000000006,,,,,,,robot_3,robot_4,12.09989742605352,0.0035741097409778266,-0.03606656670046716,0.03624322687068301,328.66216847296147,2.1253408336533903,0,,,,,
robot,45.0,robot_1,1.7868078281538322,-5.137570594011703,0.0643423300992648,-0.08218475287125551,0.0759602589724094,,,,,,,,,,0.5651810538047009,proceed,0.000983327510766685,-0.001266893047200096,0.0011697295913925192
robot,45.0,robot_2,5.766522586410039,5.765940534697279,0.04471432436913445,3.113619521967481e-07,2.3185403350312032e-06,,,,,,,,,,0.0,proceed,0.0,-0.0,-0.0
robot,45.0,robot_3,-4.972352352515512,-5.929436334413491,0.0918293310431653,-1.9010051105737558e-06,-6.8928678387939055e-06,,,,,,,,,,0.0,proceed,0.0,-0.0,0.0
robot,45.0,robot_4,-4.03225597172158,6.1315295741976685,0.09272839046264791,-0.004385698823640561,-0.015779952968808506,,,,,,,,,,0.0,proceed,0.0,-0.0,0.0
pair,45.0,,,,,,,robot_1,robot_2,11.607096298857991,-0.3619699588873434,0.30783226930171603,0.47516624160429294,-8.48565104635856,10.884249863232066,0,,,,,
pair,45.0,,,,,,,robot_1,robot_3,6.805387402548669,-1.1940375541211359,0.0326656946430074,1.1944842938515745,-5.638397285208152,0.9764130850191963,0,,,,,
pair,45.0,,,,,,,robot_1,robot_4,12.682827843511753,-1.190839821993419,-0.00044195908222117997,1.1908399040060542,-4.883008247505087,11.271259034299709,0,,,,,
pair,45.0,,,,,,,robot_2,robot_3,15.877823373007224,-0.8320675952337924,-0.27516657465870864,0.8763864027057658,-15.823966094960571,7.732165461810106,0,,,,,
pair,45.0,,,,,,,robot_2,robot_4,9.805596186724333,-0.8288698631060756,-0.3082742283839372,0.8843405734507471,-10.241194392555316,3.7584350826146697,0,,,,,
pair,45.0,,,,,,,robot_3,robot_4,12.097548505952041,0.0031977321277167903,-0.03310765372522858,0.03326172313561452,358.2111368421027,2.0952649788100457,0,,,,,
robot,45.1,robot_1,1.806062714680388,-5.204509161209186,0.06098097363273089,-0.08075068699639443,0.08298700620606295,,,,,,,,,,0.5467305321433714,proceed,0.0010059162741526961,-0.001235246925841727,0.0011147879700924286
robot,45.1,robot_2,5.784576166420993,5.784039207356263,0.035726488382122626,1.5331685701558406e-07,1.3347780802862559e-06,,,,,,,,,,0.0,proceed,0.0,-0.0,-0.0
robot,45.1,robot_3,-5.031864064775804,-5.933522992437235,0.08675171868612168,-1.624916189562134e-06,-5.825964333183224e-06,,,,,,,,,,0.0,proceed,0.0,-0.0,0.0
robot,45.1,robot_4,-4.0920527177260615,6.124559564582117,0.08743125051213195,-0.0037660544483316457,-0.013423021051822658,,,,,,,,,,0.0,proceed,0.0,-0.0,0.0
pair,45.1,,,,,,,robot_1,robot_2,11.68660620257153,-0.3822655599680822,0.2685667698831402,0.46717776940172895,-6.5533885660678,11.278447835315866,0,,,,,
pair,45.1,,,,,,,robot_1,robot_3,6.8766782538756255,-1.196279913045652,0.011503787924954371,1.1963352237116214,-5.7096041401330275,0.7947326495980374,0,,,,,
pair,45.1,,,,,,,robot_1,robot_4,12.77245332141377,-1.1935295491862465,-0.01792422145523208,1.1936641330355457,-4.798109826481967,11.41635828624405,0,,,,,
pair,45.1,,,,,,,robot_2,robot_3,15.946681259154898,-0.8140143530775698,-0.25706298195818583,0.8536397036862384,-16.216381250833038,7.916404783570161,0,,,,,
pair,45.1,,,,,,,robot_2,robot_4,9.882497266827505,-0.8112639892181644,-0.2864909913383723,0.8603640789341529,-10.692671710253713,3.6098869996538205,0,,,,,
pair,45.1,,,,,,,robot_3,robot_4,12.09465172379667,0.0027503638594053026,-0.02942800938018645,0.02955625547053389,403.2414588448433,2.057800984829502,0,,,,,
robot,45.2,robot_1,1.8278492541973912,-5.2681287669590535,0.04516340876745774,-0.06009307532117951,0.0634627354211827,,,,,,,,,,0.5271770346613297,proceed,0.0009583741775713861,-0.0011799298726669159,0.0010985380284436147
robot,45.2,robot_2,5.80080112284474,5.800304673652164,0.0250558936556967,8.099833940372614e-08,7.4370780995581e-07,,,,,,,,,,0.0,proceed,0.0,-0.0,-0.0
robot,45.2,robot_3,-5.089392972005424,-5.937473321659524,0.0644594783572695,-1.1598243751364395e-06,-4.139495338319614e-06,,,,,,,,,,0.0,proceed,0.0,-0.0,0.0
robot,45.2,robot_4,-4.149852210779132,6.118208364908123,0.06492839073632387,-0.002672893386722301,-0.009487907641592243,,,,,,,,,,0.0,proceed,0.0,-0.0,0.0
pair,45.2,,,,,,,robot_1,robot_2,11.759870976325766,-0.4000485791817494,0.2297367323339662,0.4613218311426686,-4.4801320078772875,11.576829213737765,0,,,,,
pair,45.2,,,,,,,robot_1,robot_3,6.949551219242178,-1.1978379807578692,-0.011060711642532663,1.1978890464012635,-5.779439892015764,0.60544564656213,0,,,,,
pair,45.2,,,,,,,robot_1,robot_4,12.860077297004077,-1.1954029257861856,-0.03777198683441063,1.1959995309228142,-4.694915683493337,11.569444656705333,0,,,,,
pair,45.2,,,,,,,robot_2,robot_3,16.011613275705002,-0.7977894015761198,-0.24079744397649885,0.8333374696320803,-16.580727452436907,8.090292619677543,0,,,,,
pair,45.2,,,,,,,robot_2,robot_4,9.955730235541441,-0.795354346604436,-0.2675087191683768,0.8391361340650723,-11.118738152216277,3.473491954980281,0,,,,,
pair,45.2,,,,,,,robot_3,robot_4,12.092237087067398,0.0024350549716837255,-0.026711275191877965,0.026822037862387654,444.43306484468053,2.0301432625808586,0,,,,,
robot,45.300000000000004,robot_1,1.85107519998667,-5.324859585111411,0.06217491343665957,-0.0811638267668101,0.08013644944137026,,,,,,,,,,0.5092694197154183,proceed,0.0009515777928754687,-0.0011472837702956023,0.0010179180368225862
robot,45.300000000000004,robot_2,5.814554308442956,5.814092180137804,0.031427862350315486,6.204234425863375e-08,6.202223201914113e-07,,,,,,,,,,0.0,proceed,0.0,-0.0,-0.0
robot,45.300000000000004,robot_3,-5.1449544072024285,-5.9412881669812005,0.09998232063723557,-2.1948618048215837e-06,-6.897053002792787e-06,,,,,,,,,,0.0,proceed,0.0,-0.0,0.0
robot,45.300000000000004,robot_4,-4.202408341658311,6.112702404462085,0.08790497755426628,-0.003317288633658922,-0.011876744404303068,,,,,,,,,,0.0,proceed,0.0,-0.0,0.0
pair,45.300000000000004,,,,,,,robot_1,robot_2,11.823088136003978,-0.4141969145466552,0.20661397704221363,0.46286976519229417,-3.0796134139835436,11.736842720144393,0,,,,,
pair,45.300000000000004,,,,,,,robot_1,robot_3,7.023134233461044,-1.19823311754545,-0.02039614946940832,1.1984066951147538,-5.8456845797900305,0.49727115032535774,0,,,,,
pair,45.300000000000004,,,,,,,robot_1,robot_4,12.940729780592093,-1.1962176183595705,-0.04331145564573007,1.1970014505688769,-4.708157093032703,11.649107309182263,0,,,,,
pair,45.300000000000004,,,,,,,robot_2,robot_3,16.071708011090138,-0.7840362029987946,-0.22701012651162195,0.8162391592858,-16.902519201551332,8.24356959056646,0,,,,,
pair,45.300000000000004,,,,,,,robot_2,robot_4,10.021412515189402,-0.7820207038129152,-0.2499254326879437,0.8209866643839613,-11.511308591311563,3.333809452789459,0,,,,,
pair,45.300000000000004,,,,,,,robot_3,robot_4,12.090784994454097,0.002015499185879399,-0.022915306176321752,0.023003771302176745,518.395548548914,1.9950441715715581,0,,,,,
robot,45.400000000000006,robot_1,1.8776096152085877,-5.379476804140091,0.06392928152927793,-0.0798362345229825,0.07445245953359869,,,,,,,,,,0.49061485905478336,proceed,0.0009089693194255233,-0.0011001633655259187,0.0009780932326137145
robot,45.400000000000006,robot_2,5.825735040547202,5.825300786836273,0.01777638981894679,-1.2894633277804601e-11,-9.498657752604587e-09,,,,,,,,,,0.0,proceed,0.0,-0.0,-0.0
robot,45.400000000000006,robot_3,-5.202479731796973,-5.945237721102255,0.09404112444459622,-1.7268154806826183e-06,-5.769057173615256e-06,,,,,,,,,,0.0,proceed,0.0,-0.0,0.0
robot,45.400000000000006,robot_4,-4.253937291210381,6.107482027982528,0.08657913079229251,-0.002918800063236311,-0.010608930511489062,,,,,,,,,,0.0,proceed,0.0,-0.0,0.0
pair,45.400000000000006,,,,,,,robot_1,robot_2,11.880014109311961,-0.4256738954170797,0.1832648665199929,0.46344824580544236,-1.7358260399834682,11.852745270326956,0,,,,,
pair,45.400000000000006,,,,,,,robot_1,robot_3,7.102657993789613,-1.1985293442101068,-0.03253697516582505,1.198970910274995,-5.915769155122551,0.3734172077855841,0,,,,,
pair,45.400000000000006,,,,,,,robot_1,robot_4,13.020986547742682,-1.1968054476571146,-0.052673798099104906,1.1979640263997628,-4.691745130446208,11.7454501646161,0,,,,,
pair,45.400000000000006,,,,,,,robot_2,robot_3,16.12969614815524,-0.7728554487930271,-0.21580184168581795,0.8024188305393027,-17.182376910093893,8.37095978691744,0,,,,,
pair,45.400000000000006,,,,,,,robot_2,robot_4,10.083621401483406,-0.7711315522400349,-0.23593866461909782,0.8064185788549076,-11.849986856783115,3.218903130849273,0,,,,,
pair,45.400000000000006,,,,,,,robot_3,robot_4,12.089987018668479,0.0017238965529922101,-0.020136822933279855,0.02021047889515941,590.1832591764664,1.9731483557261438,0,,,,,
robot,45.5,robot_1,1.91566727501906,-5.4370675772072055,0.07522507077179763,-0.06271216584876556,0.06261367990326311,,,,,,,,,,0.47067711172572885,proceed,0.0009192318539135158,-0.0010586278429161558,0.0009390550011840256
robot,45.5,robot_2,5.827674536037815,5.827245114081002,0.0,0.0,0.0,,,,,,,,,,0.0,proceed,0.0,-0.0,-0.0
robot,45.5,robot_3,-5.264358981086007,-5.949486231562645,0.08655453841921225,-1.2330767455775646e-06,-4.387235652877425e-06,,,,,,,,,,0.0,proceed,0.0,-0.0,0.0
robot,45.5,robot_4,-4.313196713572229,6.10175134361782,0.08609606136149618,-0.002819643138513935,-0.010101308367274584,,,,,,,,,,0.0,proceed,0.0,-0.0,0.0
pair,45.5,,,,,,,robot_1,robot_2,11.924283677327542,-0.4276712515908734,0.17076960872363012,0.46050511256763027,-1.1814739729479824,11.911864834023438,0,,,,,
pair,45.5,,,,,,,robot_1,robot_3,7.198287985048221,-1.1985871787091904,-0.04308828704291031,1.1993614240279487,-5.998025470434613,0.25413806950660717,0,,,,,
pair,45.5,,,,,,,robot_1,robot_4,13.112707145206858,-1.1971677868503183,-0.0601807375482403,1.1986794529998166,-4.706589673654043,11.836992703698195,0,,,,,
pair,45.5,,,,,,,robot_2,robot_3,16.177904954983013,-0.7709159271183171,-0.21385789576654043,0.8000291033871124,-17.2949483217148,8.383133548031646,0,,,,,
pair,45.5,,,,,,,robot_2,robot_4,10.144585914231397,-0.769496535259445,-0.23095034627187042,0.8034071073990988,-11.991342988703996,3.178051694610231,0,,,,,
pair,45.5,,,,,,,robot_3,robot_4,12.088715264765876,0.0014193918588721877,-0.01709245050532999,0.017151283844837623,695.6437381479942,1.945225954242745,0,,,,,
robot,45.6,robot_1,1.9572739938961095,-5.479539525676578,0.08422397239924943,-0.06467473478491699,0.05805246649116332,,,,,,,,,,0.46131680079916654,proceed,0.0009590809349901974,-0.0010493289592614994,0.0009066717477568484
robot,45.6,robot_2,5.827674536037815,5.827245114081002,0.0,0.0,0.0,,,,,,,,,,0.0,proceed,0.0,-0.0,-0.0
robot,45.6,robot_3,-5.314277620982695,-5.952913630486365,0.08548025631542405,-8.608264195561488e-07,-3.286709782223159e-06,,,,,,,,,,0.0,proceed,0.0,-0.0,0.0
robot,45.6,robot_4,-4.36462483191102,6.09702767125629,0.09104253070942217,-0.002803689697543743,-0.01006570921357709,,,,,,,,,,0.0,proceed,0.0,-0.0,0.0
pair,45.6,,,,,,,robot_1,robot_2,11.950873576708473,-0.4276618725783512,0.1688566823592329,0.4597904483942536,-1.201488554475436,11.93809855336458,0,,,,,
pair,45.6,,,,,,,robot_1,robot_3,7.286943524616547,-1.1985777799586836,-0.045001500854086364,1.1994222899753895,-6.073084073216609,0.20021717908066383,0,,,,,
pair,45.6,,,,,,,robot_1,robot_4,13.190273417516547,-1.197407555651742,-0.05947771234779435,1.1988838361567842,-4.787611627394396,11.875947177345028,0,,,,,
pair,45.6,,,,,,,robot_2,robot_3,16.214661202644383,-0.7709159073803326,-0.21385818321331926,0.8000291612056045,-17.356221381393325,8.37308744072247,0,,,,,
pair,45.6,,,,,,,robot_2,robot_4,10.195869214247809,-0.769745683073391,-0.22833439470702727,0.8028978841772756,-12.074673118153118,3.1572090493240057,0,,,,,
pair,45.6,,,,,,,robot_3,robot_4,12.087304322934667,0.0011702243069415807,-0.014476211493707987,0.014523433620846005,821.7232730567629,1.917487940918998,0,,,,,
robot,45.7,robot_1,2.00280938628179,-5.519821273719947,0.08321017618947711,-0.057933487620251,0.04621015767615971,,,,,,,,,,0.4505530964968789,proceed,0.0009462492307648063,-0.0010239869003599359,0.0008879724343483123
robot,45.7,robot_2,5.827674536037815,5.827245114081002,0.0,0.0,0.0,,,,,,,,,,0.0,proceed,0.0,-0.0,-0.0
robot,45.7,robot_3,-5.361337495866427,-5.956144840450984,0.0752121046639804,-4.601550684475361e-07,-1.9029533282475851e-06,,,,,,,,,,0.0,proceed,0.0,-0.0,0.0
robot,45.7,robot_4,-4.416531165708466,6.092462286240894,0.08677838551822106,-0.002504283984311984,-0.00898871897563248,,,,,,,,,,0.0,proceed,0.0,-0.0,0.0
pair,45.7,,,,,,,robot_1,robot_2,11.974368836100725,-0.42763986586227043,0.1663048464902486,0.45883892254346276,-1.1941459384709194,11.961826449162361,0,,,,,
pair,45.7,,,,,,,robot_1,robot_3,7.3770615801102135,-1.1985557577662185,-0.04755356210621307,1.199498747704033,-6.14894795818978,0.14403241968010416,0,,,,,
pair,45.7,,,,,,,robot_1,robot_4,13.268498882668053,-1.1975906034330321,-0.05977950918303865,1.199081666588752,-4.864084482389845,11.917876072561903,0,,,,,
pair,45.7,,,,,,,robot_2,robot_3,16.24937749794321,-0.7709158919039482,-0.21385840859646166,0.8000292065402806,-17.4139850549737,8.363617496511303,0,,,,,
pair,45.7,,,,,,,robot_2,robot_4,10.247638294168052,-0.7699507375707617,-0.22608435567328722,0.8024576463377774,-12.15578044734681,3.1406751674517843,0,,,,,
pair,45.7,,,,,,,robot_3,robot_4,12.085594428693891,0.0009651543331864465,-0.012225947076825582,0.012263984051367995,973.3283632489375,1.8900805374875855,0,,,,,
robot,45.800000000000004,robot_1,2.059412870944833,-5.562691008014627,0.08493447319637083,-0.05372827975139657,0.03604882524475125,,,,,,,,,,0.4353647463991148,proceed,0.0008960218983702362,-0.000984720245671873,0.0008499773277792431
robot,45.800000000000004,robot_2,5.827674536037815,5.827245114081002,0.0,0.0,0.0,,,,,,,,,,0.0,proceed,0.0,-0.0,-0.0
robot,45.800000000000004,robot_3,-5.412050475119739,-5.959626980830307,0.06941426059536254,-2.463810954015169e-07,-1.0930721806238394e-06,,,,,,,,,,0.0,proceed,0.0,-0.0,0.0
robot,45.800000000000004,robot_4,-4.477189026069306,6.087379776506323,0.08616368216764861,-0.0023638584677594613,-0.008460092763897862,,,,,,,,,,0.0,proceed,0.0,-0.0,0.0
pair,45.800000000000004,,,,,,,robot_1,robot_2,11.997101351661083,-0.42764223961887426,0.16652956185754034,0.4589226297304493,-1.3546044397374901,11.980984157723652,0,,,,,
pair,45.800000000000004,,,,,,,robot_1,robot_3,7.481999912997964,-1.1879172284613202,-0.04659834323115084,1.1888308320644752,-6.292972909690337,0.10377361011968565,0,,,,,
pair,45.800000000000004,,,,,,,robot_1,robot_4,13.358567050563373,-1.1978171174242778,-0.056980406243637746,1.1991716363766682,-4.983146746237327,11.947507764391643,0,,,,,
pair,45.800000000000004,,,,,,,robot_2,robot_3,16.28685887788801,-0.760274988842446,-0.21312790508869117,0.7895831574868322,-17.736053911301333,8.315482597100049,0,,,,,
pair,45.800000000000004,,,,,,,robot_2,robot_4,10.3081464423163,-0.7701748778054035,-0.22350996810117807,0.801951400175321,-12.25017143399514,3.1218711100854697,0,,,,,
pair,45.800000000000004,,,,,,,robot_3,robot_4,12.083225469229442,-0.00989988896295746,-0.010382063012486904,0.014345557984063763,652.7261872122152,7.637084516569574,0,,,,,
robot,45.900000000000006,robot_1,2.1122412191254356,-5.594747660352094,0.10149716896478625,-0.0450151417893911,0.03081232223017749,,,,,,,,,,0.42376082731882264,proceed,0.0008832064340822399,-0.0009593658058082177,0.000813650071256685
robot,45.900000000000006,robot_2,5.827674536037815,5.827245114081002,0.0,0.0,0.0,,,,,,,,,,0.0,proceed,0.0,-0.0,-0.0
robot,45.900000000000006,robot_3,-5.45287338408302,-5.962430094212411,0.07127627276066088,-1.2445844475243023e-07,-5.933897634426827e-07,,,,,,,,,,0.0,proceed,0.0,-0.0,0.0
robot,45.900000000000006,robot_4,-4.529668268210526,6.083186523272909,0.09470290998299812,-0.002429945240080795,-0.008730792916359417,,,,,,,,,,0.0,proceed,0.0,-0.0,0.0
pair,45.900000000000006,,,,,,,robot_1,robot_2,12.01109335870904,-0.427673373329004,0.1715736792387869,0.46080586114126604,-1.7458691723200581,11.984120016297686,0,,,,,
pair,45.900000000000006,,,,,,,robot_1,robot_3,7.574044450083935,-1.1471254532081692,-0.038751112467800435,1.1477797933905003,-6.59814317678093,0.1120609305884587,0,,,,,
pair,45.900000000000006,,,,,,,robot_1,robot_4,13.434623494353714,-1.1980383105896713,-0.04964550670480654,1.199066499397148,-5.131247669931048,11.94291852012673,0,,,,,
pair,45.900000000000006,,,,,,,robot_2,robot_3,16.317083161373876,-0.719452079879165,-0.21032479170658736,0.7495650827305631,-18.858264455123518,8.150763154301105,0,,,,,
pair,45.900000000000006,,,,,,,robot_2,robot_4,10.360504619450445,-0.7703649372606671,-0.22121918594359347,0.8014986367987021,-12.332368914033205,3.104698020782851,0,,,,,
pair,45.900000000000006,,,,,,,robot_3,robot_4,12.08094314949837,-0.050912857381502086,-0.010894394237006104,0.0520654095589431,65.74895041857863,11.585791901654847,0,,,,,
robot,46.0,robot_1,2.1746796945106945,-5.623546468237735,0.09832340010979103,-0.042391755633285046,0.020122544010742885,,,,,,,,,,0.41174801609304584,proceed,0.000870890449732542,-0.0009313650944619252,0.0007875954932076107
robot,46.0,robot_2,5.827674536037815,5.827245114081002,0.0,0.0,0.0,,,,,,,,,,0.0,proceed,0.0,-0.0,-0.0
robot,46.0,robot_3,-5.495105457438521,-5.965330017240273,0.06327586903301155,-2.9382010758444155e-08,-1.5203048644558045e-07,,,,,,,,,,0.0,proceed,0.0,-0.0,0.0
robot,46.0,robot_4,-4.588178005802127,6.078705807684942,0.09125759969470199,-0.002182141310070825,-0.007838426098454053,,,,,,,,,,0.0,proceed,0.0,-0.0,0.0
pair,46.0,,,,,,,robot_1,robot_2,12.019359349562912,-0.42765454204154896,0.1776530892385248,0.4630864146622725,-2.201216151066933,11.976056029983248,0,,,,,
pair,46.0,,,,,,,robot_1,robot_3,7.677396711869814,-1.1048745485652125,-0.029771779440200215,1.1052755886738013,-6.945062948750803,0.13506567415712561,0,,,,,
pair,46.0,,,,,,,robot_1,robot_4,13.515877796281599,-1.1981876024962306,-0.04144477348031294,1.198904166322104,-5.300074927789043,11.929042458528343,0,,,,,
pair,46.0,,,,,,,robot_2,robot_3,16.34839976904544,-0.6772200065236635,-0.207424868678725,0.7082739677429188,-20.161558648701476,7.959549427045316,0,,,,,
pair,46.0,,,,,,,robot_2,robot_4,10.418887495974865,-0.7705330604546815,-0.21909786271883774,0.8010774436355205,-12.420683871782629,3.0906497590323916,0,,,,,
pair,46.0,,,,,,,robot_3,robot_4,12.078133810925166,-0.09331305393101796,-0.011672994040112725,0.09404033615312939,25.466836480538603,11.838315889554018,0,,,,,
robot,46.1,robot_1,2.2283052273911808,-5.64735558228824,0.09540560734468466,-0.0412074130421586,0.01070375875665698,,,,,,,,,,0.39736877468513326,proceed,0.0008689326932653785,-0.0009002109802729714,0.0007612512181519886
robot,46.1,robot_2,5.827674536037815,5.827245114081002,0.0,0.0,0.0,,,,,,,,,,0.0,proceed,0.0,-0.0,-0.0
robot,46.1,robot_3,-5.528297673151035,-5.967609234063576,0.05707992963324578,8.808656444016238e-09,4.8979174457727705e-08,,,,,,,,,,0.0,proceed,0.0,-0.0,0.0
robot,46.1,robot_4,-4.638204638093035,6.075035979288188,0.08892979569342231,-0.002026496732398195,-0.007240810555813215,,,,,,,,,,0.0,proceed,0.0,-0.0,0.0
pair,46.1,,,,,,,robot_1,robot_2,12.025885437719122,-0.4275809981672608,0.1833490680644929,0.4652336947748187,-2.6096340017338204,11.964443440363395,0,,,,,
pair,46.1,,,,,,,robot_1,robot_3,7.763211381778507,-1.071608788978411,-0.021796583790929115,1.0718304379335062,-7.241361348966198,0.16245030624988774,0,,,,,
pair,46.1,,,,,,,robot_1,robot_4,13.585412090021794,-1.1982449222591738,-0.034027417216091205,1.1987279753314726,-5.448265168362957,11.912582383384592,0,,,,,
pair,46.1,,,,,,,robot_2,robot_3,16.37304778927291,-0.6440277908111502,-0.205145651855422,0.6759116316592553,-21.30477306949492,7.79182576654305,0,,,,,
pair,46.1,,,,,,,robot_2,robot_4,10.468812119834132,-0.7706639240919129,-0.2173764852805841,0.8007343006576436,-12.495506460500605,3.0796726314249305,0,,,,,
pair,46.1,,,,,,,robot_3,robot_4,12.075494579756265,-0.12663613328076262,-0.01223083342516209,0.12722540445436648,16.063551953231848,11.901297945485085,0,,,,,
robot,46.2,robot_1,2.2925647208188265,-5.675459272344399,0.09549291459904137,-0.041310822396236416,0.0024563556254725634,,,,,,,,,,0.37357108236183767,proceed,0.0008835200569592416,-0.00084943683094101,0.0007199356678548411
robot,46.2,robot_2,5.827674536037815,5.827245114081002,0.0,0.0,0.0,,,,,,,,,,0.0,proceed,0.0,-0.0,-0.0
robot,46.2,robot_3,-5.5649820884072,-5.970128267392618,0.05267399437451006,2.4317040127168343e-08,1.4652075018126136e-07,,,,,,,,,,0.0,proceed,0.0,-0.0,0.0
robot,46.2,robot_4,-4.697954974998756,6.070831141226076,0.08870930868424577,-0.0018787415819143177,-0.00672910581842789,,,,,,,,,,0.0,proceed,0.0,-0.0,0.0
pair,46.2,,,,,,,robot_1,robot_2,12.033669831233851,-0.4273915280319952,0.19118121255922868,0.4682027063880993,-3.139515246769335,11.943555449213907,0,,,,,
pair,46.2,,,,,,,robot_1,robot_3,7.8630701176970845,-1.0347349035869797,-0.011445405967151174,1.034798201592421,-7.59599828043508,0.20774241848603234,0,,,,,
pair,46.2,,,,,,,robot_1,robot_4,13.669041813439271,-1.1982002560524343,-0.024209135620402975,1.1984447988337243,-5.633812105808408,11.88510529182558,0,,,,,
pair,46.2,,,,,,,robot_2,robot_3,16.400324498753466,-0.6073433755549846,-0.20262661852637986,0.6402527019591234,-22.71086165750496,7.585444105870128,0,,,,,
pair,46.2,,,,,,,robot_2,robot_4,10.528447689770047,-0.7708087280204391,-0.21539034817963165,0.8003368648771779,-12.584370025232671,3.0673049670352897,0,,,,,
pair,46.2,,,,,,,robot_3,robot_4,12.072134835868443,-0.16346535246545446,-0.012763729653251801,0.1639629051075778,10.988627611157716,11.936926665152415,0,,,,,
robot,46.300000000000004,robot_1,2.3472022715774585,-5.698782862848842,0.09508222160730134,-0.03980248141200179,-0.003164909214850614,,,,,,,,,,0.3487752598804912,proceed,0.000863986206240952,-0.000790948487569344,0.0006674399748169282
robot,46.300000000000004,robot_2,5.827674536037815,5.827245114081002,0.0,0.0,0.0,,,,,,,,,,0.0,proceed,0.0,-0.0,-0.0
robot,46.300000000000004,robot_3,-5.593801048719902,-5.972107205088806,0.04871407650616061,2.493577514785239e-08,1.6082136744644493e-07,,,,,,,,,,0.0,proceed,0.0,-0.0,0.0
robot,46.300000000000004,robot_4,-4.7484205218346975,6.0674191403550894,0.08766359960443111,-0.0017460682978888854,-0.006264245250506467,,,,,,,,,,0.0,proceed,0.0,-0.0,0.0
pair,46.300000000000004,,,,,,,robot_1,robot_2,12.040058476130723,-0.42714440828960754,0.1979713936553905,0.47079190545179994,-3.5875363328731313,11.921004333163715,0,,,,,
pair,46.300000000000004,,,,,,,robot_1,robot_3,7.94570575399282,-1.0056688235318907,-0.0026762871748017628,1.0056723845950326,-7.896908269088177,0.25219084092087457,0,,,,,
pair,46.300000000000004,,,,,,,robot_1,robot_4,13.740137277574425,-1.1980626071140827,-0.0158534054615179,1.1981674928947623,-5.791609806850414,11.859056865752756,0,,,,,
pair,46.300000000000004,,,,,,,robot_2,robot_3,16.42177882219568,-0.578524415242283,-0.20064768083019224,0.6123316020376216,-23.936832593527047,7.405335275618338,0,,,,,
pair,46.300000000000004,,,,,,,robot_2,robot_4,10.578821779198858,-0.7709181988244752,-0.21382479911690838,0.8000224459327121,-12.658584952060943,3.0581466074719805,0,,,,,
pair,46.300000000000004,,,,,,,robot_3,robot_4,12.069169932430082,-0.19239378358219217,-0.013177118286716138,0.19284450836726855,8.639441308626497,11.953621943681135,0,,,,,
robot,46.400000000000006,robot_1,2.404964616334041,-5.720132877423082,0.09989906947611578,-0.02689476381757936,-0.008544242511060255,,,,,,,,,,0.32100369390255074,proceed,0.0009173784055747092,-0.0007343730294222878,0.0006089708791335036
robot,46.400000000000006,robot_2,5.827674536037815,5.827245114081002,0.0,0.0,0.0,,,,,,,,,,0.0,proceed,0.0,-0.0,-0.0
robot,46.400000000000006,robot_3,-5.6215436337166045,-5.974012232409735,0.04492556998442831,2.02092025375529e-08,1.413287130422692e-07,,,,,,,,,,0.0,proceed,0.0,-0.0,0.0
robot,46.400000000000006,robot_4,-4.800381427932242,6.06403341249704,0.08763202400850859,-0.0016299619432372523,-0.005849456811879879,,,,,,,,,,0.0,proceed,0.0,-0.0,0.0
pair,46.400000000000006,,,,,,,robot_1,robot_2,12.043956230122706,-0.42670992349653425,0.2067637755242482,0.4741651797416801,-4.123401633223363,11.884198683531432,0,,,,,
pair,46.400000000000006,,,,,,,robot_1,robot_3,8.030522362525335,-0.9774917537421148,0.008021122014985307,0.9775246631324525,-8.208646915591977,0.3197326776096015,0,,,,,
pair,46.400000000000006,,,,,,,robot_1,robot_4,13.812443185986814,-1.1977319572916434,-0.0055185346757545065,1.1977446705131434,-5.970366574311658,11.81723939661396,0,,,,,
pair,46.400000000000006,,,,,,,robot_2,robot_3,16.44245333448559,-0.5507818302455805,-0.1987426535092629,0.5855418574726954,-25.233194417129656,7.2146338761662365,0,,,,,
pair,46.400000000000006,,,,,,,robot_2,robot_4,10.630693405020496,-0.7710220337951091,-0.2122823102000027,0.7997116704296596,-12.734489166574875,3.0494956602044487,0,,,,,
pair,46.400000000000006,,,,,,,robot_3,robot_4,12.06602048386574,-0.2202402035495286,-0.013539656690739813,0.22065599824804422,7.062035477281744,11.964974393540896,0,,,,,
robot,46.5,robot_1,2.4753057952801125,-5.731155406919085,0.10314042803719072,-0.004469268257130931,-0.011931569693336691,,,,,,,,,,0.2974075666879958,proceed,0.0008924753637984395,-0.0006794465048462193,0.0005599162472276675
robot,46.5,robot_2,5.827674536037815,5.827245114081002,0.0,0.0,0.0,,,,,,,,,,0.0,proceed,0.0,-0.0,-0.0
robot,46.5,robot_3,-5.6514849545335215,-5.976068242684056,0.04194935210319981,1.4955248291061846e-08,1.1200664638201725e-07,,,,,,,,,,0.0,proceed,0.0,-0.0,0.0
robot,46.5,robot_4,-4.860971500874168,6.060239940889789,0.08755820298975074,-0.0015361266781091718,-0.005517091892118622,,,,,,,,,,0.0,proceed,0.0,-0.0,0.0
pair,46.5,,,,,,,robot_1,robot_2,12.034741325756217,-0.4255381186806737,0.22334279504208615,0.48058786350416555,-5.000438676451562,11.79236482568295,0,,,,,
pair,46.5,,,,,,,robot_1,robot_3,8.130480317200139,-0.9463786281093371,0.026656151807143803,0.9467539586245608,-8.573160216902385,0.4736280607698655,0,,,,,
pair,46.5,,,,,,,robot_1,robot_4,13.887331234416408,-1.196669338103779,0.012750530423229336,1.1967372647259757,-6.234861635809332,11.712562358066196,0,,,,,
pair,46.5,,,,,,,robot_2,robot_3,16.46478997157153,-0.5208405094286634,-0.19668664323494234,0.5567409378597367,-26.77878669331877,6.986815823672459,0,,,,,
pair,46.5,,,,,,,robot_2,robot_4,10.691185186484887,-0.7711312194231053,-0.2105922646188568,0.7993700391472425,-12.822188466497648,3.0406640735896833,0,,,,,
pair,46.5,,,,,,,robot_3,robot_4,12.062239684668148,-0.2502907099944418,-0.013905621383914466,0.2506766957967863,5.81218107659851,11.973923346374388,0,,,,,
robot,46.6,robot_1,2.5347105288652876,-5.734977452540397,0.10527825377997183,-0.00519014175259728,-0.015742722535093196,,,,,,,,,,0.27749045950509943,proceed,0.0008743586950004101,-0.0006331146485216754,0.0005170943578956831
robot,46.6,robot_2,5.827674536037815,5.827245114081002,0.0,0.0,0.0,,,,,,,,,,0.0,proceed,0.0,-0.0,-0.0
robot,46.6,robot_3,-5.674598900630869,-5.977655430005186,0.03989015641089976,1.0283936928597026e-08,8.270192320203011e-08,,,,,,,,,,0.0,proceed,0.0,-0.0,0.0
robot,46.6,robot_4,-4.911361358382036,6.057205102887354,0.08934782482727266,-0.001479321358250167,-0.005313759691312956,,,,,,,,,,0.0,proceed,0.0,-0.0,0.0
pair,46.6,,,,,,,robot_1,robot_2,12.02200493397931,-0.42385037228639144,0.2403889917629472,0.4872740557921373,-5.827705037202112,11.681813487202545,0,,,,,
pair,46.6,,,,,,,robot_1,robot_3,8.21289558620837,-0.9215769356177074,0.045289535849134796,0.9226891081615487,-8.873522520927267,0.6453335530362159,0,,,,,
pair,46.6,,,,,,,robot_1,robot_4,13.946309761746635,-1.1950652935328656,0.031145505518236298,1.1954710779942694,-6.4834401228388545,11.594188005950569,0,,,,,
pair,46.6,,,,,,,robot_2,robot_3,16.48204996557347,-0.49772656333131593,-0.1950994559138124,0.5345984750665382,-28.090420848157578,6.7929959743301715,0,,,,,
pair,46.6,,,,,,,robot_2,robot_4,10.74149773253664,-0.7712149212464741,-0.2092434862447109,0.7990965469134789,-12.89471280584263,3.033953648626052,0,,,,,
pair,46.6,,,,,,,robot_3,robot_4,12.05903808734646,-0.27348835791515813,-0.014144030330898498,0.2738538579409299,5.053047367987833,11.979378397652885,0,,,,,
robot,46.7,robot_1,2.5934433071258454,-5.740138116249271,0.11031052726222529,-0.007651764144983425,-0.02328672498340489,,,,,,,,,,0.25141720153823016,proceed,0.0007663177675567567,-0.0005647050713316331,0.00046325974101218585
robot,46.7,robot_2,5.827674536037815,5.827245114081002,0.0,0.0,0.0,,,,,,,,,,0.0,proceed,0.0,-0.0,-0.0
robot,46.7,robot_3,-5.695944960595059,-5.979121219211449,0.03849822461124462,6.093924040297821e-09,5.324286136693055e-08,,,,,,,,,,0.0,proceed,0.0,-0.0,0.0
robot,46.7,robot_4,-4.961238460997884,6.054301580305746,0.093618526825056,-0.0014479219988771594,-0.005206568871020868,,,,,,,,,,0.0,proceed,0.0,-0.0,0.0
pair,46.7,,,,,,,robot_1,robot_2,12.01102020810037,-0.42163557278375907,0.2576682937394552,0.49413510888752965,-6.6219610747087625,11.556715953858582,0,,,,,
pair,46.7,,,,,,,robot_1,robot_3,8.292832494180166,-0.8980160761508846,0.06403462703190631,0.9002962326282093,-9.165201075110202,0.8279703140138077,0,,,,,
pair,46.7,,,,,,,robot_1,robot_4,14.006499361842483,-1.1929280650408178,0.0497210930968175,1.1939637998954458,-6.733280018962013,11.469603258609242,0,,,,,
pair,46.7,,,,,,,robot_2,robot_3,16.49800267605381,-0.47638050336712556,-0.1936336667075489,0.5142298910710326,-29.40539140635972,6.598142385010126,0,,,,,
pair,46.7,,,,,,,robot_2,robot_4,10.791301974111386,-0.7712924922570589,-0.2079472006426377,0.7988329905976684,-12.96622642481898,3.0277307420898185,0,,,,,
pair,46.7,,,,,,,robot_3,robot_4,12.055830867778901,-0.2949119888899333,-0.014313533935088808,0.2952591377836207,4.46115701240361,11.983657579931656,0,,,,,
robot,46.800000000000004,robot_1,2.663976005877349,-5.748787384931697,0.10003363528281876,-0.008962792981295754,-0.027270766444833606,,,,,,,,,,0.2130966558132284,proceed,0.00016417739971075207,-0.0004554295225932458,0.0003511172454903506
robot,46.800000000000004,robot_2,5.827674536037815,5.827245114081002,0.0,0.0,0.0,,,,,,,,,,0.0,proceed,0.0,-0.0,-0.0
robot,46.800000000000004,robot_3,-5.719720383615809,-5.9807538264805284,0.032616736843174815,3.130576831187476e-09,2.9241239059747034e-08,,,,,,,,,,0.0,proceed,0.0,-0.0,0.0
robot,46.800000000000004,robot_4,-5.021331922499091,6.050930526881253,0.08503821001737655,-0.001249958480424973,-0.004481666320707397,,,,,,,,,,0.0,proceed,0.0,-0.0,0.0
pair,46.800000000000004,,,,,,,robot_1,robot_2,12.000563187114915,-0.4203607555705151,0.2661521298613971,0.4975340400953208,-7.0739684256776725,11.472852930307631,0,,,,,
pair,46.800000000000004,,,,,,,robot_1,robot_3,8.386904886858169,-0.872965835916891,0.0741510704229275,0.8761094291941744,-9.512489469160338,0.9407030816813999,0,,,,,
pair,46.800000000000004,,,,,,,robot_1,robot_4,14.081807439115376,-1.1918753971782379,0.06221504721952304,1.1934980831569482,-6.945933559437051,11.383052783073605,0,,,,,
pair,46.800000000000004,,,,,,,robot_2,robot_3,16.51578543123955,-0.4526050803463759,-0.19200105943846957,0.49164597586153813,-31.00152732623893,6.360772597426082,0,,,,,
pair,46.800000000000004,,,,,,,robot_2,robot_4,10.851312192600263,-0.7715146416077228,-0.20393708264187402,0.7980132679921879,-13.071954272987657,2.988786519561572,0,,,,,
pair,46.800000000000004,,,,,,,robot_3,robot_4,12.051936558974733,-0.31890956126134684,-0.011936023203404457,0.3191328515114308,3.5969407121561807,11.997145324763288,0,,,,,
robot,46.900000000000006,robot_1,2.7284858158931566,-5.759266045358655,0.12959471285762436,-0.01396988500414326,-0.042963936072793356,,,,,,,,,,0.1698783659432135,proceed,0.0001045729877660051,-0.0003603974628504947,0.00026582715719171434
robot,46.900000000000006,robot_2,5.827674536037815,5.827245114081002,0.0,0.0,0.0,,,,,,,,,,0.0,proceed,0.0,-0.0,-0.0
robot,46.900000000000006,robot_3,-5.740140862716114,-5.982156056199781,0.03985467491171992,2.0840589341070137e-09,2.085182738726454e-08,,,,,,,,,,0.0,proceed,0.0,-0.0,0.0
robot,46.900000000000006,robot_4,-5.07696812547108,6.047935072976899,0.1114989576048708,-0.0015610614546878124,-0.005587208134742053,,,,,,,,,,0.0,proceed,0.0,-0.0,0.0
pair,46.900000000000006,,,,,,,robot_1,robot_2,11.993840568012049,-0.4214432037633008,0.25900318577181625,0.4946686004167083,-6.926162196973581,11.494071243877931,0,,,,,
pair,46.900000000000006,,,,,,,robot_1,robot_3,8.471559347521886,-0.8536278050093719,0.06840435605259884,0.8563641663521944,-9.83665953093027,0.8986317918824015,0,,,,,
pair,46.900000000000006,,,,,,,robot_1,robot_4,14.153978574223675,-1.1929612146862378,0.05513091457244919,1.1942344315448532,-6.985397846482732,11.434280249372366,0,,,,,
pair,46.900000000000006,,,,,,,robot_2,robot_3,16.531071020967687,-0.43218460124607105,-0.19059882971921738,0.4723467406943343,-32.49627009804395,6.137502407787901,0,,,,,
pair,46.900000000000006,,,,,,,robot_2,robot_4,10.90687561280302,-0.771518010922937,-0.20387227119936704,0.797999965001549,-13.140835150056047,2.999273996375063,0,,,,,
pair,46.900000000000006,,,,,,,robot_3,robot_4,12.048356346644155,-0.339333409676866,-0.013273441480149657,0.33959291390082735,3.3359886456075,11.994977192773412,0,,,,,
robot,47.0,robot_1,2.7760557040422973,-5.768135219157896,0.07630428223295888,-0.008059480690126093,-0.025168222062194382,,,,,,,,,,0.13152226605280137,proceed,3.4836306440411136e-05,-0.00027345637966880696,0.00020180264132029275
robot,47.0,robot_2,5.827674536037815,5.827245114081002,0.0,0.0,0.0,,,,,,,,,,0.0,proceed,0.0,-0.0,-0.0
robot,47.0,robot_3,-5.752626706783,-5.983013431310294,0.013732035705603262,-1.1936095991801898e-11,-7.244744486863487e-09,,,,,,,,,,0.0,proceed,0.0,-0.0,0.0
robot,47.0,robot_4,-5.12132772293702,6.045793334756958,0.0768619372178272,-0.001347485465913342,-0.004170085429031229,,,,,,,,,,0.0,proceed,0.0,-0.0,0.0
pair,47.0,,,,,,,robot_1,robot_2,11.990213616456261,-0.42179269500446026,0.2565618855436358,0.4936933042616958,-6.924715019429762,11.492511145843388,0,,,,,
pair,47.0,,,,,,,robot_1,robot_3,8.531388885215502,-0.8414914521836449,0.06682043093493165,0.8441402928947708,-10.0515410491704,0.8893171183795708,0,,,,,
pair,47.0,,,,,,,robot_1,robot_4,14.210474055066998,-1.1933049758618277,0.052579472360715224,1.1944627940335055,-7.040629301589524,11.454839399424687,0,,,,,
pair,47.0,,,,,,,robot_2,robot_3,16.54042272082142,-0.4196987571791846,-0.18974145460870417,0.46059620751237096,-33.47240923991141,5.991121042332179,0,,,,,
pair,47.0,,,,,,,robot_2,robot_4,10.951183214237478,-0.7715122808573674,-0.2039824131829206,0.7980225713610268,-13.19438067727996,3.0099606516709483,0,,,,,
pair,47.0,,,,,,,robot_3,robot_4,12.045361373673696,-0.35181352367818286,-0.014240958574216422,0.3521016335434584,3.1732162190889173,11.993430842222935,0,,,,,
robot,47.1,robot_1,2.829381567602507,-5.777685714008593,0.10521988062328494,-0.007751190687985167,-0.02412199475579211,,,,,,,,,,0.08711964854591961,proceed,-1.8647160188147788e-06,-0.00017795413980888986,0.00012086687691343381
robot,47.1,robot_2,5.827674536037815,5.827245114081002,0.0,0.0,0.0,,,,,,,,,,0.0,proceed,0.0,-0.0,-0.0
robot,47.1,robot_3,-5.75573061764844,-5.983226569878274,-0.0,0.0,0.0,,,,,,,,,,0.0,proceed,0.0,-0.0,0.0
robot,47.1,robot_4,-5.1734209302208605,6.043314100467925,0.09930433986259225,-0.0014602358711002334,-0.0048178942606628885,,,,,,,,,,0.0,proceed,0.0,-0.0,0.0
pair,47.1,,,,,,,robot_1,robot_2,11.985999342954798,-0.42271366564053936,0.24975121207571915,0.49098117179027606,-6.765573468465051,11.516511177513676,0,,,,,
pair,47.1,,,,,,,robot_1,robot_3,8.587572315665,-0.8393085119542846,0.06022289603499474,0.8414663246058972,-10.158917079171903,0.8194415965367009,0,,,,,
pair,47.1,,,,,,,robot_1,robot_4,14.275184217130853,-1.1942170426379695,0.04559841968625498,1.1950872607491312,-7.068943287348951,11.507046174926078,0,,,,,
pair,47.1,,,,,,,robot_2,robot_3,16.542748149931107,-0.4165948463137452,-0.1895283160407244,0.4576813832311794,-33.72287139885772,5.953483062910442,0,,,,,
pair,47.1,,,,,,,robot_2,robot_4,11.003217132485183,-0.7715033769974301,-0.20415279238946415,0.7980575313590208,-13.25691095200154,3.0230932190230186,0,,,,,
pair,47.1,,,,,,,robot_3,robot_4,12.040629762083178,-0.3549085306836849,-0.014624476348739764,0.3552097133532907,3.0319139892291123,11.992368857413336,0,,,,,
robot,47.2,robot_1,2.8941905785743764,-5.788776019929674,0.09642277487281851,-0.0052085312736088445,-0.016800980856216213,,,,,,,,,,0.032393221455336074,proceed,-3.7631626722883676e-06,-6.459865437842111e-05,4.206644052198683e-05
robot,47.2,robot_2,5.827674536037815,5.827245114081002,0.0,0.0,0.0,,,,,,,,,,0.0,proceed,0.0,-0.0,-0.0
robot,47.2,robot_3,-5.75573061764844,-5.983226569878274,-0.0,0.0,0.0,,,,,,,,,,0.0,proceed,0.0,-0.0,0.0
robot,47.2,robot_4,-5.234867740513804,6.0404127220286234,0.08979994005713303,-0.0010883868855667547,-0.0037722231747446934,,,,,,,,,,0.0,proceed,0.0,-0.0,0.0
pair,47.2,,,,,,,robot_1,robot_2,11.980704282907496,-0.42346054712490777,0.24374100423047185,0.48859851833034157,-6.6564564101738934,11.530810633158048,0,,,,,
pair,47.2,,,,,,,robot_1,robot_3,8.652106547959294,-0.840055393438653,0.05421268818974745,0.8418028745532584,-10.239264458231364,0.7511078104285389,0,,,,,
pair,47.2,,,,,,,robot_1,robot_4,14.353093584590386,-1.1949508371744253,0.03933945688034286,1.1955982168485784,-7.121020402687373,11.555308511158072,0,,,,,
pair,47.2,,,,,,,robot_2,robot_3,16.542748149931107,-0.4165948463137452,-0.1895283160407244,0.4576813832311794,-33.72287139885772,5.953483062910442,0,,,,,
pair,47.2,,,,,,,robot_2,robot_4,11.064595882795269,-0.7714902900495174,-0.204401547350129,0.7981085516393215,-13.330259479041443,3.0392576218557257,0,,,,,
pair,47.2,,,,,,,robot_3,robot_4,12.034915868366689,-0.3548954437357722,-0.014873231309404586,0.3552069664209779,2.8824324097235,11.991284773170785,0,,,,,
robot,47.300000000000004,robot_1,2.9517571658755726,-5.797790905924636,0.09635876278782,-0.00272708599020121,-0.008706506927501256,,,,,,,,,,0.0,proceed,0.0,-0.0,0.0
robot,47.300000000000004,robot_2,5.827674536037815,5.827245114081002,0.0,0.0,0.0,,,,,,,,,,0.0,proceed,0.0,-0.0,-0.0
robot,47.300000000000004,robot_3,-5.75573061764844,-5.983226569878274,-0.0,0.0,0.0,,,,,,,,,,0.0,proceed,0.0,-0.0,0.0
robot,47.300000000000004,robot_4,-5.286806733091708,6.037930084637841,0.08363302285010236,-0.0007772977725515563,-0.002863731302078689,,,,,,,,,,0.0,proceed,0.0,-0.0,0.0
pair,47.300000000000004,,,,,,,robot_1,robot_2,11.97549010213901,-0.42141397476541287,0.25920417104870297,0.4947489670697952,-7.3589815913483525,11.408618894848292,0,,,,,
pair,47.300000000000004,,,,,,,robot_1,robot_3,8.709462089342018,-0.8380088210791581,0.06967585500797857,0.8409004156126771,-10.301077678644953,0.9062885025084931,0,,,,,
pair,47.300000000000004,,,,,,,robot_1,robot_4,14.420756793033027,-1.1928926904798562,0.054584242925200976,1.1941408671408862,-7.344999417374721,11.446764497485598,0,,,,,
pair,47.300000000000004,,,,,,,robot_2,robot_3,16.542748149931107,-0.4165948463137452,-0.1895283160407244,0.4576813832311794,-33.72287139885772,5.953483062910442,0,,,,,
pair,47.300000000000004,,,,,,,robot_2,robot_4,11.116477951161041,-0.7714787157144434,-0.204619928123502,0.7981533209764112,-13.392186615035952,3.0530266114082045,0,,,,,
pair,47.300000000000004,,,,,,,robot_3,robot_4,12.030299120218286,-0.35488386940069816,-0.015091612082777595,0.3552046135906301,2.756846162155832,11.990378525243626,0,,,,,
robot,47.400000000000006,robot_1,3.0186409057283212,-5.807044039503257,0.09591632356732761,-0.0005252028593620683,-0.0016964883836750454,,,,,,,,,,0.0,proceed,0.0,-0.0,0.0
robot,47.400000000000006,robot_2,5.827674536037815,5.827245114081002,0.0,0.0,0.0,,,,,,,,,,0.0,proceed,0.0,-0.0,-0.0
robot,47.400000000000006,robot_3,-5.75573061764844,-5.983226569878274,-0.0,0.0,0.0,,,,,,,,,,0.0,proceed,0.0,-0.0,0.0
robot,47.400000000000006,robot_4,-5.343456697734902,6.035157813776847,0.07818166403549771,-0.00048536448643642484,-0.00193173099242394,,,,,,,,,,0.0,proceed,0.0,-0.0,0.0
pair,47.400000000000006,,,,,,,robot_1,robot_2,11.968598666736973,-0.4141243638410067,0.2995484167855481,0.5111049234016896,-8.887797150102555,11.073037867567265,0,,,,,
pair,47.400000000000006,,,,,,,robot_1,robot_3,8.776140148963801,-0.8307192101547519,0.11002010074482374,0.8379730477097912,-10.352702204509406,1.3266720862788834,0,,,,,
pair,47.400000000000006,,,,,,,robot_1,robot_4,14.496979722124056,-1.1855913967514589,0.09470957290920351,1.1893682622517379,-7.801233795982911,11.138721591672972,0,,,,,
pair,47.400000000000006,,,,,,,robot_2,robot_3,16.542748149931107,-0.4165948463137452,-0.1895283160407244,0.4576813832311794,-33.72287139885772,5.953483062910442,0,,,,,
pair,47.400000000000006,,,,,,,robot_2,robot_4,11.173065860938399,-0.7714670329104522,-0.20483884387634463,0.7981981801709737,-13.45989195659669,3.0677586858581605,0,,,,,
pair,47.400000000000006,,,,,,,robot_3,robot_4,12.02545354563919,-0.35487218659670694,-0.015310527835620223,0.35520231007488295,2.618021788351533,11.989444025189103,0,,,,,
robot,47.5,robot_1,3.0744462322384765,-5.815036607886539,0.09457004525257444,-0.002235314586471065,-0.007510238408684284,,,,,,,,,,0.0,proceed,0.0,-0.0,0.0
robot,47.5,robot_2,5.827674536037815,5.827245114081002,0.0,0.0,0.0,,,,,,,,,,0.0,proceed,0.0,-0.0,-0.0
robot,47.5,robot_3,-5.75573061764844,-5.983226569878274,-0.0,0.0,0.0,,,,,,,,,,0.0,proceed,0.0,-0.0,0.0
robot,47.5,robot_4,-5.388492518564177,6.032890611969028,0.07435481713250329,-0.0002955052902657621,-0.0012617177669316383,,,,,,,,,,0.0,proceed,0.0,-0.0,0.0
pair,47.5,,,,,,,robot_1,robot_2,11.963402099173182,-0.4049033656732898,0.3364829477705332,0.5264670072035903,-10.111711395050234,10.713707320139326,0,,,,,
pair,47.5,,,,,,,robot_1,robot_3,8.83177847681845,-0.821498211987035,0.1469546317298088,0.8345387804558511,-10.380079758245083,1.7204750381406022,0,,,,,
pair,47.5,,,,,,,robot_1,robot_4,14.560038176695542,-1.1763628243000992,0.13150297166997504,1.183690215366056,-8.217357122625389,10.83438839417439,0,,,,,
pair,47.5,,,,,,,robot_2,robot_3,16.542748149931107,-0.4165948463137452,-0.1895283160407244,0.4576813832311794,-33.72287139885772,5.953483062910442,0,,,,,
pair,47.5,,,,,,,robot_2,robot_4,11.218052124479577,-0.7714594586268094,-0.20497997610055815,0.798227089810259,-13.513995370924519,3.078994499981369,0,,,,,
pair,47.5,,,,,,,robot_3,robot_4,12.021727660752633,-0.3548646123130642,-0.015451660059833748,0.3552008542651693,2.5045149959480053,11.988767132292622,0,,,,,
robot,47.6,robot_1,3.1351250975445484,-5.82653400141601,0.08948862753782129,-0.007824901938212319,-0.024412245513262387,,,,,,,,,,0.0,proceed,0.0,-0.0,0.0
robot,47.6,robot_2,5.827674536037815,5.827245114081002,0.0,0.0,0.0,,,,,,,,,,0.0,proceed,0.0,-0.0,-0.0
robot,47.6,robot_3,-5.75573061764844,-5.983226569878274,-0.0,0.0,0.0,,,,,,,,,,0.0,proceed,0.0,-0.0,0.0
robot,47.6,robot_4,-5.436494203591687,6.030416208361888,0.06914782921357261,-0.00014133400057205706,-0.0006555067960828378,,,,,,,,,,0.0,proceed,0.0,-0.0,0.0
pair,47.6,,,,,,,robot_1,robot_2,11.960785515655932,-0.3913314170567356,0.37840244967802356,0.5443608103987299,-11.325732100236278,10.249373379123206,0,,,,,
pair,47.6,,,,,,,robot_1,robot_3,8.892236384025736,-0.8079262633704808,0.18887413363729916,0.8297097597359138,-10.391299613517733,2.1764824273149737,0,,,,,
pair,47.6,,,,,,,robot_1,robot_4,14.630786913927885,-1.1271626774272332,0.17523135539713713,1.1407022965258056,-9.021905330400651,10.39946646256263,0,,,,,
pair,47.6,,,,,,,robot_2,robot_3,16.542748149931107,-0.4165948463137452,-0.1895283160407244,0.4576813832311794,-33.72287139885772,5.953483062910442,0,,,,,
pair,47.6,,,,,,,robot_2,robot_4,11.266000882673397,-0.7358312603704977,-0.20317109428088642,0.7633650092123218,-14.152872952489105,3.1938235338902192,0,,,,,
pair,47.6,,,,,,,robot_3,robot_4,12.017883536264685,-0.3192364140567525,-0.013642778240162023,0.3195277976294466,2.6034919126943823,11.989056968131505,0,,,,,
robot,47.7,robot_1,3.182307878585252,-5.839317306029437,0.06270238533986947,-0.009252242714493862,-0.03172101927427458,,,,,,,,,,0.0,proceed,0.0,-0.0,0.0
robot,47.7,robot_2,5.827674536037815,5.827245114081002,0.0,0.0,0.0,,,,,,,,,,0.0,proceed,0.0,-0.0,-0.0
robot,47.7,robot_3,-5.75573061764844,-5.983226569878274,-0.0,0.0,0.0,,,,,,,,,,0.0,proceed,0.0,-0.0,0.0
robot,47.7,robot_4,-5.473659753779135,6.028460503807122,0.047770089266614274,-4.517110607638779e-05,-0.00022410934357173538,,,,,,,,,,0.0,proceed,0.0,-0.0,0.0
pair,47.7,,,,,,,robot_1,robot_2,11.962718898924896,-0.38141003534579876,0.403789508445878,0.55544539082924,-11.998804381327181,9.934217437743653,0,,,,,
pair,47.7,,,,,,,robot_1,robot_3,8.939196945832267,-0.798004881659544,0.21426119240515362,0.8262685094588448,-10.402167543973384,2.4567256984815624,0,,,,,
pair,47.7,,,,,,,robot_1,robot_4,14.689109087898727,-1.080075745528849,0.20257411871975783,1.098908499218559,-9.732698243413187,10.068739989548824,0,,,,,
pair,47.7,,,,,,,robot_2,robot_3,16.542748149931107,-0.4165948463137452,-0.1895283160407244,0.4576813832311794,-33.72287139885772,5.953483062910442,0,,,,,
pair,47.7,,,,,,,robot_2,robot_4,11.303125424556477,-0.6986657101830502,-0.2012153897261202,0.72706355131324,-14.860100254917906,3.321009108972882,0,,,,,
pair,47.7,,,,,,,robot_3,robot_4,12.01499855715284,-0.282070863869305,-0.011687073685395788,0.28231287596442334,2.7596474145048897,11.989713026260318,0,,,,,
robot,47.800000000000004,robot_1,3.2355113415631105,-5.859057221182061,0.08741195359412811,-0.018423119604893623,-0.07223051346438383,,,,,,,,,,0.0,proceed,0.0,-0.0,0.0
robot,47.800000000000004,robot_2,5.827674536037815,5.827245114081002,0.0,0.0,0.0,,,,,,,,,,0.0,proceed,0.0,-0.0,-0.0
robot,47.800000000000004,robot_3,-5.75573061764844,-5.983226569878274,-0.0,0.0,0.0,,,,,,,,,,0.0,proceed,0.0,-0.0,0.0
robot,47.800000000000004,robot_4,-5.515707095642169,6.026216074795965,0.06541145892872725,-1.0842111983972499e-05,-5.858611941538255e-05,,,,,,,,,,0.0,proceed,0.0,-0.0,0.0
pair,47.800000000000004,,,,,,,robot_1,robot_2,11.970337183971228,-0.37542616036130516,0.41763885446528354,0.5615754754640793,-12.390287708210913,9.740332191601432,0,,,,,
pair,47.800000000000004,,,,,,,robot_1,robot_3,8.992099309740857,-0.7920210066750504,0.22811053842455914,0.8242158047228302,-10.441038223967915,2.6077415218901088,0,,,,,
pair,47.800000000000004,,,,,,,robot_1,robot_4,14.759523889874293,-1.0320445286813213,0.21866789375032075,1.0549557132592118,-10.450395366349152,9.813227838351901,0,,,,,
pair,47.800000000000004,,,,,,,robot_2,robot_3,16.542748149931107,-0.4165948463137452,-0.1895283160407244,0.4576813832311794,-33.72287139885772,5.953483062910442,0,,,,,
pair,47.800000000000004,,,,,,,robot_2,robot_4,11.345126543372828,-0.6566183683200162,-0.19897096071496279,0.6861028529477746,-15.738472502676812,3.4800198225692247,0,,,,,
pair,47.800000000000004,,,,,,,robot_3,robot_4,12.011840988243078,-0.24002352200627097,-0.009442644674238387,0.24020918936364355,2.9637927771779644,11.990724716675604,0,,,,,
robot,47.900000000000006,robot_1,3.272318302326747,-5.876132387423458,0.07844944673443593,-0.01865792568886994,-0.07925810029812495,,,,,,,,,,0.0,proceed,0.0,-0.0,0.0
robot,47.900000000000006,robot_2,5.827674536037815,5.827245114081002,0.0,0.0,0.0,,,,,,,,,,0.0,proceed,0.0,-0.0,-0.0
robot,47.900000000000006,robot_3,-5.75573061764844,-5.983226569878274,-0.0,0.0,0.0,,,,,,,,,,0.0,proceed,0.0,-0.0,0.0
robot,47.900000000000006,robot_4,-5.545042745826941,6.024636661324089,0.05785255291714095,9.635827282678151e-06,5.564231700327286e-05,,,,,,,,,,0.0,proceed,0.0,-0.0,0.0
pair,47.900000000000006,,,,,,,robot_1,robot_2,11.979102237809258,-0.3804357492808048,0.4061109253397466,0.5564687259955878,-12.209364536892256,9.866037419665494,0,,,,,
pair,47.900000000000006,,,,,,,robot_1,robot_3,9.028684093785806,-0.79703059559455,0.21658260929902218,0.8259332884468188,-10.514212970194112,2.470751282868914,0,,,,,
pair,47.900000000000006,,,,,,,robot_1,robot_4,14.81128488029062,-1.0077184674160486,0.20871937809665964,1.0291065485966,-10.735308274455809,9.865130725576083,0,,,,,
pair,47.900000000000006,,,,,,,robot_2,robot_3,16.542748149931107,-0.4165948463137452,-0.1895283160407244,0.4576813832311794,-33.72287139885772,5.953483062910442,0,,,,,
pair,47.900000000000006,,,,,,,robot_2,robot_4,11.374430174569111,-0.6272827181352438,-0.19739154724308694,0.6576070493799162,-16.406507782827124,3.6019969207303704,0,,,,,
pair,47.900000000000006,,,,,,,robot_3,robot_4,12.0097114352758,-0.21068787182149862,-0.007863231202362542,0.21083455536892912,3.1227493016574823,11.991651261501769,0,,,,,
robot,48.0,robot_1,3.31257568933719,-5.897032209501065,0.0749932880765541,-0.01691786992384613,-0.07300542248382624,,,,,,,,,,0.0,proceed,0.0,-0.0,0.0
robot,48.0,robot_2,5.827674536037815,5.827245114081002,0.0,0.0,0.0,,,,,,,,,,0.0,proceed,0.0,-0.0,-0.0
robot,48.0,robot_3,-5.75573061764844,-5.983226569878274,-0.0,0.0,0.0,,,,,,,,,,0.0,proceed,0.0,-0.0,0.0
robot,48.0,robot_4,-5.576218581412315,6.022949666161222,0.05152979888098465,1.6482266009051547e-05,0.00010362957914936665,,,,,,,,,,0.0,proceed,0.0,-0.0,0.0
pair,48.0,,,,,,,robot_1,robot_2,11.99101334203809,-0.3869357177321535,0.39007246608648505,0.5494322328146474,-11.92588623603183,10.042389472508814,0,,,,,
pair,48.0,,,,,,,robot_1,robot_3,9.068715936949188,-0.8035305640458987,0.20054415004576068,0.8281783162299631,-10.59862173747749,2.2795279068575742,0,,,,,
pair,48.0,,,,,,,robot_1,robot_4,14.869318461309067,-0.9830426002820238,0.1943679140062652,1.0020736699287083,-11.00921913133215,9.969480166702684,0,,,,,
pair,48.0,,,,,,,robot_2,robot_3,16.542748149931107,-0.4165948463137452,-0.1895283160407244,0.4576813832311794,-33.72287139885772,5.953483062910442,0,,,,,
pair,48.0,,,,,,,robot_2,robot_4,11.405572256837067,-0.5961068825498703,-0.19570455208021986,0.6274103020577877,-17.171973346718477,3.7430922273034875,0,,,,,
pair,48.0,,,,,,,robot_3,robot_4,12.007518160802137,-0.17951203623612505,-0.006176236039495464,0.17961825365272716,3.2972284810973456,11.9929037891567,0,,,,,
robot,48.1,robot_1,3.3502807734491773,-5.916955063103856,0.07909359706673837,-0.013272313604520174,-0.062253154785014,,,,,,,,,,0.0,proceed,0.0,-0.0,0.0
robot,48.1,robot_2,5.827674536037815,5.827245114081002,0.0,0.0,0.0,,,,,,,,,,0.0,proceed,0.0,-0.0,-0.0
robot,48.1,robot_3,-5.75573061764844,-5.983226569878274,-0.0,0.0,0.0,,,,,,,,,,0.0,proceed,0.0,-0.0,0.0
robot,48.1,robot_4,-5.603987982244725,6.0214438135364565,0.05125585776757389,1.6991055218126133e-05,0.00011382100149892173,,,,,,,,,,0.0,proceed,0.0,-0.0,0.0
pair,48.1,,,,,,,robot_1,robot_2,12.002654608739766,-0.39316571364445174,0.3733034537250518,0.5421574927533538,-11.601636880757376,10.22255814175158,0,,,,,
pair,48.1,,,,,,,robot_1,robot_3,9.106252542479245,-0.809760559958197,0.1837751376843274,0.8303526152754058,-10.676816545134363,2.079986884868308,0,,,,,
pair,48.1,,,,,,,robot_1,robot_4,14.923280359457257,-0.961503195361912,0.17910475426959727,0.9780423854277175,-11.23578699144162,10.096757266735095,0,,,,,
pair,48.1,,,,,,,robot_2,robot_3,16.542748149931107,-0.4165948463137452,-0.1895283160407244,0.4576813832311794,-33.72287139885772,5.953483062910442,0,,,,,
pair,48.1,,,,,,,robot_2,robot_4,11.43331190280297,-0.5683374817174602,-0.19419869945545454,0.600600223106131,-17.90673626988007,3.8800924538678636,0,,,,,
pair,48.1,,,,,,,robot_3,robot_4,12.005629381329161,-0.15174263540371502,-0.004670383414730139,0.15181449166830344,3.4316850344475602,11.99432020510305,0,,,,,
robot,48.2,robot_1,3.3949142588233356,-5.938793574641441,0.07443886569706289,-0.007200018020891652,-0.03633423115687538,,,,,,,,,,0.0,proceed,0.0,-0.0,0.0
robot,48.2,robot_2,5.827674536037815,5.827245114081002,0.0,0.0,0.0,,,,,,,,,,0.0,proceed,0.0,-0.0,-0.0
robot,48.2,robot_3,-5.75573061764844,-5.983226569878274,-0.0,0.0,0.0,,,,,,,,,,0.0,proceed,0.0,-0.0,0.0
robot,48.2,robot_4,-5.634592091221654,6.019783136391292,0.045091284818421215,1.2763265611324872e-05,9.170532151251432e-05,,,,,,,,,,0.0,proceed,0.0,-0.0,0.0
pair,48.2,,,,,,,robot_1,robot_2,12.01490694890751,-0.3989780638808287,0.3560914045783392,0.5347752648287588,-11.256436322925454,10.398155497094075,0,,,,,
pair,48.2,,,,,,,robot_1,robot_3,9.15075275299059,-0.8155729101945739,0.16656308853761478,0.832407613075731,-10.759981212368329,1.8745600057697243,0,,,,,
pair,48.2,,,,,,,robot_1,robot_4,14.98464353527161,-0.9367114366213598,0.1635533822680488,0.9508827605696563,-11.517541073658062,10.227264254272,0,,,,,
pair,48.2,,,,,,,robot_2,robot_3,16.542748149931107,-0.4165948463137452,-0.1895283160407244,0.4576813832311794,-33.72287139885772,5.953483062910442,0,,,,,
pair,48.2,,,,,,,robot_2,robot_4,11.463883596950089,-0.5377333727405311,-0.19253802231029038,0.5711637857865858,-18.780028337376873,4.045172899996818,0,,,,,
pair,48.2,,,,,,,robot_3,robot_4,12.003620976663095,-0.12113852642678591,-0.0030097062695659815,0.12117590897815528,3.4596470198096654,11.996298021444895,0,,,,,
robot,48.300000000000004,robot_1,3.4261653161589654,-5.952460523028537,0.07443886569706289,-0.007200018020891652,-0.03633423115687538,,,,,,,,,,0.0,proceed,0.0,-0.0,0.0
robot,48.300000000000004,robot_2,5.827674536037815,5.827245114081002,0.0,0.0,0.0,,,,,,,,,,0.0,proceed,0.0,-0.0,-0.0
robot,48.300000000000004,robot_3,-5.75573061764844,-5.983226569878274,-0.0,0.0,0.0,,,,,,,,,,0.0,proceed,0.0,-0.0,0.0
robot,48.300000000000004,robot_4,-5.654438521321114,6.018706325519899,0.045091284818421215,1.2763265611324872e-05,9.170532151251432e-05,,,,,,,,,,0.0,proceed,0.0,-0.0,0.0
pair,48.300000000000004,,,,,,,robot_1,robot_2,12.022009458909663,-0.4024775687582185,0.34480567369814974,0.5299803260197131,-11.019528471349073,10.508166089465035,0,,,,,
pair,48.300000000000004,,,,,,,robot_1,robot_3,9.181947478008558,-0.8190724150719637,0.15527735765742534,0.8336610096033586,-10.814332673529885,1.7404438284487298,0,,,,,
pair,48.300000000000004,,,,,,,robot_1,robot_4,15.025518352757187,-0.9203645113992893,0.1533444622592528,0.933051637343203,-11.708418438273823,10.316017281105175,0,,,,,
pair,48.300000000000004,,,,,,,robot_2,robot_3,16.542748149931107,-0.4165948463137452,-0.1895283160407244,0.4576813832311794,-33.72287139885772,5.953483062910442,0,,,,,
pair,48.300000000000004,,,,,,,robot_2,robot_4,11.483709229053916,-0.5178869426410708,-0.19146121143889694,0.5521451628365187,-19.384950622922197,4.161105977029136,0,,,,,
pair,48.300000000000004,,,,,,,robot_3,robot_4,12.002360322637342,-0.10129209632732561,-0.0019328953981725405,0.10131053678174096,3.259853912908719,11.997815770599846,0,,,,,
robot,48.400000000000006,robot_1,3.4831691685130735,-5.973552892560425,0.09029241492167187,0.0027513500091047548,0.003412021692997342,,,,,,,,,,0.0,proceed,0.0,-0.0,0.0
robot,48.400000000000006,robot_2,5.827674536037815,5.827245114081002,0.0,0.0,0.0,,,,,,,,,,0.0,proceed,0.0,-0.0,-0.0
robot,48.400000000000006,robot_3,-5.75573061764844,-5.983226569878274,-0.0,0.0,0.0,,,,,,,,,,0.0,proceed,0.0,-0.0,0.0
robot,48.400000000000006,robot_4,-5.687597534224246,6.016908077593832,0.04785315131474274,7.046878455654274e-06,5.872092728873574e-05,,,,,,,,,,0.0,proceed,0.0,-0.0,0.0
pair,48.400000000000006,,,,,,,robot_1,robot_2,12.031439606792889,-0.4078603978058267,0.32567436082167234,0.5219328437595512,-10.59779448163705,10.684561286194263,0,,,,,
pair,48.400000000000006,,,,,,,robot_1,robot_3,9.238904850617745,-0.8244552441195719,0.13614604478094797,0.8356208440828644,-10.906708682651114,1.5148200131332912,0,,,,,
pair,48.400000000000006,,,,,,,robot_1,robot_4,15.09549986561651,-0.8925883275437653,0.13601139730884262,0.9028914788972592,-12.041709824903986,10.472151893319603,0,,,,,
pair,48.400000000000006,,,,,,,robot_2,robot_3,16.542748149931107,-0.4165948463137452,-0.1895283160407244,0.4576813832311794,-33.72287139885772,5.953483062910442,0,,,,,
pair,48.400000000000006,,,,,,,robot_2,robot_4,11.516833891824868,-0.48472792973793855,-0.18966296351282974,0.5205124451888704,-20.469258978606618,4.372528617117147,0,,,,,
pair,48.400000000000006,,,,,,,robot_3,robot_4,12.000328065287105,-0.06813308342419333,-0.00013464747210534256,0.06813321647206913,1.3480660515549394,11.999976566870137,0,,,,,
robot,48.5,robot_1,3.513485746066459,-5.98296865572708,0.09029241492167187,0.0027513500091047548,0.003412021692997342,,,,,,,,,,0.0,proceed,0.0,-0.0,0.0
robot,48.5,robot_2,5.827674536037815,5.827245114081002,0.0,0.0,0.0,,,,,,,,,,0.0,proceed,0.0,-0.0,-0.0
robot,48.5,robot_3,-5.75573061764844,-5.983226569878274,-0.0,0.0,0.0,,,,,,,,,,0.0,proceed,0.0,-0.0,0.0
robot,48.5,robot_4,-5.703841732141463,6.016027640986628,0.04785315131474274,7.046878455654274e-06,5.872092728873574e-05,,,,,,,,,,0.0,proceed,0.0,-0.0,0.0
pair,48.5,,,,,,,robot_1,robot_2,12.034808641777133,-0.4097968974904419,0.31812873603247993,0.5187864588464266,-10.43630586274334,10.748158170240526,0,,,,,
pair,48.5,,,,,,,robot_1,robot_3,9.269216367303104,-0.8263917438041871,0.12860041999175553,0.8363380789189149,-10.951241771207725,1.425545823567524,0,,,,,
pair,48.5,,,,,,,robot_1,robot_4,15.130599392260574,-0.8782806293111641,0.12934620912685435,0.8877540794829964,-12.24125800307878,10.52798276797113,0,,,,,
pair,48.5,,,,,,,robot_2,robot_3,16.542748149931107,-0.4165948463137452,-0.1895283160407244,0.4576813832311794,-33.72287139885772,5.953483062910442,0,,,,,
pair,48.5,,,,,,,robot_2,robot_4,11.533061444635948,-0.4684837318207222,-0.18878252690562558,0.5050899419366254,-21.036281924728797,4.485122618323194,0,,,,,
pair,48.5,,,,,,,robot_3,robot_4,11.999366402998044,-0.05188888550697701,0.0007457891350988177,0.05189424477329062,-2.323218571757037,11.99876072585613,0,,,,,
robot,48.6,robot_1,3.5505682220362624,-5.992733748645492,0.07050027042014835,0.0069460248160215995,0.03063990473169702,,,,,,,,,,0.0,proceed,0.0,-0.0,0.0
robot,48.6,robot_2,5.827674536037815,5.827245114081002,0.0,0.0,0.0,,,,,,,,,,0.0,proceed,0.0,-0.0,-0.0
robot,48.6,robot_3,-5.75573061764844,-5.983226569878274,-0.0,0.0,0.0,,,,,,,,,,0.0,proceed,0.0,-0.0,0.0
robot,48.6,robot_4,-5.7219529898142705,6.0150466693886,0.03223378346103772,1.57151104191529e-06,1.5317116181472496e-05,,,,,,,,,,0.0,proceed,0.0,-0.0,0.0
pair,48.6,,,,,,,robot_1,robot_2,12.037321690499379,-0.41025741335973165,0.31627210109305526,0.5180146592003295,-10.44994521032218,10.751470163273066,0,,,,,
pair,48.6,,,,,,,robot_1,robot_3,9.306303695880816,-0.8268522596734769,0.12674378505233086,0.8365098005262857,-10.998433852590662,1.4006464799166964,0,,,,,
pair,48.6,,,,,,,robot_1,robot_4,15.171237266351781,-0.8606298875076461,0.1284705457854568,0.8701657798407363,-12.576597752825705,10.507203410330556,0,,,,,
pair,48.6,,,,,,,robot_2,robot_3,16.542748149931107,-0.4165948463137452,-0.1895283160407244,0.4576813832311794,-33.72287139885772,5.953483062910442,0,,,,,
pair,48.6,,,,,,,robot_2,robot_4,11.551154289078477,-0.4503724741479145,-0.18780155530759846,0.4879598238032173,-21.697862137962446,4.618451261266158,0,,,,,
pair,48.6,,,,,,,robot_3,robot_4,11.998320784686902,-0.033777627834169266,0.0017267607331259427,0.03382173627614514,-17.11430235775775,11.984350262228148,0,,,,,
robot,48.7,robot_1,3.6107713563675814,-6.006123014249713,0.09134316423317919,0.009600841370739053,0.04253933172098411,,,,,,,,,,0.0,proceed,0.0,-0.0,0.0
robot,48.7,robot_2,5.827674536037815,5.827245114081002,0.0,0.0,0.0,,,,,,,,,,0.0,proceed,0.0,-0.0,-0.0
robot,48.7,robot_3,-5.75573061764844,-5.983226569878274,-0.0,0.0,0.0,,,,,,,,,,0.0,proceed,0.0,-0.0,0.0
robot,48.7,robot_4,-5.7415750988479,6.013984630070112,0.019844368570604565,-2.305907895183701e-11,-1.2354573504587967e-08,,,,,,,,,,0.0,proceed,0.0,-0.0,0.0
pair,48.7,,,,,,,robot_1,robot_2,12.039238388229762,-0.41116127584253026,0.31255196912199085,0.5164710332191838,-10.448427099535575,10.762114104778158,0,,,,,
pair,48.7,,,,,,,robot_1,robot_3,9.366529959190377,-0.8277561221562755,0.12302365308126645,0.8368482640148419,-11.075010485716454,1.3543059909032376,0,,,,,
pair,48.7,,,,,,,robot_1,robot_4,15.229884175508936,-0.8419116409568155,0.12581245313288053,0.8512602331495999,-12.952744769548868,10.505867128478831,0,,,,,
pair,48.7,,,,,,,robot_2,robot_3,16.542748149931107,-0.4165948463137452,-0.1895283160407244,0.4576813832311794,-33.72287139885772,5.953483062910442,0,,,,,
pair,48.7,,,,,,,robot_2,robot_4,11.570756620080429,-0.4307503651142852,-0.18673951598911032,0.46948644695873515,-22.450968373249275,4.7730327603392615,0,,,,,
pair,48.7,,,,,,,robot_3,robot_4,11.997219550999285,-0.014155518800540001,0.002788800051614082,0.014427616512796705,-159.77164054688836,11.773685934597417,0,,,,,
robot,48.800000000000004,robot_1,3.6366379214143683,-6.011541696057911,0.07312587779516054,0.006930610770174303,0.03221703408208363,,,,,,,,,,0.0,proceed,0.0,-0.0,0.0
robot,48.800000000000004,robot_2,5.827674536037815,5.827245114081002,0.0,0.0,0.0,,,,,,,,,,0.0,proceed,0.0,-0.0,-0.0
robot,48.800000000000004,robot_3,-5.75573061764844,-5.983226569878274,-0.0,0.0,0.0,,,,,,,,,,0.0,proceed,0.0,-0.0,0.0
robot,48.800000000000004,robot_4,-5.741835106507042,6.0139705624690505,-0.0,0.0,0.0,,,,,,,,,,0.0,proceed,0.0,-0.0,0.0
pair,48.800000000000004,,,,,,,robot_1,robot_2,12.039830338611075,-0.4118259777375761,0.30974792647248983,0.515310017264867,-10.41149324053528,10.778344715667087,0,,,,,
pair,48.800000000000004,,,,,,,robot_1,robot_3,9.392411219700051,-0.8284208240513213,0.12021961043176546,0.8370984508731549,-11.108694251051805,1.3208602231691302,0,,,,,
pair,48.800000000000004,,,,,,,robot_1,robot_4,15.250203323740692,-0.8423163351927188,0.12302247808444136,0.8512528053677881,-12.943201388970534,10.543897612174845,0,,,,,
pair,48.800000000000004,,,,,,,robot_2,robot_3,16.542748149931107,-0.4165948463137452,-0.1895283160407244,0.4576813832311794,-33.72287139885772,5.953483062910442,0,,,,,
pair,48.800000000000004,,,,,,,robot_2,robot_4,11.571016366854476,-0.43049035745514264,-0.1867254483880485,0.4692423051447666,-22.461207198642256,4.775156366102368,0,,,,,
pair,48.800000000000004,,,,,,,robot_3,robot_4,11.997205179442116,-0.01389551114139742,0.0028028676526759,0.014175376430949436,-166.38426764984007,11.763083295108006,0,,,,,
robot,48.900000000000006,robot_1,3.6726814923216975,-6.0191954995877035,0.06373294243650524,0.0046670925985237335,0.02306523158137915,,,,,,,,,,0.0,proceed,0.0,-0.0,0.0
robot,48.900000000000006,robot_2,5.827674536037815,5.827245114081002,0.0,0.0,0.0,,,,,,,,,,0.0,proceed,0.0,-0.0,-0.0
robot,48.900000000000006,robot_3,-5.75573061764844,-5.983226569878274,-0.0,0.0,0.0,,,,,,,,,,0.0,proceed,0.0,-0.0,0.0
robot,48.900000000000006,robot_4,-5.741835106507042,6.0139705624690505,-0.0,0.0,0.0,,,,,,,,,,0.0,proceed,0.0,-0.0,0.0
pair,48.900000000000006,,,,,,,robot_1,robot_2,12.04085338469181,-0.4128215143680207,0.30355938633129487,0.5124157528364426,-10.307619846873104,10.820576629840648,0,,,,,
pair,48.900000000000006,,,,,,,robot_1,robot_3,9.428480719571738,-0.8294163606817659,0.11403107029057047,0.8372183612165934,-11.162497912662426,1.2485377216814668,0,,,,,
pair,48.900000000000006,,,,,,,robot_1,robot_4,15.278422963992597,-0.8433118718231634,0.11683393794324637,0.8513665968389962,-12.89311865931625,10.627356982611182,0,,,,,
pair,48.900000000000006,,,,,,,robot_2,robot_3,16.542748149931107,-0.4165948463137452,-0.1895283160407244,0.4576813832311794,-33.72287139885772,5.953483062910442,0,,,,,
pair,48.900000000000006,,,,,,,robot_2,robot_4,11.571016366854476,-0.43049035745514264,-0.1867254483880485,0.4692423051447666,-22.461207198642256,4.775156366102368,0,,,,,
pair,48.900000000000006,,,,,,,robot_3,robot_4,11.997205179442116,-0.01389551114139742,0.0028028676526759,0.014175376430949436,-166.38426764984007,11.763083295108006,0,,,,,
robot,49.0,robot_1,3.708696279654332,-6.026743403721003,0.06201260982499517,0.004114643643079832,0.020703869331867353,,,,,,,,,,0.0,proceed,0.0,-0.0,0.0
robot,49.0,robot_2,5.827674536037815,5.827245114081002,0.0,0.0,0.0,,,,,,,,,,0.0,proceed,0.0,-0.0,-0.0
robot,49.0,robot_3,-5.75573061764844,-5.983226569878274,-0.0,0.0,0.0,,,,,,,,,,0.0,proceed,0.0,-0.0,0.0
robot,49.0,robot_4,-5.741835106507042,6.0139705624690505,-0.0,0.0,0.0,,,,,,,,,,0.0,proceed,0.0,-0.0,0.0
pair,49.0,,,,,,,robot_1,robot_2,12.04188991110647,-0.41185646775705775,0.29601148219799533,0.5071967543531548,-10.247683944219094,10.862419143865296,0,,,,,
pair,49.0,,,,,,,robot_1,robot_3,9.464526940593274,-0.828451314070803,0.10648316615727095,0.835266570898487,-11.24521329745523,1.1634017181632497,0,,,,,
pair,49.0,,,,,,,robot_1,robot_4,15.306578203387767,-0.8423468252122004,0.10928603380994685,0.849406622961572,-12.857401028911124,10.724717519103365,0,,,,,
pair,49.0,,,,,,,robot_2,robot_3,16.542748149931107,-0.4165948463137452,-0.1895283160407244,0.4576813832311794,-33.72287139885772,5.953483062910442,0,,,,,
pair,49.0,,,,,,,robot_2,robot_4,11.571016366854476,-0.43049035745514264,-0.1867254483880485,0.4692423051447666,-22.461207198642256,4.775156366102368,0,,,,,
pair,49.0,,,,,,,robot_3,robot_4,11.997205179442116,-0.01389551114139742,0.0028028676526759,0.014175376430949436,-166.38426764984007,11.763083295108006,0,,,,,
robot,49.1,robot_1,3.750262104343136,-6.035112094801807,0.06326346372874098,0.003941589090928562,0.020057360213251236,,,,,,,,,,0.0,proceed,0.0,-0.0,0.0
robot,49.1,robot_2,5.827674536037815,5.827245114081002,0.0,0.0,0.0,,,,,,,,,,0.0,proceed,0.0,-0.0,-0.0
robot,49.1,robot_3,-5.75573061764844,-5.983226569878274,-0.0,0.0,0.0,,,,,,,,,,0.0,proceed,0.0,-0.0,0.0
robot,49.1,robot_4,-5.741835106507042,6.0139705624690505,-0.0,0.0,0.0,,,,,,,,,,0.0,proceed,0.0,-0.0,0.0
pair,49.1,,,,,,,robot_1,robot_2,12.042888397826061,-0.42186681958876326,0.2560347164214045,0.49348291711357867,-8.872930634134175,11.218675296316842,0,,,,,
pair,49.1,,,,,,,robot_1,robot_3,9.506134321492274,-0.8384616659025085,0.06650640038068013,0.8410951589918974,-11.271414102255234,0.6999271462061313,0,,,,,
pair,49.1,,,,,,,robot_1,robot_4,15.338849446486368,-0.8523571770439059,0.06930926803335603,0.855170469493408,-12.20507111907372,11.240135286276605,0,,,,,
pair,49.1,,,,,,,robot_2,robot_3,16.542748149931107,-0.4165948463137452,-0.1895283160407244,0.4576813832311794,-33.72287139885772,5.953483062910442,0,,,,,
pair,49.1,,,,,,,robot_2,robot_4,11.571016366854476,-0.43049035745514264,-0.1867254483880485,0.4692423051447666,-22.461207198642256,4.775156366102368,0,,,,,
pair,49.1,,,,,,,robot_3,robot_4,11.997205179442116,-0.01389551114139742,0.0028028676526759,0.014175376430949436,-166.38426764984007,11.763083295108006,0,,,,,
robot,49.2,robot_1,3.7849719571115967,-6.04172354421596,0.05988083419367011,0.0036900763845890555,0.01885730998442967,,,,,,,,,,0.0,proceed,0.0,-0.0,0.0
robot,49.2,robot_2,5.827674536037815,5.827245114081002,0.0,0.0,0.0,,,,,,,,,,0.0,proceed,0.0,-0.0,-0.0
robot,49.2,robot_3,-5.75573061764844,-5.983226569878274,-0.0,0.0,0.0,,,,,,,,,,0.0,proceed,0.0,-0.0,0.0
robot,49.2,robot_4,-5.741835106507042,6.0139705624690505,-0.0,0.0,0.0,,,,,,,,,,0.0,proceed,0.0,-0.0,0.0
pair,49.2,,,,,,,robot_1,robot_2,12.043465067728116,-0.42211368578684627,0.2542539487703511,0.4927728018000514,-8.876677158936383,11.221031849767735,0,,,,,
pair,49.2,,,,,,,robot_1,robot_3,9.540881904522216,-0.8387085321005915,0.06472563272962671,0.8412023593348864,-11.313471864438503,0.6757780610683316,0,,,,,
pair,49.2,,,,,,,robot_1,robot_4,15.36553979596466,-0.8526040432419889,0.06752850038230261,0.855274080582634,-12.217051929820494,11.265865251577234,0,,,,,
pair,49.2,,,,,,,robot_2,robot_3,16.542748149931107,-0.4165948463137452,-0.1895283160407244,0.4576813832311794,-33.72287139885772,5.953483062910442,0,,,,,
pair,49.2,,,,,,,robot_2,robot_4,11.571016366854476,-0.43049035745514264,-0.1867254483880485,0.4692423051447666,-22.461207198642256,4.775156366102368,0,,,,,
pair,49.2,,,,,,,robot_3,robot_4,11.997205179442116,-0.01389551114139742,0.0028028676526759,0.014175376430949436,-166.38426764984007,11.763083295108006,0,,,,,
robot,49.300000000000004,robot_1,3.831649183357566,-6.048132640313491,0.08871149892522502,0.010054492309006666,0.040602284766314126,,,,,,,,,,0.0,proceed,0.0,-0.0,0.0
robot,49.300000000000004,robot_2,5.827674536037815,5.827245114081002,0.0,0.0,0.0,,,,,,,,,,0.0,proceed,0.0,-0.0,-0.0
robot,49.300000000000004,robot_3,-5.75573061764844,-5.983226569878274,-0.0,0.0,0.0,,,,,,,,,,0.0,proceed,0.0,-0.0,0.0
robot,49.300000000000004,robot_4,-5.741835106507042,6.0139705624690505,-0.0,0.0,0.0,,,,,,,,,,0.0,proceed,0.0,-0.0,0.0
pair,49.300000000000004,,,,,,,robot_1,robot_2,12.04195640326396,-0.4224327214481768,0.2518921141202292,0.4918323304806949,-8.880264986253078,11.221977179791862,0,,,,,
pair,49.300000000000004,,,,,,,robot_1,robot_3,9.587599503875685,-0.839027567761922,0.06236379807950483,0.8413420842768938,-11.369710828625925,0.6459292192405812,0,,,,,
pair,49.300000000000004,,,,,,,robot_1,robot_4,15.399543341374164,-0.8529230789033194,0.06516666573218073,0.8554089506479154,-12.23341992230894,11.297723906018303,0,,,,,
pair,49.300000000000004,,,,,,,robot_2,robot_3,16.542748149931107,-0.4165948463137452,-0.1895283160407244,0.4576813832311794,-33.72287139885772,5.953483062910442,0,,,,,
pair,49.300000000000004,,,,,,,robot_2,robot_4,11.571016366854476,-0.43049035745514264,-0.1867254483880485,0.4692423051447666,-22.461207198642256,4.775156366102368,0,,,,,
pair,49.300000000000004,,,,,,,robot_3,robot_4,11.997205179442116,-0.01389551114139742,0.0028028676526759,0.014175376430949436,-166.38426764984007,11.763083295108006,0,,,,,
robot,49.400000000000006,robot_1,3.873645398407299,-6.0526931914879505,0.07380876421134733,0.008023108339437576,0.030692107773281598,,,,,,,,,,0.0,proceed,0.0,-0.0,0.0
robot,49.400000000000006,robot_2,5.827674536037815,5.827245114081002,0.0,0.0,0.0,,,,,,,,,,0.0,proceed,0.0,-0.0,-0.0
robot,49.400000000000006,robot_3,-5.75573061764844,-5.983226569878274,-0.0,0.0,0.0,,,,,,,,,,0.0,proceed,0.0,-0.0,0.0
robot,49.400000000000006,robot_4,-5.741835106507042,6.0139705624690505,-0.0,0.0,0.0,,,,,,,,,,0.0,proceed,0.0,-0.0,0.0
pair,49.400000000000006,,,,,,,robot_1,robot_2,12.03956660411136,-0.42226719964364134,0.25312630114934437,0.49232358487932654,-9.00230965155337,11.194110169491706,0,,,,,
pair,49.400000000000006,,,,,,,robot_1,robot_3,9.629626579992983,-0.8388620459573866,0.06359798510861998,0.8412694193049506,-11.41973299270115,0.6586902928231915,0,,,,,
pair,49.400000000000006,,,,,,,robot_1,robot_4,15.429252719799733,-0.852757557098784,0.06640085276129588,0.8553388360389776,-12.302972614720861,11.283788591450175,0,,,,,
pair,49.400000000000006,,,,,,,robot_2,robot_3,16.542748149931107,-0.4165948463137452,-0.1895283160407244,0.4576813832311794,-33.72287139885772,5.953483062910442,0,,,,,
pair,49.400000000000006,,,,,,,robot_2,robot_4,11.571016366854476,-0.43049035745514264,-0.1867254483880485,0.4692423051447666,-22.461207198642256,4.775156366102368,0,,,,,
pair,49.400000000000006,,,,,,,robot_3,robot_4,11.997205179442116,-0.01389551114139742,0.0028028676526759,0.014175376430949436,-166.38426764984007,11.763083295108006,0,,,,,
robot,49.5,robot_1,3.9197256060316206,-6.058245555425246,0.07696357673783619,0.004937711297801893,0.029745281956625264,,,,,,,,,,0.0,proceed,0.0,-0.0,0.0
robot,49.5,robot_2,5.827674536037815,5.827245114081002,0.0,0.0,0.0,,,,,,,,,,0.0,proceed,0.0,-0.0,-0.0
robot,49.5,robot_3,-5.75573061764844,-5.983226569878274,-0.0,0.0,0.0,,,,,,,,,,0.0,proceed,0.0,-0.0,0.0
robot,49.5,robot_4,-5.741835106507042,6.0139705624690505,-0.0,0.0,0.0,,,,,,,,,,0.0,proceed,0.0,-0.0,0.0
pair,49.5,,,,,,,robot_1,robot_2,12.037655817244147,-0.422300553222443,0.2528791624345875,0.49222518022303563,-9.079634870265727,11.177262020499802,0,,,,,
pair,49.5,,,,,,,robot_1,robot_3,9.67574705046291,-0.8388953995361882,0.06335084639386315,0.8412840311700917,-11.474880974349388,0.6537806956809733,0,,,,,
pair,49.5,,,,,,,robot_1,robot_4,15.462346438985819,-0.8527909106775856,0.06615371404653905,0.8553529395614754,-12.353142644915232,11.288823134699895,0,,,,,
pair,49.5,,,,,,,robot_2,robot_3,16.542748149931107,-0.4165948463137452,-0.1895283160407244,0.4576813832311794,-33.72287139885772,5.953483062910442,0,,,,,
pair,49.5,,,,,,,robot_2,robot_4,11.571016366854476,-0.43049035745514264,-0.1867254483880485,0.4692423051447666,-22.461207198642256,4.775156366102368,0,,,,,
pair,49.5,,,,,,,robot_3,robot_4,11.997205179442116,-0.01389551114139742,0.0028028676526759,0.014175376430949436,-166.38426764984007,11.763083295108006,0,,,,,
robot,49.6,robot_1,3.9691665710052177,-6.065423881714031,0.07409496970356862,0.0013330931854559705,0.024649758827501908,,,,,,,,,,0.0,proceed,0.0,-0.0,0.0
robot,49.6,robot_2,5.827674536037815,5.827245114081002,0.0,0.0,0.0,,,,,,,,,,0.0,proceed,0.0,-0.0,-0.0
robot,49.6,robot_3,-5.75573061764844,-5.983226569878274,-0.0,0.0,0.0,,,,,,,,,,0.0,proceed,0.0,-0.0,0.0
robot,49.6,robot_4,-5.741835106507042,6.0139705624690505,-0.0,0.0,0.0,,,,,,,,,,0.0,proceed,0.0,-0.0,0.0
pair,49.6,,,,,,,robot_1,robot_2,12.037010746013067,-0.424661578675971,0.2328087860600259,0.48429060208753877,-8.439937566247096,11.321790160726938,0,,,,,
pair,49.6,,,,,,,robot_1,robot_3,9.725244558773667,-0.8412564249897162,0.0432804700193015,0.8423690234520556,-11.534464774035964,0.4175712718804888,0,,,,,
pair,49.6,,,,,,,robot_1,robot_4,15.498881369918509,-0.8551519361311136,0.0460833376719774,0.8563927299316486,-12.08199878258554,11.539334503207858,0,,,,,
pair,49.6,,,,,,,robot_2,robot_3,16.542748149931107,-0.4165948463137452,-0.1895283160407244,0.4576813832311794,-33.72287139885772,5.953483062910442,0,,,,,
pair,49.6,,,,,,,robot_2,robot_4,11.571016366854476,-0.43049035745514264,-0.1867254483880485,0.4692423051447666,-22.461207198642256,4.775156366102368,0,,,,,
pair,49.6,,,,,,,robot_3,robot_4,11.997205179442116,-0.01389551114139742,0.0028028676526759,0.014175376430949436,-166.38426764984007,11.763083295108006,0,,,,,
robot,49.7,robot_1,4.009285087367214,-6.072673178754064,0.03994170372415491,-0.001278695409876001,0.01102078450232834,,,,,,,,,,0.0,proceed,0.0,-0.0,0.0
robot,49.7,robot_2,5.827674536037815,5.827245114081002,0.0,0.0,0.0,,,,,,,,,,0.0,proceed,0.0,-0.0,-0.0
robot,49.7,robot_3,-5.75573061764844,-5.983226569878274,-0.0,0.0,0.0,,,,,,,,,,0.0,proceed,0.0,-0.0,0.0
robot,49.7,robot_4,-5.741835106507042,6.0139705624690505,-0.0,0.0,0.0,,,,,,,,,,0.0,proceed,0.0,-0.0,0.0
pair,49.7,,,,,,,robot_1,robot_2,12.038047830241712,-0.4250370574005068,0.2289511319787456,0.4827785423960252,-8.373338410256912,11.33900556138199,0,,,,,
pair,49.7,,,,,,,robot_1,robot_3,9.765425357609454,-0.841631903714252,0.03942281593802119,0.8425546983823419,-11.582044368429838,0.36755275076665933,0,,,,,
pair,49.7,,,,,,,robot_1,robot_4,15.529690980912344,-0.8555274148556494,0.04222568359069709,0.8565688331501983,-12.065687320210575,11.591254519188707,0,,,,,
pair,49.7,,,,,,,robot_2,robot_3,16.542748149931107,-0.4165948463137452,-0.1895283160407244,0.4576813832311794,-33.72287139885772,5.953483062910442,0,,,,,
pair,49.7,,,,,,,robot_2,robot_4,11.571016366854476,-0.43049035745514264,-0.1867254483880485,0.4692423051447666,-22.461207198642256,4.775156366102368,0,,,,,
pair,49.7,,,,,,,robot_3,robot_4,11.997205179442116,-0.01389551114139742,0.0028028676526759,0.014175376430949436,-166.38426764984007,11.763083295108006,0,,,,,
robot,49.800000000000004,robot_1,4.053736871881894,-6.081237027339228,0.07713471494252709,-0.0028128129374368396,0.023115093227147845,,,,,,,,,,0.0,proceed,0.0,-0.0,0.0
robot,49.800000000000004,robot_2,5.827674536037815,5.827245114081002,0.0,0.0,0.0,,,,,,,,,,0.0,proceed,0.0,-0.0,-0.0
robot,49.800000000000004,robot_3,-5.75573061764844,-5.983226569878274,-0.0,0.0,0.0,,,,,,,,,,0.0,proceed,0.0,-0.0,0.0
robot,49.800000000000004,robot_4,-5.741835106507042,6.0139705624690505,-0.0,0.0,0.0,,,,,,,,,,0.0,proceed,0.0,-0.0,0.0
pair,49.800000000000004,,,,,,,robot_1,robot_2,12.039883792995491,-0.4256858030150308,0.2215659970342476,0.4798957115148372,-8.177922306526225,11.382298110257345,0,,,,,
pair,49.800000000000004,,,,,,,robot_1,robot_3,9.809957108872814,-0.842280649328776,0.0320376809935232,0.8428897349221589,-11.633911196081522,0.2749117337584918,0,,,,,
pair,49.800000000000004,,,,,,,robot_1,robot_4,15.564294941447052,-0.8561761604701734,0.0348405486461991,0.8568847539706937,-11.996079130057836,11.686922011269496,0,,,,,
pair,49.800000000000004,,,,,,,robot_2,robot_3,16.542748149931107,-0.4165948463137452,-0.1895283160407244,0.4576813832311794,-33.72287139885772,5.953483062910442,0,,,,,
pair,49.800000000000004,,,,,,,robot_2,robot_4,11.571016366854476,-0.43049035745514264,-0.1867254483880485,0.4692423051447666,-22.461207198642256,4.775156366102368,0,,,,,
pair,49.800000000000004,,,,,,,robot_3,robot_4,11.997205179442116,-0.01389551114139742,0.0028028676526759,0.014175376430949436,-166.38426764984007,11.763083295108006,0,,,,,
robot,49.900000000000006,robot_1,4.096934605311769,-6.088480498748634,0.078037586516686,-0.0016489500101936286,0.021073201918794967,,,,,,,,,,0.0,proceed,0.0,-0.0,0.0
robot,49.900000000000006,robot_2,5.827674536037815,5.827245114081002,0.0,0.0,0.0,,,,,,,,,,0.0,proceed,0.0,-0.0,-0.0
robot,49.900000000000006,robot_3,-5.75573061764844,-5.983226569878274,-0.0,0.0,0.0,,,,,,,,,,0.0,proceed,0.0,0.0,0.0
robot,49.900000000000006,robot_4,-5.741835106507042,6.0139705624690505,-0.0,0.0,0.0,,,,,,,,,,0.0,proceed,0.0,-0.0,0.0
pair,49.900000000000006,,,,,,,robot_1,robot_2,12.040763164685774,-0.42608293999141,0.21642847150240446,0.4778995239886629,-8.062874957446702,11.407562731010255,0,,,,,
pair,49.900000000000006,,,,,,,robot_1,robot_3,9.853227409598958,-0.8426777863051552,0.026900155461680064,0.8431070334755958,-11.68417154617181,0.20915859010471297,0,,,,,
pair,49.900000000000006,,,,,,,robot_1,robot_4,15.59713791473847,-0.8565732974465526,0.029703023114355964,0.8570881421887672,-11.961755785335093,11.754211396273144,0,,,,,
pair,49.900000000000006,,,,,,,robot_2,robot_3,16.542748149931107,-0.4165948463137452,-0.1895283160407244,0.4576813832311794,-33.72287139885772,5.953483062910442,0,,,,,
pair,49.900000000000006,,,,,,,robot_2,robot_4,11.571016366854476,-0.43049035745514264,-0.1867254483880485,0.4692423051447666,-22.461207198642256,4.775156366102368,0,,,,,
pair,49.900000000000006,,,,,,,robot_3,robot_4,11.997205179442116,-0.01389551114139742,0.0028028676526759,0.014175376430949436,-166.38426764984007,11.763083295108006,0,,,,,
robot,50.0,robot_1,4.149276992031204,-6.097186064278235,0.075624107756807,-0.0036961445785733613,0.020098907420749865,,,,,,,,,,0.0,proceed,0.0,-0.0,0.0
robot,50.0,robot_2,5.827674536037815,5.827245114081002,0.0,0.0,0.0,,,,,,,,,,0.0,proceed,0.0,-0.0,-0.0
robot,50.0,robot_3,-5.75573061764844,-5.983226569878274,-0.0,0.0,0.0,,,,,,,,,,0.0,proceed,0.0,0.0,0.0
robot,50.0,robot_4,-5.741835106507042,6.0139705624690505,-0.0,0.0,0.0,,,,,,,,,,0.0,proceed,0.0,-0.0,0.0
pair,50.0,,,,,,,robot_1,robot_2,12.041971484900357,-0.4264967068706932,0.21033157708518685,0.4755405485241904,-7.925456776610737,11.436986074399044,0,,,,,
pair,50.0,,,,,,,robot_1,robot_3,9.905663153680097,-0.8430915531844384,0.020803261044462465,0.8433481740781993,-11.744621058065878,0.1304066045296001,0,,,,,
pair,50.0,,,,,,,robot_1,robot_4,15.636950258392918,-0.8569870643258358,0.023606128697138365,0.8573121238696442,-11.921962540008815,11.834212319541734,0,,,,,
pair,50.0,,,,,,,robot_2,robot_3,16.542748149931107,-0.4165948463137452,-0.1895283160407244,0.4576813832311794,-33.72287139885772,5.953483062910442,0,,,,,
pair,50.0,,,,,,,robot_2,robot_4,11.571016366854476,-0.43049035745514264,-0.1867254483880485,0.4692423051447666,-22.461207198642256,4.775156366102368,0,,,,,
pair,50.0,,,,,,,robot_3,robot_4,11.997205179442116,-0.01389551114139742,0.0028028676526759,0.014175376430949436,-166.38426764984007,11.763083295108006,0,,,,,
robot,50.1,robot_1,4.19355431625465,-6.104249778910189,0.05849836358431599,-0.002369283585134353,0.014517031745614027,,,,,,,,,,0.0,proceed,0.0,-0.0,-0.0
robot,50.1,robot_2,5.827674536037815,5.827245114081002,0.0,0.0,0.0,,,,,,,,,,0.0,proceed,0.0,-0.0,-0.0
robot,50.1,robot_3,-5.75573061764844,-5.983226569878274,-0.0,0.0,0.0,,,,,,,,,,0.0,proceed,0.0,0.0,0.0
robot,50.1,robot_4,-5.741835106507042,6.0139705624690505,-0.0,0.0,0.0,,,,,,,,,,0.0,proceed,0.0,-0.0,0.0
pair,50.1,,,,,,,robot_1,robot_2,12.042878363339018,-0.4267699108455115,0.20569015400695576,0.47375204090166306,-7.827436657523712,11.457735234401502,0,,,,,
pair,50.1,,,,,,,robot_1,robot_3,9.950020970486213,-0.8433647571592567,0.016161837966231357,0.8435196018023167,-11.795549659295219,0.06962733475343401,0,,,,,
pair,50.1,,,,,,,robot_1,robot_4,15.670457147899114,-0.8572602683006542,0.018964705618907257,0.8574700156076137,-11.89660068114439,11.895514595151706,0,,,,,
pair,50.1,,,,,,,robot_2,robot_3,16.542748149931107,-0.4165948463137452,-0.1895283160407244,0.4576813832311794,-33.72287139885772,5.953483062910442,0,,,,,
pair,50.1,,,,,,,robot_2,robot_4,11.571016366854476,-0.43049035745514264,-0.1867254483880485,0.4692423051447666,-22.461207198642256,4.775156366102368,0,,,,,
pair,50.1,,,,,,,robot_3,robot_4,11.997205179442116,-0.01389551114139742,0.0028028676526759,0.014175376430949436,-166.38426764984007,11.763083295108006,0,,,,,
robot,50.2,robot_1,4.239205495807494,-6.1107606994098385,0.07775995960593839,-0.0028493299109769122,0.017951486593447277,,,,,,,,,,0.0,proceed,0.0,-0.0,-0.0
robot,50.2,robot_2,5.827674536037815,5.827245114081002,0.0,0.0,0.0,,,,,,,,,,0.0,proceed,0.0,-0.0,-0.0
robot,50.2,robot_3,-5.75573061764844,-5.983226569878274,-0.0,0.0,0.0,,,,,,,,,,0.0,proceed,0.0,0.0,0.0
robot,50.2,robot_4,-5.741835106507042,6.0139705624690505,-0.0,0.0,0.0,,,,,,,,,,0.0,proceed,0.0,-0.0,0.0
pair,50.2,,,,,,,robot_1,robot_2,12.04322285331926,-0.4270252848136702,0.20065972316671724,0.4718208541083573,-7.713591298988224,11.48014557499982,0,,,,,
pair,50.2,,,,,,,robot_1,robot_3,9.995749740077578,-0.8436201311274154,0.011131407125992844,0.8436935663308345,-11.847605806009753,0.004346772507079932,0,,,,,
pair,50.2,,,,,,,robot_1,robot_4,15.704466870219905,-0.8575156422688128,0.013934274778668744,0.8576288478994291,-11.86611086046804,11.960964440692479,0,,,,,
pair,50.2,,,,,,,robot_2,robot_3,16.542748149931107,-0.4165948463137452,-0.1895283160407244,0.4576813832311794,-33.72287139885772,5.953483062910442,0,,,,,
pair,50.2,,,,,,,robot_2,robot_4,11.571016366854476,-0.43049035745514264,-0.1867254483880485,0.4692423051447666,-22.461207198642256,4.775156366102368,0,,,,,
pair,50.2,,,,,,,robot_3,robot_4,11.997205179442116,-0.01389551114139742,0.0028028676526759,0.014175376430949436,-166.38426764984007,11.763083295108006,0,,,,,
robot,50.300000000000004,robot_1,4.292864986014413,-6.117815088311693,0.09380020041618847,-0.0037688516322853787,0.020527291694821682,,,,,,,,,,0.0,proceed,0.0,-0.0,-0.0
robot,50.300000000000004,robot_2,5.827674536037815,5.827245114081002,0.0,0.0,0.0,,,,,,,,,,0.0,proceed,0.0,-0.0,-0.0
robot,50.300000000000004,robot_3,-5.75573061764844,-5.983226569878274,-0.0,0.0,0.0,,,,,,,,,,0.0,proceed,0.0,0.0,0.0
robot,50.300000000000004,robot_4,-5.741835106507042,6.0139705624690505,-0.0,0.0,0.0,,,,,,,,,,0.0,proceed,0.0,-0.0,0.0
pair,50.300000000000004,,,,,,,robot_1,robot_2,12.043259674757033,-0.42724652268273133,0.19541394218064023,0.4698150699403588,-7.60439522331218,11.501139416538237,0,,,,,
pair,50.300000000000004,,,,,,,robot_1,robot_3,10.049496886672811,-0.8438413689964765,0.005885626139915837,0.843861894284193,-11.908690230838836,0.06449998875452537,0,,,,,
pair,50.300000000000004,,,,,,,robot_1,robot_4,15.744060118766685,-0.857736880137874,0.008688493792591737,0.8577808843014849,-11.841099279069105,12.029521447706907,0,,,,,
pair,50.300000000000004,,,,,,,robot_2,robot_3,16.542748149931107,-0.4165948463137452,-0.1895283160407244,0.4576813832311794,-33.72287139885772,5.953483062910442,0,,,,,
pair,50.300000000000004,,,,,,,robot_2,robot_4,11.571016366854476,-0.43049035745514264,-0.1867254483880485,0.4692423051447666,-22.461207198642256,4.775156366102368,0,,,,,
pair,50.300000000000004,,,,,,,robot_3,robot_4,11.997205179442116,-0.01389551114139742,0.0028028676526759,0.014175376430949436,-166.38426764984007,11.763083295108006,0,,,,,
robot,50.400000000000006,robot_1,4.338174637712686,-6.123857791320407,0.07917063494816887,-0.004576223627274086,0.016541674474204782,,,,,,,,,,0.0,proceed,0.0,-0.0,-0.0
robot,50.400000000000006,robot_2,5.827674536037815,5.827245114081002,0.0,0.0,0.0,,,,,,,,,,0.0,proceed,0.0,-0.0,-0.0
robot,50.400000000000006,robot_3,-5.75573061764844,-5.983226569878274,-0.0,0.0,0.0,,,,,,,,,,0.0,proceed,0.0,0.0,0.0
robot,50.400000000000006,robot_4,-5.741835106507042,6.0139705624690505,-0.0,0.0,0.0,,,,,,,,,,0.0,proceed,0.0,-0.0,0.0
pair,50.400000000000006,,,,,,,robot_1,robot_2,12.043565526977655,-0.42738666166557215,0.1913389214074809,0.46826268420088785,-7.525512798535799,11.516487347579865,0,,,,,
pair,50.400000000000006,,,,,,,robot_1,robot_3,10.094884865348948,-0.8439815079793174,0.001810605366756514,0.8439834501356271,-11.960167848435828,0.118976351134231,0,,,,,
pair,50.400000000000006,,,,,,,robot_1,robot_4,15.777625727263908,-0.8578770191207148,0.004613473019432414,0.8578894241501898,-11.825693751284133,12.08344556062788,0,,,,,
pair,50.400000000000006,,,,,,,robot_2,robot_3,16.542748149931107,-0.4165948463137452,-0.1895283160407244,0.4576813832311794,-33.72287139885772,5.953483062910442,0,,,,,
pair,50.400000000000006,,,,,,,robot_2,robot_4,11.571016366854476,-0.43049035745514264,-0.1867254483880485,0.4692423051447666,-22.461207198642256,4.775156366102368,0,,,,,
pair,50.400000000000006,,,,,,,robot_3,robot_4,11.997205179442116,-0.01389551114139742,0.0028028676526759,0.014175376430949436,-166.38426764984007,11.763083295108006,0,,,,,
robot,50.5,robot_1,4.3848626441413145,-6.129419509413209,0.0790861276563636,-0.003292652377426225,0.015019517582029709,,,,,,,,,,0.0,proceed,0.0,-0.0,-0.0
robot,50.5,robot_2,5.827674536037815,5.827245114081002,0.0,0.0,0.0,,,,,,,,,,0.0,proceed,0.0,-0.0,-0.0
robot,50.5,robot_3,-5.75573061764844,-5.983226569878274,-0.0,0.0,0.0,,,,,,,,,,0.0,proceed,0.0,0.0,0.0
robot,50.5,robot_4,-5.741835106507042,6.0139705624690505,-0.0,0.0,0.0,,,,,,,,,,0.0,proceed,0.0,-0.0,0.0
pair,50.5,,,,,,,robot_1,robot_2,12.04340213868639,-0.4274960383488352,0.18738927573719344,0.46676289855263636,-7.452940824309778,11.530038592495453,0,,,,,
pair,50.5,,,,,,,robot_1,robot_3,10.141647010058357,-0.8440908846625804,-0.002139040303530961,0.8440935949667417,-12.013111212206304,0.17189002051113322,0,,,,,
pair,50.5,,,,,,,robot_1,robot_4,15.81176554882076,-0.8579863958039778,0.0006638273491449392,0.8579866526068163,-11.813808610283413,12.135551374904853,0,,,,,
pair,50.5,,,,,,,robot_2,robot_3,16.542748149931107,-0.4165948463137452,-0.1895283160407244,0.4576813832311794,-33.72287139885772,5.953483062910442,0,,,,,
pair,50.5,,,,,,,robot_2,robot_4,11.571016366854476,-0.43049035745514264,-0.1867254483880485,0.4692423051447666,-22.461207198642256,4.775156366102368,0,,,,,
pair,50.5,,,,,,,robot_3,robot_4,11.997205179442116,-0.01389551114139742,0.0028028676526759,0.014175376430949436,-166.38426764984007,11.763083295108006,0,,,,,
robot,50.6,robot_1,4.431694218838084,-6.134547209754343,0.07724837198984846,-0.003794501487187474,0.013992370986104731,,,,,,,,,,0.0,proceed,0.0,-0.0,-0.0
robot,50.6,robot_2,5.827674536037815,5.827245114081002,0.0,0.0,0.0,,,,,,,,,,0.0,proceed,0.0,-0.0,-0.0
robot,50.6,robot_3,-5.75573061764844,-5.983226569878274,-0.0,0.0,0.0,,,,,,,,,,0.0,proceed,0.0,0.0,0.0
robot,50.6,robot_4,-5.741835106507042,6.0139705624690505,-0.0,0.0,0.0,,,,,,,,,,0.0,proceed,0.0,-0.0,0.0
pair,50.6,,,,,,,robot_1,robot_2,12.042974576265419,-0.4275736463674177,0.18375749587078924,0.4653880535173122,-7.392833843010622,11.541054755858267,0,,,,,
pair,50.6,,,,,,,robot_1,robot_3,10.188548607879092,-0.8441684926811629,-0.005770820169935156,0.8441882174023873,-12.06621008834205,0.22095773117491277,0,,,,,
pair,50.6,,,,,,,robot_1,robot_4,15.845730749816648,-0.8580640038225603,-0.0029679525172592557,0.8580691367239283,-11.807263365446193,12.183634050781226,0,,,,,
pair,50.6,,,,,,,robot_2,robot_3,16.542748149931107,-0.4165948463137452,-0.1895283160407244,0.4576813832311794,-33.72287139885772,5.953483062910442,0,,,,,
pair,50.6,,,,,,,robot_2,robot_4,11.571016366854476,-0.43049035745514264,-0.1867254483880485,0.4692423051447666,-22.461207198642256,4.775156366102368,0,,,,,
pair,50.6,,,,,,,robot_3,robot_4,11.997205179442116,-0.01389551114139742,0.0028028676526759,0.014175376430949436,-166.38426764984007,11.763083295108006,0,,,,,
robot,50.7,robot_1,4.486025759910561,-6.140303947083816,0.0778991345738667,-0.004176827131459131,0.013327916552843678,,,,,,,,,,0.0,proceed,0.0,-0.0,-0.0
robot,50.7,robot_2,5.827674536037815,5.827245114081002,0.0,0.0,0.0,,,,,,,,,,0.0,proceed,0.0,-0.0,-0.0
robot,50.7,robot_3,-5.75573061764844,-5.983226569878274,-0.0,0.0,0.0,,,,,,,,,,0.0,proceed,0.0,0.0,0.0
robot,50.7,robot_4,-5.741835106507042,6.0139705624690505,-0.0,0.0,0.0,,,,,,,,,,0.0,proceed,0.0,-0.0,0.0
pair,50.7,,,,,,,robot_1,robot_2,12.042518506104553,-0.4276348434191911,0.17965630366064347,0.46384043242386863,-7.326632151069031,11.553060609247563,0,,,,,
pair,50.7,,,,,,,robot_1,robot_3,10.242960851223645,-0.8442296897329363,-0.009872012380080912,0.8442874070214493,-12.12764691622491,0.27682058174935686,0,,,,,
pair,50.7,,,,,,,robot_1,robot_4,15.88507245046,-0.8581252008743337,-0.007069144727405012,0.8581543178139889,-11.801364155424782,12.238115296629832,0,,,,,
pair,50.7,,,,,,,robot_2,robot_3,16.542748149931107,-0.4165948463137452,-0.1895283160407244,0.4576813832311794,-33.72287139885772,5.953483062910442,0,,,,,
pair,50.7,,,,,,,robot_2,robot_4,11.571016366854476,-0.43049035745514264,-0.1867254483880485,0.4692423051447666,-22.461207198642256,4.775156366102368,0,,,,,
pair,50.7,,,,,,,robot_3,robot_4,11.997205179442116,-0.01389551114139742,0.0028028676526759,0.014175376430949436,-166.38426764984007,11.763083295108006,0,,,,,
robot,50.800000000000004,robot_1,4.532738032671935,-6.144846278794938,0.0790267201636146,-0.004017322381309153,0.012649632896314801,,,,,,,,,,0.0,proceed,0.0,-0.0,-0.0
robot,50.800000000000004,robot_2,5.827674536037815,5.827245114081002,0.0,0.0,0.0,,,,,,,,,,0.0,proceed,0.0,-0.0,-0.0
robot,50.800000000000004,robot_3,-5.75573061764844,-5.983226569878274,-0.0,0.0,0.0,,,,,,,,,,0.0,proceed,0.0,0.0,0.0
robot,50.800000000000004,robot_4,-5.741835106507042,6.0139705624690505,-0.0,0.0,0.0,,,,,,,,,,0.0,proceed,0.0,-0.0,0.0
pair,50.800000000000004,,,,,,,robot_1,robot_2,12.041919816504493,-0.4276633375514576,0.176420681633824,0.46262315894666906,-7.281218083207636,11.561198439184281,0,,,,,
pair,50.800000000000004,,,,,,,robot_1,robot_3,10.289737999528242,-0.8442581838652028,-0.01310763440690042,0.8443599298303511,-12.18049267254141,0.32131587255280103,0,,,,,
pair,50.800000000000004,,,,,,,robot_1,robot_4,15.918658240308538,-0.8581536950066002,-0.01030476675422452,0.8582155629393702,-11.801043391524653,12.28130918861261,0,,,,,
pair,50.800000000000004,,,,,,,robot_2,robot_3,16.542748149931107,-0.4165948463137452,-0.1895283160407244,0.4576813832311794,-33.72287139885772,5.953483062910442,0,,,,,
pair,50.800000000000004,,,,,,,robot_2,robot_4,11.571016366854476,-0.43049035745514264,-0.1867254483880485,0.4692423051447666,-22.461207198642256,4.775156366102368,0,,,,,
pair,50.800000000000004,,,,,,,robot_3,robot_4,11.997205179442116,-0.01389551114139742,0.0028028676526759,0.014175376430949436,-166.38426764984007,11.763083295108006,0,,,,,
robot,50.900000000000006,robot_1,4.5870769970352345,-6.149580841903747,0.07785046414991599,-0.0038269037875862597,0.011576186890938138,,,,,,,,,,0.0,proceed,0.0,-0.0,-0.0
robot,50.900000000000006,robot_2,5.827674536037815,5.827245114081002,0.0,0.0,0.0,,,,,,,,,,0.0,proceed,0.0,-0.0,-0.0
robot,50.900000000000006,robot_3,-5.75573061764844,-5.983226569878274,-0.0,0.0,0.0,,,,,,,,,,0.0,proceed,0.0,0.0,0.0
robot,50.900000000000006,robot_4,-5.741835106507042,6.0139705624690505,-0.0,0.0,0.0,,,,,,,,,,0.0,proceed,0.0,-0.0,0.0
pair,50.900000000000006,,,,,,,robot_1,robot_2,12.040907035341203,-0.42767446184595503,0.173053265252338,0.4613598139518908,-7.244708031107311,11.567700282828204,0,,,,,
pair,50.900000000000006,,,,,,,robot_1,robot_3,10.34414535368581,-0.8442693081597002,-0.0164750507883864,0.8444300397303135,-12.242095649379117,0.3681134875282923,0,,,,,
pair,50.900000000000006,,,,,,,robot_1,robot_4,15.957393521798025,-0.8581648193010977,-0.0136721831357105,0.8582737242149395,-11.80723292311299,12.32654614999727,0,,,,,
pair,50.900000000000006,,,,,,,robot_2,robot_3,16.542748149931107,-0.4165948463137452,-0.1895283160407244,0.4576813832311794,-33.72287139885772,5.953483062910442,0,,,,,
pair,50.900000000000006,,,,,,,robot_2,robot_4,11.571016366854476,-0.43049035745514264,-0.1867254483880485,0.4692423051447666,-22.461207198642256,4.775156366102368,0,,,,,
pair,50.900000000000006,,,,,,,robot_3,robot_4,11.997205179442116,-0.01389551114139742,0.0028028676526759,0.014175376430949436,-166.38426764984007,11.763083295108006,0,,,,,
robot,51.0,robot_1,4.633729048478378,-6.153811464242192,0.07679928002762192,-0.005143625279145824,0.010880388431822593,,,,,,,,,,0.0,proceed,0.0,-0.0,-0.0
robot,51.0,robot_2,5.827674536037815,5.827245114081002,0.0,0.0,0.0,,,,,,,,,,0.0,proceed,0.0,-0.0,-0.0
robot,51.0,robot_3,-5.75573061764844,-5.983226569878274,-0.0,0.0,0.0,,,,,,,,,,0.0,proceed,0.0,0.0,0.0
robot,51.0,robot_4,-5.741835106507042,6.0139705624690505,-0.0,0.0,0.0,,,,,,,,,,0.0,proceed,0.0,-0.0,0.0
pair,51.0,,,,,,,robot_1,robot_2,12.040399601352316,-0.42766839376103805,0.1700399836362637,0.46023238810101913,-7.207488594352642,11.574452018812625,0,,,,,
pair,51.0,,,,,,,robot_1,robot_3,10.390859991370355,-0.8442632400747833,-0.01948833240446071,0.8444881370637943,-12.294733073308958,0.4102980064402478,0,,,,,
pair,51.0,,,,,,,robot_1,robot_4,15.990848976329415,-0.8581587512161807,-0.01668546475178481,0.8583209463964501,-11.810344416774232,12.367180113297772,0,,,,,
pair,51.0,,,,,,,robot_2,robot_3,16.542748149931107,-0.4165948463137452,-0.1895283160407244,0.4576813832311794,-33.72287139885772,5.953483062910442,0,,,,,
pair,51.0,,,,,,,robot_2,robot_4,11.571016366854476,-0.43049035745514264,-0.1867254483880485,0.4692423051447666,-22.461207198642256,4.775156366102368,0,,,,,
pair,51.0,,,,,,,robot_3,robot_4,11.997205179442116,-0.01389551114139742,0.0028028676526759,0.014175376430949436,-166.38426764984007,11.763083295108006,0,,,,,
robot,51.1,robot_1,4.680192230822338,-6.1575881853577386,0.07496719585834886,-0.003889761920821311,0.009656229315585818,,,,,,,,,,0.0,proceed,0.0,-0.0,-0.0
robot,51.1,robot_2,5.827674536037815,5.827245114081002,0.0,0.0,0.0,,,,,,,,,,0.0,proceed,0.0,-0.0,-0.0
robot,51.1,robot_3,-5.75573061764844,-5.983226569878274,-0.0,0.0,0.0,,,,,,,,,,0.0,proceed,0.0,0.0,0.0
robot,51.1,robot_4,-5.741835106507042,6.0139705624690505,-0.0,0.0,0.0,,,,,,,,,,0.0,proceed,0.0,-0.0,0.0
pair,51.1,,,,,,,robot_1,robot_2,12.039640561749271,-0.4276501308684246,0.1673432680780715,0.4592258744918779,-7.183231445578642,11.578918487206872,0,,,,,
pair,51.1,,,,,,,robot_1,robot_3,10.43737934886852,-0.8442449771821698,-0.0221850479626529,0.8445364159409751,-12.347296171807502,0.448441724786733,0,,,,,
pair,51.1,,,,,,,robot_1,robot_4,16.02390389923254,-0.8581404883235673,-0.019382180309977,0.8583593458533431,-11.818511933059328,12.403789895223902,0,,,,,
pair,51.1,,,,,,,robot_2,robot_3,16.542748149931107,-0.4165948463137452,-0.1895283160407244,0.4576813832311794,-33.72287139885772,5.953483062910442,0,,,,,
pair,51.1,,,,,,,robot_2,robot_4,11.571016366854476,-0.43049035745514264,-0.1867254483880485,0.4692423051447666,-22.461207198642256,4.775156366102368,0,,,,,
pair,51.1,,,,,,,robot_3,robot_4,11.997205179442116,-0.01389551114139742,0.0028028676526759,0.014175376430949436,-166.38426764984007,11.763083295108006,0,,,,,
robot,51.2,robot_1,4.735650082712181,-6.161597359971528,0.09136032665776588,-0.005280844923292347,0.011208882474264699,,,,,,,,,,0.0,proceed,0.0,-0.0,-0.0
robot,51.2,robot_2,5.827674536037815,5.827245114081002,0.0,0.0,0.0,,,,,,,,,,0.0,proceed,0.0,-0.0,-0.0
robot,51.2,robot_3,-5.75573061764844,-5.983226569878274,-0.0,0.0,0.0,,,,,,,,,,0.0,proceed,0.0,0.0,0.0
robot,51.2,robot_4,-5.741835106507042,6.0139705624690505,-0.0,0.0,0.0,,,,,,,,,,0.0,proceed,0.0,-0.0,0.0
pair,51.2,,,,,,,robot_1,robot_2,12.038474208732065,-0.4276187401942819,0.16457247190700564,0.45819415696288285,-7.173715320594925,11.581053136909802,0,,,,,
pair,51.2,,,,,,,robot_1,robot_3,10.492896889737256,-0.8442135865080271,-0.024955844133718753,0.8445823664990719,-12.410310248077563,0.4882937677802611,0,,,,,
pair,51.2,,,,,,,robot_1,robot_4,16.063067892662104,-0.8581090976494246,-0.022152976481042853,0.8583950010546889,-11.835781013920213,12.4419096955943,0,,,,,
pair,51.2,,,,,,,robot_2,robot_3,16.542748149931107,-0.4165948463137452,-0.1895283160407244,0.4576813832311794,-33.72287139885772,5.953483062910442,0,,,,,
pair,51.2,,,,,,,robot_2,robot_4,11.571016366854476,-0.43049035745514264,-0.1867254483880485,0.4692423051447666,-22.461207198642256,4.775156366102368,0,,,,,
pair,51.2,,,,,,,robot_3,robot_4,11.997205179442116,-0.01389551114139742,0.0028028676526759,0.014175376430949436,-166.38426764984007,11.763083295108006,0,,,,,
robot,51.300000000000004,robot_1,4.778136230540186,-6.164508633824477,0.05718604536281296,-0.0032904860121333087,0.006623687489462078,,,,,,,,,,0.0,proceed,0.0,-0.0,-0.0
robot,51.300000000000004,robot_2,5.827674536037815,5.827245114081002,0.0,0.0,0.0,,,,,,,,,,0.0,proceed,0.0,-0.0,-0.0
robot,51.300000000000004,robot_3,-5.75573061764844,-5.983226569878274,-0.0,0.0,0.0,,,,,,,,,,0.0,proceed,0.0,0.0,0.0
robot,51.300000000000004,robot_4,-5.741835106507042,6.0139705624690505,-0.0,0.0,0.0,,,,,,,,,,0.0,proceed,0.0,-0.0,0.0
pair,51.300000000000004,,,,,,,robot_1,robot_2,12.037594801500504,-0.4275832202036294,0.1622872853132637,0.4573451357279905,-7.158689307557834,11.583810544780269,0,,,,,
pair,51.300000000000004,,,,,,,robot_1,robot_3,10.535426615096133,-0.8441780665173746,-0.027241030727460706,0.8446174765798464,-12.458349633959271,0.5209313623352152,0,,,,,
pair,51.300000000000004,,,,,,,robot_1,robot_4,16.093015642409892,-0.858073577658772,-0.024438163074784806,0.8584215098019122,-11.846163651559099,12.473033197821536,0,,,,,
pair,51.300000000000004,,,,,,,robot_2,robot_3,16.542748149931107,-0.4165948463137452,-0.1895283160407244,0.4576813832311794,-33.72287139885772,5.953483062910442,0,,,,,
pair,51.300000000000004,,,,,,,robot_2,robot_4,11.571016366854476,-0.43049035745514264,-0.1867254483880485,0.4692423051447666,-22.461207198642256,4.775156366102368,0,,,,,
pair,51.300000000000004,,,,,,,robot_3,robot_4,11.997205179442116,-0.01389551114139742,0.0028028676526759,0.014175376430949436,-166.38426764984007,11.763083295108006,0,,,,,
robot,51.400000000000006,robot_1,4.824284957159739,-6.167881584167568,0.09124549603776262,-0.006760839296112808,0.009762769682791076,,,,,,,,,,0.0,proceed,0.0,-0.0,-0.0
robot,51.400000000000006,robot_2,5.827674536037815,5.827245114081002,0.0,0.0,0.0,,,,,,,,,,0.0,proceed,0.0,-0.0,-0.0
robot,51.400000000000006,robot_3,-5.75573061764844,-5.983226569878274,-0.0,0.0,0.0,,,,,,,,,,0.0,proceed,0.0,0.0,0.0
robot,51.400000000000006,robot_4,-5.741835106507042,6.0139705624690505,-0.0,0.0,0.0,,,,,,,,,,0.0,proceed,0.0,-0.0,0.0
pair,51.400000000000006,,,,,,,robot_1,robot_2,12.037020194135954,-0.4275419121404552,0.16014016881025722,0.4565489681329862,-7.157610209877112,11.584961856576943,0,,,,,
pair,51.400000000000006,,,,,,,robot_1,robot_3,10.581626861569342,-0.8441367584542004,-0.02938814723046719,0.844648169459453,-12.510753332668358,0.552657493955519,0,,,,,
pair,51.400000000000006,,,,,,,robot_1,robot_4,16.12576866144175,-0.8580322695955979,-0.02658527957779129,0.858444030066959,-11.863080175999025,12.50323273884788,0,,,,,
pair,51.400000000000006,,,,,,,robot_2,robot_3,16.542748149931107,-0.4165948463137452,-0.1895283160407244,0.4576813832311794,-33.72287139885772,5.953483062910442,0,,,,,
pair,51.400000000000006,,,,,,,robot_2,robot_4,11.571016366854476,-0.43049035745514264,-0.1867254483880485,0.4692423051447666,-22.461207198642256,4.775156366102368,0,,,,,
pair,51.400000000000006,,,,,,,robot_3,robot_4,11.997205179442116,-0.01389551114139742,0.0028028676526759,0.014175376430949436,-166.38426764984007,11.763083295108006,0,,,,,
robot,51.5,robot_1,4.875424737957525,-6.171129111602534,0.0782566166837665,-0.004221476101151042,0.008017703963151636,,,,,,,,,,0.0,proceed,0.0,-0.0,-0.0
robot,51.5,robot_2,5.827674536037815,5.827245114081002,0.0,0.0,0.0,,,,,,,,,,0.0,proceed,0.0,-0.0,-0.0
robot,51.5,robot_3,-5.75573061764844,-5.983226569878274,-0.0,0.0,0.0,,,,,,,,,,0.0,proceed,0.0,0.0,0.0
robot,51.5,robot_4,-5.741835106507042,6.0139705624690505,-0.0,0.0,0.0,,,,,,,,,,0.0,proceed,0.0,-0.0,0.0
pair,51.5,,,,,,,robot_1,robot_2,12.03610251441433,-0.4274862070348865,0.15772294207593868,0.45565445642741575,-7.154119022423865,11.586260275955448,0,,,,,
pair,51.5,,,,,,,robot_1,robot_3,10.632815786997151,-0.8440810533486317,-0.03180537396478571,0.8446800615825945,-12.568712671759164,0.5880721822385642,0,,,,,
pair,51.5,,,,,,,robot_1,robot_4,16.161771582098886,-0.8579765644900291,-0.02900250631210981,0.8584666158835165,-11.881110392149141,12.536838244907639,0,,,,,
pair,51.5,,,,,,,robot_2,robot_3,16.542748149931107,-0.4165948463137452,-0.1895283160407244,0.4576813832311794,-33.72287139885772,5.953483062910442,0,,,,,
pair,51.5,,,,,,,robot_2,robot_4,11.571016366854476,-0.43049035745514264,-0.1867254483880485,0.4692423051447666,-22.461207198642256,4.775156366102368,0,,,,,
pair,51.5,,,,,,,robot_3,robot_4,11.997205179442116,-0.01389551114139742,0.0028028676526759,0.014175376430949436,-166.38426764984007,11.763083295108006,0,,,,,
robot,51.6,robot_1,4.923175142962867,-6.173414327179679,0.0820047262174829,-0.004214359524355302,0.007705613857530575,,,,,,,,,,0.0,proceed,0.0,-0.0,-0.0
robot,51.6,robot_2,5.827674536037815,5.827245114081002,0.0,0.0,0.0,,,,,,,,,,0.0,proceed,0.0,-0.0,-0.0
robot,51.6,robot_3,-5.75573061764844,-5.983226569878274,-0.0,0.0,0.0,,,,,,,,,,0.0,proceed,0.0,0.0,0.0
robot,51.6,robot_4,-5.741835106507042,6.0139705624690505,-0.0,0.0,0.0,,,,,,,,,,0.0,proceed,0.0,-0.0,0.0
pair,51.6,,,,,,,robot_1,robot_2,12.034697593923665,-0.42744441587838744,0.15613889253836596,0.45506931607033585,-7.1812266679571275,11.582504494209424,0,,,,,
pair,51.6,,,,,,,robot_1,robot_3,10.680599216665922,-0.8440392621921327,-0.03338942350235842,0.8446994315871531,-12.62347476243571,0.6121567293609921,0,,,,,
pair,51.6,,,,,,,robot_1,robot_4,16.19490024883563,-0.8579347733335301,-0.030586555849682524,0.8584798266084075,-11.9094444346366,12.559627949627261,0,,,,,
pair,51.6,,,,,,,robot_2,robot_3,16.542748149931107,-0.4165948463137452,-0.1895283160407244,0.4576813832311794,-33.72287139885772,5.953483062910442,0,,,,,
pair,51.6,,,,,,,robot_2,robot_4,11.571016366854476,-0.43049035745514264,-0.1867254483880485,0.4692423051447666,-22.461207198642256,4.775156366102368,0,,,,,
pair,51.6,,,,,,,robot_3,robot_4,11.997205179442116,-0.01389551114139742,0.0028028676526759,0.014175376430949436,-166.38426764984007,11.763083295108006,0,,,,,
robot,51.7,robot_1,4.978595242197534,-6.176416231884749,0.08294195716665016,-0.005898306162740786,0.007571565798591778,,,,,,,,,,0.0,proceed,0.0,-0.0,-0.0
robot,51.7,robot_2,5.827674536037815,5.827245114081002,0.0,0.0,0.0,,,,,,,,,,0.0,proceed,0.0,-0.0,-0.0
robot,51.7,robot_3,-5.75573061764844,-5.983226569878274,-0.0,0.0,0.0,,,,,,,,,,0.0,proceed,0.0,0.0,0.0
robot,51.7,robot_4,-5.741835106507042,6.0139705624690505,-0.0,0.0,0.0,,,,,,,,,,0.0,proceed,0.0,-0.0,0.0
pair,51.7,,,,,,,robot_1,robot_2,12.033653699349196,-0.4273820679291409,0.1540231963845665,0.4542890896905929,-7.200170899039111,11.580572007935034,0,,,,,
pair,51.7,,,,,,,robot_1,robot_3,10.73606417225904,-0.8439769142428861,-0.03550511965615792,0.8447234134891385,-12.686661061335673,0.644200373987704,0,,,,,
pair,51.7,,,,,,,robot_1,robot_4,16.233704354132534,-0.8578724253842835,-0.03270225200348202,0.8584955069892983,-11.937496561340414,12.589907358278907,0,,,,,
pair,51.7,,,,,,,robot_2,robot_3,16.542748149931107,-0.4165948463137452,-0.1895283160407244,0.4576813832311794,-33.72287139885772,5.953483062910442,0,,,,,
pair,51.7,,,,,,,robot_2,robot_4,11.571016366854476,-0.43049035745514264,-0.1867254483880485,0.4692423051447666,-22.461207198642256,4.775156366102368,0,,,,,
pair,51.7,,,,,,,robot_3,robot_4,11.997205179442116,-0.01389551114139742,0.0028028676526759,0.014175376430949436,-166.38426764984007,11.763083295108006,0,,,,,
robot,51.800000000000004,robot_1,5.017925331757897,-6.17866287997767,0.08294195716665016,-0.005898306162740786,0.007571565798591778,,,,,,,,,,0.0,proceed,0.0,-0.0,-0.0
robot,51.800000000000004,robot_2,5.827674536037815,5.827245114081002,0.0,0.0,0.0,,,,,,,,,,0.0,proceed,0.0,-0.0,-0.0
robot,51.800000000000004,robot_3,-5.75573061764844,-5.983226569878274,-0.0,0.0,0.0,,,,,,,,,,0.0,proceed,0.0,0.0,0.0
robot,51.800000000000004,robot_4,-5.741835106507042,6.0139705624690505,-0.0,0.0,0.0,,,,,,,,,,0.0,proceed,0.0,-0.0,0.0
pair,51.800000000000004,,,,,,,robot_1,robot_2,12.033184139521587,-0.4179854926675144,0.06536319870378937,0.4230652666259614,-2.4934104815642972,11.986857740417143,0,,,,,
pair,51.800000000000004,,,,,,,robot_1,robot_3,10.775428430808857,-0.8345803389812596,-0.12416511733693503,0.84376615159496,-12.595441264550116,1.778715055351329,0,,,,,
pair,51.800000000000004,,,,,,,robot_1,robot_4,16.26138846933808,-0.848475850122657,-0.12136224968425913,0.857111465265627,-10.412815522636276,13.593312224046253,0,,,,,
pair,51.800000000000004,,,,,,,robot_2,robot_3,16.542748149931107,-0.4165948463137452,-0.1895283160407244,0.4576813832311794,-33.72287139885772,5.953483062910442,0,,,,,
pair,51.800000000000004,,,,,,,robot_2,robot_4,11.571016366854476,-0.43049035745514264,-0.1867254483880485,0.4692423051447666,-22.461207198642256,4.775156366102368,0,,,,,
pair,51.800000000000004,,,,,,,robot_3,robot_4,11.997205179442116,-0.01389551114139742,0.0028028676526759,0.014175376430949436,-166.38426764984007,11.763083295108006,0,,,,,
robot,51.900000000000006,robot_1,5.08138679957718,-6.181159373191808,0.0816387545029218,-0.003723728366453837,0.006120546177026174,,,,,,,,,,0.0,proceed,0.0,-0.0,-0.0
robot,51.900000000000006,robot_2,5.827674536037815,5.827245114081002,0.0,0.0,0.0,,,,,,,,,,0.0,proceed,0.0,-0.0,-0.0
robot,51.900000000000006,robot_3,-5.75573061764844,-5.983226569878274,-0.0,0.0,0.0,,,,,,,,,,0.0,proceed,0.0,0.0,0.0
robot,51.900000000000006,robot_4,-5.741835106507042,6.0139705624690505,-0.0,0.0,0.0,,,,,,,,,,0.0,proceed,0.0,-0.0,0.0
pair,51.900000000000006,,,,,,,robot_1,robot_2,12.031571955299327,-0.4163367028176729,0.056665035363306485,0.42017517340487415,-2.0943392980279705,11.999347582708387,0,,,,,
pair,51.900000000000006,,,,,,,robot_1,robot_3,10.83892482257177,-0.8329315491314181,-0.13286328067741793,0.8434616866763008,-12.651011547992804,1.902539824838184,0,,,,,
pair,51.900000000000006,,,,,,,robot_1,robot_4,16.305315899300847,-0.8468270602728155,-0.13006041302474203,0.8567565471278671,-10.325565934327594,13.696818289587078,0,,,,,
pair,51.900000000000006,,,,,,,robot_2,robot_3,16.542748149931107,-0.4165948463137452,-0.1895283160407244,0.4576813832311794,-33.72287139885772,5.953483062910442,0,,,,,
pair,51.900000000000006,,,,,,,robot_2,robot_4,11.571016366854476,-0.43049035745514264,-0.1867254483880485,0.4692423051447666,-22.461207198642256,4.775156366102368,0,,,,,
pair,51.900000000000006,,,,,,,robot_3,robot_4,11.997205179442116,-0.01389551114139742,0.0028028676526759,0.014175376430949436,-166.38426764984007,11.763083295108006,0,,,,,
robot,52.0,robot_1,5.132452358048759,-6.179018162405239,0.09628227432298173,0.010536756823729917,0.021014469849911822,,,,,,,,,,0.0,proceed,0.0,-0.0,-0.0
robot,52.0,robot_2,5.827674536037815,5.827245114081002,0.0,0.0,0.0,,,,,,,,,,0.0,proceed,0.0,-0.0,-0.0
robot,52.0,robot_3,-5.75573061764844,-5.983226569878274,-0.0,0.0,0.0,,,,,,,,,,0.0,proceed,0.0,0.0,0.0
robot,52.0,robot_4,-5.741835106507042,6.0139705624690505,-0.0,0.0,0.0,,,,,,,,,,0.0,proceed,0.0,-0.0,0.0
pair,52.0,,,,,,,robot_1,robot_2,12.026374837874876,-0.4152944666137037,0.051499712050054616,0.4184754644434954,-1.8821034226973823,12.00055647727798,0,,,,,
pair,52.0,,,,,,,robot_1,robot_3,10.889943198197432,-0.8318893129274489,-0.1380286039906698,0.8432625477765013,-12.699821842341695,1.9753724790777527,0,,,,,
pair,52.0,,,,,,,robot_1,robot_4,16.337659009377905,-0.8457848240688464,-0.1352257363379939,0.8565266886637696,-10.289136817894986,13.756872388260494,0,,,,,
pair,52.0,,,,,,,robot_2,robot_3,16.542748149931107,-0.4165948463137452,-0.1895283160407244,0.4576813832311794,-33.72287139885772,5.953483062910442,0,,,,,
pair,52.0,,,,,,,robot_2,robot_4,11.571016366854476,-0.43049035745514264,-0.1867254483880485,0.4692423051447666,-22.461207198642256,4.775156366102368,0,,,,,
pair,52.0,,,,,,,robot_3,robot_4,11.997205179442116,-0.01389551114139742,0.0028028676526759,0.014175376430949436,-166.38426764984007,11.763083295108006,0,,,,,
robot,52.1,robot_1,5.195500500768679,-6.167111294653321,0.0857378611874599,0.015070882790897275,0.04611597173669793,,,,,,,,,,0.0,proceed,0.0,-0.0,-0.0
robot,52.1,robot_2,5.827674536037815,5.827245114081002,0.0,0.0,0.0,,,,,,,,,,0.0,proceed,0.0,-0.0,-0.0
robot,52.1,robot_3,-5.75573061764844,-5.983226569878274,-0.0,0.0,0.0,,,,,,,,,,0.0,proceed,0.0,0.0,0.0
robot,52.1,robot_4,-5.741835106507042,6.0139705624690505,-0.0,0.0,0.0,,,,,,,,,,0.0,proceed,0.0,-0.0,0.0
pair,52.1,,,,,,,robot_1,robot_2,12.01100452379461,-0.4151345324670248,0.050727214485864175,0.4182223455724361,-1.9781782368310046,11.982477791814484,0,,,,,
pair,52.1,,,,,,,robot_1,robot_3,10.952774835674887,-0.83172937878077,-0.13880110155486022,0.8432315846313445,-12.774166814488758,1.9840163734545135,0,,,,,
pair,52.1,,,,,,,robot_1,robot_4,16.37082971006959,-0.8456248899221674,-0.13599823390218432,0.8564910823122392,-10.34966727094372,13.76323066776493,0,,,,,
pair,52.1,,,,,,,robot_2,robot_3,16.542748149931107,-0.4165948463137452,-0.1895283160407244,0.4576813832311794,-33.72287139885772,5.953483062910442,0,,,,,
pair,52.1,,,,,,,robot_2,robot_4,11.571016366854476,-0.43049035745514264,-0.1867254483880485,0.4692423051447666,-22.461207198642256,4.775156366102368,0,,,,,
pair,52.1,,,,,,,robot_3,robot_4,11.997205179442116,-0.01389551114139742,0.0028028676526759,0.014175376430949436,-166.38426764984007,11.763083295108006,0,,,,,
robot,52.2,robot_1,5.24737805919651,-6.154188513383736,0.08377544726210152,0.014887965848290182,0.05145626257821488,,,,,,,,,,0.0,proceed,0.0,-0.0,-0.0
robot,52.2,robot_2,5.827674536037815,5.827245114081002,0.0,0.0,0.0,,,,,,,,,,0.0,proceed,0.0,-0.0,-0.0
robot,52.2,robot_3,-5.75573061764844,-5.983226569878274,-0.0,0.0,0.0,,,,,,,,,,0.0,proceed,0.0,0.0,0.0
robot,52.2,robot_4,-5.741835106507042,6.0139705624690505,-0.0,0.0,0.0,,,,,,,,,,0.0,proceed,0.0,-0.0,0.0
pair,52.2,,,,,,,robot_1,robot_2,11.995478138464398,-0.415466189372123,0.05233490306515111,0.41874944368945916,-2.2010332928655574,11.960016682425493,0,,,,,
pair,52.2,,,,,,,robot_1,robot_3,11.004436766167897,-0.8320610356858682,-0.1371934129755733,0.8432956774883444,-12.840939283395004,1.9587492840153415,0,,,,,
pair,52.2,,,,,,,robot_1,robot_4,16.39594161054896,-0.8459565468272656,-0.1343905453228974,0.8565648240454994,-10.441702131204732,13.741610503534412,0,,,,,
pair,52.2,,,,,,,robot_2,robot_3,16.542748149931107,-0.4165948463137452,-0.1895283160407244,0.4576813832311794,-33.72287139885772,5.953483062910442,0,,,,,
pair,52.2,,,,,,,robot_2,robot_4,11.571016366854476,-0.43049035745514264,-0.1867254483880485,0.4692423051447666,-22.461207198642256,4.775156366102368,0,,,,,
pair,52.2,,,,,,,robot_3,robot_4,11.997205179442116,-0.01389551114139742,0.0028028676526759,0.014175376430949436,-166.38426764984007,11.763083295108006,0,,,,,
robot,52.300000000000004,robot_1,5.297360376543551,-6.140702093220114,0.11096772620904652,0.016972580115385105,0.06321768004569932,,,,,,,,,,0.0,proceed,0.0,-0.0,-0.0
robot,52.300000000000004,robot_2,5.827674536037815,5.827245114081002,0.0,0.0,0.0,,,,,,,,,,0.0,proceed,0.0,-0.0,-0.0
robot,52.300000000000004,robot_3,-5.75573061764844,-5.983226569878274,-0.0,0.0,0.0,,,,,,,,,,0.0,proceed,0.0,0.0,0.0
robot,52.300000000000004,robot_4,-5.741835106507042,6.0139705624690505,-0.0,0.0,0.0,,,,,,,,,,0.0,proceed,0.0,-0.0,0.0
pair,52.300000000000004,,,,,,,robot_1,robot_2,11.979690875164795,-0.41599488025111997,0.05494498572067681,0.4196077833536802,-2.4817913108815306,11.934342183192769,0,,,,,
pair,52.300000000000004,,,,,,,robot_1,robot_3,11.054212729377875,-0.8325897265648652,-0.1345833303200476,0.8433968968293588,-12.907718103102717,1.9192319835820149,0,,,,,
pair,52.300000000000004,,,,,,,robot_1,robot_4,16.41949768659086,-0.8464852377062626,-0.1317804626673717,0.8566815907882313,-10.550118959897112,13.708128418657443,0,,,,,
pair,52.300000000000004,,,,,,,robot_2,robot_3,16.542748149931107,-0.4165948463137452,-0.1895283160407244,0.4576813832311794,-33.72287139885772,5.953483062910442,0,,,,,
pair,52.300000000000004,,,,,,,robot_2,robot_4,11.571016366854476,-0.43049035745514264,-0.1867254483880485,0.4692423051447666,-22.461207198642256,4.775156366102368,0,,,,,
pair,52.300000000000004,,,,,,,robot_3,robot_4,11.997205179442116,-0.01389551114139742,0.0028028676526759,0.014175376430949436,-166.38426764984007,11.763083295108006,0,,,,,
robot,52.400000000000006,robot_1,5.342718786716617,-6.128398020154975,0.02698965861930195,0.003224570568968509,0.012700521178235698,,,,,,,,,,0.0,proceed,0.0,-0.0,-0.0
robot,52.400000000000006,robot_2,5.827674536037815,5.827245114081002,0.0,0.0,0.0,,,,,,,,,,0.0,proceed,0.0,-0.0,-0.0
robot,52.400000000000006,robot_3,-5.75573061764844,-5.983226569878274,-0.0,0.0,0.0,,,,,,,,,,0.0,proceed,0.0,0.0,0.0
robot,52.400000000000006,robot_4,-5.741835106507042,6.0139705624690505,-0.0,0.0,0.0,,,,,,,,,,0.0,proceed,0.0,-0.0,0.0
pair,52.400000000000006,,,,,,,robot_1,robot_2,11.965474701490265,-0.41654394935930206,0.057720916786364304,0.4205241562413546,-2.7600301813116945,11.909049276689858,0,,,,,
pair,52.400000000000006,,,,,,,robot_1,robot_3,11.099398809450289,-0.8331387956730473,-0.13180739925436008,0.8435007073818811,-12.96907819106408,1.8776578432412132,0,,,,,
pair,52.400000000000006,,,,,,,robot_1,robot_4,16.44093822773125,-0.8470343068144447,-0.12900453160168418,0.8568017775975939,-10.65587508554109,13.67289464702702,0,,,,,
pair,52.400000000000006,,,,,,,robot_2,robot_3,16.542748149931107,-0.4165948463137452,-0.1895283160407244,0.4576813832311794,-33.72287139885772,5.953483062910442,0,,,,,
pair,52.400000000000006,,,,,,,robot_2,robot_4,11.571016366854476,-0.43049035745514264,-0.1867254483880485,0.4692423051447666,-22.461207198642256,4.775156366102368,0,,,,,
pair,52.400000000000006,,,,,,,robot_3,robot_4,11.997205179442116,-0.01389551114139742,0.0028028676526759,0.014175376430949436,-166.38426764984007,11.763083295108006,0,,,,,
robot,52.5,robot_1,5.383233468445953,-6.118219510586352,0.07391035748978078,0.006152519212573647,0.02620903864016543,,,,,,,,,,0.0,proceed,0.0,-0.0,-0.0
robot,52.5,robot_2,5.827674536037815,5.827245114081002,0.0,0.0,0.0,,,,,,,,,,0.0,proceed,0.0,-0.0,-0.0
robot,52.5,robot_3,-5.75573061764844,-5.983226569878274,-0.0,0.0,0.0,,,,,,,,,,0.0,proceed,0.0,0.0,0.0
robot,52.5,robot_4,-5.741835106507042,6.0139705624690505,-0.0,0.0,0.0,,,,,,,,,,0.0,proceed,0.0,-0.0,0.0
pair,52.5,,,,,,,robot_1,robot_2,11.953729667419344,-0.4169472965475076,0.0598052789197413,0.4212145765342687,-2.982122727888002,11.887549439691076,0,,,,,
pair,52.5,,,,,,,robot_1,robot_3,11.139782044786232,-0.8335421428612528,-0.1297230371209831,0.8435760607589698,-13.022788668966566,1.846309573196495,0,,,,,
pair,52.5,,,,,,,robot_1,robot_4,16.46077722242029,-0.8474376540026503,-0.1269201694683072,0.8568893200637872,-10.742774821114224,13.646185112253976,0,,,,,
pair,52.5,,,,,,,robot_2,robot_3,16.542748149931107,-0.4165948463137452,-0.1895283160407244,0.4576813832311794,-33.72287139885772,5.953483062910442,0,,,,,
pair,52.5,,,,,,,robot_2,robot_4,11.571016366854476,-0.43049035745514264,-0.1867254483880485,0.4692423051447666,-22.461207198642256,4.775156366102368,0,,,,,
pair,52.5,,,,,,,robot_3,robot_4,11.997205179442116,-0.01389551114139742,0.0028028676526759,0.014175376430949436,-166.38426764984007,11.763083295108006,0,,,,,
robot,52.6,robot_1,5.4297847491272595,-6.10726442924447,0.0672764074188889,0.0035919956493872026,0.016362272756871826,,,,,,,,,,0.0,proceed,0.0,-0.0,-0.0
robot,52.6,robot_2,5.827674536037815,5.827245114081002,0.0,0.0,0.0,,,,,,,,,,0.0,proceed,0.0,-0.0,-0.0
robot,52.6,robot_3,-5.75573061764844,-5.983226569878274,-0.0,0.0,0.0,,,,,,,,,,0.0,proceed,0.0,0.0,0.0
robot,52.6,robot_4,-5.741835106507042,6.0139705624690505,-0.0,0.0,0.0,,,,,,,,,,0.0,proceed,0.0,-0.0,0.0
pair,52.6,,,,,,,robot_1,robot_2,11.941140411294663,-0.39788978691055554,0.06549045667452802,0.40324345306919185,-3.833087020829241,11.840681867455856,0,,,,,
pair,52.6,,,,,,,robot_1,robot_3,11.186203082857537,-0.8144846332243008,-0.12403785936619638,0.8238753596962783,-13.399291128646745,1.8066498710958843,0,,,,,
pair,52.6,,,,,,,robot_1,robot_4,16.484217540518653,-0.8283801443656982,-0.12123499171352048,0.8372046265968149,-11.106722148262401,13.61122630111607,0,,,,,
pair,52.6,,,,,,,robot_2,robot_3,16.542748149931107,-0.4165948463137452,-0.1895283160407244,0.4576813832311794,-33.72287139885772,5.953483062910442,0,,,,,
pair,52.6,,,,,,,robot_2,robot_4,11.571016366854476,-0.43049035745514264,-0.1867254483880485,0.4692423051447666,-22.461207198642256,4.775156366102368,0,,,,,
pair,52.6,,,,,,,robot_3,robot_4,11.997205179442116,-0.01389551114139742,0.0028028676526759,0.014175376430949436,-166.38426764984007,11.763083295108006,0,,,,,
robot,52.7,robot_1,5.468219315511424,-6.098828964775746,0.06450552031990711,0.002097376945263447,0.010185761670018351,,,,,,,,,,0.0,proceed,0.0,-0.0,-0.0
robot,52.7,robot_2,5.827674536037815,5.827245114081002,0.0,0.0,0.0,,,,,,,,,,0.0,proceed,0.0,-0.0,-0.0
robot,52.7,robot_3,-5.75573061764844,-5.983226569878274,-0.0,0.0,0.0,,,,,,,,,,0.0,proceed,0.0,0.0,0.0
robot,52.7,robot_4,-5.741835106507042,6.0139705624690505,-0.0,0.0,0.0,,,,,,,,,,0.0,proceed,0.0,-0.0,0.0
pair,52.7,,,,,,,robot_1,robot_2,11.931489889780844,-0.35945522052639145,0.07392592114325236,0.36697833366638294,-5.58714376496634,11.75399812632544,0,,,,,
pair,52.7,,,,,,,robot_1,robot_3,11.224545247616286,-0.7760500668401367,-0.11560239489747204,0.7846130383498682,-14.127248636676455,1.7680419148873268,0,,,,,
pair,52.7,,,,,,,robot_1,robot_4,16.504097446750535,-0.7899455779815341,-0.11279952724479614,0.7979584885940054,-11.761537406846424,13.575820569066812,0,,,,,
pair,52.7,,,,,,,robot_2,robot_3,16.542748149931107,-0.4165948463137452,-0.1895283160407244,0.4576813832311794,-33.72287139885772,5.953483062910442,0,,,,,
pair,52.7,,,,,,,robot_2,robot_4,11.571016366854476,-0.43049035745514264,-0.1867254483880485,0.4692423051447666,-22.461207198642256,4.775156366102368,0,,,,,
pair,52.7,,,,,,,robot_3,robot_4,11.997205179442116,-0.01389551114139742,0.0028028676526759,0.014175376430949436,-166.38426764984007,11.763083295108006,0,,,,,
robot,52.800000000000004,robot_1,5.50985600143664,-6.090220578735651,0.05851715889747498,0.0008635363371328423,0.004538498053122188,,,,,,,,,,0.0,proceed,0.0,-0.0,-0.0
robot,52.800000000000004,robot_2,5.827674536037815,5.827245114081002,0.0,0.0,0.0,,,,,,,,,,0.0,proceed,0.0,-0.0,-0.0
robot,52.800000000000004,robot_3,-5.75573061764844,-5.983226569878274,-0.0,0.0,0.0,,,,,,,,,,0.0,proceed,0.0,0.0,0.0
robot,52.800000000000004,robot_4,-5.741835106507042,6.0139705624690505,-0.0,0.0,0.0,,,,,,,,,,0.0,proceed,0.0,-0.0,0.0
pair,52.800000000000004,,,,,,,robot_1,robot_2,11.921702779401855,-0.3178185346011748,0.08253430718334709,0.3283603703224146,-8.185742831128232,11.614746357696374,0,,,,,
pair,52.800000000000004,,,,,,,robot_1,robot_3,11.266094691153638,-0.73441338091492,-0.10699400885737731,0.7421662428312513,-14.999979773464084,1.7299737339043302,0,,,,,
pair,52.800000000000004,,,,,,,robot_1,robot_4,16.52610044660861,-0.7483088920563175,-0.10419114120470141,0.755527624800107,-12.540846569973871,13.540206953834174,0,,,,,
pair,52.800000000000004,,,,,,,robot_2,robot_3,16.542748149931107,-0.4165948463137452,-0.1895283160407244,0.4576813832311794,-33.72287139885772,5.953483062910442,0,,,,,
pair,52.800000000000004,,,,,,,robot_2,robot_4,11.571016366854476,-0.43049035745514264,-0.1867254483880485,0.4692423051447666,-22.461207198642256,4.775156366102368,0,,,,,
pair,52.800000000000004,,,,,,,robot_3,robot_4,11.997205179442116,-0.01389551114139742,0.0028028676526759,0.014175376430949436,-166.38426764984007,11.763083295108006,0,,,,,
robot,52.900000000000006,robot_1,5.5432740038307395,-6.083681803096195,0.055702321009416134,0.00027363936755330116,0.0015427165994890044,,,,,,,,,,0.0,proceed,0.0,-0.0,-0.0
robot,52.900000000000006,robot_2,5.827674536037815,5.827245114081002,0.0,0.0,0.0,,,,,,,,,,0.0,proceed,0.0,-0.0,-0.0
robot,52.900000000000006,robot_3,-5.75573061764844,-5.983226569878274,-0.0,0.0,0.0,,,,,,,,,,0.0,proceed,0.0,0.0,0.0
robot,52.900000000000006,robot_4,-5.741835106507042,6.0139705624690505,-0.0,0.0,0.0,,,,,,,,,,0.0,proceed,0.0,-0.0,0.0
pair,52.900000000000006,,,,,,,robot_1,robot_2,11.914321788883157,-0.2844005322070755,0.0890730828228028,0.2980229467729384,-11.034507457808376,11.45148863011914,0,,,,,
pair,52.900000000000006,,,,,,,robot_1,robot_3,11.299451167649194,-0.7009953785208207,-0.1004552332179216,0.7081566031524494,-15.774044187302781,1.702254548286054,0,,,,,
pair,52.900000000000006,,,,,,,robot_1,robot_4,16.544088986411285,-0.7148908896622181,-0.0976523655652457,0.7215296034276946,-13.227413750509452,13.513678463653887,0,,,,,
pair,52.900000000000006,,,,,,,robot_2,robot_3,16.542748149931107,-0.4165948463137452,-0.1895283160407244,0.4576813832311794,-33.72287139885772,5.953483062910442,0,,,,,
pair,52.900000000000006,,,,,,,robot_2,robot_4,11.571016366854476,-0.43049035745514264,-0.1867254483880485,0.4692423051447666,-22.461207198642256,4.775156366102368,0,,,,,
pair,52.900000000000006,,,,,,,robot_3,robot_4,11.997205179442116,-0.01389551114139742,0.0028028676526759,0.014175376430949436,-166.38426764984007,11.763083295108006,0,,,,,
robot,53.0,robot_1,5.574125828901425,-6.077856475703995,0.05241511186578063,-8.579954742263425e-05,-0.000524979756672473,,,,,,,,,,0.0,proceed,0.0,-0.0,-0.0
robot,53.0,robot_2,5.827674536037815,5.827245114081002,0.0,0.0,0.0,,,,,,,,,,0.0,proceed,0.0,-0.0,-0.0
robot,53.0,robot_3,-5.75573061764844,-5.983226569878274,-0.0,0.0,0.0,,,,,,,,,,0.0,proceed,0.0,0.0,0.0
robot,53.0,robot_4,-5.741835106507042,6.0139705624690505,-0.0,0.0,0.0,,,,,,,,,,0.0,proceed,0.0,-0.0,0.0
pair,53.0,,,,,,,robot_1,robot_2,11.907801258418441,-0.2535487071363898,0.094898410215003,0.2707261626660226,-14.53744942409806,11.23860529648964,0,,,,,
pair,53.0,,,,,,,robot_1,robot_3,11.330251626442553,-0.670143553450135,-0.0946299058257214,0.676791844888337,-16.556537008519925,1.6778554270198263,0,,,,,
pair,53.0,,,,,,,robot_1,robot_4,16.560895296232726,-0.6840390645915324,-0.0918270381730455,0.6901750841829142,-13.919006902632708,13.489900528932223,0,,,,,
pair,53.0,,,,,,,robot_2,robot_3,16.542748149931107,-0.4165948463137452,-0.1895283160407244,0.4576813832311794,-33.72287139885772,5.953483062910442,0,,,,,
pair,53.0,,,,,,,robot_2,robot_4,11.571016366854476,-0.43049035745514264,-0.1867254483880485,0.4692423051447666,-22.461207198642256,4.775156366102368,0,,,,,
pair,53.0,,,,,,,robot_3,robot_4,11.997205179442116,-0.01389551114139742,0.0028028676526759,0.014175376430949436,-166.38426764984007,11.763083295108006,0,,,,,
robot,53.1,robot_1,5.607184204211786,-6.071768970984494,0.04691215567494626,-0.00018967212160590947,-0.0012456521222260703,,,,,,,,,,0.0,proceed,0.0,-0.0,-0.0
robot,53.1,robot_2,5.827674536037815,5.827245114081002,0.0,0.0,0.0,,,,,,,,,,0.0,proceed,0.0,-0.0,-0.0
robot,53.1,robot_3,-5.75573061764844,-5.983226569878274,-0.0,0.0,0.0,,,,,,,,,,0.0,proceed,0.0,0.0,0.0
robot,53.1,robot_4,-5.741835106507042,6.0139705624690505,-0.0,0.0,0.0,,,,,,,,,,0.0,proceed,0.0,-0.0,0.0
pair,53.1,,,,,,,robot_1,robot_2,11.901056767489843,-0.22049033182602873,0.10098591493450382,0.2425162704725419,-19.604415017597848,10.910129768847472,0,,,,,
pair,53.1,,,,,,,robot_1,robot_3,11.363259787826927,-0.6370851781397739,-0.08854240110622058,0.6432085828089068,-17.478856187046688,1.6518884257337585,0,,,,,
pair,53.1,,,,,,,robot_1,robot_4,16.579063284321908,-0.6509806892811714,-0.08573953345354468,0.6566027150521238,-14.732932284000713,13.464218880232297,0,,,,,
pair,53.1,,,,,,,robot_2,robot_3,16.542748149931107,-0.4165948463137452,-0.1895283160407244,0.4576813832311794,-33.72287139885772,5.953483062910442,0,,,,,
pair,53.1,,,,,,,robot_2,robot_4,11.571016366854476,-0.43049035745514264,-0.1867254483880485,0.4692423051447666,-22.461207198642256,4.775156366102368,0,,,,,
pair,53.1,,,,,,,robot_3,robot_4,11.997205179442116,-0.01389551114139742,0.0028028676526759,0.014175376430949436,-166.38426764984007,11.763083295108006,0,,,,,
robot,53.2,robot_1,5.638368043628731,-6.06609803820683,0.04374423825653865,-0.00020259971715783174,-0.0014270482987216852,,,,,,,,,,0.0,proceed,0.0,-0.0,-0.0
robot,53.2,robot_2,5.827674536037815,5.827245114081002,0.0,0.0,0.0,,,,,,,,,,0.0,proceed,0.0,-0.0,-0.0
robot,53.2,robot_3,-5.75573061764844,-5.983226569878274,-0.0,0.0,0.0,,,,,,,,,,0.0,proceed,0.0,0.0,0.0
robot,53.2,robot_4,-5.741835106507042,6.0139705624690505,-0.0,0.0,0.0,,,,,,,,,,0.0,proceed,0.0,-0.0,0.0
pair,53.2,,,,,,,robot_1,robot_2,11.89484965378462,-0.18930649240908437,0.1066568477121681,0.21728467785862707,-26.10889308950611,10.454846293336177,0,,,,,
pair,53.2,,,,,,,robot_1,robot_3,11.394400027345938,-0.6059013387228296,-0.0828714683285563,0.6115424045224076,-18.441510537721623,1.626146629552714,0,,,,,
pair,53.2,,,,,,,robot_1,robot_4,16.59629721158896,-0.619796849864227,-0.0800686006758804,0.624947290510018,-15.58324879979567,13.438549992956025,0,,,,,
pair,53.2,,,,,,,robot_2,robot_3,16.542748149931107,-0.4165948463137452,-0.1895283160407244,0.4576813832311794,-33.72287139885772,5.953483062910442,0,,,,,
pair,53.2,,,,,,,robot_2,robot_4,11.571016366854476,-0.43049035745514264,-0.1867254483880485,0.4692423051447666,-22.461207198642256,4.775156366102368,0,,,,,
pair,53.2,,,,,,,robot_3,robot_4,11.997205179442116,-0.01389551114139742,0.0028028676526759,0.014175376430949436,-166.38426764984007,11.763083295108006,0,,,,,
robot,53.300000000000004,robot_1,5.663027167093667,-6.061630430499504,0.04650703232195383,-0.0002153954905196858,-0.00151717765763716,,,,,,,,,,0.0,proceed,0.0,-0.0,-0.0
robot,53.300000000000004,robot_2,5.827674536037815,5.827245114081002,0.0,0.0,0.0,,,,,,,,,,0.0,proceed,0.0,-0.0,-0.0
robot,53.300000000000004,robot_3,-5.75573061764844,-5.983226569878274,-0.0,0.0,0.0,,,,,,,,,,0.0,proceed,0.0,0.0,0.0
robot,53.300000000000004,robot_4,-5.741835106507042,6.0139705624690505,-0.0,0.0,0.0,,,,,,,,,,0.0,proceed,0.0,-0.0,0.0
pair,53.300000000000004,,,,,,,robot_1,robot_2,11.890015579074094,-0.16464736894414767,0.11112445541949434,0.19863887004438346,-32.795775738645666,9.946534768790771,0,,,,,
pair,53.300000000000004,,,,,,,robot_1,robot_3,11.419026951188476,-0.5812422152578929,-0.07840386062123006,0.5865063325815126,-19.27649963347635,1.6041537408703117,0,,,,,
pair,53.300000000000004,,,,,,,robot_1,robot_4,16.609967574356787,-0.5951377263992903,-0.07560099296855416,0.5999203476475422,-16.32249006602046,13.416555487701014,0,,,,,
pair,53.300000000000004,,,,,,,robot_2,robot_3,16.542748149931107,-0.4165948463137452,-0.1895283160407244,0.4576813832311794,-33.72287139885772,5.953483062910442,0,,,,,
pair,53.300000000000004,,,,,,,robot_2,robot_4,11.571016366854476,-0.43049035745514264,-0.1867254483880485,0.4692423051447666,-22.461207198642256,4.775156366102368,0,,,,,
pair,53.300000000000004,,,,,,,robot_3,robot_4,11.997205179442116,-0.01389551114139742,0.0028028676526759,0.014175376430949436,-166.38426764984007,11.763083295108006,0,,,,,
robot,53.400000000000006,robot_1,5.685108423038977,-6.057628735317484,0.03714114527592539,-0.00011337887656348491,-0.0009404758233709662,,,,,,,,,,0.0,proceed,0.0,-0.0,-0.0
robot,53.400000000000006,robot_2,5.827674536037815,5.827245114081002,0.0,0.0,0.0,,,,,,,,,,0.0,proceed,0.0,-0.0,-0.0
robot,53.400000000000006,robot_3,-5.75573061764844,-5.983226569878274,-0.0,0.0,0.0,,,,,,,,,,0.0,proceed,0.0,0.0,0.0
robot,53.400000000000006,robot_4,-5.741835106507042,6.0139705624690505,-0.0,0.0,0.0,,,,,,,,,,0.0,proceed,0.0,-0.0,0.0
pair,53.400000000000006,,,,,,,robot_1,robot_2,11.885728901194556,-0.14256611299883826,0.11512615060151443,0.18324608352682492,-40.14204046922599,9.336043221549236,0,,,,,
pair,53.400000000000006,,,,,,,robot_1,robot_3,11.44108096453912,-0.5591609593125835,-0.07440216543920997,0.5640892310986022,-20.087372501726772,1.5827743839953834,0,,,,,
pair,53.400000000000006,,,,,,,robot_1,robot_4,16.622230537258048,-0.5730564704539809,-0.07159929778653407,0.5775120585517666,-17.042344880585915,13.395164835666817,0,,,,,
pair,53.400000000000006,,,,,,,robot_2,robot_3,16.542748149931107,-0.4165948463137452,-0.1895283160407244,0.4576813832311794,-33.72287139885772,5.953483062910442,0,,,,,
pair,53.400000000000006,,,,,,,robot_2,robot_4,11.571016366854476,-0.43049035745514264,-0.1867254483880485,0.4692423051447666,-22.461207198642256,4.775156366102368,0,,,,,
pair,53.400000000000006,,,,,,,robot_3,robot_4,11.997205179442116,-0.01389551114139742,0.0028028676526759,0.014175376430949436,-166.38426764984007,11.763083295108006,0,,,,,
robot,53.5,robot_1,5.709944587692535,-6.053118934562302,0.035305126021338604,-7.656621052419717e-05,-0.0006815762941732623,,,,,,,,,,0.0,proceed,0.0,-0.0,-0.0
robot,53.5,robot_2,5.827674536037815,5.827245114081002,0.0,0.0,0.0,,,,,,,,,,0.0,proceed,0.0,-0.0,-0.0
robot,53.5,robot_3,-5.75573061764844,-5.983226569878274,-0.0,0.0,0.0,,,,,,,,,,0.0,proceed,0.0,0.0,0.0
robot,53.5,robot_4,-5.741835106507042,6.0139705624690505,-0.0,0.0,0.0,,,,,,,,,,0.0,proceed,0.0,-0.0,0.0
pair,53.5,,,,,,,robot_1,robot_2,11.880947364121841,-0.11772994834528028,0.11963595135669625,0.16784844829310802,-49.95752100526644,8.416874832684243,0,,,,,
pair,53.5,,,,,,,robot_1,robot_3,11.465888228001,-0.5343247946590255,-0.06989236468402815,0.5388765432161016,-21.080454796364254,1.556401715322014,0,,,,,
pair,53.5,,,,,,,robot_1,robot_4,16.63604241079729,-0.5482203058004229,-0.06708949703135225,0.5523101522730042,-17.926850902308065,13.368788539544294,0,,,,,
pair,53.5,,,,,,,robot_2,robot_3,16.542748149931107,-0.4165948463137452,-0.1895283160407244,0.4576813832311794,-33.72287139885772,5.953483062910442,0,,,,,
pair,53.5,,,,,,,robot_2,robot_4,11.571016366854476,-0.43049035745514264,-0.1867254483880485,0.4692423051447666,-22.461207198642256,4.775156366102368,0,,,,,
pair,53.5,,,,,,,robot_3,robot_4,11.997205179442116,-0.01389551114139742,0.0028028676526759,0.014175376430949436,-166.38426764984007,11.763083295108006,0,,,,,
