record_id,protocol_id,scenario,variant,variant_status,training_seed,evaluation_episode_index,robot_count,training_episodes,validation_points,safety_envelope,control_step_s,fully_successful_episode,collision_episode,rr_near_miss_count,rp_near_miss_count,average_completion_time_s,makespan_s,average_waiting_time_s,average_path_length_m,astar_reference_path_length_m,executed_to_astar_ratio,trajectory_straightness,turning_per_m_rad_per_m,sharp_turn_count,min_rr_center_distance_m,min_rp_center_distance_m,intervention_ratio,mean_policy_inference_time_ms,p95_policy_inference_time_ms,active_conflict_edge_count_mean,possible_edge_count,edge_density_mean,checkpoint_sha256,source_commit,config_sha256
abl__mixed_complex__Full_CA-GAT-MAPPO__seed0__ep00,mixed_complex_component_ablation,mixed_complex,Full CA-GAT-MAPPO,existing_current_table7,0,0,4,100,20,ON,0.1,1,0,0,0,46.476403,47.544009,0.464159,21.4825,23.0091,0.9337,0.799511,0.724642,1,0.850058,0.780281,0.304391,0.8225,1.6128,2.65,12,0.220833,e850924e53b1b52b5df6b194b4cc568d08282b00ccd43880d1b6a6b8218dbbb9,6ab462282254dde9da98b27b25c83d9d362b1a8c,2053082647b037e2c23c1d0b3c528202c2b892aecd3bc3cb1bd0b0efe58606c8
abl__mixed_complex__Full_CA-GAT-MAPPO__seed0__ep01,mixed_complex_component_ablation,mixed_complex,Full CA-GAT-MAPPO,existing_current_table7,0,1,4,100,20,ON,0.1,1,0,0,0,44.697998,47.524009,0.57955,21.6453,23.1342,0.9356,0.773438,0.69905,0,0.930282,0.781641,0.304817,0.9619,1.5976,1.82,12,0.151667,e850924e53b1b52b5df6b194b4cc568d08282b00ccd43880d1b6a6b8218dbbb9,6ab462282254dde9da98b27b25c83d9d362b1a8c,2053082647b037e2c23c1d0b3c528202c2b892aecd3bc3cb1bd0b0efe58606c8
abl__mixed_complex__Full_CA-GAT-MAPPO__seed0__ep02,mixed_complex_component_ablation,mixed_complex,Full CA-GAT-MAPPO,existing_current_table7,0,2,4,100,20,ON,0.1,1,0,0,0,47.480541,47.534009,0.469571,21.3036,22.9326,0.929,0.780553,0.694857,1,0.796765,0.829545,0.297944,0.915,1.6219,1.52,12,0.126667,e850924e53b1b52b5df6b194b4cc568d08282b00ccd43880d1b6a6b8218dbbb9,6ab462282254dde9da98b27b25c83d9d362b1a8c,2053082647b037e2c23c1d0b3c528202c2b892aecd3bc3cb1bd0b0efe58606c8
abl__mixed_complex__Full_CA-GAT-MAPPO__seed0__ep03,mixed_complex_component_ablation,mixed_complex,Full CA-GAT-MAPPO,existing_current_table7,0,3,4,100,20,ON,0.1,1,0,0,0,46.752084,47.534009,0.585364,21.4739,23.0527,0.9315,0.785373,0.687568,1,0.853723,0.77758,0.286773,0.7306,1.3152,3.05,12,0.254167,e850924e53b1b52b5df6b194b4cc568d08282b00ccd43880d1b6a6b8218dbbb9,6ab462282254dde9da98b27b25c83d9d362b1a8c,2053082647b037e2c23c1d0b3c528202c2b892aecd3bc3cb1bd0b0efe58606c8
abl__mixed_complex__Full_CA-GAT-MAPPO__seed0__ep04,mixed_complex_component_ablation,mixed_complex,Full CA-GAT-MAPPO,existing_current_table7,0,4,4,100,20,ON,0.1,1,0,0,0,49.107695,47.534009,0.603812,21.3079,23.1777,0.9193,0.820222,0.713497,1,0.832037,0.838443,0.269264,0.9265,1.3974,3.12,12,0.26,e850924e53b1b52b5df6b194b4cc568d08282b00ccd43880d1b6a6b8218dbbb9,6ab462282254dde9da98b27b25c83d9d362b1a8c,2053082647b037e2c23c1d0b3c528202c2b892aecd3bc3cb1bd0b0efe58606c8
abl__mixed_complex__Full_CA-GAT-MAPPO__seed0__ep05,mixed_complex_component_ablation,mixed_complex,Full CA-GAT-MAPPO,existing_current_table7,0,5,4,100,20,ON,0.1,1,0,0,0,46.803985,47.534009,0.438118,21.3253,23.1388,0.9216,0.782416,0.706229,2,0.83401,0.818683,0.288578,0.8552,1.4981,2.93,12,0.244167,e850924e53b1b52b5df6b194b4cc568d08282b00ccd43880d1b6a6b8218dbbb9,6ab462282254dde9da98b27b25c83d9d362b1a8c,2053082647b037e2c23c1d0b3c528202c2b892aecd3bc3cb1bd0b0efe58606c8
abl__mixed_complex__Full_CA-GAT-MAPPO__seed0__ep06,mixed_complex_component_ablation,mixed_complex,Full CA-GAT-MAPPO,existing_current_table7,0,6,4,100,20,ON,0.1,1,0,0,0,45.481599,47.534009,0.624064,21.447,22.9948,0.9327,0.807871,0.688026,0,0.849725,0.814262,0.256258,0.825,1.5498,2.13,12,0.1775,e850924e53b1b52b5df6b194b4cc568d08282b00ccd43880d1b6a6b8218dbbb9,6ab462282254dde9da98b27b25c83d9d362b1a8c,2053082647b037e2c23c1d0b3c528202c2b892aecd3bc3cb1bd0b0efe58606c8
abl__mixed_complex__Full_CA-GAT-MAPPO__seed0__ep07,mixed_complex_component_ablation,mixed_complex,Full CA-GAT-MAPPO,existing_current_table7,0,7,4,100,20,ON,0.1,1,0,0,0,47.058988,47.534009,0.610924,21.7024,23.0529,0.9414,0.787603,0.683671,0,0.881206,0.796492,0.281527,0.9345,1.3294,2.97,12,0.2475,e850924e53b1b52b5df6b194b4cc568d08282b00ccd43880d1b6a6b8218dbbb9,6ab462282254dde9da98b27b25c83d9d362b1a8c,2053082647b037e2c23c1d0b3c528202c2b892aecd3bc3cb1bd0b0efe58606c8
abl__mixed_complex__Full_CA-GAT-MAPPO__seed0__ep08,mixed_complex_component_ablation,mixed_complex,Full CA-GAT-MAPPO,existing_current_table7,0,8,4,100,20,ON,0.1,1,0,0,0,48.890665,47.534009,0.598386,21.3341,22.9902,0.928,0.811092,0.725214,0,0.871678,0.817099,0.296106,0.7331,1.4568,1.97,12,0.164167,e850924e53b1b52b5df6b194b4cc568d08282b00ccd43880d1b6a6b8218dbbb9,6ab462282254dde9da98b27b25c83d9d362b1a8c,2053082647b037e2c23c1d0b3c528202c2b892aecd3bc3cb1bd0b0efe58606c8
abl__mixed_complex__Full_CA-GAT-MAPPO__seed0__ep09,mixed_complex_component_ablation,mixed_complex,Full CA-GAT-MAPPO,existing_current_table7,0,9,4,100,20,ON,0.1,1,0,0,0,41.506481,47.534009,0.436466,21.5661,23.0095,0.9373,0.777714,0.731073,1,0.792117,0.787289,0.27391,0.7082,1.4089,1.92,12,0.16,e850924e53b1b52b5df6b194b4cc568d08282b00ccd43880d1b6a6b8218dbbb9,6ab462282254dde9da98b27b25c83d9d362b1a8c,2053082647b037e2c23c1d0b3c528202c2b892aecd3bc3cb1bd0b0efe58606c8
abl__mixed_complex__Full_CA-GAT-MAPPO__seed1__ep00,mixed_complex_component_ablation,mixed_complex,Full CA-GAT-MAPPO,existing_current_table7,1,0,4,100,20,ON,0.1,1,0,0,0,44.650264,46.727232,0.865481,21.2021,22.9948,0.922,0.781125,0.72493,0,0.820209,0.818563,0.239854,0.9672,1.6395,2.55,12,0.2125,18bb7d99f3e5436610f738c4d61094d5fe92aaf20353f2bbd518f61731da8668,6ab462282254dde9da98b27b25c83d9d362b1a8c,2053082647b037e2c23c1d0b3c528202c2b892aecd3bc3cb1bd0b0efe58606c8
abl__mixed_complex__Full_CA-GAT-MAPPO__seed1__ep01,mixed_complex_component_ablation,mixed_complex,Full CA-GAT-MAPPO,existing_current_table7,1,1,4,100,20,ON,0.1,1,0,0,0,40.728498,46.803776,0.848849,21.6657,23.1388,0.9363,0.792742,0.69822,1,0.894249,0.774808,0.248327,0.7844,1.6119,2.34,12,0.195,18bb7d99f3e5436610f738c4d61094d5fe92aaf20353f2bbd518f61731da8668,6ab462282254dde9da98b27b25c83d9d362b1a8c,2053082647b037e2c23c1d0b3c528202c2b892aecd3bc3cb1bd0b0efe58606c8
abl__mixed_complex__Full_CA-GAT-MAPPO__seed1__ep02,mixed_complex_component_ablation,mixed_complex,Full CA-GAT-MAPPO,existing_current_table7,1,2,4,100,20,ON,0.1,1,0,0,0,46.318693,48.561986,0.855809,21.5905,22.8845,0.9435,0.781623,0.74853,1,0.820439,0.78651,0.273869,0.7117,1.5199,2.81,12,0.234167,18bb7d99f3e5436610f738c4d61094d5fe92aaf20353f2bbd518f61731da8668,6ab462282254dde9da98b27b25c83d9d362b1a8c,2053082647b037e2c23c1d0b3c528202c2b892aecd3bc3cb1bd0b0efe58606c8
abl__mixed_complex__Full_CA-GAT-MAPPO__seed1__ep03,mixed_complex_component_ablation,mixed_complex,Full CA-GAT-MAPPO,existing_current_table7,1,3,4,100,20,ON,0.1,1,0,0,0,44.827545,47.08241,0.705579,21.3073,23.1154,0.9218,0.785968,0.754422,1,0.827453,0.806308,0.264031,0.943,1.3907,1.56,12,0.13,18bb7d99f3e5436610f738c4d61094d5fe92aaf20353f2bbd518f61731da8668,6ab462282254dde9da98b27b25c83d9d362b1a8c,2053082647b037e2c23c1d0b3c528202c2b892aecd3bc3cb1bd0b0efe58606c8
abl__mixed_complex__Full_CA-GAT-MAPPO__seed1__ep04,mixed_complex_component_ablation,mixed_complex,Full CA-GAT-MAPPO,existing_current_table7,1,4,4,100,20,ON,0.1,1,0,0,0,44.271556,49.318339,0.868909,21.737,22.9467,0.9473,0.778136,0.757744,0,0.807314,0.78451,0.276683,0.855,1.5452,1.9,12,0.158333,18bb7d99f3e5436610f738c4d61094d5fe92aaf20353f2bbd518f61731da8668,6ab462282254dde9da98b27b25c83d9d362b1a8c,2053082647b037e2c23c1d0b3c528202c2b892aecd3bc3cb1bd0b0efe58606c8
abl__mixed_complex__Full_CA-GAT-MAPPO__seed1__ep05,mixed_complex_component_ablation,mixed_complex,Full CA-GAT-MAPPO,existing_current_table7,1,5,4,100,20,ON,0.1,1,0,0,0,50.309571,51.418128,0.692753,21.334,23.1777,0.9205,0.79108,0.74192,0,0.841123,0.791881,0.272227,0.9253,1.3813,2.64,12,0.22,18bb7d99f3e5436610f738c4d61094d5fe92aaf20353f2bbd518f61731da8668,6ab462282254dde9da98b27b25c83d9d362b1a8c,2053082647b037e2c23c1d0b3c528202c2b892aecd3bc3cb1bd0b0efe58606c8
abl__mixed_complex__Full_CA-GAT-MAPPO__seed1__ep06,mixed_complex_component_ablation,mixed_complex,Full CA-GAT-MAPPO,existing_current_table7,1,6,4,100,20,ON,0.1,1,0,0,0,45.564387,47.390362,0.825514,21.374,23.1195,0.9245,0.795642,0.753234,1,0.820962,0.791383,0.27526,0.7903,1.615,2.41,12,0.200833,18bb7d99f3e5436610f738c4d61094d5fe92aaf20353f2bbd518f61731da8668,6ab462282254dde9da98b27b25c83d9d362b1a8c,2053082647b037e2c23c1d0b3c528202c2b892aecd3bc3cb1bd0b0efe58606c8
abl__mixed_complex__Full_CA-GAT-MAPPO__seed1__ep07,mixed_complex_component_ablation,mixed_complex,Full CA-GAT-MAPPO,existing_current_table7,1,7,4,100,20,ON,0.1,1,0,0,0,44.961377,47.904392,0.925274,21.3761,23.0527,0.9273,0.783878,0.74229,0,0.869459,0.783016,0.244278,0.8631,1.4422,2.53,12,0.210833,18bb7d99f3e5436610f738c4d61094d5fe92aaf20353f2bbd518f61731da8668,6ab462282254dde9da98b27b25c83d9d362b1a8c,2053082647b037e2c23c1d0b3c528202c2b892aecd3bc3cb1bd0b0efe58606c8
abl__mixed_complex__Full_CA-GAT-MAPPO__seed1__ep08,mixed_complex_component_ablation,mixed_complex,Full CA-GAT-MAPPO,existing_current_table7,1,8,4,100,20,ON,0.1,1,0,0,0,42.712758,47.797619,0.685861,21.6884,23.2011,0.9348,0.780456,0.752996,0,0.817735,0.814086,0.271419,0.7277,1.3006,2.41,12,0.200833,18bb7d99f3e5436610f738c4d61094d5fe92aaf20353f2bbd518f61731da8668,6ab462282254dde9da98b27b25c83d9d362b1a8c,2053082647b037e2c23c1d0b3c528202c2b892aecd3bc3cb1bd0b0efe58606c8
abl__mixed_complex__Full_CA-GAT-MAPPO__seed1__ep09,mixed_complex_component_ablation,mixed_complex,Full CA-GAT-MAPPO,existing_current_table7,1,9,4,100,20,ON,0.1,1,0,0,0,47.581012,48.981587,0.690444,21.348,23.0529,0.926,0.786979,0.758596,1,0.849677,0.780912,0.264142,0.9348,1.3973,2.29,12,0.190833,18bb7d99f3e5436610f738c4d61094d5fe92aaf20353f2bbd518f61731da8668,6ab462282254dde9da98b27b25c83d9d362b1a8c,2053082647b037e2c23c1d0b3c528202c2b892aecd3bc3cb1bd0b0efe58606c8
abl__mixed_complex__Full_CA-GAT-MAPPO__seed2__ep00,mixed_complex_component_ablation,mixed_complex,Full CA-GAT-MAPPO,existing_current_table7,2,0,4,100,20,ON,0.1,1,0,0,0,46.116022,49.54392,0.779127,21.7515,22.9323,0.9485,0.784152,0.706979,1,0.887592,0.796717,0.273642,0.8474,1.3123,2.55,12,0.2125,5905756bc48165e721b130669470fc80a0c4d8e75bc82980c9491abdeb8ef2a5,6ab462282254dde9da98b27b25c83d9d362b1a8c,2053082647b037e2c23c1d0b3c528202c2b892aecd3bc3cb1bd0b0efe58606c8
abl__mixed_complex__Full_CA-GAT-MAPPO__seed2__ep01,mixed_complex_component_ablation,mixed_complex,Full CA-GAT-MAPPO,existing_current_table7,2,1,4,100,20,ON,0.1,1,0,0,0,46.611511,48.498686,0.657239,21.4711,23.0576,0.9312,0.810531,0.721018,0,0.89752,0.78866,0.252236,0.8553,1.4048,2.52,12,0.21,5905756bc48165e721b130669470fc80a0c4d8e75bc82980c9491abdeb8ef2a5,6ab462282254dde9da98b27b25c83d9d362b1a8c,2053082647b037e2c23c1d0b3c528202c2b892aecd3bc3cb1bd0b0efe58606c8
abl__mixed_complex__Full_CA-GAT-MAPPO__seed2__ep02,mixed_complex_component_ablation,mixed_complex,Full CA-GAT-MAPPO,existing_current_table7,2,2,4,100,20,ON,0.1,1,0,0,0,46.129473,46.695073,0.736608,21.7154,22.947,0.9463,0.811431,0.694695,1,0.813415,0.822982,0.23296,0.9859,1.6061,1.8,12,0.15,5905756bc48165e721b130669470fc80a0c4d8e75bc82980c9491abdeb8ef2a5,6ab462282254dde9da98b27b25c83d9d362b1a8c,2053082647b037e2c23c1d0b3c528202c2b892aecd3bc3cb1bd0b0efe58606c8
abl__mixed_complex__Full_CA-GAT-MAPPO__seed2__ep03,mixed_complex_component_ablation,mixed_complex,Full CA-GAT-MAPPO,existing_current_table7,2,3,4,100,20,ON,0.1,1,0,0,0,43.929365,49.069227,0.833677,21.511,23.1966,0.9273,0.809766,0.709378,1,0.8497,0.797393,0.256255,0.956,1.3728,2.31,12,0.1925,5905756bc48165e721b130669470fc80a0c4d8e75bc82980c9491abdeb8ef2a5,6ab462282254dde9da98b27b25c83d9d362b1a8c,2053082647b037e2c23c1d0b3c528202c2b892aecd3bc3cb1bd0b0efe58606c8
abl__mixed_complex__Full_CA-GAT-MAPPO__seed2__ep04,mixed_complex_component_ablation,mixed_complex,Full CA-GAT-MAPPO,existing_current_table7,2,4,4,100,20,ON,0.1,1,0,0,0,47.69499,51.610614,0.563749,21.2207,22.8654,0.9281,0.788947,0.704286,1,0.852111,0.800144,0.26421,0.8558,1.3758,1.91,12,0.159167,5905756bc48165e721b130669470fc80a0c4d8e75bc82980c9491abdeb8ef2a5,6ab462282254dde9da98b27b25c83d9d362b1a8c,2053082647b037e2c23c1d0b3c528202c2b892aecd3bc3cb1bd0b0efe58606c8
abl__mixed_complex__Full_CA-GAT-MAPPO__seed2__ep05,mixed_complex_component_ablation,mixed_complex,Full CA-GAT-MAPPO,existing_current_table7,2,5,4,100,20,ON,0.1,1,0,0,0,46.158048,48.52827,0.731712,21.2955,23.1342,0.9205,0.775911,0.732987,1,0.942922,0.769361,0.272691,0.8001,1.6996,1.88,12,0.156667,5905756bc48165e721b130669470fc80a0c4d8e75bc82980c9491abdeb8ef2a5,6ab462282254dde9da98b27b25c83d9d362b1a8c,2053082647b037e2c23c1d0b3c528202c2b892aecd3bc3cb1bd0b0efe58606c8
abl__mixed_complex__Full_CA-GAT-MAPPO__seed2__ep06,mixed_complex_component_ablation,mixed_complex,Full CA-GAT-MAPPO,existing_current_table7,2,6,4,100,20,ON,0.1,1,0,0,0,43.657237,48.613393,0.640744,21.7948,23.1823,0.9401,0.799329,0.708654,0,0.897802,0.801819,0.234457,0.9094,1.5681,1.59,12,0.1325,5905756bc48165e721b130669470fc80a0c4d8e75bc82980c9491abdeb8ef2a5,6ab462282254dde9da98b27b25c83d9d362b1a8c,2053082647b037e2c23c1d0b3c528202c2b892aecd3bc3cb1bd0b0efe58606c8
abl__mixed_complex__Full_CA-GAT-MAPPO__seed2__ep07,mixed_complex_component_ablation,mixed_complex,Full CA-GAT-MAPPO,existing_current_table7,2,7,4,100,20,ON,0.1,1,0,0,0,47.233429,49.260968,0.824459,21.301,22.9902,0.9265,0.784489,0.718906,1,0.90551,0.826988,0.252428,0.861,1.6387,2.4,12,0.2,5905756bc48165e721b130669470fc80a0c4d8e75bc82980c9491abdeb8ef2a5,6ab462282254dde9da98b27b25c83d9d362b1a8c,2053082647b037e2c23c1d0b3c528202c2b892aecd3bc3cb1bd0b0efe58606c8
abl__mixed_complex__Full_CA-GAT-MAPPO__seed2__ep08,mixed_complex_component_ablation,mixed_complex,Full CA-GAT-MAPPO,existing_current_table7,2,8,4,100,20,ON,0.1,1,0,0,0,46.611438,49.404333,0.602351,21.3716,23.0529,0.9271,0.793209,0.758998,0,0.805011,0.834252,0.271048,0.7176,1.3907,1.66,12,0.138333,5905756bc48165e721b130669470fc80a0c4d8e75bc82980c9491abdeb8ef2a5,6ab462282254dde9da98b27b25c83d9d362b1a8c,2053082647b037e2c23c1d0b3c528202c2b892aecd3bc3cb1bd0b0efe58606c8
abl__mixed_complex__Full_CA-GAT-MAPPO__seed2__ep09,mixed_complex_component_ablation,mixed_complex,Full CA-GAT-MAPPO,existing_current_table7,2,9,4,100,20,ON,0.1,1,0,0,0,43.550243,46.566564,0.640222,21.7455,23.2401,0.9357,0.786545,0.756283,1,0.847616,0.772796,0.270744,0.8429,1.499,2.04,12,0.17,5905756bc48165e721b130669470fc80a0c4d8e75bc82980c9491abdeb8ef2a5,6ab462282254dde9da98b27b25c83d9d362b1a8c,2053082647b037e2c23c1d0b3c528202c2b892aecd3bc3cb1bd0b0efe58606c8
abl__mixed_complex__Full_CA-GAT-MAPPO__seed3__ep00,mixed_complex_component_ablation,mixed_complex,Full CA-GAT-MAPPO,existing_current_table7,3,0,4,100,20,ON,0.1,1,0,0,0,47.653513,48.49274,0.769845,21.5923,23.1823,0.9314,0.801013,0.749198,1,0.81732,0.813688,0.237165,0.7166,1.5009,2.89,12,0.240833,19ad2a05254c5a4068780dbb6d5c6168c918c5dbf709f1202af4c5deba82c85c,6ab462282254dde9da98b27b25c83d9d362b1a8c,2053082647b037e2c23c1d0b3c528202c2b892aecd3bc3cb1bd0b0efe58606c8
abl__mixed_complex__Full_CA-GAT-MAPPO__seed3__ep01,mixed_complex_component_ablation,mixed_complex,Full CA-GAT-MAPPO,existing_current_table7,3,1,4,100,20,ON,0.1,1,0,0,0,46.66725,47.555968,0.608239,21.3658,22.9467,0.9311,0.794997,0.705647,0,0.822115,0.792087,0.219883,0.8475,1.3486,1.97,12,0.164167,19ad2a05254c5a4068780dbb6d5c6168c918c5dbf709f1202af4c5deba82c85c,6ab462282254dde9da98b27b25c83d9d362b1a8c,2053082647b037e2c23c1d0b3c528202c2b892aecd3bc3cb1bd0b0efe58606c8
abl__mixed_complex__Full_CA-GAT-MAPPO__seed3__ep02,mixed_complex_component_ablation,mixed_complex,Full CA-GAT-MAPPO,existing_current_table7,3,2,4,100,20,ON,0.1,1,0,0,0,46.066048,49.843954,0.656816,21.7197,23.1777,0.9371,0.799047,0.733077,2,0.826448,0.8126,0.229736,0.7688,1.6658,2.49,12,0.2075,19ad2a05254c5a4068780dbb6d5c6168c918c5dbf709f1202af4c5deba82c85c,6ab462282254dde9da98b27b25c83d9d362b1a8c,2053082647b037e2c23c1d0b3c528202c2b892aecd3bc3cb1bd0b0efe58606c8
abl__mixed_complex__Full_CA-GAT-MAPPO__seed3__ep03,mixed_complex_component_ablation,mixed_complex,Full CA-GAT-MAPPO,existing_current_table7,3,3,4,100,20,ON,0.1,1,0,0,0,45.665293,50.590331,0.613218,21.6334,23.1388,0.9349,0.791155,0.686732,0,0.818504,0.768205,0.268339,0.9301,1.5529,2.75,12,0.229167,19ad2a05254c5a4068780dbb6d5c6168c918c5dbf709f1202af4c5deba82c85c,6ab462282254dde9da98b27b25c83d9d362b1a8c,2053082647b037e2c23c1d0b3c528202c2b892aecd3bc3cb1bd0b0efe58606c8
abl__mixed_complex__Full_CA-GAT-MAPPO__seed3__ep04,mixed_complex_component_ablation,mixed_complex,Full CA-GAT-MAPPO,existing_current_table7,3,4,4,100,20,ON,0.1,1,0,0,0,47.724319,50.829248,0.638099,21.2077,23.1342,0.9167,0.802935,0.711602,0,0.79778,0.781329,0.269125,0.9201,1.6256,1.81,12,0.150833,19ad2a05254c5a4068780dbb6d5c6168c918c5dbf709f1202af4c5deba82c85c,6ab462282254dde9da98b27b25c83d9d362b1a8c,2053082647b037e2c23c1d0b3c528202c2b892aecd3bc3cb1bd0b0efe58606c8
abl__mixed_complex__Full_CA-GAT-MAPPO__seed3__ep05,mixed_complex_component_ablation,mixed_complex,Full CA-GAT-MAPPO,existing_current_table7,3,5,4,100,20,ON,0.1,1,0,0,0,46.188864,47.891439,0.531833,21.6802,23.0092,0.9422,0.794447,0.749761,0,0.811321,0.835413,0.2344,0.7691,1.6088,2.25,12,0.1875,19ad2a05254c5a4068780dbb6d5c6168c918c5dbf709f1202af4c5deba82c85c,6ab462282254dde9da98b27b25c83d9d362b1a8c,2053082647b037e2c23c1d0b3c528202c2b892aecd3bc3cb1bd0b0efe58606c8
abl__mixed_complex__Full_CA-GAT-MAPPO__seed3__ep06,mixed_complex_component_ablation,mixed_complex,Full CA-GAT-MAPPO,existing_current_table7,3,6,4,100,20,ON,0.1,1,0,0,0,45.631305,48.335033,0.655375,21.7182,23.0719,0.9413,0.79205,0.70341,2,0.831272,0.83299,0.269922,0.7208,1.3774,3,12,0.25,19ad2a05254c5a4068780dbb6d5c6168c918c5dbf709f1202af4c5deba82c85c,6ab462282254dde9da98b27b25c83d9d362b1a8c,2053082647b037e2c23c1d0b3c528202c2b892aecd3bc3cb1bd0b0efe58606c8
abl__mixed_complex__Full_CA-GAT-MAPPO__seed3__ep07,mixed_complex_component_ablation,mixed_complex,Full CA-GAT-MAPPO,existing_current_table7,3,7,4,100,20,ON,0.1,1,0,0,0,45.570412,51.306313,0.754501,21.7369,23.0573,0.9427,0.804528,0.733368,2,0.869913,0.779524,0.278915,0.8693,1.4801,3.16,12,0.263333,19ad2a05254c5a4068780dbb6d5c6168c918c5dbf709f1202af4c5deba82c85c,6ab462282254dde9da98b27b25c83d9d362b1a8c,2053082647b037e2c23c1d0b3c528202c2b892aecd3bc3cb1bd0b0efe58606c8
abl__mixed_complex__Full_CA-GAT-MAPPO__seed3__ep08,mixed_complex_component_ablation,mixed_complex,Full CA-GAT-MAPPO,existing_current_table7,3,8,4,100,20,ON,0.1,1,0,0,0,43.939814,48.55573,0.837419,21.39,23.1151,0.9254,0.804077,0.684031,1,0.773911,0.834187,0.256217,0.7132,1.5057,1.65,12,0.1375,19ad2a05254c5a4068780dbb6d5c6168c918c5dbf709f1202af4c5deba82c85c,6ab462282254dde9da98b27b25c83d9d362b1a8c,2053082647b037e2c23c1d0b3c528202c2b892aecd3bc3cb1bd0b0efe58606c8
abl__mixed_complex__Full_CA-GAT-MAPPO__seed3__ep09,mixed_complex_component_ablation,mixed_complex,Full CA-GAT-MAPPO,existing_current_table7,3,9,4,100,20,ON,0.1,1,0,0,0,45.916039,51.25026,0.686916,21.2271,23.0576,0.9206,0.783329,0.712141,1,0.810731,0.809194,0.264647,0.9205,1.5074,2.06,12,0.171667,19ad2a05254c5a4068780dbb6d5c6168c918c5dbf709f1202af4c5deba82c85c,6ab462282254dde9da98b27b25c83d9d362b1a8c,2053082647b037e2c23c1d0b3c528202c2b892aecd3bc3cb1bd0b0efe58606c8
abl__mixed_complex__Full_CA-GAT-MAPPO__seed4__ep00,mixed_complex_component_ablation,mixed_complex,Full CA-GAT-MAPPO,existing_current_table7,4,0,4,100,20,ON,0.1,1,0,0,0,45.008303,48.347036,0.77552,21.7372,23.0526,0.9429,0.799522,0.71576,1,0.824001,0.770167,0.255264,0.9066,1.5944,3.46,12,0.288333,31d0c6720f718536c14b34deda7bbeb7992c32178499a5d207b6ba3cf2ffbb68,6ab462282254dde9da98b27b25c83d9d362b1a8c,2053082647b037e2c23c1d0b3c528202c2b892aecd3bc3cb1bd0b0efe58606c8
abl__mixed_complex__Full_CA-GAT-MAPPO__seed4__ep01,mixed_complex_component_ablation,mixed_complex,Full CA-GAT-MAPPO,existing_current_table7,4,1,4,100,20,ON,0.1,1,0,0,0,47.088284,54.125931,0.557701,21.7204,23.0529,0.9422,0.777288,0.711793,1,0.861521,0.839873,0.256361,0.8776,1.329,2.81,12,0.234167,31d0c6720f718536c14b34deda7bbeb7992c32178499a5d207b6ba3cf2ffbb68,6ab462282254dde9da98b27b25c83d9d362b1a8c,2053082647b037e2c23c1d0b3c528202c2b892aecd3bc3cb1bd0b0efe58606c8
abl__mixed_complex__Full_CA-GAT-MAPPO__seed4__ep02,mixed_complex_component_ablation,mixed_complex,Full CA-GAT-MAPPO,existing_current_table7,4,2,4,100,20,ON,0.1,1,0,0,0,44.702536,47.898984,0.569803,21.6609,22.9904,0.9422,0.774806,0.687802,1,0.814381,0.782644,0.280388,0.888,1.5593,2.64,12,0.22,31d0c6720f718536c14b34deda7bbeb7992c32178499a5d207b6ba3cf2ffbb68,6ab462282254dde9da98b27b25c83d9d362b1a8c,2053082647b037e2c23c1d0b3c528202c2b892aecd3bc3cb1bd0b0efe58606c8
abl__mixed_complex__Full_CA-GAT-MAPPO__seed4__ep03,mixed_complex_component_ablation,mixed_complex,Full CA-GAT-MAPPO,existing_current_table7,4,3,4,100,20,ON,0.1,1,0,0,0,43.926047,49.336249,0.698384,21.2662,23.0141,0.924,0.772571,0.697585,1,0.864587,0.838432,0.234093,0.7772,1.3509,3.08,12,0.256667,31d0c6720f718536c14b34deda7bbeb7992c32178499a5d207b6ba3cf2ffbb68,6ab462282254dde9da98b27b25c83d9d362b1a8c,2053082647b037e2c23c1d0b3c528202c2b892aecd3bc3cb1bd0b0efe58606c8
abl__mixed_complex__Full_CA-GAT-MAPPO__seed4__ep04,mixed_complex_component_ablation,mixed_complex,Full CA-GAT-MAPPO,existing_current_table7,4,4,4,100,20,ON,0.1,1,0,0,0,46.046716,48.772075,0.73367,21.6236,22.7771,0.9494,0.789466,0.73893,0,0.875302,0.83152,0.274363,0.713,1.5069,2,12,0.166667,31d0c6720f718536c14b34deda7bbeb7992c32178499a5d207b6ba3cf2ffbb68,6ab462282254dde9da98b27b25c83d9d362b1a8c,2053082647b037e2c23c1d0b3c528202c2b892aecd3bc3cb1bd0b0efe58606c8
abl__mixed_complex__Full_CA-GAT-MAPPO__seed4__ep05,mixed_complex_component_ablation,mixed_complex,Full CA-GAT-MAPPO,existing_current_table7,4,5,4,100,20,ON,0.1,1,0,0,0,46.149936,50.222145,0.779876,21.3251,23.0095,0.9268,0.790439,0.732834,1,0.861903,0.824278,0.24727,0.8287,1.6955,2.09,12,0.174167,31d0c6720f718536c14b34deda7bbeb7992c32178499a5d207b6ba3cf2ffbb68,6ab462282254dde9da98b27b25c83d9d362b1a8c,2053082647b037e2c23c1d0b3c528202c2b892aecd3bc3cb1bd0b0efe58606c8
abl__mixed_complex__Full_CA-GAT-MAPPO__seed4__ep06,mixed_complex_component_ablation,mixed_complex,Full CA-GAT-MAPPO,existing_current_table7,4,6,4,100,20,ON,0.1,1,0,0,0,41.152736,50.42739,0.706395,21.3617,23.0576,0.9264,0.790054,0.735958,0,0.796623,0.773354,0.270125,0.7422,1.4282,1.84,12,0.153333,31d0c6720f718536c14b34deda7bbeb7992c32178499a5d207b6ba3cf2ffbb68,6ab462282254dde9da98b27b25c83d9d362b1a8c,2053082647b037e2c23c1d0b3c528202c2b892aecd3bc3cb1bd0b0efe58606c8
abl__mixed_complex__Full_CA-GAT-MAPPO__seed4__ep07,mixed_complex_component_ablation,mixed_complex,Full CA-GAT-MAPPO,existing_current_table7,4,7,4,100,20,ON,0.1,1,0,0,0,45.444708,46.863146,0.892082,21.2999,23.2011,0.9181,0.791249,0.714954,0,0.779078,0.833958,0.303122,0.8893,1.3722,2.94,12,0.245,31d0c6720f718536c14b34deda7bbeb7992c32178499a5d207b6ba3cf2ffbb68,6ab462282254dde9da98b27b25c83d9d362b1a8c,2053082647b037e2c23c1d0b3c528202c2b892aecd3bc3cb1bd0b0efe58606c8
abl__mixed_complex__Full_CA-GAT-MAPPO__seed4__ep08,mixed_complex_component_ablation,mixed_complex,Full CA-GAT-MAPPO,existing_current_table7,4,8,4,100,20,ON,0.1,1,0,0,0,47.103375,50.167676,0.508651,21.7586,23.0716,0.9431,0.760838,0.6948,1,0.874563,0.787864,0.290671,0.8989,1.6153,2.72,12,0.226667,31d0c6720f718536c14b34deda7bbeb7992c32178499a5d207b6ba3cf2ffbb68,6ab462282254dde9da98b27b25c83d9d362b1a8c,2053082647b037e2c23c1d0b3c528202c2b892aecd3bc3cb1bd0b0efe58606c8
abl__mixed_complex__Full_CA-GAT-MAPPO__seed4__ep09,mixed_complex_component_ablation,mixed_complex,Full CA-GAT-MAPPO,existing_current_table7,4,9,4,100,20,ON,0.1,1,0,0,0,45.276266,50.231619,0.776215,21.4454,23.1342,0.927,0.785369,0.708399,1,0.834486,0.79242,0.262401,0.9168,1.6376,2.66,12,0.221667,31d0c6720f718536c14b34deda7bbeb7992c32178499a5d207b6ba3cf2ffbb68,6ab462282254dde9da98b27b25c83d9d362b1a8c,2053082647b037e2c23c1d0b3c528202c2b892aecd3bc3cb1bd0b0efe58606c8
abl__mixed_complex__Full_CA-GAT-MAPPO__seed5__ep00,mixed_complex_component_ablation,mixed_complex,Full CA-GAT-MAPPO,existing_current_table7,5,0,4,100,20,ON,0.1,1,0,0,0,45.441116,49.233471,0.928504,21.5678,23.1966,0.9298,0.800578,0.682224,1,0.886291,0.76843,0.265163,0.8735,1.3044,3.17,12,0.264167,d9e0b56484e310b00779a09868dd76529d3b5885ee3b2e5839ed215b7f1d393d,6ab462282254dde9da98b27b25c83d9d362b1a8c,2053082647b037e2c23c1d0b3c528202c2b892aecd3bc3cb1bd0b0efe58606c8
abl__mixed_complex__Full_CA-GAT-MAPPO__seed5__ep01,mixed_complex_component_ablation,mixed_complex,Full CA-GAT-MAPPO,existing_current_table7,5,1,4,100,20,ON,0.1,1,0,0,0,45.301272,49.016261,0.761674,21.2825,23.1154,0.9207,0.791315,0.725517,1,0.811697,0.814808,0.274904,0.7486,1.4268,1.89,12,0.1575,d9e0b56484e310b00779a09868dd76529d3b5885ee3b2e5839ed215b7f1d393d,6ab462282254dde9da98b27b25c83d9d362b1a8c,2053082647b037e2c23c1d0b3c528202c2b892aecd3bc3cb1bd0b0efe58606c8
abl__mixed_complex__Full_CA-GAT-MAPPO__seed5__ep02,mixed_complex_component_ablation,mixed_complex,Full CA-GAT-MAPPO,existing_current_table7,5,2,4,100,20,ON,0.1,1,0,0,0,47.12719,47.768982,0.951693,21.7542,23.0527,0.9437,0.813725,0.743835,1,0.861155,0.806548,0.295125,0.9696,1.3948,3.02,12,0.251667,d9e0b56484e310b00779a09868dd76529d3b5885ee3b2e5839ed215b7f1d393d,6ab462282254dde9da98b27b25c83d9d362b1a8c,2053082647b037e2c23c1d0b3c528202c2b892aecd3bc3cb1bd0b0efe58606c8
abl__mixed_complex__Full_CA-GAT-MAPPO__seed5__ep03,mixed_complex_component_ablation,mixed_complex,Full CA-GAT-MAPPO,existing_current_table7,5,3,4,100,20,ON,0.1,1,0,0,0,44.405938,51.01643,0.810542,21.3298,22.9467,0.9295,0.790466,0.743315,1,0.843042,0.834936,0.300501,0.7953,1.3783,2.02,12,0.168333,d9e0b56484e310b00779a09868dd76529d3b5885ee3b2e5839ed215b7f1d393d,6ab462282254dde9da98b27b25c83d9d362b1a8c,2053082647b037e2c23c1d0b3c528202c2b892aecd3bc3cb1bd0b0efe58606c8
abl__mixed_complex__Full_CA-GAT-MAPPO__seed5__ep04,mixed_complex_component_ablation,mixed_complex,Full CA-GAT-MAPPO,existing_current_table7,5,4,4,100,20,ON,0.1,1,0,0,0,49.185098,50.787473,0.744559,21.3227,23.1198,0.9223,0.79062,0.749724,1,0.831305,0.834,0.258288,0.7831,1.4746,2.06,12,0.171667,d9e0b56484e310b00779a09868dd76529d3b5885ee3b2e5839ed215b7f1d393d,6ab462282254dde9da98b27b25c83d9d362b1a8c,2053082647b037e2c23c1d0b3c528202c2b892aecd3bc3cb1bd0b0efe58606c8
abl__mixed_complex__Full_CA-GAT-MAPPO__seed5__ep05,mixed_complex_component_ablation,mixed_complex,Full CA-GAT-MAPPO,existing_current_table7,5,5,4,100,20,ON,0.1,1,0,0,0,47.669441,48.516083,0.914008,21.443,22.9279,0.9352,0.794528,0.704726,1,0.892262,0.785719,0.306175,0.71,1.6474,2.73,12,0.2275,d9e0b56484e310b00779a09868dd76529d3b5885ee3b2e5839ed215b7f1d393d,6ab462282254dde9da98b27b25c83d9d362b1a8c,2053082647b037e2c23c1d0b3c528202c2b892aecd3bc3cb1bd0b0efe58606c8
abl__mixed_complex__Full_CA-GAT-MAPPO__seed5__ep06,mixed_complex_component_ablation,mixed_complex,Full CA-GAT-MAPPO,existing_current_table7,5,6,4,100,20,ON,0.1,1,0,0,0,47.277993,48.297531,0.91821,21.3419,23.1342,0.9225,0.803702,0.753292,1,0.811177,0.778488,0.269742,0.7525,1.5445,1.76,12,0.146667,d9e0b56484e310b00779a09868dd76529d3b5885ee3b2e5839ed215b7f1d393d,6ab462282254dde9da98b27b25c83d9d362b1a8c,2053082647b037e2c23c1d0b3c528202c2b892aecd3bc3cb1bd0b0efe58606c8
abl__mixed_complex__Full_CA-GAT-MAPPO__seed5__ep07,mixed_complex_component_ablation,mixed_complex,Full CA-GAT-MAPPO,existing_current_table7,5,7,4,100,20,ON,0.1,1,0,0,0,44.764884,48.982364,0.805706,21.3316,23.2401,0.9179,0.797565,0.758047,1,0.801603,0.802401,0.28267,0.8031,1.6213,3.45,12,0.2875,d9e0b56484e310b00779a09868dd76529d3b5885ee3b2e5839ed215b7f1d393d,6ab462282254dde9da98b27b25c83d9d362b1a8c,2053082647b037e2c23c1d0b3c528202c2b892aecd3bc3cb1bd0b0efe58606c8
abl__mixed_complex__Full_CA-GAT-MAPPO__seed5__ep08,mixed_complex_component_ablation,mixed_complex,Full CA-GAT-MAPPO,existing_current_table7,5,8,4,100,20,ON,0.1,1,0,0,0,46.073405,48.01957,0.864317,21.5337,23.2445,0.9264,0.788523,0.723088,1,0.85736,0.794895,0.274521,0.9361,1.6453,1.74,12,0.145,d9e0b56484e310b00779a09868dd76529d3b5885ee3b2e5839ed215b7f1d393d,6ab462282254dde9da98b27b25c83d9d362b1a8c,2053082647b037e2c23c1d0b3c528202c2b892aecd3bc3cb1bd0b0efe58606c8
abl__mixed_complex__Full_CA-GAT-MAPPO__seed5__ep09,mixed_complex_component_ablation,mixed_complex,Full CA-GAT-MAPPO,existing_current_table7,5,9,4,100,20,ON,0.1,1,0,0,0,47.76793,50.49654,0.770632,21.3386,22.7817,0.9367,0.782925,0.712584,1,0.822977,0.787624,0.255416,0.8234,1.4863,2.6,12,0.216667,d9e0b56484e310b00779a09868dd76529d3b5885ee3b2e5839ed215b7f1d393d,6ab462282254dde9da98b27b25c83d9d362b1a8c,2053082647b037e2c23c1d0b3c528202c2b892aecd3bc3cb1bd0b0efe58606c8
abl__mixed_complex__Full_CA-GAT-MAPPO__seed6__ep00,mixed_complex_component_ablation,mixed_complex,Full CA-GAT-MAPPO,existing_current_table7,6,0,4,100,20,ON,0.1,1,0,0,0,42.878664,46.685081,0.767205,21.556,22.9018,0.9412,0.797132,0.740637,1,0.815988,0.804683,0.279932,0.8914,1.4566,3.2,12,0.266667,8b06c0f56f2438ca92613153a8e659edc4e6b218810389bf614bf9f9051a7949,6ab462282254dde9da98b27b25c83d9d362b1a8c,2053082647b037e2c23c1d0b3c528202c2b892aecd3bc3cb1bd0b0efe58606c8
abl__mixed_complex__Full_CA-GAT-MAPPO__seed6__ep01,mixed_complex_component_ablation,mixed_complex,Full CA-GAT-MAPPO,existing_current_table7,6,1,4,100,20,ON,0.1,1,0,0,0,49.017882,49.061929,0.745144,21.7466,23.0095,0.9451,0.796353,0.758742,0,0.78498,0.817868,0.262017,0.7095,1.4786,3.39,12,0.2825,8b06c0f56f2438ca92613153a8e659edc4e6b218810389bf614bf9f9051a7949,6ab462282254dde9da98b27b25c83d9d362b1a8c,2053082647b037e2c23c1d0b3c528202c2b892aecd3bc3cb1bd0b0efe58606c8
abl__mixed_complex__Full_CA-GAT-MAPPO__seed6__ep02,mixed_complex_component_ablation,mixed_complex,Full CA-GAT-MAPPO,existing_current_table7,6,2,4,100,20,ON,0.1,1,0,0,0,45.48325,46.766761,0.79603,21.284,23.1777,0.9183,0.796231,0.738107,0,0.821028,0.835976,0.317393,0.9118,1.4998,2.61,12,0.2175,8b06c0f56f2438ca92613153a8e659edc4e6b218810389bf614bf9f9051a7949,6ab462282254dde9da98b27b25c83d9d362b1a8c,2053082647b037e2c23c1d0b3c528202c2b892aecd3bc3cb1bd0b0efe58606c8
abl__mixed_complex__Full_CA-GAT-MAPPO__seed6__ep03,mixed_complex_component_ablation,mixed_complex,Full CA-GAT-MAPPO,existing_current_table7,6,3,4,100,20,ON,0.1,1,0,0,0,49.544095,49.979084,0.860119,21.2682,22.9692,0.9259,0.779025,0.704876,1,0.774001,0.806634,0.297665,0.8072,1.3073,3.19,12,0.265833,8b06c0f56f2438ca92613153a8e659edc4e6b218810389bf614bf9f9051a7949,6ab462282254dde9da98b27b25c83d9d362b1a8c,2053082647b037e2c23c1d0b3c528202c2b892aecd3bc3cb1bd0b0efe58606c8
abl__mixed_complex__Full_CA-GAT-MAPPO__seed6__ep04,mixed_complex_component_ablation,mixed_complex,Full CA-GAT-MAPPO,existing_current_table7,6,4,4,100,20,ON,0.1,1,0,0,0,45.269196,46.200884,0.837261,21.7439,22.8654,0.951,0.796658,0.757798,0,0.834869,0.83036,0.286473,0.7164,1.3122,2.57,12,0.214167,8b06c0f56f2438ca92613153a8e659edc4e6b218810389bf614bf9f9051a7949,6ab462282254dde9da98b27b25c83d9d362b1a8c,2053082647b037e2c23c1d0b3c528202c2b892aecd3bc3cb1bd0b0efe58606c8
abl__mixed_complex__Full_CA-GAT-MAPPO__seed6__ep05,mixed_complex_component_ablation,mixed_complex,Full CA-GAT-MAPPO,existing_current_table7,6,5,4,100,20,ON,0.1,1,0,0,0,47.807319,49.178857,0.63439,21.625,23.1342,0.9348,0.777049,0.74648,1,0.790652,0.762593,0.25926,0.9745,1.4427,2.49,12,0.2075,8b06c0f56f2438ca92613153a8e659edc4e6b218810389bf614bf9f9051a7949,6ab462282254dde9da98b27b25c83d9d362b1a8c,2053082647b037e2c23c1d0b3c528202c2b892aecd3bc3cb1bd0b0efe58606c8
abl__mixed_complex__Full_CA-GAT-MAPPO__seed6__ep06,mixed_complex_component_ablation,mixed_complex,Full CA-GAT-MAPPO,existing_current_table7,6,6,4,100,20,ON,0.1,1,0,0,0,45.997688,46.237099,0.791499,21.461,23.1777,0.9259,0.783259,0.755497,0,0.83257,0.819915,0.264751,0.8891,1.6543,1.96,12,0.163333,8b06c0f56f2438ca92613153a8e659edc4e6b218810389bf614bf9f9051a7949,6ab462282254dde9da98b27b25c83d9d362b1a8c,2053082647b037e2c23c1d0b3c528202c2b892aecd3bc3cb1bd0b0efe58606c8
abl__mixed_complex__Full_CA-GAT-MAPPO__seed6__ep07,mixed_complex_component_ablation,mixed_complex,Full CA-GAT-MAPPO,existing_current_table7,6,7,4,100,20,ON,0.1,1,0,0,0,46.828122,49.553809,0.746609,21.2243,22.822,0.93,0.779374,0.685501,1,0.849951,0.767709,0.294326,0.9481,1.4684,1.77,12,0.1475,8b06c0f56f2438ca92613153a8e659edc4e6b218810389bf614bf9f9051a7949,6ab462282254dde9da98b27b25c83d9d362b1a8c,2053082647b037e2c23c1d0b3c528202c2b892aecd3bc3cb1bd0b0efe58606c8
abl__mixed_complex__Full_CA-GAT-MAPPO__seed6__ep08,mixed_complex_component_ablation,mixed_complex,Full CA-GAT-MAPPO,existing_current_table7,6,8,4,100,20,ON,0.1,1,0,0,0,46.591765,48.705757,0.958648,21.4548,23.1342,0.9274,0.794949,0.688364,1,0.835986,0.801479,0.294747,0.9209,1.3143,2.94,12,0.245,8b06c0f56f2438ca92613153a8e659edc4e6b218810389bf614bf9f9051a7949,6ab462282254dde9da98b27b25c83d9d362b1a8c,2053082647b037e2c23c1d0b3c528202c2b892aecd3bc3cb1bd0b0efe58606c8
abl__mixed_complex__Full_CA-GAT-MAPPO__seed6__ep09,mixed_complex_component_ablation,mixed_complex,Full CA-GAT-MAPPO,existing_current_table7,6,9,4,100,20,ON,0.1,1,0,0,0,46.982823,47.493502,1.012743,21.2138,23.1195,0.9176,0.773628,0.699671,1,0.831922,0.762609,0.282114,0.8752,1.6369,3,12,0.25,8b06c0f56f2438ca92613153a8e659edc4e6b218810389bf614bf9f9051a7949,6ab462282254dde9da98b27b25c83d9d362b1a8c,2053082647b037e2c23c1d0b3c528202c2b892aecd3bc3cb1bd0b0efe58606c8
abl__mixed_complex__Full_CA-GAT-MAPPO__seed7__ep00,mixed_complex_component_ablation,mixed_complex,Full CA-GAT-MAPPO,existing_current_table7,7,0,4,100,20,ON,0.1,1,0,0,0,44.650453,48.394229,0.56234,21.3351,22.9279,0.9305,0.791617,0.727369,0,0.773797,0.796401,0.268469,0.8821,1.576,1.65,12,0.1375,7cde29d0339dd73906068ccb271c142570ac36528267b5b59cd13a43424eab56,6ab462282254dde9da98b27b25c83d9d362b1a8c,2053082647b037e2c23c1d0b3c528202c2b892aecd3bc3cb1bd0b0efe58606c8
abl__mixed_complex__Full_CA-GAT-MAPPO__seed7__ep01,mixed_complex_component_ablation,mixed_complex,Full CA-GAT-MAPPO,existing_current_table7,7,1,4,100,20,ON,0.1,1,0,0,0,47.494625,48.374229,0.568713,21.6534,23.0095,0.9411,0.813777,0.68356,1,0.878645,0.819794,0.25276,0.7981,1.4909,2.46,12,0.205,7cde29d0339dd73906068ccb271c142570ac36528267b5b59cd13a43424eab56,6ab462282254dde9da98b27b25c83d9d362b1a8c,2053082647b037e2c23c1d0b3c528202c2b892aecd3bc3cb1bd0b0efe58606c8
abl__mixed_complex__Full_CA-GAT-MAPPO__seed7__ep02,mixed_complex_component_ablation,mixed_complex,Full CA-GAT-MAPPO,existing_current_table7,7,2,4,100,20,ON,0.1,1,0,0,0,42.048529,48.384229,0.500151,21.45,23.0893,0.929,0.808999,0.741546,1,0.7995,0.83121,0.267445,0.9431,1.6985,1.92,12,0.16,7cde29d0339dd73906068ccb271c142570ac36528267b5b59cd13a43424eab56,6ab462282254dde9da98b27b25c83d9d362b1a8c,2053082647b037e2c23c1d0b3c528202c2b892aecd3bc3cb1bd0b0efe58606c8
abl__mixed_complex__Full_CA-GAT-MAPPO__seed7__ep03,mixed_complex_component_ablation,mixed_complex,Full CA-GAT-MAPPO,existing_current_table7,7,3,4,100,20,ON,0.1,1,0,0,0,44.305171,48.384229,0.452106,21.2346,23.0576,0.9209,0.807707,0.694583,0,0.767854,0.835577,0.286463,0.9474,1.3495,2.79,12,0.2325,7cde29d0339dd73906068ccb271c142570ac36528267b5b59cd13a43424eab56,6ab462282254dde9da98b27b25c83d9d362b1a8c,2053082647b037e2c23c1d0b3c528202c2b892aecd3bc3cb1bd0b0efe58606c8
abl__mixed_complex__Full_CA-GAT-MAPPO__seed7__ep04,mixed_complex_component_ablation,mixed_complex,Full CA-GAT-MAPPO,existing_current_table7,7,4,4,100,20,ON,0.1,1,0,0,0,46.705157,48.384229,0.451137,21.557,23.1777,0.9301,0.789951,0.726685,1,0.760875,0.829145,0.278333,0.9539,1.5406,2.71,12,0.225833,7cde29d0339dd73906068ccb271c142570ac36528267b5b59cd13a43424eab56,6ab462282254dde9da98b27b25c83d9d362b1a8c,2053082647b037e2c23c1d0b3c528202c2b892aecd3bc3cb1bd0b0efe58606c8
abl__mixed_complex__Full_CA-GAT-MAPPO__seed7__ep05,mixed_complex_component_ablation,mixed_complex,Full CA-GAT-MAPPO,existing_current_table7,7,5,4,100,20,ON,0.1,1,0,0,0,42.764619,48.384229,0.54326,21.6755,23.0716,0.9395,0.812235,0.756085,0,0.798848,0.830063,0.289962,0.7359,1.6016,1.83,12,0.1525,7cde29d0339dd73906068ccb271c142570ac36528267b5b59cd13a43424eab56,6ab462282254dde9da98b27b25c83d9d362b1a8c,2053082647b037e2c23c1d0b3c528202c2b892aecd3bc3cb1bd0b0efe58606c8
abl__mixed_complex__Full_CA-GAT-MAPPO__seed7__ep06,mixed_complex_component_ablation,mixed_complex,Full CA-GAT-MAPPO,existing_current_table7,7,6,4,100,20,ON,0.1,1,0,0,0,46.22185,48.384229,0.532817,21.2252,23.0095,0.9225,0.800611,0.726846,1,0.784302,0.784172,0.277096,0.9395,1.4534,2.99,12,0.249167,7cde29d0339dd73906068ccb271c142570ac36528267b5b59cd13a43424eab56,6ab462282254dde9da98b27b25c83d9d362b1a8c,2053082647b037e2c23c1d0b3c528202c2b892aecd3bc3cb1bd0b0efe58606c8
abl__mixed_complex__Full_CA-GAT-MAPPO__seed7__ep07,mixed_complex_component_ablation,mixed_complex,Full CA-GAT-MAPPO,existing_current_table7,7,7,4,100,20,ON,0.1,1,0,0,0,47.959752,48.384229,0.466208,21.3142,22.9467,0.9289,0.798002,0.73897,1,0.84145,0.761378,0.26809,0.7735,1.3375,1.76,12,0.146667,7cde29d0339dd73906068ccb271c142570ac36528267b5b59cd13a43424eab56,6ab462282254dde9da98b27b25c83d9d362b1a8c,2053082647b037e2c23c1d0b3c528202c2b892aecd3bc3cb1bd0b0efe58606c8
abl__mixed_complex__Full_CA-GAT-MAPPO__seed7__ep08,mixed_complex_component_ablation,mixed_complex,Full CA-GAT-MAPPO,existing_current_table7,7,8,4,100,20,ON,0.1,1,0,0,0,44.753552,48.384229,0.522005,21.3774,23.1823,0.9221,0.800175,0.720485,0,0.845401,0.801457,0.263221,0.7904,1.4834,2.24,12,0.186667,7cde29d0339dd73906068ccb271c142570ac36528267b5b59cd13a43424eab56,6ab462282254dde9da98b27b25c83d9d362b1a8c,2053082647b037e2c23c1d0b3c528202c2b892aecd3bc3cb1bd0b0efe58606c8
abl__mixed_complex__Full_CA-GAT-MAPPO__seed7__ep09,mixed_complex_component_ablation,mixed_complex,Full CA-GAT-MAPPO,existing_current_table7,7,9,4,100,20,ON,0.1,1,0,0,0,46.885598,48.384229,0.646443,21.6628,22.9642,0.9433,0.782408,0.68881,0,0.833327,0.770751,0.254238,0.8572,1.562,2.74,12,0.228333,7cde29d0339dd73906068ccb271c142570ac36528267b5b59cd13a43424eab56,6ab462282254dde9da98b27b25c83d9d362b1a8c,2053082647b037e2c23c1d0b3c528202c2b892aecd3bc3cb1bd0b0efe58606c8
abl__mixed_complex__Fully-connected_GAT__seed0__ep00,mixed_complex_component_ablation,mixed_complex,Fully-connected GAT,new_required_mechanism_control,0,0,4,100,20,ON,0.1,1,0,0,0,46.651768,48.853121,0.869743,21.351682,23.0091,0.928,0.787566,0.705605,1,0.7996,0.84743,0.290848,0.8788,1.5534,1.7253,12,0.143775,6907d5427709b680225b175e83d5104612d6abe26c3a731ed19a925da7c082a2,6ab462282254dde9da98b27b25c83d9d362b1a8c,9062f5badcdc74ac04453a1a10003a67861b87c5d04323ae551cb9966d40024c
abl__mixed_complex__Fully-connected_GAT__seed0__ep01,mixed_complex_component_ablation,mixed_complex,Fully-connected GAT,new_required_mechanism_control,0,1,4,100,20,ON,0.1,1,0,0,0,47.508645,49.86511,0.880902,21.915822,23.1342,0.9473,0.786883,0.772885,1,0.793605,0.836161,0.287893,0.8006,1.4824,1.7663,12,0.147192,6907d5427709b680225b175e83d5104612d6abe26c3a731ed19a925da7c082a2,6ab462282254dde9da98b27b25c83d9d362b1a8c,9062f5badcdc74ac04453a1a10003a67861b87c5d04323ae551cb9966d40024c
abl__mixed_complex__Fully-connected_GAT__seed0__ep02,mixed_complex_component_ablation,mixed_complex,Fully-connected GAT,new_required_mechanism_control,0,2,4,100,20,ON,0.1,1,0,0,0,46.874174,48.626526,0.826232,21.443977,22.9326,0.9351,0.788222,0.728608,1,0.817604,0.852878,0.293986,0.7688,1.3972,1.8159,12,0.151325,6907d5427709b680225b175e83d5104612d6abe26c3a731ed19a925da7c082a2,6ab462282254dde9da98b27b25c83d9d362b1a8c,9062f5badcdc74ac04453a1a10003a67861b87c5d04323ae551cb9966d40024c
abl__mixed_complex__Fully-connected_GAT__seed0__ep03,mixed_complex_component_ablation,mixed_complex,Fully-connected GAT,new_required_mechanism_control,0,3,4,100,20,ON,0.1,1,0,0,0,45.04682,47.390882,0.897581,21.158825,23.0527,0.9178,0.781873,0.780223,0,0.830896,0.872057,0.284206,0.955,1.47,1.8414,12,0.15345,6907d5427709b680225b175e83d5104612d6abe26c3a731ed19a925da7c082a2,6ab462282254dde9da98b27b25c83d9d362b1a8c,9062f5badcdc74ac04453a1a10003a67861b87c5d04323ae551cb9966d40024c
abl__mixed_complex__Fully-connected_GAT__seed0__ep04,mixed_complex_component_ablation,mixed_complex,Fully-connected GAT,new_required_mechanism_control,0,4,4,100,20,ON,0.1,1,0,0,0,49.627237,51.455452,0.789948,21.102238,23.1777,0.9105,0.783757,0.761626,0,0.795851,0.877438,0.28678,0.8382,1.3438,2.1307,12,0.177558,6907d5427709b680225b175e83d5104612d6abe26c3a731ed19a925da7c082a2,6ab462282254dde9da98b27b25c83d9d362b1a8c,9062f5badcdc74ac04453a1a10003a67861b87c5d04323ae551cb9966d40024c
abl__mixed_complex__Fully-connected_GAT__seed0__ep05,mixed_complex_component_ablation,mixed_complex,Fully-connected GAT,new_required_mechanism_control,0,5,4,100,20,ON,0.1,1,0,0,0,47.590254,50.152381,0.735376,21.217185,23.1388,0.917,0.790068,0.773697,1,0.800211,0.859351,0.291007,0.7744,1.5509,1.9084,12,0.159033,6907d5427709b680225b175e83d5104612d6abe26c3a731ed19a925da7c082a2,6ab462282254dde9da98b27b25c83d9d362b1a8c,9062f5badcdc74ac04453a1a10003a67861b87c5d04323ae551cb9966d40024c
abl__mixed_complex__Fully-connected_GAT__seed0__ep06,mixed_complex_component_ablation,mixed_complex,Fully-connected GAT,new_required_mechanism_control,0,6,4,100,20,ON,0.1,1,0,0,0,46.12132,48.331839,0.776556,21.883333,22.9948,0.9517,0.785446,0.787668,1,0.812785,0.862051,0.281348,0.7361,1.5107,1.7988,12,0.1499,6907d5427709b680225b175e83d5104612d6abe26c3a731ed19a925da7c082a2,6ab462282254dde9da98b27b25c83d9d362b1a8c,9062f5badcdc74ac04453a1a10003a67861b87c5d04323ae551cb9966d40024c
abl__mixed_complex__Fully-connected_GAT__seed0__ep07,mixed_complex_component_ablation,mixed_complex,Fully-connected GAT,new_required_mechanism_control,0,7,4,100,20,ON,0.1,1,0,0,0,44.709013,46.825092,0.784904,21.916375,23.0529,0.9507,0.788465,0.717927,0,0.804394,0.857723,0.289627,0.8694,1.3512,1.5565,12,0.129708,6907d5427709b680225b175e83d5104612d6abe26c3a731ed19a925da7c082a2,6ab462282254dde9da98b27b25c83d9d362b1a8c,9062f5badcdc74ac04453a1a10003a67861b87c5d04323ae551cb9966d40024c
abl__mixed_complex__Fully-connected_GAT__seed0__ep08,mixed_complex_component_ablation,mixed_complex,Fully-connected GAT,new_required_mechanism_control,0,8,4,100,20,ON,0.1,1,0,0,0,47.190988,48.868099,0.798895,21.65405,22.9902,0.9419,0.788378,0.742814,1,0.797867,0.862716,0.282862,0.7618,1.3528,1.8511,12,0.154258,6907d5427709b680225b175e83d5104612d6abe26c3a731ed19a925da7c082a2,6ab462282254dde9da98b27b25c83d9d362b1a8c,9062f5badcdc74ac04453a1a10003a67861b87c5d04323ae551cb9966d40024c
abl__mixed_complex__Fully-connected_GAT__seed0__ep09,mixed_complex_component_ablation,mixed_complex,Fully-connected GAT,new_required_mechanism_control,0,9,4,100,20,ON,0.1,1,0,0,0,47.103927,49.272767,0.863646,21.168043,23.0095,0.92,0.786294,0.777818,0,0.809272,0.856522,0.288565,0.984,1.6659,1.9146,12,0.15955,6907d5427709b680225b175e83d5104612d6abe26c3a731ed19a925da7c082a2,6ab462282254dde9da98b27b25c83d9d362b1a8c,9062f5badcdc74ac04453a1a10003a67861b87c5d04323ae551cb9966d40024c
abl__mixed_complex__Fully-connected_GAT__seed1__ep00,mixed_complex_component_ablation,mixed_complex,Fully-connected GAT,new_required_mechanism_control,1,0,4,100,20,ON,0.1,1,0,0,0,46.180354,49.510982,1.204643,20.976934,22.9948,0.9122,0.78846,0.605536,1,0.814699,0.804988,0.313143,0.9953,1.3715,2.1098,12,0.175817,625b60761c892177f8c0f5a45ae622a2f181d33a2f58e8256c5d27d26cdaba14,6ab462282254dde9da98b27b25c83d9d362b1a8c,9062f5badcdc74ac04453a1a10003a67861b87c5d04323ae551cb9966d40024c
abl__mixed_complex__Fully-connected_GAT__seed1__ep01,mixed_complex_component_ablation,mixed_complex,Fully-connected GAT,new_required_mechanism_control,1,1,4,100,20,ON,0.1,1,0,0,0,47.719445,50.918463,1.141075,20.709949,23.1388,0.895,0.795825,0.667334,0,0.810459,0.775339,0.313484,0.9147,1.6464,2.6914,12,0.224283,625b60761c892177f8c0f5a45ae622a2f181d33a2f58e8256c5d27d26cdaba14,6ab462282254dde9da98b27b25c83d9d362b1a8c,9062f5badcdc74ac04453a1a10003a67861b87c5d04323ae551cb9966d40024c
abl__mixed_complex__Fully-connected_GAT__seed1__ep02,mixed_complex_component_ablation,mixed_complex,Fully-connected GAT,new_required_mechanism_control,1,2,4,100,20,ON,0.1,1,0,0,0,45.08933,48.442189,1.122346,21.043083,22.8845,0.9195,0.793088,0.635952,1,0.795741,0.80383,0.323124,0.7715,1.4408,2.4807,12,0.206725,625b60761c892177f8c0f5a45ae622a2f181d33a2f58e8256c5d27d26cdaba14,6ab462282254dde9da98b27b25c83d9d362b1a8c,9062f5badcdc74ac04453a1a10003a67861b87c5d04323ae551cb9966d40024c
abl__mixed_complex__Fully-connected_GAT__seed1__ep03,mixed_complex_component_ablation,mixed_complex,Fully-connected GAT,new_required_mechanism_control,1,3,4,100,20,ON,0.1,1,0,0,0,44.701204,47.934926,1.287076,21.379303,23.1154,0.9249,0.799037,0.663915,0,0.80012,0.806571,0.308962,0.7559,1.6534,2.1966,12,0.18305,625b60761c892177f8c0f5a45ae622a2f181d33a2f58e8256c5d27d26cdaba14,6ab462282254dde9da98b27b25c83d9d362b1a8c,9062f5badcdc74ac04453a1a10003a67861b87c5d04323ae551cb9966d40024c
abl__mixed_complex__Fully-connected_GAT__seed1__ep04,mixed_complex_component_ablation,mixed_complex,Fully-connected GAT,new_required_mechanism_control,1,4,4,100,20,ON,0.1,1,0,0,0,45.348704,48.742333,1.148756,21.377424,22.9467,0.9316,0.790656,0.638235,2,0.808196,0.784165,0.337459,0.9691,1.5815,1.9779,12,0.164825,625b60761c892177f8c0f5a45ae622a2f181d33a2f58e8256c5d27d26cdaba14,6ab462282254dde9da98b27b25c83d9d362b1a8c,9062f5badcdc74ac04453a1a10003a67861b87c5d04323ae551cb9966d40024c
abl__mixed_complex__Fully-connected_GAT__seed1__ep05,mixed_complex_component_ablation,mixed_complex,Fully-connected GAT,new_required_mechanism_control,1,5,4,100,20,ON,0.1,1,0,0,0,45.991617,49.449643,1.177249,21.212706,23.1777,0.9152,0.801576,0.616693,0,0.792257,0.813195,0.300119,0.9663,1.4434,2.1558,12,0.17965,625b60761c892177f8c0f5a45ae622a2f181d33a2f58e8256c5d27d26cdaba14,6ab462282254dde9da98b27b25c83d9d362b1a8c,9062f5badcdc74ac04453a1a10003a67861b87c5d04323ae551cb9966d40024c
abl__mixed_complex__Fully-connected_GAT__seed1__ep06,mixed_complex_component_ablation,mixed_complex,Fully-connected GAT,new_required_mechanism_control,1,6,4,100,20,ON,0.1,1,0,0,0,46.394847,49.789903,1.207242,22.541433,23.1195,0.975,0.797267,0.628186,0,0.807983,0.790686,0.317123,0.9314,1.3452,2.4618,12,0.20515,625b60761c892177f8c0f5a45ae622a2f181d33a2f58e8256c5d27d26cdaba14,6ab462282254dde9da98b27b25c83d9d362b1a8c,9062f5badcdc74ac04453a1a10003a67861b87c5d04323ae551cb9966d40024c
abl__mixed_complex__Fully-connected_GAT__seed1__ep07,mixed_complex_component_ablation,mixed_complex,Fully-connected GAT,new_required_mechanism_control,1,7,4,100,20,ON,0.1,1,0,0,0,46.638745,49.6112,1.17248,21.051334,23.0527,0.9132,0.79272,0.665351,0,0.808849,0.817822,0.323993,0.9008,1.4193,2.3449,12,0.195408,625b60761c892177f8c0f5a45ae622a2f181d33a2f58e8256c5d27d26cdaba14,6ab462282254dde9da98b27b25c83d9d362b1a8c,9062f5badcdc74ac04453a1a10003a67861b87c5d04323ae551cb9966d40024c
abl__mixed_complex__Fully-connected_GAT__seed1__ep08,mixed_complex_component_ablation,mixed_complex,Fully-connected GAT,new_required_mechanism_control,1,8,4,100,20,ON,0.1,1,0,0,0,44.51856,47.683232,1.109604,21.759872,23.2011,0.9379,0.800153,0.661308,0,0.818263,0.786846,0.330498,0.9033,1.3924,2.4499,12,0.204158,625b60761c892177f8c0f5a45ae622a2f181d33a2f58e8256c5d27d26cdaba14,6ab462282254dde9da98b27b25c83d9d362b1a8c,9062f5badcdc74ac04453a1a10003a67861b87c5d04323ae551cb9966d40024c
abl__mixed_complex__Fully-connected_GAT__seed1__ep09,mixed_complex_component_ablation,mixed_complex,Fully-connected GAT,new_required_mechanism_control,1,9,4,100,20,ON,0.1,1,0,0,0,47.521812,50.81149,1.050641,20.970492,23.0529,0.9097,0.804116,0.64982,1,0.821554,0.796667,0.314088,0.9505,1.6524,2.3754,12,0.19795,625b60761c892177f8c0f5a45ae622a2f181d33a2f58e8256c5d27d26cdaba14,6ab462282254dde9da98b27b25c83d9d362b1a8c,9062f5badcdc74ac04453a1a10003a67861b87c5d04323ae551cb9966d40024c
abl__mixed_complex__Fully-connected_GAT__seed2__ep00,mixed_complex_component_ablation,mixed_complex,Fully-connected GAT,new_required_mechanism_control,2,0,4,100,20,ON,0.1,1,0,0,0,47.805885,49.158331,0.786351,20.679294,22.9323,0.9018,0.793888,0.718367,0,0.792438,0.790664,0.325898,0.9685,1.5939,3.3675,12,0.280625,5f471704c6d7db5093ce364f8b7a758649dc879676dad4f4a3b236be7b09a0a7,6ab462282254dde9da98b27b25c83d9d362b1a8c,9062f5badcdc74ac04453a1a10003a67861b87c5d04323ae551cb9966d40024c
abl__mixed_complex__Fully-connected_GAT__seed2__ep01,mixed_complex_component_ablation,mixed_complex,Fully-connected GAT,new_required_mechanism_control,2,1,4,100,20,ON,0.1,1,0,0,0,49.798543,50.922138,0.903271,21.036607,23.0576,0.9123,0.796151,0.695611,0,0.778017,0.783271,0.301683,0.9801,1.4716,3.9367,12,0.328058,5f471704c6d7db5093ce364f8b7a758649dc879676dad4f4a3b236be7b09a0a7,6ab462282254dde9da98b27b25c83d9d362b1a8c,9062f5badcdc74ac04453a1a10003a67861b87c5d04323ae551cb9966d40024c
abl__mixed_complex__Fully-connected_GAT__seed2__ep02,mixed_complex_component_ablation,mixed_complex,Fully-connected GAT,new_required_mechanism_control,2,2,4,100,20,ON,0.1,1,0,0,0,48.916875,50.690693,0.879932,21.564383,22.947,0.9397,0.79912,0.730766,0,0.802996,0.784711,0.301354,0.8808,1.5108,3.3637,12,0.280308,5f471704c6d7db5093ce364f8b7a758649dc879676dad4f4a3b236be7b09a0a7,6ab462282254dde9da98b27b25c83d9d362b1a8c,9062f5badcdc74ac04453a1a10003a67861b87c5d04323ae551cb9966d40024c
abl__mixed_complex__Fully-connected_GAT__seed2__ep03,mixed_complex_component_ablation,mixed_complex,Fully-connected GAT,new_required_mechanism_control,2,3,4,100,20,ON,0.1,1,0,0,0,47.556295,48.909199,0.873961,21.53035,23.1966,0.9282,0.793947,0.70189,0,0.767198,0.780532,0.283225,0.8761,1.5748,2.9355,12,0.244625,5f471704c6d7db5093ce364f8b7a758649dc879676dad4f4a3b236be7b09a0a7,6ab462282254dde9da98b27b25c83d9d362b1a8c,9062f5badcdc74ac04453a1a10003a67861b87c5d04323ae551cb9966d40024c
abl__mixed_complex__Fully-connected_GAT__seed2__ep04,mixed_complex_component_ablation,mixed_complex,Fully-connected GAT,new_required_mechanism_control,2,4,4,100,20,ON,0.1,1,0,0,0,48.819515,50.334567,0.945478,21.168505,22.8654,0.9258,0.786693,0.788508,0,0.796814,0.77357,0.299639,0.9998,1.4155,3.0136,12,0.251133,5f471704c6d7db5093ce364f8b7a758649dc879676dad4f4a3b236be7b09a0a7,6ab462282254dde9da98b27b25c83d9d362b1a8c,9062f5badcdc74ac04453a1a10003a67861b87c5d04323ae551cb9966d40024c
abl__mixed_complex__Fully-connected_GAT__seed2__ep05,mixed_complex_component_ablation,mixed_complex,Fully-connected GAT,new_required_mechanism_control,2,5,4,100,20,ON,0.1,1,0,0,0,47.029577,48.694578,0.838659,21.002893,23.1342,0.9079,0.807713,0.750766,0,0.777433,0.783328,0.304037,0.8261,1.4034,2.6302,12,0.219183,5f471704c6d7db5093ce364f8b7a758649dc879676dad4f4a3b236be7b09a0a7,6ab462282254dde9da98b27b25c83d9d362b1a8c,9062f5badcdc74ac04453a1a10003a67861b87c5d04323ae551cb9966d40024c
abl__mixed_complex__Fully-connected_GAT__seed2__ep06,mixed_complex_component_ablation,mixed_complex,Fully-connected GAT,new_required_mechanism_control,2,6,4,100,20,ON,0.1,1,0,0,0,47.824563,49.45395,0.69522,21.431173,23.1823,0.9245,0.797535,0.71508,0,0.789367,0.768028,0.296843,0.9716,1.419,3.5376,12,0.2948,5f471704c6d7db5093ce364f8b7a758649dc879676dad4f4a3b236be7b09a0a7,6ab462282254dde9da98b27b25c83d9d362b1a8c,9062f5badcdc74ac04453a1a10003a67861b87c5d04323ae551cb9966d40024c
abl__mixed_complex__Fully-connected_GAT__seed2__ep07,mixed_complex_component_ablation,mixed_complex,Fully-connected GAT,new_required_mechanism_control,2,7,4,100,20,ON,0.1,1,0,0,0,50.015589,51.255852,0.845695,20.950857,22.9902,0.9113,0.793836,0.703583,0,0.808749,0.787184,0.31443,0.8667,1.6164,3.1337,12,0.261142,5f471704c6d7db5093ce364f8b7a758649dc879676dad4f4a3b236be7b09a0a7,6ab462282254dde9da98b27b25c83d9d362b1a8c,9062f5badcdc74ac04453a1a10003a67861b87c5d04323ae551cb9966d40024c
abl__mixed_complex__Fully-connected_GAT__seed2__ep08,mixed_complex_component_ablation,mixed_complex,Fully-connected GAT,new_required_mechanism_control,2,8,4,100,20,ON,0.1,1,0,0,0,47.585929,49.111701,0.943133,21.274718,23.0529,0.9229,0.790416,0.697922,0,0.779009,0.758904,0.309626,0.9624,1.6766,3.6943,12,0.307858,5f471704c6d7db5093ce364f8b7a758649dc879676dad4f4a3b236be7b09a0a7,6ab462282254dde9da98b27b25c83d9d362b1a8c,9062f5badcdc74ac04453a1a10003a67861b87c5d04323ae551cb9966d40024c
abl__mixed_complex__Fully-connected_GAT__seed2__ep09,mixed_complex_component_ablation,mixed_complex,Fully-connected GAT,new_required_mechanism_control,2,9,4,100,20,ON,0.1,1,0,0,0,47.466407,48.906354,0.941627,20.868593,23.2401,0.898,0.793287,0.679734,0,0.795487,0.784945,0.298367,0.7068,1.4711,3.8016,12,0.3168,5f471704c6d7db5093ce364f8b7a758649dc879676dad4f4a3b236be7b09a0a7,6ab462282254dde9da98b27b25c83d9d362b1a8c,9062f5badcdc74ac04453a1a10003a67861b87c5d04323ae551cb9966d40024c
abl__mixed_complex__Fully-connected_GAT__seed3__ep00,mixed_complex_component_ablation,mixed_complex,Fully-connected GAT,new_required_mechanism_control,3,0,4,100,20,ON,0.1,1,0,0,0,48.469047,52.977736,0.793031,20.730659,23.1823,0.8942,0.775478,0.72988,2,0.816801,0.752601,0.300497,0.7517,1.4974,2.9337,12,0.244475,a0b34284160998f6a6bfba14d60632f2538fa929bca26bc3fa42002ddc241103,6ab462282254dde9da98b27b25c83d9d362b1a8c,9062f5badcdc74ac04453a1a10003a67861b87c5d04323ae551cb9966d40024c
abl__mixed_complex__Fully-connected_GAT__seed3__ep01,mixed_complex_component_ablation,mixed_complex,Fully-connected GAT,new_required_mechanism_control,3,1,4,100,20,ON,0.1,1,0,0,0,46.292102,50.810876,0.71206,22.067516,22.9467,0.9617,0.783251,0.758361,0,0.795714,0.784278,0.294597,0.8695,1.4579,3.1449,12,0.262075,a0b34284160998f6a6bfba14d60632f2538fa929bca26bc3fa42002ddc241103,6ab462282254dde9da98b27b25c83d9d362b1a8c,9062f5badcdc74ac04453a1a10003a67861b87c5d04323ae551cb9966d40024c
abl__mixed_complex__Fully-connected_GAT__seed3__ep02,mixed_complex_component_ablation,mixed_complex,Fully-connected GAT,new_required_mechanism_control,3,2,4,100,20,ON,0.1,1,0,0,0,45.335445,49.577615,0.810194,21.563316,23.1777,0.9303,0.791362,0.772015,0,0.775427,0.788686,0.298403,0.965,1.4153,2.7144,12,0.2262,a0b34284160998f6a6bfba14d60632f2538fa929bca26bc3fa42002ddc241103,6ab462282254dde9da98b27b25c83d9d362b1a8c,9062f5badcdc74ac04453a1a10003a67861b87c5d04323ae551cb9966d40024c
abl__mixed_complex__Fully-connected_GAT__seed3__ep03,mixed_complex_component_ablation,mixed_complex,Fully-connected GAT,new_required_mechanism_control,3,3,4,100,20,ON,0.1,1,0,0,0,46.042009,50.618792,0.848931,21.760618,23.1388,0.9404,0.789088,0.720394,0,0.793081,0.794531,0.308805,0.9986,1.5738,2.4669,12,0.205575,a0b34284160998f6a6bfba14d60632f2538fa929bca26bc3fa42002ddc241103,6ab462282254dde9da98b27b25c83d9d362b1a8c,9062f5badcdc74ac04453a1a10003a67861b87c5d04323ae551cb9966d40024c
abl__mixed_complex__Fully-connected_GAT__seed3__ep04,mixed_complex_component_ablation,mixed_complex,Fully-connected GAT,new_required_mechanism_control,3,4,4,100,20,ON,0.1,1,0,0,0,48.365997,52.780737,0.813436,21.809086,23.1342,0.9427,0.792115,0.738466,0,0.80382,0.794019,0.311384,0.7096,1.3241,2.9467,12,0.245558,a0b34284160998f6a6bfba14d60632f2538fa929bca26bc3fa42002ddc241103,6ab462282254dde9da98b27b25c83d9d362b1a8c,9062f5badcdc74ac04453a1a10003a67861b87c5d04323ae551cb9966d40024c
abl__mixed_complex__Fully-connected_GAT__seed3__ep05,mixed_complex_component_ablation,mixed_complex,Fully-connected GAT,new_required_mechanism_control,3,5,4,100,20,ON,0.1,1,0,0,0,44.771365,49.205182,0.754268,21.110399,23.0092,0.9175,0.786497,0.708656,0,0.781443,0.773471,0.319299,0.8699,1.3381,2.7721,12,0.231008,a0b34284160998f6a6bfba14d60632f2538fa929bca26bc3fa42002ddc241103,6ab462282254dde9da98b27b25c83d9d362b1a8c,9062f5badcdc74ac04453a1a10003a67861b87c5d04323ae551cb9966d40024c
abl__mixed_complex__Fully-connected_GAT__seed3__ep06,mixed_complex_component_ablation,mixed_complex,Fully-connected GAT,new_required_mechanism_control,3,6,4,100,20,ON,0.1,1,0,0,0,45.630365,50.11244,0.775685,22.305985,23.0719,0.9668,0.788667,0.749104,0,0.798617,0.79921,0.311456,0.9907,1.4405,2.9679,12,0.247325,a0b34284160998f6a6bfba14d60632f2538fa929bca26bc3fa42002ddc241103,6ab462282254dde9da98b27b25c83d9d362b1a8c,9062f5badcdc74ac04453a1a10003a67861b87c5d04323ae551cb9966d40024c
abl__mixed_complex__Fully-connected_GAT__seed3__ep07,mixed_complex_component_ablation,mixed_complex,Fully-connected GAT,new_required_mechanism_control,3,7,4,100,20,ON,0.1,1,0,0,0,48.619231,52.748697,0.74543,20.976281,23.0573,0.9097,0.784123,0.715066,0,0.799089,0.801607,0.316862,0.9907,1.5527,2.6777,12,0.223142,a0b34284160998f6a6bfba14d60632f2538fa929bca26bc3fa42002ddc241103,6ab462282254dde9da98b27b25c83d9d362b1a8c,9062f5badcdc74ac04453a1a10003a67861b87c5d04323ae551cb9966d40024c
abl__mixed_complex__Fully-connected_GAT__seed3__ep08,mixed_complex_component_ablation,mixed_complex,Fully-connected GAT,new_required_mechanism_control,3,8,4,100,20,ON,0.1,1,0,0,0,47.676695,51.555873,0.734603,21.628794,23.1151,0.9357,0.795578,0.781828,0,0.794183,0.77378,0.303761,0.8194,1.3569,2.4794,12,0.206617,a0b34284160998f6a6bfba14d60632f2538fa929bca26bc3fa42002ddc241103,6ab462282254dde9da98b27b25c83d9d362b1a8c,9062f5badcdc74ac04453a1a10003a67861b87c5d04323ae551cb9966d40024c
abl__mixed_complex__Fully-connected_GAT__seed3__ep09,mixed_complex_component_ablation,mixed_complex,Fully-connected GAT,new_required_mechanism_control,3,9,4,100,20,ON,0.1,1,0,0,0,45.351301,49.902311,0.732225,22.105331,23.0576,0.9587,0.791079,0.775249,0,0.795506,0.784888,0.297516,0.8671,1.3662,2.1444,12,0.1787,a0b34284160998f6a6bfba14d60632f2538fa929bca26bc3fa42002ddc241103,6ab462282254dde9da98b27b25c83d9d362b1a8c,9062f5badcdc74ac04453a1a10003a67861b87c5d04323ae551cb9966d40024c
abl__mixed_complex__Fully-connected_GAT__seed4__ep00,mixed_complex_component_ablation,mixed_complex,Fully-connected GAT,new_required_mechanism_control,4,0,4,100,20,ON,0.1,1,0,0,0,47.326873,50.703029,0.932312,21.954192,23.0526,0.9524,0.780395,0.678117,1,0.830672,0.814334,0.2875,0.7959,1.5982,2.0212,12,0.168433,2e36d3eee72b97f47984be496cf1d347d825ffe26b59cfd86407a475fd71af1c,6ab462282254dde9da98b27b25c83d9d362b1a8c,9062f5badcdc74ac04453a1a10003a67861b87c5d04323ae551cb9966d40024c
abl__mixed_complex__Fully-connected_GAT__seed4__ep01,mixed_complex_component_ablation,mixed_complex,Fully-connected GAT,new_required_mechanism_control,4,1,4,100,20,ON,0.1,1,0,0,0,46.516275,49.59088,0.859876,21.236542,23.0529,0.9212,0.786229,0.739922,1,0.84925,0.785116,0.274118,0.7048,1.5713,2.1888,12,0.1824,2e36d3eee72b97f47984be496cf1d347d825ffe26b59cfd86407a475fd71af1c,6ab462282254dde9da98b27b25c83d9d362b1a8c,9062f5badcdc74ac04453a1a10003a67861b87c5d04323ae551cb9966d40024c
abl__mixed_complex__Fully-connected_GAT__seed4__ep02,mixed_complex_component_ablation,mixed_complex,Fully-connected GAT,new_required_mechanism_control,4,2,4,100,20,ON,0.1,1,0,0,0,46.056162,49.441797,0.872435,21.382788,22.9904,0.9301,0.792955,0.671878,1,0.852228,0.810658,0.281138,0.7699,1.3847,2.205,12,0.18375,2e36d3eee72b97f47984be496cf1d347d825ffe26b59cfd86407a475fd71af1c,6ab462282254dde9da98b27b25c83d9d362b1a8c,9062f5badcdc74ac04453a1a10003a67861b87c5d04323ae551cb9966d40024c
abl__mixed_complex__Fully-connected_GAT__seed4__ep03,mixed_complex_component_ablation,mixed_complex,Fully-connected GAT,new_required_mechanism_control,4,3,4,100,20,ON,0.1,1,0,0,0,48.578685,52.155005,0.887582,22.347931,23.0141,0.9711,0.779367,0.73491,1,0.830244,0.814219,0.278891,0.7038,1.3404,2.005,12,0.167083,2e36d3eee72b97f47984be496cf1d347d825ffe26b59cfd86407a475fd71af1c,6ab462282254dde9da98b27b25c83d9d362b1a8c,9062f5badcdc74ac04453a1a10003a67861b87c5d04323ae551cb9966d40024c
abl__mixed_complex__Fully-connected_GAT__seed4__ep04,mixed_complex_component_ablation,mixed_complex,Fully-connected GAT,new_required_mechanism_control,4,4,4,100,20,ON,0.1,1,0,0,0,45.519723,48.584234,0.930516,22.122008,22.7771,0.9712,0.782372,0.625324,1,0.854178,0.769969,0.28867,0.9269,1.3267,1.8048,12,0.1504,2e36d3eee72b97f47984be496cf1d347d825ffe26b59cfd86407a475fd71af1c,6ab462282254dde9da98b27b25c83d9d362b1a8c,9062f5badcdc74ac04453a1a10003a67861b87c5d04323ae551cb9966d40024c
abl__mixed_complex__Fully-connected_GAT__seed4__ep05,mixed_complex_component_ablation,mixed_complex,Fully-connected GAT,new_required_mechanism_control,4,5,4,100,20,ON,0.1,1,0,0,0,44.713149,47.735348,0.930138,21.29389,23.0095,0.9254,0.784182,0.72196,1,0.867161,0.777611,0.282551,0.9114,1.6445,2.1761,12,0.181342,2e36d3eee72b97f47984be496cf1d347d825ffe26b59cfd86407a475fd71af1c,6ab462282254dde9da98b27b25c83d9d362b1a8c,9062f5badcdc74ac04453a1a10003a67861b87c5d04323ae551cb9966d40024c
abl__mixed_complex__Fully-connected_GAT__seed4__ep06,mixed_complex_component_ablation,mixed_complex,Fully-connected GAT,new_required_mechanism_control,4,6,4,100,20,ON,0.1,1,0,0,0,46.052268,49.092977,0.880369,21.419361,23.0576,0.9289,0.78173,0.680558,1,0.826873,0.774635,0.286462,0.9146,1.4914,2.1427,12,0.178558,2e36d3eee72b97f47984be496cf1d347d825ffe26b59cfd86407a475fd71af1c,6ab462282254dde9da98b27b25c83d9d362b1a8c,9062f5badcdc74ac04453a1a10003a67861b87c5d04323ae551cb9966d40024c
abl__mixed_complex__Fully-connected_GAT__seed4__ep07,mixed_complex_component_ablation,mixed_complex,Fully-connected GAT,new_required_mechanism_control,4,7,4,100,20,ON,0.1,1,0,0,0,45.011692,47.955856,0.82978,21.668476,23.2011,0.9339,0.776852,0.757219,1,0.85268,0.813808,0.272189,0.8773,1.4658,2.0811,12,0.173425,2e36d3eee72b97f47984be496cf1d347d825ffe26b59cfd86407a475fd71af1c,6ab462282254dde9da98b27b25c83d9d362b1a8c,9062f5badcdc74ac04453a1a10003a67861b87c5d04323ae551cb9966d40024c
abl__mixed_complex__Fully-connected_GAT__seed4__ep08,mixed_complex_component_ablation,mixed_complex,Fully-connected GAT,new_required_mechanism_control,4,8,4,100,20,ON,0.1,1,0,0,0,45.701059,49.093307,0.947094,22.374653,23.0716,0.9698,0.787271,0.648407,1,0.838818,0.787601,0.278334,0.9212,1.4835,2.1843,12,0.182025,2e36d3eee72b97f47984be496cf1d347d825ffe26b59cfd86407a475fd71af1c,6ab462282254dde9da98b27b25c83d9d362b1a8c,9062f5badcdc74ac04453a1a10003a67861b87c5d04323ae551cb9966d40024c
abl__mixed_complex__Fully-connected_GAT__seed4__ep09,mixed_complex_component_ablation,mixed_complex,Fully-connected GAT,new_required_mechanism_control,4,9,4,100,20,ON,0.1,1,0,0,0,44.922794,48.199278,0.916194,21.971272,23.1342,0.9497,0.786913,0.653578,1,0.834723,0.764659,0.277199,0.8414,1.3558,2.1138,12,0.17615,2e36d3eee72b97f47984be496cf1d347d825ffe26b59cfd86407a475fd71af1c,6ab462282254dde9da98b27b25c83d9d362b1a8c,9062f5badcdc74ac04453a1a10003a67861b87c5d04323ae551cb9966d40024c
abl__mixed_complex__Fully-connected_GAT__seed5__ep00,mixed_complex_component_ablation,mixed_complex,Fully-connected GAT,new_required_mechanism_control,5,0,4,100,20,ON,0.1,1,0,0,0,46.566855,49.23822,0.592259,21.982996,23.1966,0.9477,0.780912,0.620547,1,0.852424,0.828446,0.284997,0.7434,1.3212,1.9839,12,0.165325,d44280e378362cd408f6f040450d5445982ed7615924685f3f342c73ffb525d5,6ab462282254dde9da98b27b25c83d9d362b1a8c,9062f5badcdc74ac04453a1a10003a67861b87c5d04323ae551cb9966d40024c
abl__mixed_complex__Fully-connected_GAT__seed5__ep01,mixed_complex_component_ablation,mixed_complex,Fully-connected GAT,new_required_mechanism_control,5,1,4,100,20,ON,0.1,1,0,0,0,46.52947,48.899045,0.694699,21.455953,23.1154,0.9282,0.775442,0.769269,2,0.853358,0.780842,0.261605,0.8623,1.3472,2.0778,12,0.17315,d44280e378362cd408f6f040450d5445982ed7615924685f3f342c73ffb525d5,6ab462282254dde9da98b27b25c83d9d362b1a8c,9062f5badcdc74ac04453a1a10003a67861b87c5d04323ae551cb9966d40024c
abl__mixed_complex__Fully-connected_GAT__seed5__ep02,mixed_complex_component_ablation,mixed_complex,Fully-connected GAT,new_required_mechanism_control,5,2,4,100,20,ON,0.1,1,0,0,0,47.407042,49.754512,0.666946,22.481955,23.0527,0.9752,0.771627,0.726397,0,0.863735,0.816566,0.276888,0.9352,1.6377,2.3788,12,0.198233,d44280e378362cd408f6f040450d5445982ed7615924685f3f342c73ffb525d5,6ab462282254dde9da98b27b25c83d9d362b1a8c,9062f5badcdc74ac04453a1a10003a67861b87c5d04323ae551cb9966d40024c
abl__mixed_complex__Fully-connected_GAT__seed5__ep03,mixed_complex_component_ablation,mixed_complex,Fully-connected GAT,new_required_mechanism_control,5,3,4,100,20,ON,0.1,1,0,0,0,47.504617,49.725698,0.726645,21.552447,22.9467,0.9392,0.782647,0.666622,0,0.838505,0.801108,0.291904,0.9466,1.6204,2.4434,12,0.203617,d44280e378362cd408f6f040450d5445982ed7615924685f3f342c73ffb525d5,6ab462282254dde9da98b27b25c83d9d362b1a8c,9062f5badcdc74ac04453a1a10003a67861b87c5d04323ae551cb9966d40024c
abl__mixed_complex__Fully-connected_GAT__seed5__ep04,mixed_complex_component_ablation,mixed_complex,Fully-connected GAT,new_required_mechanism_control,5,4,4,100,20,ON,0.1,1,0,0,0,45.731146,47.883314,0.660464,20.939374,23.1198,0.9057,0.785151,0.752671,1,0.855792,0.824942,0.285522,0.8828,1.5293,2.2841,12,0.190342,d44280e378362cd408f6f040450d5445982ed7615924685f3f342c73ffb525d5,6ab462282254dde9da98b27b25c83d9d362b1a8c,9062f5badcdc74ac04453a1a10003a67861b87c5d04323ae551cb9966d40024c
abl__mixed_complex__Fully-connected_GAT__seed5__ep05,mixed_complex_component_ablation,mixed_complex,Fully-connected GAT,new_required_mechanism_control,5,5,4,100,20,ON,0.1,1,0,0,0,47.13157,49.497616,0.619212,20.704806,22.9279,0.903,0.778523,0.740494,1,0.836196,0.82434,0.285674,0.7941,1.4289,1.7914,12,0.149283,d44280e378362cd408f6f040450d5445982ed7615924685f3f342c73ffb525d5,6ab462282254dde9da98b27b25c83d9d362b1a8c,9062f5badcdc74ac04453a1a10003a67861b87c5d04323ae551cb9966d40024c
abl__mixed_complex__Fully-connected_GAT__seed5__ep06,mixed_complex_component_ablation,mixed_complex,Fully-connected GAT,new_required_mechanism_control,5,6,4,100,20,ON,0.1,1,0,0,0,46.799881,49.395676,0.677591,21.819901,23.1342,0.9432,0.778073,0.677746,0,0.824947,0.801755,0.287589,0.7662,1.5945,2.1493,12,0.179108,d44280e378362cd408f6f040450d5445982ed7615924685f3f342c73ffb525d5,6ab462282254dde9da98b27b25c83d9d362b1a8c,9062f5badcdc74ac04453a1a10003a67861b87c5d04323ae551cb9966d40024c
abl__mixed_complex__Fully-connected_GAT__seed5__ep07,mixed_complex_component_ablation,mixed_complex,Fully-connected GAT,new_required_mechanism_control,5,7,4,100,20,ON,0.1,1,0,0,0,47.437688,50.383289,0.68808,21.194891,23.2401,0.912,0.782261,0.713751,2,0.843442,0.791848,0.287382,0.7682,1.5046,2.1859,12,0.182158,d44280e378362cd408f6f040450d5445982ed7615924685f3f342c73ffb525d5,6ab462282254dde9da98b27b25c83d9d362b1a8c,9062f5badcdc74ac04453a1a10003a67861b87c5d04323ae551cb9966d40024c
abl__mixed_complex__Fully-connected_GAT__seed5__ep08,mixed_complex_component_ablation,mixed_complex,Fully-connected GAT,new_required_mechanism_control,5,8,4,100,20,ON,0.1,1,0,0,0,44.310252,46.509488,0.635249,22.032787,23.2445,0.9479,0.779067,0.738391,0,0.849191,0.810644,0.284813,0.8493,1.4877,2.3292,12,0.1941,d44280e378362cd408f6f040450d5445982ed7615924685f3f342c73ffb525d5,6ab462282254dde9da98b27b25c83d9d362b1a8c,9062f5badcdc74ac04453a1a10003a67861b87c5d04323ae551cb9966d40024c
abl__mixed_complex__Fully-connected_GAT__seed5__ep09,mixed_complex_component_ablation,mixed_complex,Fully-connected GAT,new_required_mechanism_control,5,9,4,100,20,ON,0.1,1,0,0,0,48.362786,50.789172,0.569397,22.121401,22.7817,0.971,0.780988,0.699138,0,0.840119,0.804674,0.266306,0.964,1.6508,1.8385,12,0.153208,d44280e378362cd408f6f040450d5445982ed7615924685f3f342c73ffb525d5,6ab462282254dde9da98b27b25c83d9d362b1a8c,9062f5badcdc74ac04453a1a10003a67861b87c5d04323ae551cb9966d40024c
abl__mixed_complex__Fully-connected_GAT__seed6__ep00,mixed_complex_component_ablation,mixed_complex,Fully-connected GAT,new_required_mechanism_control,6,0,4,100,20,ON,0.1,1,0,0,0,47.418227,50.286602,0.894611,21.314134,22.9018,0.9307,0.787751,0.653652,1,0.809119,0.758078,0.310141,0.9446,1.4507,2.7566,12,0.229717,e74746e4d7f84a1df3b44a7ef354368b27c805feef1f3e065c48151b11177900,6ab462282254dde9da98b27b25c83d9d362b1a8c,9062f5badcdc74ac04453a1a10003a67861b87c5d04323ae551cb9966d40024c
abl__mixed_complex__Fully-connected_GAT__seed6__ep01,mixed_complex_component_ablation,mixed_complex,Fully-connected GAT,new_required_mechanism_control,6,1,4,100,20,ON,0.1,1,0,0,0,46.19247,49.210825,0.914123,21.898555,23.0095,0.9517,0.795772,0.728017,1,0.775285,0.740159,0.29822,0.9303,1.415,3.2162,12,0.268017,e74746e4d7f84a1df3b44a7ef354368b27c805feef1f3e065c48151b11177900,6ab462282254dde9da98b27b25c83d9d362b1a8c,9062f5badcdc74ac04453a1a10003a67861b87c5d04323ae551cb9966d40024c
abl__mixed_complex__Fully-connected_GAT__seed6__ep02,mixed_complex_component_ablation,mixed_complex,Fully-connected GAT,new_required_mechanism_control,6,2,4,100,20,ON,0.1,1,0,0,0,44.07838,46.694716,0.949932,21.220405,23.1777,0.9156,0.780289,0.666259,1,0.78893,0.732775,0.305956,0.8513,1.6126,3.3414,12,0.27845,e74746e4d7f84a1df3b44a7ef354368b27c805feef1f3e065c48151b11177900,6ab462282254dde9da98b27b25c83d9d362b1a8c,9062f5badcdc74ac04453a1a10003a67861b87c5d04323ae551cb9966d40024c
abl__mixed_complex__Fully-connected_GAT__seed6__ep03,mixed_complex_component_ablation,mixed_complex,Fully-connected GAT,new_required_mechanism_control,6,3,4,100,20,ON,0.1,1,0,0,0,46.857212,50.004718,0.831547,21.649028,22.9692,0.9425,0.790175,0.735983,1,0.827094,0.749449,0.300591,0.8444,1.4906,2.9438,12,0.245317,e74746e4d7f84a1df3b44a7ef354368b27c805feef1f3e065c48151b11177900,6ab462282254dde9da98b27b25c83d9d362b1a8c,9062f5badcdc74ac04453a1a10003a67861b87c5d04323ae551cb9966d40024c
abl__mixed_complex__Fully-connected_GAT__seed6__ep04,mixed_complex_component_ablation,mixed_complex,Fully-connected GAT,new_required_mechanism_control,6,4,4,100,20,ON,0.1,1,0,0,0,45.346467,48.557421,0.870186,21.295116,22.8654,0.9313,0.78837,0.723808,0,0.791741,0.758212,0.310558,0.9786,1.3072,2.8059,12,0.233825,e74746e4d7f84a1df3b44a7ef354368b27c805feef1f3e065c48151b11177900,6ab462282254dde9da98b27b25c83d9d362b1a8c,9062f5badcdc74ac04453a1a10003a67861b87c5d04323ae551cb9966d40024c
abl__mixed_complex__Fully-connected_GAT__seed6__ep05,mixed_complex_component_ablation,mixed_complex,Fully-connected GAT,new_required_mechanism_control,6,5,4,100,20,ON,0.1,1,0,0,0,48.286138,50.99832,0.849929,21.797119,23.1342,0.9422,0.780377,0.680196,1,0.811968,0.778799,0.292397,0.7978,1.3787,2.5926,12,0.21605,e74746e4d7f84a1df3b44a7ef354368b27c805feef1f3e065c48151b11177900,6ab462282254dde9da98b27b25c83d9d362b1a8c,9062f5badcdc74ac04453a1a10003a67861b87c5d04323ae551cb9966d40024c
abl__mixed_complex__Fully-connected_GAT__seed6__ep06,mixed_complex_component_ablation,mixed_complex,Fully-connected GAT,new_required_mechanism_control,6,6,4,100,20,ON,0.1,1,0,0,0,44.820826,47.572041,0.874463,21.664125,23.1777,0.9347,0.781207,0.659984,1,0.793009,0.750614,0.309811,0.9172,1.4323,2.7066,12,0.22555,e74746e4d7f84a1df3b44a7ef354368b27c805feef1f3e065c48151b11177900,6ab462282254dde9da98b27b25c83d9d362b1a8c,9062f5badcdc74ac04453a1a10003a67861b87c5d04323ae551cb9966d40024c
abl__mixed_complex__Fully-connected_GAT__seed6__ep07,mixed_complex_component_ablation,mixed_complex,Fully-connected GAT,new_required_mechanism_control,6,7,4,100,20,ON,0.1,1,0,0,0,46.755416,49.517899,0.919477,21.622784,22.822,0.9475,0.795137,0.672845,1,0.809821,0.774094,0.315723,0.9542,1.3899,3.3905,12,0.282542,e74746e4d7f84a1df3b44a7ef354368b27c805feef1f3e065c48151b11177900,6ab462282254dde9da98b27b25c83d9d362b1a8c,9062f5badcdc74ac04453a1a10003a67861b87c5d04323ae551cb9966d40024c
abl__mixed_complex__Fully-connected_GAT__seed6__ep08,mixed_complex_component_ablation,mixed_complex,Fully-connected GAT,new_required_mechanism_control,6,8,4,100,20,ON,0.1,1,0,0,0,47.025207,50.215564,0.884965,21.20759,23.1342,0.9167,0.781124,0.692325,1,0.799172,0.768356,0.296823,0.7901,1.65,2.8947,12,0.241225,e74746e4d7f84a1df3b44a7ef354368b27c805feef1f3e065c48151b11177900,6ab462282254dde9da98b27b25c83d9d362b1a8c,9062f5badcdc74ac04453a1a10003a67861b87c5d04323ae551cb9966d40024c
abl__mixed_complex__Fully-connected_GAT__seed6__ep09,mixed_complex_component_ablation,mixed_complex,Fully-connected GAT,new_required_mechanism_control,6,9,4,100,20,ON,0.1,1,0,0,0,44.963837,47.785094,0.834012,20.810554,23.1195,0.9001,0.790165,0.671516,1,0.812339,0.781454,0.306113,0.8447,1.6006,3.0133,12,0.251108,e74746e4d7f84a1df3b44a7ef354368b27c805feef1f3e065c48151b11177900,6ab462282254dde9da98b27b25c83d9d362b1a8c,9062f5badcdc74ac04453a1a10003a67861b87c5d04323ae551cb9966d40024c
abl__mixed_complex__Fully-connected_GAT__seed7__ep00,mixed_complex_component_ablation,mixed_complex,Fully-connected GAT,new_required_mechanism_control,7,0,4,100,20,ON,0.1,1,0,0,0,46.453461,50.243885,0.900964,21.750343,22.9279,0.9486,0.778697,0.778533,2,0.846961,0.793308,0.270141,0.7407,1.6521,2.1135,12,0.176125,834b9fc8cfe54c848b1b008b8df659eb012e3f430b165cbdf07ad29570037fa3,6ab462282254dde9da98b27b25c83d9d362b1a8c,9062f5badcdc74ac04453a1a10003a67861b87c5d04323ae551cb9966d40024c
abl__mixed_complex__Fully-connected_GAT__seed7__ep01,mixed_complex_component_ablation,mixed_complex,Fully-connected GAT,new_required_mechanism_control,7,1,4,100,20,ON,0.1,1,0,0,0,48.72981,52.287122,0.947275,21.653006,23.0095,0.941,0.77108,0.777725,1,0.796616,0.825064,0.285411,0.8698,1.493,2.5817,12,0.215142,834b9fc8cfe54c848b1b008b8df659eb012e3f430b165cbdf07ad29570037fa3,6ab462282254dde9da98b27b25c83d9d362b1a8c,9062f5badcdc74ac04453a1a10003a67861b87c5d04323ae551cb9966d40024c
abl__mixed_complex__Fully-connected_GAT__seed7__ep02,mixed_complex_component_ablation,mixed_complex,Fully-connected GAT,new_required_mechanism_control,7,2,4,100,20,ON,0.1,1,0,0,0,46.526196,50.120474,1.003294,21.743946,23.0893,0.9417,0.77613,0.822099,0,0.841775,0.831017,0.271782,0.8871,1.3,2.6373,12,0.219775,834b9fc8cfe54c848b1b008b8df659eb012e3f430b165cbdf07ad29570037fa3,6ab462282254dde9da98b27b25c83d9d362b1a8c,9062f5badcdc74ac04453a1a10003a67861b87c5d04323ae551cb9966d40024c
abl__mixed_complex__Fully-connected_GAT__seed7__ep03,mixed_complex_component_ablation,mixed_complex,Fully-connected GAT,new_required_mechanism_control,7,3,4,100,20,ON,0.1,1,0,0,0,47.773162,51.243037,1.09409,20.732135,23.0576,0.8991,0.763302,0.810467,0,0.84522,0.842828,0.28229,0.8433,1.6654,2.0424,12,0.1702,834b9fc8cfe54c848b1b008b8df659eb012e3f430b165cbdf07ad29570037fa3,6ab462282254dde9da98b27b25c83d9d362b1a8c,9062f5badcdc74ac04453a1a10003a67861b87c5d04323ae551cb9966d40024c
abl__mixed_complex__Fully-connected_GAT__seed7__ep04,mixed_complex_component_ablation,mixed_complex,Fully-connected GAT,new_required_mechanism_control,7,4,4,100,20,ON,0.1,1,0,0,0,47.516799,51.150864,0.937476,21.102127,23.1777,0.9105,0.774319,0.855038,0,0.837571,0.802713,0.291645,0.8448,1.3171,2.7283,12,0.227358,834b9fc8cfe54c848b1b008b8df659eb012e3f430b165cbdf07ad29570037fa3,6ab462282254dde9da98b27b25c83d9d362b1a8c,9062f5badcdc74ac04453a1a10003a67861b87c5d04323ae551cb9966d40024c
abl__mixed_complex__Fully-connected_GAT__seed7__ep05,mixed_complex_component_ablation,mixed_complex,Fully-connected GAT,new_required_mechanism_control,7,5,4,100,20,ON,0.1,1,0,0,0,46.610465,49.573066,0.99922,21.1865,23.0716,0.9183,0.77823,0.825932,1,0.845518,0.815833,0.271048,0.7009,1.5616,2.7867,12,0.232225,834b9fc8cfe54c848b1b008b8df659eb012e3f430b165cbdf07ad29570037fa3,6ab462282254dde9da98b27b25c83d9d362b1a8c,9062f5badcdc74ac04453a1a10003a67861b87c5d04323ae551cb9966d40024c
abl__mixed_complex__Fully-connected_GAT__seed7__ep06,mixed_complex_component_ablation,mixed_complex,Fully-connected GAT,new_required_mechanism_control,7,6,4,100,20,ON,0.1,1,0,0,0,48.135516,51.224963,0.977787,22.063737,23.0095,0.9589,0.768806,0.833102,0,0.840029,0.823517,0.28091,0.7044,1.6084,1.9114,12,0.159283,834b9fc8cfe54c848b1b008b8df659eb012e3f430b165cbdf07ad29570037fa3,6ab462282254dde9da98b27b25c83d9d362b1a8c,9062f5badcdc74ac04453a1a10003a67861b87c5d04323ae551cb9966d40024c
abl__mixed_complex__Fully-connected_GAT__seed7__ep07,mixed_complex_component_ablation,mixed_complex,Fully-connected GAT,new_required_mechanism_control,7,7,4,100,20,ON,0.1,1,0,0,0,48.594572,52.009308,1.04608,21.68772,22.9467,0.9451,0.770063,0.774725,1,0.82653,0.826973,0.27969,0.9511,1.6126,2.8796,12,0.239967,834b9fc8cfe54c848b1b008b8df659eb012e3f430b165cbdf07ad29570037fa3,6ab462282254dde9da98b27b25c83d9d362b1a8c,9062f5badcdc74ac04453a1a10003a67861b87c5d04323ae551cb9966d40024c
abl__mixed_complex__Fully-connected_GAT__seed7__ep08,mixed_complex_component_ablation,mixed_complex,Fully-connected GAT,new_required_mechanism_control,7,8,4,100,20,ON,0.1,1,0,0,0,46.536997,49.629287,0.919107,21.636583,23.1823,0.9333,0.766867,0.813249,0,0.801989,0.815541,0.273071,0.7756,1.4591,2.4384,12,0.2032,834b9fc8cfe54c848b1b008b8df659eb012e3f430b165cbdf07ad29570037fa3,6ab462282254dde9da98b27b25c83d9d362b1a8c,9062f5badcdc74ac04453a1a10003a67861b87c5d04323ae551cb9966d40024c
abl__mixed_complex__Fully-connected_GAT__seed7__ep09,mixed_complex_component_ablation,mixed_complex,Fully-connected GAT,new_required_mechanism_control,7,9,4,100,20,ON,0.1,1,0,0,0,49.297355,52.783801,1.016536,22.507449,22.9642,0.9801,0.769506,0.795201,1,0.823383,0.826795,0.271151,0.817,1.5591,2.0184,12,0.1682,834b9fc8cfe54c848b1b008b8df659eb012e3f430b165cbdf07ad29570037fa3,6ab462282254dde9da98b27b25c83d9d362b1a8c,9062f5badcdc74ac04453a1a10003a67861b87c5d04323ae551cb9966d40024c
abl__mixed_complex__w/o_GAT__seed0__ep00,mixed_complex_component_ablation,mixed_complex,w/o GAT,existing_current_table7,0,0,4,100,20,ON,0.1,1,0,0,0,49.044217,50.58369,0.913454,21.3214,23.0091,0.9267,0.751183,0.70933,0,0.790767,0.830518,0.301751,0.7527,1.5436,2.67,12,0.2225,832ea4a053a4958f2ab79cc3bba4cb90a3e5872bb390df75b0f6198ef3694a26,6ab462282254dde9da98b27b25c83d9d362b1a8c,0487b7ebc94623d8620b00d68767aad498ed167de2de213570c000cb5cd257f0
abl__mixed_complex__w/o_GAT__seed0__ep01,mixed_complex_component_ablation,mixed_complex,w/o GAT,existing_current_table7,0,1,4,100,20,ON,0.1,1,0,0,0,48.058721,50.072795,0.684249,21.2186,23.1342,0.9172,0.787538,0.693561,0,0.76576,0.832688,0.331791,0.7829,1.5964,2.34,12,0.195,832ea4a053a4958f2ab79cc3bba4cb90a3e5872bb390df75b0f6198ef3694a26,6ab462282254dde9da98b27b25c83d9d362b1a8c,0487b7ebc94623d8620b00d68767aad498ed167de2de213570c000cb5cd257f0
abl__mixed_complex__w/o_GAT__seed0__ep02,mixed_complex_component_ablation,mixed_complex,w/o GAT,existing_current_table7,0,2,4,100,20,ON,0.1,1,0,0,0,48.39717,50.966668,0.874992,21.2915,22.9326,0.9284,0.776765,0.701073,0,0.791732,0.797307,0.309809,0.8118,1.5648,2.85,12,0.2375,832ea4a053a4958f2ab79cc3bba4cb90a3e5872bb390df75b0f6198ef3694a26,6ab462282254dde9da98b27b25c83d9d362b1a8c,0487b7ebc94623d8620b00d68767aad498ed167de2de213570c000cb5cd257f0
abl__mixed_complex__w/o_GAT__seed0__ep03,mixed_complex_component_ablation,mixed_complex,w/o GAT,existing_current_table7,0,3,4,100,20,ON,0.1,1,0,0,0,47.997401,50.978548,0.871935,21.2294,23.0527,0.9209,0.799744,0.734428,0,0.756091,0.801306,0.307824,0.8599,1.5518,1.99,12,0.165833,832ea4a053a4958f2ab79cc3bba4cb90a3e5872bb390df75b0f6198ef3694a26,6ab462282254dde9da98b27b25c83d9d362b1a8c,0487b7ebc94623d8620b00d68767aad498ed167de2de213570c000cb5cd257f0
abl__mixed_complex__w/o_GAT__seed0__ep04,mixed_complex_component_ablation,mixed_complex,w/o GAT,existing_current_table7,0,4,4,100,20,ON,0.1,1,0,0,0,48.925451,51.208762,0.729929,21.3997,23.1777,0.9233,0.775764,0.717059,1,0.785034,0.802864,0.31176,0.7977,1.6878,2.87,12,0.239167,832ea4a053a4958f2ab79cc3bba4cb90a3e5872bb390df75b0f6198ef3694a26,6ab462282254dde9da98b27b25c83d9d362b1a8c,0487b7ebc94623d8620b00d68767aad498ed167de2de213570c000cb5cd257f0
abl__mixed_complex__w/o_GAT__seed0__ep05,mixed_complex_component_ablation,mixed_complex,w/o GAT,existing_current_table7,0,5,4,100,20,ON,0.1,1,0,0,0,47.564617,50.53538,0.908255,21.2307,23.1388,0.9175,0.776034,0.737341,1,0.803053,0.828692,0.313428,0.9651,1.4259,2.03,12,0.169167,832ea4a053a4958f2ab79cc3bba4cb90a3e5872bb390df75b0f6198ef3694a26,6ab462282254dde9da98b27b25c83d9d362b1a8c,0487b7ebc94623d8620b00d68767aad498ed167de2de213570c000cb5cd257f0
abl__mixed_complex__w/o_GAT__seed0__ep06,mixed_complex_component_ablation,mixed_complex,w/o GAT,existing_current_table7,0,6,4,100,20,ON,0.1,1,0,0,0,44.954372,51.016354,0.705971,21.307,22.9948,0.9266,0.802367,0.685105,1,0.790978,0.832563,0.311601,0.8665,1.6623,3.35,12,0.279167,832ea4a053a4958f2ab79cc3bba4cb90a3e5872bb390df75b0f6198ef3694a26,6ab462282254dde9da98b27b25c83d9d362b1a8c,0487b7ebc94623d8620b00d68767aad498ed167de2de213570c000cb5cd257f0
abl__mixed_complex__w/o_GAT__seed0__ep07,mixed_complex_component_ablation,mixed_complex,w/o GAT,existing_current_table7,0,7,4,100,20,ON,0.1,1,0,0,0,47.342398,50.466095,0.9034,21.266,23.0529,0.9225,0.765588,0.724717,1,0.794297,0.768671,0.324154,0.8623,1.5186,1.91,12,0.159167,832ea4a053a4958f2ab79cc3bba4cb90a3e5872bb390df75b0f6198ef3694a26,6ab462282254dde9da98b27b25c83d9d362b1a8c,0487b7ebc94623d8620b00d68767aad498ed167de2de213570c000cb5cd257f0
abl__mixed_complex__w/o_GAT__seed0__ep08,mixed_complex_component_ablation,mixed_complex,w/o GAT,existing_current_table7,0,8,4,100,20,ON,0.1,1,0,0,0,45.554846,50.212721,1.075716,21.42,22.9902,0.9317,0.78176,0.745882,0,0.798497,0.818975,0.314436,0.9006,1.6887,2.08,12,0.173333,832ea4a053a4958f2ab79cc3bba4cb90a3e5872bb390df75b0f6198ef3694a26,6ab462282254dde9da98b27b25c83d9d362b1a8c,0487b7ebc94623d8620b00d68767aad498ed167de2de213570c000cb5cd257f0
abl__mixed_complex__w/o_GAT__seed0__ep09,mixed_complex_component_ablation,mixed_complex,w/o GAT,existing_current_table7,0,9,4,100,20,ON,0.1,1,0,0,0,49.347424,49.631752,0.818864,21.3615,23.0095,0.9284,0.783245,0.680365,0,0.808654,0.818374,0.32785,0.7824,1.674,2.89,12,0.240833,832ea4a053a4958f2ab79cc3bba4cb90a3e5872bb390df75b0f6198ef3694a26,6ab462282254dde9da98b27b25c83d9d362b1a8c,0487b7ebc94623d8620b00d68767aad498ed167de2de213570c000cb5cd257f0
abl__mixed_complex__w/o_GAT__seed1__ep00,mixed_complex_component_ablation,mixed_complex,w/o GAT,existing_current_table7,1,0,4,100,20,ON,0.1,1,0,0,0,47.76445,51.699857,0.964226,21.2647,22.9948,0.9248,0.755743,0.735762,0,0.827762,0.760853,0.360064,0.8279,1.5606,3.26,12,0.271667,fd7b01d1d7a0086dfca3f1e89712543ce9485fd67234925a452aaec546e15de6,6ab462282254dde9da98b27b25c83d9d362b1a8c,0487b7ebc94623d8620b00d68767aad498ed167de2de213570c000cb5cd257f0
abl__mixed_complex__w/o_GAT__seed1__ep01,mixed_complex_component_ablation,mixed_complex,w/o GAT,existing_current_table7,1,1,4,100,20,ON,0.1,1,0,0,0,44.943116,50.233995,1.240178,21.643,23.1388,0.9354,0.77211,0.716764,1,0.834692,0.773012,0.333851,0.7835,1.3755,2.1,12,0.175,fd7b01d1d7a0086dfca3f1e89712543ce9485fd67234925a452aaec546e15de6,6ab462282254dde9da98b27b25c83d9d362b1a8c,0487b7ebc94623d8620b00d68767aad498ed167de2de213570c000cb5cd257f0
abl__mixed_complex__w/o_GAT__seed1__ep02,mixed_complex_component_ablation,mixed_complex,w/o GAT,existing_current_table7,1,2,4,100,20,ON,0.1,1,0,0,0,44.546161,52.302825,1.092881,21.2411,22.8845,0.9282,0.777578,0.711863,0,0.833278,0.805283,0.359972,0.9293,1.568,1.7,12,0.141667,fd7b01d1d7a0086dfca3f1e89712543ce9485fd67234925a452aaec546e15de6,6ab462282254dde9da98b27b25c83d9d362b1a8c,0487b7ebc94623d8620b00d68767aad498ed167de2de213570c000cb5cd257f0
abl__mixed_complex__w/o_GAT__seed1__ep03,mixed_complex_component_ablation,mixed_complex,w/o GAT,existing_current_table7,1,3,4,100,20,ON,0.1,1,0,0,0,48.173223,48.814976,1.135813,21.5214,23.1154,0.931,0.774246,0.714217,1,0.824581,0.83165,0.340833,0.8367,1.4939,2.51,12,0.209167,fd7b01d1d7a0086dfca3f1e89712543ce9485fd67234925a452aaec546e15de6,6ab462282254dde9da98b27b25c83d9d362b1a8c,0487b7ebc94623d8620b00d68767aad498ed167de2de213570c000cb5cd257f0
abl__mixed_complex__w/o_GAT__seed1__ep04,mixed_complex_component_ablation,mixed_complex,w/o GAT,existing_current_table7,1,4,4,100,20,ON,0.1,1,0,0,0,45.995855,50.773267,1.236276,21.2179,22.9467,0.9247,0.770494,0.709338,1,0.865224,0.802347,0.322237,0.9084,1.5939,1.98,12,0.165,fd7b01d1d7a0086dfca3f1e89712543ce9485fd67234925a452aaec546e15de6,6ab462282254dde9da98b27b25c83d9d362b1a8c,0487b7ebc94623d8620b00d68767aad498ed167de2de213570c000cb5cd257f0
abl__mixed_complex__w/o_GAT__seed1__ep05,mixed_complex_component_ablation,mixed_complex,w/o GAT,existing_current_table7,1,5,4,100,20,ON,0.1,1,0,0,0,47.983126,49.941159,0.992753,21.5765,23.1777,0.9309,0.771774,0.683511,1,0.755624,0.764961,0.305291,0.8527,1.5961,3.43,12,0.285833,fd7b01d1d7a0086dfca3f1e89712543ce9485fd67234925a452aaec546e15de6,6ab462282254dde9da98b27b25c83d9d362b1a8c,0487b7ebc94623d8620b00d68767aad498ed167de2de213570c000cb5cd257f0
abl__mixed_complex__w/o_GAT__seed1__ep06,mixed_complex_component_ablation,mixed_complex,w/o GAT,existing_current_table7,1,6,4,100,20,ON,0.1,1,0,0,0,47.713499,51.861772,0.954363,21.5705,23.1195,0.933,0.794992,0.709393,0,0.80708,0.778166,0.320902,0.9975,1.558,1.56,12,0.13,fd7b01d1d7a0086dfca3f1e89712543ce9485fd67234925a452aaec546e15de6,6ab462282254dde9da98b27b25c83d9d362b1a8c,0487b7ebc94623d8620b00d68767aad498ed167de2de213570c000cb5cd257f0
abl__mixed_complex__w/o_GAT__seed1__ep07,mixed_complex_component_ablation,mixed_complex,w/o GAT,existing_current_table7,1,7,4,100,20,ON,0.1,1,0,0,0,45.837334,50.661584,0.960883,21.4815,23.0527,0.9318,0.76529,0.710572,0,0.817819,0.769304,0.304334,0.8686,1.5298,2.9,12,0.241667,fd7b01d1d7a0086dfca3f1e89712543ce9485fd67234925a452aaec546e15de6,6ab462282254dde9da98b27b25c83d9d362b1a8c,0487b7ebc94623d8620b00d68767aad498ed167de2de213570c000cb5cd257f0
abl__mixed_complex__w/o_GAT__seed1__ep08,mixed_complex_component_ablation,mixed_complex,w/o GAT,existing_current_table7,1,8,4,100,20,ON,0.1,1,0,0,0,46.861296,50.362929,1.184911,21.213,23.2011,0.9143,0.762773,0.7468,0,0.833951,0.833444,0.302977,0.7528,1.5755,1.92,12,0.16,fd7b01d1d7a0086dfca3f1e89712543ce9485fd67234925a452aaec546e15de6,6ab462282254dde9da98b27b25c83d9d362b1a8c,0487b7ebc94623d8620b00d68767aad498ed167de2de213570c000cb5cd257f0
abl__mixed_complex__w/o_GAT__seed1__ep09,mixed_complex_component_ablation,mixed_complex,w/o GAT,existing_current_table7,1,9,4,100,20,ON,0.1,1,0,0,0,46.749876,50.24838,0.956382,21.4938,23.0529,0.9324,0.762282,0.687125,0,0.791686,0.762798,0.358569,0.9093,1.4514,3.47,12,0.289167,fd7b01d1d7a0086dfca3f1e89712543ce9485fd67234925a452aaec546e15de6,6ab462282254dde9da98b27b25c83d9d362b1a8c,0487b7ebc94623d8620b00d68767aad498ed167de2de213570c000cb5cd257f0
abl__mixed_complex__w/o_GAT__seed2__ep00,mixed_complex_component_ablation,mixed_complex,w/o GAT,existing_current_table7,2,0,4,100,20,ON,0.1,1,0,0,0,45.960155,51.124184,0.996727,21.3569,22.9323,0.9313,0.769477,0.748798,1,0.765793,0.831606,0.321509,0.7042,1.6969,2.1,12,0.175,b4100c5d2c8d4ae47b02443a3818e6163bf9a17f26bbd7f4ea63d3033fff5a52,6ab462282254dde9da98b27b25c83d9d362b1a8c,0487b7ebc94623d8620b00d68767aad498ed167de2de213570c000cb5cd257f0
abl__mixed_complex__w/o_GAT__seed2__ep01,mixed_complex_component_ablation,mixed_complex,w/o GAT,existing_current_table7,2,1,4,100,20,ON,0.1,1,0,0,0,45.110657,50.635877,1.181516,21.4447,23.0576,0.93,0.791602,0.736525,1,0.852498,0.833196,0.304649,0.9549,1.4884,2.46,12,0.205,b4100c5d2c8d4ae47b02443a3818e6163bf9a17f26bbd7f4ea63d3033fff5a52,6ab462282254dde9da98b27b25c83d9d362b1a8c,0487b7ebc94623d8620b00d68767aad498ed167de2de213570c000cb5cd257f0
abl__mixed_complex__w/o_GAT__seed2__ep02,mixed_complex_component_ablation,mixed_complex,w/o GAT,existing_current_table7,2,2,4,100,20,ON,0.1,1,0,0,0,48.665372,50.867818,1.201957,21.3737,22.947,0.9314,0.80347,0.722333,0,0.855994,0.771806,0.316299,0.9907,1.6061,1.9,12,0.158333,b4100c5d2c8d4ae47b02443a3818e6163bf9a17f26bbd7f4ea63d3033fff5a52,6ab462282254dde9da98b27b25c83d9d362b1a8c,0487b7ebc94623d8620b00d68767aad498ed167de2de213570c000cb5cd257f0
abl__mixed_complex__w/o_GAT__seed2__ep03,mixed_complex_component_ablation,mixed_complex,w/o GAT,existing_current_table7,2,3,4,100,20,ON,0.1,1,0,0,0,46.446986,50.846171,0.817715,21.2182,23.1966,0.9147,0.779817,0.740746,1,0.829555,0.794639,0.306652,0.8392,1.473,2.2,12,0.183333,b4100c5d2c8d4ae47b02443a3818e6163bf9a17f26bbd7f4ea63d3033fff5a52,6ab462282254dde9da98b27b25c83d9d362b1a8c,0487b7ebc94623d8620b00d68767aad498ed167de2de213570c000cb5cd257f0
abl__mixed_complex__w/o_GAT__seed2__ep04,mixed_complex_component_ablation,mixed_complex,w/o GAT,existing_current_table7,2,4,4,100,20,ON,0.1,1,0,0,0,47.764155,51.370209,1.036685,21.7576,22.8654,0.9515,0.77771,0.68173,1,0.859607,0.838618,0.332601,0.7646,1.4295,2.23,12,0.185833,b4100c5d2c8d4ae47b02443a3818e6163bf9a17f26bbd7f4ea63d3033fff5a52,6ab462282254dde9da98b27b25c83d9d362b1a8c,0487b7ebc94623d8620b00d68767aad498ed167de2de213570c000cb5cd257f0
abl__mixed_complex__w/o_GAT__seed2__ep05,mixed_complex_component_ablation,mixed_complex,w/o GAT,existing_current_table7,2,5,4,100,20,ON,0.1,1,0,0,0,48.058392,52.003449,1.102159,21.255,23.1342,0.9188,0.803132,0.746516,1,0.745793,0.771619,0.282239,0.7685,1.6479,2.96,12,0.246667,b4100c5d2c8d4ae47b02443a3818e6163bf9a17f26bbd7f4ea63d3033fff5a52,6ab462282254dde9da98b27b25c83d9d362b1a8c,0487b7ebc94623d8620b00d68767aad498ed167de2de213570c000cb5cd257f0
abl__mixed_complex__w/o_GAT__seed2__ep06,mixed_complex_component_ablation,mixed_complex,w/o GAT,existing_current_table7,2,6,4,100,20,ON,0.1,1,0,0,0,49.697955,53.443142,1.146736,21.3759,23.1823,0.9221,0.808377,0.741169,1,0.817799,0.775806,0.322517,0.7067,1.5642,2.22,12,0.185,b4100c5d2c8d4ae47b02443a3818e6163bf9a17f26bbd7f4ea63d3033fff5a52,6ab462282254dde9da98b27b25c83d9d362b1a8c,0487b7ebc94623d8620b00d68767aad498ed167de2de213570c000cb5cd257f0
abl__mixed_complex__w/o_GAT__seed2__ep07,mixed_complex_component_ablation,mixed_complex,w/o GAT,existing_current_table7,2,7,4,100,20,ON,0.1,1,0,0,0,45.752711,52.324663,0.729051,21.4686,22.9902,0.9338,0.797335,0.725682,0,0.853517,0.779147,0.29165,0.9129,1.5526,3.42,12,0.285,b4100c5d2c8d4ae47b02443a3818e6163bf9a17f26bbd7f4ea63d3033fff5a52,6ab462282254dde9da98b27b25c83d9d362b1a8c,0487b7ebc94623d8620b00d68767aad498ed167de2de213570c000cb5cd257f0
abl__mixed_complex__w/o_GAT__seed2__ep08,mixed_complex_component_ablation,mixed_complex,w/o GAT,existing_current_table7,2,8,4,100,20,ON,0.1,1,0,0,0,48.02162,54.984948,0.944124,21.6158,23.0529,0.9377,0.797385,0.754497,0,0.795492,0.82112,0.272476,0.8335,1.5123,2.57,12,0.214167,b4100c5d2c8d4ae47b02443a3818e6163bf9a17f26bbd7f4ea63d3033fff5a52,6ab462282254dde9da98b27b25c83d9d362b1a8c,0487b7ebc94623d8620b00d68767aad498ed167de2de213570c000cb5cd257f0
abl__mixed_complex__w/o_GAT__seed2__ep09,mixed_complex_component_ablation,mixed_complex,w/o GAT,existing_current_table7,2,9,4,100,20,ON,0.1,1,0,0,0,51.053168,54.214851,1.000708,21.3471,23.2401,0.9185,0.771189,0.70931,1,0.836951,0.810497,0.287599,0.7995,1.3176,1.9,12,0.158333,b4100c5d2c8d4ae47b02443a3818e6163bf9a17f26bbd7f4ea63d3033fff5a52,6ab462282254dde9da98b27b25c83d9d362b1a8c,0487b7ebc94623d8620b00d68767aad498ed167de2de213570c000cb5cd257f0
abl__mixed_complex__w/o_GAT__seed3__ep00,mixed_complex_component_ablation,mixed_complex,w/o GAT,existing_current_table7,3,0,4,100,20,ON,0.1,1,0,0,0,46.630145,47.699622,0.6648,21.7785,23.1823,0.9394,0.800191,0.728504,2,0.827476,0.787455,0.279464,0.9573,1.644,3.32,12,0.276667,ccd877912f4826c069e87c7d467f8497b860bd800b81a78cabf2f5617c1d5b60,6ab462282254dde9da98b27b25c83d9d362b1a8c,0487b7ebc94623d8620b00d68767aad498ed167de2de213570c000cb5cd257f0
abl__mixed_complex__w/o_GAT__seed3__ep01,mixed_complex_component_ablation,mixed_complex,w/o GAT,existing_current_table7,3,1,4,100,20,ON,0.1,1,0,0,0,51.777213,51.891642,0.871855,21.276,22.9467,0.9272,0.78876,0.704037,0,0.885733,0.791076,0.291293,0.9211,1.364,1.57,12,0.130833,ccd877912f4826c069e87c7d467f8497b860bd800b81a78cabf2f5617c1d5b60,6ab462282254dde9da98b27b25c83d9d362b1a8c,0487b7ebc94623d8620b00d68767aad498ed167de2de213570c000cb5cd257f0
abl__mixed_complex__w/o_GAT__seed3__ep02,mixed_complex_component_ablation,mixed_complex,w/o GAT,existing_current_table7,3,2,4,100,20,ON,0.1,1,0,0,0,45.790297,51.69421,1.087276,21.4095,23.1777,0.9237,0.788866,0.75254,2,0.780367,0.784528,0.298417,0.9329,1.5067,1.95,12,0.1625,ccd877912f4826c069e87c7d467f8497b860bd800b81a78cabf2f5617c1d5b60,6ab462282254dde9da98b27b25c83d9d362b1a8c,0487b7ebc94623d8620b00d68767aad498ed167de2de213570c000cb5cd257f0
abl__mixed_complex__w/o_GAT__seed3__ep03,mixed_complex_component_ablation,mixed_complex,w/o GAT,existing_current_table7,3,3,4,100,20,ON,0.1,1,0,0,0,47.09928,49.013932,1.071454,21.6682,23.1388,0.9364,0.760608,0.746676,1,0.913411,0.774919,0.28517,0.7578,1.459,2.92,12,0.243333,ccd877912f4826c069e87c7d467f8497b860bd800b81a78cabf2f5617c1d5b60,6ab462282254dde9da98b27b25c83d9d362b1a8c,0487b7ebc94623d8620b00d68767aad498ed167de2de213570c000cb5cd257f0
abl__mixed_complex__w/o_GAT__seed3__ep04,mixed_complex_component_ablation,mixed_complex,w/o GAT,existing_current_table7,3,4,4,100,20,ON,0.1,1,0,0,0,53.384822,53.6259,0.605562,21.2453,23.1342,0.9184,0.772985,0.748931,1,0.839387,0.814292,0.331808,0.857,1.3639,2.57,12,0.214167,ccd877912f4826c069e87c7d467f8497b860bd800b81a78cabf2f5617c1d5b60,6ab462282254dde9da98b27b25c83d9d362b1a8c,0487b7ebc94623d8620b00d68767aad498ed167de2de213570c000cb5cd257f0
abl__mixed_complex__w/o_GAT__seed3__ep05,mixed_complex_component_ablation,mixed_complex,w/o GAT,existing_current_table7,3,5,4,100,20,ON,0.1,1,0,0,0,44.834964,51.12979,0.711287,21.7546,23.0092,0.9455,0.774947,0.685133,0,0.834109,0.767195,0.290167,0.936,1.3019,1.71,12,0.1425,ccd877912f4826c069e87c7d467f8497b860bd800b81a78cabf2f5617c1d5b60,6ab462282254dde9da98b27b25c83d9d362b1a8c,0487b7ebc94623d8620b00d68767aad498ed167de2de213570c000cb5cd257f0
abl__mixed_complex__w/o_GAT__seed3__ep06,mixed_complex_component_ablation,mixed_complex,w/o GAT,existing_current_table7,3,6,4,100,20,ON,0.1,1,0,0,0,49.342211,49.834933,0.85471,21.5329,23.0719,0.9333,0.797884,0.718793,1,0.833919,0.761095,0.300318,0.7857,1.6785,3.25,12,0.270833,ccd877912f4826c069e87c7d467f8497b860bd800b81a78cabf2f5617c1d5b60,6ab462282254dde9da98b27b25c83d9d362b1a8c,0487b7ebc94623d8620b00d68767aad498ed167de2de213570c000cb5cd257f0
abl__mixed_complex__w/o_GAT__seed3__ep07,mixed_complex_component_ablation,mixed_complex,w/o GAT,existing_current_table7,3,7,4,100,20,ON,0.1,1,0,0,0,48.632071,48.928638,0.801887,21.7701,23.0573,0.9442,0.793676,0.728309,1,0.818642,0.834135,0.294173,0.8738,1.5529,1.61,12,0.134167,ccd877912f4826c069e87c7d467f8497b860bd800b81a78cabf2f5617c1d5b60,6ab462282254dde9da98b27b25c83d9d362b1a8c,0487b7ebc94623d8620b00d68767aad498ed167de2de213570c000cb5cd257f0
abl__mixed_complex__w/o_GAT__seed3__ep08,mixed_complex_component_ablation,mixed_complex,w/o GAT,existing_current_table7,3,8,4,100,20,ON,0.1,1,0,0,0,46.955415,51.760224,0.908446,21.7155,23.1151,0.9395,0.790545,0.757083,0,0.83291,0.834729,0.302449,0.8499,1.6419,2.12,12,0.176667,ccd877912f4826c069e87c7d467f8497b860bd800b81a78cabf2f5617c1d5b60,6ab462282254dde9da98b27b25c83d9d362b1a8c,0487b7ebc94623d8620b00d68767aad498ed167de2de213570c000cb5cd257f0
abl__mixed_complex__w/o_GAT__seed3__ep09,mixed_complex_component_ablation,mixed_complex,w/o GAT,existing_current_table7,3,9,4,100,20,ON,0.1,1,0,0,0,46.951797,50.608338,0.892777,21.7709,23.0576,0.9442,0.787474,0.758242,0,0.838389,0.785316,0.267741,0.9907,1.5717,3.42,12,0.285,ccd877912f4826c069e87c7d467f8497b860bd800b81a78cabf2f5617c1d5b60,6ab462282254dde9da98b27b25c83d9d362b1a8c,0487b7ebc94623d8620b00d68767aad498ed167de2de213570c000cb5cd257f0
abl__mixed_complex__w/o_GAT__seed4__ep00,mixed_complex_component_ablation,mixed_complex,w/o GAT,existing_current_table7,4,0,4,100,20,ON,0.1,1,0,0,0,46.889991,49.891036,1.026508,21.4652,23.0526,0.9311,0.756073,0.681258,0,0.790429,0.760351,0.305254,0.7166,1.392,2.6,12,0.216667,b5ae878647dcd037920c756c58500490afad9783db4e137cc2f1ef9e4d445bf3,6ab462282254dde9da98b27b25c83d9d362b1a8c,0487b7ebc94623d8620b00d68767aad498ed167de2de213570c000cb5cd257f0
abl__mixed_complex__w/o_GAT__seed4__ep01,mixed_complex_component_ablation,mixed_complex,w/o GAT,existing_current_table7,4,1,4,100,20,ON,0.1,1,0,0,0,47.754704,51.806463,1.005443,21.3495,23.0529,0.9261,0.764055,0.710053,1,0.850339,0.835103,0.294999,0.988,1.4195,3.21,12,0.2675,b5ae878647dcd037920c756c58500490afad9783db4e137cc2f1ef9e4d445bf3,6ab462282254dde9da98b27b25c83d9d362b1a8c,0487b7ebc94623d8620b00d68767aad498ed167de2de213570c000cb5cd257f0
abl__mixed_complex__w/o_GAT__seed4__ep02,mixed_complex_component_ablation,mixed_complex,w/o GAT,existing_current_table7,4,2,4,100,20,ON,0.1,1,0,0,0,45.870724,49.582014,0.979949,21.6374,22.9904,0.9412,0.792074,0.693655,2,0.820167,0.829529,0.317466,0.7864,1.6747,2.11,12,0.175833,b5ae878647dcd037920c756c58500490afad9783db4e137cc2f1ef9e4d445bf3,6ab462282254dde9da98b27b25c83d9d362b1a8c,0487b7ebc94623d8620b00d68767aad498ed167de2de213570c000cb5cd257f0
abl__mixed_complex__w/o_GAT__seed4__ep03,mixed_complex_component_ablation,mixed_complex,w/o GAT,existing_current_table7,4,3,4,100,20,ON,0.1,1,0,0,0,47.863965,50.138232,0.873545,21.2931,23.0141,0.9252,0.776543,0.728128,1,0.817188,0.809257,0.326482,0.791,1.6781,2.41,12,0.200833,b5ae878647dcd037920c756c58500490afad9783db4e137cc2f1ef9e4d445bf3,6ab462282254dde9da98b27b25c83d9d362b1a8c,0487b7ebc94623d8620b00d68767aad498ed167de2de213570c000cb5cd257f0
abl__mixed_complex__w/o_GAT__seed4__ep04,mixed_complex_component_ablation,mixed_complex,w/o GAT,existing_current_table7,4,4,4,100,20,ON,0.1,1,0,0,0,44.853947,50.094418,0.980761,21.3252,22.7771,0.9363,0.790305,0.744887,1,0.79473,0.797323,0.355408,0.8236,1.4481,2.11,12,0.175833,b5ae878647dcd037920c756c58500490afad9783db4e137cc2f1ef9e4d445bf3,6ab462282254dde9da98b27b25c83d9d362b1a8c,0487b7ebc94623d8620b00d68767aad498ed167de2de213570c000cb5cd257f0
abl__mixed_complex__w/o_GAT__seed4__ep05,mixed_complex_component_ablation,mixed_complex,w/o GAT,existing_current_table7,4,5,4,100,20,ON,0.1,1,0,0,0,49.936206,51.387868,0.829393,21.3131,23.0095,0.9263,0.784281,0.748346,0,0.842337,0.773999,0.315928,0.7891,1.5143,3.14,12,0.261667,b5ae878647dcd037920c756c58500490afad9783db4e137cc2f1ef9e4d445bf3,6ab462282254dde9da98b27b25c83d9d362b1a8c,0487b7ebc94623d8620b00d68767aad498ed167de2de213570c000cb5cd257f0
abl__mixed_complex__w/o_GAT__seed4__ep06,mixed_complex_component_ablation,mixed_complex,w/o GAT,existing_current_table7,4,6,4,100,20,ON,0.1,1,0,0,0,49.000243,49.343778,0.94978,21.4868,23.0576,0.9319,0.755959,0.719029,1,0.805606,0.814217,0.310848,0.8213,1.6326,3.31,12,0.275833,b5ae878647dcd037920c756c58500490afad9783db4e137cc2f1ef9e4d445bf3,6ab462282254dde9da98b27b25c83d9d362b1a8c,0487b7ebc94623d8620b00d68767aad498ed167de2de213570c000cb5cd257f0
abl__mixed_complex__w/o_GAT__seed4__ep07,mixed_complex_component_ablation,mixed_complex,w/o GAT,existing_current_table7,4,7,4,100,20,ON,0.1,1,0,0,0,44.21974,52.698426,0.706312,21.7218,23.2011,0.9362,0.775011,0.699182,1,0.825478,0.79345,0.302686,0.8157,1.4903,3.13,12,0.260833,b5ae878647dcd037920c756c58500490afad9783db4e137cc2f1ef9e4d445bf3,6ab462282254dde9da98b27b25c83d9d362b1a8c,0487b7ebc94623d8620b00d68767aad498ed167de2de213570c000cb5cd257f0
abl__mixed_complex__w/o_GAT__seed4__ep08,mixed_complex_component_ablation,mixed_complex,w/o GAT,existing_current_table7,4,8,4,100,20,ON,0.1,1,0,0,0,47.640212,52.62203,0.791939,21.372,23.0716,0.9263,0.752884,0.743583,2,0.814754,0.817167,0.330522,0.7266,1.3039,2.45,12,0.204167,b5ae878647dcd037920c756c58500490afad9783db4e137cc2f1ef9e4d445bf3,6ab462282254dde9da98b27b25c83d9d362b1a8c,0487b7ebc94623d8620b00d68767aad498ed167de2de213570c000cb5cd257f0
abl__mixed_complex__w/o_GAT__seed4__ep09,mixed_complex_component_ablation,mixed_complex,w/o GAT,existing_current_table7,4,9,4,100,20,ON,0.1,1,0,0,0,42.608958,50.138337,0.727146,21.4874,23.1342,0.9288,0.775931,0.739142,0,0.867488,0.812766,0.343856,0.8538,1.5045,3.3,12,0.275,b5ae878647dcd037920c756c58500490afad9783db4e137cc2f1ef9e4d445bf3,6ab462282254dde9da98b27b25c83d9d362b1a8c,0487b7ebc94623d8620b00d68767aad498ed167de2de213570c000cb5cd257f0
abl__mixed_complex__w/o_GAT__seed5__ep00,mixed_complex_component_ablation,mixed_complex,w/o GAT,existing_current_table7,5,0,4,100,20,ON,0.1,1,0,0,0,46.324377,48.943647,0.803618,21.586,23.1966,0.9306,0.81809,0.741188,1,0.749197,0.816354,0.290891,0.795,1.533,2.01,12,0.1675,36dace953fba2d632ae3e9307fbc85d3098fab0f2d11dc0067b5c1fbafc87f7c,6ab462282254dde9da98b27b25c83d9d362b1a8c,0487b7ebc94623d8620b00d68767aad498ed167de2de213570c000cb5cd257f0
abl__mixed_complex__w/o_GAT__seed5__ep01,mixed_complex_component_ablation,mixed_complex,w/o GAT,existing_current_table7,5,1,4,100,20,ON,0.1,1,0,0,0,46.922111,48.923647,0.992226,21.2491,23.1154,0.9193,0.80137,0.717216,2,0.742847,0.797856,0.316203,0.8903,1.586,2.43,12,0.2025,36dace953fba2d632ae3e9307fbc85d3098fab0f2d11dc0067b5c1fbafc87f7c,6ab462282254dde9da98b27b25c83d9d362b1a8c,0487b7ebc94623d8620b00d68767aad498ed167de2de213570c000cb5cd257f0
abl__mixed_complex__w/o_GAT__seed5__ep02,mixed_complex_component_ablation,mixed_complex,w/o GAT,existing_current_table7,5,2,4,100,20,ON,0.1,1,0,0,0,47.00028,48.933647,0.748066,21.4643,23.0527,0.9311,0.778941,0.718815,0,0.786824,0.813208,0.271059,0.9267,1.5759,2.74,12,0.228333,36dace953fba2d632ae3e9307fbc85d3098fab0f2d11dc0067b5c1fbafc87f7c,6ab462282254dde9da98b27b25c83d9d362b1a8c,0487b7ebc94623d8620b00d68767aad498ed167de2de213570c000cb5cd257f0
abl__mixed_complex__w/o_GAT__seed5__ep03,mixed_complex_component_ablation,mixed_complex,w/o GAT,existing_current_table7,5,3,4,100,20,ON,0.1,1,0,0,0,45.809574,48.933647,0.80706,21.2999,22.9467,0.9282,0.783059,0.685184,1,0.782839,0.830477,0.297454,0.7356,1.5041,1.64,12,0.136667,36dace953fba2d632ae3e9307fbc85d3098fab0f2d11dc0067b5c1fbafc87f7c,6ab462282254dde9da98b27b25c83d9d362b1a8c,0487b7ebc94623d8620b00d68767aad498ed167de2de213570c000cb5cd257f0
abl__mixed_complex__w/o_GAT__seed5__ep04,mixed_complex_component_ablation,mixed_complex,w/o GAT,existing_current_table7,5,4,4,100,20,ON,0.1,1,0,0,0,46.192394,48.933647,0.845498,21.2983,23.1198,0.9212,0.787627,0.739355,1,0.783841,0.837044,0.297211,0.8154,1.5314,1.94,12,0.161667,36dace953fba2d632ae3e9307fbc85d3098fab0f2d11dc0067b5c1fbafc87f7c,6ab462282254dde9da98b27b25c83d9d362b1a8c,0487b7ebc94623d8620b00d68767aad498ed167de2de213570c000cb5cd257f0
abl__mixed_complex__w/o_GAT__seed5__ep05,mixed_complex_component_ablation,mixed_complex,w/o GAT,existing_current_table7,5,5,4,100,20,ON,0.1,1,0,0,0,48.643386,48.933647,0.646909,21.348,22.9279,0.9311,0.799064,0.710342,0,0.809274,0.794008,0.29117,0.7008,1.3791,3.47,12,0.289167,36dace953fba2d632ae3e9307fbc85d3098fab0f2d11dc0067b5c1fbafc87f7c,6ab462282254dde9da98b27b25c83d9d362b1a8c,0487b7ebc94623d8620b00d68767aad498ed167de2de213570c000cb5cd257f0
abl__mixed_complex__w/o_GAT__seed5__ep06,mixed_complex_component_ablation,mixed_complex,w/o GAT,existing_current_table7,5,6,4,100,20,ON,0.1,1,0,0,0,46.26038,48.933647,0.633623,21.3831,23.1342,0.9243,0.765406,0.741947,1,0.789202,0.789447,0.294232,0.9189,1.5345,3.43,12,0.285833,36dace953fba2d632ae3e9307fbc85d3098fab0f2d11dc0067b5c1fbafc87f7c,6ab462282254dde9da98b27b25c83d9d362b1a8c,0487b7ebc94623d8620b00d68767aad498ed167de2de213570c000cb5cd257f0
abl__mixed_complex__w/o_GAT__seed5__ep07,mixed_complex_component_ablation,mixed_complex,w/o GAT,existing_current_table7,5,7,4,100,20,ON,0.1,1,0,0,0,44.375702,48.933647,0.71666,21.6514,23.2401,0.9316,0.778015,0.756876,1,0.768684,0.834334,0.317098,0.9748,1.3352,3.28,12,0.273333,36dace953fba2d632ae3e9307fbc85d3098fab0f2d11dc0067b5c1fbafc87f7c,6ab462282254dde9da98b27b25c83d9d362b1a8c,0487b7ebc94623d8620b00d68767aad498ed167de2de213570c000cb5cd257f0
abl__mixed_complex__w/o_GAT__seed5__ep08,mixed_complex_component_ablation,mixed_complex,w/o GAT,existing_current_table7,5,8,4,100,20,ON,0.1,1,0,0,0,47.766572,48.933647,0.784662,21.6466,23.2445,0.9313,0.784216,0.684728,1,0.766294,0.782466,0.308457,0.7784,1.6115,2.02,12,0.168333,36dace953fba2d632ae3e9307fbc85d3098fab0f2d11dc0067b5c1fbafc87f7c,6ab462282254dde9da98b27b25c83d9d362b1a8c,0487b7ebc94623d8620b00d68767aad498ed167de2de213570c000cb5cd257f0
abl__mixed_complex__w/o_GAT__seed5__ep09,mixed_complex_component_ablation,mixed_complex,w/o GAT,existing_current_table7,5,9,4,100,20,ON,0.1,1,0,0,0,43.128916,48.933647,0.661882,21.4929,22.7817,0.9434,0.784865,0.682721,1,0.759917,0.764687,0.291131,0.9748,1.465,2.16,12,0.18,36dace953fba2d632ae3e9307fbc85d3098fab0f2d11dc0067b5c1fbafc87f7c,6ab462282254dde9da98b27b25c83d9d362b1a8c,0487b7ebc94623d8620b00d68767aad498ed167de2de213570c000cb5cd257f0
abl__mixed_complex__w/o_GAT__seed6__ep00,mixed_complex_component_ablation,mixed_complex,w/o GAT,existing_current_table7,6,0,4,100,20,ON,0.1,1,0,0,0,49.826916,49.57277,1.218672,21.3901,22.9018,0.934,0.770824,0.750087,1,0.856788,0.826287,0.264158,0.7257,1.6125,2.91,12,0.2425,abf2fa4df10076405a24f1bfbd523dbf0af6cef96428c164f1d4a77644e5942b,6ab462282254dde9da98b27b25c83d9d362b1a8c,0487b7ebc94623d8620b00d68767aad498ed167de2de213570c000cb5cd257f0
abl__mixed_complex__w/o_GAT__seed6__ep01,mixed_complex_component_ablation,mixed_complex,w/o GAT,existing_current_table7,6,1,4,100,20,ON,0.1,1,0,0,0,45.651207,49.55277,1.42656,21.5316,23.0095,0.9358,0.777964,0.688533,0,0.75822,0.795785,0.28682,0.7604,1.3708,2.87,12,0.239167,abf2fa4df10076405a24f1bfbd523dbf0af6cef96428c164f1d4a77644e5942b,6ab462282254dde9da98b27b25c83d9d362b1a8c,0487b7ebc94623d8620b00d68767aad498ed167de2de213570c000cb5cd257f0
abl__mixed_complex__w/o_GAT__seed6__ep02,mixed_complex_component_ablation,mixed_complex,w/o GAT,existing_current_table7,6,2,4,100,20,ON,0.1,1,0,0,0,47.132793,49.56277,1.278626,21.5769,23.1777,0.9309,0.751281,0.708602,1,0.767921,0.822674,0.267788,0.8398,1.3196,3.18,12,0.265,abf2fa4df10076405a24f1bfbd523dbf0af6cef96428c164f1d4a77644e5942b,6ab462282254dde9da98b27b25c83d9d362b1a8c,0487b7ebc94623d8620b00d68767aad498ed167de2de213570c000cb5cd257f0
abl__mixed_complex__w/o_GAT__seed6__ep03,mixed_complex_component_ablation,mixed_complex,w/o GAT,existing_current_table7,6,3,4,100,20,ON,0.1,1,0,0,0,45.449053,49.56277,1.167673,21.5152,22.9692,0.9367,0.769027,0.75024,1,0.806856,0.804357,0.288612,0.7412,1.5686,2.46,12,0.205,abf2fa4df10076405a24f1bfbd523dbf0af6cef96428c164f1d4a77644e5942b,6ab462282254dde9da98b27b25c83d9d362b1a8c,0487b7ebc94623d8620b00d68767aad498ed167de2de213570c000cb5cd257f0
abl__mixed_complex__w/o_GAT__seed6__ep04,mixed_complex_component_ablation,mixed_complex,w/o GAT,existing_current_table7,6,4,4,100,20,ON,0.1,1,0,0,0,47.210117,49.56277,1.339344,21.7879,22.8654,0.9529,0.776624,0.698679,1,0.749864,0.813068,0.289239,0.9599,1.6108,3.26,12,0.271667,abf2fa4df10076405a24f1bfbd523dbf0af6cef96428c164f1d4a77644e5942b,6ab462282254dde9da98b27b25c83d9d362b1a8c,0487b7ebc94623d8620b00d68767aad498ed167de2de213570c000cb5cd257f0
abl__mixed_complex__w/o_GAT__seed6__ep05,mixed_complex_component_ablation,mixed_complex,w/o GAT,existing_current_table7,6,5,4,100,20,ON,0.1,1,0,0,0,50.381452,49.56277,1.170317,21.3042,23.1342,0.9209,0.751889,0.71896,1,0.763884,0.806717,0.259644,0.9368,1.3646,2.1,12,0.175,abf2fa4df10076405a24f1bfbd523dbf0af6cef96428c164f1d4a77644e5942b,6ab462282254dde9da98b27b25c83d9d362b1a8c,0487b7ebc94623d8620b00d68767aad498ed167de2de213570c000cb5cd257f0
abl__mixed_complex__w/o_GAT__seed6__ep06,mixed_complex_component_ablation,mixed_complex,w/o GAT,existing_current_table7,6,6,4,100,20,ON,0.1,1,0,0,0,50.211534,49.56277,1.050812,21.4558,23.1777,0.9257,0.781369,0.745021,0,0.730236,0.766278,0.245563,0.9172,1.4726,3.3,12,0.275,abf2fa4df10076405a24f1bfbd523dbf0af6cef96428c164f1d4a77644e5942b,6ab462282254dde9da98b27b25c83d9d362b1a8c,0487b7ebc94623d8620b00d68767aad498ed167de2de213570c000cb5cd257f0
abl__mixed_complex__w/o_GAT__seed6__ep07,mixed_complex_component_ablation,mixed_complex,w/o GAT,existing_current_table7,6,7,4,100,20,ON,0.1,1,0,0,0,45.280491,49.56277,1.399426,21.2472,22.822,0.931,0.773411,0.744361,0,0.705177,0.814462,0.263265,0.834,1.6438,2.68,12,0.223333,abf2fa4df10076405a24f1bfbd523dbf0af6cef96428c164f1d4a77644e5942b,6ab462282254dde9da98b27b25c83d9d362b1a8c,0487b7ebc94623d8620b00d68767aad498ed167de2de213570c000cb5cd257f0
abl__mixed_complex__w/o_GAT__seed6__ep08,mixed_complex_component_ablation,mixed_complex,w/o GAT,existing_current_table7,6,8,4,100,20,ON,0.1,1,0,0,0,44.62758,49.56277,1.917738,21.7744,23.1342,0.9412,0.764462,0.709777,0,0.788684,0.76525,0.273793,0.8097,1.4396,3.17,12,0.264167,abf2fa4df10076405a24f1bfbd523dbf0af6cef96428c164f1d4a77644e5942b,6ab462282254dde9da98b27b25c83d9d362b1a8c,0487b7ebc94623d8620b00d68767aad498ed167de2de213570c000cb5cd257f0
abl__mixed_complex__w/o_GAT__seed6__ep09,mixed_complex_component_ablation,mixed_complex,w/o GAT,existing_current_table7,6,9,4,100,20,ON,0.1,1,0,0,0,50.089156,49.56277,1.23325,21.5768,23.1195,0.9333,0.748794,0.741405,2,0.755471,0.781675,0.283172,0.8164,1.5086,1.53,12,0.1275,abf2fa4df10076405a24f1bfbd523dbf0af6cef96428c164f1d4a77644e5942b,6ab462282254dde9da98b27b25c83d9d362b1a8c,0487b7ebc94623d8620b00d68767aad498ed167de2de213570c000cb5cd257f0
abl__mixed_complex__w/o_GAT__seed7__ep00,mixed_complex_component_ablation,mixed_complex,w/o GAT,existing_current_table7,7,0,4,100,20,ON,0.1,1,0,0,0,46.221246,49.421108,1.007763,21.6626,22.9279,0.9448,0.769801,0.692277,1,0.793351,0.785765,0.302141,0.8819,1.3253,3.5,12,0.291667,dca787af59dc702b52ed495bb98e04a6514aede0c2c75ca86d5e6d2a1568ad0d,6ab462282254dde9da98b27b25c83d9d362b1a8c,0487b7ebc94623d8620b00d68767aad498ed167de2de213570c000cb5cd257f0
abl__mixed_complex__w/o_GAT__seed7__ep01,mixed_complex_component_ablation,mixed_complex,w/o GAT,existing_current_table7,7,1,4,100,20,ON,0.1,1,0,0,0,49.306929,50.720681,1.171952,21.4926,23.0095,0.9341,0.805789,0.694096,1,0.740499,0.831392,0.31933,0.9434,1.4458,2.49,12,0.2075,dca787af59dc702b52ed495bb98e04a6514aede0c2c75ca86d5e6d2a1568ad0d,6ab462282254dde9da98b27b25c83d9d362b1a8c,0487b7ebc94623d8620b00d68767aad498ed167de2de213570c000cb5cd257f0
abl__mixed_complex__w/o_GAT__seed7__ep02,mixed_complex_component_ablation,mixed_complex,w/o GAT,existing_current_table7,7,2,4,100,20,ON,0.1,1,0,0,0,47.940031,49.367099,1.026423,21.2504,23.0893,0.9204,0.783824,0.703398,1,0.77856,0.797715,0.292734,0.855,1.3326,3.25,12,0.270833,dca787af59dc702b52ed495bb98e04a6514aede0c2c75ca86d5e6d2a1568ad0d,6ab462282254dde9da98b27b25c83d9d362b1a8c,0487b7ebc94623d8620b00d68767aad498ed167de2de213570c000cb5cd257f0
abl__mixed_complex__w/o_GAT__seed7__ep03,mixed_complex_component_ablation,mixed_complex,w/o GAT,existing_current_table7,7,3,4,100,20,ON,0.1,1,0,0,0,48.031515,51.109785,1.280055,21.3447,23.0576,0.9257,0.776073,0.686685,0,0.817687,0.786912,0.28886,0.9094,1.3651,1.62,12,0.135,dca787af59dc702b52ed495bb98e04a6514aede0c2c75ca86d5e6d2a1568ad0d,6ab462282254dde9da98b27b25c83d9d362b1a8c,0487b7ebc94623d8620b00d68767aad498ed167de2de213570c000cb5cd257f0
abl__mixed_complex__w/o_GAT__seed7__ep04,mixed_complex_component_ablation,mixed_complex,w/o GAT,existing_current_table7,7,4,4,100,20,ON,0.1,1,0,0,0,49.27019,50.879034,1.228957,21.7266,23.1777,0.9374,0.788971,0.702889,0,0.77855,0.83665,0.315744,0.7674,1.345,3.36,12,0.28,dca787af59dc702b52ed495bb98e04a6514aede0c2c75ca86d5e6d2a1568ad0d,6ab462282254dde9da98b27b25c83d9d362b1a8c,0487b7ebc94623d8620b00d68767aad498ed167de2de213570c000cb5cd257f0
abl__mixed_complex__w/o_GAT__seed7__ep05,mixed_complex_component_ablation,mixed_complex,w/o GAT,existing_current_table7,7,5,4,100,20,ON,0.1,1,0,0,0,51.987992,52.372675,0.684193,21.3412,23.0716,0.925,0.784964,0.692692,0,0.744126,0.785553,0.301441,0.7135,1.5443,3.3,12,0.275,dca787af59dc702b52ed495bb98e04a6514aede0c2c75ca86d5e6d2a1568ad0d,6ab462282254dde9da98b27b25c83d9d362b1a8c,0487b7ebc94623d8620b00d68767aad498ed167de2de213570c000cb5cd257f0
abl__mixed_complex__w/o_GAT__seed7__ep06,mixed_complex_component_ablation,mixed_complex,w/o GAT,existing_current_table7,7,6,4,100,20,ON,0.1,1,0,0,0,49.71828,50.926748,1.063154,21.7345,23.0095,0.9446,0.793569,0.68092,0,0.803779,0.779539,0.335193,0.9438,1.5486,3.07,12,0.255833,dca787af59dc702b52ed495bb98e04a6514aede0c2c75ca86d5e6d2a1568ad0d,6ab462282254dde9da98b27b25c83d9d362b1a8c,0487b7ebc94623d8620b00d68767aad498ed167de2de213570c000cb5cd257f0
abl__mixed_complex__w/o_GAT__seed7__ep07,mixed_complex_component_ablation,mixed_complex,w/o GAT,existing_current_table7,7,7,4,100,20,ON,0.1,1,0,0,0,43.998471,47.390069,1.269983,21.3934,22.9467,0.9323,0.779716,0.749979,1,0.717038,0.824041,0.306199,0.7428,1.3501,2.3,12,0.191667,dca787af59dc702b52ed495bb98e04a6514aede0c2c75ca86d5e6d2a1568ad0d,6ab462282254dde9da98b27b25c83d9d362b1a8c,0487b7ebc94623d8620b00d68767aad498ed167de2de213570c000cb5cd257f0
abl__mixed_complex__w/o_GAT__seed7__ep08,mixed_complex_component_ablation,mixed_complex,w/o GAT,existing_current_table7,7,8,4,100,20,ON,0.1,1,0,0,0,49.796474,50.871873,1.135288,21.6546,23.1823,0.9341,0.783643,0.709763,0,0.770755,0.822735,0.30041,0.745,1.6239,2.9,12,0.241667,dca787af59dc702b52ed495bb98e04a6514aede0c2c75ca86d5e6d2a1568ad0d,6ab462282254dde9da98b27b25c83d9d362b1a8c,0487b7ebc94623d8620b00d68767aad498ed167de2de213570c000cb5cd257f0
abl__mixed_complex__w/o_GAT__seed7__ep09,mixed_complex_component_ablation,mixed_complex,w/o GAT,existing_current_table7,7,9,4,100,20,ON,0.1,1,0,0,0,49.122247,49.698104,0.98597,21.6913,22.9642,0.9446,0.801533,0.738157,0,0.79122,0.833862,0.294909,0.8633,1.6446,2.69,12,0.224167,dca787af59dc702b52ed495bb98e04a6514aede0c2c75ca86d5e6d2a1568ad0d,6ab462282254dde9da98b27b25c83d9d362b1a8c,0487b7ebc94623d8620b00d68767aad498ed167de2de213570c000cb5cd257f0
abl__mixed_complex__fixed_reduced-term_reward_configuration__seed0__ep00,mixed_complex_component_ablation,mixed_complex,fixed reduced-term reward configuration,existing_current_table7,0,0,4,100,20,ON,0.1,1,0,0,0,47.878291,52.549156,1.147452,21.4121,23.0091,0.9306,0.80809,0.734603,0,0.761454,0.818429,0.273313,0.8347,1.3238,2.44,12,0.203333,4bbb4e133e532db090e4e34eeeee839c5571a38f3ae543e1fc03502947199c47,6ab462282254dde9da98b27b25c83d9d362b1a8c,b5c8bbd87e14f8b32c775f14b4d4eff170af33579522dcc3f08417b03602502f
abl__mixed_complex__fixed_reduced-term_reward_configuration__seed0__ep01,mixed_complex_component_ablation,mixed_complex,fixed reduced-term reward configuration,existing_current_table7,0,1,4,100,20,ON,0.1,1,0,0,0,47.801578,52.425141,0.668487,21.3833,23.1342,0.9243,0.778069,0.723709,0,0.802085,0.83275,0.284917,0.8763,1.3252,2.02,12,0.168333,4bbb4e133e532db090e4e34eeeee839c5571a38f3ae543e1fc03502947199c47,6ab462282254dde9da98b27b25c83d9d362b1a8c,b5c8bbd87e14f8b32c775f14b4d4eff170af33579522dcc3f08417b03602502f
abl__mixed_complex__fixed_reduced-term_reward_configuration__seed0__ep02,mixed_complex_component_ablation,mixed_complex,fixed reduced-term reward configuration,existing_current_table7,0,2,4,100,20,ON,0.1,1,0,0,0,47.526656,53.61187,1.165552,21.5833,22.9326,0.9412,0.771663,0.753847,1,0.884285,0.785285,0.292742,0.8962,1.6034,2.31,12,0.1925,4bbb4e133e532db090e4e34eeeee839c5571a38f3ae543e1fc03502947199c47,6ab462282254dde9da98b27b25c83d9d362b1a8c,b5c8bbd87e14f8b32c775f14b4d4eff170af33579522dcc3f08417b03602502f
abl__mixed_complex__fixed_reduced-term_reward_configuration__seed0__ep03,mixed_complex_component_ablation,mixed_complex,fixed reduced-term reward configuration,existing_current_table7,0,3,4,100,20,ON,0.1,1,0,0,0,44.65431,53.432045,0.923678,21.4686,23.0527,0.9313,0.78012,0.696483,1,0.781491,0.79985,0.264363,0.7349,1.591,3.32,12,0.276667,4bbb4e133e532db090e4e34eeeee839c5571a38f3ae543e1fc03502947199c47,6ab462282254dde9da98b27b25c83d9d362b1a8c,b5c8bbd87e14f8b32c775f14b4d4eff170af33579522dcc3f08417b03602502f
abl__mixed_complex__fixed_reduced-term_reward_configuration__seed0__ep04,mixed_complex_component_ablation,mixed_complex,fixed reduced-term reward configuration,existing_current_table7,0,4,4,100,20,ON,0.1,1,0,0,0,47.174927,51.921716,1.074388,21.4188,23.1777,0.9241,0.808931,0.690242,1,0.78808,0.783229,0.290722,0.7343,1.4214,1.99,12,0.165833,4bbb4e133e532db090e4e34eeeee839c5571a38f3ae543e1fc03502947199c47,6ab462282254dde9da98b27b25c83d9d362b1a8c,b5c8bbd87e14f8b32c775f14b4d4eff170af33579522dcc3f08417b03602502f
abl__mixed_complex__fixed_reduced-term_reward_configuration__seed0__ep05,mixed_complex_component_ablation,mixed_complex,fixed reduced-term reward configuration,existing_current_table7,0,5,4,100,20,ON,0.1,1,0,0,0,48.814576,49.558215,1.193677,21.7214,23.1388,0.9387,0.782517,0.705963,1,0.808709,0.838339,0.287257,0.7792,1.3702,2.58,12,0.215,4bbb4e133e532db090e4e34eeeee839c5571a38f3ae543e1fc03502947199c47,6ab462282254dde9da98b27b25c83d9d362b1a8c,b5c8bbd87e14f8b32c775f14b4d4eff170af33579522dcc3f08417b03602502f
abl__mixed_complex__fixed_reduced-term_reward_configuration__seed0__ep06,mixed_complex_component_ablation,mixed_complex,fixed reduced-term reward configuration,existing_current_table7,0,6,4,100,20,ON,0.1,1,0,0,0,50.50516,51.710128,1.134029,21.7893,22.9948,0.9476,0.787951,0.713727,1,0.906146,0.779241,0.287648,0.8799,1.6991,3.16,12,0.263333,4bbb4e133e532db090e4e34eeeee839c5571a38f3ae543e1fc03502947199c47,6ab462282254dde9da98b27b25c83d9d362b1a8c,b5c8bbd87e14f8b32c775f14b4d4eff170af33579522dcc3f08417b03602502f
abl__mixed_complex__fixed_reduced-term_reward_configuration__seed0__ep07,mixed_complex_component_ablation,mixed_complex,fixed reduced-term reward configuration,existing_current_table7,0,7,4,100,20,ON,0.1,1,0,0,0,47.239928,53.762632,0.987743,21.515,23.0529,0.9333,0.799036,0.747413,1,0.784511,0.793262,0.270814,0.9107,1.5285,2.33,12,0.194167,4bbb4e133e532db090e4e34eeeee839c5571a38f3ae543e1fc03502947199c47,6ab462282254dde9da98b27b25c83d9d362b1a8c,b5c8bbd87e14f8b32c775f14b4d4eff170af33579522dcc3f08417b03602502f
abl__mixed_complex__fixed_reduced-term_reward_configuration__seed0__ep08,mixed_complex_component_ablation,mixed_complex,fixed reduced-term reward configuration,existing_current_table7,0,8,4,100,20,ON,0.1,1,0,0,0,47.24167,52.529051,0.953287,21.6149,22.9902,0.9402,0.786348,0.69042,0,0.785709,0.78447,0.282142,0.9629,1.6019,2.62,12,0.218333,4bbb4e133e532db090e4e34eeeee839c5571a38f3ae543e1fc03502947199c47,6ab462282254dde9da98b27b25c83d9d362b1a8c,b5c8bbd87e14f8b32c775f14b4d4eff170af33579522dcc3f08417b03602502f
abl__mixed_complex__fixed_reduced-term_reward_configuration__seed0__ep09,mixed_complex_component_ablation,mixed_complex,fixed reduced-term reward configuration,existing_current_table7,0,9,4,100,20,ON,0.1,1,0,0,0,45.380156,50.035199,1.123972,21.7418,23.0095,0.9449,0.803135,0.730427,1,0.792194,0.804706,0.27272,0.9041,1.6286,1.53,12,0.1275,4bbb4e133e532db090e4e34eeeee839c5571a38f3ae543e1fc03502947199c47,6ab462282254dde9da98b27b25c83d9d362b1a8c,b5c8bbd87e14f8b32c775f14b4d4eff170af33579522dcc3f08417b03602502f
abl__mixed_complex__fixed_reduced-term_reward_configuration__seed1__ep00,mixed_complex_component_ablation,mixed_complex,fixed reduced-term reward configuration,existing_current_table7,1,0,4,100,20,ON,0.1,1,0,0,0,49.513047,51.027536,0.569349,21.4608,22.9948,0.9333,0.785783,0.729189,1,0.79534,0.771899,0.295299,0.8835,1.5405,1.66,12,0.138333,7d5f3b0062c9a4f2a27e2d76e1d4dd3fa296a75cc349a80c3064ed2ee996c748,6ab462282254dde9da98b27b25c83d9d362b1a8c,b5c8bbd87e14f8b32c775f14b4d4eff170af33579522dcc3f08417b03602502f
abl__mixed_complex__fixed_reduced-term_reward_configuration__seed1__ep01,mixed_complex_component_ablation,mixed_complex,fixed reduced-term reward configuration,existing_current_table7,1,1,4,100,20,ON,0.1,1,0,0,0,46.888716,49.627435,0.83089,21.455,23.1388,0.9272,0.787238,0.686125,1,0.79427,0.816534,0.306571,0.7546,1.5301,2,12,0.166667,7d5f3b0062c9a4f2a27e2d76e1d4dd3fa296a75cc349a80c3064ed2ee996c748,6ab462282254dde9da98b27b25c83d9d362b1a8c,b5c8bbd87e14f8b32c775f14b4d4eff170af33579522dcc3f08417b03602502f
abl__mixed_complex__fixed_reduced-term_reward_configuration__seed1__ep02,mixed_complex_component_ablation,mixed_complex,fixed reduced-term reward configuration,existing_current_table7,1,2,4,100,20,ON,0.1,1,0,0,0,52.562414,53.158744,0.731471,21.2454,22.8845,0.9284,0.77913,0.72168,1,0.692178,0.825093,0.310014,0.8713,1.5042,3.43,12,0.285833,7d5f3b0062c9a4f2a27e2d76e1d4dd3fa296a75cc349a80c3064ed2ee996c748,6ab462282254dde9da98b27b25c83d9d362b1a8c,b5c8bbd87e14f8b32c775f14b4d4eff170af33579522dcc3f08417b03602502f
abl__mixed_complex__fixed_reduced-term_reward_configuration__seed1__ep03,mixed_complex_component_ablation,mixed_complex,fixed reduced-term reward configuration,existing_current_table7,1,3,4,100,20,ON,0.1,1,0,0,0,48.879138,53.906383,0.808616,21.3516,23.1154,0.9237,0.770652,0.717859,2,0.817805,0.769612,0.311486,0.8722,1.6904,3.37,12,0.280833,7d5f3b0062c9a4f2a27e2d76e1d4dd3fa296a75cc349a80c3064ed2ee996c748,6ab462282254dde9da98b27b25c83d9d362b1a8c,b5c8bbd87e14f8b32c775f14b4d4eff170af33579522dcc3f08417b03602502f
abl__mixed_complex__fixed_reduced-term_reward_configuration__seed1__ep04,mixed_complex_component_ablation,mixed_complex,fixed reduced-term reward configuration,existing_current_table7,1,4,4,100,20,ON,0.1,1,0,0,0,47.509645,49.307599,0.79225,21.5919,22.9467,0.941,0.781834,0.721362,1,0.787153,0.79915,0.30269,0.8522,1.475,1.6,12,0.133333,7d5f3b0062c9a4f2a27e2d76e1d4dd3fa296a75cc349a80c3064ed2ee996c748,6ab462282254dde9da98b27b25c83d9d362b1a8c,b5c8bbd87e14f8b32c775f14b4d4eff170af33579522dcc3f08417b03602502f
abl__mixed_complex__fixed_reduced-term_reward_configuration__seed1__ep05,mixed_complex_component_ablation,mixed_complex,fixed reduced-term reward configuration,existing_current_table7,1,5,4,100,20,ON,0.1,1,0,0,0,48.19488,55.33942,0.653945,21.7611,23.1777,0.9389,0.791395,0.71171,0,0.766617,0.773655,0.284286,0.784,1.3676,2.23,12,0.185833,7d5f3b0062c9a4f2a27e2d76e1d4dd3fa296a75cc349a80c3064ed2ee996c748,6ab462282254dde9da98b27b25c83d9d362b1a8c,b5c8bbd87e14f8b32c775f14b4d4eff170af33579522dcc3f08417b03602502f
abl__mixed_complex__fixed_reduced-term_reward_configuration__seed1__ep06,mixed_complex_component_ablation,mixed_complex,fixed reduced-term reward configuration,existing_current_table7,1,6,4,100,20,ON,0.1,1,0,0,0,47.822465,48.780982,0.627858,21.6583,23.1195,0.9368,0.778641,0.73784,1,0.776066,0.810791,0.308797,0.8704,1.3397,2.51,12,0.209167,7d5f3b0062c9a4f2a27e2d76e1d4dd3fa296a75cc349a80c3064ed2ee996c748,6ab462282254dde9da98b27b25c83d9d362b1a8c,b5c8bbd87e14f8b32c775f14b4d4eff170af33579522dcc3f08417b03602502f
abl__mixed_complex__fixed_reduced-term_reward_configuration__seed1__ep07,mixed_complex_component_ablation,mixed_complex,fixed reduced-term reward configuration,existing_current_table7,1,7,4,100,20,ON,0.1,1,0,0,0,48.676892,49.439282,0.922154,21.5355,23.0527,0.9342,0.75489,0.681311,0,0.837502,0.774541,0.315403,0.9089,1.4152,2.37,12,0.1975,7d5f3b0062c9a4f2a27e2d76e1d4dd3fa296a75cc349a80c3064ed2ee996c748,6ab462282254dde9da98b27b25c83d9d362b1a8c,b5c8bbd87e14f8b32c775f14b4d4eff170af33579522dcc3f08417b03602502f
abl__mixed_complex__fixed_reduced-term_reward_configuration__seed1__ep08,mixed_complex_component_ablation,mixed_complex,fixed reduced-term reward configuration,existing_current_table7,1,8,4,100,20,ON,0.1,1,0,0,0,47.948157,48.122411,0.780186,21.286,23.2011,0.9175,0.777556,0.690895,1,0.770568,0.835865,0.274937,0.8522,1.4602,2.69,12,0.224167,7d5f3b0062c9a4f2a27e2d76e1d4dd3fa296a75cc349a80c3064ed2ee996c748,6ab462282254dde9da98b27b25c83d9d362b1a8c,b5c8bbd87e14f8b32c775f14b4d4eff170af33579522dcc3f08417b03602502f
abl__mixed_complex__fixed_reduced-term_reward_configuration__seed1__ep09,mixed_complex_component_ablation,mixed_complex,fixed reduced-term reward configuration,existing_current_table7,1,9,4,100,20,ON,0.1,1,0,0,0,48.104007,53.895347,0.802866,21.5329,23.0529,0.9341,0.7834,0.75131,0,0.768933,0.776796,0.328143,0.895,1.3713,1.6,12,0.133333,7d5f3b0062c9a4f2a27e2d76e1d4dd3fa296a75cc349a80c3064ed2ee996c748,6ab462282254dde9da98b27b25c83d9d362b1a8c,b5c8bbd87e14f8b32c775f14b4d4eff170af33579522dcc3f08417b03602502f
abl__mixed_complex__fixed_reduced-term_reward_configuration__seed2__ep00,mixed_complex_component_ablation,mixed_complex,fixed reduced-term reward configuration,existing_current_table7,2,0,4,100,20,ON,0.1,1,0,0,0,46.67518,50.80385,1.949947,21.6823,22.9323,0.9455,0.795294,0.700457,0,0.811565,0.767335,0.294569,0.9567,1.5411,2.64,12,0.22,b17344d0d4096c9f7ee00e0374d2f12c616cba908d4b40562c3ee613efb97a81,6ab462282254dde9da98b27b25c83d9d362b1a8c,b5c8bbd87e14f8b32c775f14b4d4eff170af33579522dcc3f08417b03602502f
abl__mixed_complex__fixed_reduced-term_reward_configuration__seed2__ep01,mixed_complex_component_ablation,mixed_complex,fixed reduced-term reward configuration,existing_current_table7,2,1,4,100,20,ON,0.1,1,0,0,0,47.173075,50.166748,1.306567,21.4835,23.0576,0.9317,0.780809,0.754658,0,0.7907,0.784665,0.298145,0.7657,1.672,2.18,12,0.181667,b17344d0d4096c9f7ee00e0374d2f12c616cba908d4b40562c3ee613efb97a81,6ab462282254dde9da98b27b25c83d9d362b1a8c,b5c8bbd87e14f8b32c775f14b4d4eff170af33579522dcc3f08417b03602502f
abl__mixed_complex__fixed_reduced-term_reward_configuration__seed2__ep02,mixed_complex_component_ablation,mixed_complex,fixed reduced-term reward configuration,existing_current_table7,2,2,4,100,20,ON,0.1,1,0,0,0,49.181131,49.697885,1.418548,21.4578,22.947,0.9351,0.796606,0.735169,1,0.887236,0.80717,0.331033,0.9832,1.526,2,12,0.166667,b17344d0d4096c9f7ee00e0374d2f12c616cba908d4b40562c3ee613efb97a81,6ab462282254dde9da98b27b25c83d9d362b1a8c,b5c8bbd87e14f8b32c775f14b4d4eff170af33579522dcc3f08417b03602502f
abl__mixed_complex__fixed_reduced-term_reward_configuration__seed2__ep03,mixed_complex_component_ablation,mixed_complex,fixed reduced-term reward configuration,existing_current_table7,2,3,4,100,20,ON,0.1,1,0,0,0,48.609088,50.521865,1.52646,21.2518,23.1966,0.9162,0.801552,0.708576,1,0.882371,0.81139,0.276958,0.7518,1.3065,2.73,12,0.2275,b17344d0d4096c9f7ee00e0374d2f12c616cba908d4b40562c3ee613efb97a81,6ab462282254dde9da98b27b25c83d9d362b1a8c,b5c8bbd87e14f8b32c775f14b4d4eff170af33579522dcc3f08417b03602502f
abl__mixed_complex__fixed_reduced-term_reward_configuration__seed2__ep04,mixed_complex_component_ablation,mixed_complex,fixed reduced-term reward configuration,existing_current_table7,2,4,4,100,20,ON,0.1,1,0,0,0,48.459764,50.231016,1.612915,21.2787,22.8654,0.9306,0.768236,0.71692,0,0.824436,0.782759,0.316281,0.8843,1.5202,2.9,12,0.241667,b17344d0d4096c9f7ee00e0374d2f12c616cba908d4b40562c3ee613efb97a81,6ab462282254dde9da98b27b25c83d9d362b1a8c,b5c8bbd87e14f8b32c775f14b4d4eff170af33579522dcc3f08417b03602502f
abl__mixed_complex__fixed_reduced-term_reward_configuration__seed2__ep05,mixed_complex_component_ablation,mixed_complex,fixed reduced-term reward configuration,existing_current_table7,2,5,4,100,20,ON,0.1,1,0,0,0,49.429403,50.59906,1.006078,21.5007,23.1342,0.9294,0.781941,0.737186,1,0.814836,0.826452,0.288682,0.7857,1.3544,3.06,12,0.255,b17344d0d4096c9f7ee00e0374d2f12c616cba908d4b40562c3ee613efb97a81,6ab462282254dde9da98b27b25c83d9d362b1a8c,b5c8bbd87e14f8b32c775f14b4d4eff170af33579522dcc3f08417b03602502f
abl__mixed_complex__fixed_reduced-term_reward_configuration__seed2__ep06,mixed_complex_component_ablation,mixed_complex,fixed reduced-term reward configuration,existing_current_table7,2,6,4,100,20,ON,0.1,1,0,0,0,43.813021,51.358335,1.356381,21.33,23.1823,0.9201,0.793628,0.729439,0,0.888136,0.767135,0.240385,0.8636,1.3705,1.91,12,0.159167,b17344d0d4096c9f7ee00e0374d2f12c616cba908d4b40562c3ee613efb97a81,6ab462282254dde9da98b27b25c83d9d362b1a8c,b5c8bbd87e14f8b32c775f14b4d4eff170af33579522dcc3f08417b03602502f
abl__mixed_complex__fixed_reduced-term_reward_configuration__seed2__ep07,mixed_complex_component_ablation,mixed_complex,fixed reduced-term reward configuration,existing_current_table7,2,7,4,100,20,ON,0.1,1,0,0,0,47.883081,49.438167,1.074302,21.7123,22.9902,0.9444,0.802018,0.68956,1,0.894163,0.828422,0.313082,0.8413,1.4978,2.92,12,0.243333,b17344d0d4096c9f7ee00e0374d2f12c616cba908d4b40562c3ee613efb97a81,6ab462282254dde9da98b27b25c83d9d362b1a8c,b5c8bbd87e14f8b32c775f14b4d4eff170af33579522dcc3f08417b03602502f
abl__mixed_complex__fixed_reduced-term_reward_configuration__seed2__ep08,mixed_complex_component_ablation,mixed_complex,fixed reduced-term reward configuration,existing_current_table7,2,8,4,100,20,ON,0.1,1,0,0,0,43.541273,50.717123,1.213947,21.7512,23.0529,0.9435,0.804641,0.701442,1,0.812968,0.826681,0.29245,0.968,1.3327,2.99,12,0.249167,b17344d0d4096c9f7ee00e0374d2f12c616cba908d4b40562c3ee613efb97a81,6ab462282254dde9da98b27b25c83d9d362b1a8c,b5c8bbd87e14f8b32c775f14b4d4eff170af33579522dcc3f08417b03602502f
abl__mixed_complex__fixed_reduced-term_reward_configuration__seed2__ep09,mixed_complex_component_ablation,mixed_complex,fixed reduced-term reward configuration,existing_current_table7,2,9,4,100,20,ON,0.1,1,0,0,0,48.582242,52.288338,1.345095,21.4164,23.2401,0.9215,0.797154,0.73385,1,0.826384,0.774038,0.341118,0.8112,1.3498,3.31,12,0.275833,b17344d0d4096c9f7ee00e0374d2f12c616cba908d4b40562c3ee613efb97a81,6ab462282254dde9da98b27b25c83d9d362b1a8c,b5c8bbd87e14f8b32c775f14b4d4eff170af33579522dcc3f08417b03602502f
abl__mixed_complex__fixed_reduced-term_reward_configuration__seed3__ep00,mixed_complex_component_ablation,mixed_complex,fixed reduced-term reward configuration,existing_current_table7,3,0,4,100,20,ON,0.1,1,0,0,0,46.027982,49.617683,1.295415,21.4536,23.1823,0.9254,0.758758,0.727758,0,0.725503,0.776588,0.325952,0.9191,1.6671,2.27,12,0.189167,957a40b6a296aadacf94e7d74394606ae283f6036b325611183881d51897ffc3,6ab462282254dde9da98b27b25c83d9d362b1a8c,b5c8bbd87e14f8b32c775f14b4d4eff170af33579522dcc3f08417b03602502f
abl__mixed_complex__fixed_reduced-term_reward_configuration__seed3__ep01,mixed_complex_component_ablation,mixed_complex,fixed reduced-term reward configuration,existing_current_table7,3,1,4,100,20,ON,0.1,1,0,0,0,47.474706,50.239507,1.363456,21.2735,22.9467,0.9271,0.778289,0.722977,1,0.736783,0.838108,0.337251,0.8701,1.3113,2.76,12,0.23,957a40b6a296aadacf94e7d74394606ae283f6036b325611183881d51897ffc3,6ab462282254dde9da98b27b25c83d9d362b1a8c,b5c8bbd87e14f8b32c775f14b4d4eff170af33579522dcc3f08417b03602502f
abl__mixed_complex__fixed_reduced-term_reward_configuration__seed3__ep02,mixed_complex_component_ablation,mixed_complex,fixed reduced-term reward configuration,existing_current_table7,3,2,4,100,20,ON,0.1,1,0,0,0,45.580879,51.062177,1.161173,21.5587,23.1777,0.9302,0.763151,0.733151,0,0.766567,0.81458,0.33168,0.9525,1.4905,2.03,12,0.169167,957a40b6a296aadacf94e7d74394606ae283f6036b325611183881d51897ffc3,6ab462282254dde9da98b27b25c83d9d362b1a8c,b5c8bbd87e14f8b32c775f14b4d4eff170af33579522dcc3f08417b03602502f
abl__mixed_complex__fixed_reduced-term_reward_configuration__seed3__ep03,mixed_complex_component_ablation,mixed_complex,fixed reduced-term reward configuration,existing_current_table7,3,3,4,100,20,ON,0.1,1,0,0,0,49.536403,53.949524,1.390315,21.5394,23.1388,0.9309,0.767079,0.697418,1,0.71667,0.825941,0.36209,0.8136,1.5659,1.86,12,0.155,957a40b6a296aadacf94e7d74394606ae283f6036b325611183881d51897ffc3,6ab462282254dde9da98b27b25c83d9d362b1a8c,b5c8bbd87e14f8b32c775f14b4d4eff170af33579522dcc3f08417b03602502f
abl__mixed_complex__fixed_reduced-term_reward_configuration__seed3__ep04,mixed_complex_component_ablation,mixed_complex,fixed reduced-term reward configuration,existing_current_table7,3,4,4,100,20,ON,0.1,1,0,0,0,47.928343,49.657299,0.999786,21.5305,23.1342,0.9307,0.771752,0.734199,1,0.746634,0.806817,0.313433,0.9076,1.6812,2.37,12,0.1975,957a40b6a296aadacf94e7d74394606ae283f6036b325611183881d51897ffc3,6ab462282254dde9da98b27b25c83d9d362b1a8c,b5c8bbd87e14f8b32c775f14b4d4eff170af33579522dcc3f08417b03602502f
abl__mixed_complex__fixed_reduced-term_reward_configuration__seed3__ep05,mixed_complex_component_ablation,mixed_complex,fixed reduced-term reward configuration,existing_current_table7,3,5,4,100,20,ON,0.1,1,0,0,0,46.47346,52.055872,1.127631,21.3594,23.0092,0.9283,0.794355,0.71537,0,0.78155,0.787567,0.321669,0.7726,1.6514,1.59,12,0.1325,957a40b6a296aadacf94e7d74394606ae283f6036b325611183881d51897ffc3,6ab462282254dde9da98b27b25c83d9d362b1a8c,b5c8bbd87e14f8b32c775f14b4d4eff170af33579522dcc3f08417b03602502f
abl__mixed_complex__fixed_reduced-term_reward_configuration__seed3__ep06,mixed_complex_component_ablation,mixed_complex,fixed reduced-term reward configuration,existing_current_table7,3,6,4,100,20,ON,0.1,1,0,0,0,45.582908,52.078729,1.320364,21.5592,23.0719,0.9344,0.780351,0.703736,0,0.763849,0.765303,0.381552,0.7926,1.3307,1.82,12,0.151667,957a40b6a296aadacf94e7d74394606ae283f6036b325611183881d51897ffc3,6ab462282254dde9da98b27b25c83d9d362b1a8c,b5c8bbd87e14f8b32c775f14b4d4eff170af33579522dcc3f08417b03602502f
abl__mixed_complex__fixed_reduced-term_reward_configuration__seed3__ep07,mixed_complex_component_ablation,mixed_complex,fixed reduced-term reward configuration,existing_current_table7,3,7,4,100,20,ON,0.1,1,0,0,0,49.67632,49.890056,1.243017,21.463,23.0573,0.9309,0.765639,0.708201,1,0.713889,0.813286,0.331238,0.7425,1.626,2.09,12,0.174167,957a40b6a296aadacf94e7d74394606ae283f6036b325611183881d51897ffc3,6ab462282254dde9da98b27b25c83d9d362b1a8c,b5c8bbd87e14f8b32c775f14b4d4eff170af33579522dcc3f08417b03602502f
abl__mixed_complex__fixed_reduced-term_reward_configuration__seed3__ep08,mixed_complex_component_ablation,mixed_complex,fixed reduced-term reward configuration,existing_current_table7,3,8,4,100,20,ON,0.1,1,0,0,0,48.597523,50.715774,1.318736,21.2005,23.1151,0.9172,0.767737,0.693343,1,0.760337,0.778866,0.345648,0.9609,1.5155,2.35,12,0.195833,957a40b6a296aadacf94e7d74394606ae283f6036b325611183881d51897ffc3,6ab462282254dde9da98b27b25c83d9d362b1a8c,b5c8bbd87e14f8b32c775f14b4d4eff170af33579522dcc3f08417b03602502f
abl__mixed_complex__fixed_reduced-term_reward_configuration__seed3__ep09,mixed_complex_component_ablation,mixed_complex,fixed reduced-term reward configuration,existing_current_table7,3,9,4,100,20,ON,0.1,1,0,0,0,49.597224,50.323897,1.301709,21.2803,23.0576,0.9229,0.785382,0.73685,1,0.739432,0.816094,0.296166,0.7644,1.6172,1.72,12,0.143333,957a40b6a296aadacf94e7d74394606ae283f6036b325611183881d51897ffc3,6ab462282254dde9da98b27b25c83d9d362b1a8c,b5c8bbd87e14f8b32c775f14b4d4eff170af33579522dcc3f08417b03602502f
abl__mixed_complex__fixed_reduced-term_reward_configuration__seed4__ep00,mixed_complex_component_ablation,mixed_complex,fixed reduced-term reward configuration,existing_current_table7,4,0,4,100,20,ON,0.1,1,0,0,0,50.027475,50.356446,0.898333,21.2493,23.0526,0.9218,0.797492,0.708105,1,0.731577,0.770944,0.308021,0.7909,1.4463,3.28,12,0.273333,277905a94725d44a5e7818afbf1e590387047d1dacfcc18db39d8febbbe791f9,6ab462282254dde9da98b27b25c83d9d362b1a8c,b5c8bbd87e14f8b32c775f14b4d4eff170af33579522dcc3f08417b03602502f
abl__mixed_complex__fixed_reduced-term_reward_configuration__seed4__ep01,mixed_complex_component_ablation,mixed_complex,fixed reduced-term reward configuration,existing_current_table7,4,1,4,100,20,ON,0.1,1,0,0,0,52.292104,50.336446,1.176042,21.5676,23.0529,0.9356,0.770672,0.691742,0,0.811072,0.774383,0.311124,0.8571,1.6807,2.02,12,0.168333,277905a94725d44a5e7818afbf1e590387047d1dacfcc18db39d8febbbe791f9,6ab462282254dde9da98b27b25c83d9d362b1a8c,b5c8bbd87e14f8b32c775f14b4d4eff170af33579522dcc3f08417b03602502f
abl__mixed_complex__fixed_reduced-term_reward_configuration__seed4__ep02,mixed_complex_component_ablation,mixed_complex,fixed reduced-term reward configuration,existing_current_table7,4,2,4,100,20,ON,0.1,1,0,0,0,45.605751,50.346446,1.0852,21.4977,22.9904,0.9351,0.78718,0.691662,1,0.751514,0.834812,0.344837,0.9352,1.4436,2.19,12,0.1825,277905a94725d44a5e7818afbf1e590387047d1dacfcc18db39d8febbbe791f9,6ab462282254dde9da98b27b25c83d9d362b1a8c,b5c8bbd87e14f8b32c775f14b4d4eff170af33579522dcc3f08417b03602502f
abl__mixed_complex__fixed_reduced-term_reward_configuration__seed4__ep03,mixed_complex_component_ablation,mixed_complex,fixed reduced-term reward configuration,existing_current_table7,4,3,4,100,20,ON,0.1,1,0,0,0,49.183856,50.346446,0.793283,21.3101,23.0141,0.926,0.766544,0.753459,1,0.799616,0.812228,0.343265,0.9657,1.3375,3.2,12,0.266667,277905a94725d44a5e7818afbf1e590387047d1dacfcc18db39d8febbbe791f9,6ab462282254dde9da98b27b25c83d9d362b1a8c,b5c8bbd87e14f8b32c775f14b4d4eff170af33579522dcc3f08417b03602502f
abl__mixed_complex__fixed_reduced-term_reward_configuration__seed4__ep04,mixed_complex_component_ablation,mixed_complex,fixed reduced-term reward configuration,existing_current_table7,4,4,4,100,20,ON,0.1,1,0,0,0,50.302839,50.346446,1.338454,21.6127,22.7771,0.9489,0.771931,0.706001,0,0.786645,0.782969,0.323594,0.7744,1.4183,1.56,12,0.13,277905a94725d44a5e7818afbf1e590387047d1dacfcc18db39d8febbbe791f9,6ab462282254dde9da98b27b25c83d9d362b1a8c,b5c8bbd87e14f8b32c775f14b4d4eff170af33579522dcc3f08417b03602502f
abl__mixed_complex__fixed_reduced-term_reward_configuration__seed4__ep05,mixed_complex_component_ablation,mixed_complex,fixed reduced-term reward configuration,existing_current_table7,4,5,4,100,20,ON,0.1,1,0,0,0,47.42447,50.346446,1.409585,21.4013,23.0095,0.9301,0.767686,0.689027,1,0.786084,0.761689,0.33378,0.9554,1.3049,3.23,12,0.269167,277905a94725d44a5e7818afbf1e590387047d1dacfcc18db39d8febbbe791f9,6ab462282254dde9da98b27b25c83d9d362b1a8c,b5c8bbd87e14f8b32c775f14b4d4eff170af33579522dcc3f08417b03602502f
abl__mixed_complex__fixed_reduced-term_reward_configuration__seed4__ep06,mixed_complex_component_ablation,mixed_complex,fixed reduced-term reward configuration,existing_current_table7,4,6,4,100,20,ON,0.1,1,0,0,0,47.546241,50.346446,1.460285,21.6342,23.0576,0.9383,0.776015,0.745512,1,0.733643,0.816955,0.314721,0.7849,1.5435,2.39,12,0.199167,277905a94725d44a5e7818afbf1e590387047d1dacfcc18db39d8febbbe791f9,6ab462282254dde9da98b27b25c83d9d362b1a8c,b5c8bbd87e14f8b32c775f14b4d4eff170af33579522dcc3f08417b03602502f
abl__mixed_complex__fixed_reduced-term_reward_configuration__seed4__ep07,mixed_complex_component_ablation,mixed_complex,fixed reduced-term reward configuration,existing_current_table7,4,7,4,100,20,ON,0.1,1,0,0,0,49.273239,50.346446,1.203614,21.3393,23.2011,0.9198,0.77847,0.709939,1,0.758335,0.767623,0.303504,0.9806,1.5682,2.09,12,0.174167,277905a94725d44a5e7818afbf1e590387047d1dacfcc18db39d8febbbe791f9,6ab462282254dde9da98b27b25c83d9d362b1a8c,b5c8bbd87e14f8b32c775f14b4d4eff170af33579522dcc3f08417b03602502f
abl__mixed_complex__fixed_reduced-term_reward_configuration__seed4__ep08,mixed_complex_component_ablation,mixed_complex,fixed reduced-term reward configuration,existing_current_table7,4,8,4,100,20,ON,0.1,1,0,0,0,44.800454,50.346446,1.069259,21.7654,23.0716,0.9434,0.767442,0.68028,1,0.760826,0.788892,0.332344,0.8591,1.5091,3.15,12,0.2625,277905a94725d44a5e7818afbf1e590387047d1dacfcc18db39d8febbbe791f9,6ab462282254dde9da98b27b25c83d9d362b1a8c,b5c8bbd87e14f8b32c775f14b4d4eff170af33579522dcc3f08417b03602502f
abl__mixed_complex__fixed_reduced-term_reward_configuration__seed4__ep09,mixed_complex_component_ablation,mixed_complex,fixed reduced-term reward configuration,existing_current_table7,4,9,4,100,20,ON,0.1,1,0,0,0,46.461226,50.346446,1.129984,21.6738,23.1342,0.9369,0.76627,0.70045,1,0.786134,0.830983,0.316398,0.7297,1.6142,2.76,12,0.23,277905a94725d44a5e7818afbf1e590387047d1dacfcc18db39d8febbbe791f9,6ab462282254dde9da98b27b25c83d9d362b1a8c,b5c8bbd87e14f8b32c775f14b4d4eff170af33579522dcc3f08417b03602502f
abl__mixed_complex__fixed_reduced-term_reward_configuration__seed5__ep00,mixed_complex_component_ablation,mixed_complex,fixed reduced-term reward configuration,existing_current_table7,5,0,4,100,20,ON,0.1,1,0,0,0,45.317155,48.527745,1.179039,21.2653,23.1966,0.9167,0.758157,0.728761,0,0.729743,0.776712,0.328502,0.8808,1.5949,1.6,12,0.133333,2c0a7a0fc6d1c5479fd4d0ba119c536d028b679278f3d993435eea40a1e813cf,6ab462282254dde9da98b27b25c83d9d362b1a8c,b5c8bbd87e14f8b32c775f14b4d4eff170af33579522dcc3f08417b03602502f
abl__mixed_complex__fixed_reduced-term_reward_configuration__seed5__ep01,mixed_complex_component_ablation,mixed_complex,fixed reduced-term reward configuration,existing_current_table7,5,1,4,100,20,ON,0.1,1,0,0,0,42.274439,50.754514,0.977751,21.2082,23.1154,0.9175,0.782225,0.739938,1,0.794576,0.782449,0.340027,0.8204,1.3065,2.68,12,0.223333,2c0a7a0fc6d1c5479fd4d0ba119c536d028b679278f3d993435eea40a1e813cf,6ab462282254dde9da98b27b25c83d9d362b1a8c,b5c8bbd87e14f8b32c775f14b4d4eff170af33579522dcc3f08417b03602502f
abl__mixed_complex__fixed_reduced-term_reward_configuration__seed5__ep02,mixed_complex_component_ablation,mixed_complex,fixed reduced-term reward configuration,existing_current_table7,5,2,4,100,20,ON,0.1,1,0,0,0,43.65181,47.720412,0.850334,21.7577,23.0527,0.9438,0.765679,0.713908,0,0.809475,0.827858,0.336948,0.8109,1.6083,2.03,12,0.169167,2c0a7a0fc6d1c5479fd4d0ba119c536d028b679278f3d993435eea40a1e813cf,6ab462282254dde9da98b27b25c83d9d362b1a8c,b5c8bbd87e14f8b32c775f14b4d4eff170af33579522dcc3f08417b03602502f
abl__mixed_complex__fixed_reduced-term_reward_configuration__seed5__ep03,mixed_complex_component_ablation,mixed_complex,fixed reduced-term reward configuration,existing_current_table7,5,3,4,100,20,ON,0.1,1,0,0,0,48.882365,49.444021,0.966277,21.6873,22.9467,0.9451,0.768334,0.751975,0,0.763095,0.77039,0.312656,0.8047,1.6185,2.66,12,0.221667,2c0a7a0fc6d1c5479fd4d0ba119c536d028b679278f3d993435eea40a1e813cf,6ab462282254dde9da98b27b25c83d9d362b1a8c,b5c8bbd87e14f8b32c775f14b4d4eff170af33579522dcc3f08417b03602502f
abl__mixed_complex__fixed_reduced-term_reward_configuration__seed5__ep04,mixed_complex_component_ablation,mixed_complex,fixed reduced-term reward configuration,existing_current_table7,5,4,4,100,20,ON,0.1,1,0,0,0,46.146811,48.265087,1.271164,21.445,23.1198,0.9276,0.758486,0.73997,1,0.768452,0.817681,0.33717,0.7795,1.4684,2.2,12,0.183333,2c0a7a0fc6d1c5479fd4d0ba119c536d028b679278f3d993435eea40a1e813cf,6ab462282254dde9da98b27b25c83d9d362b1a8c,b5c8bbd87e14f8b32c775f14b4d4eff170af33579522dcc3f08417b03602502f
abl__mixed_complex__fixed_reduced-term_reward_configuration__seed5__ep05,mixed_complex_component_ablation,mixed_complex,fixed reduced-term reward configuration,existing_current_table7,5,5,4,100,20,ON,0.1,1,0,0,0,46.342082,47.407741,1.139871,21.3524,22.9279,0.9313,0.765441,0.733867,0,0.815383,0.760438,0.301722,0.738,1.3449,1.59,12,0.1325,2c0a7a0fc6d1c5479fd4d0ba119c536d028b679278f3d993435eea40a1e813cf,6ab462282254dde9da98b27b25c83d9d362b1a8c,b5c8bbd87e14f8b32c775f14b4d4eff170af33579522dcc3f08417b03602502f
abl__mixed_complex__fixed_reduced-term_reward_configuration__seed5__ep06,mixed_complex_component_ablation,mixed_complex,fixed reduced-term reward configuration,existing_current_table7,5,6,4,100,20,ON,0.1,1,0,0,0,45.187096,49.096595,1.133948,21.571,23.1342,0.9324,0.751226,0.717759,1,0.752683,0.80586,0.32863,0.7353,1.4497,3.46,12,0.288333,2c0a7a0fc6d1c5479fd4d0ba119c536d028b679278f3d993435eea40a1e813cf,6ab462282254dde9da98b27b25c83d9d362b1a8c,b5c8bbd87e14f8b32c775f14b4d4eff170af33579522dcc3f08417b03602502f
abl__mixed_complex__fixed_reduced-term_reward_configuration__seed5__ep07,mixed_complex_component_ablation,mixed_complex,fixed reduced-term reward configuration,existing_current_table7,5,7,4,100,20,ON,0.1,1,0,0,0,48.944876,49.95519,0.814872,21.2642,23.2401,0.915,0.762379,0.685264,0,0.727253,0.788531,0.31923,0.829,1.4679,2.53,12,0.210833,2c0a7a0fc6d1c5479fd4d0ba119c536d028b679278f3d993435eea40a1e813cf,6ab462282254dde9da98b27b25c83d9d362b1a8c,b5c8bbd87e14f8b32c775f14b4d4eff170af33579522dcc3f08417b03602502f
abl__mixed_complex__fixed_reduced-term_reward_configuration__seed5__ep08,mixed_complex_component_ablation,mixed_complex,fixed reduced-term reward configuration,existing_current_table7,5,8,4,100,20,ON,0.1,1,0,0,0,43.317111,47.323157,1.187835,21.5612,23.2445,0.9276,0.789636,0.738095,1,0.796294,0.796055,0.364572,0.9372,1.6742,2.4,12,0.2,2c0a7a0fc6d1c5479fd4d0ba119c536d028b679278f3d993435eea40a1e813cf,6ab462282254dde9da98b27b25c83d9d362b1a8c,b5c8bbd87e14f8b32c775f14b4d4eff170af33579522dcc3f08417b03602502f
abl__mixed_complex__fixed_reduced-term_reward_configuration__seed5__ep09,mixed_complex_component_ablation,mixed_complex,fixed reduced-term reward configuration,existing_current_table7,5,9,4,100,20,ON,0.1,1,0,0,0,49.846381,49.889138,1.064247,21.679,22.7817,0.9516,0.776153,0.688465,0,0.79901,0.814799,0.340789,0.9412,1.308,1.96,12,0.163333,2c0a7a0fc6d1c5479fd4d0ba119c536d028b679278f3d993435eea40a1e813cf,6ab462282254dde9da98b27b25c83d9d362b1a8c,b5c8bbd87e14f8b32c775f14b4d4eff170af33579522dcc3f08417b03602502f
abl__mixed_complex__fixed_reduced-term_reward_configuration__seed6__ep00,mixed_complex_component_ablation,mixed_complex,fixed reduced-term reward configuration,existing_current_table7,6,0,4,100,20,ON,0.1,1,0,0,0,48.40968,51.616688,0.963532,21.702,22.9018,0.9476,0.75876,0.745796,1,0.762519,0.76102,0.298144,0.914,1.4039,3.35,12,0.279167,deedd3f7c96ea1e69c0dcb0930da0a82d69fd4cf06073292b81e090dfecef1fb,6ab462282254dde9da98b27b25c83d9d362b1a8c,b5c8bbd87e14f8b32c775f14b4d4eff170af33579522dcc3f08417b03602502f
abl__mixed_complex__fixed_reduced-term_reward_configuration__seed6__ep01,mixed_complex_component_ablation,mixed_complex,fixed reduced-term reward configuration,existing_current_table7,6,1,4,100,20,ON,0.1,1,0,0,0,48.394076,50.450246,0.757451,21.5526,23.0095,0.9367,0.757914,0.751003,0,0.793841,0.777089,0.288534,0.7515,1.6697,2.49,12,0.2075,deedd3f7c96ea1e69c0dcb0930da0a82d69fd4cf06073292b81e090dfecef1fb,6ab462282254dde9da98b27b25c83d9d362b1a8c,b5c8bbd87e14f8b32c775f14b4d4eff170af33579522dcc3f08417b03602502f
abl__mixed_complex__fixed_reduced-term_reward_configuration__seed6__ep02,mixed_complex_component_ablation,mixed_complex,fixed reduced-term reward configuration,existing_current_table7,6,2,4,100,20,ON,0.1,1,0,0,0,46.784105,52.061506,0.929374,21.5794,23.1777,0.931,0.781957,0.75245,0,0.7438,0.828105,0.333371,0.9519,1.3294,3.11,12,0.259167,deedd3f7c96ea1e69c0dcb0930da0a82d69fd4cf06073292b81e090dfecef1fb,6ab462282254dde9da98b27b25c83d9d362b1a8c,b5c8bbd87e14f8b32c775f14b4d4eff170af33579522dcc3f08417b03602502f
abl__mixed_complex__fixed_reduced-term_reward_configuration__seed6__ep03,mixed_complex_component_ablation,mixed_complex,fixed reduced-term reward configuration,existing_current_table7,6,3,4,100,20,ON,0.1,1,0,0,0,46.933158,52.932948,0.827702,21.6438,22.9692,0.9423,0.784989,0.686161,0,0.781394,0.779477,0.336325,0.8386,1.4999,1.6,12,0.133333,deedd3f7c96ea1e69c0dcb0930da0a82d69fd4cf06073292b81e090dfecef1fb,6ab462282254dde9da98b27b25c83d9d362b1a8c,b5c8bbd87e14f8b32c775f14b4d4eff170af33579522dcc3f08417b03602502f
abl__mixed_complex__fixed_reduced-term_reward_configuration__seed6__ep04,mixed_complex_component_ablation,mixed_complex,fixed reduced-term reward configuration,existing_current_table7,6,4,4,100,20,ON,0.1,1,0,0,0,47.711583,50.98304,1.000151,21.7089,22.8654,0.9494,0.738456,0.717756,1,0.806056,0.820717,0.326035,0.921,1.3523,1.91,12,0.159167,deedd3f7c96ea1e69c0dcb0930da0a82d69fd4cf06073292b81e090dfecef1fb,6ab462282254dde9da98b27b25c83d9d362b1a8c,b5c8bbd87e14f8b32c775f14b4d4eff170af33579522dcc3f08417b03602502f
abl__mixed_complex__fixed_reduced-term_reward_configuration__seed6__ep05,mixed_complex_component_ablation,mixed_complex,fixed reduced-term reward configuration,existing_current_table7,6,5,4,100,20,ON,0.1,1,0,0,0,49.043915,49.916353,0.766115,21.6892,23.1342,0.9375,0.766372,0.691662,1,0.815952,0.839803,0.289414,0.8714,1.3284,1.88,12,0.156667,deedd3f7c96ea1e69c0dcb0930da0a82d69fd4cf06073292b81e090dfecef1fb,6ab462282254dde9da98b27b25c83d9d362b1a8c,b5c8bbd87e14f8b32c775f14b4d4eff170af33579522dcc3f08417b03602502f
abl__mixed_complex__fixed_reduced-term_reward_configuration__seed6__ep06,mixed_complex_component_ablation,mixed_complex,fixed reduced-term reward configuration,existing_current_table7,6,6,4,100,20,ON,0.1,1,0,0,0,47.492139,52.457003,0.940264,21.5715,23.1777,0.9307,0.75456,0.699452,1,0.765233,0.79894,0.327755,0.9472,1.3172,2.7,12,0.225,deedd3f7c96ea1e69c0dcb0930da0a82d69fd4cf06073292b81e090dfecef1fb,6ab462282254dde9da98b27b25c83d9d362b1a8c,b5c8bbd87e14f8b32c775f14b4d4eff170af33579522dcc3f08417b03602502f
abl__mixed_complex__fixed_reduced-term_reward_configuration__seed6__ep07,mixed_complex_component_ablation,mixed_complex,fixed reduced-term reward configuration,existing_current_table7,6,7,4,100,20,ON,0.1,1,0,0,0,48.222873,51.6109,0.714266,21.5992,22.822,0.9464,0.770618,0.72744,1,0.81931,0.795158,0.286494,0.7236,1.6447,3.45,12,0.2875,deedd3f7c96ea1e69c0dcb0930da0a82d69fd4cf06073292b81e090dfecef1fb,6ab462282254dde9da98b27b25c83d9d362b1a8c,b5c8bbd87e14f8b32c775f14b4d4eff170af33579522dcc3f08417b03602502f
abl__mixed_complex__fixed_reduced-term_reward_configuration__seed6__ep08,mixed_complex_component_ablation,mixed_complex,fixed reduced-term reward configuration,existing_current_table7,6,8,4,100,20,ON,0.1,1,0,0,0,44.047617,54.710125,0.913283,21.4278,23.1342,0.9262,0.756061,0.75843,1,0.780881,0.792609,0.308981,0.9345,1.4095,2.36,12,0.196667,deedd3f7c96ea1e69c0dcb0930da0a82d69fd4cf06073292b81e090dfecef1fb,6ab462282254dde9da98b27b25c83d9d362b1a8c,b5c8bbd87e14f8b32c775f14b4d4eff170af33579522dcc3f08417b03602502f
abl__mixed_complex__fixed_reduced-term_reward_configuration__seed6__ep09,mixed_complex_component_ablation,mixed_complex,fixed reduced-term reward configuration,existing_current_table7,6,9,4,100,20,ON,0.1,1,0,0,0,51.337418,53.650332,0.943683,21.3021,23.1195,0.9214,0.770191,0.733478,1,0.790083,0.812398,0.30349,0.8943,1.4827,3.12,12,0.26,deedd3f7c96ea1e69c0dcb0930da0a82d69fd4cf06073292b81e090dfecef1fb,6ab462282254dde9da98b27b25c83d9d362b1a8c,b5c8bbd87e14f8b32c775f14b4d4eff170af33579522dcc3f08417b03602502f
abl__mixed_complex__fixed_reduced-term_reward_configuration__seed7__ep00,mixed_complex_component_ablation,mixed_complex,fixed reduced-term reward configuration,existing_current_table7,7,0,4,100,20,ON,0.1,1,0,0,0,48.724858,51.264923,1.197509,21.6,22.9279,0.9421,0.774858,0.746393,1,0.795417,0.78225,0.323318,0.9251,1.6277,2.04,12,0.17,7e1a9a25e7d08359648ba6d00cc3955e79a59c8ae601d2bd4bb153d8df5d7241,6ab462282254dde9da98b27b25c83d9d362b1a8c,b5c8bbd87e14f8b32c775f14b4d4eff170af33579522dcc3f08417b03602502f
abl__mixed_complex__fixed_reduced-term_reward_configuration__seed7__ep01,mixed_complex_component_ablation,mixed_complex,fixed reduced-term reward configuration,existing_current_table7,7,1,4,100,20,ON,0.1,1,0,0,0,48.617726,51.252197,0.963835,21.7961,23.0095,0.9473,0.77596,0.757848,1,0.811506,0.832116,0.367432,0.8972,1.3785,1.83,12,0.1525,7e1a9a25e7d08359648ba6d00cc3955e79a59c8ae601d2bd4bb153d8df5d7241,6ab462282254dde9da98b27b25c83d9d362b1a8c,b5c8bbd87e14f8b32c775f14b4d4eff170af33579522dcc3f08417b03602502f
abl__mixed_complex__fixed_reduced-term_reward_configuration__seed7__ep02,mixed_complex_component_ablation,mixed_complex,fixed reduced-term reward configuration,existing_current_table7,7,2,4,100,20,ON,0.1,1,0,0,0,49.39194,52.952566,1.147312,21.7036,23.0893,0.94,0.764405,0.699641,1,0.828314,0.806476,0.332895,0.7264,1.6248,2.25,12,0.1875,7e1a9a25e7d08359648ba6d00cc3955e79a59c8ae601d2bd4bb153d8df5d7241,6ab462282254dde9da98b27b25c83d9d362b1a8c,b5c8bbd87e14f8b32c775f14b4d4eff170af33579522dcc3f08417b03602502f
abl__mixed_complex__fixed_reduced-term_reward_configuration__seed7__ep03,mixed_complex_component_ablation,mixed_complex,fixed reduced-term reward configuration,existing_current_table7,7,3,4,100,20,ON,0.1,1,0,0,0,48.133439,48.923761,0.969728,21.3435,23.0576,0.9257,0.785823,0.747965,1,0.834527,0.788764,0.32458,0.9818,1.3304,3.29,12,0.274167,7e1a9a25e7d08359648ba6d00cc3955e79a59c8ae601d2bd4bb153d8df5d7241,6ab462282254dde9da98b27b25c83d9d362b1a8c,b5c8bbd87e14f8b32c775f14b4d4eff170af33579522dcc3f08417b03602502f
abl__mixed_complex__fixed_reduced-term_reward_configuration__seed7__ep04,mixed_complex_component_ablation,mixed_complex,fixed reduced-term reward configuration,existing_current_table7,7,4,4,100,20,ON,0.1,1,0,0,0,50.800632,51.174272,1.308066,21.7347,23.1777,0.9377,0.763889,0.698848,1,0.80682,0.788751,0.347736,0.984,1.5822,1.57,12,0.130833,7e1a9a25e7d08359648ba6d00cc3955e79a59c8ae601d2bd4bb153d8df5d7241,6ab462282254dde9da98b27b25c83d9d362b1a8c,b5c8bbd87e14f8b32c775f14b4d4eff170af33579522dcc3f08417b03602502f
abl__mixed_complex__fixed_reduced-term_reward_configuration__seed7__ep05,mixed_complex_component_ablation,mixed_complex,fixed reduced-term reward configuration,existing_current_table7,7,5,4,100,20,ON,0.1,1,0,0,0,51.129906,51.755245,0.9468,21.4377,23.0716,0.9292,0.794276,0.753906,0,0.776318,0.766554,0.31832,0.9418,1.3993,3.32,12,0.276667,7e1a9a25e7d08359648ba6d00cc3955e79a59c8ae601d2bd4bb153d8df5d7241,6ab462282254dde9da98b27b25c83d9d362b1a8c,b5c8bbd87e14f8b32c775f14b4d4eff170af33579522dcc3f08417b03602502f
abl__mixed_complex__fixed_reduced-term_reward_configuration__seed7__ep06,mixed_complex_component_ablation,mixed_complex,fixed reduced-term reward configuration,existing_current_table7,7,6,4,100,20,ON,0.1,1,0,0,0,48.36224,50.686502,1.053934,21.5162,23.0095,0.9351,0.78635,0.725005,1,0.845157,0.769253,0.35077,0.7381,1.317,1.64,12,0.136667,7e1a9a25e7d08359648ba6d00cc3955e79a59c8ae601d2bd4bb153d8df5d7241,6ab462282254dde9da98b27b25c83d9d362b1a8c,b5c8bbd87e14f8b32c775f14b4d4eff170af33579522dcc3f08417b03602502f
abl__mixed_complex__fixed_reduced-term_reward_configuration__seed7__ep07,mixed_complex_component_ablation,mixed_complex,fixed reduced-term reward configuration,existing_current_table7,7,7,4,100,20,ON,0.1,1,0,0,0,46.124979,50.185366,1.175616,21.779,22.9467,0.9491,0.765655,0.726185,0,0.790142,0.7785,0.386273,0.9278,1.4045,3.43,12,0.285833,7e1a9a25e7d08359648ba6d00cc3955e79a59c8ae601d2bd4bb153d8df5d7241,6ab462282254dde9da98b27b25c83d9d362b1a8c,b5c8bbd87e14f8b32c775f14b4d4eff170af33579522dcc3f08417b03602502f
abl__mixed_complex__fixed_reduced-term_reward_configuration__seed7__ep08,mixed_complex_component_ablation,mixed_complex,fixed reduced-term reward configuration,existing_current_table7,7,8,4,100,20,ON,0.1,1,0,0,0,48.118047,48.322912,1.358924,21.7035,23.1823,0.9362,0.753088,0.715261,0,0.78528,0.805614,0.319498,0.9601,1.5639,2.45,12,0.204167,7e1a9a25e7d08359648ba6d00cc3955e79a59c8ae601d2bd4bb153d8df5d7241,6ab462282254dde9da98b27b25c83d9d362b1a8c,b5c8bbd87e14f8b32c775f14b4d4eff170af33579522dcc3f08417b03602502f
abl__mixed_complex__fixed_reduced-term_reward_configuration__seed7__ep09,mixed_complex_component_ablation,mixed_complex,fixed reduced-term reward configuration,existing_current_table7,7,9,4,100,20,ON,0.1,1,0,0,0,49.252271,49.691858,1.149386,21.7889,22.9642,0.9488,0.777649,0.71944,1,0.820938,0.801675,0.305156,0.8304,1.4226,3.22,12,0.268333,7e1a9a25e7d08359648ba6d00cc3955e79a59c8ae601d2bd4bb153d8df5d7241,6ab462282254dde9da98b27b25c83d9d362b1a8c,b5c8bbd87e14f8b32c775f14b4d4eff170af33579522dcc3f08417b03602502f
abl__mixed_complex__w/o_interaction_gate__seed0__ep00,mixed_complex_component_ablation,mixed_complex,w/o interaction gate,existing_current_table7,0,0,4,100,20,ON,0.1,1,0,0,0,49.180991,49.500782,0.81893,21.4445,23.0091,0.932,0.781308,0.695808,0,0.829369,0.823024,0.321153,0.8754,1.3039,3.22,12,0.268333,82ba5bbb53bf568f083644b7e80e5d6a777836780d8d6584176ea0032678327d,6ab462282254dde9da98b27b25c83d9d362b1a8c,20cecc9854b94ea3deddf50ea2a02c71bbcfbedcef76a91b70aba0c3cc58683b
abl__mixed_complex__w/o_interaction_gate__seed0__ep01,mixed_complex_component_ablation,mixed_complex,w/o interaction gate,existing_current_table7,0,1,4,100,20,ON,0.1,1,0,0,0,46.719536,49.480782,0.656948,21.4797,23.1342,0.9285,0.784568,0.734711,0,0.865702,0.823414,0.294488,0.7839,1.3297,2.58,12,0.215,82ba5bbb53bf568f083644b7e80e5d6a777836780d8d6584176ea0032678327d,6ab462282254dde9da98b27b25c83d9d362b1a8c,20cecc9854b94ea3deddf50ea2a02c71bbcfbedcef76a91b70aba0c3cc58683b
abl__mixed_complex__w/o_interaction_gate__seed0__ep02,mixed_complex_component_ablation,mixed_complex,w/o interaction gate,existing_current_table7,0,2,4,100,20,ON,0.1,1,0,0,0,49.146682,49.490782,0.767144,21.5451,22.9326,0.9395,0.777372,0.690828,1,0.803015,0.766462,0.306338,0.9177,1.6748,3.38,12,0.281667,82ba5bbb53bf568f083644b7e80e5d6a777836780d8d6584176ea0032678327d,6ab462282254dde9da98b27b25c83d9d362b1a8c,20cecc9854b94ea3deddf50ea2a02c71bbcfbedcef76a91b70aba0c3cc58683b
abl__mixed_complex__w/o_interaction_gate__seed0__ep03,mixed_complex_component_ablation,mixed_complex,w/o interaction gate,existing_current_table7,0,3,4,100,20,ON,0.1,1,0,0,0,46.597245,49.490782,0.692061,21.7799,23.0527,0.9448,0.796159,0.704538,0,0.736163,0.815798,0.313056,0.9611,1.3427,3.01,12,0.250833,82ba5bbb53bf568f083644b7e80e5d6a777836780d8d6584176ea0032678327d,6ab462282254dde9da98b27b25c83d9d362b1a8c,20cecc9854b94ea3deddf50ea2a02c71bbcfbedcef76a91b70aba0c3cc58683b
abl__mixed_complex__w/o_interaction_gate__seed0__ep04,mixed_complex_component_ablation,mixed_complex,w/o interaction gate,existing_current_table7,0,4,4,100,20,ON,0.1,1,0,0,0,46.447865,49.490782,0.923944,21.5378,23.1777,0.9292,0.789358,0.724399,1,0.797921,0.767383,0.290442,0.8416,1.313,3.35,12,0.279167,82ba5bbb53bf568f083644b7e80e5d6a777836780d8d6584176ea0032678327d,6ab462282254dde9da98b27b25c83d9d362b1a8c,20cecc9854b94ea3deddf50ea2a02c71bbcfbedcef76a91b70aba0c3cc58683b
abl__mixed_complex__w/o_interaction_gate__seed0__ep05,mixed_complex_component_ablation,mixed_complex,w/o interaction gate,existing_current_table7,0,5,4,100,20,ON,0.1,1,0,0,0,46.043664,49.490782,0.711594,21.2147,23.1388,0.9168,0.794719,0.698609,1,0.791293,0.813018,0.29492,0.9129,1.4464,3.18,12,0.265,82ba5bbb53bf568f083644b7e80e5d6a777836780d8d6584176ea0032678327d,6ab462282254dde9da98b27b25c83d9d362b1a8c,20cecc9854b94ea3deddf50ea2a02c71bbcfbedcef76a91b70aba0c3cc58683b
abl__mixed_complex__w/o_interaction_gate__seed0__ep06,mixed_complex_component_ablation,mixed_complex,w/o interaction gate,existing_current_table7,0,6,4,100,20,ON,0.1,1,0,0,0,48.444458,49.490782,0.841804,21.6684,22.9948,0.9423,0.788246,0.684224,1,0.801353,0.797481,0.31179,0.7997,1.6092,1.69,12,0.140833,82ba5bbb53bf568f083644b7e80e5d6a777836780d8d6584176ea0032678327d,6ab462282254dde9da98b27b25c83d9d362b1a8c,20cecc9854b94ea3deddf50ea2a02c71bbcfbedcef76a91b70aba0c3cc58683b
abl__mixed_complex__w/o_interaction_gate__seed0__ep07,mixed_complex_component_ablation,mixed_complex,w/o interaction gate,existing_current_table7,0,7,4,100,20,ON,0.1,1,0,0,0,45.728161,49.490782,0.813099,21.4879,23.0529,0.9321,0.809094,0.752617,2,0.871566,0.815228,0.313139,0.8463,1.5781,2.71,12,0.225833,82ba5bbb53bf568f083644b7e80e5d6a777836780d8d6584176ea0032678327d,6ab462282254dde9da98b27b25c83d9d362b1a8c,20cecc9854b94ea3deddf50ea2a02c71bbcfbedcef76a91b70aba0c3cc58683b
abl__mixed_complex__w/o_interaction_gate__seed0__ep08,mixed_complex_component_ablation,mixed_complex,w/o interaction gate,existing_current_table7,0,8,4,100,20,ON,0.1,1,0,0,0,47.263926,49.490782,0.77635,21.2655,22.9902,0.925,0.78255,0.697746,1,0.854909,0.819875,0.303537,0.7283,1.4635,1.53,12,0.1275,82ba5bbb53bf568f083644b7e80e5d6a777836780d8d6584176ea0032678327d,6ab462282254dde9da98b27b25c83d9d362b1a8c,20cecc9854b94ea3deddf50ea2a02c71bbcfbedcef76a91b70aba0c3cc58683b
abl__mixed_complex__w/o_interaction_gate__seed0__ep09,mixed_complex_component_ablation,mixed_complex,w/o interaction gate,existing_current_table7,0,9,4,100,20,ON,0.1,1,0,0,0,48.583253,49.490782,0.821551,21.3836,23.0095,0.9293,0.800151,0.696914,0,0.79617,0.834301,0.282077,0.7746,1.4912,1.57,12,0.130833,82ba5bbb53bf568f083644b7e80e5d6a777836780d8d6584176ea0032678327d,6ab462282254dde9da98b27b25c83d9d362b1a8c,20cecc9854b94ea3deddf50ea2a02c71bbcfbedcef76a91b70aba0c3cc58683b
abl__mixed_complex__w/o_interaction_gate__seed1__ep00,mixed_complex_component_ablation,mixed_complex,w/o interaction gate,existing_current_table7,1,0,4,100,20,ON,0.1,1,0,0,0,46.120515,47.732275,0.953195,21.5475,22.9948,0.9371,0.783187,0.730612,0,0.768787,0.819966,0.306133,0.9586,1.6402,2.24,12,0.186667,a13f2c26f536beef252a4fd482704f8bc653eb3eb2e8a99065f43cfa7b87c8fe,6ab462282254dde9da98b27b25c83d9d362b1a8c,20cecc9854b94ea3deddf50ea2a02c71bbcfbedcef76a91b70aba0c3cc58683b
abl__mixed_complex__w/o_interaction_gate__seed1__ep01,mixed_complex_component_ablation,mixed_complex,w/o interaction gate,existing_current_table7,1,1,4,100,20,ON,0.1,1,0,0,0,45.355389,47.712275,0.671501,21.3466,23.1388,0.9225,0.794554,0.712013,0,0.770809,0.760256,0.27424,0.9806,1.4278,1.69,12,0.140833,a13f2c26f536beef252a4fd482704f8bc653eb3eb2e8a99065f43cfa7b87c8fe,6ab462282254dde9da98b27b25c83d9d362b1a8c,20cecc9854b94ea3deddf50ea2a02c71bbcfbedcef76a91b70aba0c3cc58683b
abl__mixed_complex__w/o_interaction_gate__seed1__ep02,mixed_complex_component_ablation,mixed_complex,w/o interaction gate,existing_current_table7,1,2,4,100,20,ON,0.1,1,0,0,0,47.651501,47.722275,0.654287,21.6309,22.8845,0.9452,0.795469,0.729711,0,0.809078,0.798373,0.320801,0.9014,1.5297,2.81,12,0.234167,a13f2c26f536beef252a4fd482704f8bc653eb3eb2e8a99065f43cfa7b87c8fe,6ab462282254dde9da98b27b25c83d9d362b1a8c,20cecc9854b94ea3deddf50ea2a02c71bbcfbedcef76a91b70aba0c3cc58683b
abl__mixed_complex__w/o_interaction_gate__seed1__ep03,mixed_complex_component_ablation,mixed_complex,w/o interaction gate,existing_current_table7,1,3,4,100,20,ON,0.1,1,0,0,0,47.230127,47.722275,0.953691,21.5782,23.1154,0.9335,0.794478,0.725925,1,0.810792,0.836224,0.302959,0.8574,1.5676,2.13,12,0.1775,a13f2c26f536beef252a4fd482704f8bc653eb3eb2e8a99065f43cfa7b87c8fe,6ab462282254dde9da98b27b25c83d9d362b1a8c,20cecc9854b94ea3deddf50ea2a02c71bbcfbedcef76a91b70aba0c3cc58683b
abl__mixed_complex__w/o_interaction_gate__seed1__ep04,mixed_complex_component_ablation,mixed_complex,w/o interaction gate,existing_current_table7,1,4,4,100,20,ON,0.1,1,0,0,0,44.928935,47.722275,0.785692,21.2859,22.9467,0.9276,0.816132,0.714213,1,0.773095,0.792054,0.284625,0.9073,1.3508,1.7,12,0.141667,a13f2c26f536beef252a4fd482704f8bc653eb3eb2e8a99065f43cfa7b87c8fe,6ab462282254dde9da98b27b25c83d9d362b1a8c,20cecc9854b94ea3deddf50ea2a02c71bbcfbedcef76a91b70aba0c3cc58683b
abl__mixed_complex__w/o_interaction_gate__seed1__ep05,mixed_complex_component_ablation,mixed_complex,w/o interaction gate,existing_current_table7,1,5,4,100,20,ON,0.1,1,0,0,0,47.060093,47.722275,0.813753,21.7758,23.1777,0.9395,0.808511,0.697404,0,0.767938,0.774213,0.304115,0.9257,1.5992,1.69,12,0.140833,a13f2c26f536beef252a4fd482704f8bc653eb3eb2e8a99065f43cfa7b87c8fe,6ab462282254dde9da98b27b25c83d9d362b1a8c,20cecc9854b94ea3deddf50ea2a02c71bbcfbedcef76a91b70aba0c3cc58683b
abl__mixed_complex__w/o_interaction_gate__seed1__ep06,mixed_complex_component_ablation,mixed_complex,w/o interaction gate,existing_current_table7,1,6,4,100,20,ON,0.1,1,0,0,0,49.505496,47.722275,0.721768,21.3982,23.1195,0.9255,0.808261,0.72601,1,0.822672,0.812721,0.281274,0.8638,1.6826,2,12,0.166667,a13f2c26f536beef252a4fd482704f8bc653eb3eb2e8a99065f43cfa7b87c8fe,6ab462282254dde9da98b27b25c83d9d362b1a8c,20cecc9854b94ea3deddf50ea2a02c71bbcfbedcef76a91b70aba0c3cc58683b
abl__mixed_complex__w/o_interaction_gate__seed1__ep07,mixed_complex_component_ablation,mixed_complex,w/o interaction gate,existing_current_table7,1,7,4,100,20,ON,0.1,1,0,0,0,47.890429,47.722275,0.607873,21.5352,23.0527,0.9342,0.792002,0.70672,1,0.816695,0.784784,0.325203,0.9185,1.5104,2.11,12,0.175833,a13f2c26f536beef252a4fd482704f8bc653eb3eb2e8a99065f43cfa7b87c8fe,6ab462282254dde9da98b27b25c83d9d362b1a8c,20cecc9854b94ea3deddf50ea2a02c71bbcfbedcef76a91b70aba0c3cc58683b
abl__mixed_complex__w/o_interaction_gate__seed1__ep08,mixed_complex_component_ablation,mixed_complex,w/o interaction gate,existing_current_table7,1,8,4,100,20,ON,0.1,1,0,0,0,41.861324,47.722275,0.769704,21.574,23.2011,0.9299,0.786945,0.698077,1,0.716998,0.779222,0.31154,0.7833,1.6788,1.56,12,0.13,a13f2c26f536beef252a4fd482704f8bc653eb3eb2e8a99065f43cfa7b87c8fe,6ab462282254dde9da98b27b25c83d9d362b1a8c,20cecc9854b94ea3deddf50ea2a02c71bbcfbedcef76a91b70aba0c3cc58683b
abl__mixed_complex__w/o_interaction_gate__seed1__ep09,mixed_complex_component_ablation,mixed_complex,w/o interaction gate,existing_current_table7,1,9,4,100,20,ON,0.1,1,0,0,0,42.458325,47.722275,0.68517,21.6229,23.0529,0.938,0.78313,0.725938,1,0.75762,0.791934,0.296977,0.913,1.3224,2.94,12,0.245,a13f2c26f536beef252a4fd482704f8bc653eb3eb2e8a99065f43cfa7b87c8fe,6ab462282254dde9da98b27b25c83d9d362b1a8c,20cecc9854b94ea3deddf50ea2a02c71bbcfbedcef76a91b70aba0c3cc58683b
abl__mixed_complex__w/o_interaction_gate__seed2__ep00,mixed_complex_component_ablation,mixed_complex,w/o interaction gate,existing_current_table7,2,0,4,100,20,ON,0.1,1,0,0,0,46.613068,48.607559,0.965176,21.2315,22.9323,0.9258,0.780903,0.691462,1,0.791254,0.801902,0.275304,0.7491,1.5285,3.15,12,0.2625,592290fa365851161a9504626f662292fbd768135af6ba69d16ef2f0d9a9aea9,6ab462282254dde9da98b27b25c83d9d362b1a8c,20cecc9854b94ea3deddf50ea2a02c71bbcfbedcef76a91b70aba0c3cc58683b
abl__mixed_complex__w/o_interaction_gate__seed2__ep01,mixed_complex_component_ablation,mixed_complex,w/o interaction gate,existing_current_table7,2,1,4,100,20,ON,0.1,1,0,0,0,48.127944,50.571389,0.868256,21.3122,23.0576,0.9243,0.777674,0.731283,1,0.747024,0.812817,0.279504,0.7243,1.4238,2.55,12,0.2125,592290fa365851161a9504626f662292fbd768135af6ba69d16ef2f0d9a9aea9,6ab462282254dde9da98b27b25c83d9d362b1a8c,20cecc9854b94ea3deddf50ea2a02c71bbcfbedcef76a91b70aba0c3cc58683b
abl__mixed_complex__w/o_interaction_gate__seed2__ep02,mixed_complex_component_ablation,mixed_complex,w/o interaction gate,existing_current_table7,2,2,4,100,20,ON,0.1,1,0,0,0,41.165739,48.588922,0.862098,21.2729,22.947,0.927,0.790323,0.755842,1,0.779513,0.819011,0.284253,0.7118,1.646,2.42,12,0.201667,592290fa365851161a9504626f662292fbd768135af6ba69d16ef2f0d9a9aea9,6ab462282254dde9da98b27b25c83d9d362b1a8c,20cecc9854b94ea3deddf50ea2a02c71bbcfbedcef76a91b70aba0c3cc58683b
abl__mixed_complex__w/o_interaction_gate__seed2__ep03,mixed_complex_component_ablation,mixed_complex,w/o interaction gate,existing_current_table7,2,3,4,100,20,ON,0.1,1,0,0,0,42.019586,49.373626,0.815101,21.3009,23.1966,0.9183,0.783867,0.695245,1,0.869692,0.806087,0.297989,0.921,1.3222,3,12,0.25,592290fa365851161a9504626f662292fbd768135af6ba69d16ef2f0d9a9aea9,6ab462282254dde9da98b27b25c83d9d362b1a8c,20cecc9854b94ea3deddf50ea2a02c71bbcfbedcef76a91b70aba0c3cc58683b
abl__mixed_complex__w/o_interaction_gate__seed2__ep04,mixed_complex_component_ablation,mixed_complex,w/o interaction gate,existing_current_table7,2,4,4,100,20,ON,0.1,1,0,0,0,48.208289,48.380164,0.910805,21.4034,22.8654,0.9361,0.788012,0.755925,0,0.835708,0.830864,0.260968,0.7509,1.3474,2.02,12,0.168333,592290fa365851161a9504626f662292fbd768135af6ba69d16ef2f0d9a9aea9,6ab462282254dde9da98b27b25c83d9d362b1a8c,20cecc9854b94ea3deddf50ea2a02c71bbcfbedcef76a91b70aba0c3cc58683b
abl__mixed_complex__w/o_interaction_gate__seed2__ep05,mixed_complex_component_ablation,mixed_complex,w/o interaction gate,existing_current_table7,2,5,4,100,20,ON,0.1,1,0,0,0,45.603677,47.408371,0.777603,21.2107,23.1342,0.9169,0.773037,0.750163,1,0.863152,0.771325,0.294634,0.7902,1.3553,2.45,12,0.204167,592290fa365851161a9504626f662292fbd768135af6ba69d16ef2f0d9a9aea9,6ab462282254dde9da98b27b25c83d9d362b1a8c,20cecc9854b94ea3deddf50ea2a02c71bbcfbedcef76a91b70aba0c3cc58683b
abl__mixed_complex__w/o_interaction_gate__seed2__ep06,mixed_complex_component_ablation,mixed_complex,w/o interaction gate,existing_current_table7,2,6,4,100,20,ON,0.1,1,0,0,0,47.539134,49.236908,0.701051,21.4943,23.1823,0.9272,0.808387,0.728624,1,0.838168,0.797175,0.289475,0.8499,1.6588,3.14,12,0.261667,592290fa365851161a9504626f662292fbd768135af6ba69d16ef2f0d9a9aea9,6ab462282254dde9da98b27b25c83d9d362b1a8c,20cecc9854b94ea3deddf50ea2a02c71bbcfbedcef76a91b70aba0c3cc58683b
abl__mixed_complex__w/o_interaction_gate__seed2__ep07,mixed_complex_component_ablation,mixed_complex,w/o interaction gate,existing_current_table7,2,7,4,100,20,ON,0.1,1,0,0,0,48.20992,48.399777,0.797387,21.6482,22.9902,0.9416,0.773516,0.744528,1,0.804965,0.766271,0.248935,0.9628,1.5926,2.36,12,0.196667,592290fa365851161a9504626f662292fbd768135af6ba69d16ef2f0d9a9aea9,6ab462282254dde9da98b27b25c83d9d362b1a8c,20cecc9854b94ea3deddf50ea2a02c71bbcfbedcef76a91b70aba0c3cc58683b
abl__mixed_complex__w/o_interaction_gate__seed2__ep08,mixed_complex_component_ablation,mixed_complex,w/o interaction gate,existing_current_table7,2,8,4,100,20,ON,0.1,1,0,0,0,45.61264,47.586792,0.973021,21.345,23.0529,0.9259,0.78067,0.694362,1,0.891377,0.833117,0.284502,0.777,1.4505,3.07,12,0.255833,592290fa365851161a9504626f662292fbd768135af6ba69d16ef2f0d9a9aea9,6ab462282254dde9da98b27b25c83d9d362b1a8c,20cecc9854b94ea3deddf50ea2a02c71bbcfbedcef76a91b70aba0c3cc58683b
abl__mixed_complex__w/o_interaction_gate__seed2__ep09,mixed_complex_component_ablation,mixed_complex,w/o interaction gate,existing_current_table7,2,9,4,100,20,ON,0.1,1,0,0,0,47.020031,48.666544,1.033449,21.7422,23.2401,0.9355,0.811786,0.709359,0,0.852068,0.833062,0.238453,0.8436,1.5277,3.32,12,0.276667,592290fa365851161a9504626f662292fbd768135af6ba69d16ef2f0d9a9aea9,6ab462282254dde9da98b27b25c83d9d362b1a8c,20cecc9854b94ea3deddf50ea2a02c71bbcfbedcef76a91b70aba0c3cc58683b
abl__mixed_complex__w/o_interaction_gate__seed3__ep00,mixed_complex_component_ablation,mixed_complex,w/o interaction gate,existing_current_table7,3,0,4,100,20,ON,0.1,1,0,0,0,47.261595,48.277621,0.734755,21.6555,23.1823,0.9341,0.799027,0.759761,0,0.825168,0.820421,0.29562,0.8822,1.4181,1.56,12,0.13,bc61f7d1ed7df74da60b321e251b904f27e7844185379ebfea9876d6888693a4,6ab462282254dde9da98b27b25c83d9d362b1a8c,20cecc9854b94ea3deddf50ea2a02c71bbcfbedcef76a91b70aba0c3cc58683b
abl__mixed_complex__w/o_interaction_gate__seed3__ep01,mixed_complex_component_ablation,mixed_complex,w/o interaction gate,existing_current_table7,3,1,4,100,20,ON,0.1,1,0,0,0,44.96455,50.109791,0.834221,21.6732,22.9467,0.9445,0.773144,0.687564,0,0.824854,0.792332,0.257822,0.9387,1.6377,3.41,12,0.284167,bc61f7d1ed7df74da60b321e251b904f27e7844185379ebfea9876d6888693a4,6ab462282254dde9da98b27b25c83d9d362b1a8c,20cecc9854b94ea3deddf50ea2a02c71bbcfbedcef76a91b70aba0c3cc58683b
abl__mixed_complex__w/o_interaction_gate__seed3__ep02,mixed_complex_component_ablation,mixed_complex,w/o interaction gate,existing_current_table7,3,2,4,100,20,ON,0.1,1,0,0,0,48.83865,51.290001,0.836398,21.3059,23.1777,0.9192,0.799469,0.730246,0,0.806636,0.833667,0.293917,0.7418,1.4353,2.93,12,0.244167,bc61f7d1ed7df74da60b321e251b904f27e7844185379ebfea9876d6888693a4,6ab462282254dde9da98b27b25c83d9d362b1a8c,20cecc9854b94ea3deddf50ea2a02c71bbcfbedcef76a91b70aba0c3cc58683b
abl__mixed_complex__w/o_interaction_gate__seed3__ep03,mixed_complex_component_ablation,mixed_complex,w/o interaction gate,existing_current_table7,3,3,4,100,20,ON,0.1,1,0,0,0,47.542888,48.286255,0.62416,21.2737,23.1388,0.9194,0.799487,0.717914,1,0.79923,0.793877,0.286322,0.7272,1.3822,2.9,12,0.241667,bc61f7d1ed7df74da60b321e251b904f27e7844185379ebfea9876d6888693a4,6ab462282254dde9da98b27b25c83d9d362b1a8c,20cecc9854b94ea3deddf50ea2a02c71bbcfbedcef76a91b70aba0c3cc58683b
abl__mixed_complex__w/o_interaction_gate__seed3__ep04,mixed_complex_component_ablation,mixed_complex,w/o interaction gate,existing_current_table7,3,4,4,100,20,ON,0.1,1,0,0,0,46.635614,48.70025,0.987999,21.6253,23.1342,0.9348,0.793065,0.698752,1,0.801198,0.786976,0.284105,0.9005,1.65,1.85,12,0.154167,bc61f7d1ed7df74da60b321e251b904f27e7844185379ebfea9876d6888693a4,6ab462282254dde9da98b27b25c83d9d362b1a8c,20cecc9854b94ea3deddf50ea2a02c71bbcfbedcef76a91b70aba0c3cc58683b
abl__mixed_complex__w/o_interaction_gate__seed3__ep05,mixed_complex_component_ablation,mixed_complex,w/o interaction gate,existing_current_table7,3,5,4,100,20,ON,0.1,1,0,0,0,47.55695,49.074495,0.689282,21.5921,23.0092,0.9384,0.802156,0.73764,1,0.842504,0.818558,0.254459,0.8205,1.4948,2.48,12,0.206667,bc61f7d1ed7df74da60b321e251b904f27e7844185379ebfea9876d6888693a4,6ab462282254dde9da98b27b25c83d9d362b1a8c,20cecc9854b94ea3deddf50ea2a02c71bbcfbedcef76a91b70aba0c3cc58683b
abl__mixed_complex__w/o_interaction_gate__seed3__ep06,mixed_complex_component_ablation,mixed_complex,w/o interaction gate,existing_current_table7,3,6,4,100,20,ON,0.1,1,0,0,0,50.350188,50.611036,0.558711,21.4585,23.0719,0.9301,0.783232,0.748438,1,0.821708,0.78151,0.282472,0.735,1.635,3.19,12,0.265833,bc61f7d1ed7df74da60b321e251b904f27e7844185379ebfea9876d6888693a4,6ab462282254dde9da98b27b25c83d9d362b1a8c,20cecc9854b94ea3deddf50ea2a02c71bbcfbedcef76a91b70aba0c3cc58683b
abl__mixed_complex__w/o_interaction_gate__seed3__ep07,mixed_complex_component_ablation,mixed_complex,w/o interaction gate,existing_current_table7,3,7,4,100,20,ON,0.1,1,0,0,0,46.675375,49.508412,0.464066,21.3534,23.0573,0.9261,0.79166,0.715934,1,0.818286,0.772586,0.26722,0.9667,1.6624,2.19,12,0.1825,bc61f7d1ed7df74da60b321e251b904f27e7844185379ebfea9876d6888693a4,6ab462282254dde9da98b27b25c83d9d362b1a8c,20cecc9854b94ea3deddf50ea2a02c71bbcfbedcef76a91b70aba0c3cc58683b
abl__mixed_complex__w/o_interaction_gate__seed3__ep08,mixed_complex_component_ablation,mixed_complex,w/o interaction gate,existing_current_table7,3,8,4,100,20,ON,0.1,1,0,0,0,45.821117,48.630347,0.93064,21.7438,23.1151,0.9407,0.800628,0.75789,1,0.827128,0.773779,0.272679,0.912,1.6574,3,12,0.25,bc61f7d1ed7df74da60b321e251b904f27e7844185379ebfea9876d6888693a4,6ab462282254dde9da98b27b25c83d9d362b1a8c,20cecc9854b94ea3deddf50ea2a02c71bbcfbedcef76a91b70aba0c3cc58683b
abl__mixed_complex__w/o_interaction_gate__seed3__ep09,mixed_complex_component_ablation,mixed_complex,w/o interaction gate,existing_current_table7,3,9,4,100,20,ON,0.1,1,0,0,0,46.508205,47.673884,0.773756,21.261,23.0576,0.9221,0.803331,0.681676,2,0.832558,0.832978,0.272939,0.8766,1.5,2.06,12,0.171667,bc61f7d1ed7df74da60b321e251b904f27e7844185379ebfea9876d6888693a4,6ab462282254dde9da98b27b25c83d9d362b1a8c,20cecc9854b94ea3deddf50ea2a02c71bbcfbedcef76a91b70aba0c3cc58683b
abl__mixed_complex__w/o_interaction_gate__seed4__ep00,mixed_complex_component_ablation,mixed_complex,w/o interaction gate,existing_current_table7,4,0,4,100,20,ON,0.1,1,0,0,0,44.997623,50.590883,0.784984,21.7038,23.0526,0.9415,0.794706,0.729457,0,0.874704,0.770855,0.290464,0.8825,1.3866,3.29,12,0.274167,7e012faa1b4ab0861789eb24903b389cd3c0ceb424f543aad2e3ee7820f4cf47,6ab462282254dde9da98b27b25c83d9d362b1a8c,20cecc9854b94ea3deddf50ea2a02c71bbcfbedcef76a91b70aba0c3cc58683b
abl__mixed_complex__w/o_interaction_gate__seed4__ep01,mixed_complex_component_ablation,mixed_complex,w/o interaction gate,existing_current_table7,4,1,4,100,20,ON,0.1,1,0,0,0,44.521706,49.53906,1.06856,21.3678,23.0529,0.9269,0.782446,0.744177,0,0.837361,0.762578,0.252259,0.8934,1.5357,2.78,12,0.231667,7e012faa1b4ab0861789eb24903b389cd3c0ceb424f543aad2e3ee7820f4cf47,6ab462282254dde9da98b27b25c83d9d362b1a8c,20cecc9854b94ea3deddf50ea2a02c71bbcfbedcef76a91b70aba0c3cc58683b
abl__mixed_complex__w/o_interaction_gate__seed4__ep02,mixed_complex_component_ablation,mixed_complex,w/o interaction gate,existing_current_table7,4,2,4,100,20,ON,0.1,1,0,0,0,45.324765,49.025662,0.853495,21.4902,22.9904,0.9347,0.782505,0.7398,0,0.851053,0.821583,0.262921,0.7259,1.5487,2.97,12,0.2475,7e012faa1b4ab0861789eb24903b389cd3c0ceb424f543aad2e3ee7820f4cf47,6ab462282254dde9da98b27b25c83d9d362b1a8c,20cecc9854b94ea3deddf50ea2a02c71bbcfbedcef76a91b70aba0c3cc58683b
abl__mixed_complex__w/o_interaction_gate__seed4__ep03,mixed_complex_component_ablation,mixed_complex,w/o interaction gate,existing_current_table7,4,3,4,100,20,ON,0.1,1,0,0,0,46.795896,50.04177,0.83986,21.7759,23.0141,0.9462,0.787313,0.690217,0,0.827575,0.839915,0.285846,0.9676,1.4802,2.25,12,0.1875,7e012faa1b4ab0861789eb24903b389cd3c0ceb424f543aad2e3ee7820f4cf47,6ab462282254dde9da98b27b25c83d9d362b1a8c,20cecc9854b94ea3deddf50ea2a02c71bbcfbedcef76a91b70aba0c3cc58683b
abl__mixed_complex__w/o_interaction_gate__seed4__ep04,mixed_complex_component_ablation,mixed_complex,w/o interaction gate,existing_current_table7,4,4,4,100,20,ON,0.1,1,0,0,0,48.23779,49.648684,0.803403,21.5359,22.7771,0.9455,0.777929,0.696456,0,0.905102,0.792792,0.277286,0.7405,1.481,2.93,12,0.244167,7e012faa1b4ab0861789eb24903b389cd3c0ceb424f543aad2e3ee7820f4cf47,6ab462282254dde9da98b27b25c83d9d362b1a8c,20cecc9854b94ea3deddf50ea2a02c71bbcfbedcef76a91b70aba0c3cc58683b
abl__mixed_complex__w/o_interaction_gate__seed4__ep05,mixed_complex_component_ablation,mixed_complex,w/o interaction gate,existing_current_table7,4,5,4,100,20,ON,0.1,1,0,0,0,45.034453,50.453567,0.658863,21.4932,23.0095,0.9341,0.788192,0.705401,0,0.884752,0.81577,0.282809,0.7029,1.4055,1.6,12,0.133333,7e012faa1b4ab0861789eb24903b389cd3c0ceb424f543aad2e3ee7820f4cf47,6ab462282254dde9da98b27b25c83d9d362b1a8c,20cecc9854b94ea3deddf50ea2a02c71bbcfbedcef76a91b70aba0c3cc58683b
abl__mixed_complex__w/o_interaction_gate__seed4__ep06,mixed_complex_component_ablation,mixed_complex,w/o interaction gate,existing_current_table7,4,6,4,100,20,ON,0.1,1,0,0,0,50.268084,50.949333,0.827586,21.2983,23.0576,0.9237,0.790225,0.746582,0,0.855854,0.767861,0.247279,0.7349,1.423,2.4,12,0.2,7e012faa1b4ab0861789eb24903b389cd3c0ceb424f543aad2e3ee7820f4cf47,6ab462282254dde9da98b27b25c83d9d362b1a8c,20cecc9854b94ea3deddf50ea2a02c71bbcfbedcef76a91b70aba0c3cc58683b
abl__mixed_complex__w/o_interaction_gate__seed4__ep07,mixed_complex_component_ablation,mixed_complex,w/o interaction gate,existing_current_table7,4,7,4,100,20,ON,0.1,1,0,0,0,45.712853,50.248162,0.891225,21.5165,23.2011,0.9274,0.795979,0.709148,1,0.895802,0.80815,0.308187,0.8439,1.6167,2.3,12,0.191667,7e012faa1b4ab0861789eb24903b389cd3c0ceb424f543aad2e3ee7820f4cf47,6ab462282254dde9da98b27b25c83d9d362b1a8c,20cecc9854b94ea3deddf50ea2a02c71bbcfbedcef76a91b70aba0c3cc58683b
abl__mixed_complex__w/o_interaction_gate__seed4__ep08,mixed_complex_component_ablation,mixed_complex,w/o interaction gate,existing_current_table7,4,8,4,100,20,ON,0.1,1,0,0,0,48.425838,49.222708,0.894848,21.4959,23.0716,0.9317,0.784204,0.754049,1,0.815211,0.831146,0.283042,0.8637,1.5544,2.95,12,0.245833,7e012faa1b4ab0861789eb24903b389cd3c0ceb424f543aad2e3ee7820f4cf47,6ab462282254dde9da98b27b25c83d9d362b1a8c,20cecc9854b94ea3deddf50ea2a02c71bbcfbedcef76a91b70aba0c3cc58683b
abl__mixed_complex__w/o_interaction_gate__seed4__ep09,mixed_complex_component_ablation,mixed_complex,w/o interaction gate,existing_current_table7,4,9,4,100,20,ON,0.1,1,0,0,0,49.935893,51.637769,0.82054,21.5787,23.1342,0.9328,0.793142,0.711158,1,0.860096,0.807239,0.264694,0.741,1.5625,2.75,12,0.229167,7e012faa1b4ab0861789eb24903b389cd3c0ceb424f543aad2e3ee7820f4cf47,6ab462282254dde9da98b27b25c83d9d362b1a8c,20cecc9854b94ea3deddf50ea2a02c71bbcfbedcef76a91b70aba0c3cc58683b
abl__mixed_complex__w/o_interaction_gate__seed5__ep00,mixed_complex_component_ablation,mixed_complex,w/o interaction gate,existing_current_table7,5,0,4,100,20,ON,0.1,1,0,0,0,50.327269,49.31363,0.662561,21.7109,23.1966,0.936,0.790713,0.691575,2,0.846602,0.828757,0.340072,0.7145,1.6654,2.97,12,0.2475,bfc7d5658b264e858aa448592104889a7ea1574c756cb35a492dda89cd4a931a,6ab462282254dde9da98b27b25c83d9d362b1a8c,20cecc9854b94ea3deddf50ea2a02c71bbcfbedcef76a91b70aba0c3cc58683b
abl__mixed_complex__w/o_interaction_gate__seed5__ep01,mixed_complex_component_ablation,mixed_complex,w/o interaction gate,existing_current_table7,5,1,4,100,20,ON,0.1,1,0,0,0,49.587646,49.29363,0.682543,21.3401,23.1154,0.9232,0.776999,0.725263,0,0.796756,0.794961,0.290815,0.8301,1.5506,3.02,12,0.251667,bfc7d5658b264e858aa448592104889a7ea1574c756cb35a492dda89cd4a931a,6ab462282254dde9da98b27b25c83d9d362b1a8c,20cecc9854b94ea3deddf50ea2a02c71bbcfbedcef76a91b70aba0c3cc58683b
abl__mixed_complex__w/o_interaction_gate__seed5__ep02,mixed_complex_component_ablation,mixed_complex,w/o interaction gate,existing_current_table7,5,2,4,100,20,ON,0.1,1,0,0,0,45.496842,49.30363,0.606213,21.4339,23.0527,0.9298,0.786732,0.718269,1,0.808909,0.817064,0.269413,0.7264,1.6917,2.64,12,0.22,bfc7d5658b264e858aa448592104889a7ea1574c756cb35a492dda89cd4a931a,6ab462282254dde9da98b27b25c83d9d362b1a8c,20cecc9854b94ea3deddf50ea2a02c71bbcfbedcef76a91b70aba0c3cc58683b
abl__mixed_complex__w/o_interaction_gate__seed5__ep03,mixed_complex_component_ablation,mixed_complex,w/o interaction gate,existing_current_table7,5,3,4,100,20,ON,0.1,1,0,0,0,47.123133,49.30363,0.788222,21.3214,22.9467,0.9292,0.787248,0.713558,0,0.814891,0.830028,0.257445,0.9945,1.5499,2.74,12,0.228333,bfc7d5658b264e858aa448592104889a7ea1574c756cb35a492dda89cd4a931a,6ab462282254dde9da98b27b25c83d9d362b1a8c,20cecc9854b94ea3deddf50ea2a02c71bbcfbedcef76a91b70aba0c3cc58683b
abl__mixed_complex__w/o_interaction_gate__seed5__ep04,mixed_complex_component_ablation,mixed_complex,w/o interaction gate,existing_current_table7,5,4,4,100,20,ON,0.1,1,0,0,0,47.035801,49.30363,0.713473,21.2236,23.1198,0.918,0.785643,0.692383,0,0.819539,0.795542,0.293286,0.7355,1.5871,2.62,12,0.218333,bfc7d5658b264e858aa448592104889a7ea1574c756cb35a492dda89cd4a931a,6ab462282254dde9da98b27b25c83d9d362b1a8c,20cecc9854b94ea3deddf50ea2a02c71bbcfbedcef76a91b70aba0c3cc58683b
abl__mixed_complex__w/o_interaction_gate__seed5__ep05,mixed_complex_component_ablation,mixed_complex,w/o interaction gate,existing_current_table7,5,5,4,100,20,ON,0.1,1,0,0,0,48.192907,49.30363,0.87795,21.4944,22.9279,0.9375,0.802808,0.698699,1,0.792834,0.813581,0.270455,0.9086,1.3911,2.66,12,0.221667,bfc7d5658b264e858aa448592104889a7ea1574c756cb35a492dda89cd4a931a,6ab462282254dde9da98b27b25c83d9d362b1a8c,20cecc9854b94ea3deddf50ea2a02c71bbcfbedcef76a91b70aba0c3cc58683b
abl__mixed_complex__w/o_interaction_gate__seed5__ep06,mixed_complex_component_ablation,mixed_complex,w/o interaction gate,existing_current_table7,5,6,4,100,20,ON,0.1,1,0,0,0,42.66829,49.30363,0.674492,21.3942,23.1342,0.9248,0.779292,0.745031,0,0.841221,0.812219,0.298707,0.7433,1.5724,1.58,12,0.131667,bfc7d5658b264e858aa448592104889a7ea1574c756cb35a492dda89cd4a931a,6ab462282254dde9da98b27b25c83d9d362b1a8c,20cecc9854b94ea3deddf50ea2a02c71bbcfbedcef76a91b70aba0c3cc58683b
abl__mixed_complex__w/o_interaction_gate__seed5__ep07,mixed_complex_component_ablation,mixed_complex,w/o interaction gate,existing_current_table7,5,7,4,100,20,ON,0.1,1,0,0,0,48.660288,49.30363,0.691071,21.2284,23.2401,0.9134,0.766553,0.69413,1,0.83491,0.82711,0.306077,0.8695,1.6517,2.93,12,0.244167,bfc7d5658b264e858aa448592104889a7ea1574c756cb35a492dda89cd4a931a,6ab462282254dde9da98b27b25c83d9d362b1a8c,20cecc9854b94ea3deddf50ea2a02c71bbcfbedcef76a91b70aba0c3cc58683b
abl__mixed_complex__w/o_interaction_gate__seed5__ep08,mixed_complex_component_ablation,mixed_complex,w/o interaction gate,existing_current_table7,5,8,4,100,20,ON,0.1,1,0,0,0,47.50664,49.30363,0.813285,21.6788,23.2445,0.9326,0.769134,0.737968,0,0.79138,0.762438,0.268219,0.8298,1.417,1.83,12,0.1525,bfc7d5658b264e858aa448592104889a7ea1574c756cb35a492dda89cd4a931a,6ab462282254dde9da98b27b25c83d9d362b1a8c,20cecc9854b94ea3deddf50ea2a02c71bbcfbedcef76a91b70aba0c3cc58683b
abl__mixed_complex__w/o_interaction_gate__seed5__ep09,mixed_complex_component_ablation,mixed_complex,w/o interaction gate,existing_current_table7,5,9,4,100,20,ON,0.1,1,0,0,0,45.291642,49.30363,0.864223,21.2578,22.7817,0.9331,0.766869,0.686817,1,0.838286,0.823962,0.281689,0.7987,1.3078,1.59,12,0.1325,bfc7d5658b264e858aa448592104889a7ea1574c756cb35a492dda89cd4a931a,6ab462282254dde9da98b27b25c83d9d362b1a8c,20cecc9854b94ea3deddf50ea2a02c71bbcfbedcef76a91b70aba0c3cc58683b
abl__mixed_complex__w/o_interaction_gate__seed6__ep00,mixed_complex_component_ablation,mixed_complex,w/o interaction gate,existing_current_table7,6,0,4,100,20,ON,0.1,1,0,0,0,44.962444,47.393166,0.661457,21.3826,22.9018,0.9337,0.794344,0.697231,0,0.871499,0.791596,0.343855,0.8319,1.3772,2.11,12,0.175833,3e42702dbcfb9b8c21ca944eb4d43eacf2ed8100f356313941f00744b2dd074e,6ab462282254dde9da98b27b25c83d9d362b1a8c,20cecc9854b94ea3deddf50ea2a02c71bbcfbedcef76a91b70aba0c3cc58683b
abl__mixed_complex__w/o_interaction_gate__seed6__ep01,mixed_complex_component_ablation,mixed_complex,w/o interaction gate,existing_current_table7,6,1,4,100,20,ON,0.1,1,0,0,0,44.795688,50.899796,0.614719,21.4354,23.0095,0.9316,0.799422,0.740293,1,0.815242,0.785924,0.356513,0.7809,1.5886,2.27,12,0.189167,3e42702dbcfb9b8c21ca944eb4d43eacf2ed8100f356313941f00744b2dd074e,6ab462282254dde9da98b27b25c83d9d362b1a8c,20cecc9854b94ea3deddf50ea2a02c71bbcfbedcef76a91b70aba0c3cc58683b
abl__mixed_complex__w/o_interaction_gate__seed6__ep02,mixed_complex_component_ablation,mixed_complex,w/o interaction gate,existing_current_table7,6,2,4,100,20,ON,0.1,1,0,0,0,45.554688,51.282195,0.707773,21.2972,23.1777,0.9189,0.788964,0.71093,1,0.818497,0.782997,0.3126,0.9277,1.6387,1.55,12,0.129167,3e42702dbcfb9b8c21ca944eb4d43eacf2ed8100f356313941f00744b2dd074e,6ab462282254dde9da98b27b25c83d9d362b1a8c,20cecc9854b94ea3deddf50ea2a02c71bbcfbedcef76a91b70aba0c3cc58683b
abl__mixed_complex__w/o_interaction_gate__seed6__ep03,mixed_complex_component_ablation,mixed_complex,w/o interaction gate,existing_current_table7,6,3,4,100,20,ON,0.1,1,0,0,0,46.471251,49.656324,0.649296,21.2207,22.9692,0.9239,0.781991,0.731909,1,0.8029,0.800982,0.318372,0.8285,1.6285,1.57,12,0.130833,3e42702dbcfb9b8c21ca944eb4d43eacf2ed8100f356313941f00744b2dd074e,6ab462282254dde9da98b27b25c83d9d362b1a8c,20cecc9854b94ea3deddf50ea2a02c71bbcfbedcef76a91b70aba0c3cc58683b
abl__mixed_complex__w/o_interaction_gate__seed6__ep04,mixed_complex_component_ablation,mixed_complex,w/o interaction gate,existing_current_table7,6,4,4,100,20,ON,0.1,1,0,0,0,45.573269,51.270126,0.600535,21.7762,22.8654,0.9524,0.781714,0.711588,1,0.832414,0.780167,0.341421,0.7314,1.6695,1.79,12,0.149167,3e42702dbcfb9b8c21ca944eb4d43eacf2ed8100f356313941f00744b2dd074e,6ab462282254dde9da98b27b25c83d9d362b1a8c,20cecc9854b94ea3deddf50ea2a02c71bbcfbedcef76a91b70aba0c3cc58683b
abl__mixed_complex__w/o_interaction_gate__seed6__ep05,mixed_complex_component_ablation,mixed_complex,w/o interaction gate,existing_current_table7,6,5,4,100,20,ON,0.1,1,0,0,0,47.851071,50.660821,0.917562,21.3905,23.1342,0.9246,0.786078,0.739233,1,0.865641,0.793906,0.274217,0.9543,1.3223,2.62,12,0.218333,3e42702dbcfb9b8c21ca944eb4d43eacf2ed8100f356313941f00744b2dd074e,6ab462282254dde9da98b27b25c83d9d362b1a8c,20cecc9854b94ea3deddf50ea2a02c71bbcfbedcef76a91b70aba0c3cc58683b
abl__mixed_complex__w/o_interaction_gate__seed6__ep06,mixed_complex_component_ablation,mixed_complex,w/o interaction gate,existing_current_table7,6,6,4,100,20,ON,0.1,1,0,0,0,44.6022,49.997008,0.662472,21.6773,23.1777,0.9353,0.809821,0.68292,0,0.774147,0.786516,0.303408,0.816,1.5688,2.65,12,0.220833,3e42702dbcfb9b8c21ca944eb4d43eacf2ed8100f356313941f00744b2dd074e,6ab462282254dde9da98b27b25c83d9d362b1a8c,20cecc9854b94ea3deddf50ea2a02c71bbcfbedcef76a91b70aba0c3cc58683b
abl__mixed_complex__w/o_interaction_gate__seed6__ep07,mixed_complex_component_ablation,mixed_complex,w/o interaction gate,existing_current_table7,6,7,4,100,20,ON,0.1,1,0,0,0,43.915998,49.994118,0.572941,21.2067,22.822,0.9292,0.806559,0.733356,1,0.851711,0.814997,0.292755,0.8222,1.61,2.78,12,0.231667,3e42702dbcfb9b8c21ca944eb4d43eacf2ed8100f356313941f00744b2dd074e,6ab462282254dde9da98b27b25c83d9d362b1a8c,20cecc9854b94ea3deddf50ea2a02c71bbcfbedcef76a91b70aba0c3cc58683b
abl__mixed_complex__w/o_interaction_gate__seed6__ep08,mixed_complex_component_ablation,mixed_complex,w/o interaction gate,existing_current_table7,6,8,4,100,20,ON,0.1,1,0,0,0,49.373448,50.536785,0.705501,21.6969,23.1342,0.9379,0.777679,0.732223,0,0.841953,0.771925,0.307745,0.8657,1.495,2.59,12,0.215833,3e42702dbcfb9b8c21ca944eb4d43eacf2ed8100f356313941f00744b2dd074e,6ab462282254dde9da98b27b25c83d9d362b1a8c,20cecc9854b94ea3deddf50ea2a02c71bbcfbedcef76a91b70aba0c3cc58683b
abl__mixed_complex__w/o_interaction_gate__seed6__ep09,mixed_complex_component_ablation,mixed_complex,w/o interaction gate,existing_current_table7,6,9,4,100,20,ON,0.1,1,0,0,0,46.344256,51.839761,0.554711,21.6077,23.1195,0.9346,0.79298,0.709257,1,0.819676,0.767048,0.305831,0.8466,1.5189,2.11,12,0.175833,3e42702dbcfb9b8c21ca944eb4d43eacf2ed8100f356313941f00744b2dd074e,6ab462282254dde9da98b27b25c83d9d362b1a8c,20cecc9854b94ea3deddf50ea2a02c71bbcfbedcef76a91b70aba0c3cc58683b
abl__mixed_complex__w/o_interaction_gate__seed7__ep00,mixed_complex_component_ablation,mixed_complex,w/o interaction gate,existing_current_table7,7,0,4,100,20,ON,0.1,1,0,0,0,46.671901,51.461887,1.312259,21.2264,22.9279,0.9258,0.766014,0.688546,1,0.844307,0.818681,0.277601,0.7226,1.6807,1.94,12,0.161667,7902174b29cabd2882cf480113cd94012873c306a91f3a9870d82f10d87b55fb,6ab462282254dde9da98b27b25c83d9d362b1a8c,20cecc9854b94ea3deddf50ea2a02c71bbcfbedcef76a91b70aba0c3cc58683b
abl__mixed_complex__w/o_interaction_gate__seed7__ep01,mixed_complex_component_ablation,mixed_complex,w/o interaction gate,existing_current_table7,7,1,4,100,20,ON,0.1,1,0,0,0,43.953198,48.212814,0.956825,21.4933,23.0095,0.9341,0.787776,0.694729,1,0.78189,0.804341,0.279756,0.7071,1.5065,3.49,12,0.290833,7902174b29cabd2882cf480113cd94012873c306a91f3a9870d82f10d87b55fb,6ab462282254dde9da98b27b25c83d9d362b1a8c,20cecc9854b94ea3deddf50ea2a02c71bbcfbedcef76a91b70aba0c3cc58683b
abl__mixed_complex__w/o_interaction_gate__seed7__ep02,mixed_complex_component_ablation,mixed_complex,w/o interaction gate,existing_current_table7,7,2,4,100,20,ON,0.1,1,0,0,0,48.411487,50.508666,1.236345,21.633,23.0893,0.9369,0.763616,0.737144,0,0.830976,0.800086,0.296909,0.7355,1.4206,2.22,12,0.185,7902174b29cabd2882cf480113cd94012873c306a91f3a9870d82f10d87b55fb,6ab462282254dde9da98b27b25c83d9d362b1a8c,20cecc9854b94ea3deddf50ea2a02c71bbcfbedcef76a91b70aba0c3cc58683b
abl__mixed_complex__w/o_interaction_gate__seed7__ep03,mixed_complex_component_ablation,mixed_complex,w/o interaction gate,existing_current_table7,7,3,4,100,20,ON,0.1,1,0,0,0,47.359823,50.095223,1.227073,21.4735,23.0576,0.9313,0.791276,0.702485,2,0.859863,0.831037,0.276048,0.763,1.3832,1.96,12,0.163333,7902174b29cabd2882cf480113cd94012873c306a91f3a9870d82f10d87b55fb,6ab462282254dde9da98b27b25c83d9d362b1a8c,20cecc9854b94ea3deddf50ea2a02c71bbcfbedcef76a91b70aba0c3cc58683b
abl__mixed_complex__w/o_interaction_gate__seed7__ep04,mixed_complex_component_ablation,mixed_complex,w/o interaction gate,existing_current_table7,7,4,4,100,20,ON,0.1,1,0,0,0,43.067198,49.740005,1.32678,21.767,23.1777,0.9391,0.775185,0.7255,1,0.833996,0.829371,0.299567,0.9989,1.6278,2.03,12,0.169167,7902174b29cabd2882cf480113cd94012873c306a91f3a9870d82f10d87b55fb,6ab462282254dde9da98b27b25c83d9d362b1a8c,20cecc9854b94ea3deddf50ea2a02c71bbcfbedcef76a91b70aba0c3cc58683b
abl__mixed_complex__w/o_interaction_gate__seed7__ep05,mixed_complex_component_ablation,mixed_complex,w/o interaction gate,existing_current_table7,7,5,4,100,20,ON,0.1,1,0,0,0,45.850078,46.927264,1.209361,21.6633,23.0716,0.939,0.77434,0.759495,1,0.912889,0.791279,0.277768,0.8847,1.374,2.08,12,0.173333,7902174b29cabd2882cf480113cd94012873c306a91f3a9870d82f10d87b55fb,6ab462282254dde9da98b27b25c83d9d362b1a8c,20cecc9854b94ea3deddf50ea2a02c71bbcfbedcef76a91b70aba0c3cc58683b
abl__mixed_complex__w/o_interaction_gate__seed7__ep06,mixed_complex_component_ablation,mixed_complex,w/o interaction gate,existing_current_table7,7,6,4,100,20,ON,0.1,1,0,0,0,45.770377,51.489093,1.020296,21.7085,23.0095,0.9435,0.770592,0.748943,0,0.80907,0.77495,0.252815,0.9425,1.5806,3.03,12,0.2525,7902174b29cabd2882cf480113cd94012873c306a91f3a9870d82f10d87b55fb,6ab462282254dde9da98b27b25c83d9d362b1a8c,20cecc9854b94ea3deddf50ea2a02c71bbcfbedcef76a91b70aba0c3cc58683b
abl__mixed_complex__w/o_interaction_gate__seed7__ep07,mixed_complex_component_ablation,mixed_complex,w/o interaction gate,existing_current_table7,7,7,4,100,20,ON,0.1,1,0,0,0,44.272595,49.494112,1.216299,21.5977,22.9467,0.9412,0.767466,0.684836,1,0.792049,0.832411,0.300762,0.7145,1.6814,2.24,12,0.186667,7902174b29cabd2882cf480113cd94012873c306a91f3a9870d82f10d87b55fb,6ab462282254dde9da98b27b25c83d9d362b1a8c,20cecc9854b94ea3deddf50ea2a02c71bbcfbedcef76a91b70aba0c3cc58683b
abl__mixed_complex__w/o_interaction_gate__seed7__ep08,mixed_complex_component_ablation,mixed_complex,w/o interaction gate,existing_current_table7,7,8,4,100,20,ON,0.1,1,0,0,0,45.192782,50.128895,1.103727,21.4804,23.1823,0.9266,0.763025,0.696836,0,0.775237,0.766097,0.291876,0.7728,1.4241,1.59,12,0.1325,7902174b29cabd2882cf480113cd94012873c306a91f3a9870d82f10d87b55fb,6ab462282254dde9da98b27b25c83d9d362b1a8c,20cecc9854b94ea3deddf50ea2a02c71bbcfbedcef76a91b70aba0c3cc58683b
abl__mixed_complex__w/o_interaction_gate__seed7__ep09,mixed_complex_component_ablation,mixed_complex,w/o interaction gate,existing_current_table7,7,9,4,100,20,ON,0.1,1,0,0,0,46.36781,50.905337,0.948678,21.6375,22.9642,0.9422,0.792956,0.75371,0,0.879068,0.7676,0.298836,0.7163,1.4625,3.23,12,0.269167,7902174b29cabd2882cf480113cd94012873c306a91f3a9870d82f10d87b55fb,6ab462282254dde9da98b27b25c83d9d362b1a8c,20cecc9854b94ea3deddf50ea2a02c71bbcfbedcef76a91b70aba0c3cc58683b
abl__mixed_complex__w/o_conflict_coordinator__seed0__ep00,mixed_complex_component_ablation,mixed_complex,w/o conflict coordinator,existing_current_table7,0,0,4,100,20,ON,0.1,1,0,0,0,46.432954,48.997622,1.103895,21.235,23.0091,0.9229,0.792533,0.754296,1,0.790862,0.825285,0.286757,0.9198,1.3305,1.63,12,0.135833,9664d591de99412588178f9c8e57534ac7416fb08bd2e9bd004eb91366775649,6ab462282254dde9da98b27b25c83d9d362b1a8c,7fe59b24ed7fd7da7e6f9718b5a8a55bf51685de4bf16539d576b18d185d8e6f
abl__mixed_complex__w/o_conflict_coordinator__seed0__ep01,mixed_complex_component_ablation,mixed_complex,w/o conflict coordinator,existing_current_table7,0,1,4,100,20,ON,0.1,1,0,0,0,47.776771,48.977622,0.932202,21.5595,23.1342,0.9319,0.774313,0.716556,1,0.810795,0.809849,0.318923,0.8802,1.3684,3.38,12,0.281667,9664d591de99412588178f9c8e57534ac7416fb08bd2e9bd004eb91366775649,6ab462282254dde9da98b27b25c83d9d362b1a8c,7fe59b24ed7fd7da7e6f9718b5a8a55bf51685de4bf16539d576b18d185d8e6f
abl__mixed_complex__w/o_conflict_coordinator__seed0__ep02,mixed_complex_component_ablation,mixed_complex,w/o conflict coordinator,existing_current_table7,0,2,4,100,20,ON,0.1,1,0,0,0,47.091667,48.987622,1.013672,21.7916,22.9326,0.9502,0.800442,0.756009,2,0.779637,0.775701,0.317973,0.775,1.6482,3.31,12,0.275833,9664d591de99412588178f9c8e57534ac7416fb08bd2e9bd004eb91366775649,6ab462282254dde9da98b27b25c83d9d362b1a8c,7fe59b24ed7fd7da7e6f9718b5a8a55bf51685de4bf16539d576b18d185d8e6f
abl__mixed_complex__w/o_conflict_coordinator__seed0__ep03,mixed_complex_component_ablation,mixed_complex,w/o conflict coordinator,existing_current_table7,0,3,4,100,20,ON,0.1,1,0,0,0,49.179499,48.987622,1.034874,21.4845,23.0527,0.932,0.793314,0.742851,1,0.775827,0.806075,0.304239,0.7816,1.5743,2.9,12,0.241667,9664d591de99412588178f9c8e57534ac7416fb08bd2e9bd004eb91366775649,6ab462282254dde9da98b27b25c83d9d362b1a8c,7fe59b24ed7fd7da7e6f9718b5a8a55bf51685de4bf16539d576b18d185d8e6f
abl__mixed_complex__w/o_conflict_coordinator__seed0__ep04,mixed_complex_component_ablation,mixed_complex,w/o conflict coordinator,existing_current_table7,0,4,4,100,20,ON,0.1,1,0,0,0,46.552455,48.987622,0.808495,21.7262,23.1777,0.9374,0.769653,0.718157,0,0.745465,0.767541,0.305626,0.7068,1.4659,2.88,12,0.24,9664d591de99412588178f9c8e57534ac7416fb08bd2e9bd004eb91366775649,6ab462282254dde9da98b27b25c83d9d362b1a8c,7fe59b24ed7fd7da7e6f9718b5a8a55bf51685de4bf16539d576b18d185d8e6f
abl__mixed_complex__w/o_conflict_coordinator__seed0__ep05,mixed_complex_component_ablation,mixed_complex,w/o conflict coordinator,existing_current_table7,0,5,4,100,20,ON,0.1,1,0,0,0,47.586854,48.987622,0.992488,21.2227,23.1388,0.9172,0.814887,0.729815,1,0.793409,0.823753,0.312383,0.913,1.3306,2.39,12,0.199167,9664d591de99412588178f9c8e57534ac7416fb08bd2e9bd004eb91366775649,6ab462282254dde9da98b27b25c83d9d362b1a8c,7fe59b24ed7fd7da7e6f9718b5a8a55bf51685de4bf16539d576b18d185d8e6f
abl__mixed_complex__w/o_conflict_coordinator__seed0__ep06,mixed_complex_component_ablation,mixed_complex,w/o conflict coordinator,existing_current_table7,0,6,4,100,20,ON,0.1,1,0,0,0,43.530481,48.987622,0.95629,21.718,22.9948,0.9445,0.799899,0.723961,1,0.79576,0.801537,0.295685,0.7194,1.5592,2.91,12,0.2425,9664d591de99412588178f9c8e57534ac7416fb08bd2e9bd004eb91366775649,6ab462282254dde9da98b27b25c83d9d362b1a8c,7fe59b24ed7fd7da7e6f9718b5a8a55bf51685de4bf16539d576b18d185d8e6f
abl__mixed_complex__w/o_conflict_coordinator__seed0__ep07,mixed_complex_component_ablation,mixed_complex,w/o conflict coordinator,existing_current_table7,0,7,4,100,20,ON,0.1,1,0,0,0,47.665108,48.987622,0.896079,21.3136,23.0529,0.9246,0.802461,0.68512,1,0.780456,0.778488,0.333695,0.8004,1.5609,2.99,12,0.249167,9664d591de99412588178f9c8e57534ac7416fb08bd2e9bd004eb91366775649,6ab462282254dde9da98b27b25c83d9d362b1a8c,7fe59b24ed7fd7da7e6f9718b5a8a55bf51685de4bf16539d576b18d185d8e6f
abl__mixed_complex__w/o_conflict_coordinator__seed0__ep08,mixed_complex_component_ablation,mixed_complex,w/o conflict coordinator,existing_current_table7,0,8,4,100,20,ON,0.1,1,0,0,0,46.933093,48.987622,1.104492,21.7591,22.9902,0.9465,0.782206,0.721069,1,0.746212,0.820129,0.321728,0.9958,1.4013,2.77,12,0.230833,9664d591de99412588178f9c8e57534ac7416fb08bd2e9bd004eb91366775649,6ab462282254dde9da98b27b25c83d9d362b1a8c,7fe59b24ed7fd7da7e6f9718b5a8a55bf51685de4bf16539d576b18d185d8e6f
abl__mixed_complex__w/o_conflict_coordinator__seed0__ep09,mixed_complex_component_ablation,mixed_complex,w/o conflict coordinator,existing_current_table7,0,9,4,100,20,ON,0.1,1,0,0,0,52.432252,48.987622,1.025274,21.6032,23.0095,0.9389,0.811507,0.723184,2,0.699095,0.831855,0.314092,0.9054,1.4897,2.93,12,0.244167,9664d591de99412588178f9c8e57534ac7416fb08bd2e9bd004eb91366775649,6ab462282254dde9da98b27b25c83d9d362b1a8c,7fe59b24ed7fd7da7e6f9718b5a8a55bf51685de4bf16539d576b18d185d8e6f
abl__mixed_complex__w/o_conflict_coordinator__seed1__ep00,mixed_complex_component_ablation,mixed_complex,w/o conflict coordinator,existing_current_table7,1,0,4,100,20,ON,0.1,1,0,0,0,47.387021,49.33194,0.774882,21.7046,22.9948,0.9439,0.788076,0.732248,0,0.826984,0.791318,0.300866,0.9611,1.4708,3.17,12,0.264167,2369dd2930f2417ced8062d33ba81d20acf0aa9c1745d69f2fa73c8b377da2c7,6ab462282254dde9da98b27b25c83d9d362b1a8c,7fe59b24ed7fd7da7e6f9718b5a8a55bf51685de4bf16539d576b18d185d8e6f
abl__mixed_complex__w/o_conflict_coordinator__seed1__ep01,mixed_complex_component_ablation,mixed_complex,w/o conflict coordinator,existing_current_table7,1,1,4,100,20,ON,0.1,1,0,0,0,43.92986,48.205731,0.655166,21.3482,23.1388,0.9226,0.77076,0.737254,0,0.792729,0.822683,0.308618,0.8986,1.5788,3.32,12,0.276667,2369dd2930f2417ced8062d33ba81d20acf0aa9c1745d69f2fa73c8b377da2c7,6ab462282254dde9da98b27b25c83d9d362b1a8c,7fe59b24ed7fd7da7e6f9718b5a8a55bf51685de4bf16539d576b18d185d8e6f
abl__mixed_complex__w/o_conflict_coordinator__seed1__ep02,mixed_complex_component_ablation,mixed_complex,w/o conflict coordinator,existing_current_table7,1,2,4,100,20,ON,0.1,1,0,0,0,48.884376,49.575039,0.793575,21.2567,22.8845,0.9289,0.787021,0.729778,1,0.834182,0.839018,0.283644,0.7646,1.6858,2.59,12,0.215833,2369dd2930f2417ced8062d33ba81d20acf0aa9c1745d69f2fa73c8b377da2c7,6ab462282254dde9da98b27b25c83d9d362b1a8c,7fe59b24ed7fd7da7e6f9718b5a8a55bf51685de4bf16539d576b18d185d8e6f
abl__mixed_complex__w/o_conflict_coordinator__seed1__ep03,mixed_complex_component_ablation,mixed_complex,w/o conflict coordinator,existing_current_table7,1,3,4,100,20,ON,0.1,1,0,0,0,46.830162,48.724176,0.647046,21.7137,23.1154,0.9394,0.787153,0.718336,0,0.847079,0.83299,0.301772,0.7105,1.3159,1.62,12,0.135,2369dd2930f2417ced8062d33ba81d20acf0aa9c1745d69f2fa73c8b377da2c7,6ab462282254dde9da98b27b25c83d9d362b1a8c,7fe59b24ed7fd7da7e6f9718b5a8a55bf51685de4bf16539d576b18d185d8e6f
abl__mixed_complex__w/o_conflict_coordinator__seed1__ep04,mixed_complex_component_ablation,mixed_complex,w/o conflict coordinator,existing_current_table7,1,4,4,100,20,ON,0.1,1,0,0,0,46.198385,46.817958,0.661578,21.3584,22.9467,0.9308,0.792949,0.74921,2,0.844915,0.771796,0.299109,0.9441,1.3486,1.92,12,0.16,2369dd2930f2417ced8062d33ba81d20acf0aa9c1745d69f2fa73c8b377da2c7,6ab462282254dde9da98b27b25c83d9d362b1a8c,7fe59b24ed7fd7da7e6f9718b5a8a55bf51685de4bf16539d576b18d185d8e6f
abl__mixed_complex__w/o_conflict_coordinator__seed1__ep05,mixed_complex_component_ablation,mixed_complex,w/o conflict coordinator,existing_current_table7,1,5,4,100,20,ON,0.1,1,0,0,0,42.863118,50.712811,0.734293,21.219,23.1777,0.9155,0.803567,0.724811,2,0.810261,0.769583,0.313997,0.81,1.4138,2.46,12,0.205,2369dd2930f2417ced8062d33ba81d20acf0aa9c1745d69f2fa73c8b377da2c7,6ab462282254dde9da98b27b25c83d9d362b1a8c,7fe59b24ed7fd7da7e6f9718b5a8a55bf51685de4bf16539d576b18d185d8e6f
abl__mixed_complex__w/o_conflict_coordinator__seed1__ep06,mixed_complex_component_ablation,mixed_complex,w/o conflict coordinator,existing_current_table7,1,6,4,100,20,ON,0.1,1,0,0,0,46.233424,47.782272,0.757213,21.495,23.1195,0.9297,0.804914,0.70006,0,0.822196,0.833662,0.338816,0.7806,1.4883,2.84,12,0.236667,2369dd2930f2417ced8062d33ba81d20acf0aa9c1745d69f2fa73c8b377da2c7,6ab462282254dde9da98b27b25c83d9d362b1a8c,7fe59b24ed7fd7da7e6f9718b5a8a55bf51685de4bf16539d576b18d185d8e6f
abl__mixed_complex__w/o_conflict_coordinator__seed1__ep07,mixed_complex_component_ablation,mixed_complex,w/o conflict coordinator,existing_current_table7,1,7,4,100,20,ON,0.1,1,0,0,0,51.16094,52.095807,0.733479,21.3911,23.0527,0.9279,0.787747,0.709691,1,0.784232,0.812063,0.309406,0.749,1.5256,1.9,12,0.158333,2369dd2930f2417ced8062d33ba81d20acf0aa9c1745d69f2fa73c8b377da2c7,6ab462282254dde9da98b27b25c83d9d362b1a8c,7fe59b24ed7fd7da7e6f9718b5a8a55bf51685de4bf16539d576b18d185d8e6f
abl__mixed_complex__w/o_conflict_coordinator__seed1__ep08,mixed_complex_component_ablation,mixed_complex,w/o conflict coordinator,existing_current_table7,1,8,4,100,20,ON,0.1,1,0,0,0,46.096107,47.787203,0.782396,21.2805,23.2011,0.9172,0.790579,0.6803,2,0.840852,0.801196,0.313312,0.8607,1.5262,2.99,12,0.249167,2369dd2930f2417ced8062d33ba81d20acf0aa9c1745d69f2fa73c8b377da2c7,6ab462282254dde9da98b27b25c83d9d362b1a8c,7fe59b24ed7fd7da7e6f9718b5a8a55bf51685de4bf16539d576b18d185d8e6f
abl__mixed_complex__w/o_conflict_coordinator__seed1__ep09,mixed_complex_component_ablation,mixed_complex,w/o conflict coordinator,existing_current_table7,1,9,4,100,20,ON,0.1,1,0,0,0,48.660508,48.820536,0.88608,21.5495,23.0529,0.9348,0.785857,0.723052,1,0.853334,0.790529,0.308884,0.909,1.5135,2.49,12,0.2075,2369dd2930f2417ced8062d33ba81d20acf0aa9c1745d69f2fa73c8b377da2c7,6ab462282254dde9da98b27b25c83d9d362b1a8c,7fe59b24ed7fd7da7e6f9718b5a8a55bf51685de4bf16539d576b18d185d8e6f
abl__mixed_complex__w/o_conflict_coordinator__seed2__ep00,mixed_complex_component_ablation,mixed_complex,w/o conflict coordinator,existing_current_table7,2,0,4,100,20,ON,0.1,1,0,0,0,46.056487,50.165867,0.670416,21.387,22.9323,0.9326,0.778388,0.723174,1,0.820572,0.815396,0.357679,0.8165,1.5411,3.4,12,0.283333,e8f07dbafaf6c3ce8447ca14081549b77b05268ee03deb1e037224f16c7f9970,6ab462282254dde9da98b27b25c83d9d362b1a8c,7fe59b24ed7fd7da7e6f9718b5a8a55bf51685de4bf16539d576b18d185d8e6f
abl__mixed_complex__w/o_conflict_coordinator__seed2__ep01,mixed_complex_component_ablation,mixed_complex,w/o conflict coordinator,existing_current_table7,2,1,4,100,20,ON,0.1,1,0,0,0,47.294879,50.145867,0.789567,21.5918,23.0576,0.9364,0.776247,0.684,1,0.804608,0.770655,0.326628,0.7471,1.5995,2.67,12,0.2225,e8f07dbafaf6c3ce8447ca14081549b77b05268ee03deb1e037224f16c7f9970,6ab462282254dde9da98b27b25c83d9d362b1a8c,7fe59b24ed7fd7da7e6f9718b5a8a55bf51685de4bf16539d576b18d185d8e6f
abl__mixed_complex__w/o_conflict_coordinator__seed2__ep02,mixed_complex_component_ablation,mixed_complex,w/o conflict coordinator,existing_current_table7,2,2,4,100,20,ON,0.1,1,0,0,0,50.260415,50.155867,0.930775,21.7557,22.947,0.9481,0.79568,0.736863,1,0.786903,0.813094,0.315337,0.7731,1.5897,2.3,12,0.191667,e8f07dbafaf6c3ce8447ca14081549b77b05268ee03deb1e037224f16c7f9970,6ab462282254dde9da98b27b25c83d9d362b1a8c,7fe59b24ed7fd7da7e6f9718b5a8a55bf51685de4bf16539d576b18d185d8e6f
abl__mixed_complex__w/o_conflict_coordinator__seed2__ep03,mixed_complex_component_ablation,mixed_complex,w/o conflict coordinator,existing_current_table7,2,3,4,100,20,ON,0.1,1,0,0,0,43.499336,50.155867,0.836122,21.4612,23.1966,0.9252,0.799182,0.705172,1,0.797807,0.814038,0.307504,0.8229,1.6126,2.55,12,0.2125,e8f07dbafaf6c3ce8447ca14081549b77b05268ee03deb1e037224f16c7f9970,6ab462282254dde9da98b27b25c83d9d362b1a8c,7fe59b24ed7fd7da7e6f9718b5a8a55bf51685de4bf16539d576b18d185d8e6f
abl__mixed_complex__w/o_conflict_coordinator__seed2__ep04,mixed_complex_component_ablation,mixed_complex,w/o conflict coordinator,existing_current_table7,2,4,4,100,20,ON,0.1,1,0,0,0,48.330956,50.155867,0.946051,21.4337,22.8654,0.9374,0.806234,0.700546,1,0.82731,0.771453,0.323493,0.8542,1.6722,3.32,12,0.276667,e8f07dbafaf6c3ce8447ca14081549b77b05268ee03deb1e037224f16c7f9970,6ab462282254dde9da98b27b25c83d9d362b1a8c,7fe59b24ed7fd7da7e6f9718b5a8a55bf51685de4bf16539d576b18d185d8e6f
abl__mixed_complex__w/o_conflict_coordinator__seed2__ep05,mixed_complex_component_ablation,mixed_complex,w/o conflict coordinator,existing_current_table7,2,5,4,100,20,ON,0.1,1,0,0,0,46.628566,50.155867,0.994598,21.5288,23.1342,0.9306,0.766182,0.685721,1,0.843759,0.764106,0.319998,0.7644,1.5914,1.67,12,0.139167,e8f07dbafaf6c3ce8447ca14081549b77b05268ee03deb1e037224f16c7f9970,6ab462282254dde9da98b27b25c83d9d362b1a8c,7fe59b24ed7fd7da7e6f9718b5a8a55bf51685de4bf16539d576b18d185d8e6f
abl__mixed_complex__w/o_conflict_coordinator__seed2__ep06,mixed_complex_component_ablation,mixed_complex,w/o conflict coordinator,existing_current_table7,2,6,4,100,20,ON,0.1,1,0,0,0,44.282057,50.155867,1.091571,21.736,23.1823,0.9376,0.805307,0.757801,0,0.838363,0.798455,0.301946,0.7162,1.3742,2.13,12,0.1775,e8f07dbafaf6c3ce8447ca14081549b77b05268ee03deb1e037224f16c7f9970,6ab462282254dde9da98b27b25c83d9d362b1a8c,7fe59b24ed7fd7da7e6f9718b5a8a55bf51685de4bf16539d576b18d185d8e6f
abl__mixed_complex__w/o_conflict_coordinator__seed2__ep07,mixed_complex_component_ablation,mixed_complex,w/o conflict coordinator,existing_current_table7,2,7,4,100,20,ON,0.1,1,0,0,0,48.230519,50.155867,0.918288,21.4513,22.9902,0.9331,0.773115,0.734325,2,0.783529,0.802227,0.31923,0.8597,1.3738,2.32,12,0.193333,e8f07dbafaf6c3ce8447ca14081549b77b05268ee03deb1e037224f16c7f9970,6ab462282254dde9da98b27b25c83d9d362b1a8c,7fe59b24ed7fd7da7e6f9718b5a8a55bf51685de4bf16539d576b18d185d8e6f
abl__mixed_complex__w/o_conflict_coordinator__seed2__ep08,mixed_complex_component_ablation,mixed_complex,w/o conflict coordinator,existing_current_table7,2,8,4,100,20,ON,0.1,1,0,0,0,46.633708,50.155867,0.832419,21.5031,23.0529,0.9328,0.7897,0.736962,0,0.795451,0.822378,0.332876,0.9681,1.3037,1.67,12,0.139167,e8f07dbafaf6c3ce8447ca14081549b77b05268ee03deb1e037224f16c7f9970,6ab462282254dde9da98b27b25c83d9d362b1a8c,7fe59b24ed7fd7da7e6f9718b5a8a55bf51685de4bf16539d576b18d185d8e6f
abl__mixed_complex__w/o_conflict_coordinator__seed2__ep09,mixed_complex_component_ablation,mixed_complex,w/o conflict coordinator,existing_current_table7,2,9,4,100,20,ON,0.1,1,0,0,0,47.464965,50.155867,0.987781,21.5497,23.2401,0.9273,0.787448,0.694198,1,0.810495,0.783508,0.328081,0.7945,1.3826,3,12,0.25,e8f07dbafaf6c3ce8447ca14081549b77b05268ee03deb1e037224f16c7f9970,6ab462282254dde9da98b27b25c83d9d362b1a8c,7fe59b24ed7fd7da7e6f9718b5a8a55bf51685de4bf16539d576b18d185d8e6f
abl__mixed_complex__w/o_conflict_coordinator__seed3__ep00,mixed_complex_component_ablation,mixed_complex,w/o conflict coordinator,existing_current_table7,3,0,4,100,20,ON,0.1,1,0,0,0,44.416508,50.963847,1.181564,21.2397,23.1823,0.9162,0.788845,0.685205,0,0.856727,0.823336,0.321494,0.8957,1.4095,1.58,12,0.131667,9066dc4f62d696bcdf7ce8e590ccb8f03872df1d6cbbfb1e6bc26302af623ae7,6ab462282254dde9da98b27b25c83d9d362b1a8c,7fe59b24ed7fd7da7e6f9718b5a8a55bf51685de4bf16539d576b18d185d8e6f
abl__mixed_complex__w/o_conflict_coordinator__seed3__ep01,mixed_complex_component_ablation,mixed_complex,w/o conflict coordinator,existing_current_table7,3,1,4,100,20,ON,0.1,1,0,0,0,46.778929,50.943847,1.171813,21.6406,22.9467,0.9431,0.772361,0.721828,0,0.80648,0.8279,0.294727,0.781,1.5849,2.64,12,0.22,9066dc4f62d696bcdf7ce8e590ccb8f03872df1d6cbbfb1e6bc26302af623ae7,6ab462282254dde9da98b27b25c83d9d362b1a8c,7fe59b24ed7fd7da7e6f9718b5a8a55bf51685de4bf16539d576b18d185d8e6f
abl__mixed_complex__w/o_conflict_coordinator__seed3__ep02,mixed_complex_component_ablation,mixed_complex,w/o conflict coordinator,existing_current_table7,3,2,4,100,20,ON,0.1,1,0,0,0,49.479577,50.953847,0.889412,21.2571,23.1777,0.9171,0.77923,0.754529,1,0.857629,0.831628,0.286045,0.8811,1.6747,2.27,12,0.189167,9066dc4f62d696bcdf7ce8e590ccb8f03872df1d6cbbfb1e6bc26302af623ae7,6ab462282254dde9da98b27b25c83d9d362b1a8c,7fe59b24ed7fd7da7e6f9718b5a8a55bf51685de4bf16539d576b18d185d8e6f
abl__mixed_complex__w/o_conflict_coordinator__seed3__ep03,mixed_complex_component_ablation,mixed_complex,w/o conflict coordinator,existing_current_table7,3,3,4,100,20,ON,0.1,1,0,0,0,50.414268,50.953847,1.471639,21.363,23.1388,0.9233,0.800336,0.748249,0,0.822709,0.828068,0.311145,0.779,1.3971,2.86,12,0.238333,9066dc4f62d696bcdf7ce8e590ccb8f03872df1d6cbbfb1e6bc26302af623ae7,6ab462282254dde9da98b27b25c83d9d362b1a8c,7fe59b24ed7fd7da7e6f9718b5a8a55bf51685de4bf16539d576b18d185d8e6f
abl__mixed_complex__w/o_conflict_coordinator__seed3__ep04,mixed_complex_component_ablation,mixed_complex,w/o conflict coordinator,existing_current_table7,3,4,4,100,20,ON,0.1,1,0,0,0,51.733302,50.953847,0.997367,21.3419,23.1342,0.9225,0.786895,0.69021,1,0.850974,0.784147,0.305244,0.8034,1.4239,3.44,12,0.286667,9066dc4f62d696bcdf7ce8e590ccb8f03872df1d6cbbfb1e6bc26302af623ae7,6ab462282254dde9da98b27b25c83d9d362b1a8c,7fe59b24ed7fd7da7e6f9718b5a8a55bf51685de4bf16539d576b18d185d8e6f
abl__mixed_complex__w/o_conflict_coordinator__seed3__ep05,mixed_complex_component_ablation,mixed_complex,w/o conflict coordinator,existing_current_table7,3,5,4,100,20,ON,0.1,1,0,0,0,47.209903,50.953847,1.255565,21.4584,23.0092,0.9326,0.771472,0.744391,1,0.863562,0.797669,0.281471,0.9823,1.6748,2.23,12,0.185833,9066dc4f62d696bcdf7ce8e590ccb8f03872df1d6cbbfb1e6bc26302af623ae7,6ab462282254dde9da98b27b25c83d9d362b1a8c,7fe59b24ed7fd7da7e6f9718b5a8a55bf51685de4bf16539d576b18d185d8e6f
abl__mixed_complex__w/o_conflict_coordinator__seed3__ep06,mixed_complex_component_ablation,mixed_complex,w/o conflict coordinator,existing_current_table7,3,6,4,100,20,ON,0.1,1,0,0,0,47.54199,50.953847,0.981742,21.3835,23.0719,0.9268,0.78717,0.698567,1,0.813175,0.836991,0.302729,0.7378,1.4825,2.56,12,0.213333,9066dc4f62d696bcdf7ce8e590ccb8f03872df1d6cbbfb1e6bc26302af623ae7,6ab462282254dde9da98b27b25c83d9d362b1a8c,7fe59b24ed7fd7da7e6f9718b5a8a55bf51685de4bf16539d576b18d185d8e6f
abl__mixed_complex__w/o_conflict_coordinator__seed3__ep07,mixed_complex_component_ablation,mixed_complex,w/o conflict coordinator,existing_current_table7,3,7,4,100,20,ON,0.1,1,0,0,0,47.203061,50.953847,0.966208,21.4523,23.0573,0.9304,0.786992,0.726868,1,0.81924,0.77319,0.316412,0.8587,1.362,1.56,12,0.13,9066dc4f62d696bcdf7ce8e590ccb8f03872df1d6cbbfb1e6bc26302af623ae7,6ab462282254dde9da98b27b25c83d9d362b1a8c,7fe59b24ed7fd7da7e6f9718b5a8a55bf51685de4bf16539d576b18d185d8e6f
abl__mixed_complex__w/o_conflict_coordinator__seed3__ep08,mixed_complex_component_ablation,mixed_complex,w/o conflict coordinator,existing_current_table7,3,8,4,100,20,ON,0.1,1,0,0,0,48.880907,50.953847,1.050813,21.2726,23.1151,0.9203,0.802024,0.717594,0,0.87879,0.816107,0.290096,0.9264,1.3146,3,12,0.25,9066dc4f62d696bcdf7ce8e590ccb8f03872df1d6cbbfb1e6bc26302af623ae7,6ab462282254dde9da98b27b25c83d9d362b1a8c,7fe59b24ed7fd7da7e6f9718b5a8a55bf51685de4bf16539d576b18d185d8e6f
abl__mixed_complex__w/o_conflict_coordinator__seed3__ep09,mixed_complex_component_ablation,mixed_complex,w/o conflict coordinator,existing_current_table7,3,9,4,100,20,ON,0.1,1,0,0,0,46.544412,50.953847,1.356685,21.6689,23.0576,0.9398,0.779879,0.696311,1,0.822668,0.772983,0.315495,0.8521,1.4952,2.71,12,0.225833,9066dc4f62d696bcdf7ce8e590ccb8f03872df1d6cbbfb1e6bc26302af623ae7,6ab462282254dde9da98b27b25c83d9d362b1a8c,7fe59b24ed7fd7da7e6f9718b5a8a55bf51685de4bf16539d576b18d185d8e6f
abl__mixed_complex__w/o_conflict_coordinator__seed4__ep00,mixed_complex_component_ablation,mixed_complex,w/o conflict coordinator,existing_current_table7,4,0,4,100,20,ON,0.1,1,0,0,0,46.555447,48.37267,1.044153,21.5343,23.0526,0.9341,0.776107,0.720278,1,0.754338,0.764669,0.297172,0.8093,1.6203,2.78,12,0.231667,29b87204da4c4c302c62cb8542da116f023a0c17ed9b70f2a5fc797cc74dd538,6ab462282254dde9da98b27b25c83d9d362b1a8c,7fe59b24ed7fd7da7e6f9718b5a8a55bf51685de4bf16539d576b18d185d8e6f
abl__mixed_complex__w/o_conflict_coordinator__seed4__ep01,mixed_complex_component_ablation,mixed_complex,w/o conflict coordinator,existing_current_table7,4,1,4,100,20,ON,0.1,1,0,0,0,47.047523,47.305,0.855048,21.3391,23.0529,0.9257,0.761683,0.691259,1,0.856771,0.794946,0.307252,0.9011,1.4652,2.34,12,0.195,29b87204da4c4c302c62cb8542da116f023a0c17ed9b70f2a5fc797cc74dd538,6ab462282254dde9da98b27b25c83d9d362b1a8c,7fe59b24ed7fd7da7e6f9718b5a8a55bf51685de4bf16539d576b18d185d8e6f
abl__mixed_complex__w/o_conflict_coordinator__seed4__ep02,mixed_complex_component_ablation,mixed_complex,w/o conflict coordinator,existing_current_table7,4,2,4,100,20,ON,0.1,1,0,0,0,47.131222,50.713753,0.804288,21.3334,22.9904,0.9279,0.771522,0.68754,0,0.825762,0.782189,0.319282,0.8967,1.3128,2.25,12,0.1875,29b87204da4c4c302c62cb8542da116f023a0c17ed9b70f2a5fc797cc74dd538,6ab462282254dde9da98b27b25c83d9d362b1a8c,7fe59b24ed7fd7da7e6f9718b5a8a55bf51685de4bf16539d576b18d185d8e6f
abl__mixed_complex__w/o_conflict_coordinator__seed4__ep03,mixed_complex_component_ablation,mixed_complex,w/o conflict coordinator,existing_current_table7,4,3,4,100,20,ON,0.1,1,0,0,0,43.378527,51.04919,1.075468,21.7084,23.0141,0.9433,0.76082,0.720641,1,0.794923,0.775455,0.317563,0.9019,1.5181,3.01,12,0.250833,29b87204da4c4c302c62cb8542da116f023a0c17ed9b70f2a5fc797cc74dd538,6ab462282254dde9da98b27b25c83d9d362b1a8c,7fe59b24ed7fd7da7e6f9718b5a8a55bf51685de4bf16539d576b18d185d8e6f
abl__mixed_complex__w/o_conflict_coordinator__seed4__ep04,mixed_complex_component_ablation,mixed_complex,w/o conflict coordinator,existing_current_table7,4,4,4,100,20,ON,0.1,1,0,0,0,46.484655,48.531351,0.655486,21.7595,22.7771,0.9553,0.782034,0.718585,0,0.843692,0.81565,0.308858,0.8229,1.4622,2.83,12,0.235833,29b87204da4c4c302c62cb8542da116f023a0c17ed9b70f2a5fc797cc74dd538,6ab462282254dde9da98b27b25c83d9d362b1a8c,7fe59b24ed7fd7da7e6f9718b5a8a55bf51685de4bf16539d576b18d185d8e6f
abl__mixed_complex__w/o_conflict_coordinator__seed4__ep05,mixed_complex_component_ablation,mixed_complex,w/o conflict coordinator,existing_current_table7,4,5,4,100,20,ON,0.1,1,0,0,0,43.358671,51.498704,0.786423,21.2123,23.0095,0.9219,0.755312,0.724782,1,0.828469,0.812716,0.327747,0.7749,1.3384,2.34,12,0.195,29b87204da4c4c302c62cb8542da116f023a0c17ed9b70f2a5fc797cc74dd538,6ab462282254dde9da98b27b25c83d9d362b1a8c,7fe59b24ed7fd7da7e6f9718b5a8a55bf51685de4bf16539d576b18d185d8e6f
abl__mixed_complex__w/o_conflict_coordinator__seed4__ep06,mixed_complex_component_ablation,mixed_complex,w/o conflict coordinator,existing_current_table7,4,6,4,100,20,ON,0.1,1,0,0,0,43.177573,47.808599,0.758835,21.3916,23.0576,0.9277,0.790002,0.748864,1,0.807272,0.797658,0.311994,0.9924,1.6098,1.73,12,0.144167,29b87204da4c4c302c62cb8542da116f023a0c17ed9b70f2a5fc797cc74dd538,6ab462282254dde9da98b27b25c83d9d362b1a8c,7fe59b24ed7fd7da7e6f9718b5a8a55bf51685de4bf16539d576b18d185d8e6f
abl__mixed_complex__w/o_conflict_coordinator__seed4__ep07,mixed_complex_component_ablation,mixed_complex,w/o conflict coordinator,existing_current_table7,4,7,4,100,20,ON,0.1,1,0,0,0,47.705381,50.697588,0.838229,21.2011,23.2011,0.9138,0.784911,0.720765,0,0.800327,0.794374,0.299147,0.8219,1.6797,2.01,12,0.1675,29b87204da4c4c302c62cb8542da116f023a0c17ed9b70f2a5fc797cc74dd538,6ab462282254dde9da98b27b25c83d9d362b1a8c,7fe59b24ed7fd7da7e6f9718b5a8a55bf51685de4bf16539d576b18d185d8e6f
abl__mixed_complex__w/o_conflict_coordinator__seed4__ep08,mixed_complex_component_ablation,mixed_complex,w/o conflict coordinator,existing_current_table7,4,8,4,100,20,ON,0.1,1,0,0,0,45.67384,47.730188,1.09989,21.5183,23.0716,0.9327,0.774429,0.738751,0,0.83387,0.791032,0.30487,0.8751,1.6365,2.37,12,0.1975,29b87204da4c4c302c62cb8542da116f023a0c17ed9b70f2a5fc797cc74dd538,6ab462282254dde9da98b27b25c83d9d362b1a8c,7fe59b24ed7fd7da7e6f9718b5a8a55bf51685de4bf16539d576b18d185d8e6f
abl__mixed_complex__w/o_conflict_coordinator__seed4__ep09,mixed_complex_component_ablation,mixed_complex,w/o conflict coordinator,existing_current_table7,4,9,4,100,20,ON,0.1,1,0,0,0,47.959722,51.00038,0.963531,21.2688,23.1342,0.9194,0.774257,0.705308,1,0.742929,0.778521,0.296914,0.8626,1.3247,2.73,12,0.2275,29b87204da4c4c302c62cb8542da116f023a0c17ed9b70f2a5fc797cc74dd538,6ab462282254dde9da98b27b25c83d9d362b1a8c,7fe59b24ed7fd7da7e6f9718b5a8a55bf51685de4bf16539d576b18d185d8e6f
abl__mixed_complex__w/o_conflict_coordinator__seed5__ep00,mixed_complex_component_ablation,mixed_complex,w/o conflict coordinator,existing_current_table7,5,0,4,100,20,ON,0.1,1,0,0,0,48.526991,49.385696,1.041541,21.7332,23.1966,0.9369,0.772703,0.729437,2,0.753719,0.800801,0.261284,0.9451,1.3771,3.01,12,0.250833,363a3a607574d9abaa66b9dca0fa4424f89362ebd4dd45b595b8a3ab0f546686,6ab462282254dde9da98b27b25c83d9d362b1a8c,7fe59b24ed7fd7da7e6f9718b5a8a55bf51685de4bf16539d576b18d185d8e6f
abl__mixed_complex__w/o_conflict_coordinator__seed5__ep01,mixed_complex_component_ablation,mixed_complex,w/o conflict coordinator,existing_current_table7,5,1,4,100,20,ON,0.1,1,0,0,0,47.816792,48.337386,0.744863,21.6359,23.1154,0.936,0.757281,0.753512,1,0.845036,0.811333,0.297476,0.9332,1.4966,1.57,12,0.130833,363a3a607574d9abaa66b9dca0fa4424f89362ebd4dd45b595b8a3ab0f546686,6ab462282254dde9da98b27b25c83d9d362b1a8c,7fe59b24ed7fd7da7e6f9718b5a8a55bf51685de4bf16539d576b18d185d8e6f
abl__mixed_complex__w/o_conflict_coordinator__seed5__ep02,mixed_complex_component_ablation,mixed_complex,w/o conflict coordinator,existing_current_table7,5,2,4,100,20,ON,0.1,1,0,0,0,48.46831,49.333829,0.593618,21.6873,23.0527,0.9408,0.775391,0.708561,2,0.803958,0.764198,0.257968,0.878,1.5403,3.11,12,0.259167,363a3a607574d9abaa66b9dca0fa4424f89362ebd4dd45b595b8a3ab0f546686,6ab462282254dde9da98b27b25c83d9d362b1a8c,7fe59b24ed7fd7da7e6f9718b5a8a55bf51685de4bf16539d576b18d185d8e6f
abl__mixed_complex__w/o_conflict_coordinator__seed5__ep03,mixed_complex_component_ablation,mixed_complex,w/o conflict coordinator,existing_current_table7,5,3,4,100,20,ON,0.1,1,0,0,0,47.748082,48.037297,1.004842,21.4602,22.9467,0.9352,0.774357,0.75302,1,0.801778,0.78291,0.279766,0.9028,1.6632,2.42,12,0.201667,363a3a607574d9abaa66b9dca0fa4424f89362ebd4dd45b595b8a3ab0f546686,6ab462282254dde9da98b27b25c83d9d362b1a8c,7fe59b24ed7fd7da7e6f9718b5a8a55bf51685de4bf16539d576b18d185d8e6f
abl__mixed_complex__w/o_conflict_coordinator__seed5__ep04,mixed_complex_component_ablation,mixed_complex,w/o conflict coordinator,existing_current_table7,5,4,4,100,20,ON,0.1,1,0,0,0,49.955122,50.40085,0.997227,21.711,23.1198,0.9391,0.755894,0.755007,0,0.815148,0.83195,0.309301,0.7451,1.3905,2.53,12,0.210833,363a3a607574d9abaa66b9dca0fa4424f89362ebd4dd45b595b8a3ab0f546686,6ab462282254dde9da98b27b25c83d9d362b1a8c,7fe59b24ed7fd7da7e6f9718b5a8a55bf51685de4bf16539d576b18d185d8e6f
abl__mixed_complex__w/o_conflict_coordinator__seed5__ep05,mixed_complex_component_ablation,mixed_complex,w/o conflict coordinator,existing_current_table7,5,5,4,100,20,ON,0.1,1,0,0,0,44.840633,48.637945,1.257779,21.2743,22.9279,0.9279,0.777613,0.71497,1,0.827098,0.785026,0.278767,0.832,1.6415,2.6,12,0.216667,363a3a607574d9abaa66b9dca0fa4424f89362ebd4dd45b595b8a3ab0f546686,6ab462282254dde9da98b27b25c83d9d362b1a8c,7fe59b24ed7fd7da7e6f9718b5a8a55bf51685de4bf16539d576b18d185d8e6f
abl__mixed_complex__w/o_conflict_coordinator__seed5__ep06,mixed_complex_component_ablation,mixed_complex,w/o conflict coordinator,existing_current_table7,5,6,4,100,20,ON,0.1,1,0,0,0,47.54896,48.639915,1.001006,21.5113,23.1342,0.9298,0.7611,0.729398,0,0.851001,0.77501,0.272327,0.8856,1.6751,1.98,12,0.165,363a3a607574d9abaa66b9dca0fa4424f89362ebd4dd45b595b8a3ab0f546686,6ab462282254dde9da98b27b25c83d9d362b1a8c,7fe59b24ed7fd7da7e6f9718b5a8a55bf51685de4bf16539d576b18d185d8e6f
abl__mixed_complex__w/o_conflict_coordinator__seed5__ep07,mixed_complex_component_ablation,mixed_complex,w/o conflict coordinator,existing_current_table7,5,7,4,100,20,ON,0.1,1,0,0,0,46.515712,47.845645,1.023917,21.2713,23.2401,0.9153,0.763477,0.692506,1,0.79059,0.770582,0.269271,0.8323,1.3846,2.35,12,0.195833,363a3a607574d9abaa66b9dca0fa4424f89362ebd4dd45b595b8a3ab0f546686,6ab462282254dde9da98b27b25c83d9d362b1a8c,7fe59b24ed7fd7da7e6f9718b5a8a55bf51685de4bf16539d576b18d185d8e6f
abl__mixed_complex__w/o_conflict_coordinator__seed5__ep08,mixed_complex_component_ablation,mixed_complex,w/o conflict coordinator,existing_current_table7,5,8,4,100,20,ON,0.1,1,0,0,0,47.90233,50.083732,0.835792,21.467,23.2445,0.9235,0.7787,0.73247,2,0.786064,0.795816,0.293242,0.9254,1.515,2.04,12,0.17,363a3a607574d9abaa66b9dca0fa4424f89362ebd4dd45b595b8a3ab0f546686,6ab462282254dde9da98b27b25c83d9d362b1a8c,7fe59b24ed7fd7da7e6f9718b5a8a55bf51685de4bf16539d576b18d185d8e6f
abl__mixed_complex__w/o_conflict_coordinator__seed5__ep09,mixed_complex_component_ablation,mixed_complex,w/o conflict coordinator,existing_current_table7,5,9,4,100,20,ON,0.1,1,0,0,0,45.76842,47.859713,0.797647,21.6191,22.7817,0.949,0.792869,0.73579,0,0.74357,0.817336,0.283941,0.7506,1.3093,2.11,12,0.175833,363a3a607574d9abaa66b9dca0fa4424f89362ebd4dd45b595b8a3ab0f546686,6ab462282254dde9da98b27b25c83d9d362b1a8c,7fe59b24ed7fd7da7e6f9718b5a8a55bf51685de4bf16539d576b18d185d8e6f
abl__mixed_complex__w/o_conflict_coordinator__seed6__ep00,mixed_complex_component_ablation,mixed_complex,w/o conflict coordinator,existing_current_table7,6,0,4,100,20,ON,0.1,1,0,0,0,47.229948,50.593563,0.713416,21.5817,22.9018,0.9424,0.782853,0.714281,1,0.827132,0.815077,0.307495,0.95,1.5767,1.88,12,0.156667,a9adffdee78648565e530e1d3c4325b67699c21b6053cf4fb62c076e18e07328,6ab462282254dde9da98b27b25c83d9d362b1a8c,7fe59b24ed7fd7da7e6f9718b5a8a55bf51685de4bf16539d576b18d185d8e6f
abl__mixed_complex__w/o_conflict_coordinator__seed6__ep01,mixed_complex_component_ablation,mixed_complex,w/o conflict coordinator,existing_current_table7,6,1,4,100,20,ON,0.1,1,0,0,0,45.895179,49.651574,0.61571,21.6109,23.0095,0.9392,0.810797,0.716635,1,0.892346,0.772886,0.279996,0.7625,1.4497,2.23,12,0.185833,a9adffdee78648565e530e1d3c4325b67699c21b6053cf4fb62c076e18e07328,6ab462282254dde9da98b27b25c83d9d362b1a8c,7fe59b24ed7fd7da7e6f9718b5a8a55bf51685de4bf16539d576b18d185d8e6f
abl__mixed_complex__w/o_conflict_coordinator__seed6__ep02,mixed_complex_component_ablation,mixed_complex,w/o conflict coordinator,existing_current_table7,6,2,4,100,20,ON,0.1,1,0,0,0,45.415174,49.67362,0.592507,21.6301,23.1777,0.9332,0.768736,0.705914,1,0.823369,0.839915,0.324897,0.7667,1.3769,2.36,12,0.196667,a9adffdee78648565e530e1d3c4325b67699c21b6053cf4fb62c076e18e07328,6ab462282254dde9da98b27b25c83d9d362b1a8c,7fe59b24ed7fd7da7e6f9718b5a8a55bf51685de4bf16539d576b18d185d8e6f
abl__mixed_complex__w/o_conflict_coordinator__seed6__ep03,mixed_complex_component_ablation,mixed_complex,w/o conflict coordinator,existing_current_table7,6,3,4,100,20,ON,0.1,1,0,0,0,50.891004,51.283286,0.575104,21.3187,22.9692,0.9281,0.780542,0.752941,2,0.807304,0.805559,0.270146,0.9947,1.4972,3.31,12,0.275833,a9adffdee78648565e530e1d3c4325b67699c21b6053cf4fb62c076e18e07328,6ab462282254dde9da98b27b25c83d9d362b1a8c,7fe59b24ed7fd7da7e6f9718b5a8a55bf51685de4bf16539d576b18d185d8e6f
abl__mixed_complex__w/o_conflict_coordinator__seed6__ep04,mixed_complex_component_ablation,mixed_complex,w/o conflict coordinator,existing_current_table7,6,4,4,100,20,ON,0.1,1,0,0,0,45.725057,48.271511,0.582795,21.5827,22.8654,0.9439,0.768719,0.728931,1,0.804759,0.769615,0.282876,0.9521,1.3528,2.52,12,0.21,a9adffdee78648565e530e1d3c4325b67699c21b6053cf4fb62c076e18e07328,6ab462282254dde9da98b27b25c83d9d362b1a8c,7fe59b24ed7fd7da7e6f9718b5a8a55bf51685de4bf16539d576b18d185d8e6f
abl__mixed_complex__w/o_conflict_coordinator__seed6__ep05,mixed_complex_component_ablation,mixed_complex,w/o conflict coordinator,existing_current_table7,6,5,4,100,20,ON,0.1,1,0,0,0,46.295811,50.364278,0.645855,21.7646,23.1342,0.9408,0.794216,0.719452,0,0.81677,0.819226,0.292652,0.7702,1.5046,2.95,12,0.245833,a9adffdee78648565e530e1d3c4325b67699c21b6053cf4fb62c076e18e07328,6ab462282254dde9da98b27b25c83d9d362b1a8c,7fe59b24ed7fd7da7e6f9718b5a8a55bf51685de4bf16539d576b18d185d8e6f
abl__mixed_complex__w/o_conflict_coordinator__seed6__ep06,mixed_complex_component_ablation,mixed_complex,w/o conflict coordinator,existing_current_table7,6,6,4,100,20,ON,0.1,1,0,0,0,45.289785,52.108753,0.624857,21.5205,23.1777,0.9285,0.779428,0.707862,2,0.840511,0.800068,0.281456,0.7125,1.5052,1.84,12,0.153333,a9adffdee78648565e530e1d3c4325b67699c21b6053cf4fb62c076e18e07328,6ab462282254dde9da98b27b25c83d9d362b1a8c,7fe59b24ed7fd7da7e6f9718b5a8a55bf51685de4bf16539d576b18d185d8e6f
abl__mixed_complex__w/o_conflict_coordinator__seed6__ep07,mixed_complex_component_ablation,mixed_complex,w/o conflict coordinator,existing_current_table7,6,7,4,100,20,ON,0.1,1,0,0,0,42.996961,50.133581,0.651325,21.7962,22.822,0.9551,0.808607,0.682007,1,0.872465,0.819146,0.327713,0.929,1.3718,2.25,12,0.1875,a9adffdee78648565e530e1d3c4325b67699c21b6053cf4fb62c076e18e07328,6ab462282254dde9da98b27b25c83d9d362b1a8c,7fe59b24ed7fd7da7e6f9718b5a8a55bf51685de4bf16539d576b18d185d8e6f
abl__mixed_complex__w/o_conflict_coordinator__seed6__ep08,mixed_complex_component_ablation,mixed_complex,w/o conflict coordinator,existing_current_table7,6,8,4,100,20,ON,0.1,1,0,0,0,43.074161,50.897693,0.710391,21.2895,23.1342,0.9203,0.772733,0.711842,0,0.84028,0.772323,0.295581,0.8159,1.6768,3.45,12,0.2875,a9adffdee78648565e530e1d3c4325b67699c21b6053cf4fb62c076e18e07328,6ab462282254dde9da98b27b25c83d9d362b1a8c,7fe59b24ed7fd7da7e6f9718b5a8a55bf51685de4bf16539d576b18d185d8e6f
abl__mixed_complex__w/o_conflict_coordinator__seed6__ep09,mixed_complex_component_ablation,mixed_complex,w/o conflict coordinator,existing_current_table7,6,9,4,100,20,ON,0.1,1,0,0,0,47.129645,50.059336,0.762178,21.3215,23.1195,0.9222,0.777038,0.697871,0,0.823262,0.801451,0.275733,0.8064,1.4688,1.96,12,0.163333,a9adffdee78648565e530e1d3c4325b67699c21b6053cf4fb62c076e18e07328,6ab462282254dde9da98b27b25c83d9d362b1a8c,7fe59b24ed7fd7da7e6f9718b5a8a55bf51685de4bf16539d576b18d185d8e6f
abl__mixed_complex__w/o_conflict_coordinator__seed7__ep00,mixed_complex_component_ablation,mixed_complex,w/o conflict coordinator,existing_current_table7,7,0,4,100,20,ON,0.1,1,0,0,0,48.42215,51.075141,1.370371,21.2526,22.9279,0.9269,0.772198,0.712465,0,0.763365,0.768282,0.258462,0.88,1.6465,2.47,12,0.205833,a2d4b2f4c83dab28ccd47a924e438f58395e8a8b76bfe1bf3d4594ebf4ec6ecd,6ab462282254dde9da98b27b25c83d9d362b1a8c,7fe59b24ed7fd7da7e6f9718b5a8a55bf51685de4bf16539d576b18d185d8e6f
abl__mixed_complex__w/o_conflict_coordinator__seed7__ep01,mixed_complex_component_ablation,mixed_complex,w/o conflict coordinator,existing_current_table7,7,1,4,100,20,ON,0.1,1,0,0,0,48.716169,49.126688,0.930004,21.2292,23.0095,0.9226,0.787673,0.754091,1,0.717066,0.797083,0.289235,0.99,1.3019,2.8,12,0.233333,a2d4b2f4c83dab28ccd47a924e438f58395e8a8b76bfe1bf3d4594ebf4ec6ecd,6ab462282254dde9da98b27b25c83d9d362b1a8c,7fe59b24ed7fd7da7e6f9718b5a8a55bf51685de4bf16539d576b18d185d8e6f
abl__mixed_complex__w/o_conflict_coordinator__seed7__ep02,mixed_complex_component_ablation,mixed_complex,w/o conflict coordinator,existing_current_table7,7,2,4,100,20,ON,0.1,1,0,0,0,46.760939,50.390276,1.163441,21.3751,23.0893,0.9258,0.789877,0.718859,1,0.765944,0.825679,0.271352,0.7128,1.3184,3.25,12,0.270833,a2d4b2f4c83dab28ccd47a924e438f58395e8a8b76bfe1bf3d4594ebf4ec6ecd,6ab462282254dde9da98b27b25c83d9d362b1a8c,7fe59b24ed7fd7da7e6f9718b5a8a55bf51685de4bf16539d576b18d185d8e6f
abl__mixed_complex__w/o_conflict_coordinator__seed7__ep03,mixed_complex_component_ablation,mixed_complex,w/o conflict coordinator,existing_current_table7,7,3,4,100,20,ON,0.1,1,0,0,0,44.616232,51.652699,1.119925,21.4713,23.0576,0.9312,0.788166,0.746011,0,0.830187,0.798412,0.284217,0.9349,1.5285,2.15,12,0.179167,a2d4b2f4c83dab28ccd47a924e438f58395e8a8b76bfe1bf3d4594ebf4ec6ecd,6ab462282254dde9da98b27b25c83d9d362b1a8c,7fe59b24ed7fd7da7e6f9718b5a8a55bf51685de4bf16539d576b18d185d8e6f
abl__mixed_complex__w/o_conflict_coordinator__seed7__ep04,mixed_complex_component_ablation,mixed_complex,w/o conflict coordinator,existing_current_table7,7,4,4,100,20,ON,0.1,1,0,0,0,47.629963,50.124629,1.239373,21.2418,23.1777,0.9165,0.813061,0.731753,0,0.788861,0.774649,0.279785,0.746,1.6541,2.82,12,0.235,a2d4b2f4c83dab28ccd47a924e438f58395e8a8b76bfe1bf3d4594ebf4ec6ecd,6ab462282254dde9da98b27b25c83d9d362b1a8c,7fe59b24ed7fd7da7e6f9718b5a8a55bf51685de4bf16539d576b18d185d8e6f
abl__mixed_complex__w/o_conflict_coordinator__seed7__ep05,mixed_complex_component_ablation,mixed_complex,w/o conflict coordinator,existing_current_table7,7,5,4,100,20,ON,0.1,1,0,0,0,45.818931,51.159168,1.241045,21.3295,23.0716,0.9245,0.770594,0.729125,1,0.772452,0.831087,0.294689,0.9698,1.699,3.32,12,0.276667,a2d4b2f4c83dab28ccd47a924e438f58395e8a8b76bfe1bf3d4594ebf4ec6ecd,6ab462282254dde9da98b27b25c83d9d362b1a8c,7fe59b24ed7fd7da7e6f9718b5a8a55bf51685de4bf16539d576b18d185d8e6f
abl__mixed_complex__w/o_conflict_coordinator__seed7__ep06,mixed_complex_component_ablation,mixed_complex,w/o conflict coordinator,existing_current_table7,7,6,4,100,20,ON,0.1,1,0,0,0,48.27394,51.871348,1.0332,21.6777,23.0095,0.9421,0.775112,0.748351,0,0.759186,0.797888,0.24228,0.9622,1.5146,3.13,12,0.260833,a2d4b2f4c83dab28ccd47a924e438f58395e8a8b76bfe1bf3d4594ebf4ec6ecd,6ab462282254dde9da98b27b25c83d9d362b1a8c,7fe59b24ed7fd7da7e6f9718b5a8a55bf51685de4bf16539d576b18d185d8e6f
abl__mixed_complex__w/o_conflict_coordinator__seed7__ep07,mixed_complex_component_ablation,mixed_complex,w/o conflict coordinator,existing_current_table7,7,7,4,100,20,ON,0.1,1,0,0,0,45.735529,51.367348,0.93056,21.7791,22.9467,0.9491,0.799689,0.706522,1,0.765174,0.818069,0.271355,0.9098,1.3522,2.04,12,0.17,a2d4b2f4c83dab28ccd47a924e438f58395e8a8b76bfe1bf3d4594ebf4ec6ecd,6ab462282254dde9da98b27b25c83d9d362b1a8c,7fe59b24ed7fd7da7e6f9718b5a8a55bf51685de4bf16539d576b18d185d8e6f
abl__mixed_complex__w/o_conflict_coordinator__seed7__ep08,mixed_complex_component_ablation,mixed_complex,w/o conflict coordinator,existing_current_table7,7,8,4,100,20,ON,0.1,1,0,0,0,47.865123,51.400288,1.400926,21.4233,23.1823,0.9241,0.794138,0.723425,1,0.787316,0.826694,0.273967,0.9286,1.6658,2.09,12,0.174167,a2d4b2f4c83dab28ccd47a924e438f58395e8a8b76bfe1bf3d4594ebf4ec6ecd,6ab462282254dde9da98b27b25c83d9d362b1a8c,7fe59b24ed7fd7da7e6f9718b5a8a55bf51685de4bf16539d576b18d185d8e6f
abl__mixed_complex__w/o_conflict_coordinator__seed7__ep09,mixed_complex_component_ablation,mixed_complex,w/o conflict coordinator,existing_current_table7,7,9,4,100,20,ON,0.1,1,0,0,0,46.344607,52.698951,0.903567,21.2445,22.9642,0.9251,0.77284,0.736838,1,0.760899,0.839486,0.254818,0.7393,1.3154,3.01,12,0.250833,a2d4b2f4c83dab28ccd47a924e438f58395e8a8b76bfe1bf3d4594ebf4ec6ecd,6ab462282254dde9da98b27b25c83d9d362b1a8c,7fe59b24ed7fd7da7e6f9718b5a8a55bf51685de4bf16539d576b18d185d8e6f
